scene,condition_id,requested_range_m,requested_bearing_deg,actual_range_m,actual_bearing_deg,measured_range_m,measured_bearing_deg,valid,full_visibility,range_error_m,bearing_error_deg,inference_ms,stamp_sec,stamp_nanosec
camera_calibration,0,1.0,-30.0,1.0000000001866818,-29.99999999382462,0.9714306195900567,-23.30671287106977,True,False,-0.02856938059662506,6.69328712275485,7.527557849884033,2,50000000
camera_calibration,0,1.0,-30.0,1.0000000001866818,-29.99999999382462,0.9714306195900567,-23.30671287106977,True,False,-0.02856938059662506,6.69328712275485,7.337699890136719,2,115000000
camera_calibration,0,1.0,-30.0,1.0000000001866818,-29.99999999382462,0.9714306195900567,-23.30671287106977,True,False,-0.02856938059662506,6.69328712275485,5.185351848602295,2,180000000
camera_calibration,0,1.0,-30.0,1.0000000001866818,-29.99999999382462,0.9714306195900567,-23.30671287106977,True,False,-0.02856938059662506,6.69328712275485,5.185351848602295,2,245000000
camera_calibration,0,1.0,-30.0,1.0000000001866818,-29.99999999382462,0.9714306195900567,-23.30671287106977,True,False,-0.02856938059662506,6.69328712275485,5.211484909057617,2,315000000
camera_calibration,0,1.0,-30.0,1.0000000001866818,-29.99999999382462,0.9714306195900567,-23.30671287106977,True,False,-0.02856938059662506,6.69328712275485,5.230326175689697,2,380000000
camera_calibration,0,1.0,-30.0,1.0000000001866818,-29.99999999382462,0.9714306195900567,-23.30671287106977,True,False,-0.02856938059662506,6.69328712275485,5.219192981719971,2,445000000
camera_calibration,0,1.0,-30.0,1.0000000001866818,-29.99999999382462,0.9714306195900567,-23.30671287106977,True,False,-0.02856938059662506,6.69328712275485,5.173614978790283,2,645000000
camera_calibration,0,1.0,-30.0,1.0000000001866818,-29.99999999382462,0.9714306195900567,-23.30671287106977,True,False,-0.02856938059662506,6.69328712275485,5.1943230628967285,2,710000000
camera_calibration,0,1.0,-30.0,1.0000000001866818,-29.99999999382462,0.9714306195900567,-23.30671287106977,True,False,-0.02856938059662506,6.69328712275485,5.143533229827881,2,775000000
camera_calibration,0,1.0,-30.0,1.0000000001866818,-29.99999999382462,0.9714306195900567,-23.30671287106977,True,False,-0.02856938059662506,6.69328712275485,5.396495819091797,2,840000000
camera_calibration,0,1.0,-30.0,1.0000000001866818,-29.99999999382462,0.9714306195900567,-23.30671287106977,True,False,-0.02856938059662506,6.69328712275485,5.396495819091797,2,905000000
camera_calibration,0,1.0,-30.0,1.0000000001866818,-29.99999999382462,0.9714306195900567,-23.30671287106977,True,False,-0.02856938059662506,6.69328712275485,6.77852201461792,2,975000000
camera_calibration,0,1.0,-30.0,1.0000000001866818,-29.99999999382462,0.9714306195900567,-23.30671287106977,True,False,-0.02856938059662506,6.69328712275485,5.636776924133301,3,40000000
camera_calibration,0,1.0,-30.0,1.0000000001866818,-29.99999999382462,0.9714306195900567,-23.30671287106977,True,False,-0.02856938059662506,6.69328712275485,5.545472145080566,3,105000000
camera_calibration,0,1.0,-30.0,1.0000000001866818,-29.99999999382462,0.9714306195900567,-23.30671287106977,True,False,-0.02856938059662506,6.69328712275485,6.411931037902832,3,170000000
camera_calibration,0,1.0,-30.0,1.0000000001866818,-29.99999999382462,0.9714306195900567,-23.30671287106977,True,False,-0.02856938059662506,6.69328712275485,7.129061222076416,3,235000000
camera_calibration,0,1.0,-30.0,1.0000000001866818,-29.99999999382462,0.9714306195900567,-23.30671287106977,True,False,-0.02856938059662506,6.69328712275485,7.129061222076416,3,305000000
camera_calibration,0,1.0,-30.0,1.0000000001866818,-29.99999999382462,0.9714306195900567,-23.30671287106977,True,False,-0.02856938059662506,6.69328712275485,5.225377082824707,3,370000000
camera_calibration,0,1.0,-30.0,1.0000000001866818,-29.99999999382462,0.9714306195900567,-23.30671287106977,True,False,-0.02856938059662506,6.69328712275485,7.339681148529053,3,435000000
camera_calibration,0,1.0,-30.0,1.0000000001866818,-29.99999999382462,0.9714306195900567,-23.30671287106977,True,False,-0.02856938059662506,6.69328712275485,7.190062046051025,3,500000000
camera_calibration,0,1.0,-30.0,1.0000000001866818,-29.99999999382462,0.9714306195900567,-23.30671287106977,True,False,-0.02856938059662506,6.69328712275485,5.21074104309082,3,565000000
camera_calibration,0,1.0,-30.0,1.0000000001866818,-29.99999999382462,0.9714306195900567,-23.30671287106977,True,False,-0.02856938059662506,6.69328712275485,5.229826927185059,3,635000000
camera_calibration,0,1.0,-30.0,1.0000000001866818,-29.99999999382462,0.9714306195900567,-23.30671287106977,True,False,-0.02856938059662506,6.69328712275485,7.013275146484375,3,700000000
camera_calibration,0,1.0,-30.0,1.0000000001866818,-29.99999999382462,0.9714306195900567,-23.30671287106977,True,False,-0.02856938059662506,6.69328712275485,7.053432941436768,3,765000000
camera_calibration,0,1.0,-30.0,1.0000000001866818,-29.99999999382462,0.9714306195900567,-23.30671287106977,True,False,-0.02856938059662506,6.69328712275485,5.292169094085693,3,895000000
camera_calibration,0,1.0,-30.0,1.0000000001866818,-29.99999999382462,0.9714306195900567,-23.30671287106977,True,False,-0.02856938059662506,6.69328712275485,5.067601203918457,3,965000000
camera_calibration,0,1.0,-30.0,1.0000000001866818,-29.99999999382462,0.9714306195900567,-23.30671287106977,True,False,-0.02856938059662506,6.69328712275485,5.0863938331604,4,30000000
camera_calibration,0,1.0,-30.0,1.0000000001866818,-29.99999999382462,0.9714306195900567,-23.30671287106977,True,False,-0.02856938059662506,6.69328712275485,5.19313907623291,4,95000000
camera_calibration,0,1.0,-30.0,1.0000000001866818,-29.99999999382462,0.9714306195900567,-23.30671287106977,True,False,-0.02856938059662506,6.69328712275485,5.344147205352783,4,160000000
camera_calibration,1,1.0,-20.0,1.000000000192401,-19.999999994422584,0.9728732123468746,-18.28973710769573,True,False,-0.027126787845526357,1.7102628867268557,5.258366107940674,4,555000000
camera_calibration,1,1.0,-20.0,1.000000000192401,-19.999999994422584,0.9728732123468746,-18.28973710769573,True,False,-0.027126787845526357,1.7102628867268557,6.483851909637451,4,625000000
camera_calibration,1,1.0,-20.0,1.000000000192401,-19.999999994422584,0.9728732123468746,-18.28973710769573,True,False,-0.027126787845526357,1.7102628867268557,7.296453952789307,4,690000000
camera_calibration,1,1.0,-20.0,1.000000000192401,-19.999999994422584,0.9728732123468746,-18.28973710769573,True,False,-0.027126787845526357,1.7102628867268557,7.466136932373047,4,755000000
camera_calibration,1,1.0,-20.0,1.000000000192401,-19.999999994422584,0.9728732123468746,-18.28973710769573,True,False,-0.027126787845526357,1.7102628867268557,5.415719032287598,4,820000000
camera_calibration,1,1.0,-20.0,1.000000000192401,-19.999999994422584,0.9728732123468746,-18.28973710769573,True,False,-0.027126787845526357,1.7102628867268557,5.2919511795043945,4,885000000
camera_calibration,1,1.0,-20.0,1.000000000192401,-19.999999994422584,0.9728732123468746,-18.28973710769573,True,False,-0.027126787845526357,1.7102628867268557,5.158224105834961,4,955000000
camera_calibration,1,1.0,-20.0,1.000000000192401,-19.999999994422584,0.9728732123468746,-18.28973710769573,True,False,-0.027126787845526357,1.7102628867268557,5.264710903167725,5,20000000
camera_calibration,1,1.0,-20.0,1.000000000192401,-19.999999994422584,0.9728732123468746,-18.28973710769573,True,False,-0.027126787845526357,1.7102628867268557,5.109663963317871,5,85000000
camera_calibration,1,1.0,-20.0,1.000000000192401,-19.999999994422584,0.9728732123468746,-18.28973710769573,True,False,-0.027126787845526357,1.7102628867268557,5.057571887969971,5,150000000
camera_calibration,1,1.0,-20.0,1.000000000192401,-19.999999994422584,0.9728732123468746,-18.28973710769573,True,False,-0.027126787845526357,1.7102628867268557,5.146519184112549,5,215000000
camera_calibration,1,1.0,-20.0,1.000000000192401,-19.999999994422584,0.9728732123468746,-18.28973710769573,True,False,-0.027126787845526357,1.7102628867268557,5.6137800216674805,5,285000000
camera_calibration,1,1.0,-20.0,1.000000000192401,-19.999999994422584,0.9728732123468746,-18.28973710769573,True,False,-0.027126787845526357,1.7102628867268557,5.1482038497924805,5,350000000
camera_calibration,1,1.0,-20.0,1.000000000192401,-19.999999994422584,0.9728732123468746,-18.28973710769573,True,False,-0.027126787845526357,1.7102628867268557,5.047365188598633,5,480000000
camera_calibration,1,1.0,-20.0,1.000000000192401,-19.999999994422584,0.9728732123468746,-18.28973710769573,True,False,-0.027126787845526357,1.7102628867268557,5.227176189422607,5,545000000
camera_calibration,1,1.0,-20.0,1.000000000192401,-19.999999994422584,0.9728732123468746,-18.28973710769573,True,False,-0.027126787845526357,1.7102628867268557,6.032352924346924,5,680000000
camera_calibration,1,1.0,-20.0,1.000000000192401,-19.999999994422584,0.9728732123468746,-18.28973710769573,True,False,-0.027126787845526357,1.7102628867268557,5.4869771003723145,5,745000000
camera_calibration,1,1.0,-20.0,1.000000000192401,-19.999999994422584,0.9728732123468746,-18.28973710769573,True,False,-0.027126787845526357,1.7102628867268557,5.605343818664551,5,810000000
camera_calibration,1,1.0,-20.0,1.000000000192401,-19.999999994422584,0.9728732123468746,-18.28973710769573,True,False,-0.027126787845526357,1.7102628867268557,7.172420978546143,5,945000000
camera_calibration,1,1.0,-20.0,1.000000000192401,-19.999999994422584,0.9728732123468746,-18.28973710769573,True,False,-0.027126787845526357,1.7102628867268557,5.833725929260254,6,10000000
camera_calibration,1,1.0,-20.0,1.000000000192401,-19.999999994422584,0.9728732123468746,-18.28973710769573,True,False,-0.027126787845526357,1.7102628867268557,7.383758068084717,6,75000000
camera_calibration,1,1.0,-20.0,1.000000000192401,-19.999999994422584,0.9728732123468746,-18.28973710769573,True,False,-0.027126787845526357,1.7102628867268557,7.331836223602295,6,140000000
camera_calibration,1,1.0,-20.0,1.000000000192401,-19.999999994422584,0.9728732123468746,-18.28973710769573,True,False,-0.027126787845526357,1.7102628867268557,7.03676700592041,6,205000000
camera_calibration,1,1.0,-20.0,1.000000000192401,-19.999999994422584,0.9728732123468746,-18.28973710769573,True,False,-0.027126787845526357,1.7102628867268557,5.069035053253174,6,275000000
camera_calibration,1,1.0,-20.0,1.000000000192401,-19.999999994422584,0.9728732123468746,-18.28973710769573,True,False,-0.027126787845526357,1.7102628867268557,7.179317951202393,6,340000000
camera_calibration,1,1.0,-20.0,1.000000000192401,-19.999999994422584,0.9728732123468746,-18.28973710769573,True,False,-0.027126787845526357,1.7102628867268557,5.0868940353393555,6,405000000
camera_calibration,1,1.0,-20.0,1.000000000192401,-19.999999994422584,0.9728732123468746,-18.28973710769573,True,False,-0.027126787845526357,1.7102628867268557,5.0868940353393555,6,470000000
camera_calibration,1,1.0,-20.0,1.000000000192401,-19.999999994422584,0.9728732123468746,-18.28973710769573,True,False,-0.027126787845526357,1.7102628867268557,5.0965142250061035,6,535000000
camera_calibration,1,1.0,-20.0,1.000000000192401,-19.999999994422584,0.9728732123468746,-18.28973710769573,True,False,-0.027126787845526357,1.7102628867268557,5.348996162414551,6,605000000
camera_calibration,1,1.0,-20.0,1.000000000192401,-19.999999994422584,0.9728732123468746,-18.28973710769573,True,False,-0.027126787845526357,1.7102628867268557,5.27252197265625,6,670000000
camera_calibration,2,1.0,-10.0,0.99999999999372,-10.000000001987427,0.9798038949759943,-9.972884454968188,True,False,-0.02019610501772573,0.027115547019239017,5.25248384475708,7,65000000
camera_calibration,2,1.0,-10.0,0.99999999999372,-10.000000001987427,0.9798038949759943,-9.972884454968188,True,False,-0.02019610501772573,0.027115547019239017,7.887303829193115,7,130000000
camera_calibration,2,1.0,-10.0,0.99999999999372,-10.000000001987427,0.9798038949759943,-9.972884454968188,True,False,-0.02019610501772573,0.027115547019239017,7.324700832366943,7,195000000
camera_calibration,2,1.0,-10.0,0.99999999999372,-10.000000001987427,0.9798038949759943,-9.972884454968188,True,False,-0.02019610501772573,0.027115547019239017,5.124590873718262,7,265000000
camera_calibration,2,1.0,-10.0,0.99999999999372,-10.000000001987427,0.9798038949759943,-9.972884454968188,True,False,-0.02019610501772573,0.027115547019239017,7.294281005859375,7,330000000
camera_calibration,2,1.0,-10.0,0.99999999999372,-10.000000001987427,0.9798038949759943,-9.972884454968188,True,False,-0.02019610501772573,0.027115547019239017,7.1896538734436035,7,395000000
camera_calibration,2,1.0,-10.0,0.99999999999372,-10.000000001987427,0.9798038949759943,-9.972884454968188,True,False,-0.02019610501772573,0.027115547019239017,7.089048862457275,7,460000000
camera_calibration,2,1.0,-10.0,0.99999999999372,-10.000000001987427,0.9798038949759943,-9.972884454968188,True,False,-0.02019610501772573,0.027115547019239017,5.235267162322998,7,525000000
camera_calibration,2,1.0,-10.0,0.99999999999372,-10.000000001987427,0.9798038949759943,-9.972884454968188,True,False,-0.02019610501772573,0.027115547019239017,5.0584330558776855,7,595000000
camera_calibration,2,1.0,-10.0,0.99999999999372,-10.000000001987427,0.9798038949759943,-9.972884454968188,True,False,-0.02019610501772573,0.027115547019239017,7.036965847015381,7,660000000
camera_calibration,2,1.0,-10.0,0.99999999999372,-10.000000001987427,0.9798038949759943,-9.972884454968188,True,False,-0.02019610501772573,0.027115547019239017,5.2947678565979,7,725000000
camera_calibration,2,1.0,-10.0,0.99999999999372,-10.000000001987427,0.9798038949759943,-9.972884454968188,True,False,-0.02019610501772573,0.027115547019239017,5.233366012573242,7,790000000
camera_calibration,2,1.0,-10.0,0.99999999999372,-10.000000001987427,0.9798038949759943,-9.972884454968188,True,False,-0.02019610501772573,0.027115547019239017,5.05656099319458,7,855000000
camera_calibration,2,1.0,-10.0,0.99999999999372,-10.000000001987427,0.9798038949759943,-9.972884454968188,True,False,-0.02019610501772573,0.027115547019239017,5.127452850341797,7,925000000
camera_calibration,2,1.0,-10.0,0.99999999999372,-10.000000001987427,0.9798038949759943,-9.972884454968188,True,False,-0.02019610501772573,0.027115547019239017,5.23543119430542,7,990000000
camera_calibration,2,1.0,-10.0,0.99999999999372,-10.000000001987427,0.9798038949759943,-9.972884454968188,True,False,-0.02019610501772573,0.027115547019239017,9.136488914489746,8,55000000
camera_calibration,2,1.0,-10.0,0.99999999999372,-10.000000001987427,0.9798038949759943,-9.972884454968188,True,False,-0.02019610501772573,0.027115547019239017,5.159412860870361,8,120000000
camera_calibration,2,1.0,-10.0,0.99999999999372,-10.000000001987427,0.9798038949759943,-9.972884454968188,True,False,-0.02019610501772573,0.027115547019239017,5.533106803894043,8,255000000
camera_calibration,2,1.0,-10.0,0.99999999999372,-10.000000001987427,0.9798038949759943,-9.972884454968188,True,False,-0.02019610501772573,0.027115547019239017,5.133111953735352,8,320000000
camera_calibration,2,1.0,-10.0,0.99999999999372,-10.000000001987427,0.9798038949759943,-9.972884454968188,True,False,-0.02019610501772573,0.027115547019239017,6.279901027679443,8,385000000
camera_calibration,2,1.0,-10.0,0.99999999999372,-10.000000001987427,0.9798038949759943,-9.972884454968188,True,False,-0.02019610501772573,0.027115547019239017,6.279901027679443,8,450000000
camera_calibration,2,1.0,-10.0,0.99999999999372,-10.000000001987427,0.9798038949759943,-9.972884454968188,True,False,-0.02019610501772573,0.027115547019239017,6.091312885284424,8,515000000
camera_calibration,2,1.0,-10.0,0.99999999999372,-10.000000001987427,0.9798038949759943,-9.972884454968188,True,False,-0.02019610501772573,0.027115547019239017,7.070268154144287,8,585000000
camera_calibration,2,1.0,-10.0,0.99999999999372,-10.000000001987427,0.9798038949759943,-9.972884454968188,True,False,-0.02019610501772573,0.027115547019239017,5.410754203796387,8,650000000
camera_calibration,2,1.0,-10.0,0.99999999999372,-10.000000001987427,0.9798038949759943,-9.972884454968188,True,False,-0.02019610501772573,0.027115547019239017,5.236800193786621,8,715000000
camera_calibration,2,1.0,-10.0,0.99999999999372,-10.000000001987427,0.9798038949759943,-9.972884454968188,True,False,-0.02019610501772573,0.027115547019239017,7.512728214263916,8,780000000
camera_calibration,2,1.0,-10.0,0.99999999999372,-10.000000001987427,0.9798038949759943,-9.972884454968188,True,False,-0.02019610501772573,0.027115547019239017,7.323269844055176,8,915000000
camera_calibration,2,1.0,-10.0,0.99999999999372,-10.000000001987427,0.9798038949759943,-9.972884454968188,True,False,-0.02019610501772573,0.027115547019239017,7.582592010498047,8,980000000
camera_calibration,2,1.0,-10.0,0.99999999999372,-10.000000001987427,0.9798038949759943,-9.972884454968188,True,False,-0.02019610501772573,0.027115547019239017,7.243039131164551,9,45000000
camera_calibration,2,1.0,-10.0,0.99999999999372,-10.000000001987427,0.9798038949759943,-9.972884454968188,True,False,-0.02019610501772573,0.027115547019239017,7.093783855438232,9,110000000
camera_calibration,3,1.0,0.0,1.0,0.0,,,False,True,,,,9,575000000
camera_calibration,3,1.0,0.0,1.0,0.0,,,False,True,,,,9,640000000
camera_calibration,3,1.0,0.0,1.0,0.0,,,False,True,,,,9,705000000
camera_calibration,3,1.0,0.0,1.0,0.0,,,False,True,,,,9,770000000
camera_calibration,3,1.0,0.0,1.0,0.0,,,False,True,,,,9,835000000
camera_calibration,3,1.0,0.0,1.0,0.0,,,False,True,,,,9,905000000
camera_calibration,3,1.0,0.0,1.0,0.0,,,False,True,,,,9,970000000
camera_calibration,3,1.0,0.0,1.0,0.0,,,False,True,,,,10,35000000
camera_calibration,3,1.0,0.0,1.0,0.0,,,False,True,,,,10,100000000
camera_calibration,3,1.0,0.0,1.0,0.0,,,False,True,,,,10,165000000
camera_calibration,3,1.0,0.0,1.0,0.0,,,False,True,,,,10,235000000
camera_calibration,3,1.0,0.0,1.0,0.0,,,False,True,,,,10,300000000
camera_calibration,3,1.0,0.0,1.0,0.0,,,False,True,,,,10,365000000
camera_calibration,3,1.0,0.0,1.0,0.0,,,False,True,,,,10,430000000
camera_calibration,3,1.0,0.0,1.0,0.0,,,False,True,,,,10,495000000
camera_calibration,3,1.0,0.0,1.0,0.0,,,False,True,,,,10,565000000
camera_calibration,3,1.0,0.0,1.0,0.0,,,False,True,,,,10,630000000
camera_calibration,3,1.0,0.0,1.0,0.0,,,False,True,,,,10,695000000
camera_calibration,3,1.0,0.0,1.0,0.0,,,False,True,,,,10,760000000
camera_calibration,3,1.0,0.0,1.0,0.0,,,False,True,,,,10,825000000
camera_calibration,3,1.0,0.0,1.0,0.0,,,False,True,,,,10,895000000
camera_calibration,3,1.0,0.0,1.0,0.0,,,False,True,,,,11,25000000
camera_calibration,3,1.0,0.0,1.0,0.0,,,False,True,,,,11,155000000
camera_calibration,3,1.0,0.0,1.0,0.0,,,False,True,,,,11,225000000
camera_calibration,3,1.0,0.0,1.0,0.0,,,False,True,,,,11,290000000
camera_calibration,3,1.0,0.0,1.0,0.0,,,False,True,,,,11,420000000
camera_calibration,3,1.0,0.0,1.0,0.0,,,False,True,,,,11,485000000
camera_calibration,3,1.0,0.0,1.0,0.0,,,False,True,,,,11,555000000
camera_calibration,3,1.0,0.0,1.0,0.0,,,False,True,,,,11,620000000
camera_calibration,3,1.0,0.0,1.0,0.0,,,False,True,,,,11,685000000
camera_calibration,4,1.0,10.0,0.99999999999372,10.000000001987427,,,False,False,,,,12,145000000
camera_calibration,4,1.0,10.0,0.99999999999372,10.000000001987427,,,False,False,,,,12,215000000
camera_calibration,4,1.0,10.0,0.99999999999372,10.000000001987427,,,False,False,,,,12,280000000
camera_calibration,4,1.0,10.0,0.99999999999372,10.000000001987427,,,False,False,,,,12,345000000
camera_calibration,4,1.0,10.0,0.99999999999372,10.000000001987427,,,False,False,,,,12,410000000
camera_calibration,4,1.0,10.0,0.99999999999372,10.000000001987427,,,False,False,,,,12,475000000
camera_calibration,4,1.0,10.0,0.99999999999372,10.000000001987427,,,False,False,,,,12,545000000
camera_calibration,4,1.0,10.0,0.99999999999372,10.000000001987427,,,False,False,,,,12,610000000
camera_calibration,4,1.0,10.0,0.99999999999372,10.000000001987427,,,False,False,,,,12,675000000
camera_calibration,4,1.0,10.0,0.99999999999372,10.000000001987427,,,False,False,,,,12,740000000
camera_calibration,4,1.0,10.0,0.99999999999372,10.000000001987427,,,False,False,,,,12,805000000
camera_calibration,4,1.0,10.0,0.99999999999372,10.000000001987427,,,False,False,,,,12,875000000
camera_calibration,4,1.0,10.0,0.99999999999372,10.000000001987427,,,False,False,,,,12,940000000
camera_calibration,4,1.0,10.0,0.99999999999372,10.000000001987427,,,False,False,,,,13,5000000
camera_calibration,4,1.0,10.0,0.99999999999372,10.000000001987427,,,False,False,,,,13,70000000
camera_calibration,4,1.0,10.0,0.99999999999372,10.000000001987427,,,False,False,,,,13,135000000
camera_calibration,4,1.0,10.0,0.99999999999372,10.000000001987427,,,False,False,,,,13,205000000
camera_calibration,4,1.0,10.0,0.99999999999372,10.000000001987427,,,False,False,,,,13,270000000
camera_calibration,4,1.0,10.0,0.99999999999372,10.000000001987427,,,False,False,,,,13,335000000
camera_calibration,4,1.0,10.0,0.99999999999372,10.000000001987427,,,False,False,,,,13,400000000
camera_calibration,4,1.0,10.0,0.99999999999372,10.000000001987427,,,False,False,,,,13,465000000
camera_calibration,4,1.0,10.0,0.99999999999372,10.000000001987427,,,False,False,,,,13,535000000
camera_calibration,4,1.0,10.0,0.99999999999372,10.000000001987427,,,False,False,,,,13,600000000
camera_calibration,4,1.0,10.0,0.99999999999372,10.000000001987427,,,False,False,,,,13,665000000
camera_calibration,4,1.0,10.0,0.99999999999372,10.000000001987427,,,False,False,,,,13,730000000
camera_calibration,4,1.0,10.0,0.99999999999372,10.000000001987427,,,False,False,,,,13,795000000
camera_calibration,4,1.0,10.0,0.99999999999372,10.000000001987427,,,False,False,,,,13,865000000
camera_calibration,4,1.0,10.0,0.99999999999372,10.000000001987427,,,False,False,,,,13,995000000
camera_calibration,4,1.0,10.0,0.99999999999372,10.000000001987427,,,False,False,,,,14,590000000
camera_calibration,4,1.0,10.0,0.99999999999372,10.000000001987427,,,False,False,,,,14,720000000
camera_calibration,5,1.0,20.0,1.000000000192401,19.999999994422584,0.9794594913547255,19.215000921417634,True,False,-0.020540508837675442,-0.7849990730049505,5.298783779144287,15,185000000
camera_calibration,5,1.0,20.0,1.000000000192401,19.999999994422584,0.9794594913547255,19.215000921417634,True,False,-0.020540508837675442,-0.7849990730049505,5.169826030731201,15,250000000
camera_calibration,5,1.0,20.0,1.000000000192401,19.999999994422584,0.9794594913547255,19.215000921417634,True,False,-0.020540508837675442,-0.7849990730049505,5.350419044494629,15,315000000
camera_calibration,5,1.0,20.0,1.000000000192401,19.999999994422584,0.9794594913547255,19.215000921417634,True,False,-0.020540508837675442,-0.7849990730049505,5.139094829559326,15,380000000
camera_calibration,5,1.0,20.0,1.000000000192401,19.999999994422584,0.9794594913547255,19.215000921417634,True,False,-0.020540508837675442,-0.7849990730049505,5.097250938415527,15,445000000
camera_calibration,5,1.0,20.0,1.000000000192401,19.999999994422584,0.9794594913547255,19.215000921417634,True,False,-0.020540508837675442,-0.7849990730049505,5.037068843841553,15,515000000
camera_calibration,5,1.0,20.0,1.000000000192401,19.999999994422584,0.9794594913547255,19.215000921417634,True,False,-0.020540508837675442,-0.7849990730049505,5.111713886260986,15,580000000
camera_calibration,5,1.0,20.0,1.000000000192401,19.999999994422584,0.9794594913547255,19.215000921417634,True,False,-0.020540508837675442,-0.7849990730049505,5.1246819496154785,15,645000000
camera_calibration,5,1.0,20.0,1.000000000192401,19.999999994422584,0.9794594913547255,19.215000921417634,True,False,-0.020540508837675442,-0.7849990730049505,5.291489124298096,15,710000000
camera_calibration,5,1.0,20.0,1.000000000192401,19.999999994422584,0.9794594913547255,19.215000921417634,True,False,-0.020540508837675442,-0.7849990730049505,5.783291816711426,15,775000000
camera_calibration,5,1.0,20.0,1.000000000192401,19.999999994422584,0.9794594913547255,19.215000921417634,True,False,-0.020540508837675442,-0.7849990730049505,5.759072780609131,15,845000000
camera_calibration,5,1.0,20.0,1.000000000192401,19.999999994422584,0.9794594913547255,19.215000921417634,True,False,-0.020540508837675442,-0.7849990730049505,5.458063125610352,15,910000000
camera_calibration,5,1.0,20.0,1.000000000192401,19.999999994422584,0.9794594913547255,19.215000921417634,True,False,-0.020540508837675442,-0.7849990730049505,5.5118727684021,15,975000000
camera_calibration,5,1.0,20.0,1.000000000192401,19.999999994422584,0.9794594913547255,19.215000921417634,True,False,-0.020540508837675442,-0.7849990730049505,5.184010982513428,16,40000000
camera_calibration,5,1.0,20.0,1.000000000192401,19.999999994422584,0.9794594913547255,19.215000921417634,True,False,-0.020540508837675442,-0.7849990730049505,6.97189998626709,16,105000000
camera_calibration,5,1.0,20.0,1.000000000192401,19.999999994422584,0.9794594913547255,19.215000921417634,True,False,-0.020540508837675442,-0.7849990730049505,7.6403069496154785,16,240000000
camera_calibration,5,1.0,20.0,1.000000000192401,19.999999994422584,0.9794594913547255,19.215000921417634,True,False,-0.020540508837675442,-0.7849990730049505,6.624139785766602,16,305000000
camera_calibration,5,1.0,20.0,1.000000000192401,19.999999994422584,0.9794594913547255,19.215000921417634,True,False,-0.020540508837675442,-0.7849990730049505,7.234939098358154,16,370000000
camera_calibration,5,1.0,20.0,1.000000000192401,19.999999994422584,0.9794594913547255,19.215000921417634,True,False,-0.020540508837675442,-0.7849990730049505,7.002696990966797,16,435000000
camera_calibration,5,1.0,20.0,1.000000000192401,19.999999994422584,0.9794594913547255,19.215000921417634,True,False,-0.020540508837675442,-0.7849990730049505,7.048443794250488,16,505000000
camera_calibration,5,1.0,20.0,1.000000000192401,19.999999994422584,0.9794594913547255,19.215000921417634,True,False,-0.020540508837675442,-0.7849990730049505,7.304566860198975,16,570000000
camera_calibration,5,1.0,20.0,1.000000000192401,19.999999994422584,0.9794594913547255,19.215000921417634,True,False,-0.020540508837675442,-0.7849990730049505,7.125942230224609,16,635000000
camera_calibration,5,1.0,20.0,1.000000000192401,19.999999994422584,0.9794594913547255,19.215000921417634,True,False,-0.020540508837675442,-0.7849990730049505,7.125942230224609,16,700000000
camera_calibration,5,1.0,20.0,1.000000000192401,19.999999994422584,0.9794594913547255,19.215000921417634,True,False,-0.020540508837675442,-0.7849990730049505,5.099671840667725,16,765000000
camera_calibration,5,1.0,20.0,1.000000000192401,19.999999994422584,0.9794594913547255,19.215000921417634,True,False,-0.020540508837675442,-0.7849990730049505,5.084406852722168,16,835000000
camera_calibration,5,1.0,20.0,1.000000000192401,19.999999994422584,0.9794594913547255,19.215000921417634,True,False,-0.020540508837675442,-0.7849990730049505,6.9517741203308105,16,900000000
camera_calibration,5,1.0,20.0,1.000000000192401,19.999999994422584,0.9794594913547255,19.215000921417634,True,False,-0.020540508837675442,-0.7849990730049505,5.254796028137207,16,965000000
camera_calibration,5,1.0,20.0,1.000000000192401,19.999999994422584,0.9794594913547255,19.215000921417634,True,False,-0.020540508837675442,-0.7849990730049505,5.139370918273926,17,30000000
camera_calibration,5,1.0,20.0,1.000000000192401,19.999999994422584,0.9794594913547255,19.215000921417634,True,False,-0.020540508837675442,-0.7849990730049505,5.075928211212158,17,95000000
camera_calibration,5,1.0,20.0,1.000000000192401,19.999999994422584,0.9794594913547255,19.215000921417634,True,False,-0.020540508837675442,-0.7849990730049505,5.24156379699707,17,165000000
camera_calibration,6,1.0,30.0,1.0000000001866818,29.99999999382462,0.9719131326848818,23.482812766088564,True,False,-0.028086867501800006,-6.517187227736056,5.146244049072266,17,560000000
camera_calibration,6,1.0,30.0,1.0000000001866818,29.99999999382462,0.9719131326848818,23.482812766088564,True,False,-0.028086867501800006,-6.517187227736056,6.443746089935303,17,625000000
camera_calibration,6,1.0,30.0,1.0000000001866818,29.99999999382462,0.9719131326848818,23.482812766088564,True,False,-0.028086867501800006,-6.517187227736056,6.394466876983643,17,690000000
camera_calibration,6,1.0,30.0,1.0000000001866818,29.99999999382462,0.9719131326848818,23.482812766088564,True,False,-0.028086867501800006,-6.517187227736056,5.162089824676514,17,755000000
camera_calibration,6,1.0,30.0,1.0000000001866818,29.99999999382462,0.9719131326848818,23.482812766088564,True,False,-0.028086867501800006,-6.517187227736056,5.1863322257995605,17,825000000
camera_calibration,6,1.0,30.0,1.0000000001866818,29.99999999382462,0.9719131326848818,23.482812766088564,True,False,-0.028086867501800006,-6.517187227736056,5.298782825469971,17,890000000
camera_calibration,6,1.0,30.0,1.0000000001866818,29.99999999382462,0.9719131326848818,23.482812766088564,True,False,-0.028086867501800006,-6.517187227736056,5.081960201263428,17,955000000
camera_calibration,6,1.0,30.0,1.0000000001866818,29.99999999382462,0.9719131326848818,23.482812766088564,True,False,-0.028086867501800006,-6.517187227736056,5.12326192855835,18,20000000
camera_calibration,6,1.0,30.0,1.0000000001866818,29.99999999382462,0.9719131326848818,23.482812766088564,True,False,-0.028086867501800006,-6.517187227736056,6.42114782333374,18,85000000
camera_calibration,6,1.0,30.0,1.0000000001866818,29.99999999382462,0.9719131326848818,23.482812766088564,True,False,-0.028086867501800006,-6.517187227736056,6.42114782333374,18,155000000
camera_calibration,6,1.0,30.0,1.0000000001866818,29.99999999382462,0.9719131326848818,23.482812766088564,True,False,-0.028086867501800006,-6.517187227736056,5.566771030426025,18,220000000
camera_calibration,6,1.0,30.0,1.0000000001866818,29.99999999382462,0.9719131326848818,23.482812766088564,True,False,-0.028086867501800006,-6.517187227736056,5.072514057159424,18,285000000
camera_calibration,6,1.0,30.0,1.0000000001866818,29.99999999382462,0.9719131326848818,23.482812766088564,True,False,-0.028086867501800006,-6.517187227736056,5.1754021644592285,18,350000000
camera_calibration,6,1.0,30.0,1.0000000001866818,29.99999999382462,0.9719131326848818,23.482812766088564,True,False,-0.028086867501800006,-6.517187227736056,5.267376899719238,18,415000000
camera_calibration,6,1.0,30.0,1.0000000001866818,29.99999999382462,0.9719131326848818,23.482812766088564,True,False,-0.028086867501800006,-6.517187227736056,5.323390007019043,18,485000000
camera_calibration,6,1.0,30.0,1.0000000001866818,29.99999999382462,0.9719131326848818,23.482812766088564,True,False,-0.028086867501800006,-6.517187227736056,5.554520130157471,18,550000000
camera_calibration,6,1.0,30.0,1.0000000001866818,29.99999999382462,0.9719131326848818,23.482812766088564,True,False,-0.028086867501800006,-6.517187227736056,5.430916786193848,18,615000000
camera_calibration,6,1.0,30.0,1.0000000001866818,29.99999999382462,0.9719131326848818,23.482812766088564,True,False,-0.028086867501800006,-6.517187227736056,5.487959861755371,18,680000000
camera_calibration,6,1.0,30.0,1.0000000001866818,29.99999999382462,0.9719131326848818,23.482812766088564,True,False,-0.028086867501800006,-6.517187227736056,7.374892234802246,18,745000000
camera_calibration,6,1.0,30.0,1.0000000001866818,29.99999999382462,0.9719131326848818,23.482812766088564,True,False,-0.028086867501800006,-6.517187227736056,5.177130222320557,18,815000000
camera_calibration,6,1.0,30.0,1.0000000001866818,29.99999999382462,0.9719131326848818,23.482812766088564,True,False,-0.028086867501800006,-6.517187227736056,5.525452136993408,18,880000000
camera_calibration,6,1.0,30.0,1.0000000001866818,29.99999999382462,0.9719131326848818,23.482812766088564,True,False,-0.028086867501800006,-6.517187227736056,8.386321067810059,18,945000000
camera_calibration,6,1.0,30.0,1.0000000001866818,29.99999999382462,0.9719131326848818,23.482812766088564,True,False,-0.028086867501800006,-6.517187227736056,7.049091815948486,19,10000000
camera_calibration,6,1.0,30.0,1.0000000001866818,29.99999999382462,0.9719131326848818,23.482812766088564,True,False,-0.028086867501800006,-6.517187227736056,7.206752777099609,19,75000000
camera_calibration,6,1.0,30.0,1.0000000001866818,29.99999999382462,0.9719131326848818,23.482812766088564,True,False,-0.028086867501800006,-6.517187227736056,5.20860481262207,19,145000000
camera_calibration,6,1.0,30.0,1.0000000001866818,29.99999999382462,0.9719131326848818,23.482812766088564,True,False,-0.028086867501800006,-6.517187227736056,7.1931610107421875,19,210000000
camera_calibration,6,1.0,30.0,1.0000000001866818,29.99999999382462,0.9719131326848818,23.482812766088564,True,False,-0.028086867501800006,-6.517187227736056,7.1455278396606445,19,275000000
camera_calibration,6,1.0,30.0,1.0000000001866818,29.99999999382462,0.9719131326848818,23.482812766088564,True,False,-0.028086867501800006,-6.517187227736056,5.049984931945801,19,340000000
camera_calibration,6,1.0,30.0,1.0000000001866818,29.99999999382462,0.9719131326848818,23.482812766088564,True,False,-0.028086867501800006,-6.517187227736056,5.086312770843506,19,405000000
camera_calibration,6,1.0,30.0,1.0000000001866818,29.99999999382462,0.9719131326848818,23.482812766088564,True,False,-0.028086867501800006,-6.517187227736056,5.046014785766602,19,475000000
camera_calibration,7,1.5,-30.0,1.5000000002800227,-29.99999999382462,1.4682280959089387,-26.556319116557106,True,False,-0.031771904371084014,3.4436808772675143,5.137065887451172,19,870000000
camera_calibration,7,1.5,-30.0,1.5000000002800227,-29.99999999382462,1.4682280959089387,-26.556319116557106,True,False,-0.031771904371084014,3.4436808772675143,6.615560054779053,19,935000000
camera_calibration,7,1.5,-30.0,1.5000000002800227,-29.99999999382462,1.4682280959089387,-26.556319116557106,True,False,-0.031771904371084014,3.4436808772675143,7.097899913787842,20,65000000
camera_calibration,7,1.5,-30.0,1.5000000002800227,-29.99999999382462,1.4682280959089387,-26.556319116557106,True,False,-0.031771904371084014,3.4436808772675143,5.142161846160889,20,135000000
camera_calibration,7,1.5,-30.0,1.5000000002800227,-29.99999999382462,1.4682280959089387,-26.556319116557106,True,False,-0.031771904371084014,3.4436808772675143,7.103536128997803,20,200000000
camera_calibration,7,1.5,-30.0,1.5000000002800227,-29.99999999382462,1.4682280959089387,-26.556319116557106,True,False,-0.031771904371084014,3.4436808772675143,7.125140190124512,20,265000000
camera_calibration,7,1.5,-30.0,1.5000000002800227,-29.99999999382462,1.4682280959089387,-26.556319116557106,True,False,-0.031771904371084014,3.4436808772675143,5.330108165740967,20,330000000
camera_calibration,7,1.5,-30.0,1.5000000002800227,-29.99999999382462,1.4682280959089387,-26.556319116557106,True,False,-0.031771904371084014,3.4436808772675143,5.081247806549072,20,395000000
camera_calibration,7,1.5,-30.0,1.5000000002800227,-29.99999999382462,1.4682280959089387,-26.556319116557106,True,False,-0.031771904371084014,3.4436808772675143,5.073791980743408,20,530000000
camera_calibration,7,1.5,-30.0,1.5000000002800227,-29.99999999382462,1.4682280959089387,-26.556319116557106,True,False,-0.031771904371084014,3.4436808772675143,5.102869987487793,20,595000000
camera_calibration,7,1.5,-30.0,1.5000000002800227,-29.99999999382462,1.4682280959089387,-26.556319116557106,True,False,-0.031771904371084014,3.4436808772675143,5.162007808685303,20,725000000
camera_calibration,7,1.5,-30.0,1.5000000002800227,-29.99999999382462,1.4682280959089387,-26.556319116557106,True,False,-0.031771904371084014,3.4436808772675143,5.05860710144043,20,795000000
camera_calibration,7,1.5,-30.0,1.5000000002800227,-29.99999999382462,1.4682280959089387,-26.556319116557106,True,False,-0.031771904371084014,3.4436808772675143,5.102845191955566,20,860000000
camera_calibration,7,1.5,-30.0,1.5000000002800227,-29.99999999382462,1.4682280959089387,-26.556319116557106,True,False,-0.031771904371084014,3.4436808772675143,5.095118045806885,20,925000000
camera_calibration,7,1.5,-30.0,1.5000000002800227,-29.99999999382462,1.4682280959089387,-26.556319116557106,True,False,-0.031771904371084014,3.4436808772675143,5.37124490737915,20,990000000
camera_calibration,7,1.5,-30.0,1.5000000002800227,-29.99999999382462,1.4682280959089387,-26.556319116557106,True,False,-0.031771904371084014,3.4436808772675143,5.188904762268066,21,125000000
camera_calibration,7,1.5,-30.0,1.5000000002800227,-29.99999999382462,1.4682280959089387,-26.556319116557106,True,False,-0.031771904371084014,3.4436808772675143,6.020761966705322,21,190000000
camera_calibration,7,1.5,-30.0,1.5000000002800227,-29.99999999382462,1.4682280959089387,-26.556319116557106,True,False,-0.031771904371084014,3.4436808772675143,5.6870927810668945,21,255000000
camera_calibration,7,1.5,-30.0,1.5000000002800227,-29.99999999382462,1.4682280959089387,-26.556319116557106,True,False,-0.031771904371084014,3.4436808772675143,7.248309135437012,21,320000000
camera_calibration,7,1.5,-30.0,1.5000000002800227,-29.99999999382462,1.4682280959089387,-26.556319116557106,True,False,-0.031771904371084014,3.4436808772675143,7.226118087768555,21,385000000
camera_calibration,7,1.5,-30.0,1.5000000002800227,-29.99999999382462,1.4682280959089387,-26.556319116557106,True,False,-0.031771904371084014,3.4436808772675143,7.262678146362305,21,520000000
camera_calibration,7,1.5,-30.0,1.5000000002800227,-29.99999999382462,1.4682280959089387,-26.556319116557106,True,False,-0.031771904371084014,3.4436808772675143,7.5002641677856445,21,585000000
camera_calibration,7,1.5,-30.0,1.5000000002800227,-29.99999999382462,1.4682280959089387,-26.556319116557106,True,False,-0.031771904371084014,3.4436808772675143,6.953185081481934,21,650000000
camera_calibration,7,1.5,-30.0,1.5000000002800227,-29.99999999382462,1.4682280959089387,-26.556319116557106,True,False,-0.031771904371084014,3.4436808772675143,6.3761749267578125,21,715000000
camera_calibration,7,1.5,-30.0,1.5000000002800227,-29.99999999382462,1.4682280959089387,-26.556319116557106,True,False,-0.031771904371084014,3.4436808772675143,5.043076992034912,21,785000000
camera_calibration,7,1.5,-30.0,1.5000000002800227,-29.99999999382462,1.4682280959089387,-26.556319116557106,True,False,-0.031771904371084014,3.4436808772675143,6.968019008636475,21,850000000
camera_calibration,7,1.5,-30.0,1.5000000002800227,-29.99999999382462,1.4682280959089387,-26.556319116557106,True,False,-0.031771904371084014,3.4436808772675143,5.302192211151123,21,915000000
camera_calibration,7,1.5,-30.0,1.5000000002800227,-29.99999999382462,1.4682280959089387,-26.556319116557106,True,False,-0.031771904371084014,3.4436808772675143,5.38868522644043,21,980000000
camera_calibration,7,1.5,-30.0,1.5000000002800227,-29.99999999382462,1.4682280959089387,-26.556319116557106,True,False,-0.031771904371084014,3.4436808772675143,5.055922031402588,22,45000000
camera_calibration,7,1.5,-30.0,1.5000000002800227,-29.99999999382462,1.4682280959089387,-26.556319116557106,True,False,-0.031771904371084014,3.4436808772675143,5.056775093078613,22,115000000
camera_calibration,8,1.5,-20.0,1.4999999998358564,-20.000000002749363,1.1700330297921162,-20.13211119677987,True,True,-0.3299669700437402,-0.1321111940305073,7.341304779052734,22,640000000
camera_calibration,8,1.5,-20.0,1.4999999998358564,-20.000000002749363,1.1700330297921162,-20.13211119677987,True,True,-0.3299669700437402,-0.1321111940305073,6.8271379470825195,22,705000000
camera_calibration,8,1.5,-20.0,1.4999999998358564,-20.000000002749363,1.1700330297921162,-20.13211119677987,True,True,-0.3299669700437402,-0.1321111940305073,5.194112777709961,22,840000000
camera_calibration,8,1.5,-20.0,1.4999999998358564,-20.000000002749363,1.1700330297921162,-20.13211119677987,True,True,-0.3299669700437402,-0.1321111940305073,5.434567928314209,23,35000000
camera_calibration,8,1.5,-20.0,1.4999999998358564,-20.000000002749363,1.1700330297921162,-20.13211119677987,True,True,-0.3299669700437402,-0.1321111940305073,5.080083847045898,23,105000000
camera_calibration,8,1.5,-20.0,1.4999999998358564,-20.000000002749363,1.1700330297921162,-20.13211119677987,True,True,-0.3299669700437402,-0.1321111940305073,5.089741230010986,23,170000000
camera_calibration,8,1.5,-20.0,1.4999999998358564,-20.000000002749363,1.1700330297921162,-20.13211119677987,True,True,-0.3299669700437402,-0.1321111940305073,5.090385913848877,23,300000000
camera_calibration,8,1.5,-20.0,1.4999999998358564,-20.000000002749363,1.1700330297921162,-20.13211119677987,True,True,-0.3299669700437402,-0.1321111940305073,5.586474895477295,23,365000000
camera_calibration,8,1.5,-20.0,1.4999999998358564,-20.000000002749363,1.1700330297921162,-20.13211119677987,True,True,-0.3299669700437402,-0.1321111940305073,5.1625518798828125,23,435000000
camera_calibration,8,1.5,-20.0,1.4999999998358564,-20.000000002749363,1.1700330297921162,-20.13211119677987,True,True,-0.3299669700437402,-0.1321111940305073,5.510997772216797,23,565000000
camera_calibration,8,1.5,-20.0,1.4999999998358564,-20.000000002749363,1.1700330297921162,-20.13211119677987,True,True,-0.3299669700437402,-0.1321111940305073,5.411038875579834,23,630000000
camera_calibration,8,1.5,-20.0,1.4999999998358564,-20.000000002749363,1.1700330297921162,-20.13211119677987,True,True,-0.3299669700437402,-0.1321111940305073,5.419060230255127,23,695000000
camera_calibration,8,1.5,-20.0,1.4999999998358564,-20.000000002749363,1.1700330297921162,-20.13211119677987,True,True,-0.3299669700437402,-0.1321111940305073,6.853679180145264,23,765000000
camera_calibration,8,1.5,-20.0,1.4999999998358564,-20.000000002749363,1.1700330297921162,-20.13211119677987,True,True,-0.3299669700437402,-0.1321111940305073,5.569987773895264,23,830000000
camera_calibration,8,1.5,-20.0,1.4999999998358564,-20.000000002749363,1.1700330297921162,-20.13211119677987,True,True,-0.3299669700437402,-0.1321111940305073,5.391386985778809,23,895000000
camera_calibration,8,1.5,-20.0,1.4999999998358564,-20.000000002749363,1.1700330297921162,-20.13211119677987,True,True,-0.3299669700437402,-0.1321111940305073,6.973933219909668,23,960000000
camera_calibration,8,1.5,-20.0,1.4999999998358564,-20.000000002749363,1.1700330297921162,-20.13211119677987,True,True,-0.3299669700437402,-0.1321111940305073,7.037147045135498,24,25000000
camera_calibration,8,1.5,-20.0,1.4999999998358564,-20.000000002749363,1.1700330297921162,-20.13211119677987,True,True,-0.3299669700437402,-0.1321111940305073,7.1782121658325195,24,95000000
camera_calibration,8,1.5,-20.0,1.4999999998358564,-20.000000002749363,1.1700330297921162,-20.13211119677987,True,True,-0.3299669700437402,-0.1321111940305073,6.902994155883789,24,160000000
camera_calibration,8,1.5,-20.0,1.4999999998358564,-20.000000002749363,1.1700330297921162,-20.13211119677987,True,True,-0.3299669700437402,-0.1321111940305073,7.344091892242432,24,225000000
camera_calibration,8,1.5,-20.0,1.4999999998358564,-20.000000002749363,1.1700330297921162,-20.13211119677987,True,True,-0.3299669700437402,-0.1321111940305073,7.615005016326904,24,290000000
camera_calibration,8,1.5,-20.0,1.4999999998358564,-20.000000002749363,1.1700330297921162,-20.13211119677987,True,True,-0.3299669700437402,-0.1321111940305073,8.136066436767578,24,425000000
camera_calibration,8,1.5,-20.0,1.4999999998358564,-20.000000002749363,1.1700330297921162,-20.13211119677987,True,True,-0.3299669700437402,-0.1321111940305073,8.136066436767578,24,490000000
camera_calibration,8,1.5,-20.0,1.4999999998358564,-20.000000002749363,1.1700330297921162,-20.13211119677987,True,True,-0.3299669700437402,-0.1321111940305073,7.588304042816162,24,555000000
camera_calibration,8,1.5,-20.0,1.4999999998358564,-20.000000002749363,1.1700330297921162,-20.13211119677987,True,True,-0.3299669700437402,-0.1321111940305073,7.208859920501709,24,685000000
camera_calibration,8,1.5,-20.0,1.4999999998358564,-20.000000002749363,1.1700330297921162,-20.13211119677987,True,True,-0.3299669700437402,-0.1321111940305073,5.387300968170166,24,755000000
camera_calibration,8,1.5,-20.0,1.4999999998358564,-20.000000002749363,1.1700330297921162,-20.13211119677987,True,True,-0.3299669700437402,-0.1321111940305073,5.117629051208496,24,820000000
camera_calibration,8,1.5,-20.0,1.4999999998358564,-20.000000002749363,1.1700330297921162,-20.13211119677987,True,True,-0.3299669700437402,-0.1321111940305073,5.117629051208496,24,885000000
camera_calibration,8,1.5,-20.0,1.4999999998358564,-20.000000002749363,1.1700330297921162,-20.13211119677987,True,True,-0.3299669700437402,-0.1321111940305073,5.6909499168396,24,950000000
camera_calibration,8,1.5,-20.0,1.4999999998358564,-20.000000002749363,1.1700330297921162,-20.13211119677987,True,True,-0.3299669700437402,-0.1321111940305073,13.905474662780762,25,15000000
camera_calibration,9,1.5,-10.0,1.5000000004743015,-9.999999996790146,1.137455202434833,-10.26549529065366,True,True,-0.3625447980394685,-0.26549529386351445,6.523680210113525,25,415000000
camera_calibration,9,1.5,-10.0,1.5000000004743015,-9.999999996790146,1.137455202434833,-10.26549529065366,True,True,-0.3625447980394685,-0.26549529386351445,6.626833915710449,25,480000000
camera_calibration,9,1.5,-10.0,1.5000000004743015,-9.999999996790146,1.137455202434833,-10.26549529065366,True,True,-0.3625447980394685,-0.26549529386351445,7.533292770385742,25,545000000
camera_calibration,9,1.5,-10.0,1.5000000004743015,-9.999999996790146,1.137455202434833,-10.26549529065366,True,True,-0.3625447980394685,-0.26549529386351445,7.7554240226745605,25,610000000
camera_calibration,9,1.5,-10.0,1.5000000004743015,-9.999999996790146,1.137455202434833,-10.26549529065366,True,True,-0.3625447980394685,-0.26549529386351445,5.687290191650391,25,675000000
camera_calibration,9,1.5,-10.0,1.5000000004743015,-9.999999996790146,1.137455202434833,-10.26549529065366,True,True,-0.3625447980394685,-0.26549529386351445,5.535882949829102,25,745000000
camera_calibration,9,1.5,-10.0,1.5000000004743015,-9.999999996790146,1.137455202434833,-10.26549529065366,True,True,-0.3625447980394685,-0.26549529386351445,9.180996894836426,25,810000000
camera_calibration,9,1.5,-10.0,1.5000000004743015,-9.999999996790146,1.137455202434833,-10.26549529065366,True,True,-0.3625447980394685,-0.26549529386351445,5.694826126098633,25,875000000
camera_calibration,9,1.5,-10.0,1.5000000004743015,-9.999999996790146,1.137455202434833,-10.26549529065366,True,True,-0.3625447980394685,-0.26549529386351445,5.322813034057617,25,940000000
camera_calibration,9,1.5,-10.0,1.5000000004743015,-9.999999996790146,1.137455202434833,-10.26549529065366,True,True,-0.3625447980394685,-0.26549529386351445,5.407290935516357,26,5000000
camera_calibration,9,1.5,-10.0,1.5000000004743015,-9.999999996790146,1.137455202434833,-10.26549529065366,True,True,-0.3625447980394685,-0.26549529386351445,5.48158597946167,26,75000000
camera_calibration,9,1.5,-10.0,1.5000000004743015,-9.999999996790146,1.137455202434833,-10.26549529065366,True,True,-0.3625447980394685,-0.26549529386351445,5.397601127624512,26,140000000
camera_calibration,9,1.5,-10.0,1.5000000004743015,-9.999999996790146,1.137455202434833,-10.26549529065366,True,True,-0.3625447980394685,-0.26549529386351445,5.411127090454102,26,205000000
camera_calibration,9,1.5,-10.0,1.5000000004743015,-9.999999996790146,1.137455202434833,-10.26549529065366,True,True,-0.3625447980394685,-0.26549529386351445,5.453453063964844,26,270000000
camera_calibration,9,1.5,-10.0,1.5000000004743015,-9.999999996790146,1.137455202434833,-10.26549529065366,True,True,-0.3625447980394685,-0.26549529386351445,5.418374061584473,26,335000000
camera_calibration,9,1.5,-10.0,1.5000000004743015,-9.999999996790146,1.137455202434833,-10.26549529065366,True,True,-0.3625447980394685,-0.26549529386351445,5.418374061584473,26,405000000
camera_calibration,9,1.5,-10.0,1.5000000004743015,-9.999999996790146,1.137455202434833,-10.26549529065366,True,True,-0.3625447980394685,-0.26549529386351445,5.468907833099365,26,470000000
camera_calibration,9,1.5,-10.0,1.5000000004743015,-9.999999996790146,1.137455202434833,-10.26549529065366,True,True,-0.3625447980394685,-0.26549529386351445,5.383114814758301,26,535000000
camera_calibration,9,1.5,-10.0,1.5000000004743015,-9.999999996790146,1.137455202434833,-10.26549529065366,True,True,-0.3625447980394685,-0.26549529386351445,5.430688858032227,26,665000000
camera_calibration,9,1.5,-10.0,1.5000000004743015,-9.999999996790146,1.137455202434833,-10.26549529065366,True,True,-0.3625447980394685,-0.26549529386351445,8.864648818969727,26,735000000
camera_calibration,9,1.5,-10.0,1.5000000004743015,-9.999999996790146,1.137455202434833,-10.26549529065366,True,True,-0.3625447980394685,-0.26549529386351445,5.738323211669922,26,865000000
camera_calibration,9,1.5,-10.0,1.5000000004743015,-9.999999996790146,1.137455202434833,-10.26549529065366,True,True,-0.3625447980394685,-0.26549529386351445,7.002164840698242,26,930000000
camera_calibration,9,1.5,-10.0,1.5000000004743015,-9.999999996790146,1.137455202434833,-10.26549529065366,True,True,-0.3625447980394685,-0.26549529386351445,6.818170070648193,26,995000000
camera_calibration,9,1.5,-10.0,1.5000000004743015,-9.999999996790146,1.137455202434833,-10.26549529065366,True,True,-0.3625447980394685,-0.26549529386351445,6.948675155639648,27,65000000
camera_calibration,9,1.5,-10.0,1.5000000004743015,-9.999999996790146,1.137455202434833,-10.26549529065366,True,True,-0.3625447980394685,-0.26549529386351445,6.979641914367676,27,130000000
camera_calibration,9,1.5,-10.0,1.5000000004743015,-9.999999996790146,1.137455202434833,-10.26549529065366,True,True,-0.3625447980394685,-0.26549529386351445,6.965195178985596,27,195000000
camera_calibration,9,1.5,-10.0,1.5000000004743015,-9.999999996790146,1.137455202434833,-10.26549529065366,True,True,-0.3625447980394685,-0.26549529386351445,5.433764934539795,27,260000000
camera_calibration,9,1.5,-10.0,1.5000000004743015,-9.999999996790146,1.137455202434833,-10.26549529065366,True,True,-0.3625447980394685,-0.26549529386351445,5.250783920288086,27,325000000
camera_calibration,9,1.5,-10.0,1.5000000004743015,-9.999999996790146,1.137455202434833,-10.26549529065366,True,True,-0.3625447980394685,-0.26549529386351445,5.4876708984375,27,395000000
camera_calibration,9,1.5,-10.0,1.5000000004743015,-9.999999996790146,1.137455202434833,-10.26549529065366,True,True,-0.3625447980394685,-0.26549529386351445,6.918292045593262,27,460000000
camera_calibration,10,1.5,0.0,1.5,0.0,1.1295659730464676,-0.1314548501322232,True,True,-0.37043402695353245,-0.1314548501322232,10.852805137634277,27,985000000
camera_calibration,10,1.5,0.0,1.5,0.0,1.1295659730464676,-0.1314548501322232,True,True,-0.37043402695353245,-0.1314548501322232,5.196459770202637,28,55000000
camera_calibration,10,1.5,0.0,1.5,0.0,1.1295659730464676,-0.1314548501322232,True,True,-0.37043402695353245,-0.1314548501322232,8.171873092651367,28,185000000
camera_calibration,10,1.5,0.0,1.5,0.0,1.1295659730464676,-0.1314548501322232,True,True,-0.37043402695353245,-0.1314548501322232,8.08841323852539,28,250000000
camera_calibration,10,1.5,0.0,1.5,0.0,1.1295659730464676,-0.1314548501322232,True,True,-0.37043402695353245,-0.1314548501322232,5.398126125335693,28,315000000
camera_calibration,10,1.5,0.0,1.5,0.0,1.1295659730464676,-0.1314548501322232,True,True,-0.37043402695353245,-0.1314548501322232,5.18405294418335,28,385000000
camera_calibration,10,1.5,0.0,1.5,0.0,1.1295659730464676,-0.1314548501322232,True,True,-0.37043402695353245,-0.1314548501322232,7.87188720703125,28,450000000
camera_calibration,10,1.5,0.0,1.5,0.0,1.1295659730464676,-0.1314548501322232,True,True,-0.37043402695353245,-0.1314548501322232,5.15543794631958,28,515000000
camera_calibration,10,1.5,0.0,1.5,0.0,1.1295659730464676,-0.1314548501322232,True,True,-0.37043402695353245,-0.1314548501322232,5.18098783493042,28,580000000
camera_calibration,10,1.5,0.0,1.5,0.0,1.1295659730464676,-0.1314548501322232,True,True,-0.37043402695353245,-0.1314548501322232,5.099067211151123,28,645000000
camera_calibration,10,1.5,0.0,1.5,0.0,1.1295659730464676,-0.1314548501322232,True,True,-0.37043402695353245,-0.1314548501322232,5.0685529708862305,28,715000000
camera_calibration,10,1.5,0.0,1.5,0.0,1.1295659730464676,-0.1314548501322232,True,True,-0.37043402695353245,-0.1314548501322232,7.443705081939697,28,780000000
camera_calibration,10,1.5,0.0,1.5,0.0,1.1295659730464676,-0.1314548501322232,True,True,-0.37043402695353245,-0.1314548501322232,5.408120155334473,28,845000000
camera_calibration,10,1.5,0.0,1.5,0.0,1.1295659730464676,-0.1314548501322232,True,True,-0.37043402695353245,-0.1314548501322232,5.4977240562438965,28,910000000
camera_calibration,10,1.5,0.0,1.5,0.0,1.1295659730464676,-0.1314548501322232,True,True,-0.37043402695353245,-0.1314548501322232,5.613866806030273,29,45000000
camera_calibration,10,1.5,0.0,1.5,0.0,1.1295659730464676,-0.1314548501322232,True,True,-0.37043402695353245,-0.1314548501322232,5.4642791748046875,29,110000000
camera_calibration,10,1.5,0.0,1.5,0.0,1.1295659730464676,-0.1314548501322232,True,True,-0.37043402695353245,-0.1314548501322232,5.217854022979736,29,175000000
camera_calibration,10,1.5,0.0,1.5,0.0,1.1295659730464676,-0.1314548501322232,True,True,-0.37043402695353245,-0.1314548501322232,8.10446834564209,29,240000000
camera_calibration,10,1.5,0.0,1.5,0.0,1.1295659730464676,-0.1314548501322232,True,True,-0.37043402695353245,-0.1314548501322232,8.10446834564209,29,305000000
camera_calibration,10,1.5,0.0,1.5,0.0,1.1295659730464676,-0.1314548501322232,True,True,-0.37043402695353245,-0.1314548501322232,8.365189552307129,29,375000000
camera_calibration,10,1.5,0.0,1.5,0.0,1.1295659730464676,-0.1314548501322232,True,True,-0.37043402695353245,-0.1314548501322232,5.3305487632751465,29,440000000
camera_calibration,10,1.5,0.0,1.5,0.0,1.1295659730464676,-0.1314548501322232,True,True,-0.37043402695353245,-0.1314548501322232,8.837567329406738,29,505000000
camera_calibration,10,1.5,0.0,1.5,0.0,1.1295659730464676,-0.1314548501322232,True,True,-0.37043402695353245,-0.1314548501322232,8.139229774475098,29,570000000
camera_calibration,10,1.5,0.0,1.5,0.0,1.1295659730464676,-0.1314548501322232,True,True,-0.37043402695353245,-0.1314548501322232,7.957275867462158,29,635000000
camera_calibration,10,1.5,0.0,1.5,0.0,1.1295659730464676,-0.1314548501322232,True,True,-0.37043402695353245,-0.1314548501322232,8.074410438537598,29,705000000
camera_calibration,10,1.5,0.0,1.5,0.0,1.1295659730464676,-0.1314548501322232,True,True,-0.37043402695353245,-0.1314548501322232,8.22757625579834,29,770000000
camera_calibration,10,1.5,0.0,1.5,0.0,1.1295659730464676,-0.1314548501322232,True,True,-0.37043402695353245,-0.1314548501322232,8.094449996948242,29,835000000
camera_calibration,10,1.5,0.0,1.5,0.0,1.1295659730464676,-0.1314548501322232,True,True,-0.37043402695353245,-0.1314548501322232,7.955399990081787,29,900000000
camera_calibration,10,1.5,0.0,1.5,0.0,1.1295659730464676,-0.1314548501322232,True,True,-0.37043402695353245,-0.1314548501322232,5.1098952293396,29,965000000
camera_calibration,10,1.5,0.0,1.5,0.0,1.1295659730464676,-0.1314548501322232,True,True,-0.37043402695353245,-0.1314548501322232,5.155213832855225,30,35000000
camera_calibration,11,1.5,10.0,1.5000000004743015,9.999999996790146,,,False,True,,,,30,430000000
camera_calibration,11,1.5,10.0,1.5000000004743015,9.999999996790146,,,False,True,,,,30,560000000
camera_calibration,11,1.5,10.0,1.5000000004743015,9.999999996790146,,,False,True,,,,30,625000000
camera_calibration,11,1.5,10.0,1.5000000004743015,9.999999996790146,,,False,True,,,,30,760000000
camera_calibration,11,1.5,10.0,1.5000000004743015,9.999999996790146,,,False,True,,,,30,825000000
camera_calibration,11,1.5,10.0,1.5000000004743015,9.999999996790146,,,False,True,,,,30,890000000
camera_calibration,11,1.5,10.0,1.5000000004743015,9.999999996790146,,,False,True,,,,30,955000000
camera_calibration,11,1.5,10.0,1.5000000004743015,9.999999996790146,,,False,True,,,,31,25000000
camera_calibration,11,1.5,10.0,1.5000000004743015,9.999999996790146,,,False,True,,,,31,90000000
camera_calibration,11,1.5,10.0,1.5000000004743015,9.999999996790146,,,False,True,,,,31,155000000
camera_calibration,11,1.5,10.0,1.5000000004743015,9.999999996790146,,,False,True,,,,31,220000000
camera_calibration,11,1.5,10.0,1.5000000004743015,9.999999996790146,,,False,True,,,,31,285000000
camera_calibration,11,1.5,10.0,1.5000000004743015,9.999999996790146,,,False,True,,,,31,355000000
camera_calibration,11,1.5,10.0,1.5000000004743015,9.999999996790146,,,False,True,,,,31,485000000
camera_calibration,11,1.5,10.0,1.5000000004743015,9.999999996790146,,,False,True,,,,31,550000000
camera_calibration,11,1.5,10.0,1.5000000004743015,9.999999996790146,,,False,True,,,,31,615000000
camera_calibration,11,1.5,10.0,1.5000000004743015,9.999999996790146,,,False,True,,,,31,685000000
camera_calibration,11,1.5,10.0,1.5000000004743015,9.999999996790146,,,False,True,,,,31,750000000
camera_calibration,11,1.5,10.0,1.5000000004743015,9.999999996790146,,,False,True,,,,31,815000000
camera_calibration,11,1.5,10.0,1.5000000004743015,9.999999996790146,,,False,True,,,,31,880000000
camera_calibration,11,1.5,10.0,1.5000000004743015,9.999999996790146,,,False,True,,,,31,945000000
camera_calibration,11,1.5,10.0,1.5000000004743015,9.999999996790146,,,False,True,,,,32,15000000
camera_calibration,11,1.5,10.0,1.5000000004743015,9.999999996790146,,,False,True,,,,32,80000000
camera_calibration,11,1.5,10.0,1.5000000004743015,9.999999996790146,,,False,True,,,,32,145000000
camera_calibration,11,1.5,10.0,1.5000000004743015,9.999999996790146,,,False,True,,,,32,210000000
camera_calibration,11,1.5,10.0,1.5000000004743015,9.999999996790146,,,False,True,,,,32,275000000
camera_calibration,11,1.5,10.0,1.5000000004743015,9.999999996790146,,,False,True,,,,32,345000000
camera_calibration,11,1.5,10.0,1.5000000004743015,9.999999996790146,,,False,True,,,,32,410000000
camera_calibration,11,1.5,10.0,1.5000000004743015,9.999999996790146,,,False,True,,,,32,475000000
camera_calibration,11,1.5,10.0,1.5000000004743015,9.999999996790146,,,False,True,,,,32,540000000
camera_calibration,12,1.5,20.0,1.4999999998358564,20.000000002749363,1.1714521236986322,20.40425555441671,True,True,-0.32854787613722425,0.4042555516673474,6.634607791900635,32,935000000
camera_calibration,12,1.5,20.0,1.4999999998358564,20.000000002749363,1.1714521236986322,20.40425555441671,True,True,-0.32854787613722425,0.4042555516673474,5.385258197784424,33,70000000
camera_calibration,12,1.5,20.0,1.4999999998358564,20.000000002749363,1.1714521236986322,20.40425555441671,True,True,-0.32854787613722425,0.4042555516673474,5.195007801055908,33,135000000
camera_calibration,12,1.5,20.0,1.4999999998358564,20.000000002749363,1.1714521236986322,20.40425555441671,True,True,-0.32854787613722425,0.4042555516673474,7.001461029052734,33,265000000
camera_calibration,12,1.5,20.0,1.4999999998358564,20.000000002749363,1.1714521236986322,20.40425555441671,True,True,-0.32854787613722425,0.4042555516673474,7.139824867248535,33,335000000
camera_calibration,12,1.5,20.0,1.4999999998358564,20.000000002749363,1.1714521236986322,20.40425555441671,True,True,-0.32854787613722425,0.4042555516673474,6.709325790405273,33,400000000
camera_calibration,12,1.5,20.0,1.4999999998358564,20.000000002749363,1.1714521236986322,20.40425555441671,True,True,-0.32854787613722425,0.4042555516673474,7.146547794342041,33,465000000
camera_calibration,12,1.5,20.0,1.4999999998358564,20.000000002749363,1.1714521236986322,20.40425555441671,True,True,-0.32854787613722425,0.4042555516673474,6.996166229248047,33,665000000
camera_calibration,12,1.5,20.0,1.4999999998358564,20.000000002749363,1.1714521236986322,20.40425555441671,True,True,-0.32854787613722425,0.4042555516673474,6.968327045440674,33,730000000
camera_calibration,12,1.5,20.0,1.4999999998358564,20.000000002749363,1.1714521236986322,20.40425555441671,True,True,-0.32854787613722425,0.4042555516673474,5.068871021270752,33,795000000
camera_calibration,12,1.5,20.0,1.4999999998358564,20.000000002749363,1.1714521236986322,20.40425555441671,True,True,-0.32854787613722425,0.4042555516673474,5.09564208984375,33,860000000
camera_calibration,12,1.5,20.0,1.4999999998358564,20.000000002749363,1.1714521236986322,20.40425555441671,True,True,-0.32854787613722425,0.4042555516673474,5.138864994049072,33,925000000
camera_calibration,12,1.5,20.0,1.4999999998358564,20.000000002749363,1.1714521236986322,20.40425555441671,True,True,-0.32854787613722425,0.4042555516673474,5.127018928527832,33,995000000
camera_calibration,12,1.5,20.0,1.4999999998358564,20.000000002749363,1.1714521236986322,20.40425555441671,True,True,-0.32854787613722425,0.4042555516673474,5.095461845397949,34,60000000
camera_calibration,12,1.5,20.0,1.4999999998358564,20.000000002749363,1.1714521236986322,20.40425555441671,True,True,-0.32854787613722425,0.4042555516673474,5.116800785064697,34,125000000
camera_calibration,12,1.5,20.0,1.4999999998358564,20.000000002749363,1.1714521236986322,20.40425555441671,True,True,-0.32854787613722425,0.4042555516673474,5.233189105987549,34,190000000
camera_calibration,12,1.5,20.0,1.4999999998358564,20.000000002749363,1.1714521236986322,20.40425555441671,True,True,-0.32854787613722425,0.4042555516673474,5.124754905700684,34,255000000
camera_calibration,12,1.5,20.0,1.4999999998358564,20.000000002749363,1.1714521236986322,20.40425555441671,True,True,-0.32854787613722425,0.4042555516673474,5.363297939300537,34,325000000
camera_calibration,12,1.5,20.0,1.4999999998358564,20.000000002749363,1.1714521236986322,20.40425555441671,True,True,-0.32854787613722425,0.4042555516673474,5.141242027282715,34,390000000
camera_calibration,12,1.5,20.0,1.4999999998358564,20.000000002749363,1.1714521236986322,20.40425555441671,True,True,-0.32854787613722425,0.4042555516673474,5.07846212387085,34,520000000
camera_calibration,12,1.5,20.0,1.4999999998358564,20.000000002749363,1.1714521236986322,20.40425555441671,True,True,-0.32854787613722425,0.4042555516673474,5.192514896392822,34,585000000
camera_calibration,12,1.5,20.0,1.4999999998358564,20.000000002749363,1.1714521236986322,20.40425555441671,True,True,-0.32854787613722425,0.4042555516673474,5.288638114929199,34,655000000
camera_calibration,12,1.5,20.0,1.4999999998358564,20.000000002749363,1.1714521236986322,20.40425555441671,True,True,-0.32854787613722425,0.4042555516673474,5.288638114929199,34,785000000
camera_calibration,12,1.5,20.0,1.4999999998358564,20.000000002749363,1.1714521236986322,20.40425555441671,True,True,-0.32854787613722425,0.4042555516673474,6.62161922454834,34,850000000
camera_calibration,12,1.5,20.0,1.4999999998358564,20.000000002749363,1.1714521236986322,20.40425555441671,True,True,-0.32854787613722425,0.4042555516673474,7.165231227874756,34,915000000
camera_calibration,12,1.5,20.0,1.4999999998358564,20.000000002749363,1.1714521236986322,20.40425555441671,True,True,-0.32854787613722425,0.4042555516673474,7.2118048667907715,34,985000000
camera_calibration,12,1.5,20.0,1.4999999998358564,20.000000002749363,1.1714521236986322,20.40425555441671,True,True,-0.32854787613722425,0.4042555516673474,7.25066614151001,35,50000000
camera_calibration,12,1.5,20.0,1.4999999998358564,20.000000002749363,1.1714521236986322,20.40425555441671,True,True,-0.32854787613722425,0.4042555516673474,7.222200870513916,35,115000000
camera_calibration,12,1.5,20.0,1.4999999998358564,20.000000002749363,1.1714521236986322,20.40425555441671,True,True,-0.32854787613722425,0.4042555516673474,6.987945079803467,35,180000000
camera_calibration,12,1.5,20.0,1.4999999998358564,20.000000002749363,1.1714521236986322,20.40425555441671,True,True,-0.32854787613722425,0.4042555516673474,7.082290172576904,35,245000000
camera_calibration,13,1.5,30.0,1.5000000002800227,29.99999999382462,1.4148574971198227,26.697573484667135,True,False,-0.0851425031602,-3.3024265091574847,5.268180847167969,35,645000000
camera_calibration,13,1.5,30.0,1.5000000002800227,29.99999999382462,1.4148574971198227,26.697573484667135,True,False,-0.0851425031602,-3.3024265091574847,5.236670970916748,35,710000000
camera_calibration,13,1.5,30.0,1.5000000002800227,29.99999999382462,1.4148574971198227,26.697573484667135,True,False,-0.0851425031602,-3.3024265091574847,5.305205821990967,35,775000000
camera_calibration,13,1.5,30.0,1.5000000002800227,29.99999999382462,1.4148574971198227,26.697573484667135,True,False,-0.0851425031602,-3.3024265091574847,5.606900215148926,35,840000000
camera_calibration,13,1.5,30.0,1.5000000002800227,29.99999999382462,1.4148574971198227,26.697573484667135,True,False,-0.0851425031602,-3.3024265091574847,7.2871551513671875,35,905000000
camera_calibration,13,1.5,30.0,1.5000000002800227,29.99999999382462,1.4148574971198227,26.697573484667135,True,False,-0.0851425031602,-3.3024265091574847,6.995547771453857,35,975000000
camera_calibration,13,1.5,30.0,1.5000000002800227,29.99999999382462,1.4148574971198227,26.697573484667135,True,False,-0.0851425031602,-3.3024265091574847,5.336231231689453,36,40000000
camera_calibration,13,1.5,30.0,1.5000000002800227,29.99999999382462,1.4148574971198227,26.697573484667135,True,False,-0.0851425031602,-3.3024265091574847,7.058416843414307,36,105000000
camera_calibration,13,1.5,30.0,1.5000000002800227,29.99999999382462,1.4148574971198227,26.697573484667135,True,False,-0.0851425031602,-3.3024265091574847,7.3735480308532715,36,170000000
camera_calibration,13,1.5,30.0,1.5000000002800227,29.99999999382462,1.4148574971198227,26.697573484667135,True,False,-0.0851425031602,-3.3024265091574847,7.023827075958252,36,235000000
camera_calibration,13,1.5,30.0,1.5000000002800227,29.99999999382462,1.4148574971198227,26.697573484667135,True,False,-0.0851425031602,-3.3024265091574847,5.537056922912598,36,305000000
camera_calibration,13,1.5,30.0,1.5000000002800227,29.99999999382462,1.4148574971198227,26.697573484667135,True,False,-0.0851425031602,-3.3024265091574847,7.174509048461914,36,370000000
camera_calibration,13,1.5,30.0,1.5000000002800227,29.99999999382462,1.4148574971198227,26.697573484667135,True,False,-0.0851425031602,-3.3024265091574847,7.061223030090332,36,435000000
camera_calibration,13,1.5,30.0,1.5000000002800227,29.99999999382462,1.4148574971198227,26.697573484667135,True,False,-0.0851425031602,-3.3024265091574847,5.156560897827148,36,500000000
camera_calibration,13,1.5,30.0,1.5000000002800227,29.99999999382462,1.4148574971198227,26.697573484667135,True,False,-0.0851425031602,-3.3024265091574847,5.327602863311768,36,565000000
camera_calibration,13,1.5,30.0,1.5000000002800227,29.99999999382462,1.4148574971198227,26.697573484667135,True,False,-0.0851425031602,-3.3024265091574847,5.378124237060547,36,635000000
camera_calibration,13,1.5,30.0,1.5000000002800227,29.99999999382462,1.4148574971198227,26.697573484667135,True,False,-0.0851425031602,-3.3024265091574847,7.1988749504089355,36,765000000
camera_calibration,13,1.5,30.0,1.5000000002800227,29.99999999382462,1.4148574971198227,26.697573484667135,True,False,-0.0851425031602,-3.3024265091574847,5.108852863311768,36,830000000
camera_calibration,13,1.5,30.0,1.5000000002800227,29.99999999382462,1.4148574971198227,26.697573484667135,True,False,-0.0851425031602,-3.3024265091574847,5.188772201538086,36,895000000
camera_calibration,13,1.5,30.0,1.5000000002800227,29.99999999382462,1.4148574971198227,26.697573484667135,True,False,-0.0851425031602,-3.3024265091574847,5.556290149688721,36,965000000
camera_calibration,13,1.5,30.0,1.5000000002800227,29.99999999382462,1.4148574971198227,26.697573484667135,True,False,-0.0851425031602,-3.3024265091574847,5.3071417808532715,37,30000000
camera_calibration,13,1.5,30.0,1.5000000002800227,29.99999999382462,1.4148574971198227,26.697573484667135,True,False,-0.0851425031602,-3.3024265091574847,5.170395851135254,37,95000000
camera_calibration,13,1.5,30.0,1.5000000002800227,29.99999999382462,1.4148574971198227,26.697573484667135,True,False,-0.0851425031602,-3.3024265091574847,5.09674596786499,37,160000000
camera_calibration,13,1.5,30.0,1.5000000002800227,29.99999999382462,1.4148574971198227,26.697573484667135,True,False,-0.0851425031602,-3.3024265091574847,5.224899768829346,37,225000000
camera_calibration,13,1.5,30.0,1.5000000002800227,29.99999999382462,1.4148574971198227,26.697573484667135,True,False,-0.0851425031602,-3.3024265091574847,5.684426784515381,37,295000000
camera_calibration,13,1.5,30.0,1.5000000002800227,29.99999999382462,1.4148574971198227,26.697573484667135,True,False,-0.0851425031602,-3.3024265091574847,5.088573932647705,37,360000000
camera_calibration,13,1.5,30.0,1.5000000002800227,29.99999999382462,1.4148574971198227,26.697573484667135,True,False,-0.0851425031602,-3.3024265091574847,5.383522033691406,37,425000000
camera_calibration,13,1.5,30.0,1.5000000002800227,29.99999999382462,1.4148574971198227,26.697573484667135,True,False,-0.0851425031602,-3.3024265091574847,5.358059883117676,37,490000000
camera_calibration,13,1.5,30.0,1.5000000002800227,29.99999999382462,1.4148574971198227,26.697573484667135,True,False,-0.0851425031602,-3.3024265091574847,7.0921149253845215,37,555000000
camera_calibration,13,1.5,30.0,1.5000000002800227,29.99999999382462,1.4148574971198227,26.697573484667135,True,False,-0.0851425031602,-3.3024265091574847,7.169894218444824,37,625000000
camera_calibration,14,2.0,-30.0,2.0000000003733636,-29.99999999382462,1.9684831448949753,-28.12837336291118,True,False,-0.03151685547838823,1.8716266309134397,6.971014022827148,38,20000000
camera_calibration,14,2.0,-30.0,2.0000000003733636,-29.99999999382462,1.9684831448949753,-28.12837336291118,True,False,-0.03151685547838823,1.8716266309134397,8.931859016418457,38,85000000
camera_calibration,14,2.0,-30.0,2.0000000003733636,-29.99999999382462,1.9684831448949753,-28.12837336291118,True,False,-0.03151685547838823,1.8716266309134397,7.042463779449463,38,150000000
camera_calibration,14,2.0,-30.0,2.0000000003733636,-29.99999999382462,1.9684831448949753,-28.12837336291118,True,False,-0.03151685547838823,1.8716266309134397,7.042463779449463,38,215000000
camera_calibration,14,2.0,-30.0,2.0000000003733636,-29.99999999382462,1.9684831448949753,-28.12837336291118,True,False,-0.03151685547838823,1.8716266309134397,7.137129783630371,38,285000000
camera_calibration,14,2.0,-30.0,2.0000000003733636,-29.99999999382462,1.9684831448949753,-28.12837336291118,True,False,-0.03151685547838823,1.8716266309134397,5.162443161010742,38,350000000
camera_calibration,14,2.0,-30.0,2.0000000003733636,-29.99999999382462,1.9684831448949753,-28.12837336291118,True,False,-0.03151685547838823,1.8716266309134397,6.557857036590576,38,415000000
camera_calibration,14,2.0,-30.0,2.0000000003733636,-29.99999999382462,1.9684831448949753,-28.12837336291118,True,False,-0.03151685547838823,1.8716266309134397,7.140000820159912,38,480000000
camera_calibration,14,2.0,-30.0,2.0000000003733636,-29.99999999382462,1.9684831448949753,-28.12837336291118,True,False,-0.03151685547838823,1.8716266309134397,6.926998138427734,38,545000000
camera_calibration,14,2.0,-30.0,2.0000000003733636,-29.99999999382462,1.9684831448949753,-28.12837336291118,True,False,-0.03151685547838823,1.8716266309134397,5.15843391418457,38,615000000
camera_calibration,14,2.0,-30.0,2.0000000003733636,-29.99999999382462,1.9684831448949753,-28.12837336291118,True,False,-0.03151685547838823,1.8716266309134397,7.191863059997559,38,680000000
camera_calibration,14,2.0,-30.0,2.0000000003733636,-29.99999999382462,1.9684831448949753,-28.12837336291118,True,False,-0.03151685547838823,1.8716266309134397,7.218038082122803,38,745000000
camera_calibration,14,2.0,-30.0,2.0000000003733636,-29.99999999382462,1.9684831448949753,-28.12837336291118,True,False,-0.03151685547838823,1.8716266309134397,5.143683910369873,38,810000000
camera_calibration,14,2.0,-30.0,2.0000000003733636,-29.99999999382462,1.9684831448949753,-28.12837336291118,True,False,-0.03151685547838823,1.8716266309134397,5.089375019073486,38,875000000
camera_calibration,14,2.0,-30.0,2.0000000003733636,-29.99999999382462,1.9684831448949753,-28.12837336291118,True,False,-0.03151685547838823,1.8716266309134397,5.295132160186768,38,945000000
camera_calibration,14,2.0,-30.0,2.0000000003733636,-29.99999999382462,1.9684831448949753,-28.12837336291118,True,False,-0.03151685547838823,1.8716266309134397,5.137031078338623,39,10000000
camera_calibration,14,2.0,-30.0,2.0000000003733636,-29.99999999382462,1.9684831448949753,-28.12837336291118,True,False,-0.03151685547838823,1.8716266309134397,5.014270782470703,39,75000000
camera_calibration,14,2.0,-30.0,2.0000000003733636,-29.99999999382462,1.9684831448949753,-28.12837336291118,True,False,-0.03151685547838823,1.8716266309134397,5.082423210144043,39,140000000
camera_calibration,14,2.0,-30.0,2.0000000003733636,-29.99999999382462,1.9684831448949753,-28.12837336291118,True,False,-0.03151685547838823,1.8716266309134397,5.075056076049805,39,205000000
camera_calibration,14,2.0,-30.0,2.0000000003733636,-29.99999999382462,1.9684831448949753,-28.12837336291118,True,False,-0.03151685547838823,1.8716266309134397,5.066683769226074,39,275000000
camera_calibration,14,2.0,-30.0,2.0000000003733636,-29.99999999382462,1.9684831448949753,-28.12837336291118,True,False,-0.03151685547838823,1.8716266309134397,5.2435078620910645,39,340000000
camera_calibration,14,2.0,-30.0,2.0000000003733636,-29.99999999382462,1.9684831448949753,-28.12837336291118,True,False,-0.03151685547838823,1.8716266309134397,5.0536789894104,39,405000000
camera_calibration,14,2.0,-30.0,2.0000000003733636,-29.99999999382462,1.9684831448949753,-28.12837336291118,True,False,-0.03151685547838823,1.8716266309134397,5.2151618003845215,39,470000000
camera_calibration,14,2.0,-30.0,2.0000000003733636,-29.99999999382462,1.9684831448949753,-28.12837336291118,True,False,-0.03151685547838823,1.8716266309134397,5.2151618003845215,39,535000000
camera_calibration,14,2.0,-30.0,2.0000000003733636,-29.99999999382462,1.9684831448949753,-28.12837336291118,True,False,-0.03151685547838823,1.8716266309134397,5.15513801574707,39,605000000
camera_calibration,14,2.0,-30.0,2.0000000003733636,-29.99999999382462,1.9684831448949753,-28.12837336291118,True,False,-0.03151685547838823,1.8716266309134397,5.209949970245361,39,670000000
camera_calibration,14,2.0,-30.0,2.0000000003733636,-29.99999999382462,1.9684831448949753,-28.12837336291118,True,False,-0.03151685547838823,1.8716266309134397,5.445342063903809,39,735000000
camera_calibration,14,2.0,-30.0,2.0000000003733636,-29.99999999382462,1.9684831448949753,-28.12837336291118,True,False,-0.03151685547838823,1.8716266309134397,5.214801788330078,39,800000000
camera_calibration,14,2.0,-30.0,2.0000000003733636,-29.99999999382462,1.9684831448949753,-28.12837336291118,True,False,-0.03151685547838823,1.8716266309134397,6.501709938049316,39,935000000
camera_calibration,14,2.0,-30.0,2.0000000003733636,-29.99999999382462,1.9684831448949753,-28.12837336291118,True,False,-0.03151685547838823,1.8716266309134397,5.2130961418151855,40,0
camera_calibration,15,2.0,-20.0,2.000000000419004,-19.999999997114607,1.4467196160948477,-20.217049192478207,True,True,-0.5532803843241563,-0.21704919536360023,5.485318183898926,40,595000000
camera_calibration,15,2.0,-20.0,2.000000000419004,-19.999999997114607,1.4467196160948477,-20.217049192478207,True,True,-0.5532803843241563,-0.21704919536360023,5.2275238037109375,40,660000000
camera_calibration,15,2.0,-20.0,2.000000000419004,-19.999999997114607,1.4467196160948477,-20.217049192478207,True,True,-0.5532803843241563,-0.21704919536360023,5.236420154571533,40,725000000
camera_calibration,15,2.0,-20.0,2.000000000419004,-19.999999997114607,1.4467196160948477,-20.217049192478207,True,True,-0.5532803843241563,-0.21704919536360023,5.075993061065674,40,790000000
camera_calibration,15,2.0,-20.0,2.000000000419004,-19.999999997114607,1.4467196160948477,-20.217049192478207,True,True,-0.5532803843241563,-0.21704919536360023,7.114218235015869,40,855000000
camera_calibration,15,2.0,-20.0,2.000000000419004,-19.999999997114607,1.4467196160948477,-20.217049192478207,True,True,-0.5532803843241563,-0.21704919536360023,7.114218235015869,40,925000000
camera_calibration,15,2.0,-20.0,2.000000000419004,-19.999999997114607,1.4467196160948477,-20.217049192478207,True,True,-0.5532803843241563,-0.21704919536360023,5.357898235321045,40,990000000
camera_calibration,15,2.0,-20.0,2.000000000419004,-19.999999997114607,1.4467196160948477,-20.217049192478207,True,True,-0.5532803843241563,-0.21704919536360023,5.274853229522705,41,55000000
camera_calibration,15,2.0,-20.0,2.000000000419004,-19.999999997114607,1.4467196160948477,-20.217049192478207,True,True,-0.5532803843241563,-0.21704919536360023,7.24046516418457,41,120000000
camera_calibration,15,2.0,-20.0,2.000000000419004,-19.999999997114607,1.4467196160948477,-20.217049192478207,True,True,-0.5532803843241563,-0.21704919536360023,7.262021064758301,41,185000000
camera_calibration,15,2.0,-20.0,2.000000000419004,-19.999999997114607,1.4467196160948477,-20.217049192478207,True,True,-0.5532803843241563,-0.21704919536360023,7.473690032958984,41,255000000
camera_calibration,15,2.0,-20.0,2.000000000419004,-19.999999997114607,1.4467196160948477,-20.217049192478207,True,True,-0.5532803843241563,-0.21704919536360023,7.072102069854736,41,320000000
camera_calibration,15,2.0,-20.0,2.000000000419004,-19.999999997114607,1.4467196160948477,-20.217049192478207,True,True,-0.5532803843241563,-0.21704919536360023,7.134306907653809,41,385000000
camera_calibration,15,2.0,-20.0,2.000000000419004,-19.999999997114607,1.4467196160948477,-20.217049192478207,True,True,-0.5532803843241563,-0.21704919536360023,7.042226791381836,41,450000000
camera_calibration,15,2.0,-20.0,2.000000000419004,-19.999999997114607,1.4467196160948477,-20.217049192478207,True,True,-0.5532803843241563,-0.21704919536360023,5.079277038574219,41,515000000
camera_calibration,15,2.0,-20.0,2.000000000419004,-19.999999997114607,1.4467196160948477,-20.217049192478207,True,True,-0.5532803843241563,-0.21704919536360023,5.051248073577881,41,585000000
camera_calibration,15,2.0,-20.0,2.000000000419004,-19.999999997114607,1.4467196160948477,-20.217049192478207,True,True,-0.5532803843241563,-0.21704919536360023,6.909451007843018,41,650000000
camera_calibration,15,2.0,-20.0,2.000000000419004,-19.999999997114607,1.4467196160948477,-20.217049192478207,True,True,-0.5532803843241563,-0.21704919536360023,5.11008882522583,41,715000000
camera_calibration,15,2.0,-20.0,2.000000000419004,-19.999999997114607,1.4467196160948477,-20.217049192478207,True,True,-0.5532803843241563,-0.21704919536360023,5.151937007904053,41,780000000
camera_calibration,15,2.0,-20.0,2.000000000419004,-19.999999997114607,1.4467196160948477,-20.217049192478207,True,True,-0.5532803843241563,-0.21704919536360023,5.129642963409424,41,915000000
camera_calibration,15,2.0,-20.0,2.000000000419004,-19.999999997114607,1.4467196160948477,-20.217049192478207,True,True,-0.5532803843241563,-0.21704919536360023,5.079422950744629,41,980000000
camera_calibration,15,2.0,-20.0,2.000000000419004,-19.999999997114607,1.4467196160948477,-20.217049192478207,True,True,-0.5532803843241563,-0.21704919536360023,5.061729907989502,42,45000000
camera_calibration,15,2.0,-20.0,2.000000000419004,-19.999999997114607,1.4467196160948477,-20.217049192478207,True,True,-0.5532803843241563,-0.21704919536360023,5.120997905731201,42,110000000
camera_calibration,15,2.0,-20.0,2.000000000419004,-19.999999997114607,1.4467196160948477,-20.217049192478207,True,True,-0.5532803843241563,-0.21704919536360023,5.4951629638671875,42,175000000
camera_calibration,15,2.0,-20.0,2.000000000419004,-19.999999997114607,1.4467196160948477,-20.217049192478207,True,True,-0.5532803843241563,-0.21704919536360023,5.4951629638671875,42,245000000
camera_calibration,15,2.0,-20.0,2.000000000419004,-19.999999997114607,1.4467196160948477,-20.217049192478207,True,True,-0.5532803843241563,-0.21704919536360023,5.156850814819336,42,310000000
camera_calibration,15,2.0,-20.0,2.000000000419004,-19.999999997114607,1.4467196160948477,-20.217049192478207,True,True,-0.5532803843241563,-0.21704919536360023,5.434256076812744,42,375000000
camera_calibration,15,2.0,-20.0,2.000000000419004,-19.999999997114607,1.4467196160948477,-20.217049192478207,True,True,-0.5532803843241563,-0.21704919536360023,5.44559907913208,42,440000000
camera_calibration,15,2.0,-20.0,2.000000000419004,-19.999999997114607,1.4467196160948477,-20.217049192478207,True,True,-0.5532803843241563,-0.21704919536360023,5.26550817489624,42,505000000
camera_calibration,15,2.0,-20.0,2.000000000419004,-19.999999997114607,1.4467196160948477,-20.217049192478207,True,True,-0.5532803843241563,-0.21704919536360023,7.262124061584473,42,575000000
camera_calibration,16,2.0,-10.0,1.9999999999700753,-9.999999999166162,2.0527697320124223,-10.146546456564622,True,True,0.05276973204234703,-0.1465464573984594,5.383730888366699,43,165000000
camera_calibration,16,2.0,-10.0,1.9999999999700753,-9.999999999166162,2.0527697320124223,-10.146546456564622,True,True,0.05276973204234703,-0.1465464573984594,8.654568672180176,43,235000000
camera_calibration,16,2.0,-10.0,1.9999999999700753,-9.999999999166162,2.0527697320124223,-10.146546456564622,True,True,0.05276973204234703,-0.1465464573984594,5.606636047363281,43,300000000
camera_calibration,16,2.0,-10.0,1.9999999999700753,-9.999999999166162,2.0527697320124223,-10.146546456564622,True,True,0.05276973204234703,-0.1465464573984594,7.4337310791015625,43,365000000
camera_calibration,16,2.0,-10.0,1.9999999999700753,-9.999999999166162,2.0527697320124223,-10.146546456564622,True,True,0.05276973204234703,-0.1465464573984594,7.058520793914795,43,495000000
camera_calibration,16,2.0,-10.0,1.9999999999700753,-9.999999999166162,2.0527697320124223,-10.146546456564622,True,True,0.05276973204234703,-0.1465464573984594,7.228335857391357,43,565000000
camera_calibration,16,2.0,-10.0,1.9999999999700753,-9.999999999166162,2.0527697320124223,-10.146546456564622,True,True,0.05276973204234703,-0.1465464573984594,6.986867904663086,43,630000000
camera_calibration,16,2.0,-10.0,1.9999999999700753,-9.999999999166162,2.0527697320124223,-10.146546456564622,True,True,0.05276973204234703,-0.1465464573984594,7.21251106262207,43,760000000
camera_calibration,16,2.0,-10.0,1.9999999999700753,-9.999999999166162,2.0527697320124223,-10.146546456564622,True,True,0.05276973204234703,-0.1465464573984594,6.944086074829102,43,825000000
camera_calibration,16,2.0,-10.0,1.9999999999700753,-9.999999999166162,2.0527697320124223,-10.146546456564622,True,True,0.05276973204234703,-0.1465464573984594,5.15628719329834,43,895000000
camera_calibration,16,2.0,-10.0,1.9999999999700753,-9.999999999166162,2.0527697320124223,-10.146546456564622,True,True,0.05276973204234703,-0.1465464573984594,6.9990339279174805,43,960000000
camera_calibration,16,2.0,-10.0,1.9999999999700753,-9.999999999166162,2.0527697320124223,-10.146546456564622,True,True,0.05276973204234703,-0.1465464573984594,7.33252477645874,44,25000000
camera_calibration,16,2.0,-10.0,1.9999999999700753,-9.999999999166162,2.0527697320124223,-10.146546456564622,True,True,0.05276973204234703,-0.1465464573984594,5.159539222717285,44,90000000
camera_calibration,16,2.0,-10.0,1.9999999999700753,-9.999999999166162,2.0527697320124223,-10.146546456564622,True,True,0.05276973204234703,-0.1465464573984594,5.056778907775879,44,155000000
camera_calibration,16,2.0,-10.0,1.9999999999700753,-9.999999999166162,2.0527697320124223,-10.146546456564622,True,True,0.05276973204234703,-0.1465464573984594,5.121459007263184,44,225000000
camera_calibration,16,2.0,-10.0,1.9999999999700753,-9.999999999166162,2.0527697320124223,-10.146546456564622,True,True,0.05276973204234703,-0.1465464573984594,5.58930778503418,44,555000000
camera_calibration,16,2.0,-10.0,1.9999999999700753,-9.999999999166162,2.0527697320124223,-10.146546456564622,True,True,0.05276973204234703,-0.1465464573984594,5.27285099029541,44,685000000
camera_calibration,16,2.0,-10.0,1.9999999999700753,-9.999999999166162,2.0527697320124223,-10.146546456564622,True,True,0.05276973204234703,-0.1465464573984594,5.227540016174316,44,750000000
camera_calibration,16,2.0,-10.0,1.9999999999700753,-9.999999999166162,2.0527697320124223,-10.146546456564622,True,True,0.05276973204234703,-0.1465464573984594,5.550434112548828,44,815000000
camera_calibration,16,2.0,-10.0,1.9999999999700753,-9.999999999166162,2.0527697320124223,-10.146546456564622,True,True,0.05276973204234703,-0.1465464573984594,5.706992149353027,44,885000000
camera_calibration,16,2.0,-10.0,1.9999999999700753,-9.999999999166162,2.0527697320124223,-10.146546456564622,True,True,0.05276973204234703,-0.1465464573984594,5.706992149353027,44,950000000
camera_calibration,16,2.0,-10.0,1.9999999999700753,-9.999999999166162,2.0527697320124223,-10.146546456564622,True,True,0.05276973204234703,-0.1465464573984594,5.862306118011475,45,15000000
camera_calibration,16,2.0,-10.0,1.9999999999700753,-9.999999999166162,2.0527697320124223,-10.146546456564622,True,True,0.05276973204234703,-0.1465464573984594,5.972245216369629,45,145000000
camera_calibration,16,2.0,-10.0,1.9999999999700753,-9.999999999166162,2.0527697320124223,-10.146546456564622,True,True,0.05276973204234703,-0.1465464573984594,7.369875907897949,45,215000000
camera_calibration,16,2.0,-10.0,1.9999999999700753,-9.999999999166162,2.0527697320124223,-10.146546456564622,True,True,0.05276973204234703,-0.1465464573984594,5.949028968811035,45,280000000
camera_calibration,16,2.0,-10.0,1.9999999999700753,-9.999999999166162,2.0527697320124223,-10.146546456564622,True,True,0.05276973204234703,-0.1465464573984594,6.470739841461182,45,345000000
camera_calibration,16,2.0,-10.0,1.9999999999700753,-9.999999999166162,2.0527697320124223,-10.146546456564622,True,True,0.05276973204234703,-0.1465464573984594,7.173449993133545,45,410000000
camera_calibration,16,2.0,-10.0,1.9999999999700753,-9.999999999166162,2.0527697320124223,-10.146546456564622,True,True,0.05276973204234703,-0.1465464573984594,7.046977996826172,45,475000000
camera_calibration,16,2.0,-10.0,1.9999999999700753,-9.999999999166162,2.0527697320124223,-10.146546456564622,True,True,0.05276973204234703,-0.1465464573984594,5.2093682289123535,45,545000000
camera_calibration,16,2.0,-10.0,1.9999999999700753,-9.999999999166162,2.0527697320124223,-10.146546456564622,True,True,0.05276973204234703,-0.1465464573984594,7.246616840362549,45,610000000
camera_calibration,17,2.0,0.0,2.0,0.0,1.959106199216988,-0.02258511268701078,True,True,-0.04089380078301197,-0.02258511268701078,6.317200183868408,46,70000000
camera_calibration,17,2.0,0.0,2.0,0.0,1.959106199216988,-0.02258511268701078,True,True,-0.04089380078301197,-0.02258511268701078,7.1433892250061035,46,135000000
camera_calibration,17,2.0,0.0,2.0,0.0,1.959106199216988,-0.02258511268701078,True,True,-0.04089380078301197,-0.02258511268701078,7.03995418548584,46,205000000
camera_calibration,17,2.0,0.0,2.0,0.0,1.959106199216988,-0.02258511268701078,True,True,-0.04089380078301197,-0.02258511268701078,7.294722080230713,46,270000000
camera_calibration,17,2.0,0.0,2.0,0.0,1.959106199216988,-0.02258511268701078,True,True,-0.04089380078301197,-0.02258511268701078,7.183032035827637,46,335000000
camera_calibration,17,2.0,0.0,2.0,0.0,1.959106199216988,-0.02258511268701078,True,True,-0.04089380078301197,-0.02258511268701078,7.183394908905029,46,465000000
camera_calibration,17,2.0,0.0,2.0,0.0,1.959106199216988,-0.02258511268701078,True,True,-0.04089380078301197,-0.02258511268701078,5.064072132110596,46,535000000
camera_calibration,17,2.0,0.0,2.0,0.0,1.959106199216988,-0.02258511268701078,True,True,-0.04089380078301197,-0.02258511268701078,7.132705211639404,46,600000000
camera_calibration,17,2.0,0.0,2.0,0.0,1.959106199216988,-0.02258511268701078,True,True,-0.04089380078301197,-0.02258511268701078,5.17218017578125,46,665000000
camera_calibration,17,2.0,0.0,2.0,0.0,1.959106199216988,-0.02258511268701078,True,True,-0.04089380078301197,-0.02258511268701078,5.306661128997803,46,730000000
camera_calibration,17,2.0,0.0,2.0,0.0,1.959106199216988,-0.02258511268701078,True,True,-0.04089380078301197,-0.02258511268701078,5.077693939208984,46,795000000
camera_calibration,17,2.0,0.0,2.0,0.0,1.959106199216988,-0.02258511268701078,True,True,-0.04089380078301197,-0.02258511268701078,5.100397109985352,46,865000000
camera_calibration,17,2.0,0.0,2.0,0.0,1.959106199216988,-0.02258511268701078,True,True,-0.04089380078301197,-0.02258511268701078,5.138637065887451,46,930000000
camera_calibration,17,2.0,0.0,2.0,0.0,1.959106199216988,-0.02258511268701078,True,True,-0.04089380078301197,-0.02258511268701078,5.138637065887451,46,995000000
camera_calibration,17,2.0,0.0,2.0,0.0,1.959106199216988,-0.02258511268701078,True,True,-0.04089380078301197,-0.02258511268701078,5.0788960456848145,47,60000000
camera_calibration,17,2.0,0.0,2.0,0.0,1.959106199216988,-0.02258511268701078,True,True,-0.04089380078301197,-0.02258511268701078,5.159681797027588,47,125000000
camera_calibration,17,2.0,0.0,2.0,0.0,1.959106199216988,-0.02258511268701078,True,True,-0.04089380078301197,-0.02258511268701078,5.093049049377441,47,195000000
camera_calibration,17,2.0,0.0,2.0,0.0,1.959106199216988,-0.02258511268701078,True,True,-0.04089380078301197,-0.02258511268701078,5.0879130363464355,47,260000000
camera_calibration,17,2.0,0.0,2.0,0.0,1.959106199216988,-0.02258511268701078,True,True,-0.04089380078301197,-0.02258511268701078,5.197178840637207,47,325000000
camera_calibration,17,2.0,0.0,2.0,0.0,1.959106199216988,-0.02258511268701078,True,True,-0.04089380078301197,-0.02258511268701078,5.055861949920654,47,390000000
camera_calibration,17,2.0,0.0,2.0,0.0,1.959106199216988,-0.02258511268701078,True,True,-0.04089380078301197,-0.02258511268701078,5.217936038970947,47,455000000
camera_calibration,17,2.0,0.0,2.0,0.0,1.959106199216988,-0.02258511268701078,True,True,-0.04089380078301197,-0.02258511268701078,5.927186012268066,47,590000000
camera_calibration,17,2.0,0.0,2.0,0.0,1.959106199216988,-0.02258511268701078,True,True,-0.04089380078301197,-0.02258511268701078,5.196765899658203,47,655000000
camera_calibration,17,2.0,0.0,2.0,0.0,1.959106199216988,-0.02258511268701078,True,True,-0.04089380078301197,-0.02258511268701078,6.524917125701904,47,720000000
camera_calibration,17,2.0,0.0,2.0,0.0,1.959106199216988,-0.02258511268701078,True,True,-0.04089380078301197,-0.02258511268701078,7.15462589263916,47,785000000
camera_calibration,17,2.0,0.0,2.0,0.0,1.959106199216988,-0.02258511268701078,True,True,-0.04089380078301197,-0.02258511268701078,7.246429920196533,47,855000000
camera_calibration,17,2.0,0.0,2.0,0.0,1.959106199216988,-0.02258511268701078,True,True,-0.04089380078301197,-0.02258511268701078,6.757824897766113,47,985000000
camera_calibration,17,2.0,0.0,2.0,0.0,1.959106199216988,-0.02258511268701078,True,True,-0.04089380078301197,-0.02258511268701078,6.9722418785095215,48,50000000
camera_calibration,17,2.0,0.0,2.0,0.0,1.959106199216988,-0.02258511268701078,True,True,-0.04089380078301197,-0.02258511268701078,7.274458885192871,48,115000000
camera_calibration,17,2.0,0.0,2.0,0.0,1.959106199216988,-0.02258511268701078,True,True,-0.04089380078301197,-0.02258511268701078,5.441793918609619,48,185000000
camera_calibration,18,2.0,10.0,1.9999999999700753,9.999999999166162,2.046859231741966,10.213032314766059,True,True,0.046859231771890775,0.21303231559989655,5.502625942230225,48,645000000
camera_calibration,18,2.0,10.0,1.9999999999700753,9.999999999166162,2.046859231741966,10.213032314766059,True,True,0.046859231771890775,0.21303231559989655,9.302153587341309,48,710000000
camera_calibration,18,2.0,10.0,1.9999999999700753,9.999999999166162,2.046859231741966,10.213032314766059,True,True,0.046859231771890775,0.21303231559989655,6.686013221740723,48,775000000
camera_calibration,18,2.0,10.0,1.9999999999700753,9.999999999166162,2.046859231741966,10.213032314766059,True,True,0.046859231771890775,0.21303231559989655,7.227275848388672,48,845000000
camera_calibration,18,2.0,10.0,1.9999999999700753,9.999999999166162,2.046859231741966,10.213032314766059,True,True,0.046859231771890775,0.21303231559989655,5.620667934417725,48,975000000
camera_calibration,18,2.0,10.0,1.9999999999700753,9.999999999166162,2.046859231741966,10.213032314766059,True,True,0.046859231771890775,0.21303231559989655,7.016162872314453,49,40000000
camera_calibration,18,2.0,10.0,1.9999999999700753,9.999999999166162,2.046859231741966,10.213032314766059,True,True,0.046859231771890775,0.21303231559989655,5.159530162811279,49,105000000
camera_calibration,18,2.0,10.0,1.9999999999700753,9.999999999166162,2.046859231741966,10.213032314766059,True,True,0.046859231771890775,0.21303231559989655,5.159530162811279,49,175000000
camera_calibration,18,2.0,10.0,1.9999999999700753,9.999999999166162,2.046859231741966,10.213032314766059,True,True,0.046859231771890775,0.21303231559989655,7.308937072753906,49,240000000
camera_calibration,18,2.0,10.0,1.9999999999700753,9.999999999166162,2.046859231741966,10.213032314766059,True,True,0.046859231771890775,0.21303231559989655,6.298981189727783,49,305000000
camera_calibration,18,2.0,10.0,1.9999999999700753,9.999999999166162,2.046859231741966,10.213032314766059,True,True,0.046859231771890775,0.21303231559989655,5.311172962188721,49,370000000
camera_calibration,18,2.0,10.0,1.9999999999700753,9.999999999166162,2.046859231741966,10.213032314766059,True,True,0.046859231771890775,0.21303231559989655,5.101410865783691,49,435000000
camera_calibration,18,2.0,10.0,1.9999999999700753,9.999999999166162,2.046859231741966,10.213032314766059,True,True,0.046859231771890775,0.21303231559989655,5.049005031585693,49,505000000
camera_calibration,18,2.0,10.0,1.9999999999700753,9.999999999166162,2.046859231741966,10.213032314766059,True,True,0.046859231771890775,0.21303231559989655,5.0619587898254395,49,570000000
camera_calibration,18,2.0,10.0,1.9999999999700753,9.999999999166162,2.046859231741966,10.213032314766059,True,True,0.046859231771890775,0.21303231559989655,5.05974006652832,49,635000000
camera_calibration,18,2.0,10.0,1.9999999999700753,9.999999999166162,2.046859231741966,10.213032314766059,True,True,0.046859231771890775,0.21303231559989655,5.0706281661987305,49,700000000
camera_calibration,18,2.0,10.0,1.9999999999700753,9.999999999166162,2.046859231741966,10.213032314766059,True,True,0.046859231771890775,0.21303231559989655,5.0706281661987305,49,765000000
camera_calibration,18,2.0,10.0,1.9999999999700753,9.999999999166162,2.046859231741966,10.213032314766059,True,True,0.046859231771890775,0.21303231559989655,5.220934867858887,49,835000000
camera_calibration,18,2.0,10.0,1.9999999999700753,9.999999999166162,2.046859231741966,10.213032314766059,True,True,0.046859231771890775,0.21303231559989655,5.1063690185546875,49,900000000
camera_calibration,18,2.0,10.0,1.9999999999700753,9.999999999166162,2.046859231741966,10.213032314766059,True,True,0.046859231771890775,0.21303231559989655,5.0871429443359375,49,965000000
camera_calibration,18,2.0,10.0,1.9999999999700753,9.999999999166162,2.046859231741966,10.213032314766059,True,True,0.046859231771890775,0.21303231559989655,5.086816787719727,50,30000000
camera_calibration,18,2.0,10.0,1.9999999999700753,9.999999999166162,2.046859231741966,10.213032314766059,True,True,0.046859231771890775,0.21303231559989655,5.35469913482666,50,95000000
camera_calibration,18,2.0,10.0,1.9999999999700753,9.999999999166162,2.046859231741966,10.213032314766059,True,True,0.046859231771890775,0.21303231559989655,5.7286529541015625,50,165000000
camera_calibration,18,2.0,10.0,1.9999999999700753,9.999999999166162,2.046859231741966,10.213032314766059,True,True,0.046859231771890775,0.21303231559989655,5.168914794921875,50,295000000
camera_calibration,18,2.0,10.0,1.9999999999700753,9.999999999166162,2.046859231741966,10.213032314766059,True,True,0.046859231771890775,0.21303231559989655,5.520510196685791,50,360000000
camera_calibration,18,2.0,10.0,1.9999999999700753,9.999999999166162,2.046859231741966,10.213032314766059,True,True,0.046859231771890775,0.21303231559989655,7.230727195739746,50,425000000
camera_calibration,18,2.0,10.0,1.9999999999700753,9.999999999166162,2.046859231741966,10.213032314766059,True,True,0.046859231771890775,0.21303231559989655,7.181204795837402,50,495000000
camera_calibration,18,2.0,10.0,1.9999999999700753,9.999999999166162,2.046859231741966,10.213032314766059,True,True,0.046859231771890775,0.21303231559989655,7.273366928100586,50,560000000
camera_calibration,18,2.0,10.0,1.9999999999700753,9.999999999166162,2.046859231741966,10.213032314766059,True,True,0.046859231771890775,0.21303231559989655,6.912749767303467,50,625000000
camera_calibration,18,2.0,10.0,1.9999999999700753,9.999999999166162,2.046859231741966,10.213032314766059,True,True,0.046859231771890775,0.21303231559989655,6.958430767059326,50,690000000
camera_calibration,19,2.0,20.0,2.000000000419004,19.999999997114607,,,False,True,,,,51,85000000
camera_calibration,19,2.0,20.0,2.000000000419004,19.999999997114607,,,False,True,,,,51,155000000
camera_calibration,19,2.0,20.0,2.000000000419004,19.999999997114607,,,False,True,,,,51,220000000
camera_calibration,19,2.0,20.0,2.000000000419004,19.999999997114607,,,False,True,,,,51,285000000
camera_calibration,19,2.0,20.0,2.000000000419004,19.999999997114607,,,False,True,,,,51,350000000
camera_calibration,19,2.0,20.0,2.000000000419004,19.999999997114607,,,False,True,,,,51,415000000
camera_calibration,19,2.0,20.0,2.000000000419004,19.999999997114607,,,False,True,,,,51,485000000
camera_calibration,19,2.0,20.0,2.000000000419004,19.999999997114607,,,False,True,,,,51,550000000
camera_calibration,19,2.0,20.0,2.000000000419004,19.999999997114607,,,False,True,,,,51,615000000
camera_calibration,19,2.0,20.0,2.000000000419004,19.999999997114607,,,False,True,,,,51,680000000
camera_calibration,19,2.0,20.0,2.000000000419004,19.999999997114607,,,False,True,,,,51,745000000
camera_calibration,19,2.0,20.0,2.000000000419004,19.999999997114607,,,False,True,,,,51,815000000
camera_calibration,19,2.0,20.0,2.000000000419004,19.999999997114607,,,False,True,,,,51,880000000
camera_calibration,19,2.0,20.0,2.000000000419004,19.999999997114607,,,False,True,,,,51,945000000
camera_calibration,19,2.0,20.0,2.000000000419004,19.999999997114607,,,False,True,,,,52,10000000
camera_calibration,19,2.0,20.0,2.000000000419004,19.999999997114607,,,False,True,,,,52,75000000
camera_calibration,19,2.0,20.0,2.000000000419004,19.999999997114607,,,False,True,,,,52,145000000
camera_calibration,19,2.0,20.0,2.000000000419004,19.999999997114607,,,False,True,,,,52,210000000
camera_calibration,19,2.0,20.0,2.000000000419004,19.999999997114607,,,False,True,,,,52,275000000
camera_calibration,19,2.0,20.0,2.000000000419004,19.999999997114607,,,False,True,,,,52,340000000
camera_calibration,19,2.0,20.0,2.000000000419004,19.999999997114607,,,False,True,,,,52,405000000
camera_calibration,19,2.0,20.0,2.000000000419004,19.999999997114607,,,False,True,,,,52,475000000
camera_calibration,19,2.0,20.0,2.000000000419004,19.999999997114607,,,False,True,,,,52,540000000
camera_calibration,19,2.0,20.0,2.000000000419004,19.999999997114607,,,False,True,,,,52,605000000
camera_calibration,19,2.0,20.0,2.000000000419004,19.999999997114607,,,False,True,,,,52,670000000
camera_calibration,19,2.0,20.0,2.000000000419004,19.999999997114607,,,False,True,,,,52,735000000
camera_calibration,19,2.0,20.0,2.000000000419004,19.999999997114607,,,False,True,,,,52,805000000
camera_calibration,19,2.0,20.0,2.000000000419004,19.999999997114607,,,False,True,,,,52,870000000
camera_calibration,19,2.0,20.0,2.000000000419004,19.999999997114607,,,False,True,,,,52,935000000
camera_calibration,19,2.0,20.0,2.000000000419004,19.999999997114607,,,False,True,,,,53,0
camera_calibration,20,2.0,30.0,2.0000000003733636,29.99999999382462,1.945209080602316,28.172889916310858,True,False,-0.054790919771047664,-1.8271100775137619,5.523956775665283,53,530000000
camera_calibration,20,2.0,30.0,2.0000000003733636,29.99999999382462,1.945209080602316,28.172889916310858,True,False,-0.054790919771047664,-1.8271100775137619,7.3299150466918945,53,595000000
camera_calibration,20,2.0,30.0,2.0000000003733636,29.99999999382462,1.945209080602316,28.172889916310858,True,False,-0.054790919771047664,-1.8271100775137619,7.904280185699463,53,660000000
camera_calibration,20,2.0,30.0,2.0000000003733636,29.99999999382462,1.945209080602316,28.172889916310858,True,False,-0.054790919771047664,-1.8271100775137619,6.20852518081665,53,725000000
camera_calibration,20,2.0,30.0,2.0000000003733636,29.99999999382462,1.945209080602316,28.172889916310858,True,False,-0.054790919771047664,-1.8271100775137619,8.0449857711792,53,795000000
camera_calibration,20,2.0,30.0,2.0000000003733636,29.99999999382462,1.945209080602316,28.172889916310858,True,False,-0.054790919771047664,-1.8271100775137619,5.1926422119140625,53,860000000
camera_calibration,20,2.0,30.0,2.0000000003733636,29.99999999382462,1.945209080602316,28.172889916310858,True,False,-0.054790919771047664,-1.8271100775137619,7.110580921173096,53,925000000
camera_calibration,20,2.0,30.0,2.0000000003733636,29.99999999382462,1.945209080602316,28.172889916310858,True,False,-0.054790919771047664,-1.8271100775137619,7.783542156219482,53,990000000
camera_calibration,20,2.0,30.0,2.0000000003733636,29.99999999382462,1.945209080602316,28.172889916310858,True,False,-0.054790919771047664,-1.8271100775137619,8.0013427734375,54,55000000
camera_calibration,20,2.0,30.0,2.0000000003733636,29.99999999382462,1.945209080602316,28.172889916310858,True,False,-0.054790919771047664,-1.8271100775137619,8.259956359863281,54,125000000
camera_calibration,20,2.0,30.0,2.0000000003733636,29.99999999382462,1.945209080602316,28.172889916310858,True,False,-0.054790919771047664,-1.8271100775137619,8.107539176940918,54,190000000
camera_calibration,20,2.0,30.0,2.0000000003733636,29.99999999382462,1.945209080602316,28.172889916310858,True,False,-0.054790919771047664,-1.8271100775137619,8.040799140930176,54,255000000
camera_calibration,20,2.0,30.0,2.0000000003733636,29.99999999382462,1.945209080602316,28.172889916310858,True,False,-0.054790919771047664,-1.8271100775137619,7.926667213439941,54,385000000
camera_calibration,20,2.0,30.0,2.0000000003733636,29.99999999382462,1.945209080602316,28.172889916310858,True,False,-0.054790919771047664,-1.8271100775137619,5.206777095794678,54,520000000
camera_calibration,20,2.0,30.0,2.0000000003733636,29.99999999382462,1.945209080602316,28.172889916310858,True,False,-0.054790919771047664,-1.8271100775137619,6.049990177154541,54,585000000
camera_calibration,20,2.0,30.0,2.0000000003733636,29.99999999382462,1.945209080602316,28.172889916310858,True,False,-0.054790919771047664,-1.8271100775137619,6.049990177154541,54,650000000
camera_calibration,20,2.0,30.0,2.0000000003733636,29.99999999382462,1.945209080602316,28.172889916310858,True,False,-0.054790919771047664,-1.8271100775137619,8.704825401306152,54,715000000
camera_calibration,20,2.0,30.0,2.0000000003733636,29.99999999382462,1.945209080602316,28.172889916310858,True,False,-0.054790919771047664,-1.8271100775137619,5.0588860511779785,54,785000000
camera_calibration,20,2.0,30.0,2.0000000003733636,29.99999999382462,1.945209080602316,28.172889916310858,True,False,-0.054790919771047664,-1.8271100775137619,5.129223823547363,54,850000000
camera_calibration,20,2.0,30.0,2.0000000003733636,29.99999999382462,1.945209080602316,28.172889916310858,True,False,-0.054790919771047664,-1.8271100775137619,5.069413185119629,54,980000000
camera_calibration,20,2.0,30.0,2.0000000003733636,29.99999999382462,1.945209080602316,28.172889916310858,True,False,-0.054790919771047664,-1.8271100775137619,5.208226203918457,55,45000000
camera_calibration,20,2.0,30.0,2.0000000003733636,29.99999999382462,1.945209080602316,28.172889916310858,True,False,-0.054790919771047664,-1.8271100775137619,5.248216152191162,55,115000000
camera_calibration,20,2.0,30.0,2.0000000003733636,29.99999999382462,1.945209080602316,28.172889916310858,True,False,-0.054790919771047664,-1.8271100775137619,5.248216152191162,55,180000000
camera_calibration,20,2.0,30.0,2.0000000003733636,29.99999999382462,1.945209080602316,28.172889916310858,True,False,-0.054790919771047664,-1.8271100775137619,5.453442096710205,55,245000000
camera_calibration,20,2.0,30.0,2.0000000003733636,29.99999999382462,1.945209080602316,28.172889916310858,True,False,-0.054790919771047664,-1.8271100775137619,7.439082145690918,55,310000000
camera_calibration,20,2.0,30.0,2.0000000003733636,29.99999999382462,1.945209080602316,28.172889916310858,True,False,-0.054790919771047664,-1.8271100775137619,7.439082145690918,55,375000000
camera_calibration,20,2.0,30.0,2.0000000003733636,29.99999999382462,1.945209080602316,28.172889916310858,True,False,-0.054790919771047664,-1.8271100775137619,8.041711807250977,55,445000000
camera_calibration,20,2.0,30.0,2.0000000003733636,29.99999999382462,1.945209080602316,28.172889916310858,True,False,-0.054790919771047664,-1.8271100775137619,5.25933313369751,55,510000000
camera_calibration,20,2.0,30.0,2.0000000003733636,29.99999999382462,1.945209080602316,28.172889916310858,True,False,-0.054790919771047664,-1.8271100775137619,6.928293228149414,55,575000000
camera_calibration,20,2.0,30.0,2.0000000003733636,29.99999999382462,1.945209080602316,28.172889916310858,True,False,-0.054790919771047664,-1.8271100775137619,8.131190299987793,55,640000000
camera_calibration,21,3.0,-30.0,2.9999999996940194,-30.000000003373916,3.059171189953049,-29.559952674740174,True,False,0.059171190259029505,0.4400473286337423,5.913631916046143,56,105000000
camera_calibration,21,3.0,-30.0,2.9999999996940194,-30.000000003373916,3.059171189953049,-29.559952674740174,True,False,0.059171190259029505,0.4400473286337423,5.401084899902344,56,235000000
camera_calibration,21,3.0,-30.0,2.9999999996940194,-30.000000003373916,3.059171189953049,-29.559952674740174,True,False,0.059171190259029505,0.4400473286337423,5.567437171936035,56,300000000
camera_calibration,21,3.0,-30.0,2.9999999996940194,-30.000000003373916,3.059171189953049,-29.559952674740174,True,False,0.059171190259029505,0.4400473286337423,6.101743221282959,56,365000000
camera_calibration,21,3.0,-30.0,2.9999999996940194,-30.000000003373916,3.059171189953049,-29.559952674740174,True,False,0.059171190259029505,0.4400473286337423,8.053793907165527,56,435000000
camera_calibration,21,3.0,-30.0,2.9999999996940194,-30.000000003373916,3.059171189953049,-29.559952674740174,True,False,0.059171190259029505,0.4400473286337423,7.117714881896973,56,500000000
camera_calibration,21,3.0,-30.0,2.9999999996940194,-30.000000003373916,3.059171189953049,-29.559952674740174,True,False,0.059171190259029505,0.4400473286337423,5.611537933349609,56,565000000
camera_calibration,21,3.0,-30.0,2.9999999996940194,-30.000000003373916,3.059171189953049,-29.559952674740174,True,False,0.059171190259029505,0.4400473286337423,6.66953706741333,56,630000000
camera_calibration,21,3.0,-30.0,2.9999999996940194,-30.000000003373916,3.059171189953049,-29.559952674740174,True,False,0.059171190259029505,0.4400473286337423,8.614112854003906,56,695000000
camera_calibration,21,3.0,-30.0,2.9999999996940194,-30.000000003373916,3.059171189953049,-29.559952674740174,True,False,0.059171190259029505,0.4400473286337423,8.796344757080078,56,765000000
camera_calibration,21,3.0,-30.0,2.9999999996940194,-30.000000003373916,3.059171189953049,-29.559952674740174,True,False,0.059171190259029505,0.4400473286337423,7.374594211578369,56,830000000
camera_calibration,21,3.0,-30.0,2.9999999996940194,-30.000000003373916,3.059171189953049,-29.559952674740174,True,False,0.059171190259029505,0.4400473286337423,7.3420820236206055,56,895000000
camera_calibration,21,3.0,-30.0,2.9999999996940194,-30.000000003373916,3.059171189953049,-29.559952674740174,True,False,0.059171190259029505,0.4400473286337423,9.461848258972168,56,960000000
camera_calibration,21,3.0,-30.0,2.9999999996940194,-30.000000003373916,3.059171189953049,-29.559952674740174,True,False,0.059171190259029505,0.4400473286337423,8.678439140319824,57,25000000
camera_calibration,21,3.0,-30.0,2.9999999996940194,-30.000000003373916,3.059171189953049,-29.559952674740174,True,False,0.059171190259029505,0.4400473286337423,12.562356948852539,57,95000000
camera_calibration,21,3.0,-30.0,2.9999999996940194,-30.000000003373916,3.059171189953049,-29.559952674740174,True,False,0.059171190259029505,0.4400473286337423,11.949941635131836,57,160000000
camera_calibration,21,3.0,-30.0,2.9999999996940194,-30.000000003373916,3.059171189953049,-29.559952674740174,True,False,0.059171190259029505,0.4400473286337423,6.332280158996582,57,290000000
camera_calibration,21,3.0,-30.0,2.9999999996940194,-30.000000003373916,3.059171189953049,-29.559952674740174,True,False,0.059171190259029505,0.4400473286337423,5.066573143005371,57,355000000
camera_calibration,21,3.0,-30.0,2.9999999996940194,-30.000000003373916,3.059171189953049,-29.559952674740174,True,False,0.059171190259029505,0.4400473286337423,5.055055141448975,57,425000000
camera_calibration,21,3.0,-30.0,2.9999999996940194,-30.000000003373916,3.059171189953049,-29.559952674740174,True,False,0.059171190259029505,0.4400473286337423,5.147171974182129,57,490000000
camera_calibration,21,3.0,-30.0,2.9999999996940194,-30.000000003373916,3.059171189953049,-29.559952674740174,True,False,0.059171190259029505,0.4400473286337423,5.112369060516357,57,555000000
camera_calibration,21,3.0,-30.0,2.9999999996940194,-30.000000003373916,3.059171189953049,-29.559952674740174,True,False,0.059171190259029505,0.4400473286337423,5.09119176864624,57,620000000
camera_calibration,21,3.0,-30.0,2.9999999996940194,-30.000000003373916,3.059171189953049,-29.559952674740174,True,False,0.059171190259029505,0.4400473286337423,5.597476005554199,57,685000000
camera_calibration,21,3.0,-30.0,2.9999999996940194,-30.000000003373916,3.059171189953049,-29.559952674740174,True,False,0.059171190259029505,0.4400473286337423,6.289001941680908,57,820000000
camera_calibration,21,3.0,-30.0,2.9999999996940194,-30.000000003373916,3.059171189953049,-29.559952674740174,True,False,0.059171190259029505,0.4400473286337423,5.1761298179626465,57,885000000
camera_calibration,21,3.0,-30.0,2.9999999996940194,-30.000000003373916,3.059171189953049,-29.559952674740174,True,False,0.059171190259029505,0.4400473286337423,5.4490861892700195,57,950000000
camera_calibration,21,3.0,-30.0,2.9999999996940194,-30.000000003373916,3.059171189953049,-29.559952674740174,True,False,0.059171190259029505,0.4400473286337423,5.813639163970947,58,15000000
camera_calibration,21,3.0,-30.0,2.9999999996940194,-30.000000003373916,3.059171189953049,-29.559952674740174,True,False,0.059171190259029505,0.4400473286337423,8.458077430725098,58,85000000
camera_calibration,21,3.0,-30.0,2.9999999996940194,-30.000000003373916,3.059171189953049,-29.559952674740174,True,False,0.059171190259029505,0.4400473286337423,5.5517449378967285,58,150000000
camera_calibration,21,3.0,-30.0,2.9999999996940194,-30.000000003373916,3.059171189953049,-29.559952674740174,True,False,0.059171190259029505,0.4400473286337423,5.661205768585205,58,215000000
camera_calibration,22,3.0,-20.0,2.9999999996717124,-20.000000002749367,2.8549759358632287,-20.12043371838097,True,True,-0.14502406380848365,-0.12043371563160221,8.681242942810059,58,675000000
camera_calibration,22,3.0,-20.0,2.9999999996717124,-20.000000002749367,2.8549759358632287,-20.12043371838097,True,True,-0.14502406380848365,-0.12043371563160221,6.328405857086182,58,745000000
camera_calibration,22,3.0,-20.0,2.9999999996717124,-20.000000002749367,2.8549759358632287,-20.12043371838097,True,True,-0.14502406380848365,-0.12043371563160221,6.328405857086182,58,810000000
camera_calibration,22,3.0,-20.0,2.9999999996717124,-20.000000002749367,2.8549759358632287,-20.12043371838097,True,True,-0.14502406380848365,-0.12043371563160221,5.611571788787842,58,875000000
camera_calibration,22,3.0,-20.0,2.9999999996717124,-20.000000002749367,2.8549759358632287,-20.12043371838097,True,True,-0.14502406380848365,-0.12043371563160221,5.333424091339111,58,940000000
camera_calibration,22,3.0,-20.0,2.9999999996717124,-20.000000002749367,2.8549759358632287,-20.12043371838097,True,True,-0.14502406380848365,-0.12043371563160221,5.248776912689209,59,5000000
camera_calibration,22,3.0,-20.0,2.9999999996717124,-20.000000002749367,2.8549759358632287,-20.12043371838097,True,True,-0.14502406380848365,-0.12043371563160221,5.9159321784973145,59,75000000
camera_calibration,22,3.0,-20.0,2.9999999996717124,-20.000000002749367,2.8549759358632287,-20.12043371838097,True,True,-0.14502406380848365,-0.12043371563160221,5.086173057556152,59,140000000
camera_calibration,22,3.0,-20.0,2.9999999996717124,-20.000000002749367,2.8549759358632287,-20.12043371838097,True,True,-0.14502406380848365,-0.12043371563160221,5.452945232391357,59,270000000
camera_calibration,22,3.0,-20.0,2.9999999996717124,-20.000000002749367,2.8549759358632287,-20.12043371838097,True,True,-0.14502406380848365,-0.12043371563160221,8.711570739746094,59,335000000
camera_calibration,22,3.0,-20.0,2.9999999996717124,-20.000000002749367,2.8549759358632287,-20.12043371838097,True,True,-0.14502406380848365,-0.12043371563160221,8.767362594604492,59,405000000
camera_calibration,22,3.0,-20.0,2.9999999996717124,-20.000000002749367,2.8549759358632287,-20.12043371838097,True,True,-0.14502406380848365,-0.12043371563160221,5.548285007476807,59,470000000
camera_calibration,22,3.0,-20.0,2.9999999996717124,-20.000000002749367,2.8549759358632287,-20.12043371838097,True,True,-0.14502406380848365,-0.12043371563160221,7.930169105529785,59,535000000
camera_calibration,22,3.0,-20.0,2.9999999996717124,-20.000000002749367,2.8549759358632287,-20.12043371838097,True,True,-0.14502406380848365,-0.12043371563160221,9.463866233825684,59,600000000
camera_calibration,22,3.0,-20.0,2.9999999996717124,-20.000000002749367,2.8549759358632287,-20.12043371838097,True,True,-0.14502406380848365,-0.12043371563160221,9.014845848083496,59,665000000
camera_calibration,22,3.0,-20.0,2.9999999996717124,-20.000000002749367,2.8549759358632287,-20.12043371838097,True,True,-0.14502406380848365,-0.12043371563160221,8.890414237976074,59,735000000
camera_calibration,22,3.0,-20.0,2.9999999996717124,-20.000000002749367,2.8549759358632287,-20.12043371838097,True,True,-0.14502406380848365,-0.12043371563160221,9.895423889160156,59,800000000
camera_calibration,22,3.0,-20.0,2.9999999996717124,-20.000000002749367,2.8549759358632287,-20.12043371838097,True,True,-0.14502406380848365,-0.12043371563160221,8.9269380569458,59,865000000
camera_calibration,22,3.0,-20.0,2.9999999996717124,-20.000000002749367,2.8549759358632287,-20.12043371838097,True,True,-0.14502406380848365,-0.12043371563160221,8.792255401611328,59,930000000
camera_calibration,22,3.0,-20.0,2.9999999996717124,-20.000000002749367,2.8549759358632287,-20.12043371838097,True,True,-0.14502406380848365,-0.12043371563160221,11.622509956359863,59,995000000
camera_calibration,22,3.0,-20.0,2.9999999996717124,-20.000000002749367,2.8549759358632287,-20.12043371838097,True,True,-0.14502406380848365,-0.12043371563160221,5.497274875640869,60,65000000
camera_calibration,22,3.0,-20.0,2.9999999996717124,-20.000000002749367,2.8549759358632287,-20.12043371838097,True,True,-0.14502406380848365,-0.12043371563160221,8.909520149230957,60,130000000
camera_calibration,22,3.0,-20.0,2.9999999996717124,-20.000000002749367,2.8549759358632287,-20.12043371838097,True,True,-0.14502406380848365,-0.12043371563160221,5.237771034240723,60,195000000
camera_calibration,22,3.0,-20.0,2.9999999996717124,-20.000000002749367,2.8549759358632287,-20.12043371838097,True,True,-0.14502406380848365,-0.12043371563160221,5.271346092224121,60,260000000
camera_calibration,22,3.0,-20.0,2.9999999996717124,-20.000000002749367,2.8549759358632287,-20.12043371838097,True,True,-0.14502406380848365,-0.12043371563160221,5.294043064117432,60,395000000
camera_calibration,22,3.0,-20.0,2.9999999996717124,-20.000000002749367,2.8549759358632287,-20.12043371838097,True,True,-0.14502406380848365,-0.12043371563160221,5.3671112060546875,60,460000000
camera_calibration,22,3.0,-20.0,2.9999999996717124,-20.000000002749367,2.8549759358632287,-20.12043371838097,True,True,-0.14502406380848365,-0.12043371563160221,5.1954450607299805,60,525000000
camera_calibration,22,3.0,-20.0,2.9999999996717124,-20.000000002749367,2.8549759358632287,-20.12043371838097,True,True,-0.14502406380848365,-0.12043371563160221,5.140252113342285,60,590000000
camera_calibration,22,3.0,-20.0,2.9999999996717124,-20.000000002749367,2.8549759358632287,-20.12043371838097,True,True,-0.14502406380848365,-0.12043371563160221,5.467194080352783,60,655000000
camera_calibration,22,3.0,-20.0,2.9999999996717124,-20.000000002749367,2.8549759358632287,-20.12043371838097,True,True,-0.14502406380848365,-0.12043371563160221,5.494675159454346,60,790000000
camera_calibration,23,3.0,-10.0,2.9999999999637947,-10.000000000106583,3.1146983758958107,-10.08335420080685,True,True,0.11469837593201593,-0.083354200700267,5.314947128295898,61,250000000
camera_calibration,23,3.0,-10.0,2.9999999999637947,-10.000000000106583,3.1146983758958107,-10.08335420080685,True,True,0.11469837593201593,-0.083354200700267,5.53841495513916,61,315000000
camera_calibration,23,3.0,-10.0,2.9999999999637947,-10.000000000106583,3.1146983758958107,-10.08335420080685,True,True,0.11469837593201593,-0.083354200700267,5.538618087768555,61,450000000
camera_calibration,23,3.0,-10.0,2.9999999999637947,-10.000000000106583,3.1146983758958107,-10.08335420080685,True,True,0.11469837593201593,-0.083354200700267,5.538276195526123,61,515000000
camera_calibration,23,3.0,-10.0,2.9999999999637947,-10.000000000106583,3.1146983758958107,-10.08335420080685,True,True,0.11469837593201593,-0.083354200700267,5.67153787612915,61,580000000
camera_calibration,23,3.0,-10.0,2.9999999999637947,-10.000000000106583,3.1146983758958107,-10.08335420080685,True,True,0.11469837593201593,-0.083354200700267,5.972984790802002,61,645000000
camera_calibration,23,3.0,-10.0,2.9999999999637947,-10.000000000106583,3.1146983758958107,-10.08335420080685,True,True,0.11469837593201593,-0.083354200700267,6.935719966888428,61,715000000
camera_calibration,23,3.0,-10.0,2.9999999999637947,-10.000000000106583,3.1146983758958107,-10.08335420080685,True,True,0.11469837593201593,-0.083354200700267,5.509950160980225,61,780000000
camera_calibration,23,3.0,-10.0,2.9999999999637947,-10.000000000106583,3.1146983758958107,-10.08335420080685,True,True,0.11469837593201593,-0.083354200700267,8.04665470123291,61,845000000
camera_calibration,23,3.0,-10.0,2.9999999999637947,-10.000000000106583,3.1146983758958107,-10.08335420080685,True,True,0.11469837593201593,-0.083354200700267,8.169585227966309,61,910000000
camera_calibration,23,3.0,-10.0,2.9999999999637947,-10.000000000106583,3.1146983758958107,-10.08335420080685,True,True,0.11469837593201593,-0.083354200700267,8.66391372680664,61,975000000
camera_calibration,23,3.0,-10.0,2.9999999999637947,-10.000000000106583,3.1146983758958107,-10.08335420080685,True,True,0.11469837593201593,-0.083354200700267,8.526634216308594,62,45000000
camera_calibration,23,3.0,-10.0,2.9999999999637947,-10.000000000106583,3.1146983758958107,-10.08335420080685,True,True,0.11469837593201593,-0.083354200700267,8.004781723022461,62,110000000
camera_calibration,23,3.0,-10.0,2.9999999999637947,-10.000000000106583,3.1146983758958107,-10.08335420080685,True,True,0.11469837593201593,-0.083354200700267,8.712431907653809,62,175000000
camera_calibration,23,3.0,-10.0,2.9999999999637947,-10.000000000106583,3.1146983758958107,-10.08335420080685,True,True,0.11469837593201593,-0.083354200700267,8.817773818969727,62,240000000
camera_calibration,23,3.0,-10.0,2.9999999999637947,-10.000000000106583,3.1146983758958107,-10.08335420080685,True,True,0.11469837593201593,-0.083354200700267,5.1208930015563965,62,305000000
camera_calibration,23,3.0,-10.0,2.9999999999637947,-10.000000000106583,3.1146983758958107,-10.08335420080685,True,True,0.11469837593201593,-0.083354200700267,5.153039932250977,62,375000000
camera_calibration,23,3.0,-10.0,2.9999999999637947,-10.000000000106583,3.1146983758958107,-10.08335420080685,True,True,0.11469837593201593,-0.083354200700267,9.089967727661133,62,440000000
camera_calibration,23,3.0,-10.0,2.9999999999637947,-10.000000000106583,3.1146983758958107,-10.08335420080685,True,True,0.11469837593201593,-0.083354200700267,5.084471225738525,62,505000000
camera_calibration,23,3.0,-10.0,2.9999999999637947,-10.000000000106583,3.1146983758958107,-10.08335420080685,True,True,0.11469837593201593,-0.083354200700267,5.230188846588135,62,635000000
camera_calibration,23,3.0,-10.0,2.9999999999637947,-10.000000000106583,3.1146983758958107,-10.08335420080685,True,True,0.11469837593201593,-0.083354200700267,5.1074137687683105,62,770000000
camera_calibration,23,3.0,-10.0,2.9999999999637947,-10.000000000106583,3.1146983758958107,-10.08335420080685,True,True,0.11469837593201593,-0.083354200700267,5.04441499710083,62,900000000
camera_calibration,23,3.0,-10.0,2.9999999999637947,-10.000000000106583,3.1146983758958107,-10.08335420080685,True,True,0.11469837593201593,-0.083354200700267,5.365801811218262,62,965000000
camera_calibration,23,3.0,-10.0,2.9999999999637947,-10.000000000106583,3.1146983758958107,-10.08335420080685,True,True,0.11469837593201593,-0.083354200700267,5.632884979248047,63,100000000
camera_calibration,23,3.0,-10.0,2.9999999999637947,-10.000000000106583,3.1146983758958107,-10.08335420080685,True,True,0.11469837593201593,-0.083354200700267,5.095180988311768,63,165000000
camera_calibration,23,3.0,-10.0,2.9999999999637947,-10.000000000106583,3.1146983758958107,-10.08335420080685,True,True,0.11469837593201593,-0.083354200700267,5.414348125457764,63,230000000
camera_calibration,23,3.0,-10.0,2.9999999999637947,-10.000000000106583,3.1146983758958107,-10.08335420080685,True,True,0.11469837593201593,-0.083354200700267,5.802377223968506,63,295000000
camera_calibration,23,3.0,-10.0,2.9999999999637947,-10.000000000106583,3.1146983758958107,-10.08335420080685,True,True,0.11469837593201593,-0.083354200700267,8.177578926086426,63,365000000
camera_calibration,23,3.0,-10.0,2.9999999999637947,-10.000000000106583,3.1146983758958107,-10.08335420080685,True,True,0.11469837593201593,-0.083354200700267,5.182507038116455,63,430000000
camera_calibration,23,3.0,-10.0,2.9999999999637947,-10.000000000106583,3.1146983758958107,-10.08335420080685,True,True,0.11469837593201593,-0.083354200700267,6.82701301574707,63,495000000
camera_calibration,24,3.0,0.0,3.0,0.0,1.7050565622297758,-0.053702281088356105,True,True,-1.2949434377702242,-0.053702281088356105,8.747124671936035,63,890000000
camera_calibration,24,3.0,0.0,3.0,0.0,1.7050565622297758,-0.053702281088356105,True,True,-1.2949434377702242,-0.053702281088356105,5.498051166534424,64,25000000
camera_calibration,24,3.0,0.0,3.0,0.0,1.7050565622297758,-0.053702281088356105,True,True,-1.2949434377702242,-0.053702281088356105,5.159764766693115,64,90000000
camera_calibration,24,3.0,0.0,3.0,0.0,1.7050565622297758,-0.053702281088356105,True,True,-1.2949434377702242,-0.053702281088356105,5.035673141479492,64,155000000
camera_calibration,24,3.0,0.0,3.0,0.0,1.7050565622297758,-0.053702281088356105,True,True,-1.2949434377702242,-0.053702281088356105,5.165665149688721,64,220000000
camera_calibration,24,3.0,0.0,3.0,0.0,1.7050565622297758,-0.053702281088356105,True,True,-1.2949434377702242,-0.053702281088356105,5.5361328125,64,285000000
camera_calibration,24,3.0,0.0,3.0,0.0,1.7050565622297758,-0.053702281088356105,True,True,-1.2949434377702242,-0.053702281088356105,6.256131172180176,64,355000000
camera_calibration,24,3.0,0.0,3.0,0.0,1.7050565622297758,-0.053702281088356105,True,True,-1.2949434377702242,-0.053702281088356105,5.423717975616455,64,420000000
camera_calibration,24,3.0,0.0,3.0,0.0,1.7050565622297758,-0.053702281088356105,True,True,-1.2949434377702242,-0.053702281088356105,5.43243408203125,64,485000000
camera_calibration,24,3.0,0.0,3.0,0.0,1.7050565622297758,-0.053702281088356105,True,True,-1.2949434377702242,-0.053702281088356105,5.529262065887451,64,550000000
camera_calibration,24,3.0,0.0,3.0,0.0,1.7050565622297758,-0.053702281088356105,True,True,-1.2949434377702242,-0.053702281088356105,8.67304515838623,64,615000000
camera_calibration,24,3.0,0.0,3.0,0.0,1.7050565622297758,-0.053702281088356105,True,True,-1.2949434377702242,-0.053702281088356105,8.605979919433594,64,685000000
camera_calibration,24,3.0,0.0,3.0,0.0,1.7050565622297758,-0.053702281088356105,True,True,-1.2949434377702242,-0.053702281088356105,6.240190029144287,64,750000000
camera_calibration,24,3.0,0.0,3.0,0.0,1.7050565622297758,-0.053702281088356105,True,True,-1.2949434377702242,-0.053702281088356105,7.600830078125,64,815000000
camera_calibration,24,3.0,0.0,3.0,0.0,1.7050565622297758,-0.053702281088356105,True,True,-1.2949434377702242,-0.053702281088356105,8.805304527282715,64,880000000
camera_calibration,24,3.0,0.0,3.0,0.0,1.7050565622297758,-0.053702281088356105,True,True,-1.2949434377702242,-0.053702281088356105,8.800409317016602,64,945000000
camera_calibration,24,3.0,0.0,3.0,0.0,1.7050565622297758,-0.053702281088356105,True,True,-1.2949434377702242,-0.053702281088356105,5.210838794708252,65,15000000
camera_calibration,24,3.0,0.0,3.0,0.0,1.7050565622297758,-0.053702281088356105,True,True,-1.2949434377702242,-0.053702281088356105,8.631786346435547,65,80000000
camera_calibration,24,3.0,0.0,3.0,0.0,1.7050565622297758,-0.053702281088356105,True,True,-1.2949434377702242,-0.053702281088356105,8.768799781799316,65,145000000
camera_calibration,24,3.0,0.0,3.0,0.0,1.7050565622297758,-0.053702281088356105,True,True,-1.2949434377702242,-0.053702281088356105,8.56319808959961,65,210000000
camera_calibration,24,3.0,0.0,3.0,0.0,1.7050565622297758,-0.053702281088356105,True,True,-1.2949434377702242,-0.053702281088356105,5.087052822113037,65,275000000
camera_calibration,24,3.0,0.0,3.0,0.0,1.7050565622297758,-0.053702281088356105,True,True,-1.2949434377702242,-0.053702281088356105,5.0949859619140625,65,345000000
camera_calibration,24,3.0,0.0,3.0,0.0,1.7050565622297758,-0.053702281088356105,True,True,-1.2949434377702242,-0.053702281088356105,6.318793773651123,65,410000000
camera_calibration,24,3.0,0.0,3.0,0.0,1.7050565622297758,-0.053702281088356105,True,True,-1.2949434377702242,-0.053702281088356105,5.132253170013428,65,475000000
camera_calibration,24,3.0,0.0,3.0,0.0,1.7050565622297758,-0.053702281088356105,True,True,-1.2949434377702242,-0.053702281088356105,5.059537887573242,65,540000000
camera_calibration,24,3.0,0.0,3.0,0.0,1.7050565622297758,-0.053702281088356105,True,True,-1.2949434377702242,-0.053702281088356105,5.158257961273193,65,605000000
camera_calibration,24,3.0,0.0,3.0,0.0,1.7050565622297758,-0.053702281088356105,True,True,-1.2949434377702242,-0.053702281088356105,5.392911911010742,65,675000000
camera_calibration,24,3.0,0.0,3.0,0.0,1.7050565622297758,-0.053702281088356105,True,True,-1.2949434377702242,-0.053702281088356105,5.264841079711914,65,805000000
camera_calibration,24,3.0,0.0,3.0,0.0,1.7050565622297758,-0.053702281088356105,True,True,-1.2949434377702242,-0.053702281088356105,5.440299987792969,65,870000000
camera_calibration,24,3.0,0.0,3.0,0.0,1.7050565622297758,-0.053702281088356105,True,True,-1.2949434377702242,-0.053702281088356105,5.3393049240112305,65,935000000
camera_calibration,25,3.0,10.0,2.9999999999637947,10.000000000106583,3.1262830478317114,10.132897449103389,True,True,0.12628304786791666,0.13289744899680578,6.565596103668213,66,400000000
camera_calibration,25,3.0,10.0,2.9999999999637947,10.000000000106583,3.1262830478317114,10.132897449103389,True,True,0.12628304786791666,0.13289744899680578,5.372858047485352,66,530000000
camera_calibration,25,3.0,10.0,2.9999999999637947,10.000000000106583,3.1262830478317114,10.132897449103389,True,True,0.12628304786791666,0.13289744899680578,5.1113691329956055,66,665000000
camera_calibration,25,3.0,10.0,2.9999999999637947,10.000000000106583,3.1262830478317114,10.132897449103389,True,True,0.12628304786791666,0.13289744899680578,5.160191059112549,66,730000000
camera_calibration,25,3.0,10.0,2.9999999999637947,10.000000000106583,3.1262830478317114,10.132897449103389,True,True,0.12628304786791666,0.13289744899680578,5.143034934997559,66,795000000
camera_calibration,25,3.0,10.0,2.9999999999637947,10.000000000106583,3.1262830478317114,10.132897449103389,True,True,0.12628304786791666,0.13289744899680578,5.089439868927002,66,860000000
camera_calibration,25,3.0,10.0,2.9999999999637947,10.000000000106583,3.1262830478317114,10.132897449103389,True,True,0.12628304786791666,0.13289744899680578,5.436731815338135,66,925000000
camera_calibration,25,3.0,10.0,2.9999999999637947,10.000000000106583,3.1262830478317114,10.132897449103389,True,True,0.12628304786791666,0.13289744899680578,5.285927772521973,66,995000000
camera_calibration,25,3.0,10.0,2.9999999999637947,10.000000000106583,3.1262830478317114,10.132897449103389,True,True,0.12628304786791666,0.13289744899680578,5.346144199371338,67,60000000
camera_calibration,25,3.0,10.0,2.9999999999637947,10.000000000106583,3.1262830478317114,10.132897449103389,True,True,0.12628304786791666,0.13289744899680578,5.365269184112549,67,125000000
camera_calibration,25,3.0,10.0,2.9999999999637947,10.000000000106583,3.1262830478317114,10.132897449103389,True,True,0.12628304786791666,0.13289744899680578,5.419140815734863,67,190000000
camera_calibration,25,3.0,10.0,2.9999999999637947,10.000000000106583,3.1262830478317114,10.132897449103389,True,True,0.12628304786791666,0.13289744899680578,7.480217933654785,67,255000000
camera_calibration,25,3.0,10.0,2.9999999999637947,10.000000000106583,3.1262830478317114,10.132897449103389,True,True,0.12628304786791666,0.13289744899680578,8.738125801086426,67,325000000
camera_calibration,25,3.0,10.0,2.9999999999637947,10.000000000106583,3.1262830478317114,10.132897449103389,True,True,0.12628304786791666,0.13289744899680578,5.348177909851074,67,390000000
camera_calibration,25,3.0,10.0,2.9999999999637947,10.000000000106583,3.1262830478317114,10.132897449103389,True,True,0.12628304786791666,0.13289744899680578,5.353871822357178,67,455000000
camera_calibration,25,3.0,10.0,2.9999999999637947,10.000000000106583,3.1262830478317114,10.132897449103389,True,True,0.12628304786791666,0.13289744899680578,7.944675922393799,67,520000000
camera_calibration,25,3.0,10.0,2.9999999999637947,10.000000000106583,3.1262830478317114,10.132897449103389,True,True,0.12628304786791666,0.13289744899680578,8.932572364807129,67,585000000
camera_calibration,25,3.0,10.0,2.9999999999637947,10.000000000106583,3.1262830478317114,10.132897449103389,True,True,0.12628304786791666,0.13289744899680578,5.20432186126709,67,655000000
camera_calibration,25,3.0,10.0,2.9999999999637947,10.000000000106583,3.1262830478317114,10.132897449103389,True,True,0.12628304786791666,0.13289744899680578,8.710549354553223,67,720000000
camera_calibration,25,3.0,10.0,2.9999999999637947,10.000000000106583,3.1262830478317114,10.132897449103389,True,True,0.12628304786791666,0.13289744899680578,8.846895217895508,67,785000000
camera_calibration,25,3.0,10.0,2.9999999999637947,10.000000000106583,3.1262830478317114,10.132897449103389,True,True,0.12628304786791666,0.13289744899680578,8.811800956726074,67,850000000
camera_calibration,25,3.0,10.0,2.9999999999637947,10.000000000106583,3.1262830478317114,10.132897449103389,True,True,0.12628304786791666,0.13289744899680578,7.4151129722595215,67,915000000
camera_calibration,25,3.0,10.0,2.9999999999637947,10.000000000106583,3.1262830478317114,10.132897449103389,True,True,0.12628304786791666,0.13289744899680578,5.328017234802246,67,985000000
camera_calibration,25,3.0,10.0,2.9999999999637947,10.000000000106583,3.1262830478317114,10.132897449103389,True,True,0.12628304786791666,0.13289744899680578,8.928773880004883,68,50000000
camera_calibration,25,3.0,10.0,2.9999999999637947,10.000000000106583,3.1262830478317114,10.132897449103389,True,True,0.12628304786791666,0.13289744899680578,5.285536766052246,68,115000000
camera_calibration,25,3.0,10.0,2.9999999999637947,10.000000000106583,3.1262830478317114,10.132897449103389,True,True,0.12628304786791666,0.13289744899680578,5.340714931488037,68,180000000
camera_calibration,25,3.0,10.0,2.9999999999637947,10.000000000106583,3.1262830478317114,10.132897449103389,True,True,0.12628304786791666,0.13289744899680578,5.096261978149414,68,245000000
camera_calibration,25,3.0,10.0,2.9999999999637947,10.000000000106583,3.1262830478317114,10.132897449103389,True,True,0.12628304786791666,0.13289744899680578,5.079856872558594,68,315000000
camera_calibration,25,3.0,10.0,2.9999999999637947,10.000000000106583,3.1262830478317114,10.132897449103389,True,True,0.12628304786791666,0.13289744899680578,5.22739315032959,68,380000000
camera_calibration,25,3.0,10.0,2.9999999999637947,10.000000000106583,3.1262830478317114,10.132897449103389,True,True,0.12628304786791666,0.13289744899680578,6.016177177429199,68,445000000
camera_calibration,26,3.0,20.0,2.9999999996717124,20.000000002749367,,,False,True,,,,68,905000000
camera_calibration,26,3.0,20.0,2.9999999996717124,20.000000002749367,,,False,True,,,,68,975000000
camera_calibration,26,3.0,20.0,2.9999999996717124,20.000000002749367,,,False,True,,,,69,105000000
camera_calibration,26,3.0,20.0,2.9999999996717124,20.000000002749367,,,False,True,,,,69,170000000
camera_calibration,26,3.0,20.0,2.9999999996717124,20.000000002749367,,,False,True,,,,69,305000000
camera_calibration,26,3.0,20.0,2.9999999996717124,20.000000002749367,,,False,True,,,,69,370000000
camera_calibration,26,3.0,20.0,2.9999999996717124,20.000000002749367,,,False,True,,,,69,435000000
camera_calibration,26,3.0,20.0,2.9999999996717124,20.000000002749367,,,False,True,,,,69,500000000
camera_calibration,26,3.0,20.0,2.9999999996717124,20.000000002749367,,,False,True,,,,69,565000000
camera_calibration,26,3.0,20.0,2.9999999996717124,20.000000002749367,,,False,True,,,,69,635000000
camera_calibration,26,3.0,20.0,2.9999999996717124,20.000000002749367,,,False,True,,,,69,700000000
camera_calibration,26,3.0,20.0,2.9999999996717124,20.000000002749367,,,False,True,,,,69,765000000
camera_calibration,26,3.0,20.0,2.9999999996717124,20.000000002749367,,,False,True,,,,69,830000000
camera_calibration,26,3.0,20.0,2.9999999996717124,20.000000002749367,,,False,True,,,,69,895000000
camera_calibration,26,3.0,20.0,2.9999999996717124,20.000000002749367,,,False,True,,,,69,965000000
camera_calibration,26,3.0,20.0,2.9999999996717124,20.000000002749367,,,False,True,,,,70,30000000
camera_calibration,26,3.0,20.0,2.9999999996717124,20.000000002749367,,,False,True,,,,70,95000000
camera_calibration,26,3.0,20.0,2.9999999996717124,20.000000002749367,,,False,True,,,,70,160000000
camera_calibration,26,3.0,20.0,2.9999999996717124,20.000000002749367,,,False,True,,,,70,225000000
camera_calibration,26,3.0,20.0,2.9999999996717124,20.000000002749367,,,False,True,,,,70,295000000
camera_calibration,26,3.0,20.0,2.9999999996717124,20.000000002749367,,,False,True,,,,70,360000000
camera_calibration,26,3.0,20.0,2.9999999996717124,20.000000002749367,,,False,True,,,,70,425000000
camera_calibration,26,3.0,20.0,2.9999999996717124,20.000000002749367,,,False,True,,,,70,490000000
camera_calibration,26,3.0,20.0,2.9999999996717124,20.000000002749367,,,False,True,,,,70,555000000
camera_calibration,26,3.0,20.0,2.9999999996717124,20.000000002749367,,,False,True,,,,70,625000000
camera_calibration,26,3.0,20.0,2.9999999996717124,20.000000002749367,,,False,True,,,,70,690000000
camera_calibration,26,3.0,20.0,2.9999999996717124,20.000000002749367,,,False,True,,,,70,755000000
camera_calibration,26,3.0,20.0,2.9999999996717124,20.000000002749367,,,False,True,,,,70,820000000
camera_calibration,26,3.0,20.0,2.9999999996717124,20.000000002749367,,,False,True,,,,70,885000000
camera_calibration,26,3.0,20.0,2.9999999996717124,20.000000002749367,,,False,True,,,,70,955000000
camera_calibration,27,3.0,30.0,2.9999999996940194,30.000000003373916,3.254000731342958,29.61867989801868,True,False,0.25400073164893877,-0.3813201053552362,8.338584899902344,71,480000000
camera_calibration,27,3.0,30.0,2.9999999996940194,30.000000003373916,3.254000731342958,29.61867989801868,True,False,0.25400073164893877,-0.3813201053552362,8.61138916015625,71,545000000
camera_calibration,27,3.0,30.0,2.9999999996940194,30.000000003373916,3.254000731342958,29.61867989801868,True,False,0.25400073164893877,-0.3813201053552362,8.398309707641602,71,680000000
camera_calibration,27,3.0,30.0,2.9999999996940194,30.000000003373916,3.254000731342958,29.61867989801868,True,False,0.25400073164893877,-0.3813201053552362,8.532387733459473,71,810000000
camera_calibration,27,3.0,30.0,2.9999999996940194,30.000000003373916,3.254000731342958,29.61867989801868,True,False,0.25400073164893877,-0.3813201053552362,5.1506829261779785,71,875000000
camera_calibration,27,3.0,30.0,2.9999999996940194,30.000000003373916,3.254000731342958,29.61867989801868,True,False,0.25400073164893877,-0.3813201053552362,6.786001205444336,71,945000000
camera_calibration,27,3.0,30.0,2.9999999996940194,30.000000003373916,3.254000731342958,29.61867989801868,True,False,0.25400073164893877,-0.3813201053552362,8.525548934936523,72,10000000
camera_calibration,27,3.0,30.0,2.9999999996940194,30.000000003373916,3.254000731342958,29.61867989801868,True,False,0.25400073164893877,-0.3813201053552362,5.121416091918945,72,75000000
camera_calibration,27,3.0,30.0,2.9999999996940194,30.000000003373916,3.254000731342958,29.61867989801868,True,False,0.25400073164893877,-0.3813201053552362,5.400147914886475,72,140000000
camera_calibration,27,3.0,30.0,2.9999999996940194,30.000000003373916,3.254000731342958,29.61867989801868,True,False,0.25400073164893877,-0.3813201053552362,5.101434230804443,72,205000000
camera_calibration,27,3.0,30.0,2.9999999996940194,30.000000003373916,3.254000731342958,29.61867989801868,True,False,0.25400073164893877,-0.3813201053552362,5.102056980133057,72,275000000
camera_calibration,27,3.0,30.0,2.9999999996940194,30.000000003373916,3.254000731342958,29.61867989801868,True,False,0.25400073164893877,-0.3813201053552362,5.07377815246582,72,340000000
camera_calibration,27,3.0,30.0,2.9999999996940194,30.000000003373916,3.254000731342958,29.61867989801868,True,False,0.25400073164893877,-0.3813201053552362,5.12013578414917,72,405000000
camera_calibration,27,3.0,30.0,2.9999999996940194,30.000000003373916,3.254000731342958,29.61867989801868,True,False,0.25400073164893877,-0.3813201053552362,5.424698829650879,72,470000000
camera_calibration,27,3.0,30.0,2.9999999996940194,30.000000003373916,3.254000731342958,29.61867989801868,True,False,0.25400073164893877,-0.3813201053552362,5.533824920654297,72,535000000
camera_calibration,27,3.0,30.0,2.9999999996940194,30.000000003373916,3.254000731342958,29.61867989801868,True,False,0.25400073164893877,-0.3813201053552362,5.475734233856201,72,605000000
camera_calibration,27,3.0,30.0,2.9999999996940194,30.000000003373916,3.254000731342958,29.61867989801868,True,False,0.25400073164893877,-0.3813201053552362,5.136107921600342,72,670000000
camera_calibration,27,3.0,30.0,2.9999999996940194,30.000000003373916,3.254000731342958,29.61867989801868,True,False,0.25400073164893877,-0.3813201053552362,5.669561862945557,72,735000000
camera_calibration,27,3.0,30.0,2.9999999996940194,30.000000003373916,3.254000731342958,29.61867989801868,True,False,0.25400073164893877,-0.3813201053552362,5.459174156188965,72,800000000
camera_calibration,27,3.0,30.0,2.9999999996940194,30.000000003373916,3.254000731342958,29.61867989801868,True,False,0.25400073164893877,-0.3813201053552362,7.478707790374756,72,865000000
camera_calibration,27,3.0,30.0,2.9999999996940194,30.000000003373916,3.254000731342958,29.61867989801868,True,False,0.25400073164893877,-0.3813201053552362,8.27624797821045,72,935000000
camera_calibration,27,3.0,30.0,2.9999999996940194,30.000000003373916,3.254000731342958,29.61867989801868,True,False,0.25400073164893877,-0.3813201053552362,5.304166793823242,73,0
camera_calibration,27,3.0,30.0,2.9999999996940194,30.000000003373916,3.254000731342958,29.61867989801868,True,False,0.25400073164893877,-0.3813201053552362,6.5271148681640625,73,65000000
camera_calibration,27,3.0,30.0,2.9999999996940194,30.000000003373916,3.254000731342958,29.61867989801868,True,False,0.25400073164893877,-0.3813201053552362,8.212387084960938,73,130000000
camera_calibration,27,3.0,30.0,2.9999999996940194,30.000000003373916,3.254000731342958,29.61867989801868,True,False,0.25400073164893877,-0.3813201053552362,8.703264236450195,73,195000000
camera_calibration,27,3.0,30.0,2.9999999996940194,30.000000003373916,3.254000731342958,29.61867989801868,True,False,0.25400073164893877,-0.3813201053552362,8.081324577331543,73,265000000
camera_calibration,27,3.0,30.0,2.9999999996940194,30.000000003373916,3.254000731342958,29.61867989801868,True,False,0.25400073164893877,-0.3813201053552362,8.230317115783691,73,330000000
camera_calibration,27,3.0,30.0,2.9999999996940194,30.000000003373916,3.254000731342958,29.61867989801868,True,False,0.25400073164893877,-0.3813201053552362,8.289627075195312,73,395000000
camera_calibration,27,3.0,30.0,2.9999999996940194,30.000000003373916,3.254000731342958,29.61867989801868,True,False,0.25400073164893877,-0.3813201053552362,8.21938419342041,73,460000000
camera_calibration,27,3.0,30.0,2.9999999996940194,30.000000003373916,3.254000731342958,29.61867989801868,True,False,0.25400073164893877,-0.3813201053552362,5.134541988372803,73,525000000
camera_calibration,28,4.0,-30.0,3.999999999880701,-30.000000000986592,1.9263476380490325,-30.26259316494861,True,True,-2.0736523618316687,-0.26259316396201626,5.065622806549072,73,925000000
camera_calibration,28,4.0,-30.0,3.999999999880701,-30.000000000986592,1.9263476380490325,-30.26259316494861,True,True,-2.0736523618316687,-0.26259316396201626,8.063828468322754,73,990000000
camera_calibration,28,4.0,-30.0,3.999999999880701,-30.000000000986592,1.9263476380490325,-30.26259316494861,True,True,-2.0736523618316687,-0.26259316396201626,5.969130039215088,74,55000000
camera_calibration,28,4.0,-30.0,3.999999999880701,-30.000000000986592,1.9263476380490325,-30.26259316494861,True,True,-2.0736523618316687,-0.26259316396201626,8.430211067199707,74,255000000
camera_calibration,28,4.0,-30.0,3.999999999880701,-30.000000000986592,1.9263476380490325,-30.26259316494861,True,True,-2.0736523618316687,-0.26259316396201626,8.430211067199707,74,320000000
camera_calibration,28,4.0,-30.0,3.999999999880701,-30.000000000986592,1.9263476380490325,-30.26259316494861,True,True,-2.0736523618316687,-0.26259316396201626,8.469512939453125,74,385000000
camera_calibration,28,4.0,-30.0,3.999999999880701,-30.000000000986592,1.9263476380490325,-30.26259316494861,True,True,-2.0736523618316687,-0.26259316396201626,8.509265899658203,74,450000000
camera_calibration,28,4.0,-30.0,3.999999999880701,-30.000000000986592,1.9263476380490325,-30.26259316494861,True,True,-2.0736523618316687,-0.26259316396201626,5.096285820007324,74,515000000
camera_calibration,28,4.0,-30.0,3.999999999880701,-30.000000000986592,1.9263476380490325,-30.26259316494861,True,True,-2.0736523618316687,-0.26259316396201626,5.186244964599609,74,585000000
camera_calibration,28,4.0,-30.0,3.999999999880701,-30.000000000986592,1.9263476380490325,-30.26259316494861,True,True,-2.0736523618316687,-0.26259316396201626,8.335150718688965,74,650000000
camera_calibration,28,4.0,-30.0,3.999999999880701,-30.000000000986592,1.9263476380490325,-30.26259316494861,True,True,-2.0736523618316687,-0.26259316396201626,6.3054070472717285,74,715000000
camera_calibration,28,4.0,-30.0,3.999999999880701,-30.000000000986592,1.9263476380490325,-30.26259316494861,True,True,-2.0736523618316687,-0.26259316396201626,5.122091770172119,74,780000000
camera_calibration,28,4.0,-30.0,3.999999999880701,-30.000000000986592,1.9263476380490325,-30.26259316494861,True,True,-2.0736523618316687,-0.26259316396201626,5.06505012512207,74,915000000
camera_calibration,28,4.0,-30.0,3.999999999880701,-30.000000000986592,1.9263476380490325,-30.26259316494861,True,True,-2.0736523618316687,-0.26259316396201626,5.183870792388916,74,980000000
camera_calibration,28,4.0,-30.0,3.999999999880701,-30.000000000986592,1.9263476380490325,-30.26259316494861,True,True,-2.0736523618316687,-0.26259316396201626,5.798028945922852,75,45000000
camera_calibration,28,4.0,-30.0,3.999999999880701,-30.000000000986592,1.9263476380490325,-30.26259316494861,True,True,-2.0736523618316687,-0.26259316396201626,5.297957897186279,75,110000000
camera_calibration,28,4.0,-30.0,3.999999999880701,-30.000000000986592,1.9263476380490325,-30.26259316494861,True,True,-2.0736523618316687,-0.26259316396201626,5.089375972747803,75,175000000
camera_calibration,28,4.0,-30.0,3.999999999880701,-30.000000000986592,1.9263476380490325,-30.26259316494861,True,True,-2.0736523618316687,-0.26259316396201626,5.17388916015625,75,245000000
camera_calibration,28,4.0,-30.0,3.999999999880701,-30.000000000986592,1.9263476380490325,-30.26259316494861,True,True,-2.0736523618316687,-0.26259316396201626,5.438345909118652,75,310000000
camera_calibration,28,4.0,-30.0,3.999999999880701,-30.000000000986592,1.9263476380490325,-30.26259316494861,True,True,-2.0736523618316687,-0.26259316396201626,5.478550910949707,75,375000000
camera_calibration,28,4.0,-30.0,3.999999999880701,-30.000000000986592,1.9263476380490325,-30.26259316494861,True,True,-2.0736523618316687,-0.26259316396201626,5.213956832885742,75,440000000
camera_calibration,28,4.0,-30.0,3.999999999880701,-30.000000000986592,1.9263476380490325,-30.26259316494861,True,True,-2.0736523618316687,-0.26259316396201626,5.52477502822876,75,505000000
camera_calibration,28,4.0,-30.0,3.999999999880701,-30.000000000986592,1.9263476380490325,-30.26259316494861,True,True,-2.0736523618316687,-0.26259316396201626,5.431097984313965,75,575000000
camera_calibration,28,4.0,-30.0,3.999999999880701,-30.000000000986592,1.9263476380490325,-30.26259316494861,True,True,-2.0736523618316687,-0.26259316396201626,5.392489910125732,75,640000000
camera_calibration,28,4.0,-30.0,3.999999999880701,-30.000000000986592,1.9263476380490325,-30.26259316494861,True,True,-2.0736523618316687,-0.26259316396201626,5.726119041442871,75,705000000
camera_calibration,28,4.0,-30.0,3.999999999880701,-30.000000000986592,1.9263476380490325,-30.26259316494861,True,True,-2.0736523618316687,-0.26259316396201626,7.000188827514648,75,770000000
camera_calibration,28,4.0,-30.0,3.999999999880701,-30.000000000986592,1.9263476380490325,-30.26259316494861,True,True,-2.0736523618316687,-0.26259316396201626,7.590756893157959,75,835000000
camera_calibration,28,4.0,-30.0,3.999999999880701,-30.000000000986592,1.9263476380490325,-30.26259316494861,True,True,-2.0736523618316687,-0.26259316396201626,7.435056209564209,75,905000000
camera_calibration,28,4.0,-30.0,3.999999999880701,-30.000000000986592,1.9263476380490325,-30.26259316494861,True,True,-2.0736523618316687,-0.26259316396201626,7.933262825012207,75,970000000
camera_calibration,28,4.0,-30.0,3.999999999880701,-30.000000000986592,1.9263476380490325,-30.26259316494861,True,True,-2.0736523618316687,-0.26259316396201626,7.933262825012207,76,35000000
camera_calibration,29,4.0,-20.0,3.9999999997615077,-19.999999996629636,,,False,True,,,,76,430000000
camera_calibration,29,4.0,-20.0,3.9999999997615077,-19.999999996629636,,,False,True,,,,76,565000000
camera_calibration,29,4.0,-20.0,3.9999999997615077,-19.999999996629636,,,False,True,,,,76,630000000
camera_calibration,29,4.0,-20.0,3.9999999997615077,-19.999999996629636,,,False,True,,,,76,695000000
camera_calibration,29,4.0,-20.0,3.9999999997615077,-19.999999996629636,,,False,True,,,,76,760000000
camera_calibration,29,4.0,-20.0,3.9999999997615077,-19.999999996629636,,,False,True,,,,76,825000000
camera_calibration,29,4.0,-20.0,3.9999999997615077,-19.999999996629636,,,False,True,,,,76,895000000
camera_calibration,29,4.0,-20.0,3.9999999997615077,-19.999999996629636,,,False,True,,,,76,960000000
camera_calibration,29,4.0,-20.0,3.9999999997615077,-19.999999996629636,,,False,True,,,,77,25000000
camera_calibration,29,4.0,-20.0,3.9999999997615077,-19.999999996629636,,,False,True,,,,77,90000000
camera_calibration,29,4.0,-20.0,3.9999999997615077,-19.999999996629636,,,False,True,,,,77,155000000
camera_calibration,29,4.0,-20.0,3.9999999997615077,-19.999999996629636,,,False,True,,,,77,225000000
camera_calibration,29,4.0,-20.0,3.9999999997615077,-19.999999996629636,,,False,True,,,,77,290000000
camera_calibration,29,4.0,-20.0,3.9999999997615077,-19.999999996629636,,,False,True,,,,77,355000000
camera_calibration,29,4.0,-20.0,3.9999999997615077,-19.999999996629636,,,False,True,,,,77,420000000
camera_calibration,29,4.0,-20.0,3.9999999997615077,-19.999999996629636,,,False,True,,,,77,485000000
camera_calibration,29,4.0,-20.0,3.9999999997615077,-19.999999996629636,,,False,True,,,,77,555000000
camera_calibration,29,4.0,-20.0,3.9999999997615077,-19.999999996629636,,,False,True,,,,77,620000000
camera_calibration,29,4.0,-20.0,3.9999999997615077,-19.999999996629636,,,False,True,,,,77,685000000
camera_calibration,29,4.0,-20.0,3.9999999997615077,-19.999999996629636,,,False,True,,,,77,750000000
camera_calibration,29,4.0,-20.0,3.9999999997615077,-19.999999996629636,,,False,True,,,,77,815000000
camera_calibration,29,4.0,-20.0,3.9999999997615077,-19.999999996629636,,,False,True,,,,77,885000000
camera_calibration,29,4.0,-20.0,3.9999999997615077,-19.999999996629636,,,False,True,,,,77,950000000
camera_calibration,29,4.0,-20.0,3.9999999997615077,-19.999999996629636,,,False,True,,,,78,15000000
camera_calibration,29,4.0,-20.0,3.9999999997615077,-19.999999996629636,,,False,True,,,,78,80000000
camera_calibration,29,4.0,-20.0,3.9999999997615077,-19.999999996629636,,,False,True,,,,78,145000000
camera_calibration,29,4.0,-20.0,3.9999999997615077,-19.999999996629636,,,False,True,,,,78,215000000
camera_calibration,29,4.0,-20.0,3.9999999997615077,-19.999999996629636,,,False,True,,,,78,280000000
camera_calibration,29,4.0,-20.0,3.9999999997615077,-19.999999996629636,,,False,True,,,,78,345000000
camera_calibration,29,4.0,-20.0,3.9999999997615077,-19.999999996629636,,,False,True,,,,78,410000000
camera_calibration,30,4.0,-10.0,3.999999999957515,-10.000000000576794,4.171403679033106,-10.14442957412988,True,True,0.17140367907559106,-0.1444295735530865,5.382286071777344,78,875000000
camera_calibration,30,4.0,-10.0,3.999999999957515,-10.000000000576794,4.171403679033106,-10.14442957412988,True,True,0.17140367907559106,-0.1444295735530865,5.514035224914551,79,5000000
camera_calibration,30,4.0,-10.0,3.999999999957515,-10.000000000576794,4.171403679033106,-10.14442957412988,True,True,0.17140367907559106,-0.1444295735530865,5.131143093109131,79,70000000
camera_calibration,30,4.0,-10.0,3.999999999957515,-10.000000000576794,4.171403679033106,-10.14442957412988,True,True,0.17140367907559106,-0.1444295735530865,5.454486846923828,79,135000000
camera_calibration,30,4.0,-10.0,3.999999999957515,-10.000000000576794,4.171403679033106,-10.14442957412988,True,True,0.17140367907559106,-0.1444295735530865,6.112345218658447,79,205000000
camera_calibration,30,4.0,-10.0,3.999999999957515,-10.000000000576794,4.171403679033106,-10.14442957412988,True,True,0.17140367907559106,-0.1444295735530865,5.882289886474609,79,270000000
camera_calibration,30,4.0,-10.0,3.999999999957515,-10.000000000576794,4.171403679033106,-10.14442957412988,True,True,0.17140367907559106,-0.1444295735530865,5.63814115524292,79,335000000
camera_calibration,30,4.0,-10.0,3.999999999957515,-10.000000000576794,4.171403679033106,-10.14442957412988,True,True,0.17140367907559106,-0.1444295735530865,5.340217113494873,79,400000000
camera_calibration,30,4.0,-10.0,3.999999999957515,-10.000000000576794,4.171403679033106,-10.14442957412988,True,True,0.17140367907559106,-0.1444295735530865,7.467944145202637,79,465000000
camera_calibration,30,4.0,-10.0,3.999999999957515,-10.000000000576794,4.171403679033106,-10.14442957412988,True,True,0.17140367907559106,-0.1444295735530865,7.570741176605225,79,535000000
camera_calibration,30,4.0,-10.0,3.999999999957515,-10.000000000576794,4.171403679033106,-10.14442957412988,True,True,0.17140367907559106,-0.1444295735530865,7.385801792144775,79,600000000
camera_calibration,30,4.0,-10.0,3.999999999957515,-10.000000000576794,4.171403679033106,-10.14442957412988,True,True,0.17140367907559106,-0.1444295735530865,7.997625827789307,79,665000000
camera_calibration,30,4.0,-10.0,3.999999999957515,-10.000000000576794,4.171403679033106,-10.14442957412988,True,True,0.17140367907559106,-0.1444295735530865,7.654480934143066,79,730000000
camera_calibration,30,4.0,-10.0,3.999999999957515,-10.000000000576794,4.171403679033106,-10.14442957412988,True,True,0.17140367907559106,-0.1444295735530865,5.227324962615967,79,795000000
camera_calibration,30,4.0,-10.0,3.999999999957515,-10.000000000576794,4.171403679033106,-10.14442957412988,True,True,0.17140367907559106,-0.1444295735530865,5.263327121734619,79,865000000
camera_calibration,30,4.0,-10.0,3.999999999957515,-10.000000000576794,4.171403679033106,-10.14442957412988,True,True,0.17140367907559106,-0.1444295735530865,7.484087944030762,79,930000000
camera_calibration,30,4.0,-10.0,3.999999999957515,-10.000000000576794,4.171403679033106,-10.14442957412988,True,True,0.17140367907559106,-0.1444295735530865,5.260860919952393,79,995000000
camera_calibration,30,4.0,-10.0,3.999999999957515,-10.000000000576794,4.171403679033106,-10.14442957412988,True,True,0.17140367907559106,-0.1444295735530865,5.260860919952393,80,60000000
camera_calibration,30,4.0,-10.0,3.999999999957515,-10.000000000576794,4.171403679033106,-10.14442957412988,True,True,0.17140367907559106,-0.1444295735530865,5.084950923919678,80,125000000
camera_calibration,30,4.0,-10.0,3.999999999957515,-10.000000000576794,4.171403679033106,-10.14442957412988,True,True,0.17140367907559106,-0.1444295735530865,5.088980197906494,80,195000000
camera_calibration,30,4.0,-10.0,3.999999999957515,-10.000000000576794,4.171403679033106,-10.14442957412988,True,True,0.17140367907559106,-0.1444295735530865,5.158278942108154,80,260000000
camera_calibration,30,4.0,-10.0,3.999999999957515,-10.000000000576794,4.171403679033106,-10.14442957412988,True,True,0.17140367907559106,-0.1444295735530865,5.073710918426514,80,325000000
camera_calibration,30,4.0,-10.0,3.999999999957515,-10.000000000576794,4.171403679033106,-10.14442957412988,True,True,0.17140367907559106,-0.1444295735530865,5.067583084106445,80,390000000
camera_calibration,30,4.0,-10.0,3.999999999957515,-10.000000000576794,4.171403679033106,-10.14442957412988,True,True,0.17140367907559106,-0.1444295735530865,5.09194278717041,80,455000000
camera_calibration,30,4.0,-10.0,3.999999999957515,-10.000000000576794,4.171403679033106,-10.14442957412988,True,True,0.17140367907559106,-0.1444295735530865,5.278703212738037,80,525000000
camera_calibration,30,4.0,-10.0,3.999999999957515,-10.000000000576794,4.171403679033106,-10.14442957412988,True,True,0.17140367907559106,-0.1444295735530865,5.039707183837891,80,720000000
camera_calibration,30,4.0,-10.0,3.999999999957515,-10.000000000576794,4.171403679033106,-10.14442957412988,True,True,0.17140367907559106,-0.1444295735530865,5.261689186096191,80,785000000
camera_calibration,30,4.0,-10.0,3.999999999957515,-10.000000000576794,4.171403679033106,-10.14442957412988,True,True,0.17140367907559106,-0.1444295735530865,5.67763614654541,80,855000000
camera_calibration,30,4.0,-10.0,3.999999999957515,-10.000000000576794,4.171403679033106,-10.14442957412988,True,True,0.17140367907559106,-0.1444295735530865,5.476149082183838,80,920000000
camera_calibration,30,4.0,-10.0,3.999999999957515,-10.000000000576794,4.171403679033106,-10.14442957412988,True,True,0.17140367907559106,-0.1444295735530865,5.15355110168457,81,50000000
camera_calibration,31,4.0,0.0,4.0,0.0,4.121373929763481,-0.020932263664759622,True,True,0.1213739297634806,-0.020932263664759622,5.175159931182861,81,445000000
camera_calibration,31,4.0,0.0,4.0,0.0,4.121373929763481,-0.020932263664759622,True,True,0.1213739297634806,-0.020932263664759622,5.453217029571533,81,515000000
camera_calibration,31,4.0,0.0,4.0,0.0,4.121373929763481,-0.020932263664759622,True,True,0.1213739297634806,-0.020932263664759622,5.128993988037109,81,580000000
camera_calibration,31,4.0,0.0,4.0,0.0,4.121373929763481,-0.020932263664759622,True,True,0.1213739297634806,-0.020932263664759622,5.38924503326416,81,645000000
camera_calibration,31,4.0,0.0,4.0,0.0,4.121373929763481,-0.020932263664759622,True,True,0.1213739297634806,-0.020932263664759622,5.339234828948975,81,710000000
camera_calibration,31,4.0,0.0,4.0,0.0,4.121373929763481,-0.020932263664759622,True,True,0.1213739297634806,-0.020932263664759622,6.137079238891602,81,775000000
camera_calibration,31,4.0,0.0,4.0,0.0,4.121373929763481,-0.020932263664759622,True,True,0.1213739297634806,-0.020932263664759622,7.612949848175049,81,845000000
camera_calibration,31,4.0,0.0,4.0,0.0,4.121373929763481,-0.020932263664759622,True,True,0.1213739297634806,-0.020932263664759622,5.398019790649414,81,910000000
camera_calibration,31,4.0,0.0,4.0,0.0,4.121373929763481,-0.020932263664759622,True,True,0.1213739297634806,-0.020932263664759622,5.595102787017822,81,975000000
camera_calibration,31,4.0,0.0,4.0,0.0,4.121373929763481,-0.020932263664759622,True,True,0.1213739297634806,-0.020932263664759622,7.589578151702881,82,40000000
camera_calibration,31,4.0,0.0,4.0,0.0,4.121373929763481,-0.020932263664759622,True,True,0.1213739297634806,-0.020932263664759622,7.353798866271973,82,105000000
camera_calibration,31,4.0,0.0,4.0,0.0,4.121373929763481,-0.020932263664759622,True,True,0.1213739297634806,-0.020932263664759622,7.35679817199707,82,175000000
camera_calibration,31,4.0,0.0,4.0,0.0,4.121373929763481,-0.020932263664759622,True,True,0.1213739297634806,-0.020932263664759622,7.6905598640441895,82,305000000
camera_calibration,31,4.0,0.0,4.0,0.0,4.121373929763481,-0.020932263664759622,True,True,0.1213739297634806,-0.020932263664759622,7.445156097412109,82,370000000
camera_calibration,31,4.0,0.0,4.0,0.0,4.121373929763481,-0.020932263664759622,True,True,0.1213739297634806,-0.020932263664759622,5.216176986694336,82,435000000
camera_calibration,31,4.0,0.0,4.0,0.0,4.121373929763481,-0.020932263664759622,True,True,0.1213739297634806,-0.020932263664759622,5.057888984680176,82,505000000
camera_calibration,31,4.0,0.0,4.0,0.0,4.121373929763481,-0.020932263664759622,True,True,0.1213739297634806,-0.020932263664759622,7.628623008728027,82,570000000
camera_calibration,31,4.0,0.0,4.0,0.0,4.121373929763481,-0.020932263664759622,True,True,0.1213739297634806,-0.020932263664759622,5.25831413269043,82,635000000
camera_calibration,31,4.0,0.0,4.0,0.0,4.121373929763481,-0.020932263664759622,True,True,0.1213739297634806,-0.020932263664759622,5.061543941497803,82,765000000
camera_calibration,31,4.0,0.0,4.0,0.0,4.121373929763481,-0.020932263664759622,True,True,0.1213739297634806,-0.020932263664759622,5.261385917663574,82,835000000
camera_calibration,31,4.0,0.0,4.0,0.0,4.121373929763481,-0.020932263664759622,True,True,0.1213739297634806,-0.020932263664759622,5.198537826538086,82,900000000
camera_calibration,31,4.0,0.0,4.0,0.0,4.121373929763481,-0.020932263664759622,True,True,0.1213739297634806,-0.020932263664759622,5.1457648277282715,82,965000000
camera_calibration,31,4.0,0.0,4.0,0.0,4.121373929763481,-0.020932263664759622,True,True,0.1213739297634806,-0.020932263664759622,5.438752174377441,83,30000000
camera_calibration,31,4.0,0.0,4.0,0.0,4.121373929763481,-0.020932263664759622,True,True,0.1213739297634806,-0.020932263664759622,5.732017993927002,83,95000000
camera_calibration,31,4.0,0.0,4.0,0.0,4.121373929763481,-0.020932263664759622,True,True,0.1213739297634806,-0.020932263664759622,5.335630893707275,83,165000000
camera_calibration,31,4.0,0.0,4.0,0.0,4.121373929763481,-0.020932263664759622,True,True,0.1213739297634806,-0.020932263664759622,5.087717056274414,83,230000000
camera_calibration,31,4.0,0.0,4.0,0.0,4.121373929763481,-0.020932263664759622,True,True,0.1213739297634806,-0.020932263664759622,5.362691879272461,83,295000000
camera_calibration,31,4.0,0.0,4.0,0.0,4.121373929763481,-0.020932263664759622,True,True,0.1213739297634806,-0.020932263664759622,5.3829169273376465,83,360000000
camera_calibration,31,4.0,0.0,4.0,0.0,4.121373929763481,-0.020932263664759622,True,True,0.1213739297634806,-0.020932263664759622,6.344430923461914,83,425000000
camera_calibration,31,4.0,0.0,4.0,0.0,4.121373929763481,-0.020932263664759622,True,True,0.1213739297634806,-0.020932263664759622,7.634009838104248,83,495000000
camera_calibration,32,4.0,10.0,3.999999999957515,10.000000000576794,,,False,True,,,,83,955000000
camera_calibration,32,4.0,10.0,3.999999999957515,10.000000000576794,,,False,True,,,,84,20000000
camera_calibration,32,4.0,10.0,3.999999999957515,10.000000000576794,,,False,True,,,,84,85000000
camera_calibration,32,4.0,10.0,3.999999999957515,10.000000000576794,,,False,True,,,,84,155000000
camera_calibration,32,4.0,10.0,3.999999999957515,10.000000000576794,,,False,True,,,,84,220000000
camera_calibration,32,4.0,10.0,3.999999999957515,10.000000000576794,,,False,True,,,,84,285000000
camera_calibration,32,4.0,10.0,3.999999999957515,10.000000000576794,,,False,True,,,,84,350000000
camera_calibration,32,4.0,10.0,3.999999999957515,10.000000000576794,,,False,True,,,,84,415000000
camera_calibration,32,4.0,10.0,3.999999999957515,10.000000000576794,,,False,True,,,,84,485000000
camera_calibration,32,4.0,10.0,3.999999999957515,10.000000000576794,,,False,True,,,,84,550000000
camera_calibration,32,4.0,10.0,3.999999999957515,10.000000000576794,,,False,True,,,,84,615000000
camera_calibration,32,4.0,10.0,3.999999999957515,10.000000000576794,,,False,True,,,,84,680000000
camera_calibration,32,4.0,10.0,3.999999999957515,10.000000000576794,,,False,True,,,,84,745000000
camera_calibration,32,4.0,10.0,3.999999999957515,10.000000000576794,,,False,True,,,,84,815000000
camera_calibration,32,4.0,10.0,3.999999999957515,10.000000000576794,,,False,True,,,,84,880000000
camera_calibration,32,4.0,10.0,3.999999999957515,10.000000000576794,,,False,True,,,,84,945000000
camera_calibration,32,4.0,10.0,3.999999999957515,10.000000000576794,,,False,True,,,,85,10000000
camera_calibration,32,4.0,10.0,3.999999999957515,10.000000000576794,,,False,True,,,,85,75000000
camera_calibration,32,4.0,10.0,3.999999999957515,10.000000000576794,,,False,True,,,,85,145000000
camera_calibration,32,4.0,10.0,3.999999999957515,10.000000000576794,,,False,True,,,,85,210000000
camera_calibration,32,4.0,10.0,3.999999999957515,10.000000000576794,,,False,True,,,,85,275000000
camera_calibration,32,4.0,10.0,3.999999999957515,10.000000000576794,,,False,True,,,,85,340000000
camera_calibration,32,4.0,10.0,3.999999999957515,10.000000000576794,,,False,True,,,,85,405000000
camera_calibration,32,4.0,10.0,3.999999999957515,10.000000000576794,,,False,True,,,,85,475000000
camera_calibration,32,4.0,10.0,3.999999999957515,10.000000000576794,,,False,True,,,,85,540000000
camera_calibration,32,4.0,10.0,3.999999999957515,10.000000000576794,,,False,True,,,,85,605000000
camera_calibration,32,4.0,10.0,3.999999999957515,10.000000000576794,,,False,True,,,,85,735000000
camera_calibration,32,4.0,10.0,3.999999999957515,10.000000000576794,,,False,True,,,,85,805000000
camera_calibration,32,4.0,10.0,3.999999999957515,10.000000000576794,,,False,True,,,,85,870000000
camera_calibration,32,4.0,10.0,3.999999999957515,10.000000000576794,,,False,True,,,,85,935000000
camera_calibration,33,4.0,20.0,3.9999999997615077,19.999999996629636,,,False,True,,,,86,395000000
camera_calibration,33,4.0,20.0,3.9999999997615077,19.999999996629636,,,False,True,,,,86,465000000
camera_calibration,33,4.0,20.0,3.9999999997615077,19.999999996629636,,,False,True,,,,86,530000000
camera_calibration,33,4.0,20.0,3.9999999997615077,19.999999996629636,,,False,True,,,,86,595000000
camera_calibration,33,4.0,20.0,3.9999999997615077,19.999999996629636,,,False,True,,,,86,660000000
camera_calibration,33,4.0,20.0,3.9999999997615077,19.999999996629636,,,False,True,,,,86,725000000
camera_calibration,33,4.0,20.0,3.9999999997615077,19.999999996629636,,,False,True,,,,86,795000000
camera_calibration,33,4.0,20.0,3.9999999997615077,19.999999996629636,,,False,True,,,,86,860000000
camera_calibration,33,4.0,20.0,3.9999999997615077,19.999999996629636,,,False,True,,,,86,925000000
camera_calibration,33,4.0,20.0,3.9999999997615077,19.999999996629636,,,False,True,,,,86,990000000
camera_calibration,33,4.0,20.0,3.9999999997615077,19.999999996629636,,,False,True,,,,87,55000000
camera_calibration,33,4.0,20.0,3.9999999997615077,19.999999996629636,,,False,True,,,,87,125000000
camera_calibration,33,4.0,20.0,3.9999999997615077,19.999999996629636,,,False,True,,,,87,190000000
camera_calibration,33,4.0,20.0,3.9999999997615077,19.999999996629636,,,False,True,,,,87,255000000
camera_calibration,33,4.0,20.0,3.9999999997615077,19.999999996629636,,,False,True,,,,87,385000000
camera_calibration,33,4.0,20.0,3.9999999997615077,19.999999996629636,,,False,True,,,,87,520000000
camera_calibration,33,4.0,20.0,3.9999999997615077,19.999999996629636,,,False,True,,,,87,585000000
camera_calibration,33,4.0,20.0,3.9999999997615077,19.999999996629636,,,False,True,,,,87,715000000
camera_calibration,33,4.0,20.0,3.9999999997615077,19.999999996629636,,,False,True,,,,87,785000000
camera_calibration,33,4.0,20.0,3.9999999997615077,19.999999996629636,,,False,True,,,,87,850000000
camera_calibration,33,4.0,20.0,3.9999999997615077,19.999999996629636,,,False,True,,,,88,45000000
camera_calibration,33,4.0,20.0,3.9999999997615077,19.999999996629636,,,False,True,,,,88,115000000
camera_calibration,33,4.0,20.0,3.9999999997615077,19.999999996629636,,,False,True,,,,88,180000000
camera_calibration,33,4.0,20.0,3.9999999997615077,19.999999996629636,,,False,True,,,,88,245000000
camera_calibration,33,4.0,20.0,3.9999999997615077,19.999999996629636,,,False,True,,,,88,310000000
camera_calibration,33,4.0,20.0,3.9999999997615077,19.999999996629636,,,False,True,,,,88,375000000
camera_calibration,33,4.0,20.0,3.9999999997615077,19.999999996629636,,,False,True,,,,88,445000000
camera_calibration,33,4.0,20.0,3.9999999997615077,19.999999996629636,,,False,True,,,,88,510000000
camera_calibration,33,4.0,20.0,3.9999999997615077,19.999999996629636,,,False,True,,,,88,575000000
camera_calibration,33,4.0,20.0,3.9999999997615077,19.999999996629636,,,False,True,,,,88,640000000
camera_calibration,34,4.0,30.0,3.999999999880701,30.000000000986592,,,False,True,,,,89,35000000
camera_calibration,34,4.0,30.0,3.999999999880701,30.000000000986592,,,False,True,,,,89,105000000
camera_calibration,34,4.0,30.0,3.999999999880701,30.000000000986592,,,False,True,,,,89,170000000
camera_calibration,34,4.0,30.0,3.999999999880701,30.000000000986592,,,False,True,,,,89,235000000
camera_calibration,34,4.0,30.0,3.999999999880701,30.000000000986592,,,False,True,,,,89,300000000
camera_calibration,34,4.0,30.0,3.999999999880701,30.000000000986592,,,False,True,,,,89,365000000
camera_calibration,34,4.0,30.0,3.999999999880701,30.000000000986592,,,False,True,,,,89,435000000
camera_calibration,34,4.0,30.0,3.999999999880701,30.000000000986592,,,False,True,,,,89,500000000
camera_calibration,34,4.0,30.0,3.999999999880701,30.000000000986592,,,False,True,,,,89,565000000
camera_calibration,34,4.0,30.0,3.999999999880701,30.000000000986592,,,False,True,,,,89,630000000
camera_calibration,34,4.0,30.0,3.999999999880701,30.000000000986592,,,False,True,,,,89,695000000
camera_calibration,34,4.0,30.0,3.999999999880701,30.000000000986592,,,False,True,,,,89,765000000
camera_calibration,34,4.0,30.0,3.999999999880701,30.000000000986592,,,False,True,,,,89,830000000
camera_calibration,34,4.0,30.0,3.999999999880701,30.000000000986592,,,False,True,,,,89,895000000
camera_calibration,34,4.0,30.0,3.999999999880701,30.000000000986592,,,False,True,,,,89,960000000
camera_calibration,34,4.0,30.0,3.999999999880701,30.000000000986592,,,False,True,,,,90,95000000
camera_calibration,34,4.0,30.0,3.999999999880701,30.000000000986592,,,False,True,,,,90,160000000
camera_calibration,34,4.0,30.0,3.999999999880701,30.000000000986592,,,False,True,,,,90,225000000
camera_calibration,34,4.0,30.0,3.999999999880701,30.000000000986592,,,False,True,,,,90,425000000
camera_calibration,34,4.0,30.0,3.999999999880701,30.000000000986592,,,False,True,,,,90,490000000
camera_calibration,34,4.0,30.0,3.999999999880701,30.000000000986592,,,False,True,,,,90,555000000
camera_calibration,34,4.0,30.0,3.999999999880701,30.000000000986592,,,False,True,,,,90,685000000
camera_calibration,34,4.0,30.0,3.999999999880701,30.000000000986592,,,False,True,,,,90,755000000
camera_calibration,34,4.0,30.0,3.999999999880701,30.000000000986592,,,False,True,,,,90,820000000
camera_calibration,34,4.0,30.0,3.999999999880701,30.000000000986592,,,False,True,,,,90,885000000
camera_calibration,34,4.0,30.0,3.999999999880701,30.000000000986592,,,False,True,,,,90,950000000
camera_calibration,34,4.0,30.0,3.999999999880701,30.000000000986592,,,False,True,,,,91,15000000
camera_calibration,34,4.0,30.0,3.999999999880701,30.000000000986592,,,False,True,,,,91,85000000
camera_calibration,34,4.0,30.0,3.999999999880701,30.000000000986592,,,False,True,,,,91,150000000
camera_calibration,34,4.0,30.0,3.999999999880701,30.000000000986592,,,False,True,,,,91,215000000
camera_calibration,35,5.0,-30.0,5.0000000000673825,-29.999999999554205,4.97288999255905,-30.048500867121675,True,True,-0.027110007508332146,-0.048500867567469186,5.248448848724365,91,745000000
camera_calibration,35,5.0,-30.0,5.0000000000673825,-29.999999999554205,4.97288999255905,-30.048500867121675,True,True,-0.027110007508332146,-0.048500867567469186,5.082088947296143,91,875000000
camera_calibration,35,5.0,-30.0,5.0000000000673825,-29.999999999554205,4.97288999255905,-30.048500867121675,True,True,-0.027110007508332146,-0.048500867567469186,5.497582912445068,91,940000000
camera_calibration,35,5.0,-30.0,5.0000000000673825,-29.999999999554205,4.97288999255905,-30.048500867121675,True,True,-0.027110007508332146,-0.048500867567469186,5.412899971008301,92,5000000
camera_calibration,35,5.0,-30.0,5.0000000000673825,-29.999999999554205,4.97288999255905,-30.048500867121675,True,True,-0.027110007508332146,-0.048500867567469186,10.122057914733887,92,75000000
camera_calibration,35,5.0,-30.0,5.0000000000673825,-29.999999999554205,4.97288999255905,-30.048500867121675,True,True,-0.027110007508332146,-0.048500867567469186,5.1080851554870605,92,140000000
camera_calibration,35,5.0,-30.0,5.0000000000673825,-29.999999999554205,4.97288999255905,-30.048500867121675,True,True,-0.027110007508332146,-0.048500867567469186,5.515643119812012,92,205000000
camera_calibration,35,5.0,-30.0,5.0000000000673825,-29.999999999554205,4.97288999255905,-30.048500867121675,True,True,-0.027110007508332146,-0.048500867567469186,5.773742198944092,92,270000000
camera_calibration,35,5.0,-30.0,5.0000000000673825,-29.999999999554205,4.97288999255905,-30.048500867121675,True,True,-0.027110007508332146,-0.048500867567469186,7.505205154418945,92,335000000
camera_calibration,35,5.0,-30.0,5.0000000000673825,-29.999999999554205,4.97288999255905,-30.048500867121675,True,True,-0.027110007508332146,-0.048500867567469186,7.3802690505981445,92,405000000
camera_calibration,35,5.0,-30.0,5.0000000000673825,-29.999999999554205,4.97288999255905,-30.048500867121675,True,True,-0.027110007508332146,-0.048500867567469186,7.3781819343566895,92,470000000
camera_calibration,35,5.0,-30.0,5.0000000000673825,-29.999999999554205,4.97288999255905,-30.048500867121675,True,True,-0.027110007508332146,-0.048500867567469186,7.3781819343566895,92,535000000
camera_calibration,35,5.0,-30.0,5.0000000000673825,-29.999999999554205,4.97288999255905,-30.048500867121675,True,True,-0.027110007508332146,-0.048500867567469186,8.1793212890625,92,600000000
camera_calibration,35,5.0,-30.0,5.0000000000673825,-29.999999999554205,4.97288999255905,-30.048500867121675,True,True,-0.027110007508332146,-0.048500867567469186,8.748438835144043,92,665000000
camera_calibration,35,5.0,-30.0,5.0000000000673825,-29.999999999554205,4.97288999255905,-30.048500867121675,True,True,-0.027110007508332146,-0.048500867567469186,6.415806770324707,92,735000000
camera_calibration,35,5.0,-30.0,5.0000000000673825,-29.999999999554205,4.97288999255905,-30.048500867121675,True,True,-0.027110007508332146,-0.048500867567469186,7.3121018409729,92,800000000
camera_calibration,35,5.0,-30.0,5.0000000000673825,-29.999999999554205,4.97288999255905,-30.048500867121675,True,True,-0.027110007508332146,-0.048500867567469186,7.177641868591309,92,865000000
camera_calibration,35,5.0,-30.0,5.0000000000673825,-29.999999999554205,4.97288999255905,-30.048500867121675,True,True,-0.027110007508332146,-0.048500867567469186,5.112305164337158,92,930000000
camera_calibration,35,5.0,-30.0,5.0000000000673825,-29.999999999554205,4.97288999255905,-30.048500867121675,True,True,-0.027110007508332146,-0.048500867567469186,5.016178131103516,92,995000000
camera_calibration,35,5.0,-30.0,5.0000000000673825,-29.999999999554205,4.97288999255905,-30.048500867121675,True,True,-0.027110007508332146,-0.048500867567469186,5.425371170043945,93,65000000
camera_calibration,35,5.0,-30.0,5.0000000000673825,-29.999999999554205,4.97288999255905,-30.048500867121675,True,True,-0.027110007508332146,-0.048500867567469186,5.089001178741455,93,130000000
camera_calibration,35,5.0,-30.0,5.0000000000673825,-29.999999999554205,4.97288999255905,-30.048500867121675,True,True,-0.027110007508332146,-0.048500867567469186,8.740690231323242,93,195000000
camera_calibration,35,5.0,-30.0,5.0000000000673825,-29.999999999554205,4.97288999255905,-30.048500867121675,True,True,-0.027110007508332146,-0.048500867567469186,5.078604221343994,93,260000000
camera_calibration,35,5.0,-30.0,5.0000000000673825,-29.999999999554205,4.97288999255905,-30.048500867121675,True,True,-0.027110007508332146,-0.048500867567469186,5.086009979248047,93,325000000
camera_calibration,35,5.0,-30.0,5.0000000000673825,-29.999999999554205,4.97288999255905,-30.048500867121675,True,True,-0.027110007508332146,-0.048500867567469186,5.36702299118042,93,395000000
camera_calibration,35,5.0,-30.0,5.0000000000673825,-29.999999999554205,4.97288999255905,-30.048500867121675,True,True,-0.027110007508332146,-0.048500867567469186,5.086262226104736,93,460000000
camera_calibration,35,5.0,-30.0,5.0000000000673825,-29.999999999554205,4.97288999255905,-30.048500867121675,True,True,-0.027110007508332146,-0.048500867567469186,5.169205188751221,93,525000000
camera_calibration,35,5.0,-30.0,5.0000000000673825,-29.999999999554205,4.97288999255905,-30.048500867121675,True,True,-0.027110007508332146,-0.048500867567469186,6.3340229988098145,93,590000000
camera_calibration,35,5.0,-30.0,5.0000000000673825,-29.999999999554205,4.97288999255905,-30.048500867121675,True,True,-0.027110007508332146,-0.048500867567469186,6.612401962280273,93,655000000
camera_calibration,35,5.0,-30.0,5.0000000000673825,-29.999999999554205,4.97288999255905,-30.048500867121675,True,True,-0.027110007508332146,-0.048500867567469186,5.246819019317627,93,725000000
camera_calibration,36,5.0,-20.0,5.000000000193323,-20.000000003725884,4.994899228667958,-20.13746026192173,True,True,-0.005100771525365033,-0.13746025819584773,6.642728805541992,94,185000000
camera_calibration,36,5.0,-20.0,5.000000000193323,-20.000000003725884,4.994899228667958,-20.13746026192173,True,True,-0.005100771525365033,-0.13746025819584773,5.629207134246826,94,250000000
camera_calibration,36,5.0,-20.0,5.000000000193323,-20.000000003725884,4.994899228667958,-20.13746026192173,True,True,-0.005100771525365033,-0.13746025819584773,6.733531951904297,94,315000000
camera_calibration,36,5.0,-20.0,5.000000000193323,-20.000000003725884,4.994899228667958,-20.13746026192173,True,True,-0.005100771525365033,-0.13746025819584773,6.733531951904297,94,385000000
camera_calibration,36,5.0,-20.0,5.000000000193323,-20.000000003725884,4.994899228667958,-20.13746026192173,True,True,-0.005100771525365033,-0.13746025819584773,7.427563190460205,94,450000000
camera_calibration,36,5.0,-20.0,5.000000000193323,-20.000000003725884,4.994899228667958,-20.13746026192173,True,True,-0.005100771525365033,-0.13746025819584773,5.459814071655273,94,515000000
camera_calibration,36,5.0,-20.0,5.000000000193323,-20.000000003725884,4.994899228667958,-20.13746026192173,True,True,-0.005100771525365033,-0.13746025819584773,8.285057067871094,94,580000000
camera_calibration,36,5.0,-20.0,5.000000000193323,-20.000000003725884,4.994899228667958,-20.13746026192173,True,True,-0.005100771525365033,-0.13746025819584773,6.555990219116211,94,645000000
camera_calibration,36,5.0,-20.0,5.000000000193323,-20.000000003725884,4.994899228667958,-20.13746026192173,True,True,-0.005100771525365033,-0.13746025819584773,7.981978893280029,94,715000000
camera_calibration,36,5.0,-20.0,5.000000000193323,-20.000000003725884,4.994899228667958,-20.13746026192173,True,True,-0.005100771525365033,-0.13746025819584773,5.505987167358398,94,780000000
camera_calibration,36,5.0,-20.0,5.000000000193323,-20.000000003725884,4.994899228667958,-20.13746026192173,True,True,-0.005100771525365033,-0.13746025819584773,6.158294200897217,94,845000000
camera_calibration,36,5.0,-20.0,5.000000000193323,-20.000000003725884,4.994899228667958,-20.13746026192173,True,True,-0.005100771525365033,-0.13746025819584773,7.826132774353027,94,910000000
camera_calibration,36,5.0,-20.0,5.000000000193323,-20.000000003725884,4.994899228667958,-20.13746026192173,True,True,-0.005100771525365033,-0.13746025819584773,8.471424102783203,94,975000000
camera_calibration,36,5.0,-20.0,5.000000000193323,-20.000000003725884,4.994899228667958,-20.13746026192173,True,True,-0.005100771525365033,-0.13746025819584773,6.246261119842529,95,45000000
camera_calibration,36,5.0,-20.0,5.000000000193323,-20.000000003725884,4.994899228667958,-20.13746026192173,True,True,-0.005100771525365033,-0.13746025819584773,8.045180320739746,95,110000000
camera_calibration,36,5.0,-20.0,5.000000000193323,-20.000000003725884,4.994899228667958,-20.13746026192173,True,True,-0.005100771525365033,-0.13746025819584773,7.688711166381836,95,240000000
camera_calibration,36,5.0,-20.0,5.000000000193323,-20.000000003725884,4.994899228667958,-20.13746026192173,True,True,-0.005100771525365033,-0.13746025819584773,6.425270080566406,95,305000000
camera_calibration,36,5.0,-20.0,5.000000000193323,-20.000000003725884,4.994899228667958,-20.13746026192173,True,True,-0.005100771525365033,-0.13746025819584773,5.51448917388916,95,375000000
camera_calibration,36,5.0,-20.0,5.000000000193323,-20.000000003725884,4.994899228667958,-20.13746026192173,True,True,-0.005100771525365033,-0.13746025819584773,7.557350158691406,95,440000000
camera_calibration,36,5.0,-20.0,5.000000000193323,-20.000000003725884,4.994899228667958,-20.13746026192173,True,True,-0.005100771525365033,-0.13746025819584773,15.541603088378906,95,505000000
camera_calibration,36,5.0,-20.0,5.000000000193323,-20.000000003725884,4.994899228667958,-20.13746026192173,True,True,-0.005100771525365033,-0.13746025819584773,15.541603088378906,95,570000000
camera_calibration,36,5.0,-20.0,5.000000000193323,-20.000000003725884,4.994899228667958,-20.13746026192173,True,True,-0.005100771525365033,-0.13746025819584773,5.102405071258545,95,635000000
camera_calibration,36,5.0,-20.0,5.000000000193323,-20.000000003725884,4.994899228667958,-20.13746026192173,True,True,-0.005100771525365033,-0.13746025819584773,5.3022661209106445,95,705000000
camera_calibration,36,5.0,-20.0,5.000000000193323,-20.000000003725884,4.994899228667958,-20.13746026192173,True,True,-0.005100771525365033,-0.13746025819584773,5.113101005554199,95,770000000
camera_calibration,36,5.0,-20.0,5.000000000193323,-20.000000003725884,4.994899228667958,-20.13746026192173,True,True,-0.005100771525365033,-0.13746025819584773,5.513702869415283,95,835000000
camera_calibration,36,5.0,-20.0,5.000000000193323,-20.000000003725884,4.994899228667958,-20.13746026192173,True,True,-0.005100771525365033,-0.13746025819584773,6.046951770782471,95,900000000
camera_calibration,36,5.0,-20.0,5.000000000193323,-20.000000003725884,4.994899228667958,-20.13746026192173,True,True,-0.005100771525365033,-0.13746025819584773,6.087985992431641,95,965000000
camera_calibration,36,5.0,-20.0,5.000000000193323,-20.000000003725884,4.994899228667958,-20.13746026192173,True,True,-0.005100771525365033,-0.13746025819584773,5.570937156677246,96,35000000
camera_calibration,36,5.0,-20.0,5.000000000193323,-20.000000003725884,4.994899228667958,-20.13746026192173,True,True,-0.005100771525365033,-0.13746025819584773,5.339651107788086,96,100000000
camera_calibration,36,5.0,-20.0,5.000000000193323,-20.000000003725884,4.994899228667958,-20.13746026192173,True,True,-0.005100771525365033,-0.13746025819584773,5.882993221282959,96,165000000
camera_calibration,37,5.0,-10.0,4.99999999993387,-9.999999999730417,5.098460449357627,-10.074953641819791,True,True,0.09846044942375709,-0.07495364208937438,7.600860118865967,96,560000000
camera_calibration,37,5.0,-10.0,4.99999999993387,-9.999999999730417,5.098460449357627,-10.074953641819791,True,True,0.09846044942375709,-0.07495364208937438,5.432023048400879,96,625000000
camera_calibration,37,5.0,-10.0,4.99999999993387,-9.999999999730417,5.098460449357627,-10.074953641819791,True,True,0.09846044942375709,-0.07495364208937438,7.185727119445801,96,695000000
camera_calibration,37,5.0,-10.0,4.99999999993387,-9.999999999730417,5.098460449357627,-10.074953641819791,True,True,0.09846044942375709,-0.07495364208937438,11.584127426147461,96,760000000
camera_calibration,37,5.0,-10.0,4.99999999993387,-9.999999999730417,5.098460449357627,-10.074953641819791,True,True,0.09846044942375709,-0.07495364208937438,5.409258842468262,96,825000000
camera_calibration,37,5.0,-10.0,4.99999999993387,-9.999999999730417,5.098460449357627,-10.074953641819791,True,True,0.09846044942375709,-0.07495364208937438,15.963655471801758,96,890000000
camera_calibration,37,5.0,-10.0,4.99999999993387,-9.999999999730417,5.098460449357627,-10.074953641819791,True,True,0.09846044942375709,-0.07495364208937438,5.563808917999268,96,955000000
camera_calibration,37,5.0,-10.0,4.99999999993387,-9.999999999730417,5.098460449357627,-10.074953641819791,True,True,0.09846044942375709,-0.07495364208937438,7.731291770935059,97,25000000
camera_calibration,37,5.0,-10.0,4.99999999993387,-9.999999999730417,5.098460449357627,-10.074953641819791,True,True,0.09846044942375709,-0.07495364208937438,6.143468856811523,97,90000000
camera_calibration,37,5.0,-10.0,4.99999999993387,-9.999999999730417,5.098460449357627,-10.074953641819791,True,True,0.09846044942375709,-0.07495364208937438,6.204084873199463,97,155000000
camera_calibration,37,5.0,-10.0,4.99999999993387,-9.999999999730417,5.098460449357627,-10.074953641819791,True,True,0.09846044942375709,-0.07495364208937438,6.204084873199463,97,220000000
camera_calibration,37,5.0,-10.0,4.99999999993387,-9.999999999730417,5.098460449357627,-10.074953641819791,True,True,0.09846044942375709,-0.07495364208937438,7.862034797668457,97,285000000
camera_calibration,37,5.0,-10.0,4.99999999993387,-9.999999999730417,5.098460449357627,-10.074953641819791,True,True,0.09846044942375709,-0.07495364208937438,7.294713973999023,97,355000000
camera_calibration,37,5.0,-10.0,4.99999999993387,-9.999999999730417,5.098460449357627,-10.074953641819791,True,True,0.09846044942375709,-0.07495364208937438,6.902276992797852,97,420000000
camera_calibration,37,5.0,-10.0,4.99999999993387,-9.999999999730417,5.098460449357627,-10.074953641819791,True,True,0.09846044942375709,-0.07495364208937438,8.214034080505371,97,485000000
camera_calibration,37,5.0,-10.0,4.99999999993387,-9.999999999730417,5.098460449357627,-10.074953641819791,True,True,0.09846044942375709,-0.07495364208937438,8.278970718383789,97,550000000
camera_calibration,37,5.0,-10.0,4.99999999993387,-9.999999999730417,5.098460449357627,-10.074953641819791,True,True,0.09846044942375709,-0.07495364208937438,9.131217956542969,97,615000000
camera_calibration,37,5.0,-10.0,4.99999999993387,-9.999999999730417,5.098460449357627,-10.074953641819791,True,True,0.09846044942375709,-0.07495364208937438,5.08099889755249,97,750000000
camera_calibration,37,5.0,-10.0,4.99999999993387,-9.999999999730417,5.098460449357627,-10.074953641819791,True,True,0.09846044942375709,-0.07495364208937438,7.458261013031006,97,815000000
camera_calibration,37,5.0,-10.0,4.99999999993387,-9.999999999730417,5.098460449357627,-10.074953641819791,True,True,0.09846044942375709,-0.07495364208937438,5.117749214172363,97,880000000
camera_calibration,37,5.0,-10.0,4.99999999993387,-9.999999999730417,5.098460449357627,-10.074953641819791,True,True,0.09846044942375709,-0.07495364208937438,5.07810115814209,97,945000000
camera_calibration,37,5.0,-10.0,4.99999999993387,-9.999999999730417,5.098460449357627,-10.074953641819791,True,True,0.09846044942375709,-0.07495364208937438,5.1025238037109375,98,15000000
camera_calibration,37,5.0,-10.0,4.99999999993387,-9.999999999730417,5.098460449357627,-10.074953641819791,True,True,0.09846044942375709,-0.07495364208937438,5.105792045593262,98,80000000
camera_calibration,37,5.0,-10.0,4.99999999993387,-9.999999999730417,5.098460449357627,-10.074953641819791,True,True,0.09846044942375709,-0.07495364208937438,5.106544017791748,98,145000000
camera_calibration,37,5.0,-10.0,4.99999999993387,-9.999999999730417,5.098460449357627,-10.074953641819791,True,True,0.09846044942375709,-0.07495364208937438,5.291841983795166,98,210000000
camera_calibration,37,5.0,-10.0,4.99999999993387,-9.999999999730417,5.098460449357627,-10.074953641819791,True,True,0.09846044942375709,-0.07495364208937438,5.483222007751465,98,275000000
camera_calibration,37,5.0,-10.0,4.99999999993387,-9.999999999730417,5.098460449357627,-10.074953641819791,True,True,0.09846044942375709,-0.07495364208937438,5.264485836029053,98,345000000
camera_calibration,37,5.0,-10.0,4.99999999993387,-9.999999999730417,5.098460449357627,-10.074953641819791,True,True,0.09846044942375709,-0.07495364208937438,5.1263861656188965,98,475000000
camera_calibration,37,5.0,-10.0,4.99999999993387,-9.999999999730417,5.098460449357627,-10.074953641819791,True,True,0.09846044942375709,-0.07495364208937438,5.500251770019531,98,540000000
camera_calibration,37,5.0,-10.0,4.99999999993387,-9.999999999730417,5.098460449357627,-10.074953641819791,True,True,0.09846044942375709,-0.07495364208937438,5.340686798095703,98,605000000
camera_calibration,38,5.0,0.0,5.0,0.0,5.087545365243507,-0.01877055134970863,True,True,0.08754536524350698,-0.01877055134970863,7.192899227142334,99,5000000
camera_calibration,38,5.0,0.0,5.0,0.0,5.087545365243507,-0.01877055134970863,True,True,0.08754536524350698,-0.01877055134970863,12.741869926452637,99,135000000
camera_calibration,38,5.0,0.0,5.0,0.0,5.087545365243507,-0.01877055134970863,True,True,0.08754536524350698,-0.01877055134970863,5.372213840484619,99,200000000
camera_calibration,38,5.0,0.0,5.0,0.0,5.087545365243507,-0.01877055134970863,True,True,0.08754536524350698,-0.01877055134970863,5.059203147888184,99,265000000
camera_calibration,38,5.0,0.0,5.0,0.0,5.087545365243507,-0.01877055134970863,True,True,0.08754536524350698,-0.01877055134970863,5.461670875549316,99,400000000
camera_calibration,38,5.0,0.0,5.0,0.0,5.087545365243507,-0.01877055134970863,True,True,0.08754536524350698,-0.01877055134970863,5.606991767883301,99,465000000
camera_calibration,38,5.0,0.0,5.0,0.0,5.087545365243507,-0.01877055134970863,True,True,0.08754536524350698,-0.01877055134970863,5.228064060211182,99,530000000
camera_calibration,38,5.0,0.0,5.0,0.0,5.087545365243507,-0.01877055134970863,True,True,0.08754536524350698,-0.01877055134970863,6.231564044952393,99,595000000
camera_calibration,38,5.0,0.0,5.0,0.0,5.087545365243507,-0.01877055134970863,True,True,0.08754536524350698,-0.01877055134970863,7.706174850463867,99,665000000
camera_calibration,38,5.0,0.0,5.0,0.0,5.087545365243507,-0.01877055134970863,True,True,0.08754536524350698,-0.01877055134970863,5.142454147338867,99,730000000
camera_calibration,38,5.0,0.0,5.0,0.0,5.087545365243507,-0.01877055134970863,True,True,0.08754536524350698,-0.01877055134970863,8.409762382507324,99,795000000
camera_calibration,38,5.0,0.0,5.0,0.0,5.087545365243507,-0.01877055134970863,True,True,0.08754536524350698,-0.01877055134970863,7.569835186004639,99,860000000
camera_calibration,38,5.0,0.0,5.0,0.0,5.087545365243507,-0.01877055134970863,True,True,0.08754536524350698,-0.01877055134970863,7.286005020141602,99,925000000
camera_calibration,38,5.0,0.0,5.0,0.0,5.087545365243507,-0.01877055134970863,True,True,0.08754536524350698,-0.01877055134970863,6.295645236968994,99,995000000
camera_calibration,38,5.0,0.0,5.0,0.0,5.087545365243507,-0.01877055134970863,True,True,0.08754536524350698,-0.01877055134970863,7.421833038330078,100,60000000
camera_calibration,38,5.0,0.0,5.0,0.0,5.087545365243507,-0.01877055134970863,True,True,0.08754536524350698,-0.01877055134970863,7.119977951049805,100,125000000
camera_calibration,38,5.0,0.0,5.0,0.0,5.087545365243507,-0.01877055134970863,True,True,0.08754536524350698,-0.01877055134970863,7.2502360343933105,100,190000000
camera_calibration,38,5.0,0.0,5.0,0.0,5.087545365243507,-0.01877055134970863,True,True,0.08754536524350698,-0.01877055134970863,5.072677135467529,100,255000000
camera_calibration,38,5.0,0.0,5.0,0.0,5.087545365243507,-0.01877055134970863,True,True,0.08754536524350698,-0.01877055134970863,5.432344913482666,100,325000000
camera_calibration,38,5.0,0.0,5.0,0.0,5.087545365243507,-0.01877055134970863,True,True,0.08754536524350698,-0.01877055134970863,7.143080234527588,100,390000000
camera_calibration,38,5.0,0.0,5.0,0.0,5.087545365243507,-0.01877055134970863,True,True,0.08754536524350698,-0.01877055134970863,5.05686092376709,100,455000000
camera_calibration,38,5.0,0.0,5.0,0.0,5.087545365243507,-0.01877055134970863,True,True,0.08754536524350698,-0.01877055134970863,5.092045783996582,100,520000000
camera_calibration,38,5.0,0.0,5.0,0.0,5.087545365243507,-0.01877055134970863,True,True,0.08754536524350698,-0.01877055134970863,5.0685248374938965,100,585000000
camera_calibration,38,5.0,0.0,5.0,0.0,5.087545365243507,-0.01877055134970863,True,True,0.08754536524350698,-0.01877055134970863,5.071724891662598,100,655000000
camera_calibration,38,5.0,0.0,5.0,0.0,5.087545365243507,-0.01877055134970863,True,True,0.08754536524350698,-0.01877055134970863,5.147512912750244,100,720000000
camera_calibration,38,5.0,0.0,5.0,0.0,5.087545365243507,-0.01877055134970863,True,True,0.08754536524350698,-0.01877055134970863,5.056321144104004,100,785000000
camera_calibration,38,5.0,0.0,5.0,0.0,5.087545365243507,-0.01877055134970863,True,True,0.08754536524350698,-0.01877055134970863,5.154975891113281,100,850000000
camera_calibration,38,5.0,0.0,5.0,0.0,5.087545365243507,-0.01877055134970863,True,True,0.08754536524350698,-0.01877055134970863,5.393683910369873,100,915000000
camera_calibration,38,5.0,0.0,5.0,0.0,5.087545365243507,-0.01877055134970863,True,True,0.08754536524350698,-0.01877055134970863,5.178850173950195,100,985000000
camera_calibration,38,5.0,0.0,5.0,0.0,5.087545365243507,-0.01877055134970863,True,True,0.08754536524350698,-0.01877055134970863,5.029077053070068,101,50000000
camera_calibration,39,5.0,10.0,4.99999999993387,9.999999999730417,,,False,True,,,,101,575000000
camera_calibration,39,5.0,10.0,4.99999999993387,9.999999999730417,,,False,True,,,,101,645000000
camera_calibration,39,5.0,10.0,4.99999999993387,9.999999999730417,,,False,True,,,,101,710000000
camera_calibration,39,5.0,10.0,4.99999999993387,9.999999999730417,,,False,True,,,,101,775000000
camera_calibration,39,5.0,10.0,4.99999999993387,9.999999999730417,,,False,True,,,,101,840000000
camera_calibration,39,5.0,10.0,4.99999999993387,9.999999999730417,,,False,True,,,,101,975000000
camera_calibration,39,5.0,10.0,4.99999999993387,9.999999999730417,,,False,True,,,,102,40000000
camera_calibration,39,5.0,10.0,4.99999999993387,9.999999999730417,,,False,True,,,,102,105000000
camera_calibration,39,5.0,10.0,4.99999999993387,9.999999999730417,,,False,True,,,,102,170000000
camera_calibration,39,5.0,10.0,4.99999999993387,9.999999999730417,,,False,True,,,,102,235000000
camera_calibration,39,5.0,10.0,4.99999999993387,9.999999999730417,,,False,True,,,,102,305000000
camera_calibration,39,5.0,10.0,4.99999999993387,9.999999999730417,,,False,True,,,,102,370000000
camera_calibration,39,5.0,10.0,4.99999999993387,9.999999999730417,,,False,True,,,,102,435000000
camera_calibration,39,5.0,10.0,4.99999999993387,9.999999999730417,,,False,True,,,,102,500000000
camera_calibration,39,5.0,10.0,4.99999999993387,9.999999999730417,,,False,True,,,,102,565000000
camera_calibration,39,5.0,10.0,4.99999999993387,9.999999999730417,,,False,True,,,,102,635000000
camera_calibration,39,5.0,10.0,4.99999999993387,9.999999999730417,,,False,True,,,,102,700000000
camera_calibration,39,5.0,10.0,4.99999999993387,9.999999999730417,,,False,True,,,,102,765000000
camera_calibration,39,5.0,10.0,4.99999999993387,9.999999999730417,,,False,True,,,,102,830000000
camera_calibration,39,5.0,10.0,4.99999999993387,9.999999999730417,,,False,True,,,,102,895000000
camera_calibration,39,5.0,10.0,4.99999999993387,9.999999999730417,,,False,True,,,,102,965000000
camera_calibration,39,5.0,10.0,4.99999999993387,9.999999999730417,,,False,True,,,,103,30000000
camera_calibration,39,5.0,10.0,4.99999999993387,9.999999999730417,,,False,True,,,,103,95000000
camera_calibration,39,5.0,10.0,4.99999999993387,9.999999999730417,,,False,True,,,,103,160000000
camera_calibration,39,5.0,10.0,4.99999999993387,9.999999999730417,,,False,True,,,,103,225000000
camera_calibration,39,5.0,10.0,4.99999999993387,9.999999999730417,,,False,True,,,,103,295000000
camera_calibration,39,5.0,10.0,4.99999999993387,9.999999999730417,,,False,True,,,,103,360000000
camera_calibration,39,5.0,10.0,4.99999999993387,9.999999999730417,,,False,True,,,,103,490000000
camera_calibration,39,5.0,10.0,4.99999999993387,9.999999999730417,,,False,True,,,,103,690000000
camera_calibration,39,5.0,10.0,4.99999999993387,9.999999999730417,,,False,True,,,,103,820000000
camera_calibration,40,5.0,20.0,5.000000000193323,20.000000003725884,5.012250162589346,20.074867889519094,True,True,0.012250162396023612,0.07486788579321058,7.508421897888184,104,215000000
camera_calibration,40,5.0,20.0,5.000000000193323,20.000000003725884,5.012250162589346,20.074867889519094,True,True,0.012250162396023612,0.07486788579321058,6.153119087219238,104,285000000
camera_calibration,40,5.0,20.0,5.000000000193323,20.000000003725884,5.012250162589346,20.074867889519094,True,True,0.012250162396023612,0.07486788579321058,5.224225997924805,104,350000000
camera_calibration,40,5.0,20.0,5.000000000193323,20.000000003725884,5.012250162589346,20.074867889519094,True,True,0.012250162396023612,0.07486788579321058,6.5134358406066895,104,415000000
camera_calibration,40,5.0,20.0,5.000000000193323,20.000000003725884,5.012250162589346,20.074867889519094,True,True,0.012250162396023612,0.07486788579321058,6.133775234222412,104,545000000
camera_calibration,40,5.0,20.0,5.000000000193323,20.000000003725884,5.012250162589346,20.074867889519094,True,True,0.012250162396023612,0.07486788579321058,6.370894908905029,104,615000000
camera_calibration,40,5.0,20.0,5.000000000193323,20.000000003725884,5.012250162589346,20.074867889519094,True,True,0.012250162396023612,0.07486788579321058,5.93132209777832,104,680000000
camera_calibration,40,5.0,20.0,5.000000000193323,20.000000003725884,5.012250162589346,20.074867889519094,True,True,0.012250162396023612,0.07486788579321058,5.816512107849121,104,745000000
camera_calibration,40,5.0,20.0,5.000000000193323,20.000000003725884,5.012250162589346,20.074867889519094,True,True,0.012250162396023612,0.07486788579321058,8.63428020477295,104,875000000
camera_calibration,40,5.0,20.0,5.000000000193323,20.000000003725884,5.012250162589346,20.074867889519094,True,True,0.012250162396023612,0.07486788579321058,9.557929039001465,104,945000000
camera_calibration,40,5.0,20.0,5.000000000193323,20.000000003725884,5.012250162589346,20.074867889519094,True,True,0.012250162396023612,0.07486788579321058,7.317441940307617,105,10000000
camera_calibration,40,5.0,20.0,5.000000000193323,20.000000003725884,5.012250162589346,20.074867889519094,True,True,0.012250162396023612,0.07486788579321058,10.905000686645508,105,75000000
camera_calibration,40,5.0,20.0,5.000000000193323,20.000000003725884,5.012250162589346,20.074867889519094,True,True,0.012250162396023612,0.07486788579321058,10.905000686645508,105,140000000
camera_calibration,40,5.0,20.0,5.000000000193323,20.000000003725884,5.012250162589346,20.074867889519094,True,True,0.012250162396023612,0.07486788579321058,12.800948143005371,105,205000000
camera_calibration,40,5.0,20.0,5.000000000193323,20.000000003725884,5.012250162589346,20.074867889519094,True,True,0.012250162396023612,0.07486788579321058,8.550801277160645,105,275000000
camera_calibration,40,5.0,20.0,5.000000000193323,20.000000003725884,5.012250162589346,20.074867889519094,True,True,0.012250162396023612,0.07486788579321058,7.891197204589844,105,340000000
camera_calibration,40,5.0,20.0,5.000000000193323,20.000000003725884,5.012250162589346,20.074867889519094,True,True,0.012250162396023612,0.07486788579321058,7.4050397872924805,105,470000000
camera_calibration,40,5.0,20.0,5.000000000193323,20.000000003725884,5.012250162589346,20.074867889519094,True,True,0.012250162396023612,0.07486788579321058,5.446652889251709,105,605000000
camera_calibration,40,5.0,20.0,5.000000000193323,20.000000003725884,5.012250162589346,20.074867889519094,True,True,0.012250162396023612,0.07486788579321058,7.766476154327393,105,735000000
camera_calibration,40,5.0,20.0,5.000000000193323,20.000000003725884,5.012250162589346,20.074867889519094,True,True,0.012250162396023612,0.07486788579321058,6.271711826324463,105,800000000
camera_calibration,40,5.0,20.0,5.000000000193323,20.000000003725884,5.012250162589346,20.074867889519094,True,True,0.012250162396023612,0.07486788579321058,7.661340236663818,106,0
camera_calibration,40,5.0,20.0,5.000000000193323,20.000000003725884,5.012250162589346,20.074867889519094,True,True,0.012250162396023612,0.07486788579321058,5.866596221923828,106,65000000
camera_calibration,40,5.0,20.0,5.000000000193323,20.000000003725884,5.012250162589346,20.074867889519094,True,True,0.012250162396023612,0.07486788579321058,7.022744178771973,106,130000000
camera_calibration,40,5.0,20.0,5.000000000193323,20.000000003725884,5.012250162589346,20.074867889519094,True,True,0.012250162396023612,0.07486788579321058,7.022744178771973,106,195000000
camera_calibration,40,5.0,20.0,5.000000000193323,20.000000003725884,5.012250162589346,20.074867889519094,True,True,0.012250162396023612,0.07486788579321058,7.23516321182251,106,265000000
camera_calibration,40,5.0,20.0,5.000000000193323,20.000000003725884,5.012250162589346,20.074867889519094,True,True,0.012250162396023612,0.07486788579321058,7.23516321182251,106,330000000
camera_calibration,40,5.0,20.0,5.000000000193323,20.000000003725884,5.012250162589346,20.074867889519094,True,True,0.012250162396023612,0.07486788579321058,8.615984916687012,106,395000000
camera_calibration,40,5.0,20.0,5.000000000193323,20.000000003725884,5.012250162589346,20.074867889519094,True,True,0.012250162396023612,0.07486788579321058,13.436697006225586,106,460000000
camera_calibration,40,5.0,20.0,5.000000000193323,20.000000003725884,5.012250162589346,20.074867889519094,True,True,0.012250162396023612,0.07486788579321058,13.436697006225586,106,525000000
camera_calibration,40,5.0,20.0,5.000000000193323,20.000000003725884,5.012250162589346,20.074867889519094,True,True,0.012250162396023612,0.07486788579321058,10.852535247802734,106,595000000
camera_calibration,41,5.0,30.0,5.0000000000673825,29.999999999554205,5.012250162589346,20.074867889519094,True,True,0.012250162521963759,-9.925132110035111,11.2597017288208,106,990000000
camera_calibration,41,5.0,30.0,5.0000000000673825,29.999999999554205,5.0552393129164255,29.970698958056182,True,True,0.05523931284904293,-0.02930104149802304,9.106389999389648,107,120000000
camera_calibration,41,5.0,30.0,5.0000000000673825,29.999999999554205,5.0552393129164255,29.970698958056182,True,True,0.05523931284904293,-0.02930104149802304,9.918697357177734,107,185000000
camera_calibration,41,5.0,30.0,5.0000000000673825,29.999999999554205,5.0552393129164255,29.970698958056182,True,True,0.05523931284904293,-0.02930104149802304,5.197816848754883,107,320000000
camera_calibration,41,5.0,30.0,5.0000000000673825,29.999999999554205,5.0552393129164255,29.970698958056182,True,True,0.05523931284904293,-0.02930104149802304,13.460928916931152,107,385000000
camera_calibration,41,5.0,30.0,5.0000000000673825,29.999999999554205,5.0552393129164255,29.970698958056182,True,True,0.05523931284904293,-0.02930104149802304,5.172723770141602,107,450000000
camera_calibration,41,5.0,30.0,5.0000000000673825,29.999999999554205,5.0552393129164255,29.970698958056182,True,True,0.05523931284904293,-0.02930104149802304,7.966716766357422,107,585000000
camera_calibration,41,5.0,30.0,5.0000000000673825,29.999999999554205,5.0552393129164255,29.970698958056182,True,True,0.05523931284904293,-0.02930104149802304,8.782379150390625,107,650000000
camera_calibration,41,5.0,30.0,5.0000000000673825,29.999999999554205,5.0552393129164255,29.970698958056182,True,True,0.05523931284904293,-0.02930104149802304,7.898538112640381,107,715000000
camera_calibration,41,5.0,30.0,5.0000000000673825,29.999999999554205,5.0552393129164255,29.970698958056182,True,True,0.05523931284904293,-0.02930104149802304,7.7535929679870605,107,780000000
camera_calibration,41,5.0,30.0,5.0000000000673825,29.999999999554205,5.0552393129164255,29.970698958056182,True,True,0.05523931284904293,-0.02930104149802304,7.93075704574585,107,845000000
camera_calibration,41,5.0,30.0,5.0000000000673825,29.999999999554205,5.0552393129164255,29.970698958056182,True,True,0.05523931284904293,-0.02930104149802304,7.514558792114258,107,915000000
camera_calibration,41,5.0,30.0,5.0000000000673825,29.999999999554205,5.0552393129164255,29.970698958056182,True,True,0.05523931284904293,-0.02930104149802304,7.625891208648682,107,980000000
camera_calibration,41,5.0,30.0,5.0000000000673825,29.999999999554205,5.0552393129164255,29.970698958056182,True,True,0.05523931284904293,-0.02930104149802304,6.47462797164917,108,45000000
camera_calibration,41,5.0,30.0,5.0000000000673825,29.999999999554205,5.0552393129164255,29.970698958056182,True,True,0.05523931284904293,-0.02930104149802304,5.166873931884766,108,110000000
camera_calibration,41,5.0,30.0,5.0000000000673825,29.999999999554205,5.0552393129164255,29.970698958056182,True,True,0.05523931284904293,-0.02930104149802304,5.137411117553711,108,245000000
camera_calibration,41,5.0,30.0,5.0000000000673825,29.999999999554205,5.0552393129164255,29.970698958056182,True,True,0.05523931284904293,-0.02930104149802304,5.574573993682861,108,310000000
camera_calibration,41,5.0,30.0,5.0000000000673825,29.999999999554205,5.0552393129164255,29.970698958056182,True,True,0.05523931284904293,-0.02930104149802304,5.322177886962891,108,375000000
camera_calibration,41,5.0,30.0,5.0000000000673825,29.999999999554205,5.0552393129164255,29.970698958056182,True,True,0.05523931284904293,-0.02930104149802304,5.858723163604736,108,440000000
camera_calibration,41,5.0,30.0,5.0000000000673825,29.999999999554205,5.0552393129164255,29.970698958056182,True,True,0.05523931284904293,-0.02930104149802304,5.785484790802002,108,505000000
camera_calibration,41,5.0,30.0,5.0000000000673825,29.999999999554205,5.0552393129164255,29.970698958056182,True,True,0.05523931284904293,-0.02930104149802304,5.477914810180664,108,575000000
camera_calibration,41,5.0,30.0,5.0000000000673825,29.999999999554205,5.0552393129164255,29.970698958056182,True,True,0.05523931284904293,-0.02930104149802304,5.354608058929443,108,705000000
camera_calibration,41,5.0,30.0,5.0000000000673825,29.999999999554205,5.0552393129164255,29.970698958056182,True,True,0.05523931284904293,-0.02930104149802304,5.758289813995361,108,770000000
camera_calibration,41,5.0,30.0,5.0000000000673825,29.999999999554205,5.0552393129164255,29.970698958056182,True,True,0.05523931284904293,-0.02930104149802304,5.480368137359619,108,835000000
camera_calibration,41,5.0,30.0,5.0000000000673825,29.999999999554205,5.0552393129164255,29.970698958056182,True,True,0.05523931284904293,-0.02930104149802304,6.0871500968933105,108,905000000
camera_calibration,41,5.0,30.0,5.0000000000673825,29.999999999554205,5.0552393129164255,29.970698958056182,True,True,0.05523931284904293,-0.02930104149802304,5.634861946105957,108,970000000
camera_calibration,41,5.0,30.0,5.0000000000673825,29.999999999554205,5.0552393129164255,29.970698958056182,True,True,0.05523931284904293,-0.02930104149802304,5.465723037719727,109,35000000
camera_calibration,41,5.0,30.0,5.0000000000673825,29.999999999554205,5.0552393129164255,29.970698958056182,True,True,0.05523931284904293,-0.02930104149802304,6.030149936676025,109,100000000
camera_calibration,41,5.0,30.0,5.0000000000673825,29.999999999554205,5.0552393129164255,29.970698958056182,True,True,0.05523931284904293,-0.02930104149802304,7.447556018829346,109,165000000
camera_calibration,41,5.0,30.0,5.0000000000673825,29.999999999554205,5.0552393129164255,29.970698958056182,True,True,0.05523931284904293,-0.02930104149802304,7.3256378173828125,109,235000000
