scene,condition_id,requested_range_m,requested_bearing_deg,actual_range_m,actual_bearing_deg,measured_range_m,measured_bearing_deg,valid,full_visibility,range_error_m,bearing_error_deg,inference_ms,stamp_sec,stamp_nanosec
straight_aisle,0,1.0,-30.0,1.0000000001866818,-29.99999999382462,2.0625658254374617,-0.04804357246004451,True,False,1.06256582525078,29.951956421364574,8.193572044372559,1,785000000
straight_aisle,0,1.0,-30.0,1.0000000001866818,-29.99999999382462,0.9714957113771507,-23.301686462940296,True,False,-0.028504288809531042,6.698313530884324,5.633388042449951,1,915000000
straight_aisle,0,1.0,-30.0,1.0000000001866818,-29.99999999382462,0.9714957113771507,-23.301686462940296,True,False,-0.028504288809531042,6.698313530884324,14.834877014160156,1,985000000
straight_aisle,0,1.0,-30.0,1.0000000001866818,-29.99999999382462,0.9714957113771507,-23.301686462940296,True,False,-0.028504288809531042,6.698313530884324,5.886398792266846,2,50000000
straight_aisle,0,1.0,-30.0,1.0000000001866818,-29.99999999382462,0.9714957113771507,-23.301686462940296,True,False,-0.028504288809531042,6.698313530884324,5.397336959838867,2,115000000
straight_aisle,0,1.0,-30.0,1.0000000001866818,-29.99999999382462,0.9714957113771507,-23.301686462940296,True,False,-0.028504288809531042,6.698313530884324,7.996938228607178,2,180000000
straight_aisle,0,1.0,-30.0,1.0000000001866818,-29.99999999382462,0.9714957113771507,-23.301686462940296,True,False,-0.028504288809531042,6.698313530884324,8.545621871948242,2,245000000
straight_aisle,0,1.0,-30.0,1.0000000001866818,-29.99999999382462,0.9714957113771507,-23.301686462940296,True,False,-0.028504288809531042,6.698313530884324,8.621644020080566,2,315000000
straight_aisle,0,1.0,-30.0,1.0000000001866818,-29.99999999382462,0.9714957113771507,-23.301686462940296,True,False,-0.028504288809531042,6.698313530884324,6.763045787811279,2,380000000
straight_aisle,0,1.0,-30.0,1.0000000001866818,-29.99999999382462,0.9714957113771507,-23.301686462940296,True,False,-0.028504288809531042,6.698313530884324,8.610520362854004,2,445000000
straight_aisle,0,1.0,-30.0,1.0000000001866818,-29.99999999382462,0.9714957113771507,-23.301686462940296,True,False,-0.028504288809531042,6.698313530884324,8.553776741027832,2,510000000
straight_aisle,0,1.0,-30.0,1.0000000001866818,-29.99999999382462,0.9714957113771507,-23.301686462940296,True,False,-0.028504288809531042,6.698313530884324,8.87449836730957,2,575000000
straight_aisle,0,1.0,-30.0,1.0000000001866818,-29.99999999382462,0.9714957113771507,-23.301686462940296,True,False,-0.028504288809531042,6.698313530884324,5.583682060241699,2,645000000
straight_aisle,0,1.0,-30.0,1.0000000001866818,-29.99999999382462,0.9714957113771507,-23.301686462940296,True,False,-0.028504288809531042,6.698313530884324,8.724696159362793,2,710000000
straight_aisle,0,1.0,-30.0,1.0000000001866818,-29.99999999382462,0.9714957113771507,-23.301686462940296,True,False,-0.028504288809531042,6.698313530884324,8.50071907043457,2,775000000
straight_aisle,0,1.0,-30.0,1.0000000001866818,-29.99999999382462,0.9714957113771507,-23.301686462940296,True,False,-0.028504288809531042,6.698313530884324,9.626930236816406,2,840000000
straight_aisle,0,1.0,-30.0,1.0000000001866818,-29.99999999382462,0.9714957113771507,-23.301686462940296,True,False,-0.028504288809531042,6.698313530884324,5.591791152954102,2,905000000
straight_aisle,0,1.0,-30.0,1.0000000001866818,-29.99999999382462,0.9714957113771507,-23.301686462940296,True,False,-0.028504288809531042,6.698313530884324,5.613472938537598,2,975000000
straight_aisle,0,1.0,-30.0,1.0000000001866818,-29.99999999382462,0.9714957113771507,-23.301686462940296,True,False,-0.028504288809531042,6.698313530884324,7.637615203857422,3,40000000
straight_aisle,0,1.0,-30.0,1.0000000001866818,-29.99999999382462,0.9714957113771507,-23.301686462940296,True,False,-0.028504288809531042,6.698313530884324,5.429294109344482,3,105000000
straight_aisle,0,1.0,-30.0,1.0000000001866818,-29.99999999382462,0.9714957113771507,-23.301686462940296,True,False,-0.028504288809531042,6.698313530884324,5.400559902191162,3,170000000
straight_aisle,0,1.0,-30.0,1.0000000001866818,-29.99999999382462,0.9714957113771507,-23.301686462940296,True,False,-0.028504288809531042,6.698313530884324,5.354854106903076,3,235000000
straight_aisle,0,1.0,-30.0,1.0000000001866818,-29.99999999382462,0.9714957113771507,-23.301686462940296,True,False,-0.028504288809531042,6.698313530884324,5.75206184387207,3,305000000
straight_aisle,0,1.0,-30.0,1.0000000001866818,-29.99999999382462,0.9714957113771507,-23.301686462940296,True,False,-0.028504288809531042,6.698313530884324,5.090933799743652,3,370000000
straight_aisle,0,1.0,-30.0,1.0000000001866818,-29.99999999382462,0.9714957113771507,-23.301686462940296,True,False,-0.028504288809531042,6.698313530884324,5.209986209869385,3,435000000
straight_aisle,0,1.0,-30.0,1.0000000001866818,-29.99999999382462,0.9714957113771507,-23.301686462940296,True,False,-0.028504288809531042,6.698313530884324,5.1208720207214355,3,565000000
straight_aisle,0,1.0,-30.0,1.0000000001866818,-29.99999999382462,0.9714957113771507,-23.301686462940296,True,False,-0.028504288809531042,6.698313530884324,5.452608108520508,3,635000000
straight_aisle,0,1.0,-30.0,1.0000000001866818,-29.99999999382462,0.9714957113771507,-23.301686462940296,True,False,-0.028504288809531042,6.698313530884324,5.13666296005249,3,700000000
straight_aisle,0,1.0,-30.0,1.0000000001866818,-29.99999999382462,0.9714957113771507,-23.301686462940296,True,False,-0.028504288809531042,6.698313530884324,5.6007561683654785,3,765000000
straight_aisle,0,1.0,-30.0,1.0000000001866818,-29.99999999382462,0.9714957113771507,-23.301686462940296,True,False,-0.028504288809531042,6.698313530884324,5.313299179077148,3,895000000
straight_aisle,1,1.0,-20.0,1.0000000001924019,-19.999999994422566,0.9728099349898935,-18.281144639098773,True,False,-0.02719006520250833,1.718855355323793,5.691789150238037,4,360000000
straight_aisle,1,1.0,-20.0,1.0000000001924019,-19.999999994422566,0.9728099349898935,-18.281144639098773,True,False,-0.02719006520250833,1.718855355323793,5.6269850730896,4,425000000
straight_aisle,1,1.0,-20.0,1.0000000001924019,-19.999999994422566,0.9728099349898935,-18.281144639098773,True,False,-0.02719006520250833,1.718855355323793,5.34341287612915,4,490000000
straight_aisle,1,1.0,-20.0,1.0000000001924019,-19.999999994422566,0.9728099349898935,-18.281144639098773,True,False,-0.02719006520250833,1.718855355323793,5.3736958503723145,4,555000000
straight_aisle,1,1.0,-20.0,1.0000000001924019,-19.999999994422566,0.9728099349898935,-18.281144639098773,True,False,-0.02719006520250833,1.718855355323793,5.5240678787231445,4,625000000
straight_aisle,1,1.0,-20.0,1.0000000001924019,-19.999999994422566,0.9728099349898935,-18.281144639098773,True,False,-0.02719006520250833,1.718855355323793,5.594283103942871,4,690000000
straight_aisle,1,1.0,-20.0,1.0000000001924019,-19.999999994422566,0.9728099349898935,-18.281144639098773,True,False,-0.02719006520250833,1.718855355323793,5.170592784881592,4,755000000
straight_aisle,1,1.0,-20.0,1.0000000001924019,-19.999999994422566,0.9728099349898935,-18.281144639098773,True,False,-0.02719006520250833,1.718855355323793,5.199938774108887,4,820000000
straight_aisle,1,1.0,-20.0,1.0000000001924019,-19.999999994422566,0.9728099349898935,-18.281144639098773,True,False,-0.02719006520250833,1.718855355323793,5.708993911743164,4,885000000
straight_aisle,1,1.0,-20.0,1.0000000001924019,-19.999999994422566,0.9728099349898935,-18.281144639098773,True,False,-0.02719006520250833,1.718855355323793,8.563177108764648,4,955000000
straight_aisle,1,1.0,-20.0,1.0000000001924019,-19.999999994422566,0.9728099349898935,-18.281144639098773,True,False,-0.02719006520250833,1.718855355323793,5.363790035247803,5,20000000
straight_aisle,1,1.0,-20.0,1.0000000001924019,-19.999999994422566,0.9728099349898935,-18.281144639098773,True,False,-0.02719006520250833,1.718855355323793,7.130331993103027,5,85000000
straight_aisle,1,1.0,-20.0,1.0000000001924019,-19.999999994422566,0.9728099349898935,-18.281144639098773,True,False,-0.02719006520250833,1.718855355323793,8.701725959777832,5,150000000
straight_aisle,1,1.0,-20.0,1.0000000001924019,-19.999999994422566,0.9728099349898935,-18.281144639098773,True,False,-0.02719006520250833,1.718855355323793,8.846983909606934,5,215000000
straight_aisle,1,1.0,-20.0,1.0000000001924019,-19.999999994422566,0.9728099349898935,-18.281144639098773,True,False,-0.02719006520250833,1.718855355323793,8.431771278381348,5,285000000
straight_aisle,1,1.0,-20.0,1.0000000001924019,-19.999999994422566,0.9728099349898935,-18.281144639098773,True,False,-0.02719006520250833,1.718855355323793,8.59396743774414,5,350000000
straight_aisle,1,1.0,-20.0,1.0000000001924019,-19.999999994422566,0.9728099349898935,-18.281144639098773,True,False,-0.02719006520250833,1.718855355323793,8.803468704223633,5,415000000
straight_aisle,1,1.0,-20.0,1.0000000001924019,-19.999999994422566,0.9728099349898935,-18.281144639098773,True,False,-0.02719006520250833,1.718855355323793,8.755237579345703,5,480000000
straight_aisle,1,1.0,-20.0,1.0000000001924019,-19.999999994422566,0.9728099349898935,-18.281144639098773,True,False,-0.02719006520250833,1.718855355323793,5.166197776794434,5,545000000
straight_aisle,1,1.0,-20.0,1.0000000001924019,-19.999999994422566,0.9728099349898935,-18.281144639098773,True,False,-0.02719006520250833,1.718855355323793,7.3926100730896,5,615000000
straight_aisle,1,1.0,-20.0,1.0000000001924019,-19.999999994422566,0.9728099349898935,-18.281144639098773,True,False,-0.02719006520250833,1.718855355323793,7.3926100730896,5,680000000
straight_aisle,1,1.0,-20.0,1.0000000001924019,-19.999999994422566,0.9728099349898935,-18.281144639098773,True,False,-0.02719006520250833,1.718855355323793,5.263168811798096,5,745000000
straight_aisle,1,1.0,-20.0,1.0000000001924019,-19.999999994422566,0.9728099349898935,-18.281144639098773,True,False,-0.02719006520250833,1.718855355323793,5.161096096038818,5,810000000
straight_aisle,1,1.0,-20.0,1.0000000001924019,-19.999999994422566,0.9728099349898935,-18.281144639098773,True,False,-0.02719006520250833,1.718855355323793,5.0662078857421875,5,875000000
straight_aisle,1,1.0,-20.0,1.0000000001924019,-19.999999994422566,0.9728099349898935,-18.281144639098773,True,False,-0.02719006520250833,1.718855355323793,5.237945079803467,5,945000000
straight_aisle,1,1.0,-20.0,1.0000000001924019,-19.999999994422566,0.9728099349898935,-18.281144639098773,True,False,-0.02719006520250833,1.718855355323793,5.250332832336426,6,10000000
straight_aisle,1,1.0,-20.0,1.0000000001924019,-19.999999994422566,0.9728099349898935,-18.281144639098773,True,False,-0.02719006520250833,1.718855355323793,5.5014262199401855,6,75000000
straight_aisle,1,1.0,-20.0,1.0000000001924019,-19.999999994422566,0.9728099349898935,-18.281144639098773,True,False,-0.02719006520250833,1.718855355323793,5.199892044067383,6,205000000
straight_aisle,1,1.0,-20.0,1.0000000001924019,-19.999999994422566,0.9728099349898935,-18.281144639098773,True,False,-0.02719006520250833,1.718855355323793,5.375802040100098,6,340000000
straight_aisle,1,1.0,-20.0,1.0000000001924019,-19.999999994422566,0.9728099349898935,-18.281144639098773,True,False,-0.02719006520250833,1.718855355323793,5.6388092041015625,6,405000000
straight_aisle,2,1.0,-10.0,0.99999999999372,-10.000000001987427,0.9678661934636259,-9.995629357637041,True,False,-0.03213380653009412,0.004370644350386144,5.892578125,6,935000000
straight_aisle,2,1.0,-10.0,0.99999999999372,-10.000000001987427,0.9678661934636259,-9.995629357637041,True,False,-0.03213380653009412,0.004370644350386144,5.262528896331787,7,0
straight_aisle,2,1.0,-10.0,0.99999999999372,-10.000000001987427,0.9678661934636259,-9.995629357637041,True,False,-0.03213380653009412,0.004370644350386144,5.301163196563721,7,130000000
straight_aisle,2,1.0,-10.0,0.99999999999372,-10.000000001987427,0.9678661934636259,-9.995629357637041,True,False,-0.03213380653009412,0.004370644350386144,5.521093845367432,7,195000000
straight_aisle,2,1.0,-10.0,0.99999999999372,-10.000000001987427,0.9678661934636259,-9.995629357637041,True,False,-0.03213380653009412,0.004370644350386144,5.599989891052246,7,265000000
straight_aisle,2,1.0,-10.0,0.99999999999372,-10.000000001987427,0.9678661934636259,-9.995629357637041,True,False,-0.03213380653009412,0.004370644350386144,5.494811058044434,7,330000000
straight_aisle,2,1.0,-10.0,0.99999999999372,-10.000000001987427,0.9678661934636259,-9.995629357637041,True,False,-0.03213380653009412,0.004370644350386144,5.507824897766113,7,395000000
straight_aisle,2,1.0,-10.0,0.99999999999372,-10.000000001987427,0.9678661934636259,-9.995629357637041,True,False,-0.03213380653009412,0.004370644350386144,5.620083808898926,7,460000000
straight_aisle,2,1.0,-10.0,0.99999999999372,-10.000000001987427,0.9678661934636259,-9.995629357637041,True,False,-0.03213380653009412,0.004370644350386144,6.571507930755615,7,525000000
straight_aisle,2,1.0,-10.0,0.99999999999372,-10.000000001987427,0.9678661934636259,-9.995629357637041,True,False,-0.03213380653009412,0.004370644350386144,8.538973808288574,7,595000000
straight_aisle,2,1.0,-10.0,0.99999999999372,-10.000000001987427,0.9678661934636259,-9.995629357637041,True,False,-0.03213380653009412,0.004370644350386144,5.576352119445801,7,660000000
straight_aisle,2,1.0,-10.0,0.99999999999372,-10.000000001987427,0.9678661934636259,-9.995629357637041,True,False,-0.03213380653009412,0.004370644350386144,8.09227180480957,7,725000000
straight_aisle,2,1.0,-10.0,0.99999999999372,-10.000000001987427,0.9678661934636259,-9.995629357637041,True,False,-0.03213380653009412,0.004370644350386144,8.389616012573242,7,790000000
straight_aisle,2,1.0,-10.0,0.99999999999372,-10.000000001987427,0.9678661934636259,-9.995629357637041,True,False,-0.03213380653009412,0.004370644350386144,8.695902824401855,7,855000000
straight_aisle,2,1.0,-10.0,0.99999999999372,-10.000000001987427,0.9678661934636259,-9.995629357637041,True,False,-0.03213380653009412,0.004370644350386144,8.383601188659668,7,925000000
straight_aisle,2,1.0,-10.0,0.99999999999372,-10.000000001987427,0.9678661934636259,-9.995629357637041,True,False,-0.03213380653009412,0.004370644350386144,7.817992210388184,7,990000000
straight_aisle,2,1.0,-10.0,0.99999999999372,-10.000000001987427,0.9678661934636259,-9.995629357637041,True,False,-0.03213380653009412,0.004370644350386144,7.767088890075684,8,55000000
straight_aisle,2,1.0,-10.0,0.99999999999372,-10.000000001987427,0.9678661934636259,-9.995629357637041,True,False,-0.03213380653009412,0.004370644350386144,7.325625896453857,8,120000000
straight_aisle,2,1.0,-10.0,0.99999999999372,-10.000000001987427,0.9678661934636259,-9.995629357637041,True,False,-0.03213380653009412,0.004370644350386144,7.13154411315918,8,185000000
straight_aisle,2,1.0,-10.0,0.99999999999372,-10.000000001987427,0.9678661934636259,-9.995629357637041,True,False,-0.03213380653009412,0.004370644350386144,5.300593852996826,8,255000000
straight_aisle,2,1.0,-10.0,0.99999999999372,-10.000000001987427,0.9678661934636259,-9.995629357637041,True,False,-0.03213380653009412,0.004370644350386144,7.1770100593566895,8,320000000
straight_aisle,2,1.0,-10.0,0.99999999999372,-10.000000001987427,0.9678661934636259,-9.995629357637041,True,False,-0.03213380653009412,0.004370644350386144,7.197750091552734,8,385000000
straight_aisle,2,1.0,-10.0,0.99999999999372,-10.000000001987427,0.9678661934636259,-9.995629357637041,True,False,-0.03213380653009412,0.004370644350386144,5.324798107147217,8,450000000
straight_aisle,2,1.0,-10.0,0.99999999999372,-10.000000001987427,0.9678661934636259,-9.995629357637041,True,False,-0.03213380653009412,0.004370644350386144,5.395658016204834,8,585000000
straight_aisle,2,1.0,-10.0,0.99999999999372,-10.000000001987427,0.9678661934636259,-9.995629357637041,True,False,-0.03213380653009412,0.004370644350386144,7.381533145904541,8,650000000
straight_aisle,2,1.0,-10.0,0.99999999999372,-10.000000001987427,0.9678661934636259,-9.995629357637041,True,False,-0.03213380653009412,0.004370644350386144,11.582822799682617,8,715000000
straight_aisle,2,1.0,-10.0,0.99999999999372,-10.000000001987427,0.9678661934636259,-9.995629357637041,True,False,-0.03213380653009412,0.004370644350386144,5.4471049308776855,8,780000000
straight_aisle,2,1.0,-10.0,0.99999999999372,-10.000000001987427,0.9678661934636259,-9.995629357637041,True,False,-0.03213380653009412,0.004370644350386144,5.2300238609313965,8,845000000
straight_aisle,2,1.0,-10.0,0.99999999999372,-10.000000001987427,0.9678661934636259,-9.995629357637041,True,False,-0.03213380653009412,0.004370644350386144,5.555479049682617,8,915000000
straight_aisle,2,1.0,-10.0,0.99999999999372,-10.000000001987427,0.9678661934636259,-9.995629357637041,True,False,-0.03213380653009412,0.004370644350386144,5.221584796905518,8,980000000
straight_aisle,3,1.0,0.0,1.0,0.0,,,False,True,,,,9,440000000
straight_aisle,3,1.0,0.0,1.0,0.0,,,False,True,,,,9,505000000
straight_aisle,3,1.0,0.0,1.0,0.0,,,False,True,,,,9,575000000
straight_aisle,3,1.0,0.0,1.0,0.0,,,False,True,,,,9,640000000
straight_aisle,3,1.0,0.0,1.0,0.0,,,False,True,,,,9,705000000
straight_aisle,3,1.0,0.0,1.0,0.0,,,False,True,,,,9,770000000
straight_aisle,3,1.0,0.0,1.0,0.0,,,False,True,,,,9,835000000
straight_aisle,3,1.0,0.0,1.0,0.0,,,False,True,,,,9,905000000
straight_aisle,3,1.0,0.0,1.0,0.0,,,False,True,,,,9,970000000
straight_aisle,3,1.0,0.0,1.0,0.0,,,False,True,,,,10,35000000
straight_aisle,3,1.0,0.0,1.0,0.0,,,False,True,,,,10,100000000
straight_aisle,3,1.0,0.0,1.0,0.0,,,False,True,,,,10,165000000
straight_aisle,3,1.0,0.0,1.0,0.0,,,False,True,,,,10,235000000
straight_aisle,3,1.0,0.0,1.0,0.0,,,False,True,,,,10,365000000
straight_aisle,3,1.0,0.0,1.0,0.0,,,False,True,,,,10,430000000
straight_aisle,3,1.0,0.0,1.0,0.0,,,False,True,,,,10,495000000
straight_aisle,3,1.0,0.0,1.0,0.0,,,False,True,,,,10,565000000
straight_aisle,3,1.0,0.0,1.0,0.0,,,False,True,,,,10,630000000
straight_aisle,3,1.0,0.0,1.0,0.0,,,False,True,,,,10,695000000
straight_aisle,3,1.0,0.0,1.0,0.0,,,False,True,,,,10,760000000
straight_aisle,3,1.0,0.0,1.0,0.0,,,False,True,,,,10,825000000
straight_aisle,3,1.0,0.0,1.0,0.0,,,False,True,,,,10,895000000
straight_aisle,3,1.0,0.0,1.0,0.0,,,False,True,,,,11,90000000
straight_aisle,3,1.0,0.0,1.0,0.0,,,False,True,,,,11,225000000
straight_aisle,3,1.0,0.0,1.0,0.0,,,False,True,,,,11,290000000
straight_aisle,3,1.0,0.0,1.0,0.0,,,False,True,,,,11,355000000
straight_aisle,3,1.0,0.0,1.0,0.0,,,False,True,,,,11,420000000
straight_aisle,3,1.0,0.0,1.0,0.0,,,False,True,,,,11,485000000
straight_aisle,3,1.0,0.0,1.0,0.0,,,False,True,,,,11,555000000
straight_aisle,3,1.0,0.0,1.0,0.0,,,False,True,,,,11,685000000
straight_aisle,4,1.0,10.0,0.99999999999372,10.000000001987427,,,False,False,,,,12,145000000
straight_aisle,4,1.0,10.0,0.99999999999372,10.000000001987427,,,False,False,,,,12,215000000
straight_aisle,4,1.0,10.0,0.99999999999372,10.000000001987427,,,False,False,,,,12,280000000
straight_aisle,4,1.0,10.0,0.99999999999372,10.000000001987427,,,False,False,,,,12,345000000
straight_aisle,4,1.0,10.0,0.99999999999372,10.000000001987427,,,False,False,,,,12,475000000
straight_aisle,4,1.0,10.0,0.99999999999372,10.000000001987427,,,False,False,,,,12,545000000
straight_aisle,4,1.0,10.0,0.99999999999372,10.000000001987427,,,False,False,,,,12,610000000
straight_aisle,4,1.0,10.0,0.99999999999372,10.000000001987427,,,False,False,,,,12,675000000
straight_aisle,4,1.0,10.0,0.99999999999372,10.000000001987427,,,False,False,,,,12,740000000
straight_aisle,4,1.0,10.0,0.99999999999372,10.000000001987427,,,False,False,,,,12,805000000
straight_aisle,4,1.0,10.0,0.99999999999372,10.000000001987427,,,False,False,,,,12,875000000
straight_aisle,4,1.0,10.0,0.99999999999372,10.000000001987427,,,False,False,,,,12,940000000
straight_aisle,4,1.0,10.0,0.99999999999372,10.000000001987427,,,False,False,,,,13,5000000
straight_aisle,4,1.0,10.0,0.99999999999372,10.000000001987427,,,False,False,,,,13,70000000
straight_aisle,4,1.0,10.0,0.99999999999372,10.000000001987427,,,False,False,,,,13,135000000
straight_aisle,4,1.0,10.0,0.99999999999372,10.000000001987427,,,False,False,,,,13,205000000
straight_aisle,4,1.0,10.0,0.99999999999372,10.000000001987427,,,False,False,,,,13,270000000
straight_aisle,4,1.0,10.0,0.99999999999372,10.000000001987427,,,False,False,,,,13,335000000
straight_aisle,4,1.0,10.0,0.99999999999372,10.000000001987427,,,False,False,,,,13,400000000
straight_aisle,4,1.0,10.0,0.99999999999372,10.000000001987427,,,False,False,,,,13,465000000
straight_aisle,4,1.0,10.0,0.99999999999372,10.000000001987427,,,False,False,,,,13,535000000
straight_aisle,4,1.0,10.0,0.99999999999372,10.000000001987427,,,False,False,,,,13,600000000
straight_aisle,4,1.0,10.0,0.99999999999372,10.000000001987427,,,False,False,,,,13,665000000
straight_aisle,4,1.0,10.0,0.99999999999372,10.000000001987427,,,False,False,,,,13,730000000
straight_aisle,4,1.0,10.0,0.99999999999372,10.000000001987427,,,False,False,,,,13,795000000
straight_aisle,4,1.0,10.0,0.99999999999372,10.000000001987427,,,False,False,,,,13,865000000
straight_aisle,4,1.0,10.0,0.99999999999372,10.000000001987427,,,False,False,,,,13,930000000
straight_aisle,4,1.0,10.0,0.99999999999372,10.000000001987427,,,False,False,,,,13,995000000
straight_aisle,4,1.0,10.0,0.99999999999372,10.000000001987427,,,False,False,,,,14,60000000
straight_aisle,4,1.0,10.0,0.99999999999372,10.000000001987427,,,False,False,,,,14,125000000
straight_aisle,5,1.0,20.0,1.0000000001924019,19.999999994422566,0.9785344957334736,18.999874085079675,True,False,-0.021465504458928253,-1.0001259093428914,6.289371967315674,14,590000000
straight_aisle,5,1.0,20.0,1.0000000001924019,19.999999994422566,0.9785344957334736,18.999874085079675,True,False,-0.021465504458928253,-1.0001259093428914,7.390143871307373,14,655000000
straight_aisle,5,1.0,20.0,1.0000000001924019,19.999999994422566,0.9785344957334736,18.999874085079675,True,False,-0.021465504458928253,-1.0001259093428914,7.211678981781006,14,720000000
straight_aisle,5,1.0,20.0,1.0000000001924019,19.999999994422566,0.9785344957334736,18.999874085079675,True,False,-0.021465504458928253,-1.0001259093428914,5.275221824645996,14,785000000
straight_aisle,5,1.0,20.0,1.0000000001924019,19.999999994422566,0.9785344957334736,18.999874085079675,True,False,-0.021465504458928253,-1.0001259093428914,5.2481369972229,14,855000000
straight_aisle,5,1.0,20.0,1.0000000001924019,19.999999994422566,0.9785344957334736,18.999874085079675,True,False,-0.021465504458928253,-1.0001259093428914,6.430951118469238,14,920000000
straight_aisle,5,1.0,20.0,1.0000000001924019,19.999999994422566,0.9785344957334736,18.999874085079675,True,False,-0.021465504458928253,-1.0001259093428914,5.447244167327881,14,985000000
straight_aisle,5,1.0,20.0,1.0000000001924019,19.999999994422566,0.9785344957334736,18.999874085079675,True,False,-0.021465504458928253,-1.0001259093428914,5.211027145385742,15,50000000
straight_aisle,5,1.0,20.0,1.0000000001924019,19.999999994422566,0.9785344957334736,18.999874085079675,True,False,-0.021465504458928253,-1.0001259093428914,5.283961772918701,15,115000000
straight_aisle,5,1.0,20.0,1.0000000001924019,19.999999994422566,0.9785344957334736,18.999874085079675,True,False,-0.021465504458928253,-1.0001259093428914,5.600017070770264,15,185000000
straight_aisle,5,1.0,20.0,1.0000000001924019,19.999999994422566,0.9785344957334736,18.999874085079675,True,False,-0.021465504458928253,-1.0001259093428914,5.165983200073242,15,250000000
straight_aisle,5,1.0,20.0,1.0000000001924019,19.999999994422566,0.9785344957334736,18.999874085079675,True,False,-0.021465504458928253,-1.0001259093428914,5.223092079162598,15,315000000
straight_aisle,5,1.0,20.0,1.0000000001924019,19.999999994422566,0.9785344957334736,18.999874085079675,True,False,-0.021465504458928253,-1.0001259093428914,5.504424095153809,15,380000000
straight_aisle,5,1.0,20.0,1.0000000001924019,19.999999994422566,0.9785344957334736,18.999874085079675,True,False,-0.021465504458928253,-1.0001259093428914,5.694212913513184,15,445000000
straight_aisle,5,1.0,20.0,1.0000000001924019,19.999999994422566,0.9785344957334736,18.999874085079675,True,False,-0.021465504458928253,-1.0001259093428914,5.660904884338379,15,515000000
straight_aisle,5,1.0,20.0,1.0000000001924019,19.999999994422566,0.9785344957334736,18.999874085079675,True,False,-0.021465504458928253,-1.0001259093428914,5.243161201477051,15,580000000
straight_aisle,5,1.0,20.0,1.0000000001924019,19.999999994422566,0.9785344957334736,18.999874085079675,True,False,-0.021465504458928253,-1.0001259093428914,5.287601947784424,15,645000000
straight_aisle,5,1.0,20.0,1.0000000001924019,19.999999994422566,0.9785344957334736,18.999874085079675,True,False,-0.021465504458928253,-1.0001259093428914,6.042619228363037,15,710000000
straight_aisle,5,1.0,20.0,1.0000000001924019,19.999999994422566,0.9785344957334736,18.999874085079675,True,False,-0.021465504458928253,-1.0001259093428914,5.846427917480469,15,775000000
straight_aisle,5,1.0,20.0,1.0000000001924019,19.999999994422566,0.9785344957334736,18.999874085079675,True,False,-0.021465504458928253,-1.0001259093428914,7.508190155029297,15,845000000
straight_aisle,5,1.0,20.0,1.0000000001924019,19.999999994422566,0.9785344957334736,18.999874085079675,True,False,-0.021465504458928253,-1.0001259093428914,5.667101860046387,15,910000000
straight_aisle,5,1.0,20.0,1.0000000001924019,19.999999994422566,0.9785344957334736,18.999874085079675,True,False,-0.021465504458928253,-1.0001259093428914,6.635234832763672,15,975000000
straight_aisle,5,1.0,20.0,1.0000000001924019,19.999999994422566,0.9785344957334736,18.999874085079675,True,False,-0.021465504458928253,-1.0001259093428914,7.607879161834717,16,40000000
straight_aisle,5,1.0,20.0,1.0000000001924019,19.999999994422566,0.9785344957334736,18.999874085079675,True,False,-0.021465504458928253,-1.0001259093428914,7.4055562019348145,16,105000000
straight_aisle,5,1.0,20.0,1.0000000001924019,19.999999994422566,0.9785344957334736,18.999874085079675,True,False,-0.021465504458928253,-1.0001259093428914,7.1407389640808105,16,175000000
straight_aisle,5,1.0,20.0,1.0000000001924019,19.999999994422566,0.9785344957334736,18.999874085079675,True,False,-0.021465504458928253,-1.0001259093428914,6.390314102172852,16,240000000
straight_aisle,5,1.0,20.0,1.0000000001924019,19.999999994422566,0.9785344957334736,18.999874085079675,True,False,-0.021465504458928253,-1.0001259093428914,7.950817108154297,16,305000000
straight_aisle,5,1.0,20.0,1.0000000001924019,19.999999994422566,0.9785344957334736,18.999874085079675,True,False,-0.021465504458928253,-1.0001259093428914,5.149355888366699,16,435000000
straight_aisle,5,1.0,20.0,1.0000000001924019,19.999999994422566,0.9785344957334736,18.999874085079675,True,False,-0.021465504458928253,-1.0001259093428914,5.290319919586182,16,505000000
straight_aisle,5,1.0,20.0,1.0000000001924019,19.999999994422566,0.9785344957334736,18.999874085079675,True,False,-0.021465504458928253,-1.0001259093428914,7.667634963989258,16,635000000
straight_aisle,6,1.0,30.0,1.0000000001866818,29.99999999382462,0.97200708814058,23.493386416899543,True,False,-0.02799291204610177,-6.506613576925076,5.335122108459473,17,30000000
straight_aisle,6,1.0,30.0,1.0000000001866818,29.99999999382462,0.97200708814058,23.493386416899543,True,False,-0.02799291204610177,-6.506613576925076,7.669057846069336,17,95000000
straight_aisle,6,1.0,30.0,1.0000000001866818,29.99999999382462,0.97200708814058,23.493386416899543,True,False,-0.02799291204610177,-6.506613576925076,7.855906963348389,17,165000000
straight_aisle,6,1.0,30.0,1.0000000001866818,29.99999999382462,0.97200708814058,23.493386416899543,True,False,-0.02799291204610177,-6.506613576925076,7.546245098114014,17,230000000
straight_aisle,6,1.0,30.0,1.0000000001866818,29.99999999382462,0.97200708814058,23.493386416899543,True,False,-0.02799291204610177,-6.506613576925076,6.8185200691223145,17,295000000
straight_aisle,6,1.0,30.0,1.0000000001866818,29.99999999382462,0.97200708814058,23.493386416899543,True,False,-0.02799291204610177,-6.506613576925076,6.8185200691223145,17,360000000
straight_aisle,6,1.0,30.0,1.0000000001866818,29.99999999382462,0.97200708814058,23.493386416899543,True,False,-0.02799291204610177,-6.506613576925076,5.339297771453857,17,425000000
straight_aisle,6,1.0,30.0,1.0000000001866818,29.99999999382462,0.97200708814058,23.493386416899543,True,False,-0.02799291204610177,-6.506613576925076,5.27819299697876,17,495000000
straight_aisle,6,1.0,30.0,1.0000000001866818,29.99999999382462,0.97200708814058,23.493386416899543,True,False,-0.02799291204610177,-6.506613576925076,7.022463798522949,17,560000000
straight_aisle,6,1.0,30.0,1.0000000001866818,29.99999999382462,0.97200708814058,23.493386416899543,True,False,-0.02799291204610177,-6.506613576925076,5.162262916564941,17,625000000
straight_aisle,6,1.0,30.0,1.0000000001866818,29.99999999382462,0.97200708814058,23.493386416899543,True,False,-0.02799291204610177,-6.506613576925076,5.113748073577881,17,690000000
straight_aisle,6,1.0,30.0,1.0000000001866818,29.99999999382462,0.97200708814058,23.493386416899543,True,False,-0.02799291204610177,-6.506613576925076,5.24948787689209,17,825000000
straight_aisle,6,1.0,30.0,1.0000000001866818,29.99999999382462,0.97200708814058,23.493386416899543,True,False,-0.02799291204610177,-6.506613576925076,5.131759166717529,17,890000000
straight_aisle,6,1.0,30.0,1.0000000001866818,29.99999999382462,0.97200708814058,23.493386416899543,True,False,-0.02799291204610177,-6.506613576925076,5.073000907897949,17,955000000
straight_aisle,6,1.0,30.0,1.0000000001866818,29.99999999382462,0.97200708814058,23.493386416899543,True,False,-0.02799291204610177,-6.506613576925076,5.325705051422119,18,20000000
straight_aisle,6,1.0,30.0,1.0000000001866818,29.99999999382462,0.97200708814058,23.493386416899543,True,False,-0.02799291204610177,-6.506613576925076,5.590948104858398,18,85000000
straight_aisle,6,1.0,30.0,1.0000000001866818,29.99999999382462,0.97200708814058,23.493386416899543,True,False,-0.02799291204610177,-6.506613576925076,6.9050188064575195,18,155000000
straight_aisle,6,1.0,30.0,1.0000000001866818,29.99999999382462,0.97200708814058,23.493386416899543,True,False,-0.02799291204610177,-6.506613576925076,5.248344898223877,18,220000000
straight_aisle,6,1.0,30.0,1.0000000001866818,29.99999999382462,0.97200708814058,23.493386416899543,True,False,-0.02799291204610177,-6.506613576925076,5.615159034729004,18,350000000
straight_aisle,6,1.0,30.0,1.0000000001866818,29.99999999382462,0.97200708814058,23.493386416899543,True,False,-0.02799291204610177,-6.506613576925076,7.607682228088379,18,415000000
straight_aisle,6,1.0,30.0,1.0000000001866818,29.99999999382462,0.97200708814058,23.493386416899543,True,False,-0.02799291204610177,-6.506613576925076,7.549753189086914,18,485000000
straight_aisle,6,1.0,30.0,1.0000000001866818,29.99999999382462,0.97200708814058,23.493386416899543,True,False,-0.02799291204610177,-6.506613576925076,7.115111827850342,18,550000000
straight_aisle,6,1.0,30.0,1.0000000001866818,29.99999999382462,0.97200708814058,23.493386416899543,True,False,-0.02799291204610177,-6.506613576925076,7.303296089172363,18,615000000
straight_aisle,6,1.0,30.0,1.0000000001866818,29.99999999382462,0.97200708814058,23.493386416899543,True,False,-0.02799291204610177,-6.506613576925076,7.16278076171875,18,680000000
straight_aisle,6,1.0,30.0,1.0000000001866818,29.99999999382462,0.97200708814058,23.493386416899543,True,False,-0.02799291204610177,-6.506613576925076,6.978927135467529,18,745000000
straight_aisle,6,1.0,30.0,1.0000000001866818,29.99999999382462,0.97200708814058,23.493386416899543,True,False,-0.02799291204610177,-6.506613576925076,5.186791896820068,18,815000000
straight_aisle,6,1.0,30.0,1.0000000001866818,29.99999999382462,0.97200708814058,23.493386416899543,True,False,-0.02799291204610177,-6.506613576925076,7.1634111404418945,18,880000000
straight_aisle,6,1.0,30.0,1.0000000001866818,29.99999999382462,0.97200708814058,23.493386416899543,True,False,-0.02799291204610177,-6.506613576925076,7.224635124206543,18,945000000
straight_aisle,6,1.0,30.0,1.0000000001866818,29.99999999382462,0.97200708814058,23.493386416899543,True,False,-0.02799291204610177,-6.506613576925076,5.329739093780518,19,10000000
straight_aisle,6,1.0,30.0,1.0000000001866818,29.99999999382462,0.97200708814058,23.493386416899543,True,False,-0.02799291204610177,-6.506613576925076,5.045063018798828,19,75000000
straight_aisle,7,1.5,-30.0,1.5000000002800227,-29.99999999382462,1.4745322028368573,-26.537357360374077,True,False,-0.025467797443165408,3.4626426334505425,7.370884895324707,19,475000000
straight_aisle,7,1.5,-30.0,1.5000000002800227,-29.99999999382462,1.4745322028368573,-26.537357360374077,True,False,-0.025467797443165408,3.4626426334505425,5.369524002075195,19,540000000
straight_aisle,7,1.5,-30.0,1.5000000002800227,-29.99999999382462,1.4745322028368573,-26.537357360374077,True,False,-0.025467797443165408,3.4626426334505425,8.652326583862305,19,605000000
straight_aisle,7,1.5,-30.0,1.5000000002800227,-29.99999999382462,1.4745322028368573,-26.537357360374077,True,False,-0.025467797443165408,3.4626426334505425,8.130180358886719,19,670000000
straight_aisle,7,1.5,-30.0,1.5000000002800227,-29.99999999382462,1.4745322028368573,-26.537357360374077,True,False,-0.025467797443165408,3.4626426334505425,5.260129928588867,19,735000000
straight_aisle,7,1.5,-30.0,1.5000000002800227,-29.99999999382462,1.4745322028368573,-26.537357360374077,True,False,-0.025467797443165408,3.4626426334505425,5.313695907592773,19,805000000
straight_aisle,7,1.5,-30.0,1.5000000002800227,-29.99999999382462,1.4745322028368573,-26.537357360374077,True,False,-0.025467797443165408,3.4626426334505425,8.070987701416016,19,870000000
straight_aisle,7,1.5,-30.0,1.5000000002800227,-29.99999999382462,1.4745322028368573,-26.537357360374077,True,False,-0.025467797443165408,3.4626426334505425,5.3980817794799805,19,935000000
straight_aisle,7,1.5,-30.0,1.5000000002800227,-29.99999999382462,1.4745322028368573,-26.537357360374077,True,False,-0.025467797443165408,3.4626426334505425,5.100029945373535,20,0
straight_aisle,7,1.5,-30.0,1.5000000002800227,-29.99999999382462,1.4745322028368573,-26.537357360374077,True,False,-0.025467797443165408,3.4626426334505425,5.566341876983643,20,65000000
straight_aisle,7,1.5,-30.0,1.5000000002800227,-29.99999999382462,1.4745322028368573,-26.537357360374077,True,False,-0.025467797443165408,3.4626426334505425,5.444546222686768,20,135000000
straight_aisle,7,1.5,-30.0,1.5000000002800227,-29.99999999382462,1.4745322028368573,-26.537357360374077,True,False,-0.025467797443165408,3.4626426334505425,5.442698955535889,20,200000000
straight_aisle,7,1.5,-30.0,1.5000000002800227,-29.99999999382462,1.4745322028368573,-26.537357360374077,True,False,-0.025467797443165408,3.4626426334505425,5.114229202270508,20,265000000
straight_aisle,7,1.5,-30.0,1.5000000002800227,-29.99999999382462,1.4745322028368573,-26.537357360374077,True,False,-0.025467797443165408,3.4626426334505425,5.227729797363281,20,330000000
straight_aisle,7,1.5,-30.0,1.5000000002800227,-29.99999999382462,1.4745322028368573,-26.537357360374077,True,False,-0.025467797443165408,3.4626426334505425,5.2412919998168945,20,395000000
straight_aisle,7,1.5,-30.0,1.5000000002800227,-29.99999999382462,1.4745322028368573,-26.537357360374077,True,False,-0.025467797443165408,3.4626426334505425,5.436202049255371,20,465000000
straight_aisle,7,1.5,-30.0,1.5000000002800227,-29.99999999382462,1.4745322028368573,-26.537357360374077,True,False,-0.025467797443165408,3.4626426334505425,5.485065937042236,20,530000000
straight_aisle,7,1.5,-30.0,1.5000000002800227,-29.99999999382462,1.4745322028368573,-26.537357360374077,True,False,-0.025467797443165408,3.4626426334505425,5.482580184936523,20,595000000
straight_aisle,7,1.5,-30.0,1.5000000002800227,-29.99999999382462,1.4745322028368573,-26.537357360374077,True,False,-0.025467797443165408,3.4626426334505425,5.125011920928955,20,660000000
straight_aisle,7,1.5,-30.0,1.5000000002800227,-29.99999999382462,1.4745322028368573,-26.537357360374077,True,False,-0.025467797443165408,3.4626426334505425,5.322885990142822,20,725000000
straight_aisle,7,1.5,-30.0,1.5000000002800227,-29.99999999382462,1.4745322028368573,-26.537357360374077,True,False,-0.025467797443165408,3.4626426334505425,7.718015193939209,20,795000000
straight_aisle,7,1.5,-30.0,1.5000000002800227,-29.99999999382462,1.4745322028368573,-26.537357360374077,True,False,-0.025467797443165408,3.4626426334505425,5.879508018493652,20,860000000
straight_aisle,7,1.5,-30.0,1.5000000002800227,-29.99999999382462,1.4745322028368573,-26.537357360374077,True,False,-0.025467797443165408,3.4626426334505425,5.757298946380615,20,925000000
straight_aisle,7,1.5,-30.0,1.5000000002800227,-29.99999999382462,1.4745322028368573,-26.537357360374077,True,False,-0.025467797443165408,3.4626426334505425,7.578083038330078,20,990000000
straight_aisle,7,1.5,-30.0,1.5000000002800227,-29.99999999382462,1.4745322028368573,-26.537357360374077,True,False,-0.025467797443165408,3.4626426334505425,8.113517761230469,21,55000000
straight_aisle,7,1.5,-30.0,1.5000000002800227,-29.99999999382462,1.4745322028368573,-26.537357360374077,True,False,-0.025467797443165408,3.4626426334505425,7.451623916625977,21,125000000
straight_aisle,7,1.5,-30.0,1.5000000002800227,-29.99999999382462,1.4745322028368573,-26.537357360374077,True,False,-0.025467797443165408,3.4626426334505425,6.986690044403076,21,190000000
straight_aisle,7,1.5,-30.0,1.5000000002800227,-29.99999999382462,1.4745322028368573,-26.537357360374077,True,False,-0.025467797443165408,3.4626426334505425,7.333807945251465,21,255000000
straight_aisle,7,1.5,-30.0,1.5000000002800227,-29.99999999382462,1.4745322028368573,-26.537357360374077,True,False,-0.025467797443165408,3.4626426334505425,7.376640796661377,21,320000000
straight_aisle,7,1.5,-30.0,1.5000000002800227,-29.99999999382462,1.4745322028368573,-26.537357360374077,True,False,-0.025467797443165408,3.4626426334505425,5.115984916687012,21,385000000
straight_aisle,8,1.5,-20.0,1.4999999998358564,-20.000000002749363,1.1706954090248003,-20.244943869444175,True,True,-0.3293045908110561,-0.24494386669481116,5.286569118499756,21,785000000
straight_aisle,8,1.5,-20.0,1.4999999998358564,-20.000000002749363,1.1706954090248003,-20.244943869444175,True,True,-0.3293045908110561,-0.24494386669481116,5.2768731117248535,21,850000000
straight_aisle,8,1.5,-20.0,1.4999999998358564,-20.000000002749363,1.1706954090248003,-20.244943869444175,True,True,-0.3293045908110561,-0.24494386669481116,8.47070026397705,21,915000000
straight_aisle,8,1.5,-20.0,1.4999999998358564,-20.000000002749363,1.1706954090248003,-20.244943869444175,True,True,-0.3293045908110561,-0.24494386669481116,10.22102165222168,21,980000000
straight_aisle,8,1.5,-20.0,1.4999999998358564,-20.000000002749363,1.1706954090248003,-20.244943869444175,True,True,-0.3293045908110561,-0.24494386669481116,8.36339282989502,22,45000000
straight_aisle,8,1.5,-20.0,1.4999999998358564,-20.000000002749363,1.1706954090248003,-20.244943869444175,True,True,-0.3293045908110561,-0.24494386669481116,8.133111953735352,22,115000000
straight_aisle,8,1.5,-20.0,1.4999999998358564,-20.000000002749363,1.1706954090248003,-20.244943869444175,True,True,-0.3293045908110561,-0.24494386669481116,6.210697174072266,22,245000000
straight_aisle,8,1.5,-20.0,1.4999999998358564,-20.000000002749363,1.1706954090248003,-20.244943869444175,True,True,-0.3293045908110561,-0.24494386669481116,8.604228973388672,22,310000000
straight_aisle,8,1.5,-20.0,1.4999999998358564,-20.000000002749363,1.1706954090248003,-20.244943869444175,True,True,-0.3293045908110561,-0.24494386669481116,8.75396728515625,22,375000000
straight_aisle,8,1.5,-20.0,1.4999999998358564,-20.000000002749363,1.1706954090248003,-20.244943869444175,True,True,-0.3293045908110561,-0.24494386669481116,5.1377692222595215,22,445000000
straight_aisle,8,1.5,-20.0,1.4999999998358564,-20.000000002749363,1.1706954090248003,-20.244943869444175,True,True,-0.3293045908110561,-0.24494386669481116,7.6464152336120605,22,510000000
straight_aisle,8,1.5,-20.0,1.4999999998358564,-20.000000002749363,1.1706954090248003,-20.244943869444175,True,True,-0.3293045908110561,-0.24494386669481116,8.482762336730957,22,575000000
straight_aisle,8,1.5,-20.0,1.4999999998358564,-20.000000002749363,1.1706954090248003,-20.244943869444175,True,True,-0.3293045908110561,-0.24494386669481116,5.274761199951172,22,640000000
straight_aisle,8,1.5,-20.0,1.4999999998358564,-20.000000002749363,1.1706954090248003,-20.244943869444175,True,True,-0.3293045908110561,-0.24494386669481116,5.139608860015869,22,705000000
straight_aisle,8,1.5,-20.0,1.4999999998358564,-20.000000002749363,1.1706954090248003,-20.244943869444175,True,True,-0.3293045908110561,-0.24494386669481116,5.113187789916992,22,775000000
straight_aisle,8,1.5,-20.0,1.4999999998358564,-20.000000002749363,1.1706954090248003,-20.244943869444175,True,True,-0.3293045908110561,-0.24494386669481116,7.2664899826049805,22,840000000
straight_aisle,8,1.5,-20.0,1.4999999998358564,-20.000000002749363,1.1706954090248003,-20.244943869444175,True,True,-0.3293045908110561,-0.24494386669481116,5.1883978843688965,22,905000000
straight_aisle,8,1.5,-20.0,1.4999999998358564,-20.000000002749363,1.1706954090248003,-20.244943869444175,True,True,-0.3293045908110561,-0.24494386669481116,5.106945991516113,22,970000000
straight_aisle,8,1.5,-20.0,1.4999999998358564,-20.000000002749363,1.1706954090248003,-20.244943869444175,True,True,-0.3293045908110561,-0.24494386669481116,5.133555889129639,23,35000000
straight_aisle,8,1.5,-20.0,1.4999999998358564,-20.000000002749363,1.1706954090248003,-20.244943869444175,True,True,-0.3293045908110561,-0.24494386669481116,5.6824631690979,23,105000000
straight_aisle,8,1.5,-20.0,1.4999999998358564,-20.000000002749363,1.1706954090248003,-20.244943869444175,True,True,-0.3293045908110561,-0.24494386669481116,12.015783309936523,23,300000000
straight_aisle,8,1.5,-20.0,1.4999999998358564,-20.000000002749363,1.1706954090248003,-20.244943869444175,True,True,-0.3293045908110561,-0.24494386669481116,5.198655128479004,23,365000000
straight_aisle,8,1.5,-20.0,1.4999999998358564,-20.000000002749363,1.1706954090248003,-20.244943869444175,True,True,-0.3293045908110561,-0.24494386669481116,7.218732833862305,23,435000000
straight_aisle,8,1.5,-20.0,1.4999999998358564,-20.000000002749363,1.1706954090248003,-20.244943869444175,True,True,-0.3293045908110561,-0.24494386669481116,5.440568923950195,23,500000000
straight_aisle,8,1.5,-20.0,1.4999999998358564,-20.000000002749363,1.1706954090248003,-20.244943869444175,True,True,-0.3293045908110561,-0.24494386669481116,6.632134914398193,23,565000000
straight_aisle,8,1.5,-20.0,1.4999999998358564,-20.000000002749363,1.1706954090248003,-20.244943869444175,True,True,-0.3293045908110561,-0.24494386669481116,7.7864460945129395,23,630000000
straight_aisle,8,1.5,-20.0,1.4999999998358564,-20.000000002749363,1.1706954090248003,-20.244943869444175,True,True,-0.3293045908110561,-0.24494386669481116,8.686128616333008,23,695000000
straight_aisle,8,1.5,-20.0,1.4999999998358564,-20.000000002749363,1.1706954090248003,-20.244943869444175,True,True,-0.3293045908110561,-0.24494386669481116,8.22266960144043,23,765000000
straight_aisle,8,1.5,-20.0,1.4999999998358564,-20.000000002749363,1.1706954090248003,-20.244943869444175,True,True,-0.3293045908110561,-0.24494386669481116,7.28367280960083,23,830000000
straight_aisle,8,1.5,-20.0,1.4999999998358564,-20.000000002749363,1.1706954090248003,-20.244943869444175,True,True,-0.3293045908110561,-0.24494386669481116,8.266000747680664,23,895000000
straight_aisle,9,1.5,-10.0,1.5000000004743015,-9.999999996790146,1.286893834278463,-10.32346424523327,True,True,-0.21310616619583844,-0.3234642484431234,5.437403202056885,24,290000000
straight_aisle,9,1.5,-10.0,1.5000000004743015,-9.999999996790146,1.286893834278463,-10.32346424523327,True,True,-0.21310616619583844,-0.3234642484431234,5.837469100952148,24,355000000
straight_aisle,9,1.5,-10.0,1.5000000004743015,-9.999999996790146,1.286893834278463,-10.32346424523327,True,True,-0.21310616619583844,-0.3234642484431234,8.244294166564941,24,425000000
straight_aisle,9,1.5,-10.0,1.5000000004743015,-9.999999996790146,1.286893834278463,-10.32346424523327,True,True,-0.21310616619583844,-0.3234642484431234,5.571680068969727,24,490000000
straight_aisle,9,1.5,-10.0,1.5000000004743015,-9.999999996790146,1.286893834278463,-10.32346424523327,True,True,-0.21310616619583844,-0.3234642484431234,5.462382793426514,24,620000000
straight_aisle,9,1.5,-10.0,1.5000000004743015,-9.999999996790146,1.286893834278463,-10.32346424523327,True,True,-0.21310616619583844,-0.3234642484431234,8.191729545593262,24,685000000
straight_aisle,9,1.5,-10.0,1.5000000004743015,-9.999999996790146,1.286893834278463,-10.32346424523327,True,True,-0.21310616619583844,-0.3234642484431234,8.440277099609375,24,755000000
straight_aisle,9,1.5,-10.0,1.5000000004743015,-9.999999996790146,1.286893834278463,-10.32346424523327,True,True,-0.21310616619583844,-0.3234642484431234,6.649176120758057,24,820000000
straight_aisle,9,1.5,-10.0,1.5000000004743015,-9.999999996790146,1.286893834278463,-10.32346424523327,True,True,-0.21310616619583844,-0.3234642484431234,8.566558837890625,24,885000000
straight_aisle,9,1.5,-10.0,1.5000000004743015,-9.999999996790146,1.286893834278463,-10.32346424523327,True,True,-0.21310616619583844,-0.3234642484431234,8.704595565795898,24,950000000
straight_aisle,9,1.5,-10.0,1.5000000004743015,-9.999999996790146,1.286893834278463,-10.32346424523327,True,True,-0.21310616619583844,-0.3234642484431234,8.434623718261719,25,15000000
straight_aisle,9,1.5,-10.0,1.5000000004743015,-9.999999996790146,1.286893834278463,-10.32346424523327,True,True,-0.21310616619583844,-0.3234642484431234,5.350934028625488,25,85000000
straight_aisle,9,1.5,-10.0,1.5000000004743015,-9.999999996790146,1.286893834278463,-10.32346424523327,True,True,-0.21310616619583844,-0.3234642484431234,8.610137939453125,25,150000000
straight_aisle,9,1.5,-10.0,1.5000000004743015,-9.999999996790146,1.286893834278463,-10.32346424523327,True,True,-0.21310616619583844,-0.3234642484431234,8.617856979370117,25,215000000
straight_aisle,9,1.5,-10.0,1.5000000004743015,-9.999999996790146,1.286893834278463,-10.32346424523327,True,True,-0.21310616619583844,-0.3234642484431234,5.140790939331055,25,280000000
straight_aisle,9,1.5,-10.0,1.5000000004743015,-9.999999996790146,1.286893834278463,-10.32346424523327,True,True,-0.21310616619583844,-0.3234642484431234,5.266129970550537,25,345000000
straight_aisle,9,1.5,-10.0,1.5000000004743015,-9.999999996790146,1.286893834278463,-10.32346424523327,True,True,-0.21310616619583844,-0.3234642484431234,5.135477066040039,25,415000000
straight_aisle,9,1.5,-10.0,1.5000000004743015,-9.999999996790146,1.286893834278463,-10.32346424523327,True,True,-0.21310616619583844,-0.3234642484431234,5.300663948059082,25,480000000
straight_aisle,9,1.5,-10.0,1.5000000004743015,-9.999999996790146,1.286893834278463,-10.32346424523327,True,True,-0.21310616619583844,-0.3234642484431234,5.144899845123291,25,545000000
straight_aisle,9,1.5,-10.0,1.5000000004743015,-9.999999996790146,1.286893834278463,-10.32346424523327,True,True,-0.21310616619583844,-0.3234642484431234,5.053394794464111,25,610000000
straight_aisle,9,1.5,-10.0,1.5000000004743015,-9.999999996790146,1.286893834278463,-10.32346424523327,True,True,-0.21310616619583844,-0.3234642484431234,5.06325101852417,25,675000000
straight_aisle,9,1.5,-10.0,1.5000000004743015,-9.999999996790146,1.286893834278463,-10.32346424523327,True,True,-0.21310616619583844,-0.3234642484431234,5.139321804046631,25,745000000
straight_aisle,9,1.5,-10.0,1.5000000004743015,-9.999999996790146,1.286893834278463,-10.32346424523327,True,True,-0.21310616619583844,-0.3234642484431234,5.149512767791748,25,810000000
straight_aisle,9,1.5,-10.0,1.5000000004743015,-9.999999996790146,1.286893834278463,-10.32346424523327,True,True,-0.21310616619583844,-0.3234642484431234,5.122125148773193,25,875000000
straight_aisle,9,1.5,-10.0,1.5000000004743015,-9.999999996790146,1.286893834278463,-10.32346424523327,True,True,-0.21310616619583844,-0.3234642484431234,5.1343488693237305,25,940000000
straight_aisle,9,1.5,-10.0,1.5000000004743015,-9.999999996790146,1.286893834278463,-10.32346424523327,True,True,-0.21310616619583844,-0.3234642484431234,5.265582084655762,26,5000000
straight_aisle,9,1.5,-10.0,1.5000000004743015,-9.999999996790146,1.286893834278463,-10.32346424523327,True,True,-0.21310616619583844,-0.3234642484431234,5.529108047485352,26,140000000
straight_aisle,9,1.5,-10.0,1.5000000004743015,-9.999999996790146,1.286893834278463,-10.32346424523327,True,True,-0.21310616619583844,-0.3234642484431234,5.511673927307129,26,205000000
straight_aisle,9,1.5,-10.0,1.5000000004743015,-9.999999996790146,1.286893834278463,-10.32346424523327,True,True,-0.21310616619583844,-0.3234642484431234,6.167895793914795,26,270000000
straight_aisle,9,1.5,-10.0,1.5000000004743015,-9.999999996790146,1.286893834278463,-10.32346424523327,True,True,-0.21310616619583844,-0.3234642484431234,7.380629062652588,26,335000000
straight_aisle,10,1.5,0.0,1.5,0.0,1.489694605840253,-0.14609414955116756,True,True,-0.010305394159747072,-0.14609414955116756,5.298484802246094,26,800000000
straight_aisle,10,1.5,0.0,1.5,0.0,1.489694605840253,-0.14609414955116756,True,True,-0.010305394159747072,-0.14609414955116756,5.1828532218933105,26,930000000
straight_aisle,10,1.5,0.0,1.5,0.0,1.489694605840253,-0.14609414955116756,True,True,-0.010305394159747072,-0.14609414955116756,5.576089859008789,26,995000000
straight_aisle,10,1.5,0.0,1.5,0.0,1.489694605840253,-0.14609414955116756,True,True,-0.010305394159747072,-0.14609414955116756,6.834176063537598,27,260000000
straight_aisle,10,1.5,0.0,1.5,0.0,1.489694605840253,-0.14609414955116756,True,True,-0.010305394159747072,-0.14609414955116756,9.212217330932617,27,325000000
straight_aisle,10,1.5,0.0,1.5,0.0,1.489694605840253,-0.14609414955116756,True,True,-0.010305394159747072,-0.14609414955116756,8.300950050354004,27,395000000
straight_aisle,10,1.5,0.0,1.5,0.0,1.489694605840253,-0.14609414955116756,True,True,-0.010305394159747072,-0.14609414955116756,5.195888042449951,27,460000000
straight_aisle,10,1.5,0.0,1.5,0.0,1.489694605840253,-0.14609414955116756,True,True,-0.010305394159747072,-0.14609414955116756,6.636178016662598,27,525000000
straight_aisle,10,1.5,0.0,1.5,0.0,1.489694605840253,-0.14609414955116756,True,True,-0.010305394159747072,-0.14609414955116756,7.344113826751709,27,590000000
straight_aisle,10,1.5,0.0,1.5,0.0,1.489694605840253,-0.14609414955116756,True,True,-0.010305394159747072,-0.14609414955116756,7.138830184936523,27,655000000
straight_aisle,10,1.5,0.0,1.5,0.0,1.489694605840253,-0.14609414955116756,True,True,-0.010305394159747072,-0.14609414955116756,6.457188129425049,27,725000000
straight_aisle,10,1.5,0.0,1.5,0.0,1.489694605840253,-0.14609414955116756,True,True,-0.010305394159747072,-0.14609414955116756,7.973769187927246,27,790000000
straight_aisle,10,1.5,0.0,1.5,0.0,1.489694605840253,-0.14609414955116756,True,True,-0.010305394159747072,-0.14609414955116756,7.414045810699463,27,855000000
straight_aisle,10,1.5,0.0,1.5,0.0,1.489694605840253,-0.14609414955116756,True,True,-0.010305394159747072,-0.14609414955116756,7.3646368980407715,27,920000000
straight_aisle,10,1.5,0.0,1.5,0.0,1.489694605840253,-0.14609414955116756,True,True,-0.010305394159747072,-0.14609414955116756,5.135433197021484,27,985000000
straight_aisle,10,1.5,0.0,1.5,0.0,1.489694605840253,-0.14609414955116756,True,True,-0.010305394159747072,-0.14609414955116756,5.413483142852783,28,55000000
straight_aisle,10,1.5,0.0,1.5,0.0,1.489694605840253,-0.14609414955116756,True,True,-0.010305394159747072,-0.14609414955116756,5.2520880699157715,28,120000000
straight_aisle,10,1.5,0.0,1.5,0.0,1.489694605840253,-0.14609414955116756,True,True,-0.010305394159747072,-0.14609414955116756,5.2520880699157715,28,185000000
straight_aisle,10,1.5,0.0,1.5,0.0,1.489694605840253,-0.14609414955116756,True,True,-0.010305394159747072,-0.14609414955116756,5.161403179168701,28,250000000
straight_aisle,10,1.5,0.0,1.5,0.0,1.489694605840253,-0.14609414955116756,True,True,-0.010305394159747072,-0.14609414955116756,5.441773891448975,28,315000000
straight_aisle,10,1.5,0.0,1.5,0.0,1.489694605840253,-0.14609414955116756,True,True,-0.010305394159747072,-0.14609414955116756,5.680202960968018,28,385000000
straight_aisle,10,1.5,0.0,1.5,0.0,1.489694605840253,-0.14609414955116756,True,True,-0.010305394159747072,-0.14609414955116756,5.261351108551025,28,580000000
straight_aisle,10,1.5,0.0,1.5,0.0,1.489694605840253,-0.14609414955116756,True,True,-0.010305394159747072,-0.14609414955116756,5.242095947265625,28,645000000
straight_aisle,10,1.5,0.0,1.5,0.0,1.489694605840253,-0.14609414955116756,True,True,-0.010305394159747072,-0.14609414955116756,6.011253833770752,28,715000000
straight_aisle,10,1.5,0.0,1.5,0.0,1.489694605840253,-0.14609414955116756,True,True,-0.010305394159747072,-0.14609414955116756,5.316896915435791,28,780000000
straight_aisle,10,1.5,0.0,1.5,0.0,1.489694605840253,-0.14609414955116756,True,True,-0.010305394159747072,-0.14609414955116756,5.272828102111816,28,845000000
straight_aisle,10,1.5,0.0,1.5,0.0,1.489694605840253,-0.14609414955116756,True,True,-0.010305394159747072,-0.14609414955116756,5.8800129890441895,28,910000000
straight_aisle,10,1.5,0.0,1.5,0.0,1.489694605840253,-0.14609414955116756,True,True,-0.010305394159747072,-0.14609414955116756,8.184663772583008,28,975000000
straight_aisle,10,1.5,0.0,1.5,0.0,1.489694605840253,-0.14609414955116756,True,True,-0.010305394159747072,-0.14609414955116756,8.475099563598633,29,45000000
straight_aisle,10,1.5,0.0,1.5,0.0,1.489694605840253,-0.14609414955116756,True,True,-0.010305394159747072,-0.14609414955116756,7.803875923156738,29,110000000
straight_aisle,11,1.5,10.0,1.5000000004743015,9.999999996790146,,,False,True,,,,29,635000000
straight_aisle,11,1.5,10.0,1.5000000004743015,9.999999996790146,,,False,True,,,,29,705000000
straight_aisle,11,1.5,10.0,1.5000000004743015,9.999999996790146,,,False,True,,,,29,770000000
straight_aisle,11,1.5,10.0,1.5000000004743015,9.999999996790146,,,False,True,,,,29,835000000
straight_aisle,11,1.5,10.0,1.5000000004743015,9.999999996790146,,,False,True,,,,29,965000000
straight_aisle,11,1.5,10.0,1.5000000004743015,9.999999996790146,,,False,True,,,,30,35000000
straight_aisle,11,1.5,10.0,1.5000000004743015,9.999999996790146,,,False,True,,,,30,100000000
straight_aisle,11,1.5,10.0,1.5000000004743015,9.999999996790146,,,False,True,,,,30,165000000
straight_aisle,11,1.5,10.0,1.5000000004743015,9.999999996790146,,,False,True,,,,30,230000000
straight_aisle,11,1.5,10.0,1.5000000004743015,9.999999996790146,,,False,True,,,,30,295000000
straight_aisle,11,1.5,10.0,1.5000000004743015,9.999999996790146,,,False,True,,,,30,365000000
straight_aisle,11,1.5,10.0,1.5000000004743015,9.999999996790146,,,False,True,,,,30,430000000
straight_aisle,11,1.5,10.0,1.5000000004743015,9.999999996790146,,,False,True,,,,30,495000000
straight_aisle,11,1.5,10.0,1.5000000004743015,9.999999996790146,,,False,True,,,,30,560000000
straight_aisle,11,1.5,10.0,1.5000000004743015,9.999999996790146,,,False,True,,,,30,625000000
straight_aisle,11,1.5,10.0,1.5000000004743015,9.999999996790146,,,False,True,,,,30,695000000
straight_aisle,11,1.5,10.0,1.5000000004743015,9.999999996790146,,,False,True,,,,30,760000000
straight_aisle,11,1.5,10.0,1.5000000004743015,9.999999996790146,,,False,True,,,,30,825000000
straight_aisle,11,1.5,10.0,1.5000000004743015,9.999999996790146,,,False,True,,,,30,890000000
straight_aisle,11,1.5,10.0,1.5000000004743015,9.999999996790146,,,False,True,,,,30,955000000
straight_aisle,11,1.5,10.0,1.5000000004743015,9.999999996790146,,,False,True,,,,31,155000000
straight_aisle,11,1.5,10.0,1.5000000004743015,9.999999996790146,,,False,True,,,,31,220000000
straight_aisle,11,1.5,10.0,1.5000000004743015,9.999999996790146,,,False,True,,,,31,285000000
straight_aisle,11,1.5,10.0,1.5000000004743015,9.999999996790146,,,False,True,,,,31,355000000
straight_aisle,11,1.5,10.0,1.5000000004743015,9.999999996790146,,,False,True,,,,31,420000000
straight_aisle,11,1.5,10.0,1.5000000004743015,9.999999996790146,,,False,True,,,,31,485000000
straight_aisle,11,1.5,10.0,1.5000000004743015,9.999999996790146,,,False,True,,,,31,550000000
straight_aisle,11,1.5,10.0,1.5000000004743015,9.999999996790146,,,False,True,,,,31,615000000
straight_aisle,11,1.5,10.0,1.5000000004743015,9.999999996790146,,,False,True,,,,31,685000000
straight_aisle,11,1.5,10.0,1.5000000004743015,9.999999996790146,,,False,True,,,,31,750000000
straight_aisle,12,1.5,20.0,1.4999999998358564,20.000000002749363,1.1713400321214074,20.415710605832718,True,True,-0.32865996771444905,0.4157106030833546,8.28237533569336,32,410000000
straight_aisle,12,1.5,20.0,1.4999999998358564,20.000000002749363,1.1713400321214074,20.415710605832718,True,True,-0.32865996771444905,0.4157106030833546,6.584220886230469,32,475000000
straight_aisle,12,1.5,20.0,1.4999999998358564,20.000000002749363,1.1713400321214074,20.415710605832718,True,True,-0.32865996771444905,0.4157106030833546,8.694844245910645,32,540000000
straight_aisle,12,1.5,20.0,1.4999999998358564,20.000000002749363,1.1713400321214074,20.415710605832718,True,True,-0.32865996771444905,0.4157106030833546,9.430685043334961,32,605000000
straight_aisle,12,1.5,20.0,1.4999999998358564,20.000000002749363,1.1713400321214074,20.415710605832718,True,True,-0.32865996771444905,0.4157106030833546,9.59422779083252,32,675000000
straight_aisle,12,1.5,20.0,1.4999999998358564,20.000000002749363,1.1713400321214074,20.415710605832718,True,True,-0.32865996771444905,0.4157106030833546,10.264032363891602,32,740000000
straight_aisle,12,1.5,20.0,1.4999999998358564,20.000000002749363,1.1713400321214074,20.415710605832718,True,True,-0.32865996771444905,0.4157106030833546,10.264032363891602,32,805000000
straight_aisle,12,1.5,20.0,1.4999999998358564,20.000000002749363,1.1713400321214074,20.415710605832718,True,True,-0.32865996771444905,0.4157106030833546,9.208263397216797,32,870000000
straight_aisle,12,1.5,20.0,1.4999999998358564,20.000000002749363,1.1713400321214074,20.415710605832718,True,True,-0.32865996771444905,0.4157106030833546,5.3875651359558105,32,935000000
straight_aisle,12,1.5,20.0,1.4999999998358564,20.000000002749363,1.1713400321214074,20.415710605832718,True,True,-0.32865996771444905,0.4157106030833546,5.233895778656006,33,5000000
straight_aisle,12,1.5,20.0,1.4999999998358564,20.000000002749363,1.1713400321214074,20.415710605832718,True,True,-0.32865996771444905,0.4157106030833546,9.02722454071045,33,70000000
straight_aisle,12,1.5,20.0,1.4999999998358564,20.000000002749363,1.1713400321214074,20.415710605832718,True,True,-0.32865996771444905,0.4157106030833546,6.456937789916992,33,135000000
straight_aisle,12,1.5,20.0,1.4999999998358564,20.000000002749363,1.1713400321214074,20.415710605832718,True,True,-0.32865996771444905,0.4157106030833546,6.456937789916992,33,200000000
straight_aisle,12,1.5,20.0,1.4999999998358564,20.000000002749363,1.1713400321214074,20.415710605832718,True,True,-0.32865996771444905,0.4157106030833546,7.343058109283447,33,265000000
straight_aisle,12,1.5,20.0,1.4999999998358564,20.000000002749363,1.1713400321214074,20.415710605832718,True,True,-0.32865996771444905,0.4157106030833546,5.119686126708984,33,335000000
straight_aisle,12,1.5,20.0,1.4999999998358564,20.000000002749363,1.1713400321214074,20.415710605832718,True,True,-0.32865996771444905,0.4157106030833546,5.193079948425293,33,400000000
straight_aisle,12,1.5,20.0,1.4999999998358564,20.000000002749363,1.1713400321214074,20.415710605832718,True,True,-0.32865996771444905,0.4157106030833546,5.199440956115723,33,465000000
straight_aisle,12,1.5,20.0,1.4999999998358564,20.000000002749363,1.1713400321214074,20.415710605832718,True,True,-0.32865996771444905,0.4157106030833546,5.135068893432617,33,530000000
straight_aisle,12,1.5,20.0,1.4999999998358564,20.000000002749363,1.1713400321214074,20.415710605832718,True,True,-0.32865996771444905,0.4157106030833546,5.516104221343994,33,595000000
straight_aisle,12,1.5,20.0,1.4999999998358564,20.000000002749363,1.1713400321214074,20.415710605832718,True,True,-0.32865996771444905,0.4157106030833546,5.301441192626953,33,665000000
straight_aisle,12,1.5,20.0,1.4999999998358564,20.000000002749363,1.1713400321214074,20.415710605832718,True,True,-0.32865996771444905,0.4157106030833546,5.548631191253662,33,730000000
straight_aisle,12,1.5,20.0,1.4999999998358564,20.000000002749363,1.1713400321214074,20.415710605832718,True,True,-0.32865996771444905,0.4157106030833546,5.701828956604004,33,795000000
straight_aisle,12,1.5,20.0,1.4999999998358564,20.000000002749363,1.1713400321214074,20.415710605832718,True,True,-0.32865996771444905,0.4157106030833546,5.397913932800293,33,860000000
straight_aisle,12,1.5,20.0,1.4999999998358564,20.000000002749363,1.1713400321214074,20.415710605832718,True,True,-0.32865996771444905,0.4157106030833546,9.339777946472168,33,925000000
straight_aisle,12,1.5,20.0,1.4999999998358564,20.000000002749363,1.1713400321214074,20.415710605832718,True,True,-0.32865996771444905,0.4157106030833546,9.339777946472168,33,995000000
straight_aisle,12,1.5,20.0,1.4999999998358564,20.000000002749363,1.1713400321214074,20.415710605832718,True,True,-0.32865996771444905,0.4157106030833546,6.670516014099121,34,60000000
straight_aisle,12,1.5,20.0,1.4999999998358564,20.000000002749363,1.1713400321214074,20.415710605832718,True,True,-0.32865996771444905,0.4157106030833546,8.046886444091797,34,125000000
straight_aisle,12,1.5,20.0,1.4999999998358564,20.000000002749363,1.1713400321214074,20.415710605832718,True,True,-0.32865996771444905,0.4157106030833546,9.147403717041016,34,190000000
straight_aisle,12,1.5,20.0,1.4999999998358564,20.000000002749363,1.1713400321214074,20.415710605832718,True,True,-0.32865996771444905,0.4157106030833546,8.868377685546875,34,255000000
straight_aisle,12,1.5,20.0,1.4999999998358564,20.000000002749363,1.1713400321214074,20.415710605832718,True,True,-0.32865996771444905,0.4157106030833546,8.886266708374023,34,325000000
straight_aisle,13,1.5,30.0,1.5000000002800227,29.99999999382462,1.4187073213421,26.704398185047896,True,False,-0.08129267893792269,-3.2956018087767234,5.463850021362305,34,785000000
straight_aisle,13,1.5,30.0,1.5000000002800227,29.99999999382462,1.4187073213421,26.704398185047896,True,False,-0.08129267893792269,-3.2956018087767234,6.563840866088867,34,850000000
straight_aisle,13,1.5,30.0,1.5000000002800227,29.99999999382462,1.4187073213421,26.704398185047896,True,False,-0.08129267893792269,-3.2956018087767234,6.120812892913818,34,915000000
straight_aisle,13,1.5,30.0,1.5000000002800227,29.99999999382462,1.4187073213421,26.704398185047896,True,False,-0.08129267893792269,-3.2956018087767234,7.609729766845703,35,50000000
straight_aisle,13,1.5,30.0,1.5000000002800227,29.99999999382462,1.4187073213421,26.704398185047896,True,False,-0.08129267893792269,-3.2956018087767234,5.204584121704102,35,115000000
straight_aisle,13,1.5,30.0,1.5000000002800227,29.99999999382462,1.4187073213421,26.704398185047896,True,False,-0.08129267893792269,-3.2956018087767234,8.861210823059082,35,180000000
straight_aisle,13,1.5,30.0,1.5000000002800227,29.99999999382462,1.4187073213421,26.704398185047896,True,False,-0.08129267893792269,-3.2956018087767234,8.830057144165039,35,245000000
straight_aisle,13,1.5,30.0,1.5000000002800227,29.99999999382462,1.4187073213421,26.704398185047896,True,False,-0.08129267893792269,-3.2956018087767234,8.901640892028809,35,315000000
straight_aisle,13,1.5,30.0,1.5000000002800227,29.99999999382462,1.4187073213421,26.704398185047896,True,False,-0.08129267893792269,-3.2956018087767234,7.435929775238037,35,380000000
straight_aisle,13,1.5,30.0,1.5000000002800227,29.99999999382462,1.4187073213421,26.704398185047896,True,False,-0.08129267893792269,-3.2956018087767234,8.036664962768555,35,445000000
straight_aisle,13,1.5,30.0,1.5000000002800227,29.99999999382462,1.4187073213421,26.704398185047896,True,False,-0.08129267893792269,-3.2956018087767234,9.173598289489746,35,645000000
straight_aisle,13,1.5,30.0,1.5000000002800227,29.99999999382462,1.4187073213421,26.704398185047896,True,False,-0.08129267893792269,-3.2956018087767234,9.240160942077637,35,710000000
straight_aisle,13,1.5,30.0,1.5000000002800227,29.99999999382462,1.4187073213421,26.704398185047896,True,False,-0.08129267893792269,-3.2956018087767234,10.342951774597168,35,775000000
straight_aisle,13,1.5,30.0,1.5000000002800227,29.99999999382462,1.4187073213421,26.704398185047896,True,False,-0.08129267893792269,-3.2956018087767234,5.295987129211426,35,840000000
straight_aisle,13,1.5,30.0,1.5000000002800227,29.99999999382462,1.4187073213421,26.704398185047896,True,False,-0.08129267893792269,-3.2956018087767234,5.473620891571045,35,905000000
straight_aisle,13,1.5,30.0,1.5000000002800227,29.99999999382462,1.4187073213421,26.704398185047896,True,False,-0.08129267893792269,-3.2956018087767234,5.166469097137451,35,975000000
straight_aisle,13,1.5,30.0,1.5000000002800227,29.99999999382462,1.4187073213421,26.704398185047896,True,False,-0.08129267893792269,-3.2956018087767234,5.2761149406433105,36,40000000
straight_aisle,13,1.5,30.0,1.5000000002800227,29.99999999382462,1.4187073213421,26.704398185047896,True,False,-0.08129267893792269,-3.2956018087767234,5.269813060760498,36,105000000
straight_aisle,13,1.5,30.0,1.5000000002800227,29.99999999382462,1.4187073213421,26.704398185047896,True,False,-0.08129267893792269,-3.2956018087767234,5.282752990722656,36,235000000
straight_aisle,13,1.5,30.0,1.5000000002800227,29.99999999382462,1.4187073213421,26.704398185047896,True,False,-0.08129267893792269,-3.2956018087767234,18.517589569091797,36,370000000
straight_aisle,13,1.5,30.0,1.5000000002800227,29.99999999382462,1.4187073213421,26.704398185047896,True,False,-0.08129267893792269,-3.2956018087767234,18.517589569091797,36,435000000
straight_aisle,13,1.5,30.0,1.5000000002800227,29.99999999382462,1.4187073213421,26.704398185047896,True,False,-0.08129267893792269,-3.2956018087767234,14.7504243850708,36,500000000
straight_aisle,13,1.5,30.0,1.5000000002800227,29.99999999382462,1.4187073213421,26.704398185047896,True,False,-0.08129267893792269,-3.2956018087767234,6.922534942626953,36,635000000
straight_aisle,13,1.5,30.0,1.5000000002800227,29.99999999382462,1.4187073213421,26.704398185047896,True,False,-0.08129267893792269,-3.2956018087767234,5.837574005126953,36,700000000
straight_aisle,13,1.5,30.0,1.5000000002800227,29.99999999382462,1.4187073213421,26.704398185047896,True,False,-0.08129267893792269,-3.2956018087767234,13.090239524841309,36,765000000
straight_aisle,13,1.5,30.0,1.5000000002800227,29.99999999382462,1.4187073213421,26.704398185047896,True,False,-0.08129267893792269,-3.2956018087767234,7.523118019104004,36,830000000
straight_aisle,13,1.5,30.0,1.5000000002800227,29.99999999382462,1.4187073213421,26.704398185047896,True,False,-0.08129267893792269,-3.2956018087767234,9.363876342773438,36,895000000
straight_aisle,13,1.5,30.0,1.5000000002800227,29.99999999382462,1.4187073213421,26.704398185047896,True,False,-0.08129267893792269,-3.2956018087767234,9.563655853271484,36,965000000
straight_aisle,13,1.5,30.0,1.5000000002800227,29.99999999382462,1.4187073213421,26.704398185047896,True,False,-0.08129267893792269,-3.2956018087767234,7.669724941253662,37,30000000
straight_aisle,13,1.5,30.0,1.5000000002800227,29.99999999382462,1.4187073213421,26.704398185047896,True,False,-0.08129267893792269,-3.2956018087767234,10.046945571899414,37,95000000
straight_aisle,14,2.0,-30.0,2.0000000003733636,-29.99999999382462,1.9655176735774087,-28.115957514736973,True,False,-0.034482326795954865,1.8840424790876469,9.826327323913574,37,555000000
straight_aisle,14,2.0,-30.0,2.0000000003733636,-29.99999999382462,1.9655176735774087,-28.115957514736973,True,False,-0.034482326795954865,1.8840424790876469,6.516567230224609,37,625000000
straight_aisle,14,2.0,-30.0,2.0000000003733636,-29.99999999382462,1.9655176735774087,-28.115957514736973,True,False,-0.034482326795954865,1.8840424790876469,5.407588005065918,37,690000000
straight_aisle,14,2.0,-30.0,2.0000000003733636,-29.99999999382462,1.9655176735774087,-28.115957514736973,True,False,-0.034482326795954865,1.8840424790876469,12.238221168518066,37,755000000
straight_aisle,14,2.0,-30.0,2.0000000003733636,-29.99999999382462,1.9655176735774087,-28.115957514736973,True,False,-0.034482326795954865,1.8840424790876469,6.358037948608398,37,820000000
straight_aisle,14,2.0,-30.0,2.0000000003733636,-29.99999999382462,1.9655176735774087,-28.115957514736973,True,False,-0.034482326795954865,1.8840424790876469,8.369463920593262,37,885000000
straight_aisle,14,2.0,-30.0,2.0000000003733636,-29.99999999382462,1.9655176735774087,-28.115957514736973,True,False,-0.034482326795954865,1.8840424790876469,9.00019645690918,37,955000000
straight_aisle,14,2.0,-30.0,2.0000000003733636,-29.99999999382462,1.9655176735774087,-28.115957514736973,True,False,-0.034482326795954865,1.8840424790876469,5.898202896118164,38,85000000
straight_aisle,14,2.0,-30.0,2.0000000003733636,-29.99999999382462,1.9655176735774087,-28.115957514736973,True,False,-0.034482326795954865,1.8840424790876469,9.663710594177246,38,150000000
straight_aisle,14,2.0,-30.0,2.0000000003733636,-29.99999999382462,1.9655176735774087,-28.115957514736973,True,False,-0.034482326795954865,1.8840424790876469,9.663710594177246,38,215000000
straight_aisle,14,2.0,-30.0,2.0000000003733636,-29.99999999382462,1.9655176735774087,-28.115957514736973,True,False,-0.034482326795954865,1.8840424790876469,10.265174865722656,38,350000000
straight_aisle,14,2.0,-30.0,2.0000000003733636,-29.99999999382462,1.9655176735774087,-28.115957514736973,True,False,-0.034482326795954865,1.8840424790876469,10.265174865722656,38,415000000
straight_aisle,14,2.0,-30.0,2.0000000003733636,-29.99999999382462,1.9655176735774087,-28.115957514736973,True,False,-0.034482326795954865,1.8840424790876469,5.534762859344482,38,480000000
straight_aisle,14,2.0,-30.0,2.0000000003733636,-29.99999999382462,1.9655176735774087,-28.115957514736973,True,False,-0.034482326795954865,1.8840424790876469,5.534762859344482,38,545000000
straight_aisle,14,2.0,-30.0,2.0000000003733636,-29.99999999382462,1.9655176735774087,-28.115957514736973,True,False,-0.034482326795954865,1.8840424790876469,9.332113265991211,38,615000000
straight_aisle,14,2.0,-30.0,2.0000000003733636,-29.99999999382462,1.9655176735774087,-28.115957514736973,True,False,-0.034482326795954865,1.8840424790876469,9.080185890197754,38,680000000
straight_aisle,14,2.0,-30.0,2.0000000003733636,-29.99999999382462,1.9655176735774087,-28.115957514736973,True,False,-0.034482326795954865,1.8840424790876469,5.526127815246582,38,745000000
straight_aisle,14,2.0,-30.0,2.0000000003733636,-29.99999999382462,1.9655176735774087,-28.115957514736973,True,False,-0.034482326795954865,1.8840424790876469,5.526147842407227,38,810000000
straight_aisle,14,2.0,-30.0,2.0000000003733636,-29.99999999382462,1.9655176735774087,-28.115957514736973,True,False,-0.034482326795954865,1.8840424790876469,5.999484062194824,38,945000000
straight_aisle,14,2.0,-30.0,2.0000000003733636,-29.99999999382462,1.9655176735774087,-28.115957514736973,True,False,-0.034482326795954865,1.8840424790876469,5.0726318359375,39,10000000
straight_aisle,14,2.0,-30.0,2.0000000003733636,-29.99999999382462,1.9655176735774087,-28.115957514736973,True,False,-0.034482326795954865,1.8840424790876469,5.064651012420654,39,75000000
straight_aisle,14,2.0,-30.0,2.0000000003733636,-29.99999999382462,1.9655176735774087,-28.115957514736973,True,False,-0.034482326795954865,1.8840424790876469,5.168888092041016,39,140000000
straight_aisle,14,2.0,-30.0,2.0000000003733636,-29.99999999382462,1.9655176735774087,-28.115957514736973,True,False,-0.034482326795954865,1.8840424790876469,5.298357963562012,39,205000000
straight_aisle,14,2.0,-30.0,2.0000000003733636,-29.99999999382462,1.9655176735774087,-28.115957514736973,True,False,-0.034482326795954865,1.8840424790876469,5.152967929840088,39,275000000
straight_aisle,14,2.0,-30.0,2.0000000003733636,-29.99999999382462,1.9655176735774087,-28.115957514736973,True,False,-0.034482326795954865,1.8840424790876469,5.179043769836426,39,340000000
straight_aisle,14,2.0,-30.0,2.0000000003733636,-29.99999999382462,1.9655176735774087,-28.115957514736973,True,False,-0.034482326795954865,1.8840424790876469,5.6775360107421875,39,470000000
straight_aisle,14,2.0,-30.0,2.0000000003733636,-29.99999999382462,1.9655176735774087,-28.115957514736973,True,False,-0.034482326795954865,1.8840424790876469,7.550480842590332,39,535000000
straight_aisle,14,2.0,-30.0,2.0000000003733636,-29.99999999382462,1.9655176735774087,-28.115957514736973,True,False,-0.034482326795954865,1.8840424790876469,8.696244239807129,39,605000000
straight_aisle,14,2.0,-30.0,2.0000000003733636,-29.99999999382462,1.9655176735774087,-28.115957514736973,True,False,-0.034482326795954865,1.8840424790876469,5.443431854248047,39,670000000
straight_aisle,14,2.0,-30.0,2.0000000003733636,-29.99999999382462,1.9655176735774087,-28.115957514736973,True,False,-0.034482326795954865,1.8840424790876469,7.754072189331055,39,735000000
straight_aisle,15,2.0,-20.0,2.000000000419004,-19.999999997114607,1.2820302899396716,-20.34107179880769,True,True,-0.7179697104793323,-0.34107180169308293,6.82171106338501,40,195000000
straight_aisle,15,2.0,-20.0,2.000000000419004,-19.999999997114607,1.2820302899396716,-20.34107179880769,True,True,-0.7179697104793323,-0.34107180169308293,5.636000156402588,40,265000000
straight_aisle,15,2.0,-20.0,2.000000000419004,-19.999999997114607,1.2820302899396716,-20.34107179880769,True,True,-0.7179697104793323,-0.34107180169308293,5.355285167694092,40,330000000
straight_aisle,15,2.0,-20.0,2.000000000419004,-19.999999997114607,1.2820302899396716,-20.34107179880769,True,True,-0.7179697104793323,-0.34107180169308293,5.486954212188721,40,395000000
straight_aisle,15,2.0,-20.0,2.000000000419004,-19.999999997114607,1.2820302899396716,-20.34107179880769,True,True,-0.7179697104793323,-0.34107180169308293,5.849262237548828,40,460000000
straight_aisle,15,2.0,-20.0,2.000000000419004,-19.999999997114607,1.2820302899396716,-20.34107179880769,True,True,-0.7179697104793323,-0.34107180169308293,7.421841144561768,40,525000000
straight_aisle,15,2.0,-20.0,2.000000000419004,-19.999999997114607,1.2820302899396716,-20.34107179880769,True,True,-0.7179697104793323,-0.34107180169308293,9.03853702545166,40,595000000
straight_aisle,15,2.0,-20.0,2.000000000419004,-19.999999997114607,1.2820302899396716,-20.34107179880769,True,True,-0.7179697104793323,-0.34107180169308293,5.514657974243164,40,660000000
straight_aisle,15,2.0,-20.0,2.000000000419004,-19.999999997114607,1.2820302899396716,-20.34107179880769,True,True,-0.7179697104793323,-0.34107180169308293,8.279303550720215,40,725000000
straight_aisle,15,2.0,-20.0,2.000000000419004,-19.999999997114607,1.2820302899396716,-20.34107179880769,True,True,-0.7179697104793323,-0.34107180169308293,8.769807815551758,40,790000000
straight_aisle,15,2.0,-20.0,2.000000000419004,-19.999999997114607,1.2820302899396716,-20.34107179880769,True,True,-0.7179697104793323,-0.34107180169308293,9.31296443939209,40,855000000
straight_aisle,15,2.0,-20.0,2.000000000419004,-19.999999997114607,1.2820302899396716,-20.34107179880769,True,True,-0.7179697104793323,-0.34107180169308293,8.834699630737305,40,925000000
straight_aisle,15,2.0,-20.0,2.000000000419004,-19.999999997114607,1.2820302899396716,-20.34107179880769,True,True,-0.7179697104793323,-0.34107180169308293,8.936969757080078,40,990000000
straight_aisle,15,2.0,-20.0,2.000000000419004,-19.999999997114607,1.2820302899396716,-20.34107179880769,True,True,-0.7179697104793323,-0.34107180169308293,9.995366096496582,41,55000000
straight_aisle,15,2.0,-20.0,2.000000000419004,-19.999999997114607,1.2820302899396716,-20.34107179880769,True,True,-0.7179697104793323,-0.34107180169308293,8.884672164916992,41,120000000
straight_aisle,15,2.0,-20.0,2.000000000419004,-19.999999997114607,1.2820302899396716,-20.34107179880769,True,True,-0.7179697104793323,-0.34107180169308293,5.494091987609863,41,185000000
straight_aisle,15,2.0,-20.0,2.000000000419004,-19.999999997114607,1.2820302899396716,-20.34107179880769,True,True,-0.7179697104793323,-0.34107180169308293,5.10946798324585,41,255000000
straight_aisle,15,2.0,-20.0,2.000000000419004,-19.999999997114607,1.2820302899396716,-20.34107179880769,True,True,-0.7179697104793323,-0.34107180169308293,8.9091157913208,41,320000000
straight_aisle,15,2.0,-20.0,2.000000000419004,-19.999999997114607,1.2820302899396716,-20.34107179880769,True,True,-0.7179697104793323,-0.34107180169308293,5.259428024291992,41,385000000
straight_aisle,15,2.0,-20.0,2.000000000419004,-19.999999997114607,1.2820302899396716,-20.34107179880769,True,True,-0.7179697104793323,-0.34107180169308293,5.190093994140625,41,450000000
straight_aisle,15,2.0,-20.0,2.000000000419004,-19.999999997114607,1.2820302899396716,-20.34107179880769,True,True,-0.7179697104793323,-0.34107180169308293,5.104074954986572,41,515000000
straight_aisle,15,2.0,-20.0,2.000000000419004,-19.999999997114607,1.2820302899396716,-20.34107179880769,True,True,-0.7179697104793323,-0.34107180169308293,5.149962902069092,41,585000000
straight_aisle,15,2.0,-20.0,2.000000000419004,-19.999999997114607,1.2820302899396716,-20.34107179880769,True,True,-0.7179697104793323,-0.34107180169308293,5.165119171142578,41,650000000
straight_aisle,15,2.0,-20.0,2.000000000419004,-19.999999997114607,1.2820302899396716,-20.34107179880769,True,True,-0.7179697104793323,-0.34107180169308293,5.235652923583984,41,845000000
straight_aisle,15,2.0,-20.0,2.000000000419004,-19.999999997114607,1.2820302899396716,-20.34107179880769,True,True,-0.7179697104793323,-0.34107180169308293,5.290151119232178,41,915000000
straight_aisle,15,2.0,-20.0,2.000000000419004,-19.999999997114607,1.2820302899396716,-20.34107179880769,True,True,-0.7179697104793323,-0.34107180169308293,5.62673807144165,42,45000000
straight_aisle,15,2.0,-20.0,2.000000000419004,-19.999999997114607,1.2820302899396716,-20.34107179880769,True,True,-0.7179697104793323,-0.34107180169308293,5.317488193511963,42,110000000
straight_aisle,15,2.0,-20.0,2.000000000419004,-19.999999997114607,1.2820302899396716,-20.34107179880769,True,True,-0.7179697104793323,-0.34107180169308293,8.046088218688965,42,175000000
straight_aisle,15,2.0,-20.0,2.000000000419004,-19.999999997114607,1.2820302899396716,-20.34107179880769,True,True,-0.7179697104793323,-0.34107180169308293,9.1284761428833,42,245000000
straight_aisle,15,2.0,-20.0,2.000000000419004,-19.999999997114607,1.2820302899396716,-20.34107179880769,True,True,-0.7179697104793323,-0.34107180169308293,8.425047874450684,42,310000000
straight_aisle,16,2.0,-10.0,1.9999999999700753,-9.999999999166162,2.0563200460753754,-10.174867722521281,True,True,0.05632004610530017,-0.1748677233551188,5.189921855926514,42,835000000
straight_aisle,16,2.0,-10.0,1.9999999999700753,-9.999999999166162,2.0563200460753754,-10.174867722521281,True,True,0.05632004610530017,-0.1748677233551188,5.569839000701904,42,905000000
straight_aisle,16,2.0,-10.0,1.9999999999700753,-9.999999999166162,2.0563200460753754,-10.174867722521281,True,True,0.05632004610530017,-0.1748677233551188,5.417438983917236,43,35000000
straight_aisle,16,2.0,-10.0,1.9999999999700753,-9.999999999166162,2.0563200460753754,-10.174867722521281,True,True,0.05632004610530017,-0.1748677233551188,5.394408226013184,43,100000000
straight_aisle,16,2.0,-10.0,1.9999999999700753,-9.999999999166162,2.0563200460753754,-10.174867722521281,True,True,0.05632004610530017,-0.1748677233551188,5.918549060821533,43,165000000
straight_aisle,16,2.0,-10.0,1.9999999999700753,-9.999999999166162,2.0563200460753754,-10.174867722521281,True,True,0.05632004610530017,-0.1748677233551188,6.585954189300537,43,235000000
straight_aisle,16,2.0,-10.0,1.9999999999700753,-9.999999999166162,2.0563200460753754,-10.174867722521281,True,True,0.05632004610530017,-0.1748677233551188,5.3065290451049805,43,300000000
straight_aisle,16,2.0,-10.0,1.9999999999700753,-9.999999999166162,2.0563200460753754,-10.174867722521281,True,True,0.05632004610530017,-0.1748677233551188,5.964151859283447,43,365000000
straight_aisle,16,2.0,-10.0,1.9999999999700753,-9.999999999166162,2.0563200460753754,-10.174867722521281,True,True,0.05632004610530017,-0.1748677233551188,8.117910385131836,43,430000000
straight_aisle,16,2.0,-10.0,1.9999999999700753,-9.999999999166162,2.0563200460753754,-10.174867722521281,True,True,0.05632004610530017,-0.1748677233551188,8.60084056854248,43,495000000
straight_aisle,16,2.0,-10.0,1.9999999999700753,-9.999999999166162,2.0563200460753754,-10.174867722521281,True,True,0.05632004610530017,-0.1748677233551188,8.863432884216309,43,565000000
straight_aisle,16,2.0,-10.0,1.9999999999700753,-9.999999999166162,2.0563200460753754,-10.174867722521281,True,True,0.05632004610530017,-0.1748677233551188,7.90804386138916,43,630000000
straight_aisle,16,2.0,-10.0,1.9999999999700753,-9.999999999166162,2.0563200460753754,-10.174867722521281,True,True,0.05632004610530017,-0.1748677233551188,8.887928009033203,43,695000000
straight_aisle,16,2.0,-10.0,1.9999999999700753,-9.999999999166162,2.0563200460753754,-10.174867722521281,True,True,0.05632004610530017,-0.1748677233551188,9.092403411865234,43,760000000
straight_aisle,16,2.0,-10.0,1.9999999999700753,-9.999999999166162,2.0563200460753754,-10.174867722521281,True,True,0.05632004610530017,-0.1748677233551188,8.896280288696289,43,825000000
straight_aisle,16,2.0,-10.0,1.9999999999700753,-9.999999999166162,2.0563200460753754,-10.174867722521281,True,True,0.05632004610530017,-0.1748677233551188,5.4266581535339355,43,895000000
straight_aisle,16,2.0,-10.0,1.9999999999700753,-9.999999999166162,2.0563200460753754,-10.174867722521281,True,True,0.05632004610530017,-0.1748677233551188,9.03357219696045,43,960000000
straight_aisle,16,2.0,-10.0,1.9999999999700753,-9.999999999166162,2.0563200460753754,-10.174867722521281,True,True,0.05632004610530017,-0.1748677233551188,11.704992294311523,44,25000000
straight_aisle,16,2.0,-10.0,1.9999999999700753,-9.999999999166162,2.0563200460753754,-10.174867722521281,True,True,0.05632004610530017,-0.1748677233551188,11.704992294311523,44,90000000
straight_aisle,16,2.0,-10.0,1.9999999999700753,-9.999999999166162,2.0563200460753754,-10.174867722521281,True,True,0.05632004610530017,-0.1748677233551188,5.6639227867126465,44,290000000
straight_aisle,16,2.0,-10.0,1.9999999999700753,-9.999999999166162,2.0563200460753754,-10.174867722521281,True,True,0.05632004610530017,-0.1748677233551188,5.078502178192139,44,355000000
straight_aisle,16,2.0,-10.0,1.9999999999700753,-9.999999999166162,2.0563200460753754,-10.174867722521281,True,True,0.05632004610530017,-0.1748677233551188,5.098745822906494,44,420000000
straight_aisle,16,2.0,-10.0,1.9999999999700753,-9.999999999166162,2.0563200460753754,-10.174867722521281,True,True,0.05632004610530017,-0.1748677233551188,5.056633949279785,44,485000000
straight_aisle,16,2.0,-10.0,1.9999999999700753,-9.999999999166162,2.0563200460753754,-10.174867722521281,True,True,0.05632004610530017,-0.1748677233551188,5.465147018432617,44,555000000
straight_aisle,16,2.0,-10.0,1.9999999999700753,-9.999999999166162,2.0563200460753754,-10.174867722521281,True,True,0.05632004610530017,-0.1748677233551188,5.18332576751709,44,620000000
straight_aisle,16,2.0,-10.0,1.9999999999700753,-9.999999999166162,2.0563200460753754,-10.174867722521281,True,True,0.05632004610530017,-0.1748677233551188,5.169201850891113,44,685000000
straight_aisle,16,2.0,-10.0,1.9999999999700753,-9.999999999166162,2.0563200460753754,-10.174867722521281,True,True,0.05632004610530017,-0.1748677233551188,5.4509148597717285,44,750000000
straight_aisle,16,2.0,-10.0,1.9999999999700753,-9.999999999166162,2.0563200460753754,-10.174867722521281,True,True,0.05632004610530017,-0.1748677233551188,6.402801990509033,44,815000000
straight_aisle,16,2.0,-10.0,1.9999999999700753,-9.999999999166162,2.0563200460753754,-10.174867722521281,True,True,0.05632004610530017,-0.1748677233551188,8.010708808898926,44,885000000
straight_aisle,16,2.0,-10.0,1.9999999999700753,-9.999999999166162,2.0563200460753754,-10.174867722521281,True,True,0.05632004610530017,-0.1748677233551188,5.363955974578857,44,950000000
straight_aisle,17,2.0,0.0,2.0,0.0,1.967004556359568,-0.025776029440663626,True,True,-0.032995443640432054,-0.025776029440663626,9.73482894897461,45,345000000
straight_aisle,17,2.0,0.0,2.0,0.0,1.967004556359568,-0.025776029440663626,True,True,-0.032995443640432054,-0.025776029440663626,5.563666820526123,45,410000000
straight_aisle,17,2.0,0.0,2.0,0.0,1.967004556359568,-0.025776029440663626,True,True,-0.032995443640432054,-0.025776029440663626,5.3471360206604,45,475000000
straight_aisle,17,2.0,0.0,2.0,0.0,1.967004556359568,-0.025776029440663626,True,True,-0.032995443640432054,-0.025776029440663626,5.414517879486084,45,610000000
straight_aisle,17,2.0,0.0,2.0,0.0,1.967004556359568,-0.025776029440663626,True,True,-0.032995443640432054,-0.025776029440663626,5.078155994415283,45,740000000
straight_aisle,17,2.0,0.0,2.0,0.0,1.967004556359568,-0.025776029440663626,True,True,-0.032995443640432054,-0.025776029440663626,5.228994846343994,45,805000000
straight_aisle,17,2.0,0.0,2.0,0.0,1.967004556359568,-0.025776029440663626,True,True,-0.032995443640432054,-0.025776029440663626,6.921480178833008,45,875000000
straight_aisle,17,2.0,0.0,2.0,0.0,1.967004556359568,-0.025776029440663626,True,True,-0.032995443640432054,-0.025776029440663626,5.359082221984863,45,940000000
straight_aisle,17,2.0,0.0,2.0,0.0,1.967004556359568,-0.025776029440663626,True,True,-0.032995443640432054,-0.025776029440663626,5.304429054260254,46,5000000
straight_aisle,17,2.0,0.0,2.0,0.0,1.967004556359568,-0.025776029440663626,True,True,-0.032995443640432054,-0.025776029440663626,6.255850791931152,46,70000000
straight_aisle,17,2.0,0.0,2.0,0.0,1.967004556359568,-0.025776029440663626,True,True,-0.032995443640432054,-0.025776029440663626,9.02888011932373,46,135000000
straight_aisle,17,2.0,0.0,2.0,0.0,1.967004556359568,-0.025776029440663626,True,True,-0.032995443640432054,-0.025776029440663626,10.51711368560791,46,205000000
straight_aisle,17,2.0,0.0,2.0,0.0,1.967004556359568,-0.025776029440663626,True,True,-0.032995443640432054,-0.025776029440663626,7.018263816833496,46,270000000
straight_aisle,17,2.0,0.0,2.0,0.0,1.967004556359568,-0.025776029440663626,True,True,-0.032995443640432054,-0.025776029440663626,8.012154579162598,46,335000000
straight_aisle,17,2.0,0.0,2.0,0.0,1.967004556359568,-0.025776029440663626,True,True,-0.032995443640432054,-0.025776029440663626,8.781519889831543,46,400000000
straight_aisle,17,2.0,0.0,2.0,0.0,1.967004556359568,-0.025776029440663626,True,True,-0.032995443640432054,-0.025776029440663626,8.682486534118652,46,465000000
straight_aisle,17,2.0,0.0,2.0,0.0,1.967004556359568,-0.025776029440663626,True,True,-0.032995443640432054,-0.025776029440663626,5.188912868499756,46,535000000
straight_aisle,17,2.0,0.0,2.0,0.0,1.967004556359568,-0.025776029440663626,True,True,-0.032995443640432054,-0.025776029440663626,8.777416229248047,46,600000000
straight_aisle,17,2.0,0.0,2.0,0.0,1.967004556359568,-0.025776029440663626,True,True,-0.032995443640432054,-0.025776029440663626,7.160513877868652,46,665000000
straight_aisle,17,2.0,0.0,2.0,0.0,1.967004556359568,-0.025776029440663626,True,True,-0.032995443640432054,-0.025776029440663626,8.69534969329834,46,730000000
straight_aisle,17,2.0,0.0,2.0,0.0,1.967004556359568,-0.025776029440663626,True,True,-0.032995443640432054,-0.025776029440663626,5.105785846710205,46,795000000
straight_aisle,17,2.0,0.0,2.0,0.0,1.967004556359568,-0.025776029440663626,True,True,-0.032995443640432054,-0.025776029440663626,5.121851921081543,46,865000000
straight_aisle,17,2.0,0.0,2.0,0.0,1.967004556359568,-0.025776029440663626,True,True,-0.032995443640432054,-0.025776029440663626,5.47037410736084,46,930000000
straight_aisle,17,2.0,0.0,2.0,0.0,1.967004556359568,-0.025776029440663626,True,True,-0.032995443640432054,-0.025776029440663626,5.47037410736084,46,995000000
straight_aisle,17,2.0,0.0,2.0,0.0,1.967004556359568,-0.025776029440663626,True,True,-0.032995443640432054,-0.025776029440663626,12.228850364685059,47,60000000
straight_aisle,17,2.0,0.0,2.0,0.0,1.967004556359568,-0.025776029440663626,True,True,-0.032995443640432054,-0.025776029440663626,5.928464889526367,47,125000000
straight_aisle,17,2.0,0.0,2.0,0.0,1.967004556359568,-0.025776029440663626,True,True,-0.032995443640432054,-0.025776029440663626,5.531443119049072,47,195000000
straight_aisle,17,2.0,0.0,2.0,0.0,1.967004556359568,-0.025776029440663626,True,True,-0.032995443640432054,-0.025776029440663626,6.511895179748535,47,325000000
straight_aisle,17,2.0,0.0,2.0,0.0,1.967004556359568,-0.025776029440663626,True,True,-0.032995443640432054,-0.025776029440663626,6.511895179748535,47,390000000
straight_aisle,17,2.0,0.0,2.0,0.0,1.967004556359568,-0.025776029440663626,True,True,-0.032995443640432054,-0.025776029440663626,8.075837135314941,47,455000000
straight_aisle,18,2.0,10.0,1.9999999999700753,9.999999999166162,2.048535834760275,10.188637308739754,True,True,0.04853583479019963,0.1886373095735916,8.720930099487305,47,855000000
straight_aisle,18,2.0,10.0,1.9999999999700753,9.999999999166162,2.048535834760275,10.188637308739754,True,True,0.04853583479019963,0.1886373095735916,6.301121234893799,47,920000000
straight_aisle,18,2.0,10.0,1.9999999999700753,9.999999999166162,2.048535834760275,10.188637308739754,True,True,0.04853583479019963,0.1886373095735916,5.110508918762207,47,985000000
straight_aisle,18,2.0,10.0,1.9999999999700753,9.999999999166162,2.048535834760275,10.188637308739754,True,True,0.04853583479019963,0.1886373095735916,10.05683708190918,48,50000000
straight_aisle,18,2.0,10.0,1.9999999999700753,9.999999999166162,2.048535834760275,10.188637308739754,True,True,0.04853583479019963,0.1886373095735916,5.117160797119141,48,115000000
straight_aisle,18,2.0,10.0,1.9999999999700753,9.999999999166162,2.048535834760275,10.188637308739754,True,True,0.04853583479019963,0.1886373095735916,5.426663875579834,48,185000000
straight_aisle,18,2.0,10.0,1.9999999999700753,9.999999999166162,2.048535834760275,10.188637308739754,True,True,0.04853583479019963,0.1886373095735916,13.2125883102417,48,250000000
straight_aisle,18,2.0,10.0,1.9999999999700753,9.999999999166162,2.048535834760275,10.188637308739754,True,True,0.04853583479019963,0.1886373095735916,5.333049774169922,48,315000000
straight_aisle,18,2.0,10.0,1.9999999999700753,9.999999999166162,2.048535834760275,10.188637308739754,True,True,0.04853583479019963,0.1886373095735916,5.316583156585693,48,380000000
straight_aisle,18,2.0,10.0,1.9999999999700753,9.999999999166162,2.048535834760275,10.188637308739754,True,True,0.04853583479019963,0.1886373095735916,5.277029991149902,48,445000000
straight_aisle,18,2.0,10.0,1.9999999999700753,9.999999999166162,2.048535834760275,10.188637308739754,True,True,0.04853583479019963,0.1886373095735916,6.334074020385742,48,515000000
straight_aisle,18,2.0,10.0,1.9999999999700753,9.999999999166162,2.048535834760275,10.188637308739754,True,True,0.04853583479019963,0.1886373095735916,5.444386005401611,48,580000000
straight_aisle,18,2.0,10.0,1.9999999999700753,9.999999999166162,2.048535834760275,10.188637308739754,True,True,0.04853583479019963,0.1886373095735916,5.409677028656006,48,645000000
straight_aisle,18,2.0,10.0,1.9999999999700753,9.999999999166162,2.048535834760275,10.188637308739754,True,True,0.04853583479019963,0.1886373095735916,7.094498157501221,48,710000000
straight_aisle,18,2.0,10.0,1.9999999999700753,9.999999999166162,2.048535834760275,10.188637308739754,True,True,0.04853583479019963,0.1886373095735916,8.500741958618164,48,775000000
straight_aisle,18,2.0,10.0,1.9999999999700753,9.999999999166162,2.048535834760275,10.188637308739754,True,True,0.04853583479019963,0.1886373095735916,9.156936645507812,48,845000000
straight_aisle,18,2.0,10.0,1.9999999999700753,9.999999999166162,2.048535834760275,10.188637308739754,True,True,0.04853583479019963,0.1886373095735916,7.213615894317627,48,910000000
straight_aisle,18,2.0,10.0,1.9999999999700753,9.999999999166162,2.048535834760275,10.188637308739754,True,True,0.04853583479019963,0.1886373095735916,9.073602676391602,48,975000000
straight_aisle,18,2.0,10.0,1.9999999999700753,9.999999999166162,2.048535834760275,10.188637308739754,True,True,0.04853583479019963,0.1886373095735916,9.159422874450684,49,40000000
straight_aisle,18,2.0,10.0,1.9999999999700753,9.999999999166162,2.048535834760275,10.188637308739754,True,True,0.04853583479019963,0.1886373095735916,9.077256202697754,49,105000000
straight_aisle,18,2.0,10.0,1.9999999999700753,9.999999999166162,2.048535834760275,10.188637308739754,True,True,0.04853583479019963,0.1886373095735916,9.174663543701172,49,175000000
straight_aisle,18,2.0,10.0,1.9999999999700753,9.999999999166162,2.048535834760275,10.188637308739754,True,True,0.04853583479019963,0.1886373095735916,9.137236595153809,49,240000000
straight_aisle,18,2.0,10.0,1.9999999999700753,9.999999999166162,2.048535834760275,10.188637308739754,True,True,0.04853583479019963,0.1886373095735916,10.185625076293945,49,305000000
straight_aisle,18,2.0,10.0,1.9999999999700753,9.999999999166162,2.048535834760275,10.188637308739754,True,True,0.04853583479019963,0.1886373095735916,6.309781074523926,49,370000000
straight_aisle,18,2.0,10.0,1.9999999999700753,9.999999999166162,2.048535834760275,10.188637308739754,True,True,0.04853583479019963,0.1886373095735916,5.339072227478027,49,435000000
straight_aisle,18,2.0,10.0,1.9999999999700753,9.999999999166162,2.048535834760275,10.188637308739754,True,True,0.04853583479019963,0.1886373095735916,5.087718963623047,49,505000000
straight_aisle,18,2.0,10.0,1.9999999999700753,9.999999999166162,2.048535834760275,10.188637308739754,True,True,0.04853583479019963,0.1886373095735916,6.323301792144775,49,570000000
straight_aisle,18,2.0,10.0,1.9999999999700753,9.999999999166162,2.048535834760275,10.188637308739754,True,True,0.04853583479019963,0.1886373095735916,5.507321834564209,49,635000000
straight_aisle,18,2.0,10.0,1.9999999999700753,9.999999999166162,2.048535834760275,10.188637308739754,True,True,0.04853583479019963,0.1886373095735916,5.450085163116455,49,700000000
straight_aisle,18,2.0,10.0,1.9999999999700753,9.999999999166162,2.048535834760275,10.188637308739754,True,True,0.04853583479019963,0.1886373095735916,5.112863063812256,49,765000000
straight_aisle,19,2.0,20.0,2.000000000419004,19.999999997114607,1.2813921072980077,20.12820920054332,True,True,-0.7186078931209963,0.1282092034287139,5.239304065704346,50,165000000
straight_aisle,19,2.0,20.0,2.000000000419004,19.999999997114607,1.2813921072980077,20.12820920054332,True,True,-0.7186078931209963,0.1282092034287139,9.605052947998047,50,230000000
straight_aisle,19,2.0,20.0,2.000000000419004,19.999999997114607,1.2813921072980077,20.12820920054332,True,True,-0.7186078931209963,0.1282092034287139,8.952924728393555,50,295000000
straight_aisle,19,2.0,20.0,2.000000000419004,19.999999997114607,1.2813921072980077,20.12820920054332,True,True,-0.7186078931209963,0.1282092034287139,8.895331382751465,50,360000000
straight_aisle,19,2.0,20.0,2.000000000419004,19.999999997114607,1.2813921072980077,20.12820920054332,True,True,-0.7186078931209963,0.1282092034287139,6.097125053405762,50,495000000
straight_aisle,19,2.0,20.0,2.000000000419004,19.999999997114607,1.2813921072980077,20.12820920054332,True,True,-0.7186078931209963,0.1282092034287139,8.135380744934082,50,560000000
straight_aisle,19,2.0,20.0,2.000000000419004,19.999999997114607,1.2813921072980077,20.12820920054332,True,True,-0.7186078931209963,0.1282092034287139,5.143564224243164,50,625000000
straight_aisle,19,2.0,20.0,2.000000000419004,19.999999997114607,1.2813921072980077,20.12820920054332,True,True,-0.7186078931209963,0.1282092034287139,5.389080047607422,50,690000000
straight_aisle,19,2.0,20.0,2.000000000419004,19.999999997114607,1.2813921072980077,20.12820920054332,True,True,-0.7186078931209963,0.1282092034287139,5.40415620803833,50,755000000
straight_aisle,19,2.0,20.0,2.000000000419004,19.999999997114607,1.2813921072980077,20.12820920054332,True,True,-0.7186078931209963,0.1282092034287139,5.102986812591553,50,825000000
straight_aisle,19,2.0,20.0,2.000000000419004,19.999999997114607,1.2813921072980077,20.12820920054332,True,True,-0.7186078931209963,0.1282092034287139,5.151749134063721,50,890000000
straight_aisle,19,2.0,20.0,2.000000000419004,19.999999997114607,1.2813921072980077,20.12820920054332,True,True,-0.7186078931209963,0.1282092034287139,5.280491828918457,50,955000000
straight_aisle,19,2.0,20.0,2.000000000419004,19.999999997114607,1.2813921072980077,20.12820920054332,True,True,-0.7186078931209963,0.1282092034287139,5.645072937011719,51,20000000
straight_aisle,19,2.0,20.0,2.000000000419004,19.999999997114607,1.2813921072980077,20.12820920054332,True,True,-0.7186078931209963,0.1282092034287139,7.202088832855225,51,85000000
straight_aisle,19,2.0,20.0,2.000000000419004,19.999999997114607,1.2813921072980077,20.12820920054332,True,True,-0.7186078931209963,0.1282092034287139,6.215394020080566,51,155000000
straight_aisle,19,2.0,20.0,2.000000000419004,19.999999997114607,1.2813921072980077,20.12820920054332,True,True,-0.7186078931209963,0.1282092034287139,5.5218000411987305,51,220000000
straight_aisle,19,2.0,20.0,2.000000000419004,19.999999997114607,1.2813921072980077,20.12820920054332,True,True,-0.7186078931209963,0.1282092034287139,5.403210163116455,51,350000000
straight_aisle,19,2.0,20.0,2.000000000419004,19.999999997114607,1.2813921072980077,20.12820920054332,True,True,-0.7186078931209963,0.1282092034287139,9.295063018798828,51,415000000
straight_aisle,19,2.0,20.0,2.000000000419004,19.999999997114607,1.2813921072980077,20.12820920054332,True,True,-0.7186078931209963,0.1282092034287139,9.386980056762695,51,485000000
straight_aisle,19,2.0,20.0,2.000000000419004,19.999999997114607,1.2813921072980077,20.12820920054332,True,True,-0.7186078931209963,0.1282092034287139,10.121445655822754,51,550000000
straight_aisle,19,2.0,20.0,2.000000000419004,19.999999997114607,1.2813921072980077,20.12820920054332,True,True,-0.7186078931209963,0.1282092034287139,8.643831253051758,51,615000000
straight_aisle,19,2.0,20.0,2.000000000419004,19.999999997114607,1.2813921072980077,20.12820920054332,True,True,-0.7186078931209963,0.1282092034287139,11.5233793258667,51,680000000
straight_aisle,19,2.0,20.0,2.000000000419004,19.999999997114607,1.2813921072980077,20.12820920054332,True,True,-0.7186078931209963,0.1282092034287139,9.703069686889648,51,745000000
straight_aisle,19,2.0,20.0,2.000000000419004,19.999999997114607,1.2813921072980077,20.12820920054332,True,True,-0.7186078931209963,0.1282092034287139,5.203108787536621,51,815000000
straight_aisle,19,2.0,20.0,2.000000000419004,19.999999997114607,1.2813921072980077,20.12820920054332,True,True,-0.7186078931209963,0.1282092034287139,9.321333885192871,51,880000000
straight_aisle,19,2.0,20.0,2.000000000419004,19.999999997114607,1.2813921072980077,20.12820920054332,True,True,-0.7186078931209963,0.1282092034287139,9.749068260192871,51,945000000
straight_aisle,19,2.0,20.0,2.000000000419004,19.999999997114607,1.2813921072980077,20.12820920054332,True,True,-0.7186078931209963,0.1282092034287139,9.342397689819336,52,10000000
straight_aisle,19,2.0,20.0,2.000000000419004,19.999999997114607,1.2813921072980077,20.12820920054332,True,True,-0.7186078931209963,0.1282092034287139,5.267391204833984,52,145000000
straight_aisle,19,2.0,20.0,2.000000000419004,19.999999997114607,1.2813921072980077,20.12820920054332,True,True,-0.7186078931209963,0.1282092034287139,5.411371231079102,52,210000000
straight_aisle,19,2.0,20.0,2.000000000419004,19.999999997114607,1.2813921072980077,20.12820920054332,True,True,-0.7186078931209963,0.1282092034287139,6.558894157409668,52,275000000
straight_aisle,20,2.0,30.0,2.0000000003733636,29.99999999382462,1.9739759239027508,28.171658263784543,True,False,-0.026024076470612778,-1.8283417300400764,9.124979019165039,52,735000000
straight_aisle,20,2.0,30.0,2.0000000003733636,29.99999999382462,1.9739759239027508,28.171658263784543,True,False,-0.026024076470612778,-1.8283417300400764,7.365355968475342,52,805000000
straight_aisle,20,2.0,30.0,2.0000000003733636,29.99999999382462,1.9739759239027508,28.171658263784543,True,False,-0.026024076470612778,-1.8283417300400764,8.999497413635254,52,870000000
straight_aisle,20,2.0,30.0,2.0000000003733636,29.99999999382462,1.9739759239027508,28.171658263784543,True,False,-0.026024076470612778,-1.8283417300400764,5.140803813934326,52,935000000
straight_aisle,20,2.0,30.0,2.0000000003733636,29.99999999382462,1.9739759239027508,28.171658263784543,True,False,-0.026024076470612778,-1.8283417300400764,5.6199188232421875,53,0
straight_aisle,20,2.0,30.0,2.0000000003733636,29.99999999382462,1.9739759239027508,28.171658263784543,True,False,-0.026024076470612778,-1.8283417300400764,5.114030838012695,53,65000000
straight_aisle,20,2.0,30.0,2.0000000003733636,29.99999999382462,1.9739759239027508,28.171658263784543,True,False,-0.026024076470612778,-1.8283417300400764,5.152058124542236,53,135000000
straight_aisle,20,2.0,30.0,2.0000000003733636,29.99999999382462,1.9739759239027508,28.171658263784543,True,False,-0.026024076470612778,-1.8283417300400764,5.171257019042969,53,200000000
straight_aisle,20,2.0,30.0,2.0000000003733636,29.99999999382462,1.9739759239027508,28.171658263784543,True,False,-0.026024076470612778,-1.8283417300400764,9.641098976135254,53,265000000
straight_aisle,20,2.0,30.0,2.0000000003733636,29.99999999382462,1.9739759239027508,28.171658263784543,True,False,-0.026024076470612778,-1.8283417300400764,5.217599868774414,53,330000000
straight_aisle,20,2.0,30.0,2.0000000003733636,29.99999999382462,1.9739759239027508,28.171658263784543,True,False,-0.026024076470612778,-1.8283417300400764,5.268245220184326,53,395000000
straight_aisle,20,2.0,30.0,2.0000000003733636,29.99999999382462,1.9739759239027508,28.171658263784543,True,False,-0.026024076470612778,-1.8283417300400764,5.604568958282471,53,530000000
straight_aisle,20,2.0,30.0,2.0000000003733636,29.99999999382462,1.9739759239027508,28.171658263784543,True,False,-0.026024076470612778,-1.8283417300400764,5.566971778869629,53,595000000
straight_aisle,20,2.0,30.0,2.0000000003733636,29.99999999382462,1.9739759239027508,28.171658263784543,True,False,-0.026024076470612778,-1.8283417300400764,5.325394153594971,53,660000000
straight_aisle,20,2.0,30.0,2.0000000003733636,29.99999999382462,1.9739759239027508,28.171658263784543,True,False,-0.026024076470612778,-1.8283417300400764,7.719850063323975,53,795000000
straight_aisle,20,2.0,30.0,2.0000000003733636,29.99999999382462,1.9739759239027508,28.171658263784543,True,False,-0.026024076470612778,-1.8283417300400764,5.190185070037842,53,860000000
straight_aisle,20,2.0,30.0,2.0000000003733636,29.99999999382462,1.9739759239027508,28.171658263784543,True,False,-0.026024076470612778,-1.8283417300400764,6.353081226348877,53,925000000
straight_aisle,20,2.0,30.0,2.0000000003733636,29.99999999382462,1.9739759239027508,28.171658263784543,True,False,-0.026024076470612778,-1.8283417300400764,9.078580856323242,53,990000000
straight_aisle,20,2.0,30.0,2.0000000003733636,29.99999999382462,1.9739759239027508,28.171658263784543,True,False,-0.026024076470612778,-1.8283417300400764,9.273343086242676,54,55000000
straight_aisle,20,2.0,30.0,2.0000000003733636,29.99999999382462,1.9739759239027508,28.171658263784543,True,False,-0.026024076470612778,-1.8283417300400764,8.99563217163086,54,125000000
straight_aisle,20,2.0,30.0,2.0000000003733636,29.99999999382462,1.9739759239027508,28.171658263784543,True,False,-0.026024076470612778,-1.8283417300400764,9.142075538635254,54,190000000
straight_aisle,20,2.0,30.0,2.0000000003733636,29.99999999382462,1.9739759239027508,28.171658263784543,True,False,-0.026024076470612778,-1.8283417300400764,9.631683349609375,54,255000000
straight_aisle,20,2.0,30.0,2.0000000003733636,29.99999999382462,1.9739759239027508,28.171658263784543,True,False,-0.026024076470612778,-1.8283417300400764,9.100936889648438,54,320000000
straight_aisle,20,2.0,30.0,2.0000000003733636,29.99999999382462,1.9739759239027508,28.171658263784543,True,False,-0.026024076470612778,-1.8283417300400764,5.093000888824463,54,385000000
straight_aisle,20,2.0,30.0,2.0000000003733636,29.99999999382462,1.9739759239027508,28.171658263784543,True,False,-0.026024076470612778,-1.8283417300400764,5.093000888824463,54,455000000
straight_aisle,20,2.0,30.0,2.0000000003733636,29.99999999382462,1.9739759239027508,28.171658263784543,True,False,-0.026024076470612778,-1.8283417300400764,9.028552055358887,54,520000000
straight_aisle,20,2.0,30.0,2.0000000003733636,29.99999999382462,1.9739759239027508,28.171658263784543,True,False,-0.026024076470612778,-1.8283417300400764,5.384761810302734,54,585000000
straight_aisle,20,2.0,30.0,2.0000000003733636,29.99999999382462,1.9739759239027508,28.171658263784543,True,False,-0.026024076470612778,-1.8283417300400764,5.457602024078369,54,650000000
straight_aisle,20,2.0,30.0,2.0000000003733636,29.99999999382462,1.9739759239027508,28.171658263784543,True,False,-0.026024076470612778,-1.8283417300400764,5.457602024078369,54,715000000
straight_aisle,20,2.0,30.0,2.0000000003733636,29.99999999382462,1.9739759239027508,28.171658263784543,True,False,-0.026024076470612778,-1.8283417300400764,6.681519031524658,54,785000000
straight_aisle,21,3.0,-30.0,2.99999999969402,-30.000000003373916,2.501259484783393,-29.66452249885129,True,False,-0.49874051491062676,0.3354775045226255,9.217923164367676,55,310000000
straight_aisle,21,3.0,-30.0,2.99999999969402,-30.000000003373916,2.501259484783393,-29.66452249885129,True,False,-0.49874051491062676,0.3354775045226255,9.224148750305176,55,375000000
straight_aisle,21,3.0,-30.0,2.99999999969402,-30.000000003373916,2.501259484783393,-29.66452249885129,True,False,-0.49874051491062676,0.3354775045226255,5.271655082702637,55,445000000
straight_aisle,21,3.0,-30.0,2.99999999969402,-30.000000003373916,2.501259484783393,-29.66452249885129,True,False,-0.49874051491062676,0.3354775045226255,8.978370666503906,55,510000000
straight_aisle,21,3.0,-30.0,2.99999999969402,-30.000000003373916,2.501259484783393,-29.66452249885129,True,False,-0.49874051491062676,0.3354775045226255,8.896385192871094,55,575000000
straight_aisle,21,3.0,-30.0,2.99999999969402,-30.000000003373916,2.501259484783393,-29.66452249885129,True,False,-0.49874051491062676,0.3354775045226255,7.345630168914795,55,640000000
straight_aisle,21,3.0,-30.0,2.99999999969402,-30.000000003373916,2.501259484783393,-29.66452249885129,True,False,-0.49874051491062676,0.3354775045226255,5.618141174316406,55,705000000
straight_aisle,21,3.0,-30.0,2.99999999969402,-30.000000003373916,2.501259484783393,-29.66452249885129,True,False,-0.49874051491062676,0.3354775045226255,5.1592631340026855,55,775000000
straight_aisle,21,3.0,-30.0,2.99999999969402,-30.000000003373916,2.501259484783393,-29.66452249885129,True,False,-0.49874051491062676,0.3354775045226255,5.10070276260376,55,840000000
straight_aisle,21,3.0,-30.0,2.99999999969402,-30.000000003373916,2.501259484783393,-29.66452249885129,True,False,-0.49874051491062676,0.3354775045226255,5.087581157684326,55,905000000
straight_aisle,21,3.0,-30.0,2.99999999969402,-30.000000003373916,2.501259484783393,-29.66452249885129,True,False,-0.49874051491062676,0.3354775045226255,5.083648204803467,55,970000000
straight_aisle,21,3.0,-30.0,2.99999999969402,-30.000000003373916,2.501259484783393,-29.66452249885129,True,False,-0.49874051491062676,0.3354775045226255,5.114995002746582,56,35000000
straight_aisle,21,3.0,-30.0,2.99999999969402,-30.000000003373916,2.501259484783393,-29.66452249885129,True,False,-0.49874051491062676,0.3354775045226255,5.2964768409729,56,235000000
straight_aisle,21,3.0,-30.0,2.99999999969402,-30.000000003373916,2.501259484783393,-29.66452249885129,True,False,-0.49874051491062676,0.3354775045226255,5.162200927734375,56,300000000
straight_aisle,21,3.0,-30.0,2.99999999969402,-30.000000003373916,2.501259484783393,-29.66452249885129,True,False,-0.49874051491062676,0.3354775045226255,5.240440845489502,56,365000000
straight_aisle,21,3.0,-30.0,2.99999999969402,-30.000000003373916,2.501259484783393,-29.66452249885129,True,False,-0.49874051491062676,0.3354775045226255,5.737905979156494,56,435000000
straight_aisle,21,3.0,-30.0,2.99999999969402,-30.000000003373916,2.501259484783393,-29.66452249885129,True,False,-0.49874051491062676,0.3354775045226255,5.741848945617676,56,500000000
straight_aisle,21,3.0,-30.0,2.99999999969402,-30.000000003373916,2.501259484783393,-29.66452249885129,True,False,-0.49874051491062676,0.3354775045226255,5.147008895874023,56,565000000
straight_aisle,21,3.0,-30.0,2.99999999969402,-30.000000003373916,2.501259484783393,-29.66452249885129,True,False,-0.49874051491062676,0.3354775045226255,6.456344127655029,56,630000000
straight_aisle,21,3.0,-30.0,2.99999999969402,-30.000000003373916,2.501259484783393,-29.66452249885129,True,False,-0.49874051491062676,0.3354775045226255,6.9372358322143555,56,695000000
straight_aisle,21,3.0,-30.0,2.99999999969402,-30.000000003373916,2.501259484783393,-29.66452249885129,True,False,-0.49874051491062676,0.3354775045226255,8.830334663391113,56,765000000
straight_aisle,21,3.0,-30.0,2.99999999969402,-30.000000003373916,2.501259484783393,-29.66452249885129,True,False,-0.49874051491062676,0.3354775045226255,6.450833797454834,56,830000000
straight_aisle,21,3.0,-30.0,2.99999999969402,-30.000000003373916,2.501259484783393,-29.66452249885129,True,False,-0.49874051491062676,0.3354775045226255,8.201229095458984,56,895000000
straight_aisle,21,3.0,-30.0,2.99999999969402,-30.000000003373916,2.501259484783393,-29.66452249885129,True,False,-0.49874051491062676,0.3354775045226255,8.698673248291016,56,960000000
straight_aisle,21,3.0,-30.0,2.99999999969402,-30.000000003373916,2.501259484783393,-29.66452249885129,True,False,-0.49874051491062676,0.3354775045226255,8.918458938598633,57,25000000
straight_aisle,21,3.0,-30.0,2.99999999969402,-30.000000003373916,2.501259484783393,-29.66452249885129,True,False,-0.49874051491062676,0.3354775045226255,5.254337787628174,57,95000000
straight_aisle,21,3.0,-30.0,2.99999999969402,-30.000000003373916,2.501259484783393,-29.66452249885129,True,False,-0.49874051491062676,0.3354775045226255,8.717259407043457,57,160000000
straight_aisle,21,3.0,-30.0,2.99999999969402,-30.000000003373916,2.501259484783393,-29.66452249885129,True,False,-0.49874051491062676,0.3354775045226255,8.659303665161133,57,355000000
straight_aisle,21,3.0,-30.0,2.99999999969402,-30.000000003373916,2.501259484783393,-29.66452249885129,True,False,-0.49874051491062676,0.3354775045226255,5.2796630859375,57,425000000
straight_aisle,21,3.0,-30.0,2.99999999969402,-30.000000003373916,2.501259484783393,-29.66452249885129,True,False,-0.49874051491062676,0.3354775045226255,5.204784870147705,57,490000000
straight_aisle,22,3.0,-20.0,2.999999999671713,-20.000000002749363,2.7901168814885082,-20.141257673523203,True,True,-0.2098831181832046,-0.14125767077383955,5.757462978363037,57,885000000
straight_aisle,22,3.0,-20.0,2.999999999671713,-20.000000002749363,2.7901168814885082,-20.141257673523203,True,True,-0.2098831181832046,-0.14125767077383955,6.498467922210693,57,950000000
straight_aisle,22,3.0,-20.0,2.999999999671713,-20.000000002749363,2.7901168814885082,-20.141257673523203,True,True,-0.2098831181832046,-0.14125767077383955,10.888131141662598,58,15000000
straight_aisle,22,3.0,-20.0,2.999999999671713,-20.000000002749363,2.7901168814885082,-20.141257673523203,True,True,-0.2098831181832046,-0.14125767077383955,8.555997848510742,58,85000000
straight_aisle,22,3.0,-20.0,2.999999999671713,-20.000000002749363,2.7901168814885082,-20.141257673523203,True,True,-0.2098831181832046,-0.14125767077383955,8.76644229888916,58,150000000
straight_aisle,22,3.0,-20.0,2.999999999671713,-20.000000002749363,2.7901168814885082,-20.141257673523203,True,True,-0.2098831181832046,-0.14125767077383955,8.573142051696777,58,215000000
straight_aisle,22,3.0,-20.0,2.999999999671713,-20.000000002749363,2.7901168814885082,-20.141257673523203,True,True,-0.2098831181832046,-0.14125767077383955,8.552067756652832,58,280000000
straight_aisle,22,3.0,-20.0,2.999999999671713,-20.000000002749363,2.7901168814885082,-20.141257673523203,True,True,-0.2098831181832046,-0.14125767077383955,5.195580005645752,58,345000000
straight_aisle,22,3.0,-20.0,2.999999999671713,-20.000000002749363,2.7901168814885082,-20.141257673523203,True,True,-0.2098831181832046,-0.14125767077383955,5.145711898803711,58,415000000
straight_aisle,22,3.0,-20.0,2.999999999671713,-20.000000002749363,2.7901168814885082,-20.141257673523203,True,True,-0.2098831181832046,-0.14125767077383955,8.616012573242188,58,480000000
straight_aisle,22,3.0,-20.0,2.999999999671713,-20.000000002749363,2.7901168814885082,-20.141257673523203,True,True,-0.2098831181832046,-0.14125767077383955,5.2754340171813965,58,545000000
straight_aisle,22,3.0,-20.0,2.999999999671713,-20.000000002749363,2.7901168814885082,-20.141257673523203,True,True,-0.2098831181832046,-0.14125767077383955,5.453467845916748,58,610000000
straight_aisle,22,3.0,-20.0,2.999999999671713,-20.000000002749363,2.7901168814885082,-20.141257673523203,True,True,-0.2098831181832046,-0.14125767077383955,12.05385971069336,58,675000000
straight_aisle,22,3.0,-20.0,2.999999999671713,-20.000000002749363,2.7901168814885082,-20.141257673523203,True,True,-0.2098831181832046,-0.14125767077383955,5.34318208694458,58,745000000
straight_aisle,22,3.0,-20.0,2.999999999671713,-20.000000002749363,2.7901168814885082,-20.141257673523203,True,True,-0.2098831181832046,-0.14125767077383955,5.330495834350586,58,810000000
straight_aisle,22,3.0,-20.0,2.999999999671713,-20.000000002749363,2.7901168814885082,-20.141257673523203,True,True,-0.2098831181832046,-0.14125767077383955,5.289247989654541,58,875000000
straight_aisle,22,3.0,-20.0,2.999999999671713,-20.000000002749363,2.7901168814885082,-20.141257673523203,True,True,-0.2098831181832046,-0.14125767077383955,5.1160149574279785,58,940000000
straight_aisle,22,3.0,-20.0,2.999999999671713,-20.000000002749363,2.7901168814885082,-20.141257673523203,True,True,-0.2098831181832046,-0.14125767077383955,5.357229232788086,59,5000000
straight_aisle,22,3.0,-20.0,2.999999999671713,-20.000000002749363,2.7901168814885082,-20.141257673523203,True,True,-0.2098831181832046,-0.14125767077383955,5.491981029510498,59,75000000
straight_aisle,22,3.0,-20.0,2.999999999671713,-20.000000002749363,2.7901168814885082,-20.141257673523203,True,True,-0.2098831181832046,-0.14125767077383955,5.3194098472595215,59,140000000
straight_aisle,22,3.0,-20.0,2.999999999671713,-20.000000002749363,2.7901168814885082,-20.141257673523203,True,True,-0.2098831181832046,-0.14125767077383955,5.645327091217041,59,335000000
straight_aisle,22,3.0,-20.0,2.999999999671713,-20.000000002749363,2.7901168814885082,-20.141257673523203,True,True,-0.2098831181832046,-0.14125767077383955,8.032683372497559,59,405000000
straight_aisle,22,3.0,-20.0,2.999999999671713,-20.000000002749363,2.7901168814885082,-20.141257673523203,True,True,-0.2098831181832046,-0.14125767077383955,6.4417290687561035,59,470000000
straight_aisle,22,3.0,-20.0,2.999999999671713,-20.000000002749363,2.7901168814885082,-20.141257673523203,True,True,-0.2098831181832046,-0.14125767077383955,5.938065052032471,59,535000000
straight_aisle,22,3.0,-20.0,2.999999999671713,-20.000000002749363,2.7901168814885082,-20.141257673523203,True,True,-0.2098831181832046,-0.14125767077383955,7.963616847991943,59,600000000
straight_aisle,22,3.0,-20.0,2.999999999671713,-20.000000002749363,2.7901168814885082,-20.141257673523203,True,True,-0.2098831181832046,-0.14125767077383955,7.593502998352051,59,665000000
straight_aisle,22,3.0,-20.0,2.999999999671713,-20.000000002749363,2.7901168814885082,-20.141257673523203,True,True,-0.2098831181832046,-0.14125767077383955,8.052098274230957,59,735000000
straight_aisle,22,3.0,-20.0,2.999999999671713,-20.000000002749363,2.7901168814885082,-20.141257673523203,True,True,-0.2098831181832046,-0.14125767077383955,7.797143936157227,59,800000000
straight_aisle,22,3.0,-20.0,2.999999999671713,-20.000000002749363,2.7901168814885082,-20.141257673523203,True,True,-0.2098831181832046,-0.14125767077383955,7.9135589599609375,59,865000000
straight_aisle,22,3.0,-20.0,2.999999999671713,-20.000000002749363,2.7901168814885082,-20.141257673523203,True,True,-0.2098831181832046,-0.14125767077383955,7.47768497467041,59,930000000
straight_aisle,23,3.0,-10.0,2.999999999963795,-10.000000000106581,3.1587281203171615,-10.189997523657452,True,True,0.15872812035336636,-0.18999752355087018,6.3883819580078125,60,460000000
straight_aisle,23,3.0,-10.0,2.999999999963795,-10.000000000106581,3.1587281203171615,-10.189997523657452,True,True,0.15872812035336636,-0.18999752355087018,5.647822856903076,60,525000000
straight_aisle,23,3.0,-10.0,2.999999999963795,-10.000000000106581,3.1587281203171615,-10.189997523657452,True,True,0.15872812035336636,-0.18999752355087018,5.331992149353027,60,590000000
straight_aisle,23,3.0,-10.0,2.999999999963795,-10.000000000106581,3.1587281203171615,-10.189997523657452,True,True,0.15872812035336636,-0.18999752355087018,7.631758213043213,60,655000000
straight_aisle,23,3.0,-10.0,2.999999999963795,-10.000000000106581,3.1587281203171615,-10.189997523657452,True,True,0.15872812035336636,-0.18999752355087018,7.860407829284668,60,725000000
straight_aisle,23,3.0,-10.0,2.999999999963795,-10.000000000106581,3.1587281203171615,-10.189997523657452,True,True,0.15872812035336636,-0.18999752355087018,5.370969772338867,60,790000000
straight_aisle,23,3.0,-10.0,2.999999999963795,-10.000000000106581,3.1587281203171615,-10.189997523657452,True,True,0.15872812035336636,-0.18999752355087018,7.735476016998291,60,855000000
straight_aisle,23,3.0,-10.0,2.999999999963795,-10.000000000106581,3.1587281203171615,-10.189997523657452,True,True,0.15872812035336636,-0.18999752355087018,7.610743999481201,60,920000000
straight_aisle,23,3.0,-10.0,2.999999999963795,-10.000000000106581,3.1587281203171615,-10.189997523657452,True,True,0.15872812035336636,-0.18999752355087018,7.387138843536377,61,55000000
straight_aisle,23,3.0,-10.0,2.999999999963795,-10.000000000106581,3.1587281203171615,-10.189997523657452,True,True,0.15872812035336636,-0.18999752355087018,7.661159038543701,61,120000000
straight_aisle,23,3.0,-10.0,2.999999999963795,-10.000000000106581,3.1587281203171615,-10.189997523657452,True,True,0.15872812035336636,-0.18999752355087018,7.401790142059326,61,185000000
straight_aisle,23,3.0,-10.0,2.999999999963795,-10.000000000106581,3.1587281203171615,-10.189997523657452,True,True,0.15872812035336636,-0.18999752355087018,5.332767009735107,61,250000000
straight_aisle,23,3.0,-10.0,2.999999999963795,-10.000000000106581,3.1587281203171615,-10.189997523657452,True,True,0.15872812035336636,-0.18999752355087018,5.262811183929443,61,315000000
straight_aisle,23,3.0,-10.0,2.999999999963795,-10.000000000106581,3.1587281203171615,-10.189997523657452,True,True,0.15872812035336636,-0.18999752355087018,5.20239782333374,61,385000000
straight_aisle,23,3.0,-10.0,2.999999999963795,-10.000000000106581,3.1587281203171615,-10.189997523657452,True,True,0.15872812035336636,-0.18999752355087018,5.3129801750183105,61,450000000
straight_aisle,23,3.0,-10.0,2.999999999963795,-10.000000000106581,3.1587281203171615,-10.189997523657452,True,True,0.15872812035336636,-0.18999752355087018,5.26436185836792,61,515000000
straight_aisle,23,3.0,-10.0,2.999999999963795,-10.000000000106581,3.1587281203171615,-10.189997523657452,True,True,0.15872812035336636,-0.18999752355087018,5.19851016998291,61,580000000
straight_aisle,23,3.0,-10.0,2.999999999963795,-10.000000000106581,3.1587281203171615,-10.189997523657452,True,True,0.15872812035336636,-0.18999752355087018,5.322683811187744,61,645000000
straight_aisle,23,3.0,-10.0,2.999999999963795,-10.000000000106581,3.1587281203171615,-10.189997523657452,True,True,0.15872812035336636,-0.18999752355087018,5.622857093811035,61,715000000
straight_aisle,23,3.0,-10.0,2.999999999963795,-10.000000000106581,3.1587281203171615,-10.189997523657452,True,True,0.15872812035336636,-0.18999752355087018,12.774267196655273,61,780000000
straight_aisle,23,3.0,-10.0,2.999999999963795,-10.000000000106581,3.1587281203171615,-10.189997523657452,True,True,0.15872812035336636,-0.18999752355087018,5.532251834869385,61,910000000
straight_aisle,23,3.0,-10.0,2.999999999963795,-10.000000000106581,3.1587281203171615,-10.189997523657452,True,True,0.15872812035336636,-0.18999752355087018,5.554163932800293,61,975000000
straight_aisle,23,3.0,-10.0,2.999999999963795,-10.000000000106581,3.1587281203171615,-10.189997523657452,True,True,0.15872812035336636,-0.18999752355087018,6.416765213012695,62,45000000
straight_aisle,23,3.0,-10.0,2.999999999963795,-10.000000000106581,3.1587281203171615,-10.189997523657452,True,True,0.15872812035336636,-0.18999752355087018,5.477156162261963,62,110000000
straight_aisle,23,3.0,-10.0,2.999999999963795,-10.000000000106581,3.1587281203171615,-10.189997523657452,True,True,0.15872812035336636,-0.18999752355087018,5.45794677734375,62,175000000
straight_aisle,23,3.0,-10.0,2.999999999963795,-10.000000000106581,3.1587281203171615,-10.189997523657452,True,True,0.15872812035336636,-0.18999752355087018,5.777263164520264,62,240000000
straight_aisle,23,3.0,-10.0,2.999999999963795,-10.000000000106581,3.1587281203171615,-10.189997523657452,True,True,0.15872812035336636,-0.18999752355087018,6.942138195037842,62,375000000
straight_aisle,23,3.0,-10.0,2.999999999963795,-10.000000000106581,3.1587281203171615,-10.189997523657452,True,True,0.15872812035336636,-0.18999752355087018,8.319924354553223,62,440000000
straight_aisle,23,3.0,-10.0,2.999999999963795,-10.000000000106581,3.1587281203171615,-10.189997523657452,True,True,0.15872812035336636,-0.18999752355087018,8.538020133972168,62,505000000
straight_aisle,23,3.0,-10.0,2.999999999963795,-10.000000000106581,3.1587281203171615,-10.189997523657452,True,True,0.15872812035336636,-0.18999752355087018,8.883890151977539,62,570000000
straight_aisle,24,3.0,0.0,3.0,0.0,2.0625658254374617,-0.04804357246004451,True,True,-0.9374341745625383,-0.04804357246004451,5.3531060218811035,62,965000000
straight_aisle,24,3.0,0.0,3.0,0.0,2.0625658254374617,-0.04804357246004451,True,True,-0.9374341745625383,-0.04804357246004451,6.737730979919434,63,35000000
straight_aisle,24,3.0,0.0,3.0,0.0,2.0625658254374617,-0.04804357246004451,True,True,-0.9374341745625383,-0.04804357246004451,5.371888160705566,63,100000000
straight_aisle,24,3.0,0.0,3.0,0.0,2.0625658254374617,-0.04804357246004451,True,True,-0.9374341745625383,-0.04804357246004451,5.3420491218566895,63,165000000
straight_aisle,24,3.0,0.0,3.0,0.0,2.0625658254374617,-0.04804357246004451,True,True,-0.9374341745625383,-0.04804357246004451,7.83735990524292,63,230000000
straight_aisle,24,3.0,0.0,3.0,0.0,2.0625658254374617,-0.04804357246004451,True,True,-0.9374341745625383,-0.04804357246004451,7.83735990524292,63,295000000
straight_aisle,24,3.0,0.0,3.0,0.0,2.0625658254374617,-0.04804357246004451,True,True,-0.9374341745625383,-0.04804357246004451,7.424567222595215,63,365000000
straight_aisle,24,3.0,0.0,3.0,0.0,2.0625658254374617,-0.04804357246004451,True,True,-0.9374341745625383,-0.04804357246004451,7.96317195892334,63,430000000
straight_aisle,24,3.0,0.0,3.0,0.0,2.0625658254374617,-0.04804357246004451,True,True,-0.9374341745625383,-0.04804357246004451,7.514656066894531,63,495000000
straight_aisle,24,3.0,0.0,3.0,0.0,2.0625658254374617,-0.04804357246004451,True,True,-0.9374341745625383,-0.04804357246004451,7.341938018798828,63,560000000
straight_aisle,24,3.0,0.0,3.0,0.0,2.0625658254374617,-0.04804357246004451,True,True,-0.9374341745625383,-0.04804357246004451,5.246348857879639,63,625000000
straight_aisle,24,3.0,0.0,3.0,0.0,2.0625658254374617,-0.04804357246004451,True,True,-0.9374341745625383,-0.04804357246004451,5.199697017669678,63,695000000
straight_aisle,24,3.0,0.0,3.0,0.0,2.0625658254374617,-0.04804357246004451,True,True,-0.9374341745625383,-0.04804357246004451,7.483142852783203,63,760000000
straight_aisle,24,3.0,0.0,3.0,0.0,2.0625658254374617,-0.04804357246004451,True,True,-0.9374341745625383,-0.04804357246004451,5.201140880584717,63,825000000
straight_aisle,24,3.0,0.0,3.0,0.0,2.0625658254374617,-0.04804357246004451,True,True,-0.9374341745625383,-0.04804357246004451,5.376650810241699,63,890000000
straight_aisle,24,3.0,0.0,3.0,0.0,2.0625658254374617,-0.04804357246004451,True,True,-0.9374341745625383,-0.04804357246004451,5.272017955780029,63,955000000
straight_aisle,24,3.0,0.0,3.0,0.0,2.0625658254374617,-0.04804357246004451,True,True,-0.9374341745625383,-0.04804357246004451,5.227382183074951,64,25000000
straight_aisle,24,3.0,0.0,3.0,0.0,2.0625658254374617,-0.04804357246004451,True,True,-0.9374341745625383,-0.04804357246004451,5.142984867095947,64,90000000
straight_aisle,24,3.0,0.0,3.0,0.0,2.0625658254374617,-0.04804357246004451,True,True,-0.9374341745625383,-0.04804357246004451,5.23854923248291,64,155000000
straight_aisle,24,3.0,0.0,3.0,0.0,2.0625658254374617,-0.04804357246004451,True,True,-0.9374341745625383,-0.04804357246004451,5.242678165435791,64,285000000
straight_aisle,24,3.0,0.0,3.0,0.0,2.0625658254374617,-0.04804357246004451,True,True,-0.9374341745625383,-0.04804357246004451,5.606866836547852,64,355000000
straight_aisle,24,3.0,0.0,3.0,0.0,2.0625658254374617,-0.04804357246004451,True,True,-0.9374341745625383,-0.04804357246004451,8.687005996704102,64,420000000
straight_aisle,24,3.0,0.0,3.0,0.0,2.0625658254374617,-0.04804357246004451,True,True,-0.9374341745625383,-0.04804357246004451,5.444285869598389,64,485000000
straight_aisle,24,3.0,0.0,3.0,0.0,2.0625658254374617,-0.04804357246004451,True,True,-0.9374341745625383,-0.04804357246004451,5.698674201965332,64,550000000
straight_aisle,24,3.0,0.0,3.0,0.0,2.0625658254374617,-0.04804357246004451,True,True,-0.9374341745625383,-0.04804357246004451,6.347533226013184,64,615000000
straight_aisle,24,3.0,0.0,3.0,0.0,2.0625658254374617,-0.04804357246004451,True,True,-0.9374341745625383,-0.04804357246004451,7.914913177490234,64,685000000
straight_aisle,24,3.0,0.0,3.0,0.0,2.0625658254374617,-0.04804357246004451,True,True,-0.9374341745625383,-0.04804357246004451,5.472014904022217,64,750000000
straight_aisle,24,3.0,0.0,3.0,0.0,2.0625658254374617,-0.04804357246004451,True,True,-0.9374341745625383,-0.04804357246004451,6.569317817687988,64,815000000
straight_aisle,24,3.0,0.0,3.0,0.0,2.0625658254374617,-0.04804357246004451,True,True,-0.9374341745625383,-0.04804357246004451,7.890644073486328,64,880000000
straight_aisle,24,3.0,0.0,3.0,0.0,2.0625658254374617,-0.04804357246004451,True,True,-0.9374341745625383,-0.04804357246004451,7.7045769691467285,64,945000000
straight_aisle,25,3.0,10.0,2.999999999963795,10.000000000106581,3.113635795819637,10.131464449057562,True,True,0.1136357958558416,0.13146444895098064,5.02780294418335,65,345000000
straight_aisle,25,3.0,10.0,2.999999999963795,10.000000000106581,3.113635795819637,10.131464449057562,True,True,0.1136357958558416,0.13146444895098064,5.364091873168945,65,410000000
straight_aisle,25,3.0,10.0,2.999999999963795,10.000000000106581,3.113635795819637,10.131464449057562,True,True,0.1136357958558416,0.13146444895098064,5.4395928382873535,65,475000000
straight_aisle,25,3.0,10.0,2.999999999963795,10.000000000106581,3.113635795819637,10.131464449057562,True,True,0.1136357958558416,0.13146444895098064,5.113993167877197,65,540000000
straight_aisle,25,3.0,10.0,2.999999999963795,10.000000000106581,3.113635795819637,10.131464449057562,True,True,0.1136357958558416,0.13146444895098064,5.5093159675598145,65,605000000
straight_aisle,25,3.0,10.0,2.999999999963795,10.000000000106581,3.113635795819637,10.131464449057562,True,True,0.1136357958558416,0.13146444895098064,5.337407112121582,65,675000000
straight_aisle,25,3.0,10.0,2.999999999963795,10.000000000106581,3.113635795819637,10.131464449057562,True,True,0.1136357958558416,0.13146444895098064,5.423058032989502,65,740000000
straight_aisle,25,3.0,10.0,2.999999999963795,10.000000000106581,3.113635795819637,10.131464449057562,True,True,0.1136357958558416,0.13146444895098064,5.475926876068115,65,805000000
straight_aisle,25,3.0,10.0,2.999999999963795,10.000000000106581,3.113635795819637,10.131464449057562,True,True,0.1136357958558416,0.13146444895098064,5.7381510734558105,65,870000000
straight_aisle,25,3.0,10.0,2.999999999963795,10.000000000106581,3.113635795819637,10.131464449057562,True,True,0.1136357958558416,0.13146444895098064,7.811880111694336,65,935000000
straight_aisle,25,3.0,10.0,2.999999999963795,10.000000000106581,3.113635795819637,10.131464449057562,True,True,0.1136357958558416,0.13146444895098064,7.8086018562316895,66,5000000
straight_aisle,25,3.0,10.0,2.999999999963795,10.000000000106581,3.113635795819637,10.131464449057562,True,True,0.1136357958558416,0.13146444895098064,5.422522068023682,66,70000000
straight_aisle,25,3.0,10.0,2.999999999963795,10.000000000106581,3.113635795819637,10.131464449057562,True,True,0.1136357958558416,0.13146444895098064,7.68665885925293,66,135000000
straight_aisle,25,3.0,10.0,2.999999999963795,10.000000000106581,3.113635795819637,10.131464449057562,True,True,0.1136357958558416,0.13146444895098064,8.152935028076172,66,200000000
straight_aisle,25,3.0,10.0,2.999999999963795,10.000000000106581,3.113635795819637,10.131464449057562,True,True,0.1136357958558416,0.13146444895098064,7.696529865264893,66,265000000
straight_aisle,25,3.0,10.0,2.999999999963795,10.000000000106581,3.113635795819637,10.131464449057562,True,True,0.1136357958558416,0.13146444895098064,5.238030910491943,66,335000000
straight_aisle,25,3.0,10.0,2.999999999963795,10.000000000106581,3.113635795819637,10.131464449057562,True,True,0.1136357958558416,0.13146444895098064,7.988015174865723,66,400000000
straight_aisle,25,3.0,10.0,2.999999999963795,10.000000000106581,3.113635795819637,10.131464449057562,True,True,0.1136357958558416,0.13146444895098064,7.842637062072754,66,465000000
straight_aisle,25,3.0,10.0,2.999999999963795,10.000000000106581,3.113635795819637,10.131464449057562,True,True,0.1136357958558416,0.13146444895098064,5.384154796600342,66,530000000
straight_aisle,25,3.0,10.0,2.999999999963795,10.000000000106581,3.113635795819637,10.131464449057562,True,True,0.1136357958558416,0.13146444895098064,5.275805950164795,66,595000000
straight_aisle,25,3.0,10.0,2.999999999963795,10.000000000106581,3.113635795819637,10.131464449057562,True,True,0.1136357958558416,0.13146444895098064,5.166426181793213,66,665000000
straight_aisle,25,3.0,10.0,2.999999999963795,10.000000000106581,3.113635795819637,10.131464449057562,True,True,0.1136357958558416,0.13146444895098064,5.319866180419922,66,730000000
straight_aisle,25,3.0,10.0,2.999999999963795,10.000000000106581,3.113635795819637,10.131464449057562,True,True,0.1136357958558416,0.13146444895098064,5.453155040740967,66,795000000
straight_aisle,25,3.0,10.0,2.999999999963795,10.000000000106581,3.113635795819637,10.131464449057562,True,True,0.1136357958558416,0.13146444895098064,5.453155040740967,66,860000000
straight_aisle,25,3.0,10.0,2.999999999963795,10.000000000106581,3.113635795819637,10.131464449057562,True,True,0.1136357958558416,0.13146444895098064,5.438962936401367,66,925000000
straight_aisle,25,3.0,10.0,2.999999999963795,10.000000000106581,3.113635795819637,10.131464449057562,True,True,0.1136357958558416,0.13146444895098064,5.6516242027282715,66,995000000
straight_aisle,25,3.0,10.0,2.999999999963795,10.000000000106581,3.113635795819637,10.131464449057562,True,True,0.1136357958558416,0.13146444895098064,5.183107852935791,67,60000000
straight_aisle,25,3.0,10.0,2.999999999963795,10.000000000106581,3.113635795819637,10.131464449057562,True,True,0.1136357958558416,0.13146444895098064,5.4247918128967285,67,125000000
straight_aisle,25,3.0,10.0,2.999999999963795,10.000000000106581,3.113635795819637,10.131464449057562,True,True,0.1136357958558416,0.13146444895098064,6.091424942016602,67,190000000
straight_aisle,25,3.0,10.0,2.999999999963795,10.000000000106581,3.113635795819637,10.131464449057562,True,True,0.1136357958558416,0.13146444895098064,5.411991119384766,67,325000000
straight_aisle,26,3.0,20.0,2.999999999671713,20.000000002749363,3.383485478829038,20.149998016530063,True,True,0.3834854791573252,0.14999801378069932,5.218050956726074,67,915000000
straight_aisle,26,3.0,20.0,2.999999999671713,20.000000002749363,3.383485478829038,20.149998016530063,True,True,0.3834854791573252,0.14999801378069932,5.218050956726074,67,985000000
straight_aisle,26,3.0,20.0,2.999999999671713,20.000000002749363,3.383485478829038,20.149998016530063,True,True,0.3834854791573252,0.14999801378069932,5.242343902587891,68,50000000
straight_aisle,26,3.0,20.0,2.999999999671713,20.000000002749363,3.383485478829038,20.149998016530063,True,True,0.3834854791573252,0.14999801378069932,5.186999797821045,68,115000000
straight_aisle,26,3.0,20.0,2.999999999671713,20.000000002749363,3.383485478829038,20.149998016530063,True,True,0.3834854791573252,0.14999801378069932,5.565165996551514,68,180000000
straight_aisle,26,3.0,20.0,2.999999999671713,20.000000002749363,3.383485478829038,20.149998016530063,True,True,0.3834854791573252,0.14999801378069932,5.492065906524658,68,245000000
straight_aisle,26,3.0,20.0,2.999999999671713,20.000000002749363,3.383485478829038,20.149998016530063,True,True,0.3834854791573252,0.14999801378069932,6.728326797485352,68,380000000
straight_aisle,26,3.0,20.0,2.999999999671713,20.000000002749363,3.383485478829038,20.149998016530063,True,True,0.3834854791573252,0.14999801378069932,5.545051097869873,68,445000000
straight_aisle,26,3.0,20.0,2.999999999671713,20.000000002749363,3.383485478829038,20.149998016530063,True,True,0.3834854791573252,0.14999801378069932,6.350773811340332,68,510000000
straight_aisle,26,3.0,20.0,2.999999999671713,20.000000002749363,3.383485478829038,20.149998016530063,True,True,0.3834854791573252,0.14999801378069932,7.7417731285095215,68,575000000
straight_aisle,26,3.0,20.0,2.999999999671713,20.000000002749363,3.383485478829038,20.149998016530063,True,True,0.3834854791573252,0.14999801378069932,7.660645008087158,68,645000000
straight_aisle,26,3.0,20.0,2.999999999671713,20.000000002749363,3.383485478829038,20.149998016530063,True,True,0.3834854791573252,0.14999801378069932,5.791368007659912,68,710000000
straight_aisle,26,3.0,20.0,2.999999999671713,20.000000002749363,3.383485478829038,20.149998016530063,True,True,0.3834854791573252,0.14999801378069932,7.601069927215576,68,775000000
straight_aisle,26,3.0,20.0,2.999999999671713,20.000000002749363,3.383485478829038,20.149998016530063,True,True,0.3834854791573252,0.14999801378069932,7.570941925048828,68,840000000
straight_aisle,26,3.0,20.0,2.999999999671713,20.000000002749363,3.383485478829038,20.149998016530063,True,True,0.3834854791573252,0.14999801378069932,7.378163814544678,68,905000000
straight_aisle,26,3.0,20.0,2.999999999671713,20.000000002749363,3.383485478829038,20.149998016530063,True,True,0.3834854791573252,0.14999801378069932,5.155872821807861,69,40000000
straight_aisle,26,3.0,20.0,2.999999999671713,20.000000002749363,3.383485478829038,20.149998016530063,True,True,0.3834854791573252,0.14999801378069932,5.077775001525879,69,105000000
straight_aisle,26,3.0,20.0,2.999999999671713,20.000000002749363,3.383485478829038,20.149998016530063,True,True,0.3834854791573252,0.14999801378069932,5.203896999359131,69,170000000
straight_aisle,26,3.0,20.0,2.999999999671713,20.000000002749363,3.383485478829038,20.149998016530063,True,True,0.3834854791573252,0.14999801378069932,5.7010369300842285,69,235000000
straight_aisle,26,3.0,20.0,2.999999999671713,20.000000002749363,3.383485478829038,20.149998016530063,True,True,0.3834854791573252,0.14999801378069932,5.138088226318359,69,305000000
straight_aisle,26,3.0,20.0,2.999999999671713,20.000000002749363,3.383485478829038,20.149998016530063,True,True,0.3834854791573252,0.14999801378069932,5.134679794311523,69,370000000
straight_aisle,26,3.0,20.0,2.999999999671713,20.000000002749363,3.383485478829038,20.149998016530063,True,True,0.3834854791573252,0.14999801378069932,5.148428916931152,69,435000000
straight_aisle,26,3.0,20.0,2.999999999671713,20.000000002749363,3.383485478829038,20.149998016530063,True,True,0.3834854791573252,0.14999801378069932,5.189549922943115,69,500000000
straight_aisle,26,3.0,20.0,2.999999999671713,20.000000002749363,3.383485478829038,20.149998016530063,True,True,0.3834854791573252,0.14999801378069932,5.105177879333496,69,565000000
straight_aisle,26,3.0,20.0,2.999999999671713,20.000000002749363,3.383485478829038,20.149998016530063,True,True,0.3834854791573252,0.14999801378069932,5.440003871917725,69,635000000
straight_aisle,26,3.0,20.0,2.999999999671713,20.000000002749363,3.383485478829038,20.149998016530063,True,True,0.3834854791573252,0.14999801378069932,5.106316089630127,69,700000000
straight_aisle,26,3.0,20.0,2.999999999671713,20.000000002749363,3.383485478829038,20.149998016530063,True,True,0.3834854791573252,0.14999801378069932,5.1340789794921875,69,830000000
straight_aisle,26,3.0,20.0,2.999999999671713,20.000000002749363,3.383485478829038,20.149998016530063,True,True,0.3834854791573252,0.14999801378069932,5.205658912658691,69,895000000
straight_aisle,26,3.0,20.0,2.999999999671713,20.000000002749363,3.383485478829038,20.149998016530063,True,True,0.3834854791573252,0.14999801378069932,6.25478982925415,69,965000000
straight_aisle,26,3.0,20.0,2.999999999671713,20.000000002749363,3.383485478829038,20.149998016530063,True,True,0.3834854791573252,0.14999801378069932,6.762752056121826,70,30000000
straight_aisle,27,3.0,30.0,2.99999999969402,30.000000003373916,3.2743474535058263,29.575958737588945,True,False,0.2743474538118065,-0.4240412657849717,8.00414752960205,70,555000000
straight_aisle,27,3.0,30.0,2.99999999969402,30.000000003373916,3.2743474535058263,29.575958737588945,True,False,0.2743474538118065,-0.4240412657849717,5.532026767730713,70,625000000
straight_aisle,27,3.0,30.0,2.99999999969402,30.000000003373916,3.2743474535058263,29.575958737588945,True,False,0.2743474538118065,-0.4240412657849717,5.412964820861816,70,690000000
straight_aisle,27,3.0,30.0,2.99999999969402,30.000000003373916,3.2743474535058263,29.575958737588945,True,False,0.2743474538118065,-0.4240412657849717,5.314530849456787,70,755000000
straight_aisle,27,3.0,30.0,2.99999999969402,30.000000003373916,3.2743474535058263,29.575958737588945,True,False,0.2743474538118065,-0.4240412657849717,5.379405975341797,70,820000000
straight_aisle,27,3.0,30.0,2.99999999969402,30.000000003373916,3.2743474535058263,29.575958737588945,True,False,0.2743474538118065,-0.4240412657849717,5.348353862762451,70,885000000
straight_aisle,27,3.0,30.0,2.99999999969402,30.000000003373916,3.2743474535058263,29.575958737588945,True,False,0.2743474538118065,-0.4240412657849717,5.884847164154053,70,955000000
straight_aisle,27,3.0,30.0,2.99999999969402,30.000000003373916,3.2743474535058263,29.575958737588945,True,False,0.2743474538118065,-0.4240412657849717,5.803290843963623,71,20000000
straight_aisle,27,3.0,30.0,2.99999999969402,30.000000003373916,3.2743474535058263,29.575958737588945,True,False,0.2743474538118065,-0.4240412657849717,5.876352787017822,71,85000000
straight_aisle,27,3.0,30.0,2.99999999969402,30.000000003373916,3.2743474535058263,29.575958737588945,True,False,0.2743474538118065,-0.4240412657849717,5.563260078430176,71,150000000
straight_aisle,27,3.0,30.0,2.99999999969402,30.000000003373916,3.2743474535058263,29.575958737588945,True,False,0.2743474538118065,-0.4240412657849717,7.692874908447266,71,215000000
straight_aisle,27,3.0,30.0,2.99999999969402,30.000000003373916,3.2743474535058263,29.575958737588945,True,False,0.2743474538118065,-0.4240412657849717,7.738192081451416,71,285000000
straight_aisle,27,3.0,30.0,2.99999999969402,30.000000003373916,3.2743474535058263,29.575958737588945,True,False,0.2743474538118065,-0.4240412657849717,5.874417781829834,71,350000000
straight_aisle,27,3.0,30.0,2.99999999969402,30.000000003373916,3.2743474535058263,29.575958737588945,True,False,0.2743474538118065,-0.4240412657849717,7.84128999710083,71,415000000
straight_aisle,27,3.0,30.0,2.99999999969402,30.000000003373916,3.2743474535058263,29.575958737588945,True,False,0.2743474538118065,-0.4240412657849717,7.606228828430176,71,480000000
straight_aisle,27,3.0,30.0,2.99999999969402,30.000000003373916,3.2743474535058263,29.575958737588945,True,False,0.2743474538118065,-0.4240412657849717,7.701000213623047,71,545000000
straight_aisle,27,3.0,30.0,2.99999999969402,30.000000003373916,3.2743474535058263,29.575958737588945,True,False,0.2743474538118065,-0.4240412657849717,7.701000213623047,71,615000000
straight_aisle,27,3.0,30.0,2.99999999969402,30.000000003373916,3.2743474535058263,29.575958737588945,True,False,0.2743474538118065,-0.4240412657849717,7.834945201873779,71,680000000
straight_aisle,27,3.0,30.0,2.99999999969402,30.000000003373916,3.2743474535058263,29.575958737588945,True,False,0.2743474538118065,-0.4240412657849717,7.778019905090332,71,745000000
straight_aisle,27,3.0,30.0,2.99999999969402,30.000000003373916,3.2743474535058263,29.575958737588945,True,False,0.2743474538118065,-0.4240412657849717,6.3899359703063965,71,810000000
straight_aisle,27,3.0,30.0,2.99999999969402,30.000000003373916,3.2743474535058263,29.575958737588945,True,False,0.2743474538118065,-0.4240412657849717,6.491814136505127,71,875000000
straight_aisle,27,3.0,30.0,2.99999999969402,30.000000003373916,3.2743474535058263,29.575958737588945,True,False,0.2743474538118065,-0.4240412657849717,11.775260925292969,71,945000000
straight_aisle,27,3.0,30.0,2.99999999969402,30.000000003373916,3.2743474535058263,29.575958737588945,True,False,0.2743474538118065,-0.4240412657849717,7.733497142791748,72,10000000
straight_aisle,27,3.0,30.0,2.99999999969402,30.000000003373916,3.2743474535058263,29.575958737588945,True,False,0.2743474538118065,-0.4240412657849717,5.2585859298706055,72,75000000
straight_aisle,27,3.0,30.0,2.99999999969402,30.000000003373916,3.2743474535058263,29.575958737588945,True,False,0.2743474538118065,-0.4240412657849717,5.0928778648376465,72,140000000
straight_aisle,27,3.0,30.0,2.99999999969402,30.000000003373916,3.2743474535058263,29.575958737588945,True,False,0.2743474538118065,-0.4240412657849717,5.128122806549072,72,275000000
straight_aisle,27,3.0,30.0,2.99999999969402,30.000000003373916,3.2743474535058263,29.575958737588945,True,False,0.2743474538118065,-0.4240412657849717,5.277717113494873,72,340000000
straight_aisle,27,3.0,30.0,2.99999999969402,30.000000003373916,3.2743474535058263,29.575958737588945,True,False,0.2743474538118065,-0.4240412657849717,5.495948791503906,72,405000000
straight_aisle,27,3.0,30.0,2.99999999969402,30.000000003373916,3.2743474535058263,29.575958737588945,True,False,0.2743474538118065,-0.4240412657849717,5.168406009674072,72,470000000
straight_aisle,27,3.0,30.0,2.99999999969402,30.000000003373916,3.2743474535058263,29.575958737588945,True,False,0.2743474538118065,-0.4240412657849717,5.572422027587891,72,535000000
straight_aisle,28,4.0,-30.0,3.9999999998807008,-30.0000000009866,3.964180125901359,-28.07244365559804,True,False,-0.03581987397934183,1.9275563453885596,8.70080280303955,73,65000000
straight_aisle,28,4.0,-30.0,3.9999999998807008,-30.0000000009866,3.964180125901359,-28.07244365559804,True,False,-0.03581987397934183,1.9275563453885596,5.142676830291748,73,130000000
straight_aisle,28,4.0,-30.0,3.9999999998807008,-30.0000000009866,3.964180125901359,-28.07244365559804,True,False,-0.03581987397934183,1.9275563453885596,5.23036003112793,73,195000000
straight_aisle,28,4.0,-30.0,3.9999999998807008,-30.0000000009866,3.964180125901359,-28.07244365559804,True,False,-0.03581987397934183,1.9275563453885596,5.23036003112793,73,265000000
straight_aisle,28,4.0,-30.0,3.9999999998807008,-30.0000000009866,3.964180125901359,-28.07244365559804,True,False,-0.03581987397934183,1.9275563453885596,5.150662899017334,73,330000000
straight_aisle,28,4.0,-30.0,3.9999999998807008,-30.0000000009866,3.964180125901359,-28.07244365559804,True,False,-0.03581987397934183,1.9275563453885596,5.089286804199219,73,395000000
straight_aisle,28,4.0,-30.0,3.9999999998807008,-30.0000000009866,3.964180125901359,-28.07244365559804,True,False,-0.03581987397934183,1.9275563453885596,5.138881206512451,73,460000000
straight_aisle,28,4.0,-30.0,3.9999999998807008,-30.0000000009866,3.964180125901359,-28.07244365559804,True,False,-0.03581987397934183,1.9275563453885596,5.667909145355225,73,525000000
straight_aisle,28,4.0,-30.0,3.9999999998807008,-30.0000000009866,3.964180125901359,-28.07244365559804,True,False,-0.03581987397934183,1.9275563453885596,5.6857829093933105,73,660000000
straight_aisle,28,4.0,-30.0,3.9999999998807008,-30.0000000009866,3.964180125901359,-28.07244365559804,True,False,-0.03581987397934183,1.9275563453885596,5.541358947753906,73,790000000
straight_aisle,28,4.0,-30.0,3.9999999998807008,-30.0000000009866,3.964180125901359,-28.07244365559804,True,False,-0.03581987397934183,1.9275563453885596,5.769688129425049,73,855000000
straight_aisle,28,4.0,-30.0,3.9999999998807008,-30.0000000009866,3.964180125901359,-28.07244365559804,True,False,-0.03581987397934183,1.9275563453885596,8.272439002990723,73,925000000
straight_aisle,28,4.0,-30.0,3.9999999998807008,-30.0000000009866,3.964180125901359,-28.07244365559804,True,False,-0.03581987397934183,1.9275563453885596,5.632928848266602,73,990000000
straight_aisle,28,4.0,-30.0,3.9999999998807008,-30.0000000009866,3.964180125901359,-28.07244365559804,True,False,-0.03581987397934183,1.9275563453885596,5.906137943267822,74,185000000
straight_aisle,28,4.0,-30.0,3.9999999998807008,-30.0000000009866,3.964180125901359,-28.07244365559804,True,False,-0.03581987397934183,1.9275563453885596,7.55587911605835,74,255000000
straight_aisle,28,4.0,-30.0,3.9999999998807008,-30.0000000009866,3.964180125901359,-28.07244365559804,True,False,-0.03581987397934183,1.9275563453885596,7.695651054382324,74,320000000
straight_aisle,28,4.0,-30.0,3.9999999998807008,-30.0000000009866,3.964180125901359,-28.07244365559804,True,False,-0.03581987397934183,1.9275563453885596,8.56484603881836,74,385000000
straight_aisle,28,4.0,-30.0,3.9999999998807008,-30.0000000009866,3.964180125901359,-28.07244365559804,True,False,-0.03581987397934183,1.9275563453885596,7.616428852081299,74,450000000
straight_aisle,28,4.0,-30.0,3.9999999998807008,-30.0000000009866,3.964180125901359,-28.07244365559804,True,False,-0.03581987397934183,1.9275563453885596,7.703421115875244,74,515000000
straight_aisle,28,4.0,-30.0,3.9999999998807008,-30.0000000009866,3.964180125901359,-28.07244365559804,True,False,-0.03581987397934183,1.9275563453885596,6.497725009918213,74,585000000
straight_aisle,28,4.0,-30.0,3.9999999998807008,-30.0000000009866,3.964180125901359,-28.07244365559804,True,False,-0.03581987397934183,1.9275563453885596,8.349035263061523,74,650000000
straight_aisle,28,4.0,-30.0,3.9999999998807008,-30.0000000009866,3.964180125901359,-28.07244365559804,True,False,-0.03581987397934183,1.9275563453885596,7.975527763366699,74,715000000
straight_aisle,28,4.0,-30.0,3.9999999998807008,-30.0000000009866,3.964180125901359,-28.07244365559804,True,False,-0.03581987397934183,1.9275563453885596,5.405385971069336,74,780000000
straight_aisle,28,4.0,-30.0,3.9999999998807008,-30.0000000009866,3.964180125901359,-28.07244365559804,True,False,-0.03581987397934183,1.9275563453885596,7.087377071380615,74,845000000
straight_aisle,28,4.0,-30.0,3.9999999998807008,-30.0000000009866,3.964180125901359,-28.07244365559804,True,False,-0.03581987397934183,1.9275563453885596,5.2653279304504395,74,915000000
straight_aisle,28,4.0,-30.0,3.9999999998807008,-30.0000000009866,3.964180125901359,-28.07244365559804,True,False,-0.03581987397934183,1.9275563453885596,5.096720218658447,74,980000000
straight_aisle,28,4.0,-30.0,3.9999999998807008,-30.0000000009866,3.964180125901359,-28.07244365559804,True,False,-0.03581987397934183,1.9275563453885596,5.259171009063721,75,110000000
straight_aisle,28,4.0,-30.0,3.9999999998807008,-30.0000000009866,3.964180125901359,-28.07244365559804,True,False,-0.03581987397934183,1.9275563453885596,5.110698223114014,75,175000000
straight_aisle,28,4.0,-30.0,3.9999999998807008,-30.0000000009866,3.964180125901359,-28.07244365559804,True,False,-0.03581987397934183,1.9275563453885596,5.367990970611572,75,245000000
straight_aisle,28,4.0,-30.0,3.9999999998807008,-30.0000000009866,3.964180125901359,-28.07244365559804,True,False,-0.03581987397934183,1.9275563453885596,5.068345069885254,75,310000000
straight_aisle,29,4.0,-20.0,3.9999999997615077,-19.999999996629636,3.7716003972643852,-20.039203117371454,True,True,-0.22839960249712243,-0.03920312074181709,7.366275787353516,75,705000000
straight_aisle,29,4.0,-20.0,3.9999999997615077,-19.999999996629636,3.7716003972643852,-20.039203117371454,True,True,-0.22839960249712243,-0.03920312074181709,5.845779895782471,75,770000000
straight_aisle,29,4.0,-20.0,3.9999999997615077,-19.999999996629636,3.7716003972643852,-20.039203117371454,True,True,-0.22839960249712243,-0.03920312074181709,5.387994766235352,75,835000000
straight_aisle,29,4.0,-20.0,3.9999999997615077,-19.999999996629636,3.7716003972643852,-20.039203117371454,True,True,-0.22839960249712243,-0.03920312074181709,5.0709638595581055,75,970000000
straight_aisle,29,4.0,-20.0,3.9999999997615077,-19.999999996629636,3.7716003972643852,-20.039203117371454,True,True,-0.22839960249712243,-0.03920312074181709,5.15903377532959,76,35000000
straight_aisle,29,4.0,-20.0,3.9999999997615077,-19.999999996629636,3.7716003972643852,-20.039203117371454,True,True,-0.22839960249712243,-0.03920312074181709,5.07733678817749,76,100000000
straight_aisle,29,4.0,-20.0,3.9999999997615077,-19.999999996629636,3.7716003972643852,-20.039203117371454,True,True,-0.22839960249712243,-0.03920312074181709,5.215084075927734,76,165000000
straight_aisle,29,4.0,-20.0,3.9999999997615077,-19.999999996629636,3.7716003972643852,-20.039203117371454,True,True,-0.22839960249712243,-0.03920312074181709,5.45599889755249,76,235000000
straight_aisle,29,4.0,-20.0,3.9999999997615077,-19.999999996629636,3.7716003972643852,-20.039203117371454,True,True,-0.22839960249712243,-0.03920312074181709,5.090497970581055,76,430000000
straight_aisle,29,4.0,-20.0,3.9999999997615077,-19.999999996629636,3.7716003972643852,-20.039203117371454,True,True,-0.22839960249712243,-0.03920312074181709,5.377927780151367,76,495000000
straight_aisle,29,4.0,-20.0,3.9999999997615077,-19.999999996629636,3.7716003972643852,-20.039203117371454,True,True,-0.22839960249712243,-0.03920312074181709,7.78122091293335,76,565000000
straight_aisle,29,4.0,-20.0,3.9999999997615077,-19.999999996629636,3.7716003972643852,-20.039203117371454,True,True,-0.22839960249712243,-0.03920312074181709,5.553987979888916,76,630000000
straight_aisle,29,4.0,-20.0,3.9999999997615077,-19.999999996629636,3.7716003972643852,-20.039203117371454,True,True,-0.22839960249712243,-0.03920312074181709,5.472661018371582,76,695000000
straight_aisle,29,4.0,-20.0,3.9999999997615077,-19.999999996629636,3.7716003972643852,-20.039203117371454,True,True,-0.22839960249712243,-0.03920312074181709,7.019392967224121,76,760000000
straight_aisle,29,4.0,-20.0,3.9999999997615077,-19.999999996629636,3.7716003972643852,-20.039203117371454,True,True,-0.22839960249712243,-0.03920312074181709,7.817506790161133,76,825000000
straight_aisle,29,4.0,-20.0,3.9999999997615077,-19.999999996629636,3.7716003972643852,-20.039203117371454,True,True,-0.22839960249712243,-0.03920312074181709,7.649096965789795,76,895000000
straight_aisle,29,4.0,-20.0,3.9999999997615077,-19.999999996629636,3.7716003972643852,-20.039203117371454,True,True,-0.22839960249712243,-0.03920312074181709,7.226834774017334,76,960000000
straight_aisle,29,4.0,-20.0,3.9999999997615077,-19.999999996629636,3.7716003972643852,-20.039203117371454,True,True,-0.22839960249712243,-0.03920312074181709,7.630128860473633,77,90000000
straight_aisle,29,4.0,-20.0,3.9999999997615077,-19.999999996629636,3.7716003972643852,-20.039203117371454,True,True,-0.22839960249712243,-0.03920312074181709,6.498213768005371,77,155000000
straight_aisle,29,4.0,-20.0,3.9999999997615077,-19.999999996629636,3.7716003972643852,-20.039203117371454,True,True,-0.22839960249712243,-0.03920312074181709,5.099768161773682,77,225000000
straight_aisle,29,4.0,-20.0,3.9999999997615077,-19.999999996629636,3.7716003972643852,-20.039203117371454,True,True,-0.22839960249712243,-0.03920312074181709,7.8379130363464355,77,290000000
straight_aisle,29,4.0,-20.0,3.9999999997615077,-19.999999996629636,3.7716003972643852,-20.039203117371454,True,True,-0.22839960249712243,-0.03920312074181709,7.933390140533447,77,355000000
straight_aisle,29,4.0,-20.0,3.9999999997615077,-19.999999996629636,3.7716003972643852,-20.039203117371454,True,True,-0.22839960249712243,-0.03920312074181709,5.092316150665283,77,420000000
straight_aisle,29,4.0,-20.0,3.9999999997615077,-19.999999996629636,3.7716003972643852,-20.039203117371454,True,True,-0.22839960249712243,-0.03920312074181709,5.072035789489746,77,555000000
straight_aisle,29,4.0,-20.0,3.9999999997615077,-19.999999996629636,3.7716003972643852,-20.039203117371454,True,True,-0.22839960249712243,-0.03920312074181709,5.1215291023254395,77,620000000
straight_aisle,29,4.0,-20.0,3.9999999997615077,-19.999999996629636,3.7716003972643852,-20.039203117371454,True,True,-0.22839960249712243,-0.03920312074181709,5.10739803314209,77,685000000
straight_aisle,29,4.0,-20.0,3.9999999997615077,-19.999999996629636,3.7716003972643852,-20.039203117371454,True,True,-0.22839960249712243,-0.03920312074181709,5.700257778167725,77,750000000
straight_aisle,29,4.0,-20.0,3.9999999997615077,-19.999999996629636,3.7716003972643852,-20.039203117371454,True,True,-0.22839960249712243,-0.03920312074181709,5.229613780975342,77,815000000
straight_aisle,29,4.0,-20.0,3.9999999997615077,-19.999999996629636,3.7716003972643852,-20.039203117371454,True,True,-0.22839960249712243,-0.03920312074181709,5.577148914337158,77,885000000
straight_aisle,29,4.0,-20.0,3.9999999997615077,-19.999999996629636,3.7716003972643852,-20.039203117371454,True,True,-0.22839960249712243,-0.03920312074181709,5.093591213226318,77,950000000
straight_aisle,30,4.0,-10.0,3.9999999999575144,-10.000000000576796,4.225914395238428,-10.230398389569364,True,True,0.22591439528091373,-0.23039838899256893,7.761023044586182,78,410000000
straight_aisle,30,4.0,-10.0,3.9999999999575144,-10.000000000576796,4.225914395238428,-10.230398389569364,True,True,0.22591439528091373,-0.23039838899256893,5.478184223175049,78,475000000
straight_aisle,30,4.0,-10.0,3.9999999999575144,-10.000000000576796,4.225914395238428,-10.230398389569364,True,True,0.22591439528091373,-0.23039838899256893,5.838108062744141,78,545000000
straight_aisle,30,4.0,-10.0,3.9999999999575144,-10.000000000576796,4.225914395238428,-10.230398389569364,True,True,0.22591439528091373,-0.23039838899256893,5.342559814453125,78,610000000
straight_aisle,30,4.0,-10.0,3.9999999999575144,-10.000000000576796,4.225914395238428,-10.230398389569364,True,True,0.22591439528091373,-0.23039838899256893,5.342267990112305,78,675000000
straight_aisle,30,4.0,-10.0,3.9999999999575144,-10.000000000576796,4.225914395238428,-10.230398389569364,True,True,0.22591439528091373,-0.23039838899256893,5.266471862792969,78,740000000
straight_aisle,30,4.0,-10.0,3.9999999999575144,-10.000000000576796,4.225914395238428,-10.230398389569364,True,True,0.22591439528091373,-0.23039838899256893,5.520604133605957,78,805000000
straight_aisle,30,4.0,-10.0,3.9999999999575144,-10.000000000576796,4.225914395238428,-10.230398389569364,True,True,0.22591439528091373,-0.23039838899256893,5.5746331214904785,78,875000000
straight_aisle,30,4.0,-10.0,3.9999999999575144,-10.000000000576796,4.225914395238428,-10.230398389569364,True,True,0.22591439528091373,-0.23039838899256893,5.304915904998779,78,940000000
straight_aisle,30,4.0,-10.0,3.9999999999575144,-10.000000000576796,4.225914395238428,-10.230398389569364,True,True,0.22591439528091373,-0.23039838899256893,5.471231937408447,79,5000000
straight_aisle,30,4.0,-10.0,3.9999999999575144,-10.000000000576796,4.225914395238428,-10.230398389569364,True,True,0.22591439528091373,-0.23039838899256893,5.4371538162231445,79,135000000
straight_aisle,30,4.0,-10.0,3.9999999999575144,-10.000000000576796,4.225914395238428,-10.230398389569364,True,True,0.22591439528091373,-0.23039838899256893,6.911449909210205,79,205000000
straight_aisle,30,4.0,-10.0,3.9999999999575144,-10.000000000576796,4.225914395238428,-10.230398389569364,True,True,0.22591439528091373,-0.23039838899256893,5.33553409576416,79,270000000
straight_aisle,30,4.0,-10.0,3.9999999999575144,-10.000000000576796,4.225914395238428,-10.230398389569364,True,True,0.22591439528091373,-0.23039838899256893,5.214101791381836,79,335000000
straight_aisle,30,4.0,-10.0,3.9999999999575144,-10.000000000576796,4.225914395238428,-10.230398389569364,True,True,0.22591439528091373,-0.23039838899256893,7.217813968658447,79,400000000
straight_aisle,30,4.0,-10.0,3.9999999999575144,-10.000000000576796,4.225914395238428,-10.230398389569364,True,True,0.22591439528091373,-0.23039838899256893,7.673047065734863,79,465000000
straight_aisle,30,4.0,-10.0,3.9999999999575144,-10.000000000576796,4.225914395238428,-10.230398389569364,True,True,0.22591439528091373,-0.23039838899256893,7.6806321144104,79,535000000
straight_aisle,30,4.0,-10.0,3.9999999999575144,-10.000000000576796,4.225914395238428,-10.230398389569364,True,True,0.22591439528091373,-0.23039838899256893,7.662116050720215,79,600000000
straight_aisle,30,4.0,-10.0,3.9999999999575144,-10.000000000576796,4.225914395238428,-10.230398389569364,True,True,0.22591439528091373,-0.23039838899256893,7.662116050720215,79,665000000
straight_aisle,30,4.0,-10.0,3.9999999999575144,-10.000000000576796,4.225914395238428,-10.230398389569364,True,True,0.22591439528091373,-0.23039838899256893,7.334031105041504,79,730000000
straight_aisle,30,4.0,-10.0,3.9999999999575144,-10.000000000576796,4.225914395238428,-10.230398389569364,True,True,0.22591439528091373,-0.23039838899256893,9.0620698928833,79,795000000
straight_aisle,30,4.0,-10.0,3.9999999999575144,-10.000000000576796,4.225914395238428,-10.230398389569364,True,True,0.22591439528091373,-0.23039838899256893,8.526376724243164,79,865000000
straight_aisle,30,4.0,-10.0,3.9999999999575144,-10.000000000576796,4.225914395238428,-10.230398389569364,True,True,0.22591439528091373,-0.23039838899256893,8.526376724243164,79,930000000
straight_aisle,30,4.0,-10.0,3.9999999999575144,-10.000000000576796,4.225914395238428,-10.230398389569364,True,True,0.22591439528091373,-0.23039838899256893,5.937127113342285,79,995000000
straight_aisle,30,4.0,-10.0,3.9999999999575144,-10.000000000576796,4.225914395238428,-10.230398389569364,True,True,0.22591439528091373,-0.23039838899256893,5.937127113342285,80,60000000
straight_aisle,30,4.0,-10.0,3.9999999999575144,-10.000000000576796,4.225914395238428,-10.230398389569364,True,True,0.22591439528091373,-0.23039838899256893,5.167838096618652,80,125000000
straight_aisle,30,4.0,-10.0,3.9999999999575144,-10.000000000576796,4.225914395238428,-10.230398389569364,True,True,0.22591439528091373,-0.23039838899256893,5.15534782409668,80,260000000
straight_aisle,30,4.0,-10.0,3.9999999999575144,-10.000000000576796,4.225914395238428,-10.230398389569364,True,True,0.22591439528091373,-0.23039838899256893,5.237836837768555,80,325000000
straight_aisle,30,4.0,-10.0,3.9999999999575144,-10.000000000576796,4.225914395238428,-10.230398389569364,True,True,0.22591439528091373,-0.23039838899256893,5.196582794189453,80,455000000
straight_aisle,30,4.0,-10.0,3.9999999999575144,-10.000000000576796,4.225914395238428,-10.230398389569364,True,True,0.22591439528091373,-0.23039838899256893,5.5574631690979,80,525000000
straight_aisle,31,4.0,0.0,4.0,0.0,4.194535085088442,-0.005272283043672909,True,True,0.1945350850884422,-0.005272283043672909,6.089245796203613,80,920000000
straight_aisle,31,4.0,0.0,4.0,0.0,4.194535085088442,-0.005272283043672909,True,True,0.1945350850884422,-0.005272283043672909,5.331483840942383,80,985000000
straight_aisle,31,4.0,0.0,4.0,0.0,4.194535085088442,-0.005272283043672909,True,True,0.1945350850884422,-0.005272283043672909,5.504397869110107,81,50000000
straight_aisle,31,4.0,0.0,4.0,0.0,4.194535085088442,-0.005272283043672909,True,True,0.1945350850884422,-0.005272283043672909,5.194930076599121,81,115000000
straight_aisle,31,4.0,0.0,4.0,0.0,4.194535085088442,-0.005272283043672909,True,True,0.1945350850884422,-0.005272283043672909,5.129919052124023,81,185000000
straight_aisle,31,4.0,0.0,4.0,0.0,4.194535085088442,-0.005272283043672909,True,True,0.1945350850884422,-0.005272283043672909,5.596676826477051,81,250000000
straight_aisle,31,4.0,0.0,4.0,0.0,4.194535085088442,-0.005272283043672909,True,True,0.1945350850884422,-0.005272283043672909,5.156113147735596,81,315000000
straight_aisle,31,4.0,0.0,4.0,0.0,4.194535085088442,-0.005272283043672909,True,True,0.1945350850884422,-0.005272283043672909,5.1261820793151855,81,380000000
straight_aisle,31,4.0,0.0,4.0,0.0,4.194535085088442,-0.005272283043672909,True,True,0.1945350850884422,-0.005272283043672909,5.511446952819824,81,445000000
straight_aisle,31,4.0,0.0,4.0,0.0,4.194535085088442,-0.005272283043672909,True,True,0.1945350850884422,-0.005272283043672909,5.4139299392700195,81,515000000
straight_aisle,31,4.0,0.0,4.0,0.0,4.194535085088442,-0.005272283043672909,True,True,0.1945350850884422,-0.005272283043672909,5.17580509185791,81,580000000
straight_aisle,31,4.0,0.0,4.0,0.0,4.194535085088442,-0.005272283043672909,True,True,0.1945350850884422,-0.005272283043672909,5.2862229347229,81,645000000
straight_aisle,31,4.0,0.0,4.0,0.0,4.194535085088442,-0.005272283043672909,True,True,0.1945350850884422,-0.005272283043672909,5.514584064483643,81,710000000
straight_aisle,31,4.0,0.0,4.0,0.0,4.194535085088442,-0.005272283043672909,True,True,0.1945350850884422,-0.005272283043672909,5.650512218475342,81,775000000
straight_aisle,31,4.0,0.0,4.0,0.0,4.194535085088442,-0.005272283043672909,True,True,0.1945350850884422,-0.005272283043672909,7.542329788208008,81,845000000
straight_aisle,31,4.0,0.0,4.0,0.0,4.194535085088442,-0.005272283043672909,True,True,0.1945350850884422,-0.005272283043672909,5.608729839324951,81,910000000
straight_aisle,31,4.0,0.0,4.0,0.0,4.194535085088442,-0.005272283043672909,True,True,0.1945350850884422,-0.005272283043672909,5.432055950164795,81,975000000
straight_aisle,31,4.0,0.0,4.0,0.0,4.194535085088442,-0.005272283043672909,True,True,0.1945350850884422,-0.005272283043672909,7.745204925537109,82,40000000
straight_aisle,31,4.0,0.0,4.0,0.0,4.194535085088442,-0.005272283043672909,True,True,0.1945350850884422,-0.005272283043672909,7.832067012786865,82,105000000
straight_aisle,31,4.0,0.0,4.0,0.0,4.194535085088442,-0.005272283043672909,True,True,0.1945350850884422,-0.005272283043672909,7.459925174713135,82,175000000
straight_aisle,31,4.0,0.0,4.0,0.0,4.194535085088442,-0.005272283043672909,True,True,0.1945350850884422,-0.005272283043672909,7.780501842498779,82,240000000
straight_aisle,31,4.0,0.0,4.0,0.0,4.194535085088442,-0.005272283043672909,True,True,0.1945350850884422,-0.005272283043672909,7.605303764343262,82,305000000
straight_aisle,31,4.0,0.0,4.0,0.0,4.194535085088442,-0.005272283043672909,True,True,0.1945350850884422,-0.005272283043672909,7.385786056518555,82,370000000
straight_aisle,31,4.0,0.0,4.0,0.0,4.194535085088442,-0.005272283043672909,True,True,0.1945350850884422,-0.005272283043672909,5.462427139282227,82,435000000
straight_aisle,31,4.0,0.0,4.0,0.0,4.194535085088442,-0.005272283043672909,True,True,0.1945350850884422,-0.005272283043672909,5.259787082672119,82,505000000
straight_aisle,31,4.0,0.0,4.0,0.0,4.194535085088442,-0.005272283043672909,True,True,0.1945350850884422,-0.005272283043672909,9.779951095581055,82,570000000
straight_aisle,31,4.0,0.0,4.0,0.0,4.194535085088442,-0.005272283043672909,True,True,0.1945350850884422,-0.005272283043672909,7.973213195800781,82,635000000
straight_aisle,31,4.0,0.0,4.0,0.0,4.194535085088442,-0.005272283043672909,True,True,0.1945350850884422,-0.005272283043672909,5.216651916503906,82,700000000
straight_aisle,31,4.0,0.0,4.0,0.0,4.194535085088442,-0.005272283043672909,True,True,0.1945350850884422,-0.005272283043672909,5.19265604019165,82,765000000
straight_aisle,31,4.0,0.0,4.0,0.0,4.194535085088442,-0.005272283043672909,True,True,0.1945350850884422,-0.005272283043672909,5.106616973876953,82,900000000
straight_aisle,32,4.0,10.0,3.9999999999575144,10.000000000576796,4.937901223521724,10.092169680616657,True,True,0.9379012235642095,0.09216968003986103,5.521708011627197,83,360000000
straight_aisle,32,4.0,10.0,3.9999999999575144,10.000000000576796,4.937901223521724,10.092169680616657,True,True,0.9379012235642095,0.09216968003986103,5.224802017211914,83,425000000
straight_aisle,32,4.0,10.0,3.9999999999575144,10.000000000576796,4.937901223521724,10.092169680616657,True,True,0.9379012235642095,0.09216968003986103,5.227156162261963,83,495000000
straight_aisle,32,4.0,10.0,3.9999999999575144,10.000000000576796,4.937901223521724,10.092169680616657,True,True,0.9379012235642095,0.09216968003986103,5.340581893920898,83,560000000
straight_aisle,32,4.0,10.0,3.9999999999575144,10.000000000576796,4.937901223521724,10.092169680616657,True,True,0.9379012235642095,0.09216968003986103,5.108832836151123,83,625000000
straight_aisle,32,4.0,10.0,3.9999999999575144,10.000000000576796,4.937901223521724,10.092169680616657,True,True,0.9379012235642095,0.09216968003986103,5.086353778839111,83,690000000
straight_aisle,32,4.0,10.0,3.9999999999575144,10.000000000576796,4.937901223521724,10.092169680616657,True,True,0.9379012235642095,0.09216968003986103,5.255982875823975,83,755000000
straight_aisle,32,4.0,10.0,3.9999999999575144,10.000000000576796,4.937901223521724,10.092169680616657,True,True,0.9379012235642095,0.09216968003986103,5.439239978790283,83,825000000
straight_aisle,32,4.0,10.0,3.9999999999575144,10.000000000576796,4.937901223521724,10.092169680616657,True,True,0.9379012235642095,0.09216968003986103,5.205347061157227,83,890000000
straight_aisle,32,4.0,10.0,3.9999999999575144,10.000000000576796,4.937901223521724,10.092169680616657,True,True,0.9379012235642095,0.09216968003986103,5.621645927429199,83,955000000
straight_aisle,32,4.0,10.0,3.9999999999575144,10.000000000576796,4.937901223521724,10.092169680616657,True,True,0.9379012235642095,0.09216968003986103,5.5194878578186035,84,20000000
straight_aisle,32,4.0,10.0,3.9999999999575144,10.000000000576796,4.937901223521724,10.092169680616657,True,True,0.9379012235642095,0.09216968003986103,6.703635215759277,84,85000000
straight_aisle,32,4.0,10.0,3.9999999999575144,10.000000000576796,4.937901223521724,10.092169680616657,True,True,0.9379012235642095,0.09216968003986103,8.344948768615723,84,155000000
straight_aisle,32,4.0,10.0,3.9999999999575144,10.000000000576796,4.937901223521724,10.092169680616657,True,True,0.9379012235642095,0.09216968003986103,5.491787910461426,84,220000000
straight_aisle,32,4.0,10.0,3.9999999999575144,10.000000000576796,4.937901223521724,10.092169680616657,True,True,0.9379012235642095,0.09216968003986103,7.106532096862793,84,285000000
straight_aisle,32,4.0,10.0,3.9999999999575144,10.000000000576796,4.937901223521724,10.092169680616657,True,True,0.9379012235642095,0.09216968003986103,8.255193710327148,84,350000000
straight_aisle,32,4.0,10.0,3.9999999999575144,10.000000000576796,4.937901223521724,10.092169680616657,True,True,0.9379012235642095,0.09216968003986103,8.598360061645508,84,415000000
straight_aisle,32,4.0,10.0,3.9999999999575144,10.000000000576796,4.937901223521724,10.092169680616657,True,True,0.9379012235642095,0.09216968003986103,8.454394340515137,84,485000000
straight_aisle,32,4.0,10.0,3.9999999999575144,10.000000000576796,4.937901223521724,10.092169680616657,True,True,0.9379012235642095,0.09216968003986103,8.721222877502441,84,550000000
straight_aisle,32,4.0,10.0,3.9999999999575144,10.000000000576796,4.937901223521724,10.092169680616657,True,True,0.9379012235642095,0.09216968003986103,8.64728832244873,84,615000000
straight_aisle,32,4.0,10.0,3.9999999999575144,10.000000000576796,4.937901223521724,10.092169680616657,True,True,0.9379012235642095,0.09216968003986103,5.2208051681518555,84,680000000
straight_aisle,32,4.0,10.0,3.9999999999575144,10.000000000576796,4.937901223521724,10.092169680616657,True,True,0.9379012235642095,0.09216968003986103,5.139770030975342,84,745000000
straight_aisle,32,4.0,10.0,3.9999999999575144,10.000000000576796,4.937901223521724,10.092169680616657,True,True,0.9379012235642095,0.09216968003986103,5.097672939300537,84,815000000
straight_aisle,32,4.0,10.0,3.9999999999575144,10.000000000576796,4.937901223521724,10.092169680616657,True,True,0.9379012235642095,0.09216968003986103,8.407172203063965,84,880000000
straight_aisle,32,4.0,10.0,3.9999999999575144,10.000000000576796,4.937901223521724,10.092169680616657,True,True,0.9379012235642095,0.09216968003986103,6.258365154266357,84,945000000
straight_aisle,32,4.0,10.0,3.9999999999575144,10.000000000576796,4.937901223521724,10.092169680616657,True,True,0.9379012235642095,0.09216968003986103,5.099224090576172,85,10000000
straight_aisle,32,4.0,10.0,3.9999999999575144,10.000000000576796,4.937901223521724,10.092169680616657,True,True,0.9379012235642095,0.09216968003986103,5.041489124298096,85,75000000
straight_aisle,32,4.0,10.0,3.9999999999575144,10.000000000576796,4.937901223521724,10.092169680616657,True,True,0.9379012235642095,0.09216968003986103,5.1489338874816895,85,145000000
straight_aisle,32,4.0,10.0,3.9999999999575144,10.000000000576796,4.937901223521724,10.092169680616657,True,True,0.9379012235642095,0.09216968003986103,5.267471790313721,85,210000000
straight_aisle,32,4.0,10.0,3.9999999999575144,10.000000000576796,4.937901223521724,10.092169680616657,True,True,0.9379012235642095,0.09216968003986103,5.09798002243042,85,275000000
straight_aisle,33,4.0,20.0,3.9999999997615077,19.999999996629636,4.072224133328918,20.21362440678264,True,True,0.07222413356741031,0.2136244101530025,7.235466003417969,85,735000000
straight_aisle,33,4.0,20.0,3.9999999997615077,19.999999996629636,4.072224133328918,20.21362440678264,True,True,0.07222413356741031,0.2136244101530025,10.584104537963867,85,805000000
straight_aisle,33,4.0,20.0,3.9999999997615077,19.999999996629636,4.072224133328918,20.21362440678264,True,True,0.07222413356741031,0.2136244101530025,8.663406372070312,85,870000000
straight_aisle,33,4.0,20.0,3.9999999997615077,19.999999996629636,4.072224133328918,20.21362440678264,True,True,0.07222413356741031,0.2136244101530025,8.55457592010498,85,935000000
straight_aisle,33,4.0,20.0,3.9999999997615077,19.999999996629636,4.072224133328918,20.21362440678264,True,True,0.07222413356741031,0.2136244101530025,5.13615083694458,86,0
straight_aisle,33,4.0,20.0,3.9999999997615077,19.999999996629636,4.072224133328918,20.21362440678264,True,True,0.07222413356741031,0.2136244101530025,5.380773067474365,86,135000000
straight_aisle,33,4.0,20.0,3.9999999997615077,19.999999996629636,4.072224133328918,20.21362440678264,True,True,0.07222413356741031,0.2136244101530025,5.168156147003174,86,200000000
straight_aisle,33,4.0,20.0,3.9999999997615077,19.999999996629636,4.072224133328918,20.21362440678264,True,True,0.07222413356741031,0.2136244101530025,5.246041774749756,86,265000000
straight_aisle,33,4.0,20.0,3.9999999997615077,19.999999996629636,4.072224133328918,20.21362440678264,True,True,0.07222413356741031,0.2136244101530025,5.444619178771973,86,330000000
straight_aisle,33,4.0,20.0,3.9999999997615077,19.999999996629636,4.072224133328918,20.21362440678264,True,True,0.07222413356741031,0.2136244101530025,5.233918190002441,86,395000000
straight_aisle,33,4.0,20.0,3.9999999997615077,19.999999996629636,4.072224133328918,20.21362440678264,True,True,0.07222413356741031,0.2136244101530025,5.583302021026611,86,530000000
straight_aisle,33,4.0,20.0,3.9999999997615077,19.999999996629636,4.072224133328918,20.21362440678264,True,True,0.07222413356741031,0.2136244101530025,6.673827171325684,86,595000000
straight_aisle,33,4.0,20.0,3.9999999997615077,19.999999996629636,4.072224133328918,20.21362440678264,True,True,0.07222413356741031,0.2136244101530025,5.452483177185059,86,660000000
straight_aisle,33,4.0,20.0,3.9999999997615077,19.999999996629636,4.072224133328918,20.21362440678264,True,True,0.07222413356741031,0.2136244101530025,5.415089130401611,86,725000000
straight_aisle,33,4.0,20.0,3.9999999997615077,19.999999996629636,4.072224133328918,20.21362440678264,True,True,0.07222413356741031,0.2136244101530025,6.522975921630859,86,795000000
straight_aisle,33,4.0,20.0,3.9999999997615077,19.999999996629636,4.072224133328918,20.21362440678264,True,True,0.07222413356741031,0.2136244101530025,5.175529956817627,86,860000000
straight_aisle,33,4.0,20.0,3.9999999997615077,19.999999996629636,4.072224133328918,20.21362440678264,True,True,0.07222413356741031,0.2136244101530025,5.452930927276611,86,925000000
straight_aisle,33,4.0,20.0,3.9999999997615077,19.999999996629636,4.072224133328918,20.21362440678264,True,True,0.07222413356741031,0.2136244101530025,6.765204906463623,86,990000000
straight_aisle,33,4.0,20.0,3.9999999997615077,19.999999996629636,4.072224133328918,20.21362440678264,True,True,0.07222413356741031,0.2136244101530025,8.353303909301758,87,55000000
straight_aisle,33,4.0,20.0,3.9999999997615077,19.999999996629636,4.072224133328918,20.21362440678264,True,True,0.07222413356741031,0.2136244101530025,8.486108779907227,87,190000000
straight_aisle,33,4.0,20.0,3.9999999997615077,19.999999996629636,4.072224133328918,20.21362440678264,True,True,0.07222413356741031,0.2136244101530025,5.252033233642578,87,255000000
straight_aisle,33,4.0,20.0,3.9999999997615077,19.999999996629636,4.072224133328918,20.21362440678264,True,True,0.07222413356741031,0.2136244101530025,7.576842784881592,87,320000000
straight_aisle,33,4.0,20.0,3.9999999997615077,19.999999996629636,4.072224133328918,20.21362440678264,True,True,0.07222413356741031,0.2136244101530025,8.218832969665527,87,385000000
straight_aisle,33,4.0,20.0,3.9999999997615077,19.999999996629636,4.072224133328918,20.21362440678264,True,True,0.07222413356741031,0.2136244101530025,7.2253828048706055,87,455000000
straight_aisle,33,4.0,20.0,3.9999999997615077,19.999999996629636,4.072224133328918,20.21362440678264,True,True,0.07222413356741031,0.2136244101530025,7.429021835327148,87,520000000
straight_aisle,33,4.0,20.0,3.9999999997615077,19.999999996629636,4.072224133328918,20.21362440678264,True,True,0.07222413356741031,0.2136244101530025,7.565651893615723,87,585000000
straight_aisle,33,4.0,20.0,3.9999999997615077,19.999999996629636,4.072224133328918,20.21362440678264,True,True,0.07222413356741031,0.2136244101530025,7.417765140533447,87,650000000
straight_aisle,33,4.0,20.0,3.9999999997615077,19.999999996629636,4.072224133328918,20.21362440678264,True,True,0.07222413356741031,0.2136244101530025,5.146267890930176,87,715000000
straight_aisle,33,4.0,20.0,3.9999999997615077,19.999999996629636,4.072224133328918,20.21362440678264,True,True,0.07222413356741031,0.2136244101530025,5.224593162536621,87,785000000
straight_aisle,33,4.0,20.0,3.9999999997615077,19.999999996629636,4.072224133328918,20.21362440678264,True,True,0.07222413356741031,0.2136244101530025,7.166152000427246,87,850000000
straight_aisle,34,4.0,30.0,3.9999999998807008,30.0000000009866,4.358563340187923,27.863027164363466,True,False,0.3585633403072226,-2.1369728366231335,7.948036193847656,88,375000000
straight_aisle,34,4.0,30.0,3.9999999998807008,30.0000000009866,4.358563340187923,27.863027164363466,True,False,0.3585633403072226,-2.1369728366231335,7.455252170562744,88,445000000
straight_aisle,34,4.0,30.0,3.9999999998807008,30.0000000009866,4.358563340187923,27.863027164363466,True,False,0.3585633403072226,-2.1369728366231335,7.580286026000977,88,510000000
straight_aisle,34,4.0,30.0,3.9999999998807008,30.0000000009866,4.358563340187923,27.863027164363466,True,False,0.3585633403072226,-2.1369728366231335,7.5336079597473145,88,640000000
straight_aisle,34,4.0,30.0,3.9999999998807008,30.0000000009866,4.358563340187923,27.863027164363466,True,False,0.3585633403072226,-2.1369728366231335,5.218905925750732,88,705000000
straight_aisle,34,4.0,30.0,3.9999999998807008,30.0000000009866,4.358563340187923,27.863027164363466,True,False,0.3585633403072226,-2.1369728366231335,5.328142166137695,88,775000000
straight_aisle,34,4.0,30.0,3.9999999998807008,30.0000000009866,4.358563340187923,27.863027164363466,True,False,0.3585633403072226,-2.1369728366231335,7.632082939147949,88,840000000
straight_aisle,34,4.0,30.0,3.9999999998807008,30.0000000009866,4.358563340187923,27.863027164363466,True,False,0.3585633403072226,-2.1369728366231335,5.421404838562012,88,905000000
straight_aisle,34,4.0,30.0,3.9999999998807008,30.0000000009866,4.358563340187923,27.863027164363466,True,False,0.3585633403072226,-2.1369728366231335,5.225726127624512,88,970000000
straight_aisle,34,4.0,30.0,3.9999999998807008,30.0000000009866,4.358563340187923,27.863027164363466,True,False,0.3585633403072226,-2.1369728366231335,5.1973090171813965,89,35000000
straight_aisle,34,4.0,30.0,3.9999999998807008,30.0000000009866,4.358563340187923,27.863027164363466,True,False,0.3585633403072226,-2.1369728366231335,5.163764953613281,89,105000000
straight_aisle,34,4.0,30.0,3.9999999998807008,30.0000000009866,4.358563340187923,27.863027164363466,True,False,0.3585633403072226,-2.1369728366231335,5.147601127624512,89,170000000
straight_aisle,34,4.0,30.0,3.9999999998807008,30.0000000009866,4.358563340187923,27.863027164363466,True,False,0.3585633403072226,-2.1369728366231335,5.151374816894531,89,300000000
straight_aisle,34,4.0,30.0,3.9999999998807008,30.0000000009866,4.358563340187923,27.863027164363466,True,False,0.3585633403072226,-2.1369728366231335,5.446569919586182,89,365000000
straight_aisle,34,4.0,30.0,3.9999999998807008,30.0000000009866,4.358563340187923,27.863027164363466,True,False,0.3585633403072226,-2.1369728366231335,5.507096767425537,89,435000000
straight_aisle,34,4.0,30.0,3.9999999998807008,30.0000000009866,4.358563340187923,27.863027164363466,True,False,0.3585633403072226,-2.1369728366231335,5.28755521774292,89,500000000
straight_aisle,34,4.0,30.0,3.9999999998807008,30.0000000009866,4.358563340187923,27.863027164363466,True,False,0.3585633403072226,-2.1369728366231335,5.458334922790527,89,695000000
straight_aisle,34,4.0,30.0,3.9999999998807008,30.0000000009866,4.358563340187923,27.863027164363466,True,False,0.3585633403072226,-2.1369728366231335,9.640127182006836,89,765000000
straight_aisle,34,4.0,30.0,3.9999999998807008,30.0000000009866,4.358563340187923,27.863027164363466,True,False,0.3585633403072226,-2.1369728366231335,5.331479072570801,89,895000000
straight_aisle,34,4.0,30.0,3.9999999998807008,30.0000000009866,4.358563340187923,27.863027164363466,True,False,0.3585633403072226,-2.1369728366231335,7.571455955505371,89,960000000
straight_aisle,34,4.0,30.0,3.9999999998807008,30.0000000009866,4.358563340187923,27.863027164363466,True,False,0.3585633403072226,-2.1369728366231335,7.604485988616943,90,25000000
straight_aisle,34,4.0,30.0,3.9999999998807008,30.0000000009866,4.358563340187923,27.863027164363466,True,False,0.3585633403072226,-2.1369728366231335,6.653787136077881,90,95000000
straight_aisle,34,4.0,30.0,3.9999999998807008,30.0000000009866,4.358563340187923,27.863027164363466,True,False,0.3585633403072226,-2.1369728366231335,9.424174308776855,90,160000000
straight_aisle,34,4.0,30.0,3.9999999998807008,30.0000000009866,4.358563340187923,27.863027164363466,True,False,0.3585633403072226,-2.1369728366231335,7.727400779724121,90,225000000
straight_aisle,34,4.0,30.0,3.9999999998807008,30.0000000009866,4.358563340187923,27.863027164363466,True,False,0.3585633403072226,-2.1369728366231335,14.39681625366211,90,290000000
straight_aisle,34,4.0,30.0,3.9999999998807008,30.0000000009866,4.358563340187923,27.863027164363466,True,False,0.3585633403072226,-2.1369728366231335,8.665348052978516,90,355000000
straight_aisle,34,4.0,30.0,3.9999999998807008,30.0000000009866,4.358563340187923,27.863027164363466,True,False,0.3585633403072226,-2.1369728366231335,5.211828231811523,90,425000000
straight_aisle,34,4.0,30.0,3.9999999998807008,30.0000000009866,4.358563340187923,27.863027164363466,True,False,0.3585633403072226,-2.1369728366231335,6.421960830688477,90,490000000
straight_aisle,34,4.0,30.0,3.9999999998807008,30.0000000009866,4.358563340187923,27.863027164363466,True,False,0.3585633403072226,-2.1369728366231335,5.306023120880127,90,555000000
straight_aisle,34,4.0,30.0,3.9999999998807008,30.0000000009866,4.358563340187923,27.863027164363466,True,False,0.3585633403072226,-2.1369728366231335,5.159587860107422,90,620000000
straight_aisle,35,5.0,-30.0,5.0000000000673825,-29.999999999554205,,,False,False,,,,91,85000000
straight_aisle,35,5.0,-30.0,5.0000000000673825,-29.999999999554205,,,False,False,,,,91,150000000
straight_aisle,35,5.0,-30.0,5.0000000000673825,-29.999999999554205,,,False,False,,,,91,215000000
straight_aisle,35,5.0,-30.0,5.0000000000673825,-29.999999999554205,,,False,False,,,,91,280000000
straight_aisle,35,5.0,-30.0,5.0000000000673825,-29.999999999554205,,,False,False,,,,91,345000000
straight_aisle,35,5.0,-30.0,5.0000000000673825,-29.999999999554205,,,False,False,,,,91,415000000
straight_aisle,35,5.0,-30.0,5.0000000000673825,-29.999999999554205,,,False,False,,,,91,480000000
straight_aisle,35,5.0,-30.0,5.0000000000673825,-29.999999999554205,,,False,False,,,,91,545000000
straight_aisle,35,5.0,-30.0,5.0000000000673825,-29.999999999554205,,,False,False,,,,91,610000000
straight_aisle,35,5.0,-30.0,5.0000000000673825,-29.999999999554205,,,False,False,,,,91,675000000
straight_aisle,35,5.0,-30.0,5.0000000000673825,-29.999999999554205,,,False,False,,,,91,745000000
straight_aisle,35,5.0,-30.0,5.0000000000673825,-29.999999999554205,,,False,False,,,,91,810000000
straight_aisle,35,5.0,-30.0,5.0000000000673825,-29.999999999554205,,,False,False,,,,91,875000000
straight_aisle,35,5.0,-30.0,5.0000000000673825,-29.999999999554205,,,False,False,,,,91,940000000
straight_aisle,35,5.0,-30.0,5.0000000000673825,-29.999999999554205,,,False,False,,,,92,5000000
straight_aisle,35,5.0,-30.0,5.0000000000673825,-29.999999999554205,,,False,False,,,,92,75000000
straight_aisle,35,5.0,-30.0,5.0000000000673825,-29.999999999554205,,,False,False,,,,92,140000000
straight_aisle,35,5.0,-30.0,5.0000000000673825,-29.999999999554205,,,False,False,,,,92,205000000
straight_aisle,35,5.0,-30.0,5.0000000000673825,-29.999999999554205,,,False,False,,,,92,270000000
straight_aisle,35,5.0,-30.0,5.0000000000673825,-29.999999999554205,,,False,False,,,,92,335000000
straight_aisle,35,5.0,-30.0,5.0000000000673825,-29.999999999554205,,,False,False,,,,92,405000000
straight_aisle,35,5.0,-30.0,5.0000000000673825,-29.999999999554205,,,False,False,,,,92,470000000
straight_aisle,35,5.0,-30.0,5.0000000000673825,-29.999999999554205,,,False,False,,,,92,535000000
straight_aisle,35,5.0,-30.0,5.0000000000673825,-29.999999999554205,,,False,False,,,,92,600000000
straight_aisle,35,5.0,-30.0,5.0000000000673825,-29.999999999554205,,,False,False,,,,92,665000000
straight_aisle,35,5.0,-30.0,5.0000000000673825,-29.999999999554205,,,False,False,,,,92,735000000
straight_aisle,35,5.0,-30.0,5.0000000000673825,-29.999999999554205,,,False,False,,,,92,800000000
straight_aisle,35,5.0,-30.0,5.0000000000673825,-29.999999999554205,,,False,False,,,,92,865000000
straight_aisle,35,5.0,-30.0,5.0000000000673825,-29.999999999554205,,,False,False,,,,92,930000000
straight_aisle,35,5.0,-30.0,5.0000000000673825,-29.999999999554205,,,False,False,,,,92,995000000
straight_aisle,36,5.0,-20.0,5.000000000193323,-20.000000003725884,5.115544693541658,-19.712827996564943,True,False,0.11554469334833506,0.28717200716094027,6.099909782409668,93,460000000
straight_aisle,36,5.0,-20.0,5.000000000193323,-20.000000003725884,5.115544693541658,-19.712827996564943,True,False,0.11554469334833506,0.28717200716094027,8.02135181427002,93,525000000
straight_aisle,36,5.0,-20.0,5.000000000193323,-20.000000003725884,5.115544693541658,-19.712827996564943,True,False,0.11554469334833506,0.28717200716094027,8.069169998168945,93,655000000
straight_aisle,36,5.0,-20.0,5.000000000193323,-20.000000003725884,5.115544693541658,-19.712827996564943,True,False,0.11554469334833506,0.28717200716094027,5.49214506149292,93,725000000
straight_aisle,36,5.0,-20.0,5.000000000193323,-20.000000003725884,5.115544693541658,-19.712827996564943,True,False,0.11554469334833506,0.28717200716094027,7.571474075317383,93,790000000
straight_aisle,36,5.0,-20.0,5.000000000193323,-20.000000003725884,5.115544693541658,-19.712827996564943,True,False,0.11554469334833506,0.28717200716094027,7.57128381729126,93,855000000
straight_aisle,36,5.0,-20.0,5.000000000193323,-20.000000003725884,5.115544693541658,-19.712827996564943,True,False,0.11554469334833506,0.28717200716094027,6.755777835845947,93,920000000
straight_aisle,36,5.0,-20.0,5.000000000193323,-20.000000003725884,5.115544693541658,-19.712827996564943,True,False,0.11554469334833506,0.28717200716094027,5.217361927032471,93,985000000
straight_aisle,36,5.0,-20.0,5.000000000193323,-20.000000003725884,5.115544693541658,-19.712827996564943,True,False,0.11554469334833506,0.28717200716094027,5.390744209289551,94,55000000
straight_aisle,36,5.0,-20.0,5.000000000193323,-20.000000003725884,5.115544693541658,-19.712827996564943,True,False,0.11554469334833506,0.28717200716094027,7.896222114562988,94,120000000
straight_aisle,36,5.0,-20.0,5.000000000193323,-20.000000003725884,5.115544693541658,-19.712827996564943,True,False,0.11554469334833506,0.28717200716094027,5.253121852874756,94,185000000
straight_aisle,36,5.0,-20.0,5.000000000193323,-20.000000003725884,5.115544693541658,-19.712827996564943,True,False,0.11554469334833506,0.28717200716094027,5.190598964691162,94,250000000
straight_aisle,36,5.0,-20.0,5.000000000193323,-20.000000003725884,5.115544693541658,-19.712827996564943,True,False,0.11554469334833506,0.28717200716094027,5.198579788208008,94,315000000
straight_aisle,36,5.0,-20.0,5.000000000193323,-20.000000003725884,5.115544693541658,-19.712827996564943,True,False,0.11554469334833506,0.28717200716094027,5.545856952667236,94,385000000
straight_aisle,36,5.0,-20.0,5.000000000193323,-20.000000003725884,5.115544693541658,-19.712827996564943,True,False,0.11554469334833506,0.28717200716094027,5.221920967102051,94,450000000
straight_aisle,36,5.0,-20.0,5.000000000193323,-20.000000003725884,5.115544693541658,-19.712827996564943,True,False,0.11554469334833506,0.28717200716094027,5.049975872039795,94,515000000
straight_aisle,36,5.0,-20.0,5.000000000193323,-20.000000003725884,5.115544693541658,-19.712827996564943,True,False,0.11554469334833506,0.28717200716094027,5.511476039886475,94,580000000
straight_aisle,36,5.0,-20.0,5.000000000193323,-20.000000003725884,5.115544693541658,-19.712827996564943,True,False,0.11554469334833506,0.28717200716094027,5.4846720695495605,94,645000000
straight_aisle,36,5.0,-20.0,5.000000000193323,-20.000000003725884,5.115544693541658,-19.712827996564943,True,False,0.11554469334833506,0.28717200716094027,5.217904090881348,94,715000000
straight_aisle,36,5.0,-20.0,5.000000000193323,-20.000000003725884,5.115544693541658,-19.712827996564943,True,False,0.11554469334833506,0.28717200716094027,5.309422016143799,94,780000000
straight_aisle,36,5.0,-20.0,5.000000000193323,-20.000000003725884,5.115544693541658,-19.712827996564943,True,False,0.11554469334833506,0.28717200716094027,5.3168182373046875,94,845000000
straight_aisle,36,5.0,-20.0,5.000000000193323,-20.000000003725884,5.115544693541658,-19.712827996564943,True,False,0.11554469334833506,0.28717200716094027,5.439703941345215,94,910000000
straight_aisle,36,5.0,-20.0,5.000000000193323,-20.000000003725884,5.115544693541658,-19.712827996564943,True,False,0.11554469334833506,0.28717200716094027,7.2414469718933105,94,975000000
straight_aisle,36,5.0,-20.0,5.000000000193323,-20.000000003725884,5.115544693541658,-19.712827996564943,True,False,0.11554469334833506,0.28717200716094027,7.504543781280518,95,45000000
straight_aisle,36,5.0,-20.0,5.000000000193323,-20.000000003725884,5.115544693541658,-19.712827996564943,True,False,0.11554469334833506,0.28717200716094027,5.914728164672852,95,110000000
straight_aisle,36,5.0,-20.0,5.000000000193323,-20.000000003725884,5.115544693541658,-19.712827996564943,True,False,0.11554469334833506,0.28717200716094027,7.183784008026123,95,175000000
straight_aisle,36,5.0,-20.0,5.000000000193323,-20.000000003725884,5.115544693541658,-19.712827996564943,True,False,0.11554469334833506,0.28717200716094027,7.263568878173828,95,240000000
straight_aisle,36,5.0,-20.0,5.000000000193323,-20.000000003725884,5.115544693541658,-19.712827996564943,True,False,0.11554469334833506,0.28717200716094027,7.281431198120117,95,305000000
straight_aisle,36,5.0,-20.0,5.000000000193323,-20.000000003725884,5.115544693541658,-19.712827996564943,True,False,0.11554469334833506,0.28717200716094027,5.251766204833984,95,375000000
straight_aisle,36,5.0,-20.0,5.000000000193323,-20.000000003725884,5.115544693541658,-19.712827996564943,True,False,0.11554469334833506,0.28717200716094027,7.342960834503174,95,440000000
straight_aisle,37,5.0,-10.0,4.99999999993387,-9.999999999730417,5.205503491180494,-10.067895350357434,True,True,0.20550349124662404,-0.06789535062701724,5.0692458152771,95,835000000
straight_aisle,37,5.0,-10.0,4.99999999993387,-9.999999999730417,5.205503491180494,-10.067895350357434,True,True,0.20550349124662404,-0.06789535062701724,6.801271915435791,95,900000000
straight_aisle,37,5.0,-10.0,4.99999999993387,-9.999999999730417,5.205503491180494,-10.067895350357434,True,True,0.20550349124662404,-0.06789535062701724,7.372971057891846,95,965000000
straight_aisle,37,5.0,-10.0,4.99999999993387,-9.999999999730417,5.205503491180494,-10.067895350357434,True,True,0.20550349124662404,-0.06789535062701724,7.643274784088135,96,100000000
straight_aisle,37,5.0,-10.0,4.99999999993387,-9.999999999730417,5.205503491180494,-10.067895350357434,True,True,0.20550349124662404,-0.06789535062701724,7.591306209564209,96,165000000
straight_aisle,37,5.0,-10.0,4.99999999993387,-9.999999999730417,5.205503491180494,-10.067895350357434,True,True,0.20550349124662404,-0.06789535062701724,7.646020889282227,96,230000000
straight_aisle,37,5.0,-10.0,4.99999999993387,-9.999999999730417,5.205503491180494,-10.067895350357434,True,True,0.20550349124662404,-0.06789535062701724,7.431325912475586,96,295000000
straight_aisle,37,5.0,-10.0,4.99999999993387,-9.999999999730417,5.205503491180494,-10.067895350357434,True,True,0.20550349124662404,-0.06789535062701724,6.3852219581604,96,365000000
straight_aisle,37,5.0,-10.0,4.99999999993387,-9.999999999730417,5.205503491180494,-10.067895350357434,True,True,0.20550349124662404,-0.06789535062701724,7.844183921813965,96,430000000
straight_aisle,37,5.0,-10.0,4.99999999993387,-9.999999999730417,5.205503491180494,-10.067895350357434,True,True,0.20550349124662404,-0.06789535062701724,7.308535099029541,96,495000000
straight_aisle,37,5.0,-10.0,4.99999999993387,-9.999999999730417,5.205503491180494,-10.067895350357434,True,True,0.20550349124662404,-0.06789535062701724,7.6133317947387695,96,560000000
straight_aisle,37,5.0,-10.0,4.99999999993387,-9.999999999730417,5.205503491180494,-10.067895350357434,True,True,0.20550349124662404,-0.06789535062701724,5.086719036102295,96,625000000
straight_aisle,37,5.0,-10.0,4.99999999993387,-9.999999999730417,5.205503491180494,-10.067895350357434,True,True,0.20550349124662404,-0.06789535062701724,5.218008995056152,96,695000000
straight_aisle,37,5.0,-10.0,4.99999999993387,-9.999999999730417,5.205503491180494,-10.067895350357434,True,True,0.20550349124662404,-0.06789535062701724,5.2140607833862305,96,760000000
straight_aisle,37,5.0,-10.0,4.99999999993387,-9.999999999730417,5.205503491180494,-10.067895350357434,True,True,0.20550349124662404,-0.06789535062701724,5.2145819664001465,96,825000000
straight_aisle,37,5.0,-10.0,4.99999999993387,-9.999999999730417,5.205503491180494,-10.067895350357434,True,True,0.20550349124662404,-0.06789535062701724,5.0709381103515625,96,890000000
straight_aisle,37,5.0,-10.0,4.99999999993387,-9.999999999730417,5.205503491180494,-10.067895350357434,True,True,0.20550349124662404,-0.06789535062701724,5.116929054260254,97,25000000
straight_aisle,37,5.0,-10.0,4.99999999993387,-9.999999999730417,5.205503491180494,-10.067895350357434,True,True,0.20550349124662404,-0.06789535062701724,5.114566802978516,97,155000000
straight_aisle,37,5.0,-10.0,4.99999999993387,-9.999999999730417,5.205503491180494,-10.067895350357434,True,True,0.20550349124662404,-0.06789535062701724,5.116161823272705,97,220000000
straight_aisle,37,5.0,-10.0,4.99999999993387,-9.999999999730417,5.205503491180494,-10.067895350357434,True,True,0.20550349124662404,-0.06789535062701724,5.375654220581055,97,285000000
straight_aisle,37,5.0,-10.0,4.99999999993387,-9.999999999730417,5.205503491180494,-10.067895350357434,True,True,0.20550349124662404,-0.06789535062701724,5.290237903594971,97,420000000
straight_aisle,37,5.0,-10.0,4.99999999993387,-9.999999999730417,5.205503491180494,-10.067895350357434,True,True,0.20550349124662404,-0.06789535062701724,5.418513774871826,97,485000000
straight_aisle,37,5.0,-10.0,4.99999999993387,-9.999999999730417,5.205503491180494,-10.067895350357434,True,True,0.20550349124662404,-0.06789535062701724,5.90906286239624,97,550000000
straight_aisle,37,5.0,-10.0,4.99999999993387,-9.999999999730417,5.205503491180494,-10.067895350357434,True,True,0.20550349124662404,-0.06789535062701724,5.90853214263916,97,615000000
straight_aisle,37,5.0,-10.0,4.99999999993387,-9.999999999730417,5.205503491180494,-10.067895350357434,True,True,0.20550349124662404,-0.06789535062701724,7.488162040710449,97,750000000
straight_aisle,37,5.0,-10.0,4.99999999993387,-9.999999999730417,5.205503491180494,-10.067895350357434,True,True,0.20550349124662404,-0.06789535062701724,6.417852878570557,97,815000000
straight_aisle,37,5.0,-10.0,4.99999999993387,-9.999999999730417,5.205503491180494,-10.067895350357434,True,True,0.20550349124662404,-0.06789535062701724,7.662509918212891,97,880000000
straight_aisle,37,5.0,-10.0,4.99999999993387,-9.999999999730417,5.205503491180494,-10.067895350357434,True,True,0.20550349124662404,-0.06789535062701724,7.588242053985596,97,945000000
straight_aisle,37,5.0,-10.0,4.99999999993387,-9.999999999730417,5.205503491180494,-10.067895350357434,True,True,0.20550349124662404,-0.06789535062701724,7.490057945251465,98,15000000
straight_aisle,37,5.0,-10.0,4.99999999993387,-9.999999999730417,5.205503491180494,-10.067895350357434,True,True,0.20550349124662404,-0.06789535062701724,7.288731098175049,98,80000000
straight_aisle,38,5.0,0.0,5.0,0.0,5.138057890553527,-0.01782934561671414,True,True,0.1380578905535268,-0.01782934561671414,5.56730318069458,98,475000000
straight_aisle,38,5.0,0.0,5.0,0.0,5.138057890553527,-0.01782934561671414,True,True,0.1380578905535268,-0.01782934561671414,5.767323970794678,98,540000000
straight_aisle,38,5.0,0.0,5.0,0.0,5.138057890553527,-0.01782934561671414,True,True,0.1380578905535268,-0.01782934561671414,5.452303886413574,98,605000000
straight_aisle,38,5.0,0.0,5.0,0.0,5.138057890553527,-0.01782934561671414,True,True,0.1380578905535268,-0.01782934561671414,7.180274963378906,98,675000000
straight_aisle,38,5.0,0.0,5.0,0.0,5.138057890553527,-0.01782934561671414,True,True,0.1380578905535268,-0.01782934561671414,5.470643043518066,98,740000000
straight_aisle,38,5.0,0.0,5.0,0.0,5.138057890553527,-0.01782934561671414,True,True,0.1380578905535268,-0.01782934561671414,5.478560924530029,98,805000000
straight_aisle,38,5.0,0.0,5.0,0.0,5.138057890553527,-0.01782934561671414,True,True,0.1380578905535268,-0.01782934561671414,6.306436061859131,98,870000000
straight_aisle,38,5.0,0.0,5.0,0.0,5.138057890553527,-0.01782934561671414,True,True,0.1380578905535268,-0.01782934561671414,7.361913204193115,98,935000000
straight_aisle,38,5.0,0.0,5.0,0.0,5.138057890553527,-0.01782934561671414,True,True,0.1380578905535268,-0.01782934561671414,7.509603977203369,99,5000000
straight_aisle,38,5.0,0.0,5.0,0.0,5.138057890553527,-0.01782934561671414,True,True,0.1380578905535268,-0.01782934561671414,7.997281074523926,99,70000000
straight_aisle,38,5.0,0.0,5.0,0.0,5.138057890553527,-0.01782934561671414,True,True,0.1380578905535268,-0.01782934561671414,7.521148204803467,99,135000000
straight_aisle,38,5.0,0.0,5.0,0.0,5.138057890553527,-0.01782934561671414,True,True,0.1380578905535268,-0.01782934561671414,7.182709217071533,99,200000000
straight_aisle,38,5.0,0.0,5.0,0.0,5.138057890553527,-0.01782934561671414,True,True,0.1380578905535268,-0.01782934561671414,7.213013172149658,99,265000000
straight_aisle,38,5.0,0.0,5.0,0.0,5.138057890553527,-0.01782934561671414,True,True,0.1380578905535268,-0.01782934561671414,5.203096866607666,99,335000000
straight_aisle,38,5.0,0.0,5.0,0.0,5.138057890553527,-0.01782934561671414,True,True,0.1380578905535268,-0.01782934561671414,7.1199870109558105,99,400000000
straight_aisle,38,5.0,0.0,5.0,0.0,5.138057890553527,-0.01782934561671414,True,True,0.1380578905535268,-0.01782934561671414,5.251087188720703,99,465000000
straight_aisle,38,5.0,0.0,5.0,0.0,5.138057890553527,-0.01782934561671414,True,True,0.1380578905535268,-0.01782934561671414,5.319882869720459,99,530000000
straight_aisle,38,5.0,0.0,5.0,0.0,5.138057890553527,-0.01782934561671414,True,True,0.1380578905535268,-0.01782934561671414,5.207712173461914,99,595000000
straight_aisle,38,5.0,0.0,5.0,0.0,5.138057890553527,-0.01782934561671414,True,True,0.1380578905535268,-0.01782934561671414,5.164729118347168,99,730000000
straight_aisle,38,5.0,0.0,5.0,0.0,5.138057890553527,-0.01782934561671414,True,True,0.1380578905535268,-0.01782934561671414,5.122607231140137,99,795000000
straight_aisle,38,5.0,0.0,5.0,0.0,5.138057890553527,-0.01782934561671414,True,True,0.1380578905535268,-0.01782934561671414,5.164362907409668,99,860000000
straight_aisle,38,5.0,0.0,5.0,0.0,5.138057890553527,-0.01782934561671414,True,True,0.1380578905535268,-0.01782934561671414,5.1966118812561035,99,925000000
straight_aisle,38,5.0,0.0,5.0,0.0,5.138057890553527,-0.01782934561671414,True,True,0.1380578905535268,-0.01782934561671414,5.693673133850098,99,995000000
straight_aisle,38,5.0,0.0,5.0,0.0,5.138057890553527,-0.01782934561671414,True,True,0.1380578905535268,-0.01782934561671414,5.19907808303833,100,60000000
straight_aisle,38,5.0,0.0,5.0,0.0,5.138057890553527,-0.01782934561671414,True,True,0.1380578905535268,-0.01782934561671414,5.282360076904297,100,125000000
straight_aisle,38,5.0,0.0,5.0,0.0,5.138057890553527,-0.01782934561671414,True,True,0.1380578905535268,-0.01782934561671414,5.345238208770752,100,190000000
straight_aisle,38,5.0,0.0,5.0,0.0,5.138057890553527,-0.01782934561671414,True,True,0.1380578905535268,-0.01782934561671414,5.238891124725342,100,255000000
straight_aisle,38,5.0,0.0,5.0,0.0,5.138057890553527,-0.01782934561671414,True,True,0.1380578905535268,-0.01782934561671414,6.0360798835754395,100,325000000
straight_aisle,38,5.0,0.0,5.0,0.0,5.138057890553527,-0.01782934561671414,True,True,0.1380578905535268,-0.01782934561671414,5.6487908363342285,100,390000000
straight_aisle,38,5.0,0.0,5.0,0.0,5.138057890553527,-0.01782934561671414,True,True,0.1380578905535268,-0.01782934561671414,5.207757949829102,100,455000000
straight_aisle,39,5.0,10.0,4.99999999993387,9.999999999730417,5.748366653949422,10.178685519613632,True,True,0.7483666540155518,0.17868551988321535,7.109635829925537,100,850000000
straight_aisle,39,5.0,10.0,4.99999999993387,9.999999999730417,5.748366653949422,10.178685519613632,True,True,0.7483666540155518,0.17868551988321535,8.217387199401855,100,915000000
straight_aisle,39,5.0,10.0,4.99999999993387,9.999999999730417,5.748366653949422,10.178685519613632,True,True,0.7483666540155518,0.17868551988321535,5.643465995788574,100,985000000
straight_aisle,39,5.0,10.0,4.99999999993387,9.999999999730417,5.748366653949422,10.178685519613632,True,True,0.7483666540155518,0.17868551988321535,11.752321243286133,101,50000000
straight_aisle,39,5.0,10.0,4.99999999993387,9.999999999730417,5.748366653949422,10.178685519613632,True,True,0.7483666540155518,0.17868551988321535,5.882047176361084,101,115000000
straight_aisle,39,5.0,10.0,4.99999999993387,9.999999999730417,5.748366653949422,10.178685519613632,True,True,0.7483666540155518,0.17868551988321535,5.6341681480407715,101,180000000
straight_aisle,39,5.0,10.0,4.99999999993387,9.999999999730417,5.748366653949422,10.178685519613632,True,True,0.7483666540155518,0.17868551988321535,5.4780168533325195,101,245000000
straight_aisle,39,5.0,10.0,4.99999999993387,9.999999999730417,5.748366653949422,10.178685519613632,True,True,0.7483666540155518,0.17868551988321535,6.109438896179199,101,315000000
straight_aisle,39,5.0,10.0,4.99999999993387,9.999999999730417,5.748366653949422,10.178685519613632,True,True,0.7483666540155518,0.17868551988321535,6.109438896179199,101,380000000
straight_aisle,39,5.0,10.0,4.99999999993387,9.999999999730417,5.748366653949422,10.178685519613632,True,True,0.7483666540155518,0.17868551988321535,8.29807186126709,101,445000000
straight_aisle,39,5.0,10.0,4.99999999993387,9.999999999730417,5.748366653949422,10.178685519613632,True,True,0.7483666540155518,0.17868551988321535,7.503920078277588,101,510000000
straight_aisle,39,5.0,10.0,4.99999999993387,9.999999999730417,5.748366653949422,10.178685519613632,True,True,0.7483666540155518,0.17868551988321535,7.369772911071777,101,575000000
straight_aisle,39,5.0,10.0,4.99999999993387,9.999999999730417,5.748366653949422,10.178685519613632,True,True,0.7483666540155518,0.17868551988321535,5.745668888092041,101,645000000
straight_aisle,39,5.0,10.0,4.99999999993387,9.999999999730417,5.748366653949422,10.178685519613632,True,True,0.7483666540155518,0.17868551988321535,7.364857196807861,101,710000000
straight_aisle,39,5.0,10.0,4.99999999993387,9.999999999730417,5.748366653949422,10.178685519613632,True,True,0.7483666540155518,0.17868551988321535,7.357490062713623,101,775000000
straight_aisle,39,5.0,10.0,4.99999999993387,9.999999999730417,5.748366653949422,10.178685519613632,True,True,0.7483666540155518,0.17868551988321535,9.53576946258545,101,840000000
straight_aisle,39,5.0,10.0,4.99999999993387,9.999999999730417,5.748366653949422,10.178685519613632,True,True,0.7483666540155518,0.17868551988321535,5.336318016052246,101,905000000
straight_aisle,39,5.0,10.0,4.99999999993387,9.999999999730417,5.748366653949422,10.178685519613632,True,True,0.7483666540155518,0.17868551988321535,5.070679187774658,101,975000000
straight_aisle,39,5.0,10.0,4.99999999993387,9.999999999730417,5.748366653949422,10.178685519613632,True,True,0.7483666540155518,0.17868551988321535,5.312347888946533,102,40000000
straight_aisle,39,5.0,10.0,4.99999999993387,9.999999999730417,5.748366653949422,10.178685519613632,True,True,0.7483666540155518,0.17868551988321535,5.1092529296875,102,105000000
straight_aisle,39,5.0,10.0,4.99999999993387,9.999999999730417,5.748366653949422,10.178685519613632,True,True,0.7483666540155518,0.17868551988321535,5.078678131103516,102,170000000
straight_aisle,39,5.0,10.0,4.99999999993387,9.999999999730417,5.748366653949422,10.178685519613632,True,True,0.7483666540155518,0.17868551988321535,5.115670204162598,102,235000000
straight_aisle,39,5.0,10.0,4.99999999993387,9.999999999730417,5.748366653949422,10.178685519613632,True,True,0.7483666540155518,0.17868551988321535,5.132455825805664,102,305000000
straight_aisle,39,5.0,10.0,4.99999999993387,9.999999999730417,5.748366653949422,10.178685519613632,True,True,0.7483666540155518,0.17868551988321535,5.2316107749938965,102,370000000
straight_aisle,39,5.0,10.0,4.99999999993387,9.999999999730417,5.748366653949422,10.178685519613632,True,True,0.7483666540155518,0.17868551988321535,5.160247802734375,102,435000000
straight_aisle,39,5.0,10.0,4.99999999993387,9.999999999730417,5.748366653949422,10.178685519613632,True,True,0.7483666540155518,0.17868551988321535,5.162280082702637,102,500000000
straight_aisle,39,5.0,10.0,4.99999999993387,9.999999999730417,5.748366653949422,10.178685519613632,True,True,0.7483666540155518,0.17868551988321535,5.45456600189209,102,565000000
straight_aisle,39,5.0,10.0,4.99999999993387,9.999999999730417,5.748366653949422,10.178685519613632,True,True,0.7483666540155518,0.17868551988321535,5.689942836761475,102,635000000
straight_aisle,39,5.0,10.0,4.99999999993387,9.999999999730417,5.748366653949422,10.178685519613632,True,True,0.7483666540155518,0.17868551988321535,5.689942836761475,102,700000000
straight_aisle,39,5.0,10.0,4.99999999993387,9.999999999730417,5.748366653949422,10.178685519613632,True,True,0.7483666540155518,0.17868551988321535,7.72621488571167,102,765000000
straight_aisle,40,5.0,20.0,5.000000000193323,20.000000003725884,5.002578057563488,19.755644842580757,True,False,0.0025780573701652543,-0.24435516114512623,7.306624889373779,103,160000000
straight_aisle,40,5.0,20.0,5.000000000193323,20.000000003725884,5.002578057563488,19.755644842580757,True,False,0.0025780573701652543,-0.24435516114512623,5.31240701675415,103,225000000
straight_aisle,40,5.0,20.0,5.000000000193323,20.000000003725884,5.002578057563488,19.755644842580757,True,False,0.0025780573701652543,-0.24435516114512623,7.156033039093018,103,295000000
straight_aisle,40,5.0,20.0,5.000000000193323,20.000000003725884,5.002578057563488,19.755644842580757,True,False,0.0025780573701652543,-0.24435516114512623,5.3250250816345215,103,425000000
straight_aisle,40,5.0,20.0,5.000000000193323,20.000000003725884,5.002578057563488,19.755644842580757,True,False,0.0025780573701652543,-0.24435516114512623,5.547367095947266,103,490000000
straight_aisle,40,5.0,20.0,5.000000000193323,20.000000003725884,5.002578057563488,19.755644842580757,True,False,0.0025780573701652543,-0.24435516114512623,7.698300838470459,103,555000000
straight_aisle,40,5.0,20.0,5.000000000193323,20.000000003725884,5.002578057563488,19.755644842580757,True,False,0.0025780573701652543,-0.24435516114512623,8.554976463317871,103,625000000
straight_aisle,40,5.0,20.0,5.000000000193323,20.000000003725884,5.002578057563488,19.755644842580757,True,False,0.0025780573701652543,-0.24435516114512623,5.576140880584717,103,690000000
straight_aisle,40,5.0,20.0,5.000000000193323,20.000000003725884,5.002578057563488,19.755644842580757,True,False,0.0025780573701652543,-0.24435516114512623,7.431889057159424,103,755000000
straight_aisle,40,5.0,20.0,5.000000000193323,20.000000003725884,5.002578057563488,19.755644842580757,True,False,0.0025780573701652543,-0.24435516114512623,8.597441673278809,103,885000000
straight_aisle,40,5.0,20.0,5.000000000193323,20.000000003725884,5.002578057563488,19.755644842580757,True,False,0.0025780573701652543,-0.24435516114512623,9.7953519821167,103,955000000
straight_aisle,40,5.0,20.0,5.000000000193323,20.000000003725884,5.002578057563488,19.755644842580757,True,False,0.0025780573701652543,-0.24435516114512623,8.705981254577637,104,20000000
straight_aisle,40,5.0,20.0,5.000000000193323,20.000000003725884,5.002578057563488,19.755644842580757,True,False,0.0025780573701652543,-0.24435516114512623,8.899177551269531,104,85000000
straight_aisle,40,5.0,20.0,5.000000000193323,20.000000003725884,5.002578057563488,19.755644842580757,True,False,0.0025780573701652543,-0.24435516114512623,10.249251365661621,104,150000000
straight_aisle,40,5.0,20.0,5.000000000193323,20.000000003725884,5.002578057563488,19.755644842580757,True,False,0.0025780573701652543,-0.24435516114512623,5.2510762214660645,104,215000000
straight_aisle,40,5.0,20.0,5.000000000193323,20.000000003725884,5.002578057563488,19.755644842580757,True,False,0.0025780573701652543,-0.24435516114512623,5.2510762214660645,104,285000000
straight_aisle,40,5.0,20.0,5.000000000193323,20.000000003725884,5.002578057563488,19.755644842580757,True,False,0.0025780573701652543,-0.24435516114512623,9.515693664550781,104,350000000
straight_aisle,40,5.0,20.0,5.000000000193323,20.000000003725884,5.002578057563488,19.755644842580757,True,False,0.0025780573701652543,-0.24435516114512623,5.169055938720703,104,415000000
straight_aisle,40,5.0,20.0,5.000000000193323,20.000000003725884,5.002578057563488,19.755644842580757,True,False,0.0025780573701652543,-0.24435516114512623,5.852208137512207,104,480000000
straight_aisle,40,5.0,20.0,5.000000000193323,20.000000003725884,5.002578057563488,19.755644842580757,True,False,0.0025780573701652543,-0.24435516114512623,5.410689830780029,104,545000000
straight_aisle,40,5.0,20.0,5.000000000193323,20.000000003725884,5.002578057563488,19.755644842580757,True,False,0.0025780573701652543,-0.24435516114512623,5.120253086090088,104,615000000
straight_aisle,40,5.0,20.0,5.000000000193323,20.000000003725884,5.002578057563488,19.755644842580757,True,False,0.0025780573701652543,-0.24435516114512623,5.011520862579346,104,680000000
straight_aisle,40,5.0,20.0,5.000000000193323,20.000000003725884,5.002578057563488,19.755644842580757,True,False,0.0025780573701652543,-0.24435516114512623,5.101470947265625,104,745000000
straight_aisle,40,5.0,20.0,5.000000000193323,20.000000003725884,5.002578057563488,19.755644842580757,True,False,0.0025780573701652543,-0.24435516114512623,5.151284217834473,104,810000000
straight_aisle,40,5.0,20.0,5.000000000193323,20.000000003725884,5.002578057563488,19.755644842580757,True,False,0.0025780573701652543,-0.24435516114512623,5.285394191741943,104,875000000
straight_aisle,40,5.0,20.0,5.000000000193323,20.000000003725884,5.002578057563488,19.755644842580757,True,False,0.0025780573701652543,-0.24435516114512623,6.098537921905518,104,945000000
straight_aisle,40,5.0,20.0,5.000000000193323,20.000000003725884,5.002578057563488,19.755644842580757,True,False,0.0025780573701652543,-0.24435516114512623,5.896693229675293,105,10000000
straight_aisle,40,5.0,20.0,5.000000000193323,20.000000003725884,5.002578057563488,19.755644842580757,True,False,0.0025780573701652543,-0.24435516114512623,5.344608783721924,105,75000000
straight_aisle,40,5.0,20.0,5.000000000193323,20.000000003725884,5.002578057563488,19.755644842580757,True,False,0.0025780573701652543,-0.24435516114512623,7.893472194671631,105,140000000
straight_aisle,40,5.0,20.0,5.000000000193323,20.000000003725884,5.002578057563488,19.755644842580757,True,False,0.0025780573701652543,-0.24435516114512623,5.268208980560303,105,205000000
straight_aisle,41,5.0,30.0,5.0000000000673825,29.999999999554205,,,False,False,,,,105,670000000
straight_aisle,41,5.0,30.0,5.0000000000673825,29.999999999554205,,,False,False,,,,105,800000000
straight_aisle,41,5.0,30.0,5.0000000000673825,29.999999999554205,,,False,False,,,,105,935000000
straight_aisle,41,5.0,30.0,5.0000000000673825,29.999999999554205,,,False,False,,,,106,0
straight_aisle,41,5.0,30.0,5.0000000000673825,29.999999999554205,,,False,False,,,,106,65000000
straight_aisle,41,5.0,30.0,5.0000000000673825,29.999999999554205,,,False,False,,,,106,130000000
straight_aisle,41,5.0,30.0,5.0000000000673825,29.999999999554205,,,False,False,,,,106,195000000
straight_aisle,41,5.0,30.0,5.0000000000673825,29.999999999554205,,,False,False,,,,106,265000000
straight_aisle,41,5.0,30.0,5.0000000000673825,29.999999999554205,,,False,False,,,,106,330000000
straight_aisle,41,5.0,30.0,5.0000000000673825,29.999999999554205,,,False,False,,,,106,395000000
straight_aisle,41,5.0,30.0,5.0000000000673825,29.999999999554205,,,False,False,,,,106,460000000
straight_aisle,41,5.0,30.0,5.0000000000673825,29.999999999554205,,,False,False,,,,106,525000000
straight_aisle,41,5.0,30.0,5.0000000000673825,29.999999999554205,,,False,False,,,,106,595000000
straight_aisle,41,5.0,30.0,5.0000000000673825,29.999999999554205,,,False,False,,,,106,660000000
straight_aisle,41,5.0,30.0,5.0000000000673825,29.999999999554205,,,False,False,,,,106,725000000
straight_aisle,41,5.0,30.0,5.0000000000673825,29.999999999554205,,,False,False,,,,106,790000000
straight_aisle,41,5.0,30.0,5.0000000000673825,29.999999999554205,,,False,False,,,,106,925000000
straight_aisle,41,5.0,30.0,5.0000000000673825,29.999999999554205,,,False,False,,,,106,990000000
straight_aisle,41,5.0,30.0,5.0000000000673825,29.999999999554205,,,False,False,,,,107,55000000
straight_aisle,41,5.0,30.0,5.0000000000673825,29.999999999554205,,,False,False,,,,107,185000000
straight_aisle,41,5.0,30.0,5.0000000000673825,29.999999999554205,,,False,False,,,,107,255000000
straight_aisle,41,5.0,30.0,5.0000000000673825,29.999999999554205,,,False,False,,,,107,320000000
straight_aisle,41,5.0,30.0,5.0000000000673825,29.999999999554205,,,False,False,,,,107,385000000
straight_aisle,41,5.0,30.0,5.0000000000673825,29.999999999554205,,,False,False,,,,107,450000000
straight_aisle,41,5.0,30.0,5.0000000000673825,29.999999999554205,,,False,False,,,,107,515000000
straight_aisle,41,5.0,30.0,5.0000000000673825,29.999999999554205,,,False,False,,,,107,585000000
straight_aisle,41,5.0,30.0,5.0000000000673825,29.999999999554205,,,False,False,,,,107,650000000
straight_aisle,41,5.0,30.0,5.0000000000673825,29.999999999554205,,,False,False,,,,107,715000000
straight_aisle,41,5.0,30.0,5.0000000000673825,29.999999999554205,,,False,False,,,,107,780000000
straight_aisle,41,5.0,30.0,5.0000000000673825,29.999999999554205,,,False,False,,,,107,845000000
