scene,condition_id,requested_range_m,requested_bearing_deg,actual_range_m,actual_bearing_deg,measured_range_m,measured_bearing_deg,valid,full_visibility,range_error_m,bearing_error_deg,inference_ms,detection_confidence,bbox_x,bbox_y,bbox_width,bbox_height,stamp_sec,stamp_nanosec
straight_aisle,0,1.0,-30.0,1.0000000001866818,-29.99999999382462,,,False,False,,,5.100194931030273,,,,,,1,585000000
straight_aisle,0,1.0,-30.0,1.0000000001866818,-29.99999999382462,,,False,False,,,7.2505879402160645,,,,,,1,655000000
straight_aisle,0,1.0,-30.0,1.0000000001866818,-29.99999999382462,,,False,False,,,7.395029067993164,,,,,,1,720000000
straight_aisle,0,1.0,-30.0,1.0000000001866818,-29.99999999382462,,,False,False,,,4.936356067657471,,,,,,1,785000000
straight_aisle,0,1.0,-30.0,1.0000000001866818,-29.99999999382462,,,False,False,,,4.842672824859619,,,,,,1,850000000
straight_aisle,0,1.0,-30.0,1.0000000001866818,-29.99999999382462,,,False,False,,,5.060649871826172,,,,,,1,915000000
straight_aisle,0,1.0,-30.0,1.0000000001866818,-29.99999999382462,,,False,False,,,4.768825054168701,,,,,,1,985000000
straight_aisle,0,1.0,-30.0,1.0000000001866818,-29.99999999382462,,,False,False,,,4.768825054168701,,,,,,2,115000000
straight_aisle,0,1.0,-30.0,1.0000000001866818,-29.99999999382462,,,False,False,,,5.187027931213379,,,,,,2,180000000
straight_aisle,0,1.0,-30.0,1.0000000001866818,-29.99999999382462,,,False,False,,,7.369794845581055,,,,,,2,245000000
straight_aisle,0,1.0,-30.0,1.0000000001866818,-29.99999999382462,,,False,False,,,7.369794845581055,,,,,,2,315000000
straight_aisle,0,1.0,-30.0,1.0000000001866818,-29.99999999382462,,,False,False,,,7.2494611740112305,,,,,,2,380000000
straight_aisle,0,1.0,-30.0,1.0000000001866818,-29.99999999382462,,,False,False,,,7.7012481689453125,,,,,,2,445000000
straight_aisle,0,1.0,-30.0,1.0000000001866818,-29.99999999382462,,,False,False,,,7.7012481689453125,,,,,,2,510000000
straight_aisle,0,1.0,-30.0,1.0000000001866818,-29.99999999382462,,,False,False,,,5.305610179901123,,,,,,2,575000000
straight_aisle,0,1.0,-30.0,1.0000000001866818,-29.99999999382462,,,False,False,,,7.313658237457275,,,,,,2,645000000
straight_aisle,0,1.0,-30.0,1.0000000001866818,-29.99999999382462,,,False,False,,,7.292323112487793,,,,,,2,710000000
straight_aisle,0,1.0,-30.0,1.0000000001866818,-29.99999999382462,,,False,False,,,6.296527862548828,,,,,,2,775000000
straight_aisle,0,1.0,-30.0,1.0000000001866818,-29.99999999382462,,,False,False,,,4.962985038757324,,,,,,2,840000000
straight_aisle,0,1.0,-30.0,1.0000000001866818,-29.99999999382462,,,False,False,,,4.876702785491943,,,,,,2,905000000
straight_aisle,0,1.0,-30.0,1.0000000001866818,-29.99999999382462,,,False,False,,,6.955376148223877,,,,,,2,975000000
straight_aisle,0,1.0,-30.0,1.0000000001866818,-29.99999999382462,,,False,False,,,6.955376148223877,,,,,,3,40000000
straight_aisle,0,1.0,-30.0,1.0000000001866818,-29.99999999382462,,,False,False,,,4.81810188293457,,,,,,3,105000000
straight_aisle,0,1.0,-30.0,1.0000000001866818,-29.99999999382462,,,False,False,,,4.658267021179199,,,,,,3,170000000
straight_aisle,0,1.0,-30.0,1.0000000001866818,-29.99999999382462,,,False,False,,,4.658267021179199,,,,,,3,235000000
straight_aisle,0,1.0,-30.0,1.0000000001866818,-29.99999999382462,,,False,False,,,4.697445869445801,,,,,,3,305000000
straight_aisle,0,1.0,-30.0,1.0000000001866818,-29.99999999382462,,,False,False,,,4.660217761993408,,,,,,3,370000000
straight_aisle,0,1.0,-30.0,1.0000000001866818,-29.99999999382462,,,False,False,,,4.660217761993408,,,,,,3,435000000
straight_aisle,0,1.0,-30.0,1.0000000001866818,-29.99999999382462,,,False,False,,,5.155204772949219,,,,,,3,565000000
straight_aisle,0,1.0,-30.0,1.0000000001866818,-29.99999999382462,,,False,False,,,4.779877185821533,,,,,,3,635000000
straight_aisle,1,1.0,-20.0,1.0000000001924019,-19.999999994422566,,,False,False,,,5.056941032409668,,,,,,4,95000000
straight_aisle,1,1.0,-20.0,1.0000000001924019,-19.999999994422566,,,False,False,,,4.682592868804932,,,,,,4,160000000
straight_aisle,1,1.0,-20.0,1.0000000001924019,-19.999999994422566,,,False,False,,,4.682592868804932,,,,,,4,225000000
straight_aisle,1,1.0,-20.0,1.0000000001924019,-19.999999994422566,,,False,False,,,4.990563869476318,,,,,,4,295000000
straight_aisle,1,1.0,-20.0,1.0000000001924019,-19.999999994422566,,,False,False,,,4.647462844848633,,,,,,4,360000000
straight_aisle,1,1.0,-20.0,1.0000000001924019,-19.999999994422566,,,False,False,,,4.647462844848633,,,,,,4,425000000
straight_aisle,1,1.0,-20.0,1.0000000001924019,-19.999999994422566,,,False,False,,,4.6672868728637695,,,,,,4,490000000
straight_aisle,1,1.0,-20.0,1.0000000001924019,-19.999999994422566,,,False,False,,,4.99001407623291,,,,,,4,555000000
straight_aisle,1,1.0,-20.0,1.0000000001924019,-19.999999994422566,,,False,False,,,5.072819232940674,,,,,,4,690000000
straight_aisle,1,1.0,-20.0,1.0000000001924019,-19.999999994422566,,,False,False,,,5.051395893096924,,,,,,4,755000000
straight_aisle,1,1.0,-20.0,1.0000000001924019,-19.999999994422566,,,False,False,,,6.764678955078125,,,,,,4,820000000
straight_aisle,1,1.0,-20.0,1.0000000001924019,-19.999999994422566,,,False,False,,,7.216294765472412,,,,,,4,885000000
straight_aisle,1,1.0,-20.0,1.0000000001924019,-19.999999994422566,,,False,False,,,5.047598838806152,,,,,,4,955000000
straight_aisle,1,1.0,-20.0,1.0000000001924019,-19.999999994422566,,,False,False,,,7.1659932136535645,,,,,,5,20000000
straight_aisle,1,1.0,-20.0,1.0000000001924019,-19.999999994422566,,,False,False,,,7.209826946258545,,,,,,5,85000000
straight_aisle,1,1.0,-20.0,1.0000000001924019,-19.999999994422566,,,False,False,,,6.918062210083008,,,,,,5,150000000
straight_aisle,1,1.0,-20.0,1.0000000001924019,-19.999999994422566,,,False,False,,,4.737277030944824,,,,,,5,215000000
straight_aisle,1,1.0,-20.0,1.0000000001924019,-19.999999994422566,,,False,False,,,7.098762035369873,,,,,,5,285000000
straight_aisle,1,1.0,-20.0,1.0000000001924019,-19.999999994422566,,,False,False,,,6.891222953796387,,,,,,5,350000000
straight_aisle,1,1.0,-20.0,1.0000000001924019,-19.999999994422566,,,False,False,,,4.68182897567749,,,,,,5,415000000
straight_aisle,1,1.0,-20.0,1.0000000001924019,-19.999999994422566,,,False,False,,,4.94535493850708,,,,,,5,480000000
straight_aisle,1,1.0,-20.0,1.0000000001924019,-19.999999994422566,,,False,False,,,4.94535493850708,,,,,,5,545000000
straight_aisle,1,1.0,-20.0,1.0000000001924019,-19.999999994422566,,,False,False,,,4.651656150817871,,,,,,5,680000000
straight_aisle,1,1.0,-20.0,1.0000000001924019,-19.999999994422566,,,False,False,,,4.720527172088623,,,,,,5,745000000
straight_aisle,1,1.0,-20.0,1.0000000001924019,-19.999999994422566,,,False,False,,,4.742626190185547,,,,,,5,810000000
straight_aisle,1,1.0,-20.0,1.0000000001924019,-19.999999994422566,,,False,False,,,4.985323905944824,,,,,,5,875000000
straight_aisle,1,1.0,-20.0,1.0000000001924019,-19.999999994422566,,,False,False,,,4.985323905944824,,,,,,5,945000000
straight_aisle,1,1.0,-20.0,1.0000000001924019,-19.999999994422566,,,False,False,,,4.883028030395508,,,,,,6,10000000
straight_aisle,1,1.0,-20.0,1.0000000001924019,-19.999999994422566,,,False,False,,,4.662425994873047,,,,,,6,75000000
straight_aisle,1,1.0,-20.0,1.0000000001924019,-19.999999994422566,,,False,False,,,5.101687908172607,,,,,,6,140000000
straight_aisle,2,1.0,-10.0,0.99999999999372,-10.000000001987427,,,False,False,,,7.418628215789795,,,,,,6,535000000
straight_aisle,2,1.0,-10.0,0.99999999999372,-10.000000001987427,,,False,False,,,4.910976886749268,,,,,,6,670000000
straight_aisle,2,1.0,-10.0,0.99999999999372,-10.000000001987427,,,False,False,,,4.905220985412598,,,,,,6,735000000
straight_aisle,2,1.0,-10.0,0.99999999999372,-10.000000001987427,,,False,False,,,4.887746810913086,,,,,,6,800000000
straight_aisle,2,1.0,-10.0,0.99999999999372,-10.000000001987427,,,False,False,,,6.924667835235596,,,,,,6,935000000
straight_aisle,2,1.0,-10.0,0.99999999999372,-10.000000001987427,,,False,False,,,4.816924095153809,,,,,,7,0
straight_aisle,2,1.0,-10.0,0.99999999999372,-10.000000001987427,,,False,False,,,5.0660247802734375,,,,,,7,130000000
straight_aisle,2,1.0,-10.0,0.99999999999372,-10.000000001987427,,,False,False,,,5.0660247802734375,,,,,,7,195000000
straight_aisle,2,1.0,-10.0,0.99999999999372,-10.000000001987427,,,False,False,,,4.819197177886963,,,,,,7,265000000
straight_aisle,2,1.0,-10.0,0.99999999999372,-10.000000001987427,,,False,False,,,4.758196830749512,,,,,,7,330000000
straight_aisle,2,1.0,-10.0,0.99999999999372,-10.000000001987427,,,False,False,,,4.937417984008789,,,,,,7,460000000
straight_aisle,2,1.0,-10.0,0.99999999999372,-10.000000001987427,,,False,False,,,7.102558135986328,,,,,,7,525000000
straight_aisle,2,1.0,-10.0,0.99999999999372,-10.000000001987427,,,False,False,,,4.88150691986084,,,,,,7,595000000
straight_aisle,2,1.0,-10.0,0.99999999999372,-10.000000001987427,,,False,False,,,4.88150691986084,,,,,,7,660000000
straight_aisle,2,1.0,-10.0,0.99999999999372,-10.000000001987427,,,False,False,,,7.081981182098389,,,,,,7,725000000
straight_aisle,2,1.0,-10.0,0.99999999999372,-10.000000001987427,,,False,False,,,6.847649097442627,,,,,,7,790000000
straight_aisle,2,1.0,-10.0,0.99999999999372,-10.000000001987427,,,False,False,,,6.847649097442627,,,,,,7,855000000
straight_aisle,2,1.0,-10.0,0.99999999999372,-10.000000001987427,,,False,False,,,4.698627948760986,,,,,,7,925000000
straight_aisle,2,1.0,-10.0,0.99999999999372,-10.000000001987427,,,False,False,,,7.093557834625244,,,,,,7,990000000
straight_aisle,2,1.0,-10.0,0.99999999999372,-10.000000001987427,,,False,False,,,4.680080890655518,,,,,,8,55000000
straight_aisle,2,1.0,-10.0,0.99999999999372,-10.000000001987427,,,False,False,,,4.684607982635498,,,,,,8,120000000
straight_aisle,2,1.0,-10.0,0.99999999999372,-10.000000001987427,,,False,False,,,4.657210826873779,,,,,,8,185000000
straight_aisle,2,1.0,-10.0,0.99999999999372,-10.000000001987427,,,False,False,,,4.672667026519775,,,,,,8,255000000
straight_aisle,2,1.0,-10.0,0.99999999999372,-10.000000001987427,,,False,False,,,4.723141193389893,,,,,,8,320000000
straight_aisle,2,1.0,-10.0,0.99999999999372,-10.000000001987427,,,False,False,,,4.654933929443359,,,,,,8,385000000
straight_aisle,2,1.0,-10.0,0.99999999999372,-10.000000001987427,,,False,False,,,4.789675235748291,,,,,,8,450000000
straight_aisle,2,1.0,-10.0,0.99999999999372,-10.000000001987427,,,False,False,,,4.725168228149414,,,,,,8,515000000
straight_aisle,2,1.0,-10.0,0.99999999999372,-10.000000001987427,,,False,False,,,4.668274879455566,,,,,,8,585000000
straight_aisle,2,1.0,-10.0,0.99999999999372,-10.000000001987427,,,False,False,,,4.671460151672363,,,,,,8,650000000
straight_aisle,2,1.0,-10.0,0.99999999999372,-10.000000001987427,,,False,False,,,4.671460151672363,,,,,,8,715000000
straight_aisle,3,1.0,0.0,1.0,0.0,,,False,True,,,4.750070095062256,,,,,,9,110000000
straight_aisle,3,1.0,0.0,1.0,0.0,,,False,True,,,7.418182849884033,,,,,,9,175000000
straight_aisle,3,1.0,0.0,1.0,0.0,,,False,True,,,7.418182849884033,,,,,,9,245000000
straight_aisle,3,1.0,0.0,1.0,0.0,,,False,True,,,4.722795009613037,,,,,,9,310000000
straight_aisle,3,1.0,0.0,1.0,0.0,,,False,True,,,4.722795009613037,,,,,,9,375000000
straight_aisle,3,1.0,0.0,1.0,0.0,,,False,True,,,4.671298027038574,,,,,,9,440000000
straight_aisle,3,1.0,0.0,1.0,0.0,,,False,True,,,4.692564964294434,,,,,,9,505000000
straight_aisle,3,1.0,0.0,1.0,0.0,,,False,True,,,4.710972785949707,,,,,,9,575000000
straight_aisle,3,1.0,0.0,1.0,0.0,,,False,True,,,4.710972785949707,,,,,,9,640000000
straight_aisle,3,1.0,0.0,1.0,0.0,,,False,True,,,4.90438985824585,,,,,,9,705000000
straight_aisle,3,1.0,0.0,1.0,0.0,,,False,True,,,4.90438985824585,,,,,,9,835000000
straight_aisle,3,1.0,0.0,1.0,0.0,,,False,True,,,5.040863990783691,,,,,,9,905000000
straight_aisle,3,1.0,0.0,1.0,0.0,,,False,True,,,4.672274112701416,,,,,,9,970000000
straight_aisle,3,1.0,0.0,1.0,0.0,,,False,True,,,4.783712863922119,,,,,,10,35000000
straight_aisle,3,1.0,0.0,1.0,0.0,,,False,True,,,6.664737224578857,,,,,,10,100000000
straight_aisle,3,1.0,0.0,1.0,0.0,,,False,True,,,6.664737224578857,,,,,,10,165000000
straight_aisle,3,1.0,0.0,1.0,0.0,,,False,True,,,4.962109088897705,,,,,,10,235000000
straight_aisle,3,1.0,0.0,1.0,0.0,,,False,True,,,6.924994945526123,,,,,,10,300000000
straight_aisle,3,1.0,0.0,1.0,0.0,,,False,True,,,6.924994945526123,,,,,,10,365000000
straight_aisle,3,1.0,0.0,1.0,0.0,,,False,True,,,7.07850980758667,,,,,,10,430000000
straight_aisle,3,1.0,0.0,1.0,0.0,,,False,True,,,7.07850980758667,,,,,,10,495000000
straight_aisle,3,1.0,0.0,1.0,0.0,,,False,True,,,4.706862926483154,,,,,,10,565000000
straight_aisle,3,1.0,0.0,1.0,0.0,,,False,True,,,7.117782115936279,,,,,,10,630000000
straight_aisle,3,1.0,0.0,1.0,0.0,,,False,True,,,7.489009857177734,,,,,,10,695000000
straight_aisle,3,1.0,0.0,1.0,0.0,,,False,True,,,5.279635906219482,,,,,,10,760000000
straight_aisle,3,1.0,0.0,1.0,0.0,,,False,True,,,5.768174171447754,,,,,,10,825000000
straight_aisle,3,1.0,0.0,1.0,0.0,,,False,True,,,7.039628982543945,,,,,,10,895000000
straight_aisle,3,1.0,0.0,1.0,0.0,,,False,True,,,7.039628982543945,,,,,,10,960000000
straight_aisle,3,1.0,0.0,1.0,0.0,,,False,True,,,4.794425964355469,,,,,,11,25000000
straight_aisle,3,1.0,0.0,1.0,0.0,,,False,True,,,4.665063858032227,,,,,,11,90000000
straight_aisle,4,1.0,10.0,0.99999999999372,10.000000001987427,,,False,False,,,11.438422203063965,,,,,,11,620000000
straight_aisle,4,1.0,10.0,0.99999999999372,10.000000001987427,,,False,False,,,4.727352142333984,,,,,,11,685000000
straight_aisle,4,1.0,10.0,0.99999999999372,10.000000001987427,,,False,False,,,4.727352142333984,,,,,,11,750000000
straight_aisle,4,1.0,10.0,0.99999999999372,10.000000001987427,,,False,False,,,6.193790912628174,,,,,,11,815000000
straight_aisle,4,1.0,10.0,0.99999999999372,10.000000001987427,,,False,False,,,4.646328926086426,,,,,,11,950000000
straight_aisle,4,1.0,10.0,0.99999999999372,10.000000001987427,,,False,False,,,4.666752815246582,,,,,,12,15000000
straight_aisle,4,1.0,10.0,0.99999999999372,10.000000001987427,,,False,False,,,4.703571796417236,,,,,,12,145000000
straight_aisle,4,1.0,10.0,0.99999999999372,10.000000001987427,,,False,False,,,4.672385215759277,,,,,,12,215000000
straight_aisle,4,1.0,10.0,0.99999999999372,10.000000001987427,,,False,False,,,4.664380073547363,,,,,,12,280000000
straight_aisle,4,1.0,10.0,0.99999999999372,10.000000001987427,,,False,False,,,4.664380073547363,,,,,,12,345000000
straight_aisle,4,1.0,10.0,0.99999999999372,10.000000001987427,,,False,False,,,4.649878025054932,,,,,,12,410000000
straight_aisle,4,1.0,10.0,0.99999999999372,10.000000001987427,,,False,False,,,4.805327892303467,,,,,,12,475000000
straight_aisle,4,1.0,10.0,0.99999999999372,10.000000001987427,,,False,False,,,4.805327892303467,,,,,,12,610000000
straight_aisle,4,1.0,10.0,0.99999999999372,10.000000001987427,,,False,False,,,5.209535121917725,,,,,,12,675000000
straight_aisle,4,1.0,10.0,0.99999999999372,10.000000001987427,,,False,False,,,7.227964878082275,,,,,,12,740000000
straight_aisle,4,1.0,10.0,0.99999999999372,10.000000001987427,,,False,False,,,7.175753116607666,,,,,,12,805000000
straight_aisle,4,1.0,10.0,0.99999999999372,10.000000001987427,,,False,False,,,7.175753116607666,,,,,,12,875000000
straight_aisle,4,1.0,10.0,0.99999999999372,10.000000001987427,,,False,False,,,8.879667282104492,,,,,,12,940000000
straight_aisle,4,1.0,10.0,0.99999999999372,10.000000001987427,,,False,False,,,7.35208797454834,,,,,,13,5000000
straight_aisle,4,1.0,10.0,0.99999999999372,10.000000001987427,,,False,False,,,7.35208797454834,,,,,,13,70000000
straight_aisle,4,1.0,10.0,0.99999999999372,10.000000001987427,,,False,False,,,4.738207817077637,,,,,,13,135000000
straight_aisle,4,1.0,10.0,0.99999999999372,10.000000001987427,,,False,False,,,7.191955089569092,,,,,,13,205000000
straight_aisle,4,1.0,10.0,0.99999999999372,10.000000001987427,,,False,False,,,6.9355950355529785,,,,,,13,270000000
straight_aisle,4,1.0,10.0,0.99999999999372,10.000000001987427,,,False,False,,,4.711544036865234,,,,,,13,335000000
straight_aisle,4,1.0,10.0,0.99999999999372,10.000000001987427,,,False,False,,,4.702417850494385,,,,,,13,400000000
straight_aisle,4,1.0,10.0,0.99999999999372,10.000000001987427,,,False,False,,,7.411777019500732,,,,,,13,465000000
straight_aisle,4,1.0,10.0,0.99999999999372,10.000000001987427,,,False,False,,,4.859363079071045,,,,,,13,535000000
straight_aisle,4,1.0,10.0,0.99999999999372,10.000000001987427,,,False,False,,,4.859363079071045,,,,,,13,600000000
straight_aisle,4,1.0,10.0,0.99999999999372,10.000000001987427,,,False,False,,,4.654192924499512,,,,,,13,665000000
straight_aisle,4,1.0,10.0,0.99999999999372,10.000000001987427,,,False,False,,,4.653728008270264,,,,,,13,730000000
straight_aisle,5,1.0,20.0,1.0000000001924019,19.999999994422566,,,False,False,,,10.924393653869629,,,,,,14,125000000
straight_aisle,5,1.0,20.0,1.0000000001924019,19.999999994422566,,,False,False,,,11.626370429992676,,,,,,14,195000000
straight_aisle,5,1.0,20.0,1.0000000001924019,19.999999994422566,,,False,False,,,7.431573867797852,,,,,,14,260000000
straight_aisle,5,1.0,20.0,1.0000000001924019,19.999999994422566,,,False,False,,,6.985854148864746,,,,,,14,325000000
straight_aisle,5,1.0,20.0,1.0000000001924019,19.999999994422566,,,False,False,,,6.985854148864746,,,,,,14,390000000
straight_aisle,5,1.0,20.0,1.0000000001924019,19.999999994422566,,,False,False,,,4.646454811096191,,,,,,14,455000000
straight_aisle,5,1.0,20.0,1.0000000001924019,19.999999994422566,,,False,False,,,4.646454811096191,,,,,,14,525000000
straight_aisle,5,1.0,20.0,1.0000000001924019,19.999999994422566,,,False,False,,,7.145648956298828,,,,,,14,590000000
straight_aisle,5,1.0,20.0,1.0000000001924019,19.999999994422566,,,False,False,,,4.928732872009277,,,,,,14,655000000
straight_aisle,5,1.0,20.0,1.0000000001924019,19.999999994422566,,,False,False,,,4.745364189147949,,,,,,14,720000000
straight_aisle,5,1.0,20.0,1.0000000001924019,19.999999994422566,,,False,False,,,4.696939945220947,,,,,,14,785000000
straight_aisle,5,1.0,20.0,1.0000000001924019,19.999999994422566,,,False,False,,,5.655623912811279,,,,,,14,855000000
straight_aisle,5,1.0,20.0,1.0000000001924019,19.999999994422566,,,False,False,,,5.655623912811279,,,,,,14,920000000
straight_aisle,5,1.0,20.0,1.0000000001924019,19.999999994422566,,,False,False,,,4.8180718421936035,,,,,,14,985000000
straight_aisle,5,1.0,20.0,1.0000000001924019,19.999999994422566,,,False,False,,,4.7828369140625,,,,,,15,50000000
straight_aisle,5,1.0,20.0,1.0000000001924019,19.999999994422566,,,False,False,,,5.066350936889648,,,,,,15,115000000
straight_aisle,5,1.0,20.0,1.0000000001924019,19.999999994422566,,,False,False,,,5.066350936889648,,,,,,15,185000000
straight_aisle,5,1.0,20.0,1.0000000001924019,19.999999994422566,,,False,False,,,4.651330947875977,,,,,,15,250000000
straight_aisle,5,1.0,20.0,1.0000000001924019,19.999999994422566,,,False,False,,,4.834812164306641,,,,,,15,315000000
straight_aisle,5,1.0,20.0,1.0000000001924019,19.999999994422566,,,False,False,,,4.81180477142334,,,,,,15,380000000
straight_aisle,5,1.0,20.0,1.0000000001924019,19.999999994422566,,,False,False,,,4.81180477142334,,,,,,15,445000000
straight_aisle,5,1.0,20.0,1.0000000001924019,19.999999994422566,,,False,False,,,4.830480098724365,,,,,,15,515000000
straight_aisle,5,1.0,20.0,1.0000000001924019,19.999999994422566,,,False,False,,,5.012135028839111,,,,,,15,580000000
straight_aisle,5,1.0,20.0,1.0000000001924019,19.999999994422566,,,False,False,,,6.63001823425293,,,,,,15,645000000
straight_aisle,5,1.0,20.0,1.0000000001924019,19.999999994422566,,,False,False,,,7.5974440574646,,,,,,15,710000000
straight_aisle,5,1.0,20.0,1.0000000001924019,19.999999994422566,,,False,False,,,9.153252601623535,,,,,,15,775000000
straight_aisle,5,1.0,20.0,1.0000000001924019,19.999999994422566,,,False,False,,,6.9206438064575195,,,,,,15,845000000
straight_aisle,5,1.0,20.0,1.0000000001924019,19.999999994422566,,,False,False,,,6.9206438064575195,,,,,,15,910000000
straight_aisle,5,1.0,20.0,1.0000000001924019,19.999999994422566,,,False,False,,,6.284633159637451,,,,,,15,975000000
straight_aisle,5,1.0,20.0,1.0000000001924019,19.999999994422566,,,False,False,,,8.45931625366211,,,,,,16,40000000
straight_aisle,6,1.0,30.0,1.0000000001866818,29.99999999382462,,,False,False,,,4.699386119842529,,,,,,16,435000000
straight_aisle,6,1.0,30.0,1.0000000001866818,29.99999999382462,,,False,False,,,10.504746437072754,,,,,,16,505000000
straight_aisle,6,1.0,30.0,1.0000000001866818,29.99999999382462,,,False,False,,,8.701181411743164,,,,,,16,570000000
straight_aisle,6,1.0,30.0,1.0000000001866818,29.99999999382462,,,False,False,,,7.269137859344482,,,,,,16,635000000
straight_aisle,6,1.0,30.0,1.0000000001866818,29.99999999382462,,,False,False,,,6.939082145690918,,,,,,16,700000000
straight_aisle,6,1.0,30.0,1.0000000001866818,29.99999999382462,,,False,False,,,4.7664971351623535,,,,,,16,765000000
straight_aisle,6,1.0,30.0,1.0000000001866818,29.99999999382462,,,False,False,,,7.110407829284668,,,,,,16,835000000
straight_aisle,6,1.0,30.0,1.0000000001866818,29.99999999382462,,,False,False,,,6.9245381355285645,,,,,,16,900000000
straight_aisle,6,1.0,30.0,1.0000000001866818,29.99999999382462,,,False,False,,,6.9245381355285645,,,,,,17,30000000
straight_aisle,6,1.0,30.0,1.0000000001866818,29.99999999382462,,,False,False,,,4.658251762390137,,,,,,17,95000000
straight_aisle,6,1.0,30.0,1.0000000001866818,29.99999999382462,,,False,False,,,4.82647180557251,,,,,,17,165000000
straight_aisle,6,1.0,30.0,1.0000000001866818,29.99999999382462,,,False,False,,,4.82647180557251,,,,,,17,230000000
straight_aisle,6,1.0,30.0,1.0000000001866818,29.99999999382462,,,False,False,,,4.715635776519775,,,,,,17,295000000
straight_aisle,6,1.0,30.0,1.0000000001866818,29.99999999382462,,,False,False,,,4.715635776519775,,,,,,17,360000000
straight_aisle,6,1.0,30.0,1.0000000001866818,29.99999999382462,,,False,False,,,4.921325206756592,,,,,,17,425000000
straight_aisle,6,1.0,30.0,1.0000000001866818,29.99999999382462,,,False,False,,,4.921325206756592,,,,,,17,495000000
straight_aisle,6,1.0,30.0,1.0000000001866818,29.99999999382462,,,False,False,,,5.081027030944824,,,,,,17,625000000
straight_aisle,6,1.0,30.0,1.0000000001866818,29.99999999382462,,,False,False,,,5.081027030944824,,,,,,17,690000000
straight_aisle,6,1.0,30.0,1.0000000001866818,29.99999999382462,,,False,False,,,6.038026809692383,,,,,,17,755000000
straight_aisle,6,1.0,30.0,1.0000000001866818,29.99999999382462,,,False,False,,,6.038026809692383,,,,,,17,825000000
straight_aisle,6,1.0,30.0,1.0000000001866818,29.99999999382462,,,False,False,,,4.788360118865967,,,,,,17,890000000
straight_aisle,6,1.0,30.0,1.0000000001866818,29.99999999382462,,,False,False,,,5.513608932495117,,,,,,17,955000000
straight_aisle,6,1.0,30.0,1.0000000001866818,29.99999999382462,,,False,False,,,5.513608932495117,,,,,,18,20000000
straight_aisle,6,1.0,30.0,1.0000000001866818,29.99999999382462,,,False,False,,,7.212094783782959,,,,,,18,85000000
straight_aisle,6,1.0,30.0,1.0000000001866818,29.99999999382462,,,False,False,,,5.399221897125244,,,,,,18,155000000
straight_aisle,6,1.0,30.0,1.0000000001866818,29.99999999382462,,,False,False,,,5.399221897125244,,,,,,18,220000000
straight_aisle,6,1.0,30.0,1.0000000001866818,29.99999999382462,,,False,False,,,7.180947780609131,,,,,,18,285000000
straight_aisle,6,1.0,30.0,1.0000000001866818,29.99999999382462,,,False,False,,,6.328065872192383,,,,,,18,350000000
straight_aisle,6,1.0,30.0,1.0000000001866818,29.99999999382462,,,False,False,,,4.795210838317871,,,,,,18,415000000
straight_aisle,6,1.0,30.0,1.0000000001866818,29.99999999382462,,,False,False,,,7.072056770324707,,,,,,18,485000000
straight_aisle,7,1.5,-30.0,1.5000000002800227,-29.99999999382462,,,False,False,,,4.7611918449401855,,,,,,18,880000000
straight_aisle,7,1.5,-30.0,1.5000000002800227,-29.99999999382462,,,False,False,,,7.042463779449463,,,,,,18,945000000
straight_aisle,7,1.5,-30.0,1.5000000002800227,-29.99999999382462,,,False,False,,,7.09197998046875,,,,,,19,145000000
straight_aisle,7,1.5,-30.0,1.5000000002800227,-29.99999999382462,,,False,False,,,7.140757083892822,,,,,,19,210000000
straight_aisle,7,1.5,-30.0,1.5000000002800227,-29.99999999382462,,,False,False,,,7.140757083892822,,,,,,19,275000000
straight_aisle,7,1.5,-30.0,1.5000000002800227,-29.99999999382462,,,False,False,,,6.856298923492432,,,,,,19,405000000
straight_aisle,7,1.5,-30.0,1.5000000002800227,-29.99999999382462,,,False,False,,,7.174086093902588,,,,,,19,475000000
straight_aisle,7,1.5,-30.0,1.5000000002800227,-29.99999999382462,,,False,False,,,5.6706671714782715,,,,,,19,540000000
straight_aisle,7,1.5,-30.0,1.5000000002800227,-29.99999999382462,,,False,False,,,4.827609062194824,,,,,,19,605000000
straight_aisle,7,1.5,-30.0,1.5000000002800227,-29.99999999382462,,,False,False,,,4.712399005889893,,,,,,19,735000000
straight_aisle,7,1.5,-30.0,1.5000000002800227,-29.99999999382462,,,False,False,,,4.646280765533447,,,,,,19,805000000
straight_aisle,7,1.5,-30.0,1.5000000002800227,-29.99999999382462,,,False,False,,,4.67445707321167,,,,,,19,870000000
straight_aisle,7,1.5,-30.0,1.5000000002800227,-29.99999999382462,,,False,False,,,4.67445707321167,,,,,,19,935000000
straight_aisle,7,1.5,-30.0,1.5000000002800227,-29.99999999382462,,,False,False,,,4.736176013946533,,,,,,20,65000000
straight_aisle,7,1.5,-30.0,1.5000000002800227,-29.99999999382462,,,False,False,,,4.736176013946533,,,,,,20,135000000
straight_aisle,7,1.5,-30.0,1.5000000002800227,-29.99999999382462,,,False,False,,,5.187049865722656,,,,,,20,200000000
straight_aisle,7,1.5,-30.0,1.5000000002800227,-29.99999999382462,,,False,False,,,4.772357940673828,,,,,,20,265000000
straight_aisle,7,1.5,-30.0,1.5000000002800227,-29.99999999382462,,,False,False,,,4.772357940673828,,,,,,20,330000000
straight_aisle,7,1.5,-30.0,1.5000000002800227,-29.99999999382462,,,False,False,,,5.1783061027526855,,,,,,20,395000000
straight_aisle,7,1.5,-30.0,1.5000000002800227,-29.99999999382462,,,False,False,,,4.979198932647705,,,,,,20,465000000
straight_aisle,7,1.5,-30.0,1.5000000002800227,-29.99999999382462,,,False,False,,,4.979198932647705,,,,,,20,530000000
straight_aisle,7,1.5,-30.0,1.5000000002800227,-29.99999999382462,,,False,False,,,7.066703796386719,,,,,,20,595000000
straight_aisle,7,1.5,-30.0,1.5000000002800227,-29.99999999382462,,,False,False,,,7.066703796386719,,,,,,20,660000000
straight_aisle,7,1.5,-30.0,1.5000000002800227,-29.99999999382462,,,False,False,,,7.32083797454834,,,,,,20,725000000
straight_aisle,7,1.5,-30.0,1.5000000002800227,-29.99999999382462,,,False,False,,,7.0262861251831055,,,,,,20,795000000
straight_aisle,7,1.5,-30.0,1.5000000002800227,-29.99999999382462,,,False,False,,,7.0262861251831055,,,,,,20,860000000
straight_aisle,7,1.5,-30.0,1.5000000002800227,-29.99999999382462,,,False,False,,,7.316628932952881,,,,,,20,925000000
straight_aisle,7,1.5,-30.0,1.5000000002800227,-29.99999999382462,,,False,False,,,4.861905097961426,,,,,,20,990000000
straight_aisle,7,1.5,-30.0,1.5000000002800227,-29.99999999382462,,,False,False,,,4.736930847167969,,,,,,21,55000000
straight_aisle,7,1.5,-30.0,1.5000000002800227,-29.99999999382462,,,False,False,,,4.8214287757873535,,,,,,21,125000000
straight_aisle,8,1.5,-20.0,1.4999999998358564,-20.000000002749363,,,False,True,,,7.704031944274902,,,,,,21,585000000
straight_aisle,8,1.5,-20.0,1.4999999998358564,-20.000000002749363,,,False,True,,,6.930574893951416,,,,,,21,650000000
straight_aisle,8,1.5,-20.0,1.4999999998358564,-20.000000002749363,,,False,True,,,4.827363014221191,,,,,,21,715000000
straight_aisle,8,1.5,-20.0,1.4999999998358564,-20.000000002749363,,,False,True,,,6.875450134277344,,,,,,21,850000000
straight_aisle,8,1.5,-20.0,1.4999999998358564,-20.000000002749363,,,False,True,,,5.083373069763184,,,,,,21,915000000
straight_aisle,8,1.5,-20.0,1.4999999998358564,-20.000000002749363,,,False,True,,,4.761466026306152,,,,,,21,980000000
straight_aisle,8,1.5,-20.0,1.4999999998358564,-20.000000002749363,,,False,True,,,4.761466026306152,,,,,,22,45000000
straight_aisle,8,1.5,-20.0,1.4999999998358564,-20.000000002749363,,,False,True,,,4.795326232910156,,,,,,22,115000000
straight_aisle,8,1.5,-20.0,1.4999999998358564,-20.000000002749363,,,False,True,,,4.7458977699279785,,,,,,22,180000000
straight_aisle,8,1.5,-20.0,1.4999999998358564,-20.000000002749363,,,False,True,,,4.7458977699279785,,,,,,22,245000000
straight_aisle,8,1.5,-20.0,1.4999999998358564,-20.000000002749363,,,False,True,,,4.911606788635254,,,,,,22,310000000
straight_aisle,8,1.5,-20.0,1.4999999998358564,-20.000000002749363,,,False,True,,,4.866066932678223,,,,,,22,375000000
straight_aisle,8,1.5,-20.0,1.4999999998358564,-20.000000002749363,,,False,True,,,4.701716899871826,,,,,,22,445000000
straight_aisle,8,1.5,-20.0,1.4999999998358564,-20.000000002749363,,,False,True,,,4.7676239013671875,,,,,,22,510000000
straight_aisle,8,1.5,-20.0,1.4999999998358564,-20.000000002749363,,,False,True,,,4.848834037780762,,,,,,22,575000000
straight_aisle,8,1.5,-20.0,1.4999999998358564,-20.000000002749363,,,False,True,,,4.848834037780762,,,,,,22,640000000
straight_aisle,8,1.5,-20.0,1.4999999998358564,-20.000000002749363,,,False,True,,,4.898353099822998,,,,,,22,705000000
straight_aisle,8,1.5,-20.0,1.4999999998358564,-20.000000002749363,,,False,True,,,5.085125923156738,,,,,,22,840000000
straight_aisle,8,1.5,-20.0,1.4999999998358564,-20.000000002749363,,,False,True,,,5.084218978881836,,,,,,22,905000000
straight_aisle,8,1.5,-20.0,1.4999999998358564,-20.000000002749363,,,False,True,,,7.872734069824219,,,,,,22,970000000
straight_aisle,8,1.5,-20.0,1.4999999998358564,-20.000000002749363,,,False,True,,,7.22075891494751,,,,,,23,35000000
straight_aisle,8,1.5,-20.0,1.4999999998358564,-20.000000002749363,,,False,True,,,7.22075891494751,,,,,,23,105000000
straight_aisle,8,1.5,-20.0,1.4999999998358564,-20.000000002749363,,,False,True,,,4.972324848175049,,,,,,23,170000000
straight_aisle,8,1.5,-20.0,1.4999999998358564,-20.000000002749363,,,False,True,,,7.258893013000488,,,,,,23,235000000
straight_aisle,8,1.5,-20.0,1.4999999998358564,-20.000000002749363,,,False,True,,,6.913198947906494,,,,,,23,300000000
straight_aisle,8,1.5,-20.0,1.4999999998358564,-20.000000002749363,,,False,True,,,4.726023197174072,,,,,,23,365000000
straight_aisle,8,1.5,-20.0,1.4999999998358564,-20.000000002749363,,,False,True,,,7.2775468826293945,,,,,,23,435000000
straight_aisle,8,1.5,-20.0,1.4999999998358564,-20.000000002749363,,,False,True,,,7.2775468826293945,,,,,,23,565000000
straight_aisle,8,1.5,-20.0,1.4999999998358564,-20.000000002749363,,,False,True,,,4.670505046844482,,,,,,23,630000000
straight_aisle,8,1.5,-20.0,1.4999999998358564,-20.000000002749363,,,False,True,,,5.112492084503174,,,,,,23,695000000
straight_aisle,9,1.5,-10.0,1.5000000004743015,-9.999999996790146,,,False,True,,,7.306707859039307,,,,,,24,225000000
straight_aisle,9,1.5,-10.0,1.5000000004743015,-9.999999996790146,,,False,True,,,7.180703163146973,,,,,,24,290000000
straight_aisle,9,1.5,-10.0,1.5000000004743015,-9.999999996790146,,,False,True,,,6.320127010345459,,,,,,24,355000000
straight_aisle,9,1.5,-10.0,1.5000000004743015,-9.999999996790146,,,False,True,,,7.331037998199463,,,,,,24,425000000
straight_aisle,9,1.5,-10.0,1.5000000004743015,-9.999999996790146,,,False,True,,,6.9406208992004395,,,,,,24,490000000
straight_aisle,9,1.5,-10.0,1.5000000004743015,-9.999999996790146,,,False,True,,,4.785839080810547,,,,,,24,555000000
straight_aisle,9,1.5,-10.0,1.5000000004743015,-9.999999996790146,,,False,True,,,4.707456111907959,,,,,,24,620000000
straight_aisle,9,1.5,-10.0,1.5000000004743015,-9.999999996790146,,,False,True,,,4.640436172485352,,,,,,24,685000000
straight_aisle,9,1.5,-10.0,1.5000000004743015,-9.999999996790146,,,False,True,,,4.640436172485352,,,,,,24,755000000
straight_aisle,9,1.5,-10.0,1.5000000004743015,-9.999999996790146,,,False,True,,,4.88348388671875,,,,,,24,820000000
straight_aisle,9,1.5,-10.0,1.5000000004743015,-9.999999996790146,,,False,True,,,4.88348388671875,,,,,,24,885000000
straight_aisle,9,1.5,-10.0,1.5000000004743015,-9.999999996790146,,,False,True,,,4.652553081512451,,,,,,24,950000000
straight_aisle,9,1.5,-10.0,1.5000000004743015,-9.999999996790146,,,False,True,,,4.675787925720215,,,,,,25,15000000
straight_aisle,9,1.5,-10.0,1.5000000004743015,-9.999999996790146,,,False,True,,,4.721232891082764,,,,,,25,85000000
straight_aisle,9,1.5,-10.0,1.5000000004743015,-9.999999996790146,,,False,True,,,4.721232891082764,,,,,,25,150000000
straight_aisle,9,1.5,-10.0,1.5000000004743015,-9.999999996790146,,,False,True,,,4.840926170349121,,,,,,25,215000000
straight_aisle,9,1.5,-10.0,1.5000000004743015,-9.999999996790146,,,False,True,,,5.036611080169678,,,,,,25,280000000
straight_aisle,9,1.5,-10.0,1.5000000004743015,-9.999999996790146,,,False,True,,,4.785086154937744,,,,,,25,345000000
straight_aisle,9,1.5,-10.0,1.5000000004743015,-9.999999996790146,,,False,True,,,4.883865833282471,,,,,,25,415000000
straight_aisle,9,1.5,-10.0,1.5000000004743015,-9.999999996790146,,,False,True,,,4.915886878967285,,,,,,25,480000000
straight_aisle,9,1.5,-10.0,1.5000000004743015,-9.999999996790146,,,False,True,,,4.872229099273682,,,,,,25,545000000
straight_aisle,9,1.5,-10.0,1.5000000004743015,-9.999999996790146,,,False,True,,,6.886824131011963,,,,,,25,610000000
straight_aisle,9,1.5,-10.0,1.5000000004743015,-9.999999996790146,,,False,True,,,7.346358776092529,,,,,,25,675000000
straight_aisle,9,1.5,-10.0,1.5000000004743015,-9.999999996790146,,,False,True,,,7.346358776092529,,,,,,25,745000000
straight_aisle,9,1.5,-10.0,1.5000000004743015,-9.999999996790146,,,False,True,,,4.8476481437683105,,,,,,25,810000000
straight_aisle,9,1.5,-10.0,1.5000000004743015,-9.999999996790146,,,False,True,,,7.5652689933776855,,,,,,25,875000000
straight_aisle,9,1.5,-10.0,1.5000000004743015,-9.999999996790146,,,False,True,,,6.9763689041137695,,,,,,25,940000000
straight_aisle,9,1.5,-10.0,1.5000000004743015,-9.999999996790146,,,False,True,,,4.795419216156006,,,,,,26,5000000
straight_aisle,9,1.5,-10.0,1.5000000004743015,-9.999999996790146,,,False,True,,,4.795419216156006,,,,,,26,75000000
straight_aisle,9,1.5,-10.0,1.5000000004743015,-9.999999996790146,,,False,True,,,7.485661029815674,,,,,,26,140000000
straight_aisle,10,1.5,0.0,1.5,0.0,,,False,True,,,4.786643981933594,,,,,,26,600000000
straight_aisle,10,1.5,0.0,1.5,0.0,,,False,True,,,4.995128154754639,,,,,,26,665000000
straight_aisle,10,1.5,0.0,1.5,0.0,,,False,True,,,7.405330181121826,,,,,,26,735000000
straight_aisle,10,1.5,0.0,1.5,0.0,,,False,True,,,6.873233795166016,,,,,,26,800000000
straight_aisle,10,1.5,0.0,1.5,0.0,,,False,True,,,6.873233795166016,,,,,,26,865000000
straight_aisle,10,1.5,0.0,1.5,0.0,,,False,True,,,6.971375942230225,,,,,,26,930000000
straight_aisle,10,1.5,0.0,1.5,0.0,,,False,True,,,6.971375942230225,,,,,,26,995000000
straight_aisle,10,1.5,0.0,1.5,0.0,,,False,True,,,4.723830223083496,,,,,,27,65000000
straight_aisle,10,1.5,0.0,1.5,0.0,,,False,True,,,6.932034969329834,,,,,,27,130000000
straight_aisle,10,1.5,0.0,1.5,0.0,,,False,True,,,4.741776943206787,,,,,,27,195000000
straight_aisle,10,1.5,0.0,1.5,0.0,,,False,True,,,4.670660018920898,,,,,,27,260000000
straight_aisle,10,1.5,0.0,1.5,0.0,,,False,True,,,4.670660018920898,,,,,,27,325000000
straight_aisle,10,1.5,0.0,1.5,0.0,,,False,True,,,4.639502048492432,,,,,,27,395000000
straight_aisle,10,1.5,0.0,1.5,0.0,,,False,True,,,4.74832010269165,,,,,,27,460000000
straight_aisle,10,1.5,0.0,1.5,0.0,,,False,True,,,4.700027942657471,,,,,,27,525000000
straight_aisle,10,1.5,0.0,1.5,0.0,,,False,True,,,4.725409030914307,,,,,,27,590000000
straight_aisle,10,1.5,0.0,1.5,0.0,,,False,True,,,4.631374835968018,,,,,,27,655000000
straight_aisle,10,1.5,0.0,1.5,0.0,,,False,True,,,4.97678804397583,,,,,,27,725000000
straight_aisle,10,1.5,0.0,1.5,0.0,,,False,True,,,4.737947940826416,,,,,,27,790000000
straight_aisle,10,1.5,0.0,1.5,0.0,,,False,True,,,4.7212371826171875,,,,,,27,855000000
straight_aisle,10,1.5,0.0,1.5,0.0,,,False,True,,,4.812198162078857,,,,,,27,920000000
straight_aisle,10,1.5,0.0,1.5,0.0,,,False,True,,,4.812198162078857,,,,,,27,985000000
straight_aisle,10,1.5,0.0,1.5,0.0,,,False,True,,,5.186095237731934,,,,,,28,55000000
straight_aisle,10,1.5,0.0,1.5,0.0,,,False,True,,,4.915317058563232,,,,,,28,120000000
straight_aisle,10,1.5,0.0,1.5,0.0,,,False,True,,,5.005282878875732,,,,,,28,185000000
straight_aisle,10,1.5,0.0,1.5,0.0,,,False,True,,,7.234663009643555,,,,,,28,250000000
straight_aisle,10,1.5,0.0,1.5,0.0,,,False,True,,,7.392408847808838,,,,,,28,315000000
straight_aisle,10,1.5,0.0,1.5,0.0,,,False,True,,,4.796393871307373,,,,,,28,385000000
straight_aisle,10,1.5,0.0,1.5,0.0,,,False,True,,,5.956667900085449,,,,,,28,450000000
straight_aisle,10,1.5,0.0,1.5,0.0,,,False,True,,,7.1111578941345215,,,,,,28,515000000
straight_aisle,11,1.5,10.0,1.5000000004743015,9.999999996790146,,,False,True,,,4.9033660888671875,,,,,,28,975000000
straight_aisle,11,1.5,10.0,1.5000000004743015,9.999999996790146,,,False,True,,,4.683329105377197,,,,,,29,45000000
straight_aisle,11,1.5,10.0,1.5000000004743015,9.999999996790146,,,False,True,,,4.683329105377197,,,,,,29,110000000
straight_aisle,11,1.5,10.0,1.5000000004743015,9.999999996790146,,,False,True,,,4.91970682144165,,,,,,29,175000000
straight_aisle,11,1.5,10.0,1.5000000004743015,9.999999996790146,,,False,True,,,7.085188865661621,,,,,,29,240000000
straight_aisle,11,1.5,10.0,1.5000000004743015,9.999999996790146,,,False,True,,,7.166521072387695,,,,,,29,305000000
straight_aisle,11,1.5,10.0,1.5000000004743015,9.999999996790146,,,False,True,,,7.166521072387695,,,,,,29,375000000
straight_aisle,11,1.5,10.0,1.5000000004743015,9.999999996790146,,,False,True,,,7.057156085968018,,,,,,29,440000000
straight_aisle,11,1.5,10.0,1.5000000004743015,9.999999996790146,,,False,True,,,6.914413928985596,,,,,,29,505000000
straight_aisle,11,1.5,10.0,1.5000000004743015,9.999999996790146,,,False,True,,,6.955562114715576,,,,,,29,570000000
straight_aisle,11,1.5,10.0,1.5000000004743015,9.999999996790146,,,False,True,,,4.9809489250183105,,,,,,29,635000000
straight_aisle,11,1.5,10.0,1.5000000004743015,9.999999996790146,,,False,True,,,7.402362823486328,,,,,,29,705000000
straight_aisle,11,1.5,10.0,1.5000000004743015,9.999999996790146,,,False,True,,,6.9784770011901855,,,,,,29,770000000
straight_aisle,11,1.5,10.0,1.5000000004743015,9.999999996790146,,,False,True,,,4.7600507736206055,,,,,,29,835000000
straight_aisle,11,1.5,10.0,1.5000000004743015,9.999999996790146,,,False,True,,,4.716550827026367,,,,,,29,900000000
straight_aisle,11,1.5,10.0,1.5000000004743015,9.999999996790146,,,False,True,,,4.999197959899902,,,,,,29,965000000
straight_aisle,11,1.5,10.0,1.5000000004743015,9.999999996790146,,,False,True,,,4.774600028991699,,,,,,30,35000000
straight_aisle,11,1.5,10.0,1.5000000004743015,9.999999996790146,,,False,True,,,4.77219295501709,,,,,,30,100000000
straight_aisle,11,1.5,10.0,1.5000000004743015,9.999999996790146,,,False,True,,,4.750892162322998,,,,,,30,165000000
straight_aisle,11,1.5,10.0,1.5000000004743015,9.999999996790146,,,False,True,,,5.254089832305908,,,,,,30,230000000
straight_aisle,11,1.5,10.0,1.5000000004743015,9.999999996790146,,,False,True,,,5.13915491104126,,,,,,30,295000000
straight_aisle,11,1.5,10.0,1.5000000004743015,9.999999996790146,,,False,True,,,4.741292953491211,,,,,,30,365000000
straight_aisle,11,1.5,10.0,1.5000000004743015,9.999999996790146,,,False,True,,,4.857831001281738,,,,,,30,430000000
straight_aisle,11,1.5,10.0,1.5000000004743015,9.999999996790146,,,False,True,,,4.857831001281738,,,,,,30,495000000
straight_aisle,11,1.5,10.0,1.5000000004743015,9.999999996790146,,,False,True,,,5.232175827026367,,,,,,30,625000000
straight_aisle,11,1.5,10.0,1.5000000004743015,9.999999996790146,,,False,True,,,5.157134056091309,,,,,,30,695000000
straight_aisle,11,1.5,10.0,1.5000000004743015,9.999999996790146,,,False,True,,,4.930247783660889,,,,,,30,760000000
straight_aisle,11,1.5,10.0,1.5000000004743015,9.999999996790146,,,False,True,,,5.786344051361084,,,,,,30,825000000
straight_aisle,11,1.5,10.0,1.5000000004743015,9.999999996790146,,,False,True,,,5.786344051361084,,,,,,30,890000000
straight_aisle,11,1.5,10.0,1.5000000004743015,9.999999996790146,,,False,True,,,7.161966800689697,,,,,,30,955000000
straight_aisle,12,1.5,20.0,1.4999999998358564,20.000000002749363,,,False,True,,,5.09951114654541,,,,,,31,485000000
straight_aisle,12,1.5,20.0,1.4999999998358564,20.000000002749363,,,False,True,,,7.03695821762085,,,,,,31,550000000
straight_aisle,12,1.5,20.0,1.4999999998358564,20.000000002749363,,,False,True,,,7.21403694152832,,,,,,31,615000000
straight_aisle,12,1.5,20.0,1.4999999998358564,20.000000002749363,,,False,True,,,7.022793769836426,,,,,,31,685000000
straight_aisle,12,1.5,20.0,1.4999999998358564,20.000000002749363,,,False,True,,,6.537912845611572,,,,,,31,750000000
straight_aisle,12,1.5,20.0,1.4999999998358564,20.000000002749363,,,False,True,,,7.168846130371094,,,,,,31,815000000
straight_aisle,12,1.5,20.0,1.4999999998358564,20.000000002749363,,,False,True,,,6.95460319519043,,,,,,31,880000000
straight_aisle,12,1.5,20.0,1.4999999998358564,20.000000002749363,,,False,True,,,7.158098220825195,,,,,,32,15000000
straight_aisle,12,1.5,20.0,1.4999999998358564,20.000000002749363,,,False,True,,,7.144999980926514,,,,,,32,80000000
straight_aisle,12,1.5,20.0,1.4999999998358564,20.000000002749363,,,False,True,,,4.7073822021484375,,,,,,32,145000000
straight_aisle,12,1.5,20.0,1.4999999998358564,20.000000002749363,,,False,True,,,4.676021099090576,,,,,,32,210000000
straight_aisle,12,1.5,20.0,1.4999999998358564,20.000000002749363,,,False,True,,,4.676021099090576,,,,,,32,275000000
straight_aisle,12,1.5,20.0,1.4999999998358564,20.000000002749363,,,False,True,,,4.71317720413208,,,,,,32,345000000
straight_aisle,12,1.5,20.0,1.4999999998358564,20.000000002749363,,,False,True,,,4.669209957122803,,,,,,32,410000000
straight_aisle,12,1.5,20.0,1.4999999998358564,20.000000002749363,,,False,True,,,4.669209957122803,,,,,,32,475000000
straight_aisle,12,1.5,20.0,1.4999999998358564,20.000000002749363,,,False,True,,,4.702400207519531,,,,,,32,540000000
straight_aisle,12,1.5,20.0,1.4999999998358564,20.000000002749363,,,False,True,,,4.673490047454834,,,,,,32,605000000
straight_aisle,12,1.5,20.0,1.4999999998358564,20.000000002749363,,,False,True,,,4.673490047454834,,,,,,32,675000000
straight_aisle,12,1.5,20.0,1.4999999998358564,20.000000002749363,,,False,True,,,4.643963813781738,,,,,,32,740000000
straight_aisle,12,1.5,20.0,1.4999999998358564,20.000000002749363,,,False,True,,,4.662542819976807,,,,,,32,805000000
straight_aisle,12,1.5,20.0,1.4999999998358564,20.000000002749363,,,False,True,,,4.778314113616943,,,,,,32,935000000
straight_aisle,12,1.5,20.0,1.4999999998358564,20.000000002749363,,,False,True,,,5.112429141998291,,,,,,33,70000000
straight_aisle,12,1.5,20.0,1.4999999998358564,20.000000002749363,,,False,True,,,5.112429141998291,,,,,,33,200000000
straight_aisle,12,1.5,20.0,1.4999999998358564,20.000000002749363,,,False,True,,,7.250973224639893,,,,,,33,265000000
straight_aisle,12,1.5,20.0,1.4999999998358564,20.000000002749363,,,False,True,,,4.832047939300537,,,,,,33,335000000
straight_aisle,12,1.5,20.0,1.4999999998358564,20.000000002749363,,,False,True,,,5.626266956329346,,,,,,33,400000000
straight_aisle,12,1.5,20.0,1.4999999998358564,20.000000002749363,,,False,True,,,7.1168131828308105,,,,,,33,530000000
straight_aisle,12,1.5,20.0,1.4999999998358564,20.000000002749363,,,False,True,,,6.933640956878662,,,,,,33,595000000
straight_aisle,12,1.5,20.0,1.4999999998358564,20.000000002749363,,,False,True,,,6.933640956878662,,,,,,33,665000000
straight_aisle,12,1.5,20.0,1.4999999998358564,20.000000002749363,,,False,True,,,4.816013813018799,,,,,,33,795000000
straight_aisle,13,1.5,30.0,1.5000000002800227,29.99999999382462,,,False,False,,,4.654221057891846,,,,,,34,190000000
straight_aisle,13,1.5,30.0,1.5000000002800227,29.99999999382462,,,False,False,,,7.558069229125977,,,,,,34,255000000
straight_aisle,13,1.5,30.0,1.5000000002800227,29.99999999382462,,,False,False,,,6.118937015533447,,,,,,34,325000000
straight_aisle,13,1.5,30.0,1.5000000002800227,29.99999999382462,,,False,False,,,7.2030181884765625,,,,,,34,455000000
straight_aisle,13,1.5,30.0,1.5000000002800227,29.99999999382462,,,False,False,,,5.110828876495361,,,,,,34,520000000
straight_aisle,13,1.5,30.0,1.5000000002800227,29.99999999382462,,,False,False,,,4.748844146728516,,,,,,34,585000000
straight_aisle,13,1.5,30.0,1.5000000002800227,29.99999999382462,,,False,False,,,7.151124954223633,,,,,,34,655000000
straight_aisle,13,1.5,30.0,1.5000000002800227,29.99999999382462,,,False,False,,,6.1681318283081055,,,,,,34,720000000
straight_aisle,13,1.5,30.0,1.5000000002800227,29.99999999382462,,,False,False,,,4.670872211456299,,,,,,34,850000000
straight_aisle,13,1.5,30.0,1.5000000002800227,29.99999999382462,,,False,False,,,4.637251853942871,,,,,,34,915000000
straight_aisle,13,1.5,30.0,1.5000000002800227,29.99999999382462,,,False,False,,,4.7181501388549805,,,,,,34,985000000
straight_aisle,13,1.5,30.0,1.5000000002800227,29.99999999382462,,,False,False,,,4.7181501388549805,,,,,,35,50000000
straight_aisle,13,1.5,30.0,1.5000000002800227,29.99999999382462,,,False,False,,,4.647364139556885,,,,,,35,115000000
straight_aisle,13,1.5,30.0,1.5000000002800227,29.99999999382462,,,False,False,,,4.647364139556885,,,,,,35,180000000
straight_aisle,13,1.5,30.0,1.5000000002800227,29.99999999382462,,,False,False,,,4.634003162384033,,,,,,35,245000000
straight_aisle,13,1.5,30.0,1.5000000002800227,29.99999999382462,,,False,False,,,4.653450012207031,,,,,,35,315000000
straight_aisle,13,1.5,30.0,1.5000000002800227,29.99999999382462,,,False,False,,,5.095864772796631,,,,,,35,445000000
straight_aisle,13,1.5,30.0,1.5000000002800227,29.99999999382462,,,False,False,,,5.095864772796631,,,,,,35,510000000
straight_aisle,13,1.5,30.0,1.5000000002800227,29.99999999382462,,,False,False,,,5.625199794769287,,,,,,35,575000000
straight_aisle,13,1.5,30.0,1.5000000002800227,29.99999999382462,,,False,False,,,5.625199794769287,,,,,,35,645000000
straight_aisle,13,1.5,30.0,1.5000000002800227,29.99999999382462,,,False,False,,,5.259674072265625,,,,,,35,710000000
straight_aisle,13,1.5,30.0,1.5000000002800227,29.99999999382462,,,False,False,,,4.787384986877441,,,,,,35,775000000
straight_aisle,13,1.5,30.0,1.5000000002800227,29.99999999382462,,,False,False,,,7.159523010253906,,,,,,35,840000000
straight_aisle,13,1.5,30.0,1.5000000002800227,29.99999999382462,,,False,False,,,7.159523010253906,,,,,,35,905000000
straight_aisle,13,1.5,30.0,1.5000000002800227,29.99999999382462,,,False,False,,,6.764272212982178,,,,,,35,975000000
straight_aisle,13,1.5,30.0,1.5000000002800227,29.99999999382462,,,False,False,,,7.024546146392822,,,,,,36,40000000
straight_aisle,13,1.5,30.0,1.5000000002800227,29.99999999382462,,,False,False,,,6.874905109405518,,,,,,36,105000000
straight_aisle,13,1.5,30.0,1.5000000002800227,29.99999999382462,,,False,False,,,6.874905109405518,,,,,,36,170000000
straight_aisle,13,1.5,30.0,1.5000000002800227,29.99999999382462,,,False,False,,,4.927600860595703,,,,,,36,235000000
straight_aisle,13,1.5,30.0,1.5000000002800227,29.99999999382462,,,False,False,,,7.436158180236816,,,,,,36,305000000
straight_aisle,14,2.0,-30.0,2.0000000003733636,-29.99999999382462,,,False,False,,,4.963089942932129,,,,,,36,700000000
straight_aisle,14,2.0,-30.0,2.0000000003733636,-29.99999999382462,,,False,False,,,4.957879066467285,,,,,,36,765000000
straight_aisle,14,2.0,-30.0,2.0000000003733636,-29.99999999382462,,,False,False,,,6.660741806030273,,,,,,36,830000000
straight_aisle,14,2.0,-30.0,2.0000000003733636,-29.99999999382462,,,False,False,,,6.660741806030273,,,,,,36,895000000
straight_aisle,14,2.0,-30.0,2.0000000003733636,-29.99999999382462,,,False,False,,,5.2575812339782715,,,,,,37,30000000
straight_aisle,14,2.0,-30.0,2.0000000003733636,-29.99999999382462,,,False,False,,,7.075263977050781,,,,,,37,95000000
straight_aisle,14,2.0,-30.0,2.0000000003733636,-29.99999999382462,,,False,False,,,6.967817783355713,,,,,,37,160000000
straight_aisle,14,2.0,-30.0,2.0000000003733636,-29.99999999382462,,,False,False,,,6.213801860809326,,,,,,37,225000000
straight_aisle,14,2.0,-30.0,2.0000000003733636,-29.99999999382462,,,False,False,,,6.213801860809326,,,,,,37,295000000
straight_aisle,14,2.0,-30.0,2.0000000003733636,-29.99999999382462,,,False,False,,,7.421502113342285,,,,,,37,360000000
straight_aisle,14,2.0,-30.0,2.0000000003733636,-29.99999999382462,,,False,False,,,6.979116916656494,,,,,,37,425000000
straight_aisle,14,2.0,-30.0,2.0000000003733636,-29.99999999382462,,,False,False,,,4.999134063720703,,,,,,37,490000000
straight_aisle,14,2.0,-30.0,2.0000000003733636,-29.99999999382462,,,False,False,,,4.7027130126953125,,,,,,37,555000000
straight_aisle,14,2.0,-30.0,2.0000000003733636,-29.99999999382462,,,False,False,,,6.304650783538818,,,,,,37,625000000
straight_aisle,14,2.0,-30.0,2.0000000003733636,-29.99999999382462,,,False,False,,,4.768768787384033,,,,,,37,690000000
straight_aisle,14,2.0,-30.0,2.0000000003733636,-29.99999999382462,,,False,False,,,4.822291851043701,,,,,,37,755000000
straight_aisle,14,2.0,-30.0,2.0000000003733636,-29.99999999382462,,,False,False,,,4.835498809814453,,,,,,37,820000000
straight_aisle,14,2.0,-30.0,2.0000000003733636,-29.99999999382462,,,False,False,,,4.863030910491943,,,,,,37,885000000
straight_aisle,14,2.0,-30.0,2.0000000003733636,-29.99999999382462,,,False,False,,,4.863030910491943,,,,,,38,20000000
straight_aisle,14,2.0,-30.0,2.0000000003733636,-29.99999999382462,,,False,False,,,4.760156154632568,,,,,,38,85000000
straight_aisle,14,2.0,-30.0,2.0000000003733636,-29.99999999382462,,,False,False,,,4.760156154632568,,,,,,38,150000000
straight_aisle,14,2.0,-30.0,2.0000000003733636,-29.99999999382462,,,False,False,,,4.770526885986328,,,,,,38,215000000
straight_aisle,14,2.0,-30.0,2.0000000003733636,-29.99999999382462,,,False,False,,,4.789403915405273,,,,,,38,285000000
straight_aisle,14,2.0,-30.0,2.0000000003733636,-29.99999999382462,,,False,False,,,5.012786865234375,,,,,,38,350000000
straight_aisle,14,2.0,-30.0,2.0000000003733636,-29.99999999382462,,,False,False,,,5.012786865234375,,,,,,38,415000000
straight_aisle,14,2.0,-30.0,2.0000000003733636,-29.99999999382462,,,False,False,,,4.912810802459717,,,,,,38,480000000
straight_aisle,14,2.0,-30.0,2.0000000003733636,-29.99999999382462,,,False,False,,,6.309398174285889,,,,,,38,545000000
straight_aisle,14,2.0,-30.0,2.0000000003733636,-29.99999999382462,,,False,False,,,5.011920928955078,,,,,,38,615000000
straight_aisle,14,2.0,-30.0,2.0000000003733636,-29.99999999382462,,,False,False,,,5.011920928955078,,,,,,38,680000000
straight_aisle,14,2.0,-30.0,2.0000000003733636,-29.99999999382462,,,False,False,,,7.0399489402771,,,,,,38,810000000
straight_aisle,15,2.0,-20.0,2.000000000419004,-19.999999997114607,,,False,True,,,4.808971881866455,,,,,,39,205000000
straight_aisle,15,2.0,-20.0,2.000000000419004,-19.999999997114607,,,False,True,,,4.985976219177246,,,,,,39,275000000
straight_aisle,15,2.0,-20.0,2.000000000419004,-19.999999997114607,,,False,True,,,7.9485321044921875,,,,,,39,340000000
straight_aisle,15,2.0,-20.0,2.000000000419004,-19.999999997114607,,,False,True,,,4.79219388961792,,,,,,39,405000000
straight_aisle,15,2.0,-20.0,2.000000000419004,-19.999999997114607,,,False,True,,,4.782630920410156,,,,,,39,605000000
straight_aisle,15,2.0,-20.0,2.000000000419004,-19.999999997114607,,,False,True,,,6.966352939605713,,,,,,39,670000000
straight_aisle,15,2.0,-20.0,2.000000000419004,-19.999999997114607,,,False,True,,,6.966352939605713,,,,,,39,865000000
straight_aisle,15,2.0,-20.0,2.000000000419004,-19.999999997114607,,,False,True,,,7.09687614440918,,,,,,39,935000000
straight_aisle,15,2.0,-20.0,2.000000000419004,-19.999999997114607,,,False,True,,,7.09687614440918,,,,,,40,0
straight_aisle,15,2.0,-20.0,2.000000000419004,-19.999999997114607,,,False,True,,,6.835477828979492,,,,,,40,65000000
straight_aisle,15,2.0,-20.0,2.000000000419004,-19.999999997114607,,,False,True,,,4.791230201721191,,,,,,40,130000000
straight_aisle,15,2.0,-20.0,2.000000000419004,-19.999999997114607,,,False,True,,,4.675655841827393,,,,,,40,195000000
straight_aisle,15,2.0,-20.0,2.000000000419004,-19.999999997114607,,,False,True,,,4.675655841827393,,,,,,40,265000000
straight_aisle,15,2.0,-20.0,2.000000000419004,-19.999999997114607,,,False,True,,,4.6904778480529785,,,,,,40,330000000
straight_aisle,15,2.0,-20.0,2.000000000419004,-19.999999997114607,,,False,True,,,4.6904778480529785,,,,,,40,395000000
straight_aisle,15,2.0,-20.0,2.000000000419004,-19.999999997114607,,,False,True,,,4.671751976013184,,,,,,40,460000000
straight_aisle,15,2.0,-20.0,2.000000000419004,-19.999999997114607,,,False,True,,,4.714073181152344,,,,,,40,525000000
straight_aisle,15,2.0,-20.0,2.000000000419004,-19.999999997114607,,,False,True,,,4.648702144622803,,,,,,40,595000000
straight_aisle,15,2.0,-20.0,2.000000000419004,-19.999999997114607,,,False,True,,,4.685545921325684,,,,,,40,660000000
straight_aisle,15,2.0,-20.0,2.000000000419004,-19.999999997114607,,,False,True,,,5.210529804229736,,,,,,40,725000000
straight_aisle,15,2.0,-20.0,2.000000000419004,-19.999999997114607,,,False,True,,,4.8288960456848145,,,,,,40,855000000
straight_aisle,15,2.0,-20.0,2.000000000419004,-19.999999997114607,,,False,True,,,4.767845153808594,,,,,,40,925000000
straight_aisle,15,2.0,-20.0,2.000000000419004,-19.999999997114607,,,False,True,,,5.449498176574707,,,,,,41,55000000
straight_aisle,15,2.0,-20.0,2.000000000419004,-19.999999997114607,,,False,True,,,6.6929497718811035,,,,,,41,120000000
straight_aisle,15,2.0,-20.0,2.000000000419004,-19.999999997114607,,,False,True,,,6.6929497718811035,,,,,,41,255000000
straight_aisle,15,2.0,-20.0,2.000000000419004,-19.999999997114607,,,False,True,,,7.142395973205566,,,,,,41,320000000
straight_aisle,15,2.0,-20.0,2.000000000419004,-19.999999997114607,,,False,True,,,7.1519060134887695,,,,,,41,385000000
straight_aisle,15,2.0,-20.0,2.000000000419004,-19.999999997114607,,,False,True,,,7.1519060134887695,,,,,,41,450000000
straight_aisle,15,2.0,-20.0,2.000000000419004,-19.999999997114607,,,False,True,,,5.1167120933532715,,,,,,41,515000000
straight_aisle,15,2.0,-20.0,2.000000000419004,-19.999999997114607,,,False,True,,,7.170003890991211,,,,,,41,585000000
straight_aisle,16,2.0,-10.0,1.9999999999700753,-9.999999999166162,,,False,True,,,5.036009788513184,,,,,,42,45000000
straight_aisle,16,2.0,-10.0,1.9999999999700753,-9.999999999166162,,,False,True,,,4.97993278503418,,,,,,42,110000000
straight_aisle,16,2.0,-10.0,1.9999999999700753,-9.999999999166162,,,False,True,,,7.30068302154541,,,,,,42,175000000
straight_aisle,16,2.0,-10.0,1.9999999999700753,-9.999999999166162,,,False,True,,,5.481643199920654,,,,,,42,310000000
straight_aisle,16,2.0,-10.0,1.9999999999700753,-9.999999999166162,,,False,True,,,5.481643199920654,,,,,,42,375000000
straight_aisle,16,2.0,-10.0,1.9999999999700753,-9.999999999166162,,,False,True,,,7.0607428550720215,,,,,,42,440000000
straight_aisle,16,2.0,-10.0,1.9999999999700753,-9.999999999166162,,,False,True,,,6.797385215759277,,,,,,42,505000000
straight_aisle,16,2.0,-10.0,1.9999999999700753,-9.999999999166162,,,False,True,,,6.797385215759277,,,,,,42,575000000
straight_aisle,16,2.0,-10.0,1.9999999999700753,-9.999999999166162,,,False,True,,,6.959859848022461,,,,,,42,640000000
straight_aisle,16,2.0,-10.0,1.9999999999700753,-9.999999999166162,,,False,True,,,6.770559787750244,,,,,,42,705000000
straight_aisle,16,2.0,-10.0,1.9999999999700753,-9.999999999166162,,,False,True,,,4.948492050170898,,,,,,42,770000000
straight_aisle,16,2.0,-10.0,1.9999999999700753,-9.999999999166162,,,False,True,,,4.659549236297607,,,,,,42,835000000
straight_aisle,16,2.0,-10.0,1.9999999999700753,-9.999999999166162,,,False,True,,,6.862842082977295,,,,,,42,905000000
straight_aisle,16,2.0,-10.0,1.9999999999700753,-9.999999999166162,,,False,True,,,4.804378032684326,,,,,,42,970000000
straight_aisle,16,2.0,-10.0,1.9999999999700753,-9.999999999166162,,,False,True,,,4.716433048248291,,,,,,43,35000000
straight_aisle,16,2.0,-10.0,1.9999999999700753,-9.999999999166162,,,False,True,,,4.690895080566406,,,,,,43,100000000
straight_aisle,16,2.0,-10.0,1.9999999999700753,-9.999999999166162,,,False,True,,,4.720874786376953,,,,,,43,165000000
straight_aisle,16,2.0,-10.0,1.9999999999700753,-9.999999999166162,,,False,True,,,4.719213962554932,,,,,,43,235000000
straight_aisle,16,2.0,-10.0,1.9999999999700753,-9.999999999166162,,,False,True,,,4.685132026672363,,,,,,43,300000000
straight_aisle,16,2.0,-10.0,1.9999999999700753,-9.999999999166162,,,False,True,,,4.656078815460205,,,,,,43,365000000
straight_aisle,16,2.0,-10.0,1.9999999999700753,-9.999999999166162,,,False,True,,,5.055181980133057,,,,,,43,495000000
straight_aisle,16,2.0,-10.0,1.9999999999700753,-9.999999999166162,,,False,True,,,5.055181980133057,,,,,,43,565000000
straight_aisle,16,2.0,-10.0,1.9999999999700753,-9.999999999166162,,,False,True,,,4.693118095397949,,,,,,43,630000000
straight_aisle,16,2.0,-10.0,1.9999999999700753,-9.999999999166162,,,False,True,,,5.104730129241943,,,,,,43,695000000
straight_aisle,16,2.0,-10.0,1.9999999999700753,-9.999999999166162,,,False,True,,,5.104730129241943,,,,,,43,760000000
straight_aisle,16,2.0,-10.0,1.9999999999700753,-9.999999999166162,,,False,True,,,6.5457658767700195,,,,,,43,825000000
straight_aisle,16,2.0,-10.0,1.9999999999700753,-9.999999999166162,,,False,True,,,4.865546226501465,,,,,,43,895000000
straight_aisle,16,2.0,-10.0,1.9999999999700753,-9.999999999166162,,,False,True,,,4.903110027313232,,,,,,43,960000000
straight_aisle,16,2.0,-10.0,1.9999999999700753,-9.999999999166162,,,False,True,,,6.383481025695801,,,,,,44,25000000
straight_aisle,16,2.0,-10.0,1.9999999999700753,-9.999999999166162,,,False,True,,,6.383481025695801,,,,,,44,90000000
straight_aisle,17,2.0,0.0,2.0,0.0,,,False,True,,,5.046072006225586,,,,,,44,620000000
straight_aisle,17,2.0,0.0,2.0,0.0,,,False,True,,,5.046072006225586,,,,,,44,685000000
straight_aisle,17,2.0,0.0,2.0,0.0,,,False,True,,,4.910855770111084,,,,,,44,750000000
straight_aisle,17,2.0,0.0,2.0,0.0,,,False,True,,,7.241769790649414,,,,,,44,815000000
straight_aisle,17,2.0,0.0,2.0,0.0,,,False,True,,,7.241769790649414,,,,,,44,885000000
straight_aisle,17,2.0,0.0,2.0,0.0,,,False,True,,,7.199711799621582,,,,,,44,950000000
straight_aisle,17,2.0,0.0,2.0,0.0,,,False,True,,,7.090155124664307,,,,,,45,15000000
straight_aisle,17,2.0,0.0,2.0,0.0,,,False,True,,,6.854992866516113,,,,,,45,80000000
straight_aisle,17,2.0,0.0,2.0,0.0,,,False,True,,,5.04387092590332,,,,,,45,145000000
straight_aisle,17,2.0,0.0,2.0,0.0,,,False,True,,,7.084442138671875,,,,,,45,215000000
straight_aisle,17,2.0,0.0,2.0,0.0,,,False,True,,,6.835227012634277,,,,,,45,280000000
straight_aisle,17,2.0,0.0,2.0,0.0,,,False,True,,,4.731647968292236,,,,,,45,345000000
straight_aisle,17,2.0,0.0,2.0,0.0,,,False,True,,,4.734065055847168,,,,,,45,410000000
straight_aisle,17,2.0,0.0,2.0,0.0,,,False,True,,,4.734065055847168,,,,,,45,475000000
straight_aisle,17,2.0,0.0,2.0,0.0,,,False,True,,,4.912960052490234,,,,,,45,545000000
straight_aisle,17,2.0,0.0,2.0,0.0,,,False,True,,,9.029772758483887,,,,,,45,610000000
straight_aisle,17,2.0,0.0,2.0,0.0,,,False,True,,,4.721617221832275,,,,,,45,675000000
straight_aisle,17,2.0,0.0,2.0,0.0,,,False,True,,,4.683704853057861,,,,,,45,740000000
straight_aisle,17,2.0,0.0,2.0,0.0,,,False,True,,,4.688264846801758,,,,,,45,805000000
straight_aisle,17,2.0,0.0,2.0,0.0,,,False,True,,,4.688264846801758,,,,,,45,875000000
straight_aisle,17,2.0,0.0,2.0,0.0,,,False,True,,,4.650844097137451,,,,,,46,5000000
straight_aisle,17,2.0,0.0,2.0,0.0,,,False,True,,,4.7221221923828125,,,,,,46,70000000
straight_aisle,17,2.0,0.0,2.0,0.0,,,False,True,,,4.922798156738281,,,,,,46,135000000
straight_aisle,17,2.0,0.0,2.0,0.0,,,False,True,,,5.289494037628174,,,,,,46,205000000
straight_aisle,17,2.0,0.0,2.0,0.0,,,False,True,,,4.795828819274902,,,,,,46,335000000
straight_aisle,17,2.0,0.0,2.0,0.0,,,False,True,,,6.45133113861084,,,,,,46,400000000
straight_aisle,17,2.0,0.0,2.0,0.0,,,False,True,,,6.45133113861084,,,,,,46,465000000
straight_aisle,17,2.0,0.0,2.0,0.0,,,False,True,,,4.981142997741699,,,,,,46,535000000
straight_aisle,17,2.0,0.0,2.0,0.0,,,False,True,,,4.981142997741699,,,,,,46,600000000
straight_aisle,17,2.0,0.0,2.0,0.0,,,False,True,,,7.223862171173096,,,,,,46,665000000
straight_aisle,18,2.0,10.0,1.9999999999700753,9.999999999166162,,,False,True,,,4.745443820953369,,,,,,47,60000000
straight_aisle,18,2.0,10.0,1.9999999999700753,9.999999999166162,,,False,True,,,4.994458198547363,,,,,,47,125000000
straight_aisle,18,2.0,10.0,1.9999999999700753,9.999999999166162,,,False,True,,,4.949886798858643,,,,,,47,195000000
straight_aisle,18,2.0,10.0,1.9999999999700753,9.999999999166162,,,False,True,,,5.101644992828369,,,,,,47,260000000
straight_aisle,18,2.0,10.0,1.9999999999700753,9.999999999166162,,,False,True,,,5.515917778015137,,,,,,47,325000000
straight_aisle,18,2.0,10.0,1.9999999999700753,9.999999999166162,,,False,True,,,5.515917778015137,,,,,,47,390000000
straight_aisle,18,2.0,10.0,1.9999999999700753,9.999999999166162,,,False,True,,,7.013442039489746,,,,,,47,455000000
straight_aisle,18,2.0,10.0,1.9999999999700753,9.999999999166162,,,False,True,,,5.144826889038086,,,,,,47,525000000
straight_aisle,18,2.0,10.0,1.9999999999700753,9.999999999166162,,,False,True,,,7.129089832305908,,,,,,47,590000000
straight_aisle,18,2.0,10.0,1.9999999999700753,9.999999999166162,,,False,True,,,7.426945209503174,,,,,,47,655000000
straight_aisle,18,2.0,10.0,1.9999999999700753,9.999999999166162,,,False,True,,,6.803378105163574,,,,,,47,720000000
straight_aisle,18,2.0,10.0,1.9999999999700753,9.999999999166162,,,False,True,,,4.919540882110596,,,,,,47,785000000
straight_aisle,18,2.0,10.0,1.9999999999700753,9.999999999166162,,,False,True,,,4.919540882110596,,,,,,47,855000000
straight_aisle,18,2.0,10.0,1.9999999999700753,9.999999999166162,,,False,True,,,6.818037986755371,,,,,,47,920000000
straight_aisle,18,2.0,10.0,1.9999999999700753,9.999999999166162,,,False,True,,,4.7177348136901855,,,,,,47,985000000
straight_aisle,18,2.0,10.0,1.9999999999700753,9.999999999166162,,,False,True,,,4.638628959655762,,,,,,48,50000000
straight_aisle,18,2.0,10.0,1.9999999999700753,9.999999999166162,,,False,True,,,4.709582805633545,,,,,,48,115000000
straight_aisle,18,2.0,10.0,1.9999999999700753,9.999999999166162,,,False,True,,,4.709582805633545,,,,,,48,185000000
straight_aisle,18,2.0,10.0,1.9999999999700753,9.999999999166162,,,False,True,,,4.694002151489258,,,,,,48,250000000
straight_aisle,18,2.0,10.0,1.9999999999700753,9.999999999166162,,,False,True,,,4.694002151489258,,,,,,48,315000000
straight_aisle,18,2.0,10.0,1.9999999999700753,9.999999999166162,,,False,True,,,4.652184009552002,,,,,,48,380000000
straight_aisle,18,2.0,10.0,1.9999999999700753,9.999999999166162,,,False,True,,,4.731698989868164,,,,,,48,445000000
straight_aisle,18,2.0,10.0,1.9999999999700753,9.999999999166162,,,False,True,,,4.715695858001709,,,,,,48,515000000
straight_aisle,18,2.0,10.0,1.9999999999700753,9.999999999166162,,,False,True,,,4.715695858001709,,,,,,48,580000000
straight_aisle,18,2.0,10.0,1.9999999999700753,9.999999999166162,,,False,True,,,4.693493843078613,,,,,,48,645000000
straight_aisle,18,2.0,10.0,1.9999999999700753,9.999999999166162,,,False,True,,,5.1283278465271,,,,,,48,710000000
straight_aisle,18,2.0,10.0,1.9999999999700753,9.999999999166162,,,False,True,,,6.334410190582275,,,,,,48,775000000
straight_aisle,18,2.0,10.0,1.9999999999700753,9.999999999166162,,,False,True,,,5.383176803588867,,,,,,48,845000000
straight_aisle,18,2.0,10.0,1.9999999999700753,9.999999999166162,,,False,True,,,5.186368942260742,,,,,,48,910000000
straight_aisle,18,2.0,10.0,1.9999999999700753,9.999999999166162,,,False,True,,,4.837024211883545,,,,,,48,975000000
straight_aisle,19,2.0,20.0,2.000000000419004,19.999999997114607,,,False,True,,,4.868616104125977,,,,,,49,435000000
straight_aisle,19,2.0,20.0,2.000000000419004,19.999999997114607,,,False,True,,,4.712069988250732,,,,,,49,570000000
straight_aisle,19,2.0,20.0,2.000000000419004,19.999999997114607,,,False,True,,,4.8086419105529785,,,,,,49,635000000
straight_aisle,19,2.0,20.0,2.000000000419004,19.999999997114607,,,False,True,,,5.06112003326416,,,,,,49,700000000
straight_aisle,19,2.0,20.0,2.000000000419004,19.999999997114607,,,False,True,,,4.996884822845459,,,,,,49,765000000
straight_aisle,19,2.0,20.0,2.000000000419004,19.999999997114607,,,False,True,,,4.71157693862915,,,,,,49,835000000
straight_aisle,19,2.0,20.0,2.000000000419004,19.999999997114607,,,False,True,,,5.144114017486572,,,,,,49,900000000
straight_aisle,19,2.0,20.0,2.000000000419004,19.999999997114607,,,False,True,,,4.870535850524902,,,,,,49,965000000
straight_aisle,19,2.0,20.0,2.000000000419004,19.999999997114607,,,False,True,,,6.510622024536133,,,,,,50,30000000
straight_aisle,19,2.0,20.0,2.000000000419004,19.999999997114607,,,False,True,,,7.0877580642700195,,,,,,50,95000000
straight_aisle,19,2.0,20.0,2.000000000419004,19.999999997114607,,,False,True,,,7.0877580642700195,,,,,,50,165000000
straight_aisle,19,2.0,20.0,2.000000000419004,19.999999997114607,,,False,True,,,7.0500078201293945,,,,,,50,230000000
straight_aisle,19,2.0,20.0,2.000000000419004,19.999999997114607,,,False,True,,,7.035671234130859,,,,,,50,295000000
straight_aisle,19,2.0,20.0,2.000000000419004,19.999999997114607,,,False,True,,,6.676601886749268,,,,,,50,360000000
straight_aisle,19,2.0,20.0,2.000000000419004,19.999999997114607,,,False,True,,,4.789958953857422,,,,,,50,425000000
straight_aisle,19,2.0,20.0,2.000000000419004,19.999999997114607,,,False,True,,,6.974120140075684,,,,,,50,495000000
straight_aisle,19,2.0,20.0,2.000000000419004,19.999999997114607,,,False,True,,,6.748683929443359,,,,,,50,560000000
straight_aisle,19,2.0,20.0,2.000000000419004,19.999999997114607,,,False,True,,,4.749515056610107,,,,,,50,690000000
straight_aisle,19,2.0,20.0,2.000000000419004,19.999999997114607,,,False,True,,,4.749515056610107,,,,,,50,755000000
straight_aisle,19,2.0,20.0,2.000000000419004,19.999999997114607,,,False,True,,,4.66974401473999,,,,,,50,825000000
straight_aisle,19,2.0,20.0,2.000000000419004,19.999999997114607,,,False,True,,,4.7686967849731445,,,,,,50,955000000
straight_aisle,19,2.0,20.0,2.000000000419004,19.999999997114607,,,False,True,,,4.708954811096191,,,,,,51,20000000
straight_aisle,19,2.0,20.0,2.000000000419004,19.999999997114607,,,False,True,,,4.874112129211426,,,,,,51,85000000
straight_aisle,19,2.0,20.0,2.000000000419004,19.999999997114607,,,False,True,,,4.874112129211426,,,,,,51,155000000
straight_aisle,19,2.0,20.0,2.000000000419004,19.999999997114607,,,False,True,,,4.666656017303467,,,,,,51,220000000
straight_aisle,19,2.0,20.0,2.000000000419004,19.999999997114607,,,False,True,,,4.661569118499756,,,,,,51,285000000
straight_aisle,19,2.0,20.0,2.000000000419004,19.999999997114607,,,False,True,,,4.661569118499756,,,,,,51,350000000
straight_aisle,19,2.0,20.0,2.000000000419004,19.999999997114607,,,False,True,,,4.7972331047058105,,,,,,51,415000000
straight_aisle,19,2.0,20.0,2.000000000419004,19.999999997114607,,,False,True,,,4.817543029785156,,,,,,51,485000000
straight_aisle,19,2.0,20.0,2.000000000419004,19.999999997114607,,,False,True,,,5.010280132293701,,,,,,51,550000000
straight_aisle,20,2.0,30.0,2.0000000003733636,29.99999999382462,,,False,False,,,4.882706165313721,,,,,,52,10000000
straight_aisle,20,2.0,30.0,2.0000000003733636,29.99999999382462,,,False,False,,,4.700252056121826,,,,,,52,75000000
straight_aisle,20,2.0,30.0,2.0000000003733636,29.99999999382462,,,False,False,,,4.688889980316162,,,,,,52,145000000
straight_aisle,20,2.0,30.0,2.0000000003733636,29.99999999382462,,,False,False,,,4.717988967895508,,,,,,52,210000000
straight_aisle,20,2.0,30.0,2.0000000003733636,29.99999999382462,,,False,False,,,5.123295783996582,,,,,,52,340000000
straight_aisle,20,2.0,30.0,2.0000000003733636,29.99999999382462,,,False,False,,,4.7905778884887695,,,,,,52,405000000
straight_aisle,20,2.0,30.0,2.0000000003733636,29.99999999382462,,,False,False,,,4.672345161437988,,,,,,52,475000000
straight_aisle,20,2.0,30.0,2.0000000003733636,29.99999999382462,,,False,False,,,4.796868801116943,,,,,,52,540000000
straight_aisle,20,2.0,30.0,2.0000000003733636,29.99999999382462,,,False,False,,,5.03260612487793,,,,,,52,605000000
straight_aisle,20,2.0,30.0,2.0000000003733636,29.99999999382462,,,False,False,,,6.760608196258545,,,,,,52,670000000
straight_aisle,20,2.0,30.0,2.0000000003733636,29.99999999382462,,,False,False,,,7.100038051605225,,,,,,52,735000000
straight_aisle,20,2.0,30.0,2.0000000003733636,29.99999999382462,,,False,False,,,4.983645915985107,,,,,,52,805000000
straight_aisle,20,2.0,30.0,2.0000000003733636,29.99999999382462,,,False,False,,,6.993532180786133,,,,,,52,870000000
straight_aisle,20,2.0,30.0,2.0000000003733636,29.99999999382462,,,False,False,,,6.946126937866211,,,,,,53,0
straight_aisle,20,2.0,30.0,2.0000000003733636,29.99999999382462,,,False,False,,,6.946126937866211,,,,,,53,135000000
straight_aisle,20,2.0,30.0,2.0000000003733636,29.99999999382462,,,False,False,,,7.138269901275635,,,,,,53,200000000
straight_aisle,20,2.0,30.0,2.0000000003733636,29.99999999382462,,,False,False,,,5.9214558601379395,,,,,,53,265000000
straight_aisle,20,2.0,30.0,2.0000000003733636,29.99999999382462,,,False,False,,,4.942481994628906,,,,,,53,330000000
straight_aisle,20,2.0,30.0,2.0000000003733636,29.99999999382462,,,False,False,,,4.644207954406738,,,,,,53,395000000
straight_aisle,20,2.0,30.0,2.0000000003733636,29.99999999382462,,,False,False,,,4.644207954406738,,,,,,53,465000000
straight_aisle,20,2.0,30.0,2.0000000003733636,29.99999999382462,,,False,False,,,4.733262062072754,,,,,,53,530000000
straight_aisle,20,2.0,30.0,2.0000000003733636,29.99999999382462,,,False,False,,,4.68255615234375,,,,,,53,595000000
straight_aisle,20,2.0,30.0,2.0000000003733636,29.99999999382462,,,False,False,,,4.65411901473999,,,,,,53,660000000
straight_aisle,20,2.0,30.0,2.0000000003733636,29.99999999382462,,,False,False,,,4.753495216369629,,,,,,53,725000000
straight_aisle,20,2.0,30.0,2.0000000003733636,29.99999999382462,,,False,False,,,4.753495216369629,,,,,,53,795000000
straight_aisle,20,2.0,30.0,2.0000000003733636,29.99999999382462,,,False,False,,,4.756083965301514,,,,,,53,860000000
straight_aisle,20,2.0,30.0,2.0000000003733636,29.99999999382462,,,False,False,,,4.7127580642700195,,,,,,53,925000000
straight_aisle,20,2.0,30.0,2.0000000003733636,29.99999999382462,,,False,False,,,5.124878883361816,,,,,,54,55000000
straight_aisle,20,2.0,30.0,2.0000000003733636,29.99999999382462,,,False,False,,,4.680656909942627,,,,,,54,125000000
straight_aisle,20,2.0,30.0,2.0000000003733636,29.99999999382462,,,False,False,,,5.3036627769470215,,,,,,54,190000000
straight_aisle,21,3.0,-30.0,2.99999999969402,-30.000000003373916,,,False,False,,,4.773871898651123,,,,,,54,585000000
straight_aisle,21,3.0,-30.0,2.99999999969402,-30.000000003373916,,,False,False,,,5.146426200866699,,,,,,54,650000000
straight_aisle,21,3.0,-30.0,2.99999999969402,-30.000000003373916,,,False,False,,,5.146426200866699,,,,,,54,715000000
straight_aisle,21,3.0,-30.0,2.99999999969402,-30.000000003373916,,,False,False,,,4.661765098571777,,,,,,54,785000000
straight_aisle,21,3.0,-30.0,2.99999999969402,-30.000000003373916,,,False,False,,,4.670242786407471,,,,,,54,850000000
straight_aisle,21,3.0,-30.0,2.99999999969402,-30.000000003373916,,,False,False,,,4.751309871673584,,,,,,54,915000000
straight_aisle,21,3.0,-30.0,2.99999999969402,-30.000000003373916,,,False,False,,,5.10188102722168,,,,,,54,980000000
straight_aisle,21,3.0,-30.0,2.99999999969402,-30.000000003373916,,,False,False,,,5.19124698638916,,,,,,55,45000000
straight_aisle,21,3.0,-30.0,2.99999999969402,-30.000000003373916,,,False,False,,,4.775557041168213,,,,,,55,115000000
straight_aisle,21,3.0,-30.0,2.99999999969402,-30.000000003373916,,,False,False,,,5.0779290199279785,,,,,,55,180000000
straight_aisle,21,3.0,-30.0,2.99999999969402,-30.000000003373916,,,False,False,,,5.051936149597168,,,,,,55,245000000
straight_aisle,21,3.0,-30.0,2.99999999969402,-30.000000003373916,,,False,False,,,4.966373920440674,,,,,,55,310000000
straight_aisle,21,3.0,-30.0,2.99999999969402,-30.000000003373916,,,False,False,,,6.982379913330078,,,,,,55,375000000
straight_aisle,21,3.0,-30.0,2.99999999969402,-30.000000003373916,,,False,False,,,6.982379913330078,,,,,,55,445000000
straight_aisle,21,3.0,-30.0,2.99999999969402,-30.000000003373916,,,False,False,,,4.895287990570068,,,,,,55,510000000
straight_aisle,21,3.0,-30.0,2.99999999969402,-30.000000003373916,,,False,False,,,4.895287990570068,,,,,,55,575000000
straight_aisle,21,3.0,-30.0,2.99999999969402,-30.000000003373916,,,False,False,,,6.94136381149292,,,,,,55,640000000
straight_aisle,21,3.0,-30.0,2.99999999969402,-30.000000003373916,,,False,False,,,6.94136381149292,,,,,,55,705000000
straight_aisle,21,3.0,-30.0,2.99999999969402,-30.000000003373916,,,False,False,,,6.837935924530029,,,,,,55,775000000
straight_aisle,21,3.0,-30.0,2.99999999969402,-30.000000003373916,,,False,False,,,6.470652103424072,,,,,,55,905000000
straight_aisle,21,3.0,-30.0,2.99999999969402,-30.000000003373916,,,False,False,,,6.470652103424072,,,,,,56,35000000
straight_aisle,21,3.0,-30.0,2.99999999969402,-30.000000003373916,,,False,False,,,4.7454938888549805,,,,,,56,105000000
straight_aisle,21,3.0,-30.0,2.99999999969402,-30.000000003373916,,,False,False,,,4.724634170532227,,,,,,56,170000000
straight_aisle,21,3.0,-30.0,2.99999999969402,-30.000000003373916,,,False,False,,,4.7123260498046875,,,,,,56,235000000
straight_aisle,21,3.0,-30.0,2.99999999969402,-30.000000003373916,,,False,False,,,4.7123260498046875,,,,,,56,300000000
straight_aisle,21,3.0,-30.0,2.99999999969402,-30.000000003373916,,,False,False,,,4.741827011108398,,,,,,56,365000000
straight_aisle,21,3.0,-30.0,2.99999999969402,-30.000000003373916,,,False,False,,,4.8579421043396,,,,,,56,435000000
straight_aisle,21,3.0,-30.0,2.99999999969402,-30.000000003373916,,,False,False,,,4.814398765563965,,,,,,56,500000000
straight_aisle,21,3.0,-30.0,2.99999999969402,-30.000000003373916,,,False,False,,,4.814398765563965,,,,,,56,630000000
straight_aisle,21,3.0,-30.0,2.99999999969402,-30.000000003373916,,,False,False,,,5.136929988861084,,,,,,56,695000000
straight_aisle,22,3.0,-20.0,2.999999999671713,-20.000000002749363,,,False,True,,,6.550515174865723,,,,,,57,160000000
straight_aisle,22,3.0,-20.0,2.999999999671713,-20.000000002749363,,,False,True,,,4.753464221954346,,,,,,57,225000000
straight_aisle,22,3.0,-20.0,2.999999999671713,-20.000000002749363,,,False,True,,,4.672138214111328,,,,,,57,290000000
straight_aisle,22,3.0,-20.0,2.999999999671713,-20.000000002749363,,,False,True,,,4.706164836883545,,,,,,57,355000000
straight_aisle,22,3.0,-20.0,2.999999999671713,-20.000000002749363,,,False,True,,,4.637509822845459,,,,,,57,490000000
straight_aisle,22,3.0,-20.0,2.999999999671713,-20.000000002749363,,,False,True,,,4.6909990310668945,,,,,,57,555000000
straight_aisle,22,3.0,-20.0,2.999999999671713,-20.000000002749363,,,False,True,,,4.6909990310668945,,,,,,57,755000000
straight_aisle,22,3.0,-20.0,2.999999999671713,-20.000000002749363,,,False,True,,,5.070456027984619,,,,,,57,885000000
straight_aisle,22,3.0,-20.0,2.999999999671713,-20.000000002749363,,,False,True,,,5.070456027984619,,,,,,57,950000000
straight_aisle,22,3.0,-20.0,2.999999999671713,-20.000000002749363,,,False,True,,,5.0939788818359375,,,,,,58,15000000
straight_aisle,22,3.0,-20.0,2.999999999671713,-20.000000002749363,,,False,True,,,5.0939788818359375,,,,,,58,150000000
straight_aisle,22,3.0,-20.0,2.999999999671713,-20.000000002749363,,,False,True,,,5.7353901863098145,,,,,,58,215000000
straight_aisle,22,3.0,-20.0,2.999999999671713,-20.000000002749363,,,False,True,,,5.7353901863098145,,,,,,58,280000000
straight_aisle,22,3.0,-20.0,2.999999999671713,-20.000000002749363,,,False,True,,,6.7292327880859375,,,,,,58,345000000
straight_aisle,22,3.0,-20.0,2.999999999671713,-20.000000002749363,,,False,True,,,6.699557781219482,,,,,,58,415000000
straight_aisle,22,3.0,-20.0,2.999999999671713,-20.000000002749363,,,False,True,,,6.894410133361816,,,,,,58,480000000
straight_aisle,22,3.0,-20.0,2.999999999671713,-20.000000002749363,,,False,True,,,6.559083938598633,,,,,,58,545000000
straight_aisle,22,3.0,-20.0,2.999999999671713,-20.000000002749363,,,False,True,,,4.7266411781311035,,,,,,58,610000000
straight_aisle,22,3.0,-20.0,2.999999999671713,-20.000000002749363,,,False,True,,,4.67538595199585,,,,,,58,675000000
straight_aisle,22,3.0,-20.0,2.999999999671713,-20.000000002749363,,,False,True,,,9.117547988891602,,,,,,58,745000000
straight_aisle,22,3.0,-20.0,2.999999999671713,-20.000000002749363,,,False,True,,,9.117547988891602,,,,,,58,875000000
straight_aisle,22,3.0,-20.0,2.999999999671713,-20.000000002749363,,,False,True,,,4.683687210083008,,,,,,58,940000000
straight_aisle,22,3.0,-20.0,2.999999999671713,-20.000000002749363,,,False,True,,,4.683687210083008,,,,,,59,5000000
straight_aisle,22,3.0,-20.0,2.999999999671713,-20.000000002749363,,,False,True,,,4.655848026275635,,,,,,59,140000000
straight_aisle,22,3.0,-20.0,2.999999999671713,-20.000000002749363,,,False,True,,,5.165916919708252,,,,,,59,205000000
straight_aisle,22,3.0,-20.0,2.999999999671713,-20.000000002749363,,,False,True,,,4.809125900268555,,,,,,59,270000000
straight_aisle,22,3.0,-20.0,2.999999999671713,-20.000000002749363,,,False,True,,,4.809125900268555,,,,,,59,335000000
straight_aisle,22,3.0,-20.0,2.999999999671713,-20.000000002749363,,,False,True,,,4.784564971923828,,,,,,59,405000000
straight_aisle,22,3.0,-20.0,2.999999999671713,-20.000000002749363,,,False,True,,,5.112453937530518,,,,,,59,470000000
straight_aisle,22,3.0,-20.0,2.999999999671713,-20.000000002749363,,,False,True,,,4.759110927581787,,,,,,59,535000000
straight_aisle,23,3.0,-10.0,2.999999999963795,-10.000000000106581,,,False,True,,,4.877336025238037,,,,,,59,995000000
straight_aisle,23,3.0,-10.0,2.999999999963795,-10.000000000106581,,,False,True,,,4.83554220199585,,,,,,60,65000000
straight_aisle,23,3.0,-10.0,2.999999999963795,-10.000000000106581,,,False,True,,,4.750861167907715,,,,,,60,130000000
straight_aisle,23,3.0,-10.0,2.999999999963795,-10.000000000106581,,,False,True,,,4.795126914978027,,,,,,60,195000000
straight_aisle,23,3.0,-10.0,2.999999999963795,-10.000000000106581,,,False,True,,,4.826103210449219,,,,,,60,260000000
straight_aisle,23,3.0,-10.0,2.999999999963795,-10.000000000106581,,,False,True,,,5.100693225860596,,,,,,60,325000000
straight_aisle,23,3.0,-10.0,2.999999999963795,-10.000000000106581,,,False,True,,,5.100693225860596,,,,,,60,395000000
straight_aisle,23,3.0,-10.0,2.999999999963795,-10.000000000106581,,,False,True,,,5.46109676361084,,,,,,60,460000000
straight_aisle,23,3.0,-10.0,2.999999999963795,-10.000000000106581,,,False,True,,,5.46109676361084,,,,,,60,525000000
straight_aisle,23,3.0,-10.0,2.999999999963795,-10.000000000106581,,,False,True,,,5.171341896057129,,,,,,60,590000000
straight_aisle,23,3.0,-10.0,2.999999999963795,-10.000000000106581,,,False,True,,,5.296966075897217,,,,,,60,655000000
straight_aisle,23,3.0,-10.0,2.999999999963795,-10.000000000106581,,,False,True,,,4.9998860359191895,,,,,,60,725000000
straight_aisle,23,3.0,-10.0,2.999999999963795,-10.000000000106581,,,False,True,,,4.9998860359191895,,,,,,60,790000000
straight_aisle,23,3.0,-10.0,2.999999999963795,-10.000000000106581,,,False,True,,,5.1330461502075195,,,,,,60,855000000
straight_aisle,23,3.0,-10.0,2.999999999963795,-10.000000000106581,,,False,True,,,6.7470479011535645,,,,,,60,920000000
straight_aisle,23,3.0,-10.0,2.999999999963795,-10.000000000106581,,,False,True,,,6.64572811126709,,,,,,60,985000000
straight_aisle,23,3.0,-10.0,2.999999999963795,-10.000000000106581,,,False,True,,,5.55610990524292,,,,,,61,55000000
straight_aisle,23,3.0,-10.0,2.999999999963795,-10.000000000106581,,,False,True,,,6.515875816345215,,,,,,61,250000000
straight_aisle,23,3.0,-10.0,2.999999999963795,-10.000000000106581,,,False,True,,,4.684229850769043,,,,,,61,315000000
straight_aisle,23,3.0,-10.0,2.999999999963795,-10.000000000106581,,,False,True,,,4.684229850769043,,,,,,61,385000000
straight_aisle,23,3.0,-10.0,2.999999999963795,-10.000000000106581,,,False,True,,,6.551056861877441,,,,,,61,450000000
straight_aisle,23,3.0,-10.0,2.999999999963795,-10.000000000106581,,,False,True,,,6.551056861877441,,,,,,61,515000000
straight_aisle,23,3.0,-10.0,2.999999999963795,-10.000000000106581,,,False,True,,,4.646553039550781,,,,,,61,580000000
straight_aisle,23,3.0,-10.0,2.999999999963795,-10.000000000106581,,,False,True,,,4.663608074188232,,,,,,61,645000000
straight_aisle,23,3.0,-10.0,2.999999999963795,-10.000000000106581,,,False,True,,,4.812830924987793,,,,,,61,715000000
straight_aisle,23,3.0,-10.0,2.999999999963795,-10.000000000106581,,,False,True,,,4.809637069702148,,,,,,61,780000000
straight_aisle,23,3.0,-10.0,2.999999999963795,-10.000000000106581,,,False,True,,,4.666231155395508,,,,,,61,845000000
straight_aisle,23,3.0,-10.0,2.999999999963795,-10.000000000106581,,,False,True,,,4.728589057922363,,,,,,61,910000000
straight_aisle,23,3.0,-10.0,2.999999999963795,-10.000000000106581,,,False,True,,,5.078249931335449,,,,,,61,975000000
straight_aisle,23,3.0,-10.0,2.999999999963795,-10.000000000106581,,,False,True,,,4.640160083770752,,,,,,62,45000000
straight_aisle,24,3.0,0.0,3.0,0.0,,,False,True,,,6.837410926818848,,,,,,62,505000000
straight_aisle,24,3.0,0.0,3.0,0.0,,,False,True,,,4.762555122375488,,,,,,62,570000000
straight_aisle,24,3.0,0.0,3.0,0.0,,,False,True,,,4.748715877532959,,,,,,62,635000000
straight_aisle,24,3.0,0.0,3.0,0.0,,,False,True,,,4.752295970916748,,,,,,62,705000000
straight_aisle,24,3.0,0.0,3.0,0.0,,,False,True,,,4.764315128326416,,,,,,62,835000000
straight_aisle,24,3.0,0.0,3.0,0.0,,,False,True,,,4.8601298332214355,,,,,,62,900000000
straight_aisle,24,3.0,0.0,3.0,0.0,,,False,True,,,4.658083915710449,,,,,,62,965000000
straight_aisle,24,3.0,0.0,3.0,0.0,,,False,True,,,4.677011013031006,,,,,,63,35000000
straight_aisle,24,3.0,0.0,3.0,0.0,,,False,True,,,4.677011013031006,,,,,,63,165000000
straight_aisle,24,3.0,0.0,3.0,0.0,,,False,True,,,4.68347692489624,,,,,,63,230000000
straight_aisle,24,3.0,0.0,3.0,0.0,,,False,True,,,5.179746150970459,,,,,,63,295000000
straight_aisle,24,3.0,0.0,3.0,0.0,,,False,True,,,5.0417561531066895,,,,,,63,430000000
straight_aisle,24,3.0,0.0,3.0,0.0,,,False,True,,,5.0417561531066895,,,,,,63,495000000
straight_aisle,24,3.0,0.0,3.0,0.0,,,False,True,,,5.070961952209473,,,,,,63,560000000
straight_aisle,24,3.0,0.0,3.0,0.0,,,False,True,,,5.070961952209473,,,,,,63,625000000
straight_aisle,24,3.0,0.0,3.0,0.0,,,False,True,,,7.063929080963135,,,,,,63,695000000
straight_aisle,24,3.0,0.0,3.0,0.0,,,False,True,,,4.832756042480469,,,,,,63,760000000
straight_aisle,24,3.0,0.0,3.0,0.0,,,False,True,,,6.86621618270874,,,,,,63,825000000
straight_aisle,24,3.0,0.0,3.0,0.0,,,False,True,,,6.871592044830322,,,,,,63,890000000
straight_aisle,24,3.0,0.0,3.0,0.0,,,False,True,,,5.182715892791748,,,,,,63,955000000
straight_aisle,24,3.0,0.0,3.0,0.0,,,False,True,,,5.182715892791748,,,,,,64,25000000
straight_aisle,24,3.0,0.0,3.0,0.0,,,False,True,,,6.8455891609191895,,,,,,64,90000000
straight_aisle,24,3.0,0.0,3.0,0.0,,,False,True,,,6.64178991317749,,,,,,64,155000000
straight_aisle,24,3.0,0.0,3.0,0.0,,,False,True,,,4.775949954986572,,,,,,64,220000000
straight_aisle,24,3.0,0.0,3.0,0.0,,,False,True,,,4.766150951385498,,,,,,64,285000000
straight_aisle,24,3.0,0.0,3.0,0.0,,,False,True,,,4.940301895141602,,,,,,64,355000000
straight_aisle,24,3.0,0.0,3.0,0.0,,,False,True,,,4.839755058288574,,,,,,64,420000000
straight_aisle,24,3.0,0.0,3.0,0.0,,,False,True,,,4.953926086425781,,,,,,64,485000000
straight_aisle,24,3.0,0.0,3.0,0.0,,,False,True,,,4.82423210144043,,,,,,64,550000000
straight_aisle,24,3.0,0.0,3.0,0.0,,,False,True,,,4.953732967376709,,,,,,64,615000000
straight_aisle,25,3.0,10.0,2.999999999963795,10.000000000106581,,,False,True,,,5.0349249839782715,,,,,,65,15000000
straight_aisle,25,3.0,10.0,2.999999999963795,10.000000000106581,,,False,True,,,7.542974948883057,,,,,,65,80000000
straight_aisle,25,3.0,10.0,2.999999999963795,10.000000000106581,,,False,True,,,4.741393089294434,,,,,,65,145000000
straight_aisle,25,3.0,10.0,2.999999999963795,10.000000000106581,,,False,True,,,4.741393089294434,,,,,,65,210000000
straight_aisle,25,3.0,10.0,2.999999999963795,10.000000000106581,,,False,True,,,4.778436183929443,,,,,,65,275000000
straight_aisle,25,3.0,10.0,2.999999999963795,10.000000000106581,,,False,True,,,4.7557759284973145,,,,,,65,345000000
straight_aisle,25,3.0,10.0,2.999999999963795,10.000000000106581,,,False,True,,,4.716872215270996,,,,,,65,410000000
straight_aisle,25,3.0,10.0,2.999999999963795,10.000000000106581,,,False,True,,,4.716872215270996,,,,,,65,475000000
straight_aisle,25,3.0,10.0,2.999999999963795,10.000000000106581,,,False,True,,,4.988955974578857,,,,,,65,540000000
straight_aisle,25,3.0,10.0,2.999999999963795,10.000000000106581,,,False,True,,,5.086084842681885,,,,,,65,605000000
straight_aisle,25,3.0,10.0,2.999999999963795,10.000000000106581,,,False,True,,,4.82548713684082,,,,,,65,675000000
straight_aisle,25,3.0,10.0,2.999999999963795,10.000000000106581,,,False,True,,,4.830204963684082,,,,,,65,740000000
straight_aisle,25,3.0,10.0,2.999999999963795,10.000000000106581,,,False,True,,,5.084442138671875,,,,,,65,805000000
straight_aisle,25,3.0,10.0,2.999999999963795,10.000000000106581,,,False,True,,,6.517570972442627,,,,,,65,870000000
straight_aisle,25,3.0,10.0,2.999999999963795,10.000000000106581,,,False,True,,,6.517570972442627,,,,,,65,935000000
straight_aisle,25,3.0,10.0,2.999999999963795,10.000000000106581,,,False,True,,,4.936802864074707,,,,,,66,5000000
straight_aisle,25,3.0,10.0,2.999999999963795,10.000000000106581,,,False,True,,,4.936802864074707,,,,,,66,70000000
straight_aisle,25,3.0,10.0,2.999999999963795,10.000000000106581,,,False,True,,,6.093315124511719,,,,,,66,135000000
straight_aisle,25,3.0,10.0,2.999999999963795,10.000000000106581,,,False,True,,,7.8155951499938965,,,,,,66,200000000
straight_aisle,25,3.0,10.0,2.999999999963795,10.000000000106581,,,False,True,,,7.8155951499938965,,,,,,66,265000000
straight_aisle,25,3.0,10.0,2.999999999963795,10.000000000106581,,,False,True,,,6.606044769287109,,,,,,66,335000000
straight_aisle,25,3.0,10.0,2.999999999963795,10.000000000106581,,,False,True,,,6.606044769287109,,,,,,66,400000000
straight_aisle,25,3.0,10.0,2.999999999963795,10.000000000106581,,,False,True,,,7.463621139526367,,,,,,66,465000000
straight_aisle,25,3.0,10.0,2.999999999963795,10.000000000106581,,,False,True,,,4.8764238357543945,,,,,,66,595000000
straight_aisle,25,3.0,10.0,2.999999999963795,10.000000000106581,,,False,True,,,7.508602142333984,,,,,,66,665000000
straight_aisle,25,3.0,10.0,2.999999999963795,10.000000000106581,,,False,True,,,7.497189998626709,,,,,,66,730000000
straight_aisle,25,3.0,10.0,2.999999999963795,10.000000000106581,,,False,True,,,4.714694976806641,,,,,,66,795000000
straight_aisle,25,3.0,10.0,2.999999999963795,10.000000000106581,,,False,True,,,4.708693981170654,,,,,,66,860000000
straight_aisle,25,3.0,10.0,2.999999999963795,10.000000000106581,,,False,True,,,4.71215295791626,,,,,,66,925000000
straight_aisle,25,3.0,10.0,2.999999999963795,10.000000000106581,,,False,True,,,4.74894380569458,,,,,,66,995000000
straight_aisle,26,3.0,20.0,2.999999999671713,20.000000002749363,,,False,True,,,4.785548210144043,,,,,,67,390000000
straight_aisle,26,3.0,20.0,2.999999999671713,20.000000002749363,,,False,True,,,4.847550868988037,,,,,,67,455000000
straight_aisle,26,3.0,20.0,2.999999999671713,20.000000002749363,,,False,True,,,4.753570079803467,,,,,,67,520000000
straight_aisle,26,3.0,20.0,2.999999999671713,20.000000002749363,,,False,True,,,4.728525161743164,,,,,,67,655000000
straight_aisle,26,3.0,20.0,2.999999999671713,20.000000002749363,,,False,True,,,4.728525161743164,,,,,,67,720000000
straight_aisle,26,3.0,20.0,2.999999999671713,20.000000002749363,,,False,True,,,4.7147698402404785,,,,,,67,785000000
straight_aisle,26,3.0,20.0,2.999999999671713,20.000000002749363,,,False,True,,,4.738478183746338,,,,,,67,850000000
straight_aisle,26,3.0,20.0,2.999999999671713,20.000000002749363,,,False,True,,,4.858213901519775,,,,,,67,915000000
straight_aisle,26,3.0,20.0,2.999999999671713,20.000000002749363,,,False,True,,,4.858213901519775,,,,,,67,985000000
straight_aisle,26,3.0,20.0,2.999999999671713,20.000000002749363,,,False,True,,,4.9024529457092285,,,,,,68,50000000
straight_aisle,26,3.0,20.0,2.999999999671713,20.000000002749363,,,False,True,,,4.7964558601379395,,,,,,68,115000000
straight_aisle,26,3.0,20.0,2.999999999671713,20.000000002749363,,,False,True,,,4.7964558601379395,,,,,,68,180000000
straight_aisle,26,3.0,20.0,2.999999999671713,20.000000002749363,,,False,True,,,4.930922031402588,,,,,,68,245000000
straight_aisle,26,3.0,20.0,2.999999999671713,20.000000002749363,,,False,True,,,4.814317226409912,,,,,,68,315000000
straight_aisle,26,3.0,20.0,2.999999999671713,20.000000002749363,,,False,True,,,4.762342929840088,,,,,,68,380000000
straight_aisle,26,3.0,20.0,2.999999999671713,20.000000002749363,,,False,True,,,5.335265159606934,,,,,,68,445000000
straight_aisle,26,3.0,20.0,2.999999999671713,20.000000002749363,,,False,True,,,5.927443981170654,,,,,,68,510000000
straight_aisle,26,3.0,20.0,2.999999999671713,20.000000002749363,,,False,True,,,7.429381847381592,,,,,,68,575000000
straight_aisle,26,3.0,20.0,2.999999999671713,20.000000002749363,,,False,True,,,4.802319049835205,,,,,,68,645000000
straight_aisle,26,3.0,20.0,2.999999999671713,20.000000002749363,,,False,True,,,7.024225234985352,,,,,,68,710000000
straight_aisle,26,3.0,20.0,2.999999999671713,20.000000002749363,,,False,True,,,6.944194793701172,,,,,,68,775000000
straight_aisle,26,3.0,20.0,2.999999999671713,20.000000002749363,,,False,True,,,6.944194793701172,,,,,,68,840000000
straight_aisle,26,3.0,20.0,2.999999999671713,20.000000002749363,,,False,True,,,6.5667219161987305,,,,,,68,905000000
straight_aisle,26,3.0,20.0,2.999999999671713,20.000000002749363,,,False,True,,,6.745139122009277,,,,,,68,975000000
straight_aisle,26,3.0,20.0,2.999999999671713,20.000000002749363,,,False,True,,,6.576813220977783,,,,,,69,40000000
straight_aisle,26,3.0,20.0,2.999999999671713,20.000000002749363,,,False,True,,,4.680340766906738,,,,,,69,105000000
straight_aisle,26,3.0,20.0,2.999999999671713,20.000000002749363,,,False,True,,,4.745516777038574,,,,,,69,170000000
straight_aisle,26,3.0,20.0,2.999999999671713,20.000000002749363,,,False,True,,,4.871708869934082,,,,,,69,235000000
straight_aisle,26,3.0,20.0,2.999999999671713,20.000000002749363,,,False,True,,,6.574253082275391,,,,,,69,305000000
straight_aisle,26,3.0,20.0,2.999999999671713,20.000000002749363,,,False,True,,,6.574253082275391,,,,,,69,370000000
straight_aisle,27,3.0,30.0,2.99999999969402,30.000000003373916,,,False,False,,,7.107163906097412,,,,,,69,895000000
straight_aisle,27,3.0,30.0,2.99999999969402,30.000000003373916,,,False,False,,,6.622131824493408,,,,,,69,965000000
straight_aisle,27,3.0,30.0,2.99999999969402,30.000000003373916,,,False,False,,,6.75541877746582,,,,,,70,30000000
straight_aisle,27,3.0,30.0,2.99999999969402,30.000000003373916,,,False,False,,,6.75541877746582,,,,,,70,95000000
straight_aisle,27,3.0,30.0,2.99999999969402,30.000000003373916,,,False,False,,,4.7307209968566895,,,,,,70,160000000
straight_aisle,27,3.0,30.0,2.99999999969402,30.000000003373916,,,False,False,,,4.7307209968566895,,,,,,70,225000000
straight_aisle,27,3.0,30.0,2.99999999969402,30.000000003373916,,,False,False,,,4.693313121795654,,,,,,70,295000000
straight_aisle,27,3.0,30.0,2.99999999969402,30.000000003373916,,,False,False,,,6.54030704498291,,,,,,70,425000000
straight_aisle,27,3.0,30.0,2.99999999969402,30.000000003373916,,,False,False,,,4.705444812774658,,,,,,70,490000000
straight_aisle,27,3.0,30.0,2.99999999969402,30.000000003373916,,,False,False,,,4.65943717956543,,,,,,70,555000000
straight_aisle,27,3.0,30.0,2.99999999969402,30.000000003373916,,,False,False,,,4.7476911544799805,,,,,,70,625000000
straight_aisle,27,3.0,30.0,2.99999999969402,30.000000003373916,,,False,False,,,4.7476911544799805,,,,,,70,690000000
straight_aisle,27,3.0,30.0,2.99999999969402,30.000000003373916,,,False,False,,,4.789987087249756,,,,,,70,885000000
straight_aisle,27,3.0,30.0,2.99999999969402,30.000000003373916,,,False,False,,,5.179553985595703,,,,,,71,20000000
straight_aisle,27,3.0,30.0,2.99999999969402,30.000000003373916,,,False,False,,,4.920454978942871,,,,,,71,85000000
straight_aisle,27,3.0,30.0,2.99999999969402,30.000000003373916,,,False,False,,,5.871405124664307,,,,,,71,150000000
straight_aisle,27,3.0,30.0,2.99999999969402,30.000000003373916,,,False,False,,,5.871405124664307,,,,,,71,215000000
straight_aisle,27,3.0,30.0,2.99999999969402,30.000000003373916,,,False,False,,,6.9206461906433105,,,,,,71,285000000
straight_aisle,27,3.0,30.0,2.99999999969402,30.000000003373916,,,False,False,,,5.223519802093506,,,,,,71,350000000
straight_aisle,27,3.0,30.0,2.99999999969402,30.000000003373916,,,False,False,,,5.223519802093506,,,,,,71,415000000
straight_aisle,27,3.0,30.0,2.99999999969402,30.000000003373916,,,False,False,,,6.606771945953369,,,,,,71,480000000
straight_aisle,27,3.0,30.0,2.99999999969402,30.000000003373916,,,False,False,,,4.731171131134033,,,,,,71,545000000
straight_aisle,27,3.0,30.0,2.99999999969402,30.000000003373916,,,False,False,,,6.874546051025391,,,,,,71,615000000
straight_aisle,27,3.0,30.0,2.99999999969402,30.000000003373916,,,False,False,,,6.874546051025391,,,,,,71,680000000
straight_aisle,27,3.0,30.0,2.99999999969402,30.000000003373916,,,False,False,,,4.765931129455566,,,,,,71,745000000
straight_aisle,27,3.0,30.0,2.99999999969402,30.000000003373916,,,False,False,,,4.671677112579346,,,,,,71,810000000
straight_aisle,27,3.0,30.0,2.99999999969402,30.000000003373916,,,False,False,,,4.8819499015808105,,,,,,71,875000000
straight_aisle,27,3.0,30.0,2.99999999969402,30.000000003373916,,,False,False,,,6.584565162658691,,,,,,71,945000000
straight_aisle,27,3.0,30.0,2.99999999969402,30.000000003373916,,,False,False,,,4.767364025115967,,,,,,72,10000000
straight_aisle,27,3.0,30.0,2.99999999969402,30.000000003373916,,,False,False,,,4.698235988616943,,,,,,72,75000000
straight_aisle,28,4.0,-30.0,3.9999999998807008,-30.0000000009866,,,False,False,,,7.482545852661133,,,,,,72,535000000
straight_aisle,28,4.0,-30.0,3.9999999998807008,-30.0000000009866,,,False,False,,,5.622469902038574,,,,,,72,605000000
straight_aisle,28,4.0,-30.0,3.9999999998807008,-30.0000000009866,,,False,False,,,6.0658040046691895,,,,,,72,670000000
straight_aisle,28,4.0,-30.0,3.9999999998807008,-30.0000000009866,,,False,False,,,7.109405994415283,,,,,,72,735000000
straight_aisle,28,4.0,-30.0,3.9999999998807008,-30.0000000009866,,,False,False,,,6.550743103027344,,,,,,72,800000000
straight_aisle,28,4.0,-30.0,3.9999999998807008,-30.0000000009866,,,False,False,,,4.756954193115234,,,,,,72,865000000
straight_aisle,28,4.0,-30.0,3.9999999998807008,-30.0000000009866,,,False,False,,,4.756954193115234,,,,,,72,935000000
straight_aisle,28,4.0,-30.0,3.9999999998807008,-30.0000000009866,,,False,False,,,4.719226837158203,,,,,,73,0
straight_aisle,28,4.0,-30.0,3.9999999998807008,-30.0000000009866,,,False,False,,,4.689046859741211,,,,,,73,65000000
straight_aisle,28,4.0,-30.0,3.9999999998807008,-30.0000000009866,,,False,False,,,4.741454124450684,,,,,,73,130000000
straight_aisle,28,4.0,-30.0,3.9999999998807008,-30.0000000009866,,,False,False,,,4.7011260986328125,,,,,,73,195000000
straight_aisle,28,4.0,-30.0,3.9999999998807008,-30.0000000009866,,,False,False,,,4.825404167175293,,,,,,73,265000000
straight_aisle,28,4.0,-30.0,3.9999999998807008,-30.0000000009866,,,False,False,,,4.708631992340088,,,,,,73,330000000
straight_aisle,28,4.0,-30.0,3.9999999998807008,-30.0000000009866,,,False,False,,,4.708631992340088,,,,,,73,395000000
straight_aisle,28,4.0,-30.0,3.9999999998807008,-30.0000000009866,,,False,False,,,4.6763811111450195,,,,,,73,525000000
straight_aisle,28,4.0,-30.0,3.9999999998807008,-30.0000000009866,,,False,False,,,4.676311016082764,,,,,,73,595000000
straight_aisle,28,4.0,-30.0,3.9999999998807008,-30.0000000009866,,,False,False,,,4.707334041595459,,,,,,73,725000000
straight_aisle,28,4.0,-30.0,3.9999999998807008,-30.0000000009866,,,False,False,,,4.806996822357178,,,,,,73,790000000
straight_aisle,28,4.0,-30.0,3.9999999998807008,-30.0000000009866,,,False,False,,,4.990194797515869,,,,,,73,855000000
straight_aisle,28,4.0,-30.0,3.9999999998807008,-30.0000000009866,,,False,False,,,5.000131130218506,,,,,,73,925000000
straight_aisle,28,4.0,-30.0,3.9999999998807008,-30.0000000009866,,,False,False,,,4.760791778564453,,,,,,73,990000000
straight_aisle,28,4.0,-30.0,3.9999999998807008,-30.0000000009866,,,False,False,,,4.760791778564453,,,,,,74,55000000
straight_aisle,28,4.0,-30.0,3.9999999998807008,-30.0000000009866,,,False,False,,,7.673287868499756,,,,,,74,120000000
straight_aisle,28,4.0,-30.0,3.9999999998807008,-30.0000000009866,,,False,False,,,7.421759128570557,,,,,,74,185000000
straight_aisle,28,4.0,-30.0,3.9999999998807008,-30.0000000009866,,,False,False,,,6.720005989074707,,,,,,74,255000000
straight_aisle,28,4.0,-30.0,3.9999999998807008,-30.0000000009866,,,False,False,,,6.720005989074707,,,,,,74,320000000
straight_aisle,28,4.0,-30.0,3.9999999998807008,-30.0000000009866,,,False,False,,,7.912926197052002,,,,,,74,385000000
straight_aisle,28,4.0,-30.0,3.9999999998807008,-30.0000000009866,,,False,False,,,4.756661891937256,,,,,,74,450000000
straight_aisle,28,4.0,-30.0,3.9999999998807008,-30.0000000009866,,,False,False,,,4.83618688583374,,,,,,74,515000000
straight_aisle,28,4.0,-30.0,3.9999999998807008,-30.0000000009866,,,False,False,,,5.51430606842041,,,,,,74,585000000
straight_aisle,29,4.0,-20.0,3.9999999997615077,-19.999999996629636,,,False,True,,,4.87740421295166,,,,,,75,45000000
straight_aisle,29,4.0,-20.0,3.9999999997615077,-19.999999996629636,,,False,True,,,4.87740421295166,,,,,,75,110000000
straight_aisle,29,4.0,-20.0,3.9999999997615077,-19.999999996629636,,,False,True,,,7.69932222366333,,,,,,75,175000000
straight_aisle,29,4.0,-20.0,3.9999999997615077,-19.999999996629636,,,False,True,,,5.128990173339844,,,,,,75,245000000
straight_aisle,29,4.0,-20.0,3.9999999997615077,-19.999999996629636,,,False,True,,,5.128990173339844,,,,,,75,310000000
straight_aisle,29,4.0,-20.0,3.9999999997615077,-19.999999996629636,,,False,True,,,7.667080879211426,,,,,,75,375000000
straight_aisle,29,4.0,-20.0,3.9999999997615077,-19.999999996629636,,,False,True,,,7.667080879211426,,,,,,75,440000000
straight_aisle,29,4.0,-20.0,3.9999999997615077,-19.999999996629636,,,False,True,,,6.887551784515381,,,,,,75,640000000
straight_aisle,29,4.0,-20.0,3.9999999997615077,-19.999999996629636,,,False,True,,,7.683791160583496,,,,,,75,705000000
straight_aisle,29,4.0,-20.0,3.9999999997615077,-19.999999996629636,,,False,True,,,5.048524856567383,,,,,,75,770000000
straight_aisle,29,4.0,-20.0,3.9999999997615077,-19.999999996629636,,,False,True,,,5.048524856567383,,,,,,75,835000000
straight_aisle,29,4.0,-20.0,3.9999999997615077,-19.999999996629636,,,False,True,,,4.713571071624756,,,,,,75,970000000
straight_aisle,29,4.0,-20.0,3.9999999997615077,-19.999999996629636,,,False,True,,,4.755148887634277,,,,,,76,100000000
straight_aisle,29,4.0,-20.0,3.9999999997615077,-19.999999996629636,,,False,True,,,4.942163944244385,,,,,,76,165000000
straight_aisle,29,4.0,-20.0,3.9999999997615077,-19.999999996629636,,,False,True,,,4.687065124511719,,,,,,76,235000000
straight_aisle,29,4.0,-20.0,3.9999999997615077,-19.999999996629636,,,False,True,,,4.762217044830322,,,,,,76,300000000
straight_aisle,29,4.0,-20.0,3.9999999997615077,-19.999999996629636,,,False,True,,,5.019768238067627,,,,,,76,430000000
straight_aisle,29,4.0,-20.0,3.9999999997615077,-19.999999996629636,,,False,True,,,5.209155082702637,,,,,,76,495000000
straight_aisle,29,4.0,-20.0,3.9999999997615077,-19.999999996629636,,,False,True,,,5.209155082702637,,,,,,76,565000000
straight_aisle,29,4.0,-20.0,3.9999999997615077,-19.999999996629636,,,False,True,,,4.99607515335083,,,,,,76,630000000
straight_aisle,29,4.0,-20.0,3.9999999997615077,-19.999999996629636,,,False,True,,,4.764103889465332,,,,,,76,695000000
straight_aisle,29,4.0,-20.0,3.9999999997615077,-19.999999996629636,,,False,True,,,5.341206073760986,,,,,,76,760000000
straight_aisle,29,4.0,-20.0,3.9999999997615077,-19.999999996629636,,,False,True,,,4.995707035064697,,,,,,76,895000000
straight_aisle,29,4.0,-20.0,3.9999999997615077,-19.999999996629636,,,False,True,,,4.995707035064697,,,,,,76,960000000
straight_aisle,29,4.0,-20.0,3.9999999997615077,-19.999999996629636,,,False,True,,,6.511538028717041,,,,,,77,25000000
straight_aisle,29,4.0,-20.0,3.9999999997615077,-19.999999996629636,,,False,True,,,6.491308212280273,,,,,,77,90000000
straight_aisle,29,4.0,-20.0,3.9999999997615077,-19.999999996629636,,,False,True,,,4.756435871124268,,,,,,77,155000000
straight_aisle,29,4.0,-20.0,3.9999999997615077,-19.999999996629636,,,False,True,,,6.6131768226623535,,,,,,77,290000000
straight_aisle,29,4.0,-20.0,3.9999999997615077,-19.999999996629636,,,False,True,,,4.86560583114624,,,,,,77,355000000
straight_aisle,29,4.0,-20.0,3.9999999997615077,-19.999999996629636,,,False,True,,,7.89296293258667,,,,,,77,420000000
straight_aisle,30,4.0,-10.0,3.9999999999575144,-10.000000000576796,,,False,True,,,5.878374099731445,,,,,,77,815000000
straight_aisle,30,4.0,-10.0,3.9999999999575144,-10.000000000576796,,,False,True,,,6.851656913757324,,,,,,77,885000000
straight_aisle,30,4.0,-10.0,3.9999999999575144,-10.000000000576796,,,False,True,,,4.937049865722656,,,,,,77,950000000
straight_aisle,30,4.0,-10.0,3.9999999999575144,-10.000000000576796,,,False,True,,,5.795963764190674,,,,,,78,15000000
straight_aisle,30,4.0,-10.0,3.9999999999575144,-10.000000000576796,,,False,True,,,5.795963764190674,,,,,,78,80000000
straight_aisle,30,4.0,-10.0,3.9999999999575144,-10.000000000576796,,,False,True,,,6.631224155426025,,,,,,78,215000000
straight_aisle,30,4.0,-10.0,3.9999999999575144,-10.000000000576796,,,False,True,,,4.903879165649414,,,,,,78,280000000
straight_aisle,30,4.0,-10.0,3.9999999999575144,-10.000000000576796,,,False,True,,,5.036485195159912,,,,,,78,345000000
straight_aisle,30,4.0,-10.0,3.9999999999575144,-10.000000000576796,,,False,True,,,5.036485195159912,,,,,,78,410000000
straight_aisle,30,4.0,-10.0,3.9999999999575144,-10.000000000576796,,,False,True,,,4.670806884765625,,,,,,78,475000000
straight_aisle,30,4.0,-10.0,3.9999999999575144,-10.000000000576796,,,False,True,,,6.571282863616943,,,,,,78,545000000
straight_aisle,30,4.0,-10.0,3.9999999999575144,-10.000000000576796,,,False,True,,,6.447740077972412,,,,,,78,610000000
straight_aisle,30,4.0,-10.0,3.9999999999575144,-10.000000000576796,,,False,True,,,4.832036972045898,,,,,,78,675000000
straight_aisle,30,4.0,-10.0,3.9999999999575144,-10.000000000576796,,,False,True,,,4.832036972045898,,,,,,78,740000000
straight_aisle,30,4.0,-10.0,3.9999999999575144,-10.000000000576796,,,False,True,,,4.674461841583252,,,,,,78,805000000
straight_aisle,30,4.0,-10.0,3.9999999999575144,-10.000000000576796,,,False,True,,,4.676127910614014,,,,,,78,875000000
straight_aisle,30,4.0,-10.0,3.9999999999575144,-10.000000000576796,,,False,True,,,4.676127910614014,,,,,,78,940000000
straight_aisle,30,4.0,-10.0,3.9999999999575144,-10.000000000576796,,,False,True,,,4.694055080413818,,,,,,79,5000000
straight_aisle,30,4.0,-10.0,3.9999999999575144,-10.000000000576796,,,False,True,,,5.17253303527832,,,,,,79,70000000
straight_aisle,30,4.0,-10.0,3.9999999999575144,-10.000000000576796,,,False,True,,,4.694414138793945,,,,,,79,205000000
straight_aisle,30,4.0,-10.0,3.9999999999575144,-10.000000000576796,,,False,True,,,4.874002933502197,,,,,,79,400000000
straight_aisle,30,4.0,-10.0,3.9999999999575144,-10.000000000576796,,,False,True,,,5.591805934906006,,,,,,79,465000000
straight_aisle,30,4.0,-10.0,3.9999999999575144,-10.000000000576796,,,False,True,,,5.591805934906006,,,,,,79,535000000
straight_aisle,30,4.0,-10.0,3.9999999999575144,-10.000000000576796,,,False,True,,,4.886382102966309,,,,,,79,600000000
straight_aisle,30,4.0,-10.0,3.9999999999575144,-10.000000000576796,,,False,True,,,6.758953094482422,,,,,,79,665000000
straight_aisle,30,4.0,-10.0,3.9999999999575144,-10.000000000576796,,,False,True,,,6.949832916259766,,,,,,79,730000000
straight_aisle,30,4.0,-10.0,3.9999999999575144,-10.000000000576796,,,False,True,,,4.798336982727051,,,,,,79,795000000
straight_aisle,30,4.0,-10.0,3.9999999999575144,-10.000000000576796,,,False,True,,,6.819459915161133,,,,,,79,930000000
straight_aisle,30,4.0,-10.0,3.9999999999575144,-10.000000000576796,,,False,True,,,6.5588579177856445,,,,,,79,995000000
straight_aisle,30,4.0,-10.0,3.9999999999575144,-10.000000000576796,,,False,True,,,4.726785182952881,,,,,,80,60000000
straight_aisle,31,4.0,0.0,4.0,0.0,,,False,True,,,7.300443172454834,,,,,,80,455000000
straight_aisle,31,4.0,0.0,4.0,0.0,,,False,True,,,7.425103187561035,,,,,,80,525000000
straight_aisle,31,4.0,0.0,4.0,0.0,,,False,True,,,7.099442005157471,,,,,,80,590000000
straight_aisle,31,4.0,0.0,4.0,0.0,,,False,True,,,6.187221050262451,,,,,,80,655000000
straight_aisle,31,4.0,0.0,4.0,0.0,,,False,True,,,6.211542129516602,,,,,,80,720000000
straight_aisle,31,4.0,0.0,4.0,0.0,,,False,True,,,4.739419937133789,,,,,,80,785000000
straight_aisle,31,4.0,0.0,4.0,0.0,,,False,True,,,6.851809978485107,,,,,,80,855000000
straight_aisle,31,4.0,0.0,4.0,0.0,,,False,True,,,6.851809978485107,,,,,,80,920000000
straight_aisle,31,4.0,0.0,4.0,0.0,,,False,True,,,5.311205863952637,,,,,,80,985000000
straight_aisle,31,4.0,0.0,4.0,0.0,,,False,True,,,4.686034202575684,,,,,,81,115000000
straight_aisle,31,4.0,0.0,4.0,0.0,,,False,True,,,4.771440029144287,,,,,,81,185000000
straight_aisle,31,4.0,0.0,4.0,0.0,,,False,True,,,4.676619052886963,,,,,,81,250000000
straight_aisle,31,4.0,0.0,4.0,0.0,,,False,True,,,4.671321868896484,,,,,,81,315000000
straight_aisle,31,4.0,0.0,4.0,0.0,,,False,True,,,8.78042221069336,,,,,,81,380000000
straight_aisle,31,4.0,0.0,4.0,0.0,,,False,True,,,4.833805084228516,,,,,,81,445000000
straight_aisle,31,4.0,0.0,4.0,0.0,,,False,True,,,4.699044227600098,,,,,,81,515000000
straight_aisle,31,4.0,0.0,4.0,0.0,,,False,True,,,4.699044227600098,,,,,,81,645000000
straight_aisle,31,4.0,0.0,4.0,0.0,,,False,True,,,4.966160774230957,,,,,,81,710000000
straight_aisle,31,4.0,0.0,4.0,0.0,,,False,True,,,4.966160774230957,,,,,,81,845000000
straight_aisle,31,4.0,0.0,4.0,0.0,,,False,True,,,5.05731201171875,,,,,,81,910000000
straight_aisle,31,4.0,0.0,4.0,0.0,,,False,True,,,5.769856929779053,,,,,,81,975000000
straight_aisle,31,4.0,0.0,4.0,0.0,,,False,True,,,6.893219947814941,,,,,,82,105000000
straight_aisle,31,4.0,0.0,4.0,0.0,,,False,True,,,4.931891918182373,,,,,,82,175000000
straight_aisle,31,4.0,0.0,4.0,0.0,,,False,True,,,7.19101619720459,,,,,,82,240000000
straight_aisle,31,4.0,0.0,4.0,0.0,,,False,True,,,6.814173221588135,,,,,,82,305000000
straight_aisle,31,4.0,0.0,4.0,0.0,,,False,True,,,4.78056001663208,,,,,,82,370000000
straight_aisle,31,4.0,0.0,4.0,0.0,,,False,True,,,4.7403340339660645,,,,,,82,435000000
straight_aisle,31,4.0,0.0,4.0,0.0,,,False,True,,,6.7911481857299805,,,,,,82,505000000
straight_aisle,31,4.0,0.0,4.0,0.0,,,False,True,,,6.1103339195251465,,,,,,82,570000000
straight_aisle,31,4.0,0.0,4.0,0.0,,,False,True,,,5.104146957397461,,,,,,82,635000000
straight_aisle,32,4.0,10.0,3.9999999999575144,10.000000000576796,,,False,True,,,6.943395137786865,,,,,,83,95000000
straight_aisle,32,4.0,10.0,3.9999999999575144,10.000000000576796,,,False,True,,,4.80263090133667,,,,,,83,165000000
straight_aisle,32,4.0,10.0,3.9999999999575144,10.000000000576796,,,False,True,,,6.582776069641113,,,,,,83,230000000
straight_aisle,32,4.0,10.0,3.9999999999575144,10.000000000576796,,,False,True,,,4.779216766357422,,,,,,83,295000000
straight_aisle,32,4.0,10.0,3.9999999999575144,10.000000000576796,,,False,True,,,6.2548041343688965,,,,,,83,425000000
straight_aisle,32,4.0,10.0,3.9999999999575144,10.000000000576796,,,False,True,,,6.753562927246094,,,,,,83,495000000
straight_aisle,32,4.0,10.0,3.9999999999575144,10.000000000576796,,,False,True,,,4.696234226226807,,,,,,83,625000000
straight_aisle,32,4.0,10.0,3.9999999999575144,10.000000000576796,,,False,True,,,4.852378845214844,,,,,,83,825000000
straight_aisle,32,4.0,10.0,3.9999999999575144,10.000000000576796,,,False,True,,,4.802192211151123,,,,,,83,890000000
straight_aisle,32,4.0,10.0,3.9999999999575144,10.000000000576796,,,False,True,,,4.802192211151123,,,,,,83,955000000
straight_aisle,32,4.0,10.0,3.9999999999575144,10.000000000576796,,,False,True,,,5.107162952423096,,,,,,84,20000000
straight_aisle,32,4.0,10.0,3.9999999999575144,10.000000000576796,,,False,True,,,4.766423225402832,,,,,,84,85000000
straight_aisle,32,4.0,10.0,3.9999999999575144,10.000000000576796,,,False,True,,,4.8566670417785645,,,,,,84,220000000
straight_aisle,32,4.0,10.0,3.9999999999575144,10.000000000576796,,,False,True,,,4.766608238220215,,,,,,84,285000000
straight_aisle,32,4.0,10.0,3.9999999999575144,10.000000000576796,,,False,True,,,6.248483180999756,,,,,,84,350000000
straight_aisle,32,4.0,10.0,3.9999999999575144,10.000000000576796,,,False,True,,,6.248483180999756,,,,,,84,415000000
straight_aisle,32,4.0,10.0,3.9999999999575144,10.000000000576796,,,False,True,,,4.824729919433594,,,,,,84,485000000
straight_aisle,32,4.0,10.0,3.9999999999575144,10.000000000576796,,,False,True,,,5.487991809844971,,,,,,84,550000000
straight_aisle,32,4.0,10.0,3.9999999999575144,10.000000000576796,,,False,True,,,5.487991809844971,,,,,,84,615000000
straight_aisle,32,4.0,10.0,3.9999999999575144,10.000000000576796,,,False,True,,,6.785571098327637,,,,,,84,680000000
straight_aisle,32,4.0,10.0,3.9999999999575144,10.000000000576796,,,False,True,,,4.862236976623535,,,,,,84,745000000
straight_aisle,32,4.0,10.0,3.9999999999575144,10.000000000576796,,,False,True,,,7.101219177246094,,,,,,84,815000000
straight_aisle,32,4.0,10.0,3.9999999999575144,10.000000000576796,,,False,True,,,6.740044116973877,,,,,,84,880000000
straight_aisle,32,4.0,10.0,3.9999999999575144,10.000000000576796,,,False,True,,,4.80890417098999,,,,,,84,945000000
straight_aisle,32,4.0,10.0,3.9999999999575144,10.000000000576796,,,False,True,,,4.693029880523682,,,,,,85,10000000
straight_aisle,32,4.0,10.0,3.9999999999575144,10.000000000576796,,,False,True,,,4.66317081451416,,,,,,85,75000000
straight_aisle,32,4.0,10.0,3.9999999999575144,10.000000000576796,,,False,True,,,4.69891881942749,,,,,,85,145000000
straight_aisle,32,4.0,10.0,3.9999999999575144,10.000000000576796,,,False,True,,,4.69891881942749,,,,,,85,210000000
straight_aisle,32,4.0,10.0,3.9999999999575144,10.000000000576796,,,False,True,,,4.683503150939941,,,,,,85,275000000
straight_aisle,32,4.0,10.0,3.9999999999575144,10.000000000576796,,,False,True,,,4.676018238067627,,,,,,85,340000000
straight_aisle,33,4.0,20.0,3.9999999997615077,19.999999996629636,,,False,True,,,5.011676788330078,,,,,,85,735000000
straight_aisle,33,4.0,20.0,3.9999999997615077,19.999999996629636,,,False,True,,,6.878635883331299,,,,,,85,805000000
straight_aisle,33,4.0,20.0,3.9999999997615077,19.999999996629636,,,False,True,,,6.9132080078125,,,,,,85,870000000
straight_aisle,33,4.0,20.0,3.9999999997615077,19.999999996629636,,,False,True,,,6.6172308921813965,,,,,,85,935000000
straight_aisle,33,4.0,20.0,3.9999999997615077,19.999999996629636,,,False,True,,,4.81571102142334,,,,,,86,0
straight_aisle,33,4.0,20.0,3.9999999997615077,19.999999996629636,,,False,True,,,4.673941135406494,,,,,,86,65000000
straight_aisle,33,4.0,20.0,3.9999999997615077,19.999999996629636,,,False,True,,,7.167029857635498,,,,,,86,135000000
straight_aisle,33,4.0,20.0,3.9999999997615077,19.999999996629636,,,False,True,,,5.076373100280762,,,,,,86,200000000
straight_aisle,33,4.0,20.0,3.9999999997615077,19.999999996629636,,,False,True,,,4.6759748458862305,,,,,,86,265000000
straight_aisle,33,4.0,20.0,3.9999999997615077,19.999999996629636,,,False,True,,,4.696797847747803,,,,,,86,330000000
straight_aisle,33,4.0,20.0,3.9999999997615077,19.999999996629636,,,False,True,,,4.696797847747803,,,,,,86,395000000
straight_aisle,33,4.0,20.0,3.9999999997615077,19.999999996629636,,,False,True,,,4.630701065063477,,,,,,86,465000000
straight_aisle,33,4.0,20.0,3.9999999997615077,19.999999996629636,,,False,True,,,4.709438800811768,,,,,,86,530000000
straight_aisle,33,4.0,20.0,3.9999999997615077,19.999999996629636,,,False,True,,,4.675701141357422,,,,,,86,595000000
straight_aisle,33,4.0,20.0,3.9999999997615077,19.999999996629636,,,False,True,,,4.675701141357422,,,,,,86,660000000
straight_aisle,33,4.0,20.0,3.9999999997615077,19.999999996629636,,,False,True,,,5.076888084411621,,,,,,86,725000000
straight_aisle,33,4.0,20.0,3.9999999997615077,19.999999996629636,,,False,True,,,4.699643135070801,,,,,,86,795000000
straight_aisle,33,4.0,20.0,3.9999999997615077,19.999999996629636,,,False,True,,,4.762764930725098,,,,,,86,860000000
straight_aisle,33,4.0,20.0,3.9999999997615077,19.999999996629636,,,False,True,,,4.762764930725098,,,,,,86,925000000
straight_aisle,33,4.0,20.0,3.9999999997615077,19.999999996629636,,,False,True,,,4.908542156219482,,,,,,86,990000000
straight_aisle,33,4.0,20.0,3.9999999997615077,19.999999996629636,,,False,True,,,5.28248405456543,,,,,,87,55000000
straight_aisle,33,4.0,20.0,3.9999999997615077,19.999999996629636,,,False,True,,,4.82524299621582,,,,,,87,125000000
straight_aisle,33,4.0,20.0,3.9999999997615077,19.999999996629636,,,False,True,,,5.064640045166016,,,,,,87,190000000
straight_aisle,33,4.0,20.0,3.9999999997615077,19.999999996629636,,,False,True,,,6.650862216949463,,,,,,87,255000000
straight_aisle,33,4.0,20.0,3.9999999997615077,19.999999996629636,,,False,True,,,7.01778507232666,,,,,,87,320000000
straight_aisle,33,4.0,20.0,3.9999999997615077,19.999999996629636,,,False,True,,,6.790410041809082,,,,,,87,385000000
straight_aisle,33,4.0,20.0,3.9999999997615077,19.999999996629636,,,False,True,,,5.123539924621582,,,,,,87,455000000
straight_aisle,33,4.0,20.0,3.9999999997615077,19.999999996629636,,,False,True,,,6.841525077819824,,,,,,87,520000000
straight_aisle,33,4.0,20.0,3.9999999997615077,19.999999996629636,,,False,True,,,7.4301838874816895,,,,,,87,585000000
straight_aisle,33,4.0,20.0,3.9999999997615077,19.999999996629636,,,False,True,,,7.4301838874816895,,,,,,87,650000000
straight_aisle,34,4.0,30.0,3.9999999998807008,30.0000000009866,,,False,False,,,4.804529190063477,,,,,,88,45000000
straight_aisle,34,4.0,30.0,3.9999999998807008,30.0000000009866,,,False,False,,,5.364744186401367,,,,,,88,115000000
straight_aisle,34,4.0,30.0,3.9999999998807008,30.0000000009866,,,False,False,,,7.278835773468018,,,,,,88,245000000
straight_aisle,34,4.0,30.0,3.9999999998807008,30.0000000009866,,,False,False,,,7.195085048675537,,,,,,88,310000000
straight_aisle,34,4.0,30.0,3.9999999998807008,30.0000000009866,,,False,False,,,4.90513801574707,,,,,,88,375000000
straight_aisle,34,4.0,30.0,3.9999999998807008,30.0000000009866,,,False,False,,,7.315042018890381,,,,,,88,445000000
straight_aisle,34,4.0,30.0,3.9999999998807008,30.0000000009866,,,False,False,,,4.795862197875977,,,,,,88,575000000
straight_aisle,34,4.0,30.0,3.9999999998807008,30.0000000009866,,,False,False,,,4.795862197875977,,,,,,88,640000000
straight_aisle,34,4.0,30.0,3.9999999998807008,30.0000000009866,,,False,False,,,4.723682880401611,,,,,,88,705000000
straight_aisle,34,4.0,30.0,3.9999999998807008,30.0000000009866,,,False,False,,,4.8289289474487305,,,,,,88,775000000
straight_aisle,34,4.0,30.0,3.9999999998807008,30.0000000009866,,,False,False,,,4.715551853179932,,,,,,88,840000000
straight_aisle,34,4.0,30.0,3.9999999998807008,30.0000000009866,,,False,False,,,4.861721992492676,,,,,,88,905000000
straight_aisle,34,4.0,30.0,3.9999999998807008,30.0000000009866,,,False,False,,,4.725803852081299,,,,,,89,35000000
straight_aisle,34,4.0,30.0,3.9999999998807008,30.0000000009866,,,False,False,,,4.729310035705566,,,,,,89,105000000
straight_aisle,34,4.0,30.0,3.9999999998807008,30.0000000009866,,,False,False,,,4.737817764282227,,,,,,89,170000000
straight_aisle,34,4.0,30.0,3.9999999998807008,30.0000000009866,,,False,False,,,4.737817764282227,,,,,,89,300000000
straight_aisle,34,4.0,30.0,3.9999999998807008,30.0000000009866,,,False,False,,,4.828513145446777,,,,,,89,365000000
straight_aisle,34,4.0,30.0,3.9999999998807008,30.0000000009866,,,False,False,,,4.762167930603027,,,,,,89,435000000
straight_aisle,34,4.0,30.0,3.9999999998807008,30.0000000009866,,,False,False,,,4.817333221435547,,,,,,89,565000000
straight_aisle,34,4.0,30.0,3.9999999998807008,30.0000000009866,,,False,False,,,6.194544792175293,,,,,,89,630000000
straight_aisle,34,4.0,30.0,3.9999999998807008,30.0000000009866,,,False,False,,,6.194544792175293,,,,,,89,695000000
straight_aisle,34,4.0,30.0,3.9999999998807008,30.0000000009866,,,False,False,,,4.8664140701293945,,,,,,89,765000000
straight_aisle,34,4.0,30.0,3.9999999998807008,30.0000000009866,,,False,False,,,6.461322784423828,,,,,,89,830000000
straight_aisle,34,4.0,30.0,3.9999999998807008,30.0000000009866,,,False,False,,,7.11267614364624,,,,,,89,895000000
straight_aisle,34,4.0,30.0,3.9999999998807008,30.0000000009866,,,False,False,,,6.625692844390869,,,,,,89,960000000
straight_aisle,34,4.0,30.0,3.9999999998807008,30.0000000009866,,,False,False,,,4.797929763793945,,,,,,90,25000000
straight_aisle,34,4.0,30.0,3.9999999998807008,30.0000000009866,,,False,False,,,6.826510906219482,,,,,,90,95000000
straight_aisle,34,4.0,30.0,3.9999999998807008,30.0000000009866,,,False,False,,,6.7061028480529785,,,,,,90,160000000
straight_aisle,34,4.0,30.0,3.9999999998807008,30.0000000009866,,,False,False,,,4.918014049530029,,,,,,90,225000000
straight_aisle,34,4.0,30.0,3.9999999998807008,30.0000000009866,,,False,False,,,4.764391899108887,,,,,,90,290000000
straight_aisle,35,5.0,-30.0,5.0000000000673825,-29.999999999554205,,,False,False,,,8.931971549987793,,,,,,90,685000000
straight_aisle,35,5.0,-30.0,5.0000000000673825,-29.999999999554205,,,False,False,,,7.369524002075195,,,,,,90,755000000
straight_aisle,35,5.0,-30.0,5.0000000000673825,-29.999999999554205,,,False,False,,,7.709706783294678,,,,,,90,820000000
straight_aisle,35,5.0,-30.0,5.0000000000673825,-29.999999999554205,,,False,False,,,7.310038089752197,,,,,,90,885000000
straight_aisle,35,5.0,-30.0,5.0000000000673825,-29.999999999554205,,,False,False,,,4.756359100341797,,,,,,90,950000000
straight_aisle,35,5.0,-30.0,5.0000000000673825,-29.999999999554205,,,False,False,,,4.664941787719727,,,,,,91,15000000
straight_aisle,35,5.0,-30.0,5.0000000000673825,-29.999999999554205,,,False,False,,,4.769018173217773,,,,,,91,85000000
straight_aisle,35,5.0,-30.0,5.0000000000673825,-29.999999999554205,,,False,False,,,4.829867839813232,,,,,,91,150000000
straight_aisle,35,5.0,-30.0,5.0000000000673825,-29.999999999554205,,,False,False,,,4.724233150482178,,,,,,91,215000000
straight_aisle,35,5.0,-30.0,5.0000000000673825,-29.999999999554205,,,False,False,,,4.7915568351745605,,,,,,91,280000000
straight_aisle,35,5.0,-30.0,5.0000000000673825,-29.999999999554205,,,False,False,,,4.681005001068115,,,,,,91,345000000
straight_aisle,35,5.0,-30.0,5.0000000000673825,-29.999999999554205,,,False,False,,,4.678094863891602,,,,,,91,415000000
straight_aisle,35,5.0,-30.0,5.0000000000673825,-29.999999999554205,,,False,False,,,4.760959148406982,,,,,,91,480000000
straight_aisle,35,5.0,-30.0,5.0000000000673825,-29.999999999554205,,,False,False,,,4.849398136138916,,,,,,91,545000000
straight_aisle,35,5.0,-30.0,5.0000000000673825,-29.999999999554205,,,False,False,,,4.849398136138916,,,,,,91,610000000
straight_aisle,35,5.0,-30.0,5.0000000000673825,-29.999999999554205,,,False,False,,,5.046913146972656,,,,,,91,675000000
straight_aisle,35,5.0,-30.0,5.0000000000673825,-29.999999999554205,,,False,False,,,4.73679780960083,,,,,,91,745000000
straight_aisle,35,5.0,-30.0,5.0000000000673825,-29.999999999554205,,,False,False,,,4.8592939376831055,,,,,,91,810000000
straight_aisle,35,5.0,-30.0,5.0000000000673825,-29.999999999554205,,,False,False,,,4.856245040893555,,,,,,91,875000000
straight_aisle,35,5.0,-30.0,5.0000000000673825,-29.999999999554205,,,False,False,,,5.201910018920898,,,,,,91,940000000
straight_aisle,35,5.0,-30.0,5.0000000000673825,-29.999999999554205,,,False,False,,,5.586162090301514,,,,,,92,5000000
straight_aisle,35,5.0,-30.0,5.0000000000673825,-29.999999999554205,,,False,False,,,4.767673015594482,,,,,,92,140000000
straight_aisle,35,5.0,-30.0,5.0000000000673825,-29.999999999554205,,,False,False,,,6.0169219970703125,,,,,,92,205000000
straight_aisle,35,5.0,-30.0,5.0000000000673825,-29.999999999554205,,,False,False,,,6.0169219970703125,,,,,,92,270000000
straight_aisle,35,5.0,-30.0,5.0000000000673825,-29.999999999554205,,,False,False,,,6.875006198883057,,,,,,92,335000000
straight_aisle,35,5.0,-30.0,5.0000000000673825,-29.999999999554205,,,False,False,,,6.875006198883057,,,,,,92,405000000
straight_aisle,35,5.0,-30.0,5.0000000000673825,-29.999999999554205,,,False,False,,,7.042129993438721,,,,,,92,470000000
straight_aisle,35,5.0,-30.0,5.0000000000673825,-29.999999999554205,,,False,False,,,7.024509906768799,,,,,,92,535000000
straight_aisle,35,5.0,-30.0,5.0000000000673825,-29.999999999554205,,,False,False,,,6.672924995422363,,,,,,92,600000000
straight_aisle,35,5.0,-30.0,5.0000000000673825,-29.999999999554205,,,False,False,,,5.844449043273926,,,,,,92,665000000
straight_aisle,36,5.0,-20.0,5.000000000193323,-20.000000003725884,,,False,False,,,4.7057929039001465,,,,,,93,65000000
straight_aisle,36,5.0,-20.0,5.000000000193323,-20.000000003725884,,,False,False,,,4.949251174926758,,,,,,93,130000000
straight_aisle,36,5.0,-20.0,5.000000000193323,-20.000000003725884,,,False,False,,,4.797811031341553,,,,,,93,195000000
straight_aisle,36,5.0,-20.0,5.000000000193323,-20.000000003725884,,,False,False,,,4.797811031341553,,,,,,93,260000000
straight_aisle,36,5.0,-20.0,5.000000000193323,-20.000000003725884,,,False,False,,,6.626017093658447,,,,,,93,325000000
straight_aisle,36,5.0,-20.0,5.000000000193323,-20.000000003725884,,,False,False,,,4.774138927459717,,,,,,93,395000000
straight_aisle,36,5.0,-20.0,5.000000000193323,-20.000000003725884,,,False,False,,,7.215497016906738,,,,,,93,460000000
straight_aisle,36,5.0,-20.0,5.000000000193323,-20.000000003725884,,,False,False,,,7.152810096740723,,,,,,93,525000000
straight_aisle,36,5.0,-20.0,5.000000000193323,-20.000000003725884,,,False,False,,,4.816864013671875,,,,,,93,655000000
straight_aisle,36,5.0,-20.0,5.000000000193323,-20.000000003725884,,,False,False,,,7.732860088348389,,,,,,93,725000000
straight_aisle,36,5.0,-20.0,5.000000000193323,-20.000000003725884,,,False,False,,,7.399938106536865,,,,,,93,790000000
straight_aisle,36,5.0,-20.0,5.000000000193323,-20.000000003725884,,,False,False,,,4.840705871582031,,,,,,93,855000000
straight_aisle,36,5.0,-20.0,5.000000000193323,-20.000000003725884,,,False,False,,,4.840705871582031,,,,,,93,920000000
straight_aisle,36,5.0,-20.0,5.000000000193323,-20.000000003725884,,,False,False,,,4.6910481452941895,,,,,,94,120000000
straight_aisle,36,5.0,-20.0,5.000000000193323,-20.000000003725884,,,False,False,,,4.714436054229736,,,,,,94,185000000
straight_aisle,36,5.0,-20.0,5.000000000193323,-20.000000003725884,,,False,False,,,4.714436054229736,,,,,,94,250000000
straight_aisle,36,5.0,-20.0,5.000000000193323,-20.000000003725884,,,False,False,,,4.703889846801758,,,,,,94,385000000
straight_aisle,36,5.0,-20.0,5.000000000193323,-20.000000003725884,,,False,False,,,4.670103073120117,,,,,,94,515000000
straight_aisle,36,5.0,-20.0,5.000000000193323,-20.000000003725884,,,False,False,,,4.691667079925537,,,,,,94,580000000
straight_aisle,36,5.0,-20.0,5.000000000193323,-20.000000003725884,,,False,False,,,5.181497097015381,,,,,,94,780000000
straight_aisle,36,5.0,-20.0,5.000000000193323,-20.000000003725884,,,False,False,,,5.174475193023682,,,,,,94,845000000
straight_aisle,36,5.0,-20.0,5.000000000193323,-20.000000003725884,,,False,False,,,5.174475193023682,,,,,,94,910000000
straight_aisle,36,5.0,-20.0,5.000000000193323,-20.000000003725884,,,False,False,,,7.232769012451172,,,,,,94,975000000
straight_aisle,36,5.0,-20.0,5.000000000193323,-20.000000003725884,,,False,False,,,4.803013801574707,,,,,,95,45000000
straight_aisle,36,5.0,-20.0,5.000000000193323,-20.000000003725884,,,False,False,,,7.017230033874512,,,,,,95,110000000
straight_aisle,36,5.0,-20.0,5.000000000193323,-20.000000003725884,,,False,False,,,7.833095073699951,,,,,,95,175000000
straight_aisle,36,5.0,-20.0,5.000000000193323,-20.000000003725884,,,False,False,,,4.923740863800049,,,,,,95,240000000
straight_aisle,36,5.0,-20.0,5.000000000193323,-20.000000003725884,,,False,False,,,4.816718101501465,,,,,,95,305000000
straight_aisle,36,5.0,-20.0,5.000000000193323,-20.000000003725884,,,False,False,,,7.977228164672852,,,,,,95,375000000
straight_aisle,36,5.0,-20.0,5.000000000193323,-20.000000003725884,,,False,False,,,7.332283973693848,,,,,,95,440000000
straight_aisle,37,5.0,-10.0,4.99999999993387,-9.999999999730417,,,False,True,,,7.077783107757568,,,,,,95,900000000
straight_aisle,37,5.0,-10.0,4.99999999993387,-9.999999999730417,,,False,True,,,6.141755104064941,,,,,,95,965000000
straight_aisle,37,5.0,-10.0,4.99999999993387,-9.999999999730417,,,False,True,,,7.071255207061768,,,,,,96,35000000
straight_aisle,37,5.0,-10.0,4.99999999993387,-9.999999999730417,,,False,True,,,7.088140964508057,,,,,,96,100000000
straight_aisle,37,5.0,-10.0,4.99999999993387,-9.999999999730417,,,False,True,,,4.746726989746094,,,,,,96,165000000
straight_aisle,37,5.0,-10.0,4.99999999993387,-9.999999999730417,,,False,True,,,4.770504951477051,,,,,,96,230000000
straight_aisle,37,5.0,-10.0,4.99999999993387,-9.999999999730417,,,False,True,,,4.6866960525512695,,,,,,96,295000000
straight_aisle,37,5.0,-10.0,4.99999999993387,-9.999999999730417,,,False,True,,,6.8568291664123535,,,,,,96,365000000
straight_aisle,37,5.0,-10.0,4.99999999993387,-9.999999999730417,,,False,True,,,6.8568291664123535,,,,,,96,430000000
straight_aisle,37,5.0,-10.0,4.99999999993387,-9.999999999730417,,,False,True,,,4.815545082092285,,,,,,96,495000000
straight_aisle,37,5.0,-10.0,4.99999999993387,-9.999999999730417,,,False,True,,,4.7216620445251465,,,,,,96,560000000
straight_aisle,37,5.0,-10.0,4.99999999993387,-9.999999999730417,,,False,True,,,4.737226963043213,,,,,,96,695000000
straight_aisle,37,5.0,-10.0,4.99999999993387,-9.999999999730417,,,False,True,,,4.737226963043213,,,,,,96,760000000
straight_aisle,37,5.0,-10.0,4.99999999993387,-9.999999999730417,,,False,True,,,5.055811882019043,,,,,,96,890000000
straight_aisle,37,5.0,-10.0,4.99999999993387,-9.999999999730417,,,False,True,,,4.749711990356445,,,,,,97,25000000
straight_aisle,37,5.0,-10.0,4.99999999993387,-9.999999999730417,,,False,True,,,5.014895915985107,,,,,,97,90000000
straight_aisle,37,5.0,-10.0,4.99999999993387,-9.999999999730417,,,False,True,,,4.888164043426514,,,,,,97,155000000
straight_aisle,37,5.0,-10.0,4.99999999993387,-9.999999999730417,,,False,True,,,6.5313801765441895,,,,,,97,220000000
straight_aisle,37,5.0,-10.0,4.99999999993387,-9.999999999730417,,,False,True,,,6.5313801765441895,,,,,,97,285000000
straight_aisle,37,5.0,-10.0,4.99999999993387,-9.999999999730417,,,False,True,,,4.845759868621826,,,,,,97,355000000
straight_aisle,37,5.0,-10.0,4.99999999993387,-9.999999999730417,,,False,True,,,7.775876045227051,,,,,,97,420000000
straight_aisle,37,5.0,-10.0,4.99999999993387,-9.999999999730417,,,False,True,,,7.655570030212402,,,,,,97,485000000
straight_aisle,37,5.0,-10.0,4.99999999993387,-9.999999999730417,,,False,True,,,6.965384006500244,,,,,,97,550000000
straight_aisle,37,5.0,-10.0,4.99999999993387,-9.999999999730417,,,False,True,,,6.965384006500244,,,,,,97,615000000
straight_aisle,37,5.0,-10.0,4.99999999993387,-9.999999999730417,,,False,True,,,7.0672149658203125,,,,,,97,685000000
straight_aisle,37,5.0,-10.0,4.99999999993387,-9.999999999730417,,,False,True,,,7.0672149658203125,,,,,,97,750000000
straight_aisle,37,5.0,-10.0,4.99999999993387,-9.999999999730417,,,False,True,,,6.835055828094482,,,,,,97,815000000
straight_aisle,37,5.0,-10.0,4.99999999993387,-9.999999999730417,,,False,True,,,4.792149066925049,,,,,,97,880000000
straight_aisle,37,5.0,-10.0,4.99999999993387,-9.999999999730417,,,False,True,,,4.670355796813965,,,,,,97,945000000
straight_aisle,37,5.0,-10.0,4.99999999993387,-9.999999999730417,,,False,True,,,4.792189121246338,,,,,,98,15000000
straight_aisle,38,5.0,0.0,5.0,0.0,,,False,True,,,6.828924179077148,,,,,,98,410000000
straight_aisle,38,5.0,0.0,5.0,0.0,,,False,True,,,6.828924179077148,,,,,,98,475000000
straight_aisle,38,5.0,0.0,5.0,0.0,,,False,True,,,7.0988030433654785,,,,,,98,540000000
straight_aisle,38,5.0,0.0,5.0,0.0,,,False,True,,,4.731295108795166,,,,,,98,605000000
straight_aisle,38,5.0,0.0,5.0,0.0,,,False,True,,,7.091742038726807,,,,,,98,675000000
straight_aisle,38,5.0,0.0,5.0,0.0,,,False,True,,,4.73713493347168,,,,,,98,740000000
straight_aisle,38,5.0,0.0,5.0,0.0,,,False,True,,,4.959706783294678,,,,,,98,805000000
straight_aisle,38,5.0,0.0,5.0,0.0,,,False,True,,,4.710028171539307,,,,,,98,870000000
straight_aisle,38,5.0,0.0,5.0,0.0,,,False,True,,,4.757248878479004,,,,,,98,935000000
straight_aisle,38,5.0,0.0,5.0,0.0,,,False,True,,,4.863255977630615,,,,,,99,5000000
straight_aisle,38,5.0,0.0,5.0,0.0,,,False,True,,,4.86902379989624,,,,,,99,70000000
straight_aisle,38,5.0,0.0,5.0,0.0,,,False,True,,,4.65351676940918,,,,,,99,135000000
straight_aisle,38,5.0,0.0,5.0,0.0,,,False,True,,,4.699869155883789,,,,,,99,200000000
straight_aisle,38,5.0,0.0,5.0,0.0,,,False,True,,,4.699869155883789,,,,,,99,265000000
straight_aisle,38,5.0,0.0,5.0,0.0,,,False,True,,,4.768126964569092,,,,,,99,335000000
straight_aisle,38,5.0,0.0,5.0,0.0,,,False,True,,,5.224090099334717,,,,,,99,400000000
straight_aisle,38,5.0,0.0,5.0,0.0,,,False,True,,,4.880393981933594,,,,,,99,465000000
straight_aisle,38,5.0,0.0,5.0,0.0,,,False,True,,,6.476448059082031,,,,,,99,530000000
straight_aisle,38,5.0,0.0,5.0,0.0,,,False,True,,,6.761983871459961,,,,,,99,595000000
straight_aisle,38,5.0,0.0,5.0,0.0,,,False,True,,,5.185666084289551,,,,,,99,665000000
straight_aisle,38,5.0,0.0,5.0,0.0,,,False,True,,,4.939465045928955,,,,,,99,730000000
straight_aisle,38,5.0,0.0,5.0,0.0,,,False,True,,,4.939465045928955,,,,,,99,795000000
straight_aisle,38,5.0,0.0,5.0,0.0,,,False,True,,,7.918825149536133,,,,,,99,860000000
straight_aisle,38,5.0,0.0,5.0,0.0,,,False,True,,,4.729215145111084,,,,,,99,925000000
straight_aisle,38,5.0,0.0,5.0,0.0,,,False,True,,,8.023250579833984,,,,,,99,995000000
straight_aisle,38,5.0,0.0,5.0,0.0,,,False,True,,,8.023250579833984,,,,,,100,60000000
straight_aisle,38,5.0,0.0,5.0,0.0,,,False,True,,,7.074502944946289,,,,,,100,190000000
straight_aisle,38,5.0,0.0,5.0,0.0,,,False,True,,,4.663284778594971,,,,,,100,255000000
straight_aisle,38,5.0,0.0,5.0,0.0,,,False,True,,,4.714221954345703,,,,,,100,390000000
straight_aisle,38,5.0,0.0,5.0,0.0,,,False,True,,,4.6838788986206055,,,,,,100,455000000
straight_aisle,39,5.0,10.0,4.99999999993387,9.999999999730417,,,False,True,,,6.796892166137695,,,,,,100,985000000
straight_aisle,39,5.0,10.0,4.99999999993387,9.999999999730417,,,False,True,,,4.948623180389404,,,,,,101,50000000
straight_aisle,39,5.0,10.0,4.99999999993387,9.999999999730417,,,False,True,,,6.798188209533691,,,,,,101,115000000
straight_aisle,39,5.0,10.0,4.99999999993387,9.999999999730417,,,False,True,,,6.798188209533691,,,,,,101,180000000
straight_aisle,39,5.0,10.0,4.99999999993387,9.999999999730417,,,False,True,,,6.678790092468262,,,,,,101,245000000
straight_aisle,39,5.0,10.0,4.99999999993387,9.999999999730417,,,False,True,,,6.678790092468262,,,,,,101,315000000
straight_aisle,39,5.0,10.0,4.99999999993387,9.999999999730417,,,False,True,,,6.983455181121826,,,,,,101,380000000
straight_aisle,39,5.0,10.0,4.99999999993387,9.999999999730417,,,False,True,,,4.801313877105713,,,,,,101,445000000
straight_aisle,39,5.0,10.0,4.99999999993387,9.999999999730417,,,False,True,,,4.828824996948242,,,,,,101,510000000
straight_aisle,39,5.0,10.0,4.99999999993387,9.999999999730417,,,False,True,,,4.828824996948242,,,,,,101,575000000
straight_aisle,39,5.0,10.0,4.99999999993387,9.999999999730417,,,False,True,,,4.660867214202881,,,,,,101,645000000
straight_aisle,39,5.0,10.0,4.99999999993387,9.999999999730417,,,False,True,,,4.623248100280762,,,,,,101,710000000
straight_aisle,39,5.0,10.0,4.99999999993387,9.999999999730417,,,False,True,,,4.699316024780273,,,,,,101,775000000
straight_aisle,39,5.0,10.0,4.99999999993387,9.999999999730417,,,False,True,,,4.758266925811768,,,,,,101,840000000
straight_aisle,39,5.0,10.0,4.99999999993387,9.999999999730417,,,False,True,,,4.758266925811768,,,,,,101,905000000
straight_aisle,39,5.0,10.0,4.99999999993387,9.999999999730417,,,False,True,,,4.697535991668701,,,,,,102,105000000
straight_aisle,39,5.0,10.0,4.99999999993387,9.999999999730417,,,False,True,,,4.697535991668701,,,,,,102,170000000
straight_aisle,39,5.0,10.0,4.99999999993387,9.999999999730417,,,False,True,,,5.136326789855957,,,,,,102,235000000
straight_aisle,39,5.0,10.0,4.99999999993387,9.999999999730417,,,False,True,,,4.941036224365234,,,,,,102,435000000
straight_aisle,39,5.0,10.0,4.99999999993387,9.999999999730417,,,False,True,,,6.738300800323486,,,,,,102,500000000
straight_aisle,39,5.0,10.0,4.99999999993387,9.999999999730417,,,False,True,,,6.738300800323486,,,,,,102,565000000
straight_aisle,39,5.0,10.0,4.99999999993387,9.999999999730417,,,False,True,,,5.035025119781494,,,,,,102,635000000
straight_aisle,39,5.0,10.0,4.99999999993387,9.999999999730417,,,False,True,,,5.118473052978516,,,,,,102,700000000
straight_aisle,39,5.0,10.0,4.99999999993387,9.999999999730417,,,False,True,,,6.984835147857666,,,,,,102,830000000
straight_aisle,39,5.0,10.0,4.99999999993387,9.999999999730417,,,False,True,,,6.8511271476745605,,,,,,102,895000000
straight_aisle,39,5.0,10.0,4.99999999993387,9.999999999730417,,,False,True,,,6.8511271476745605,,,,,,102,965000000
straight_aisle,39,5.0,10.0,4.99999999993387,9.999999999730417,,,False,True,,,7.37575101852417,,,,,,103,30000000
straight_aisle,39,5.0,10.0,4.99999999993387,9.999999999730417,,,False,True,,,6.894888877868652,,,,,,103,95000000
straight_aisle,39,5.0,10.0,4.99999999993387,9.999999999730417,,,False,True,,,6.894888877868652,,,,,,103,160000000
straight_aisle,39,5.0,10.0,4.99999999993387,9.999999999730417,,,False,True,,,4.877237796783447,,,,,,103,225000000
straight_aisle,40,5.0,20.0,5.000000000193323,20.000000003725884,,,False,False,,,6.99511194229126,,,,,,103,625000000
straight_aisle,40,5.0,20.0,5.000000000193323,20.000000003725884,,,False,False,,,5.077655792236328,,,,,,103,690000000
straight_aisle,40,5.0,20.0,5.000000000193323,20.000000003725884,,,False,False,,,6.804833889007568,,,,,,103,755000000
straight_aisle,40,5.0,20.0,5.000000000193323,20.000000003725884,,,False,False,,,6.632849216461182,,,,,,103,820000000
straight_aisle,40,5.0,20.0,5.000000000193323,20.000000003725884,,,False,False,,,4.641495227813721,,,,,,103,885000000
straight_aisle,40,5.0,20.0,5.000000000193323,20.000000003725884,,,False,False,,,8.093552589416504,,,,,,103,955000000
straight_aisle,40,5.0,20.0,5.000000000193323,20.000000003725884,,,False,False,,,4.764129161834717,,,,,,104,20000000
straight_aisle,40,5.0,20.0,5.000000000193323,20.000000003725884,,,False,False,,,4.747222900390625,,,,,,104,85000000
straight_aisle,40,5.0,20.0,5.000000000193323,20.000000003725884,,,False,False,,,4.802602767944336,,,,,,104,150000000
straight_aisle,40,5.0,20.0,5.000000000193323,20.000000003725884,,,False,False,,,4.69227409362793,,,,,,104,215000000
straight_aisle,40,5.0,20.0,5.000000000193323,20.000000003725884,,,False,False,,,4.779003143310547,,,,,,104,285000000
straight_aisle,40,5.0,20.0,5.000000000193323,20.000000003725884,,,False,False,,,4.7076520919799805,,,,,,104,350000000
straight_aisle,40,5.0,20.0,5.000000000193323,20.000000003725884,,,False,False,,,4.724778175354004,,,,,,104,415000000
straight_aisle,40,5.0,20.0,5.000000000193323,20.000000003725884,,,False,False,,,4.679718971252441,,,,,,104,480000000
straight_aisle,40,5.0,20.0,5.000000000193323,20.000000003725884,,,False,False,,,4.679718971252441,,,,,,104,545000000
straight_aisle,40,5.0,20.0,5.000000000193323,20.000000003725884,,,False,False,,,4.658779144287109,,,,,,104,615000000
straight_aisle,40,5.0,20.0,5.000000000193323,20.000000003725884,,,False,False,,,5.022931098937988,,,,,,104,680000000
straight_aisle,40,5.0,20.0,5.000000000193323,20.000000003725884,,,False,False,,,5.022931098937988,,,,,,104,745000000
straight_aisle,40,5.0,20.0,5.000000000193323,20.000000003725884,,,False,False,,,4.769353866577148,,,,,,104,810000000
straight_aisle,40,5.0,20.0,5.000000000193323,20.000000003725884,,,False,False,,,5.321906089782715,,,,,,104,875000000
straight_aisle,40,5.0,20.0,5.000000000193323,20.000000003725884,,,False,False,,,6.844186782836914,,,,,,104,945000000
straight_aisle,40,5.0,20.0,5.000000000193323,20.000000003725884,,,False,False,,,4.786704063415527,,,,,,105,10000000
straight_aisle,40,5.0,20.0,5.000000000193323,20.000000003725884,,,False,False,,,4.786704063415527,,,,,,105,75000000
straight_aisle,40,5.0,20.0,5.000000000193323,20.000000003725884,,,False,False,,,8.158659934997559,,,,,,105,140000000
straight_aisle,40,5.0,20.0,5.000000000193323,20.000000003725884,,,False,False,,,8.158659934997559,,,,,,105,205000000
straight_aisle,40,5.0,20.0,5.000000000193323,20.000000003725884,,,False,False,,,6.162725925445557,,,,,,105,275000000
straight_aisle,40,5.0,20.0,5.000000000193323,20.000000003725884,,,False,False,,,8.168625831604004,,,,,,105,340000000
straight_aisle,40,5.0,20.0,5.000000000193323,20.000000003725884,,,False,False,,,4.849409103393555,,,,,,105,535000000
straight_aisle,40,5.0,20.0,5.000000000193323,20.000000003725884,,,False,False,,,4.849409103393555,,,,,,105,605000000
straight_aisle,40,5.0,20.0,5.000000000193323,20.000000003725884,,,False,False,,,7.982590198516846,,,,,,105,800000000
straight_aisle,41,5.0,30.0,5.0000000000673825,29.999999999554205,,,False,False,,,8.309128761291504,,,,,,106,330000000
straight_aisle,41,5.0,30.0,5.0000000000673825,29.999999999554205,,,False,False,,,4.7352728843688965,,,,,,106,395000000
straight_aisle,41,5.0,30.0,5.0000000000673825,29.999999999554205,,,False,False,,,8.23610782623291,,,,,,106,595000000
straight_aisle,41,5.0,30.0,5.0000000000673825,29.999999999554205,,,False,False,,,4.890446186065674,,,,,,106,660000000
straight_aisle,41,5.0,30.0,5.0000000000673825,29.999999999554205,,,False,False,,,4.758185863494873,,,,,,106,790000000
straight_aisle,41,5.0,30.0,5.0000000000673825,29.999999999554205,,,False,False,,,5.050485134124756,,,,,,106,855000000
straight_aisle,41,5.0,30.0,5.0000000000673825,29.999999999554205,,,False,False,,,10.396512031555176,,,,,,106,925000000
straight_aisle,41,5.0,30.0,5.0000000000673825,29.999999999554205,,,False,False,,,10.396512031555176,,,,,,106,990000000
straight_aisle,41,5.0,30.0,5.0000000000673825,29.999999999554205,,,False,False,,,4.765847206115723,,,,,,107,55000000
straight_aisle,41,5.0,30.0,5.0000000000673825,29.999999999554205,,,False,False,,,4.918258190155029,,,,,,107,120000000
straight_aisle,41,5.0,30.0,5.0000000000673825,29.999999999554205,,,False,False,,,5.039886951446533,,,,,,107,185000000
straight_aisle,41,5.0,30.0,5.0000000000673825,29.999999999554205,,,False,False,,,5.051427841186523,,,,,,107,255000000
straight_aisle,41,5.0,30.0,5.0000000000673825,29.999999999554205,,,False,False,,,5.051427841186523,,,,,,107,320000000
straight_aisle,41,5.0,30.0,5.0000000000673825,29.999999999554205,,,False,False,,,7.698041915893555,,,,,,107,385000000
straight_aisle,41,5.0,30.0,5.0000000000673825,29.999999999554205,,,False,False,,,6.638392925262451,,,,,,107,450000000
straight_aisle,41,5.0,30.0,5.0000000000673825,29.999999999554205,,,False,False,,,9.4948148727417,,,,,,107,515000000
straight_aisle,41,5.0,30.0,5.0000000000673825,29.999999999554205,,,False,False,,,5.619197845458984,,,,,,107,585000000
straight_aisle,41,5.0,30.0,5.0000000000673825,29.999999999554205,,,False,False,,,7.835580825805664,,,,,,107,650000000
straight_aisle,41,5.0,30.0,5.0000000000673825,29.999999999554205,,,False,False,,,7.835580825805664,,,,,,107,715000000
straight_aisle,41,5.0,30.0,5.0000000000673825,29.999999999554205,,,False,False,,,8.535755157470703,,,,,,107,845000000
straight_aisle,41,5.0,30.0,5.0000000000673825,29.999999999554205,,,False,False,,,8.653752326965332,,,,,,107,915000000
straight_aisle,41,5.0,30.0,5.0000000000673825,29.999999999554205,,,False,False,,,7.803636074066162,,,,,,107,980000000
straight_aisle,41,5.0,30.0,5.0000000000673825,29.999999999554205,,,False,False,,,4.76157808303833,,,,,,108,45000000
straight_aisle,41,5.0,30.0,5.0000000000673825,29.999999999554205,,,False,False,,,4.780035018920898,,,,,,108,110000000
straight_aisle,41,5.0,30.0,5.0000000000673825,29.999999999554205,,,False,False,,,4.780035018920898,,,,,,108,245000000
straight_aisle,41,5.0,30.0,5.0000000000673825,29.999999999554205,,,False,False,,,4.7452569007873535,,,,,,108,310000000
straight_aisle,41,5.0,30.0,5.0000000000673825,29.999999999554205,,,False,False,,,4.7452569007873535,,,,,,108,440000000
straight_aisle,41,5.0,30.0,5.0000000000673825,29.999999999554205,,,False,False,,,4.744146823883057,,,,,,108,505000000
straight_aisle,41,5.0,30.0,5.0000000000673825,29.999999999554205,,,False,False,,,4.782107830047607,,,,,,108,575000000
straight_aisle,41,5.0,30.0,5.0000000000673825,29.999999999554205,,,False,False,,,4.782107830047607,,,,,,108,640000000
