scene,condition_id,requested_range_m,requested_bearing_deg,actual_range_m,actual_bearing_deg,measured_range_m,measured_bearing_deg,valid,full_visibility,range_error_m,bearing_error_deg,inference_ms,detection_confidence,bbox_x,bbox_y,bbox_width,bbox_height,stamp_sec,stamp_nanosec
yolo_final_aisle_v3,0,1.0,-30.0,1.000000000186681,-29.999999993824638,1.1078210207123909,-23.513814454965985,True,False,0.10782102052570997,6.486185538858653,5.285366058349609,0.969135582447052,266.0,184.0,108.0,139.0,1,985000000
yolo_final_aisle_v3,0,1.0,-30.0,1.000000000186681,-29.999999993824638,1.1078210207123909,-23.513814454965985,True,False,0.10782102052570997,6.486185538858653,5.868916034698486,0.9696598649024963,397.0,37.0,243.0,443.0,2,50000000
yolo_final_aisle_v3,0,1.0,-30.0,1.000000000186681,-29.999999993824638,1.1078210207123909,-23.513814454965985,True,False,0.10782102052570997,6.486185538858653,7.79396390914917,0.9696598649024963,397.0,37.0,243.0,443.0,2,115000000
yolo_final_aisle_v3,0,1.0,-30.0,1.000000000186681,-29.999999993824638,1.1078210207123909,-23.513814454965985,True,False,0.10782102052570997,6.486185538858653,7.79396390914917,0.9696598649024963,397.0,37.0,243.0,443.0,2,180000000
yolo_final_aisle_v3,0,1.0,-30.0,1.000000000186681,-29.999999993824638,1.1078210207123909,-23.513814454965985,True,False,0.10782102052570997,6.486185538858653,7.470653057098389,0.9696598649024963,397.0,37.0,243.0,443.0,2,245000000
yolo_final_aisle_v3,0,1.0,-30.0,1.000000000186681,-29.999999993824638,1.1078210207123909,-23.513814454965985,True,False,0.10782102052570997,6.486185538858653,7.727334976196289,0.9696598649024963,397.0,37.0,243.0,443.0,2,315000000
yolo_final_aisle_v3,0,1.0,-30.0,1.000000000186681,-29.999999993824638,1.1078210207123909,-23.513814454965985,True,False,0.10782102052570997,6.486185538858653,6.565570831298828,0.9696598649024963,397.0,37.0,243.0,443.0,2,380000000
yolo_final_aisle_v3,0,1.0,-30.0,1.000000000186681,-29.999999993824638,1.1078210207123909,-23.513814454965985,True,False,0.10782102052570997,6.486185538858653,7.347670078277588,0.9696598649024963,397.0,37.0,243.0,443.0,2,445000000
yolo_final_aisle_v3,0,1.0,-30.0,1.000000000186681,-29.999999993824638,1.1078210207123909,-23.513814454965985,True,False,0.10782102052570997,6.486185538858653,7.347670078277588,0.9696598649024963,397.0,37.0,243.0,443.0,2,510000000
yolo_final_aisle_v3,0,1.0,-30.0,1.000000000186681,-29.999999993824638,1.1078210207123909,-23.513814454965985,True,False,0.10782102052570997,6.486185538858653,5.299389839172363,0.9696598649024963,397.0,37.0,243.0,443.0,2,575000000
yolo_final_aisle_v3,0,1.0,-30.0,1.000000000186681,-29.999999993824638,1.1078210207123909,-23.513814454965985,True,False,0.10782102052570997,6.486185538858653,8.169705390930176,0.9696598649024963,397.0,37.0,243.0,443.0,2,710000000
yolo_final_aisle_v3,0,1.0,-30.0,1.000000000186681,-29.999999993824638,1.1078210207123909,-23.513814454965985,True,False,0.10782102052570997,6.486185538858653,6.127531051635742,0.9696598649024963,397.0,37.0,243.0,443.0,2,775000000
yolo_final_aisle_v3,0,1.0,-30.0,1.000000000186681,-29.999999993824638,1.1078210207123909,-23.513814454965985,True,False,0.10782102052570997,6.486185538858653,6.127531051635742,0.9696598649024963,397.0,37.0,243.0,443.0,2,840000000
yolo_final_aisle_v3,0,1.0,-30.0,1.000000000186681,-29.999999993824638,1.1078210207123909,-23.513814454965985,True,False,0.10782102052570997,6.486185538858653,5.252995014190674,0.9696598649024963,397.0,37.0,243.0,443.0,2,905000000
yolo_final_aisle_v3,0,1.0,-30.0,1.000000000186681,-29.999999993824638,1.1078210207123909,-23.513814454965985,True,False,0.10782102052570997,6.486185538858653,5.183405876159668,0.9696598649024963,397.0,37.0,243.0,443.0,2,975000000
yolo_final_aisle_v3,0,1.0,-30.0,1.000000000186681,-29.999999993824638,1.1078210207123909,-23.513814454965985,True,False,0.10782102052570997,6.486185538858653,6.011537075042725,0.9696598649024963,397.0,37.0,243.0,443.0,3,170000000
yolo_final_aisle_v3,0,1.0,-30.0,1.000000000186681,-29.999999993824638,1.1078210207123909,-23.513814454965985,True,False,0.10782102052570997,6.486185538858653,5.533638000488281,0.9696598649024963,397.0,37.0,243.0,443.0,3,235000000
yolo_final_aisle_v3,0,1.0,-30.0,1.000000000186681,-29.999999993824638,1.1078210207123909,-23.513814454965985,True,False,0.10782102052570997,6.486185538858653,5.448713779449463,0.9696598649024963,397.0,37.0,243.0,443.0,3,305000000
yolo_final_aisle_v3,0,1.0,-30.0,1.000000000186681,-29.999999993824638,1.1078210207123909,-23.513814454965985,True,False,0.10782102052570997,6.486185538858653,5.776687145233154,0.9696598649024963,397.0,37.0,243.0,443.0,3,370000000
yolo_final_aisle_v3,0,1.0,-30.0,1.000000000186681,-29.999999993824638,1.1078210207123909,-23.513814454965985,True,False,0.10782102052570997,6.486185538858653,5.795833110809326,0.9696598649024963,397.0,37.0,243.0,443.0,3,435000000
yolo_final_aisle_v3,0,1.0,-30.0,1.000000000186681,-29.999999993824638,1.1078210207123909,-23.513814454965985,True,False,0.10782102052570997,6.486185538858653,10.059833526611328,0.9696598649024963,397.0,37.0,243.0,443.0,3,500000000
yolo_final_aisle_v3,0,1.0,-30.0,1.000000000186681,-29.999999993824638,1.1078210207123909,-23.513814454965985,True,False,0.10782102052570997,6.486185538858653,10.059833526611328,0.9696598649024963,397.0,37.0,243.0,443.0,3,565000000
yolo_final_aisle_v3,0,1.0,-30.0,1.000000000186681,-29.999999993824638,1.1078210207123909,-23.513814454965985,True,False,0.10782102052570997,6.486185538858653,7.773701190948486,0.9696598649024963,397.0,37.0,243.0,443.0,3,635000000
yolo_final_aisle_v3,0,1.0,-30.0,1.000000000186681,-29.999999993824638,1.1078210207123909,-23.513814454965985,True,False,0.10782102052570997,6.486185538858653,6.05979585647583,0.9696598649024963,397.0,37.0,243.0,443.0,3,700000000
yolo_final_aisle_v3,0,1.0,-30.0,1.000000000186681,-29.999999993824638,1.1078210207123909,-23.513814454965985,True,False,0.10782102052570997,6.486185538858653,7.2711029052734375,0.9696598649024963,397.0,37.0,243.0,443.0,3,765000000
yolo_final_aisle_v3,0,1.0,-30.0,1.000000000186681,-29.999999993824638,1.1078210207123909,-23.513814454965985,True,False,0.10782102052570997,6.486185538858653,7.2711029052734375,0.9696598649024963,397.0,37.0,243.0,443.0,3,830000000
yolo_final_aisle_v3,0,1.0,-30.0,1.000000000186681,-29.999999993824638,1.1078210207123909,-23.513814454965985,True,False,0.10782102052570997,6.486185538858653,5.362745761871338,0.9696598649024963,397.0,37.0,243.0,443.0,3,895000000
yolo_final_aisle_v3,0,1.0,-30.0,1.000000000186681,-29.999999993824638,1.1078210207123909,-23.513814454965985,True,False,0.10782102052570997,6.486185538858653,5.362745761871338,0.9696598649024963,397.0,37.0,243.0,443.0,3,965000000
yolo_final_aisle_v3,0,1.0,-30.0,1.000000000186681,-29.999999993824638,1.1078210207123909,-23.513814454965985,True,False,0.10782102052570997,6.486185538858653,8.323989868164062,0.9696598649024963,397.0,37.0,243.0,443.0,4,30000000
yolo_final_aisle_v3,0,1.0,-30.0,1.000000000186681,-29.999999993824638,1.1078210207123909,-23.513814454965985,True,False,0.10782102052570997,6.486185538858653,7.309916973114014,0.9696598649024963,397.0,37.0,243.0,443.0,4,95000000
yolo_final_aisle_v3,1,1.0,-20.0,1.000000000192401,-19.999999994422584,1.1135176698943572,-19.07873402356576,True,False,0.1135176697019562,0.9212659708568225,5.077997207641602,0.9696598649024963,397.0,37.0,243.0,443.0,4,490000000
yolo_final_aisle_v3,1,1.0,-20.0,1.000000000192401,-19.999999994422584,1.1135176698943572,-19.07873402356576,True,False,0.1135176697019562,0.9212659708568225,9.083078384399414,0.9734439849853516,315.0,53.0,324.0,427.0,4,555000000
yolo_final_aisle_v3,1,1.0,-20.0,1.000000000192401,-19.999999994422584,1.1135176698943572,-19.07873402356576,True,False,0.1135176697019562,0.9212659708568225,6.712906837463379,0.9734439849853516,315.0,53.0,324.0,427.0,4,625000000
yolo_final_aisle_v3,1,1.0,-20.0,1.000000000192401,-19.999999994422584,1.1135176698943572,-19.07873402356576,True,False,0.1135176697019562,0.9212659708568225,9.5087251663208,0.9734439849853516,315.0,53.0,324.0,427.0,4,690000000
yolo_final_aisle_v3,1,1.0,-20.0,1.000000000192401,-19.999999994422584,1.1135176698943572,-19.07873402356576,True,False,0.1135176697019562,0.9212659708568225,9.5087251663208,0.9734439849853516,315.0,53.0,324.0,427.0,4,755000000
yolo_final_aisle_v3,1,1.0,-20.0,1.000000000192401,-19.999999994422584,1.1135176698943572,-19.07873402356576,True,False,0.1135176697019562,0.9212659708568225,5.315522193908691,0.9734439849853516,315.0,53.0,324.0,427.0,4,820000000
yolo_final_aisle_v3,1,1.0,-20.0,1.000000000192401,-19.999999994422584,1.1135176698943572,-19.07873402356576,True,False,0.1135176697019562,0.9212659708568225,5.315522193908691,0.9734439849853516,315.0,53.0,324.0,427.0,4,885000000
yolo_final_aisle_v3,1,1.0,-20.0,1.000000000192401,-19.999999994422584,1.1135176698943572,-19.07873402356576,True,False,0.1135176697019562,0.9212659708568225,8.486553192138672,0.9734439849853516,315.0,53.0,324.0,427.0,4,955000000
yolo_final_aisle_v3,1,1.0,-20.0,1.000000000192401,-19.999999994422584,1.1135176698943572,-19.07873402356576,True,False,0.1135176697019562,0.9212659708568225,8.486553192138672,0.9734439849853516,315.0,53.0,324.0,427.0,5,20000000
yolo_final_aisle_v3,1,1.0,-20.0,1.000000000192401,-19.999999994422584,1.1135176698943572,-19.07873402356576,True,False,0.1135176697019562,0.9212659708568225,5.3075737953186035,0.9734439849853516,315.0,53.0,324.0,427.0,5,85000000
yolo_final_aisle_v3,1,1.0,-20.0,1.000000000192401,-19.999999994422584,1.1135176698943572,-19.07873402356576,True,False,0.1135176697019562,0.9212659708568225,5.885110855102539,0.9734439849853516,315.0,53.0,324.0,427.0,5,150000000
yolo_final_aisle_v3,1,1.0,-20.0,1.000000000192401,-19.999999994422584,1.1135176698943572,-19.07873402356576,True,False,0.1135176697019562,0.9212659708568225,8.533459663391113,0.9734439849853516,315.0,53.0,324.0,427.0,5,285000000
yolo_final_aisle_v3,1,1.0,-20.0,1.000000000192401,-19.999999994422584,1.1135176698943572,-19.07873402356576,True,False,0.1135176697019562,0.9212659708568225,5.189464092254639,0.9734439849853516,315.0,53.0,324.0,427.0,5,350000000
yolo_final_aisle_v3,1,1.0,-20.0,1.000000000192401,-19.999999994422584,1.1135176698943572,-19.07873402356576,True,False,0.1135176697019562,0.9212659708568225,5.189464092254639,0.9734439849853516,315.0,53.0,324.0,427.0,5,480000000
yolo_final_aisle_v3,1,1.0,-20.0,1.000000000192401,-19.999999994422584,1.1135176698943572,-19.07873402356576,True,False,0.1135176697019562,0.9212659708568225,5.511660099029541,0.9734439849853516,315.0,53.0,324.0,427.0,5,545000000
yolo_final_aisle_v3,1,1.0,-20.0,1.000000000192401,-19.999999994422584,1.1135176698943572,-19.07873402356576,True,False,0.1135176697019562,0.9212659708568225,5.511660099029541,0.9734439849853516,315.0,53.0,324.0,427.0,5,680000000
yolo_final_aisle_v3,1,1.0,-20.0,1.000000000192401,-19.999999994422584,1.1135176698943572,-19.07873402356576,True,False,0.1135176697019562,0.9212659708568225,5.711142063140869,0.9734439849853516,315.0,53.0,324.0,427.0,5,745000000
yolo_final_aisle_v3,1,1.0,-20.0,1.000000000192401,-19.999999994422584,1.1135176698943572,-19.07873402356576,True,False,0.1135176697019562,0.9212659708568225,5.389307022094727,0.9734439849853516,315.0,53.0,324.0,427.0,5,810000000
yolo_final_aisle_v3,1,1.0,-20.0,1.000000000192401,-19.999999994422584,1.1135176698943572,-19.07873402356576,True,False,0.1135176697019562,0.9212659708568225,5.3418707847595215,0.9734439849853516,315.0,53.0,324.0,427.0,5,875000000
yolo_final_aisle_v3,1,1.0,-20.0,1.000000000192401,-19.999999994422584,1.1135176698943572,-19.07873402356576,True,False,0.1135176697019562,0.9212659708568225,5.318903923034668,0.9734439849853516,315.0,53.0,324.0,427.0,5,945000000
yolo_final_aisle_v3,1,1.0,-20.0,1.000000000192401,-19.999999994422584,1.1135176698943572,-19.07873402356576,True,False,0.1135176697019562,0.9212659708568225,5.2375688552856445,0.9734439849853516,315.0,53.0,324.0,427.0,6,10000000
yolo_final_aisle_v3,1,1.0,-20.0,1.000000000192401,-19.999999994422584,1.1135176698943572,-19.07873402356576,True,False,0.1135176697019562,0.9212659708568225,5.2375688552856445,0.9734439849853516,315.0,53.0,324.0,427.0,6,75000000
yolo_final_aisle_v3,1,1.0,-20.0,1.000000000192401,-19.999999994422584,1.1135176698943572,-19.07873402356576,True,False,0.1135176697019562,0.9212659708568225,5.284825801849365,0.9734439849853516,315.0,53.0,324.0,427.0,6,140000000
yolo_final_aisle_v3,1,1.0,-20.0,1.000000000192401,-19.999999994422584,1.1135176698943572,-19.07873402356576,True,False,0.1135176697019562,0.9212659708568225,7.281083106994629,0.9734439849853516,315.0,53.0,324.0,427.0,6,205000000
yolo_final_aisle_v3,1,1.0,-20.0,1.000000000192401,-19.999999994422584,1.1135176698943572,-19.07873402356576,True,False,0.1135176697019562,0.9212659708568225,6.660345077514648,0.9734439849853516,315.0,53.0,324.0,427.0,6,275000000
yolo_final_aisle_v3,1,1.0,-20.0,1.000000000192401,-19.999999994422584,1.1135176698943572,-19.07873402356576,True,False,0.1135176697019562,0.9212659708568225,7.386561870574951,0.9734439849853516,315.0,53.0,324.0,427.0,6,340000000
yolo_final_aisle_v3,1,1.0,-20.0,1.000000000192401,-19.999999994422584,1.1135176698943572,-19.07873402356576,True,False,0.1135176697019562,0.9212659708568225,7.386561870574951,0.9734439849853516,315.0,53.0,324.0,427.0,6,405000000
yolo_final_aisle_v3,1,1.0,-20.0,1.000000000192401,-19.999999994422584,1.1135176698943572,-19.07873402356576,True,False,0.1135176697019562,0.9212659708568225,7.541040897369385,0.9734439849853516,315.0,53.0,324.0,427.0,6,470000000
yolo_final_aisle_v3,1,1.0,-20.0,1.000000000192401,-19.999999994422584,1.1135176698943572,-19.07873402356576,True,False,0.1135176697019562,0.9212659708568225,7.09849214553833,0.9734439849853516,315.0,53.0,324.0,427.0,6,535000000
yolo_final_aisle_v3,1,1.0,-20.0,1.000000000192401,-19.999999994422584,1.1135176698943572,-19.07873402356576,True,False,0.1135176697019562,0.9212659708568225,7.186950206756592,0.9734439849853516,315.0,53.0,324.0,427.0,6,605000000
yolo_final_aisle_v3,2,1.0,-10.0,0.9999999999937191,-10.000000001987432,1.0971993125759252,-11.04830181241774,True,False,0.09719931258220604,-1.0483018104303081,5.250789165496826,0.9734439849853516,315.0,53.0,324.0,427.0,7,0
yolo_final_aisle_v3,2,1.0,-10.0,0.9999999999937191,-10.000000001987432,1.0971993125759252,-11.04830181241774,True,False,0.09719931258220604,-1.0483018104303081,6.531736850738525,0.9733943939208984,239.0,62.0,340.0,418.0,7,65000000
yolo_final_aisle_v3,2,1.0,-10.0,0.9999999999937191,-10.000000001987432,1.0971993125759252,-11.04830181241774,True,False,0.09719931258220604,-1.0483018104303081,7.823812961578369,0.9733943939208984,239.0,62.0,340.0,418.0,7,130000000
yolo_final_aisle_v3,2,1.0,-10.0,0.9999999999937191,-10.000000001987432,1.0971993125759252,-11.04830181241774,True,False,0.09719931258220604,-1.0483018104303081,6.280433177947998,0.9733943939208984,239.0,62.0,340.0,418.0,7,195000000
yolo_final_aisle_v3,2,1.0,-10.0,0.9999999999937191,-10.000000001987432,1.0971993125759252,-11.04830181241774,True,False,0.09719931258220604,-1.0483018104303081,7.353507041931152,0.9733943939208984,239.0,62.0,340.0,418.0,7,265000000
yolo_final_aisle_v3,2,1.0,-10.0,0.9999999999937191,-10.000000001987432,1.0971993125759252,-11.04830181241774,True,False,0.09719931258220604,-1.0483018104303081,7.460124969482422,0.9733943939208984,239.0,62.0,340.0,418.0,7,330000000
yolo_final_aisle_v3,2,1.0,-10.0,0.9999999999937191,-10.000000001987432,1.0971993125759252,-11.04830181241774,True,False,0.09719931258220604,-1.0483018104303081,7.534979820251465,0.9733943939208984,239.0,62.0,340.0,418.0,7,395000000
yolo_final_aisle_v3,2,1.0,-10.0,0.9999999999937191,-10.000000001987432,1.0971993125759252,-11.04830181241774,True,False,0.09719931258220604,-1.0483018104303081,7.51688289642334,0.9733943939208984,239.0,62.0,340.0,418.0,7,460000000
yolo_final_aisle_v3,2,1.0,-10.0,0.9999999999937191,-10.000000001987432,1.0971993125759252,-11.04830181241774,True,False,0.09719931258220604,-1.0483018104303081,7.161917209625244,0.9733943939208984,239.0,62.0,340.0,418.0,7,525000000
yolo_final_aisle_v3,2,1.0,-10.0,0.9999999999937191,-10.000000001987432,1.0971993125759252,-11.04830181241774,True,False,0.09719931258220604,-1.0483018104303081,7.697768211364746,0.9733943939208984,239.0,62.0,340.0,418.0,7,595000000
yolo_final_aisle_v3,2,1.0,-10.0,0.9999999999937191,-10.000000001987432,1.0971993125759252,-11.04830181241774,True,False,0.09719931258220604,-1.0483018104303081,7.031620025634766,0.9733943939208984,239.0,62.0,340.0,418.0,7,660000000
yolo_final_aisle_v3,2,1.0,-10.0,0.9999999999937191,-10.000000001987432,1.0971993125759252,-11.04830181241774,True,False,0.09719931258220604,-1.0483018104303081,6.527524948120117,0.9733943939208984,239.0,62.0,340.0,418.0,7,725000000
yolo_final_aisle_v3,2,1.0,-10.0,0.9999999999937191,-10.000000001987432,1.0971993125759252,-11.04830181241774,True,False,0.09719931258220604,-1.0483018104303081,5.316943168640137,0.9733943939208984,239.0,62.0,340.0,418.0,7,790000000
yolo_final_aisle_v3,2,1.0,-10.0,0.9999999999937191,-10.000000001987432,1.0971993125759252,-11.04830181241774,True,False,0.09719931258220604,-1.0483018104303081,5.287229061126709,0.9733943939208984,239.0,62.0,340.0,418.0,7,855000000
yolo_final_aisle_v3,2,1.0,-10.0,0.9999999999937191,-10.000000001987432,1.0971993125759252,-11.04830181241774,True,False,0.09719931258220604,-1.0483018104303081,5.319940090179443,0.9733943939208984,239.0,62.0,340.0,418.0,8,55000000
yolo_final_aisle_v3,2,1.0,-10.0,0.9999999999937191,-10.000000001987432,1.0971993125759252,-11.04830181241774,True,False,0.09719931258220604,-1.0483018104303081,5.319940090179443,0.9733943939208984,239.0,62.0,340.0,418.0,8,185000000
yolo_final_aisle_v3,2,1.0,-10.0,0.9999999999937191,-10.000000001987432,1.0971993125759252,-11.04830181241774,True,False,0.09719931258220604,-1.0483018104303081,5.491940021514893,0.9733943939208984,239.0,62.0,340.0,418.0,8,255000000
yolo_final_aisle_v3,2,1.0,-10.0,0.9999999999937191,-10.000000001987432,1.0971993125759252,-11.04830181241774,True,False,0.09719931258220604,-1.0483018104303081,5.102993965148926,0.9733943939208984,239.0,62.0,340.0,418.0,8,320000000
yolo_final_aisle_v3,2,1.0,-10.0,0.9999999999937191,-10.000000001987432,1.0971993125759252,-11.04830181241774,True,False,0.09719931258220604,-1.0483018104303081,11.10479736328125,0.9733943939208984,239.0,62.0,340.0,418.0,8,385000000
yolo_final_aisle_v3,2,1.0,-10.0,0.9999999999937191,-10.000000001987432,1.0971993125759252,-11.04830181241774,True,False,0.09719931258220604,-1.0483018104303081,11.10479736328125,0.9733943939208984,239.0,62.0,340.0,418.0,8,450000000
yolo_final_aisle_v3,2,1.0,-10.0,0.9999999999937191,-10.000000001987432,1.0971993125759252,-11.04830181241774,True,False,0.09719931258220604,-1.0483018104303081,5.727513790130615,0.9733943939208984,239.0,62.0,340.0,418.0,8,585000000
yolo_final_aisle_v3,2,1.0,-10.0,0.9999999999937191,-10.000000001987432,1.0971993125759252,-11.04830181241774,True,False,0.09719931258220604,-1.0483018104303081,5.182651042938232,0.9733943939208984,239.0,62.0,340.0,418.0,8,650000000
yolo_final_aisle_v3,2,1.0,-10.0,0.9999999999937191,-10.000000001987432,1.0971993125759252,-11.04830181241774,True,False,0.09719931258220604,-1.0483018104303081,5.216821193695068,0.9733943939208984,239.0,62.0,340.0,418.0,8,715000000
yolo_final_aisle_v3,2,1.0,-10.0,0.9999999999937191,-10.000000001987432,1.0971993125759252,-11.04830181241774,True,False,0.09719931258220604,-1.0483018104303081,7.967893123626709,0.9733943939208984,239.0,62.0,340.0,418.0,8,780000000
yolo_final_aisle_v3,2,1.0,-10.0,0.9999999999937191,-10.000000001987432,1.0971993125759252,-11.04830181241774,True,False,0.09719931258220604,-1.0483018104303081,7.967893123626709,0.9733943939208984,239.0,62.0,340.0,418.0,8,845000000
yolo_final_aisle_v3,2,1.0,-10.0,0.9999999999937191,-10.000000001987432,1.0971993125759252,-11.04830181241774,True,False,0.09719931258220604,-1.0483018104303081,7.702474117279053,0.9733943939208984,239.0,62.0,340.0,418.0,8,915000000
yolo_final_aisle_v3,2,1.0,-10.0,0.9999999999937191,-10.000000001987432,1.0971993125759252,-11.04830181241774,True,False,0.09719931258220604,-1.0483018104303081,7.255667209625244,0.9733943939208984,239.0,62.0,340.0,418.0,9,45000000
yolo_final_aisle_v3,2,1.0,-10.0,0.9999999999937191,-10.000000001987432,1.0971993125759252,-11.04830181241774,True,False,0.09719931258220604,-1.0483018104303081,7.255667209625244,0.9733943939208984,239.0,62.0,340.0,418.0,9,110000000
yolo_final_aisle_v3,2,1.0,-10.0,0.9999999999937191,-10.000000001987432,1.0971993125759252,-11.04830181241774,True,False,0.09719931258220604,-1.0483018104303081,7.198910236358643,0.9733943939208984,239.0,62.0,340.0,418.0,9,310000000
yolo_final_aisle_v3,2,1.0,-10.0,0.9999999999937191,-10.000000001987432,1.0971993125759252,-11.04830181241774,True,False,0.09719931258220604,-1.0483018104303081,5.151788234710693,0.9733943939208984,239.0,62.0,340.0,418.0,9,375000000
yolo_final_aisle_v3,3,1.0,0.0,1.0,0.0,1.0870035286347433,-0.3609973969818626,True,False,0.08700352863474325,-0.3609973969818626,5.434043884277344,0.9733943939208984,239.0,62.0,340.0,418.0,9,835000000
yolo_final_aisle_v3,3,1.0,0.0,1.0,0.0,1.0870035286347433,-0.3609973969818626,True,False,0.08700352863474325,-0.3609973969818626,7.283877849578857,0.9755374193191528,156.0,66.0,333.0,414.0,9,905000000
yolo_final_aisle_v3,3,1.0,0.0,1.0,0.0,1.0870035286347433,-0.3609973969818626,True,False,0.08700352863474325,-0.3609973969818626,7.327875137329102,0.9755374193191528,156.0,66.0,333.0,414.0,9,970000000
yolo_final_aisle_v3,3,1.0,0.0,1.0,0.0,1.0870035286347433,-0.3609973969818626,True,False,0.08700352863474325,-0.3609973969818626,7.074708938598633,0.9755374193191528,156.0,66.0,333.0,414.0,10,35000000
yolo_final_aisle_v3,3,1.0,0.0,1.0,0.0,1.0870035286347433,-0.3609973969818626,True,False,0.08700352863474325,-0.3609973969818626,5.644565105438232,0.9755374193191528,156.0,66.0,333.0,414.0,10,100000000
yolo_final_aisle_v3,3,1.0,0.0,1.0,0.0,1.0870035286347433,-0.3609973969818626,True,False,0.08700352863474325,-0.3609973969818626,5.111084938049316,0.9755374193191528,156.0,66.0,333.0,414.0,10,165000000
yolo_final_aisle_v3,3,1.0,0.0,1.0,0.0,1.0870035286347433,-0.3609973969818626,True,False,0.08700352863474325,-0.3609973969818626,7.17760705947876,0.9755374193191528,156.0,66.0,333.0,414.0,10,235000000
yolo_final_aisle_v3,3,1.0,0.0,1.0,0.0,1.0870035286347433,-0.3609973969818626,True,False,0.08700352863474325,-0.3609973969818626,5.524478912353516,0.9755374193191528,156.0,66.0,333.0,414.0,10,300000000
yolo_final_aisle_v3,3,1.0,0.0,1.0,0.0,1.0870035286347433,-0.3609973969818626,True,False,0.08700352863474325,-0.3609973969818626,5.524478912353516,0.9755374193191528,156.0,66.0,333.0,414.0,10,365000000
yolo_final_aisle_v3,3,1.0,0.0,1.0,0.0,1.0870035286347433,-0.3609973969818626,True,False,0.08700352863474325,-0.3609973969818626,5.128091812133789,0.9755374193191528,156.0,66.0,333.0,414.0,10,430000000
yolo_final_aisle_v3,3,1.0,0.0,1.0,0.0,1.0870035286347433,-0.3609973969818626,True,False,0.08700352863474325,-0.3609973969818626,5.155764102935791,0.9755374193191528,156.0,66.0,333.0,414.0,10,495000000
yolo_final_aisle_v3,3,1.0,0.0,1.0,0.0,1.0870035286347433,-0.3609973969818626,True,False,0.08700352863474325,-0.3609973969818626,5.155764102935791,0.9755374193191528,156.0,66.0,333.0,414.0,10,630000000
yolo_final_aisle_v3,3,1.0,0.0,1.0,0.0,1.0870035286347433,-0.3609973969818626,True,False,0.08700352863474325,-0.3609973969818626,5.126132965087891,0.9755374193191528,156.0,66.0,333.0,414.0,10,695000000
yolo_final_aisle_v3,3,1.0,0.0,1.0,0.0,1.0870035286347433,-0.3609973969818626,True,False,0.08700352863474325,-0.3609973969818626,5.126132965087891,0.9755374193191528,156.0,66.0,333.0,414.0,10,760000000
yolo_final_aisle_v3,3,1.0,0.0,1.0,0.0,1.0870035286347433,-0.3609973969818626,True,False,0.08700352863474325,-0.3609973969818626,5.711061954498291,0.9755374193191528,156.0,66.0,333.0,414.0,10,825000000
yolo_final_aisle_v3,3,1.0,0.0,1.0,0.0,1.0870035286347433,-0.3609973969818626,True,False,0.08700352863474325,-0.3609973969818626,5.550782203674316,0.9755374193191528,156.0,66.0,333.0,414.0,10,895000000
yolo_final_aisle_v3,3,1.0,0.0,1.0,0.0,1.0870035286347433,-0.3609973969818626,True,False,0.08700352863474325,-0.3609973969818626,8.335744857788086,0.9755374193191528,156.0,66.0,333.0,414.0,10,960000000
yolo_final_aisle_v3,3,1.0,0.0,1.0,0.0,1.0870035286347433,-0.3609973969818626,True,False,0.08700352863474325,-0.3609973969818626,5.510557174682617,0.9755374193191528,156.0,66.0,333.0,414.0,11,25000000
yolo_final_aisle_v3,3,1.0,0.0,1.0,0.0,1.0870035286347433,-0.3609973969818626,True,False,0.08700352863474325,-0.3609973969818626,5.510557174682617,0.9755374193191528,156.0,66.0,333.0,414.0,11,90000000
yolo_final_aisle_v3,3,1.0,0.0,1.0,0.0,1.0870035286347433,-0.3609973969818626,True,False,0.08700352863474325,-0.3609973969818626,7.306573867797852,0.9755374193191528,156.0,66.0,333.0,414.0,11,155000000
yolo_final_aisle_v3,3,1.0,0.0,1.0,0.0,1.0870035286347433,-0.3609973969818626,True,False,0.08700352863474325,-0.3609973969818626,5.573147773742676,0.9755374193191528,156.0,66.0,333.0,414.0,11,225000000
yolo_final_aisle_v3,3,1.0,0.0,1.0,0.0,1.0870035286347433,-0.3609973969818626,True,False,0.08700352863474325,-0.3609973969818626,6.002027988433838,0.9755374193191528,156.0,66.0,333.0,414.0,11,290000000
yolo_final_aisle_v3,3,1.0,0.0,1.0,0.0,1.0870035286347433,-0.3609973969818626,True,False,0.08700352863474325,-0.3609973969818626,7.012752056121826,0.9755374193191528,156.0,66.0,333.0,414.0,11,355000000
yolo_final_aisle_v3,3,1.0,0.0,1.0,0.0,1.0870035286347433,-0.3609973969818626,True,False,0.08700352863474325,-0.3609973969818626,7.931420803070068,0.9755374193191528,156.0,66.0,333.0,414.0,11,420000000
yolo_final_aisle_v3,3,1.0,0.0,1.0,0.0,1.0870035286347433,-0.3609973969818626,True,False,0.08700352863474325,-0.3609973969818626,7.348915100097656,0.9755374193191528,156.0,66.0,333.0,414.0,11,485000000
yolo_final_aisle_v3,3,1.0,0.0,1.0,0.0,1.0870035286347433,-0.3609973969818626,True,False,0.08700352863474325,-0.3609973969818626,7.369348049163818,0.9755374193191528,156.0,66.0,333.0,414.0,11,555000000
yolo_final_aisle_v3,3,1.0,0.0,1.0,0.0,1.0870035286347433,-0.3609973969818626,True,False,0.08700352863474325,-0.3609973969818626,9.504093170166016,0.9755374193191528,156.0,66.0,333.0,414.0,11,620000000
yolo_final_aisle_v3,3,1.0,0.0,1.0,0.0,1.0870035286347433,-0.3609973969818626,True,False,0.08700352863474325,-0.3609973969818626,7.1533708572387695,0.9755374193191528,156.0,66.0,333.0,414.0,11,685000000
yolo_final_aisle_v3,3,1.0,0.0,1.0,0.0,1.0870035286347433,-0.3609973969818626,True,False,0.08700352863474325,-0.3609973969818626,7.891912937164307,0.9755374193191528,156.0,66.0,333.0,414.0,11,750000000
yolo_final_aisle_v3,3,1.0,0.0,1.0,0.0,1.0870035286347433,-0.3609973969818626,True,False,0.08700352863474325,-0.3609973969818626,5.2037858963012695,0.9755374193191528,156.0,66.0,333.0,414.0,11,815000000
yolo_final_aisle_v3,4,1.0,10.0,0.9999999999885097,10.000000000294676,1.092496342188996,9.963891753078272,True,False,0.09249634220048619,-0.036108247216404266,6.577033042907715,0.9737585783004761,72.0,62.0,335.0,418.0,12,280000000
yolo_final_aisle_v3,4,1.0,10.0,0.9999999999885097,10.000000000294676,1.092496342188996,9.963891753078272,True,False,0.09249634220048619,-0.036108247216404266,5.453649044036865,0.9737585783004761,72.0,62.0,335.0,418.0,12,345000000
yolo_final_aisle_v3,4,1.0,10.0,0.9999999999885097,10.000000000294676,1.092496342188996,9.963891753078272,True,False,0.09249634220048619,-0.036108247216404266,8.48597526550293,0.9737585783004761,72.0,62.0,335.0,418.0,12,410000000
yolo_final_aisle_v3,4,1.0,10.0,0.9999999999885097,10.000000000294676,1.092496342188996,9.963891753078272,True,False,0.09249634220048619,-0.036108247216404266,8.48597526550293,0.9737585783004761,72.0,62.0,335.0,418.0,12,475000000
yolo_final_aisle_v3,4,1.0,10.0,0.9999999999885097,10.000000000294676,1.092496342188996,9.963891753078272,True,False,0.09249634220048619,-0.036108247216404266,5.357820987701416,0.9737585783004761,72.0,62.0,335.0,418.0,12,545000000
yolo_final_aisle_v3,4,1.0,10.0,0.9999999999885097,10.000000000294676,1.092496342188996,9.963891753078272,True,False,0.09249634220048619,-0.036108247216404266,7.300257205963135,0.9737585783004761,72.0,62.0,335.0,418.0,12,610000000
yolo_final_aisle_v3,4,1.0,10.0,0.9999999999885097,10.000000000294676,1.092496342188996,9.963891753078272,True,False,0.09249634220048619,-0.036108247216404266,7.212629795074463,0.9737585783004761,72.0,62.0,335.0,418.0,12,675000000
yolo_final_aisle_v3,4,1.0,10.0,0.9999999999885097,10.000000000294676,1.092496342188996,9.963891753078272,True,False,0.09249634220048619,-0.036108247216404266,7.212629795074463,0.9737585783004761,72.0,62.0,335.0,418.0,12,740000000
yolo_final_aisle_v3,4,1.0,10.0,0.9999999999885097,10.000000000294676,1.092496342188996,9.963891753078272,True,False,0.09249634220048619,-0.036108247216404266,5.762653827667236,0.9737585783004761,72.0,62.0,335.0,418.0,12,805000000
yolo_final_aisle_v3,4,1.0,10.0,0.9999999999885097,10.000000000294676,1.092496342188996,9.963891753078272,True,False,0.09249634220048619,-0.036108247216404266,7.371516227722168,0.9737585783004761,72.0,62.0,335.0,418.0,12,875000000
yolo_final_aisle_v3,4,1.0,10.0,0.9999999999885097,10.000000000294676,1.092496342188996,9.963891753078272,True,False,0.09249634220048619,-0.036108247216404266,7.130281925201416,0.9737585783004761,72.0,62.0,335.0,418.0,12,940000000
yolo_final_aisle_v3,4,1.0,10.0,0.9999999999885097,10.000000000294676,1.092496342188996,9.963891753078272,True,False,0.09249634220048619,-0.036108247216404266,5.19335412979126,0.9737585783004761,72.0,62.0,335.0,418.0,13,5000000
yolo_final_aisle_v3,4,1.0,10.0,0.9999999999885097,10.000000000294676,1.092496342188996,9.963891753078272,True,False,0.09249634220048619,-0.036108247216404266,5.086713790893555,0.9737585783004761,72.0,62.0,335.0,418.0,13,70000000
yolo_final_aisle_v3,4,1.0,10.0,0.9999999999885097,10.000000000294676,1.092496342188996,9.963891753078272,True,False,0.09249634220048619,-0.036108247216404266,5.086713790893555,0.9737585783004761,72.0,62.0,335.0,418.0,13,135000000
yolo_final_aisle_v3,4,1.0,10.0,0.9999999999885097,10.000000000294676,1.092496342188996,9.963891753078272,True,False,0.09249634220048619,-0.036108247216404266,7.193596839904785,0.9737585783004761,72.0,62.0,335.0,418.0,13,205000000
yolo_final_aisle_v3,4,1.0,10.0,0.9999999999885097,10.000000000294676,1.092496342188996,9.963891753078272,True,False,0.09249634220048619,-0.036108247216404266,5.1721930503845215,0.9737585783004761,72.0,62.0,335.0,418.0,13,270000000
yolo_final_aisle_v3,4,1.0,10.0,0.9999999999885097,10.000000000294676,1.092496342188996,9.963891753078272,True,False,0.09249634220048619,-0.036108247216404266,5.146611213684082,0.9737585783004761,72.0,62.0,335.0,418.0,13,335000000
yolo_final_aisle_v3,4,1.0,10.0,0.9999999999885097,10.000000000294676,1.092496342188996,9.963891753078272,True,False,0.09249634220048619,-0.036108247216404266,5.146611213684082,0.9737585783004761,72.0,62.0,335.0,418.0,13,400000000
yolo_final_aisle_v3,4,1.0,10.0,0.9999999999885097,10.000000000294676,1.092496342188996,9.963891753078272,True,False,0.09249634220048619,-0.036108247216404266,5.366944789886475,0.9737585783004761,72.0,62.0,335.0,418.0,13,465000000
yolo_final_aisle_v3,4,1.0,10.0,0.9999999999885097,10.000000000294676,1.092496342188996,9.963891753078272,True,False,0.09249634220048619,-0.036108247216404266,5.444063186645508,0.9737585783004761,72.0,62.0,335.0,418.0,13,535000000
yolo_final_aisle_v3,4,1.0,10.0,0.9999999999885097,10.000000000294676,1.092496342188996,9.963891753078272,True,False,0.09249634220048619,-0.036108247216404266,5.444063186645508,0.9737585783004761,72.0,62.0,335.0,418.0,13,600000000
yolo_final_aisle_v3,4,1.0,10.0,0.9999999999885097,10.000000000294676,1.092496342188996,9.963891753078272,True,False,0.09249634220048619,-0.036108247216404266,5.2312140464782715,0.9737585783004761,72.0,62.0,335.0,418.0,13,665000000
yolo_final_aisle_v3,4,1.0,10.0,0.9999999999885097,10.000000000294676,1.092496342188996,9.963891753078272,True,False,0.09249634220048619,-0.036108247216404266,5.405473232269287,0.9737585783004761,72.0,62.0,335.0,418.0,13,730000000
yolo_final_aisle_v3,4,1.0,10.0,0.9999999999885097,10.000000000294676,1.092496342188996,9.963891753078272,True,False,0.09249634220048619,-0.036108247216404266,6.357452869415283,0.9737585783004761,72.0,62.0,335.0,418.0,13,795000000
yolo_final_aisle_v3,4,1.0,10.0,0.9999999999885097,10.000000000294676,1.092496342188996,9.963891753078272,True,False,0.09249634220048619,-0.036108247216404266,5.7677178382873535,0.9737585783004761,72.0,62.0,335.0,418.0,13,865000000
yolo_final_aisle_v3,4,1.0,10.0,0.9999999999885097,10.000000000294676,1.092496342188996,9.963891753078272,True,False,0.09249634220048619,-0.036108247216404266,5.3982110023498535,0.9737585783004761,72.0,62.0,335.0,418.0,13,930000000
yolo_final_aisle_v3,4,1.0,10.0,0.9999999999885097,10.000000000294676,1.092496342188996,9.963891753078272,True,False,0.09249634220048619,-0.036108247216404266,5.877378940582275,0.9737585783004761,72.0,62.0,335.0,418.0,13,995000000
yolo_final_aisle_v3,4,1.0,10.0,0.9999999999885097,10.000000000294676,1.092496342188996,9.963891753078272,True,False,0.09249634220048619,-0.036108247216404266,5.877378940582275,0.9737585783004761,72.0,62.0,335.0,418.0,14,125000000
yolo_final_aisle_v3,4,1.0,10.0,0.9999999999885097,10.000000000294676,1.092496342188996,9.963891753078272,True,False,0.09249634220048619,-0.036108247216404266,7.33306884765625,0.9737585783004761,72.0,62.0,335.0,418.0,14,195000000
yolo_final_aisle_v3,4,1.0,10.0,0.9999999999885097,10.000000000294676,1.092496342188996,9.963891753078272,True,False,0.09249634220048619,-0.036108247216404266,6.31558084487915,0.9737585783004761,72.0,62.0,335.0,418.0,14,260000000
yolo_final_aisle_v3,5,1.0,20.0,1.000000000192401,19.999999994422584,1.1125286113308699,19.009124327786505,True,False,0.1125286111384689,-0.9908756666360787,7.401557922363281,0.9737585783004761,72.0,62.0,335.0,418.0,14,720000000
yolo_final_aisle_v3,5,1.0,20.0,1.000000000192401,19.999999994422584,1.1125286113308699,19.009124327786505,True,False,0.1125286111384689,-0.9908756666360787,5.814619064331055,0.9752795696258545,0.0,53.0,324.0,427.0,14,785000000
yolo_final_aisle_v3,5,1.0,20.0,1.000000000192401,19.999999994422584,1.1125286113308699,19.009124327786505,True,False,0.1125286111384689,-0.9908756666360787,5.385608196258545,0.9752795696258545,0.0,53.0,324.0,427.0,14,920000000
yolo_final_aisle_v3,5,1.0,20.0,1.000000000192401,19.999999994422584,1.1125286113308699,19.009124327786505,True,False,0.1125286111384689,-0.9908756666360787,5.591570854187012,0.9752795696258545,0.0,53.0,324.0,427.0,14,985000000
yolo_final_aisle_v3,5,1.0,20.0,1.000000000192401,19.999999994422584,1.1125286113308699,19.009124327786505,True,False,0.1125286111384689,-0.9908756666360787,5.591570854187012,0.9752795696258545,0.0,53.0,324.0,427.0,15,50000000
yolo_final_aisle_v3,5,1.0,20.0,1.000000000192401,19.999999994422584,1.1125286113308699,19.009124327786505,True,False,0.1125286111384689,-0.9908756666360787,5.62893009185791,0.9752795696258545,0.0,53.0,324.0,427.0,15,115000000
yolo_final_aisle_v3,5,1.0,20.0,1.000000000192401,19.999999994422584,1.1125286113308699,19.009124327786505,True,False,0.1125286111384689,-0.9908756666360787,6.683276176452637,0.9752795696258545,0.0,53.0,324.0,427.0,15,185000000
yolo_final_aisle_v3,5,1.0,20.0,1.000000000192401,19.999999994422584,1.1125286113308699,19.009124327786505,True,False,0.1125286111384689,-0.9908756666360787,6.683276176452637,0.9752795696258545,0.0,53.0,324.0,427.0,15,250000000
yolo_final_aisle_v3,5,1.0,20.0,1.000000000192401,19.999999994422584,1.1125286113308699,19.009124327786505,True,False,0.1125286111384689,-0.9908756666360787,6.600432872772217,0.9752795696258545,0.0,53.0,324.0,427.0,15,315000000
yolo_final_aisle_v3,5,1.0,20.0,1.000000000192401,19.999999994422584,1.1125286113308699,19.009124327786505,True,False,0.1125286111384689,-0.9908756666360787,7.098470211029053,0.9752795696258545,0.0,53.0,324.0,427.0,15,380000000
yolo_final_aisle_v3,5,1.0,20.0,1.000000000192401,19.999999994422584,1.1125286113308699,19.009124327786505,True,False,0.1125286111384689,-0.9908756666360787,6.9538397789001465,0.9752795696258545,0.0,53.0,324.0,427.0,15,445000000
yolo_final_aisle_v3,5,1.0,20.0,1.000000000192401,19.999999994422584,1.1125286113308699,19.009124327786505,True,False,0.1125286111384689,-0.9908756666360787,7.177049160003662,0.9752795696258545,0.0,53.0,324.0,427.0,15,515000000
yolo_final_aisle_v3,5,1.0,20.0,1.000000000192401,19.999999994422584,1.1125286113308699,19.009124327786505,True,False,0.1125286111384689,-0.9908756666360787,7.082992076873779,0.9752795696258545,0.0,53.0,324.0,427.0,15,580000000
yolo_final_aisle_v3,5,1.0,20.0,1.000000000192401,19.999999994422584,1.1125286113308699,19.009124327786505,True,False,0.1125286111384689,-0.9908756666360787,7.082992076873779,0.9752795696258545,0.0,53.0,324.0,427.0,15,645000000
yolo_final_aisle_v3,5,1.0,20.0,1.000000000192401,19.999999994422584,1.1125286113308699,19.009124327786505,True,False,0.1125286111384689,-0.9908756666360787,8.101261138916016,0.9752795696258545,0.0,53.0,324.0,427.0,15,710000000
yolo_final_aisle_v3,5,1.0,20.0,1.000000000192401,19.999999994422584,1.1125286113308699,19.009124327786505,True,False,0.1125286111384689,-0.9908756666360787,8.101261138916016,0.9752795696258545,0.0,53.0,324.0,427.0,15,775000000
yolo_final_aisle_v3,5,1.0,20.0,1.000000000192401,19.999999994422584,1.1125286113308699,19.009124327786505,True,False,0.1125286111384689,-0.9908756666360787,6.494347095489502,0.9752795696258545,0.0,53.0,324.0,427.0,15,845000000
yolo_final_aisle_v3,5,1.0,20.0,1.000000000192401,19.999999994422584,1.1125286113308699,19.009124327786505,True,False,0.1125286111384689,-0.9908756666360787,5.401079177856445,0.9752795696258545,0.0,53.0,324.0,427.0,15,910000000
yolo_final_aisle_v3,5,1.0,20.0,1.000000000192401,19.999999994422584,1.1125286113308699,19.009124327786505,True,False,0.1125286111384689,-0.9908756666360787,8.38235855102539,0.9752795696258545,0.0,53.0,324.0,427.0,15,975000000
yolo_final_aisle_v3,5,1.0,20.0,1.000000000192401,19.999999994422584,1.1125286113308699,19.009124327786505,True,False,0.1125286111384689,-0.9908756666360787,5.131164073944092,0.9752795696258545,0.0,53.0,324.0,427.0,16,40000000
yolo_final_aisle_v3,5,1.0,20.0,1.000000000192401,19.999999994422584,1.1125286113308699,19.009124327786505,True,False,0.1125286111384689,-0.9908756666360787,5.131164073944092,0.9752795696258545,0.0,53.0,324.0,427.0,16,105000000
yolo_final_aisle_v3,5,1.0,20.0,1.000000000192401,19.999999994422584,1.1125286113308699,19.009124327786505,True,False,0.1125286111384689,-0.9908756666360787,5.3160719871521,0.9752795696258545,0.0,53.0,324.0,427.0,16,175000000
yolo_final_aisle_v3,5,1.0,20.0,1.000000000192401,19.999999994422584,1.1125286113308699,19.009124327786505,True,False,0.1125286111384689,-0.9908756666360787,5.246488094329834,0.9752795696258545,0.0,53.0,324.0,427.0,16,240000000
yolo_final_aisle_v3,5,1.0,20.0,1.000000000192401,19.999999994422584,1.1125286113308699,19.009124327786505,True,False,0.1125286111384689,-0.9908756666360787,5.984333038330078,0.9752795696258545,0.0,53.0,324.0,427.0,16,305000000
yolo_final_aisle_v3,5,1.0,20.0,1.000000000192401,19.999999994422584,1.1125286113308699,19.009124327786505,True,False,0.1125286111384689,-0.9908756666360787,5.984333038330078,0.9752795696258545,0.0,53.0,324.0,427.0,16,370000000
yolo_final_aisle_v3,5,1.0,20.0,1.000000000192401,19.999999994422584,1.1125286113308699,19.009124327786505,True,False,0.1125286111384689,-0.9908756666360787,7.485395908355713,0.9752795696258545,0.0,53.0,324.0,427.0,16,435000000
yolo_final_aisle_v3,5,1.0,20.0,1.000000000192401,19.999999994422584,1.1125286113308699,19.009124327786505,True,False,0.1125286111384689,-0.9908756666360787,7.485395908355713,0.9752795696258545,0.0,53.0,324.0,427.0,16,505000000
yolo_final_aisle_v3,5,1.0,20.0,1.000000000192401,19.999999994422584,1.1125286113308699,19.009124327786505,True,False,0.1125286111384689,-0.9908756666360787,5.563144207000732,0.9752795696258545,0.0,53.0,324.0,427.0,16,570000000
yolo_final_aisle_v3,5,1.0,20.0,1.000000000192401,19.999999994422584,1.1125286113308699,19.009124327786505,True,False,0.1125286111384689,-0.9908756666360787,5.563144207000732,0.9752795696258545,0.0,53.0,324.0,427.0,16,635000000
yolo_final_aisle_v3,5,1.0,20.0,1.000000000192401,19.999999994422584,1.1125286113308699,19.009124327786505,True,False,0.1125286111384689,-0.9908756666360787,5.256346225738525,0.9752795696258545,0.0,53.0,324.0,427.0,16,700000000
yolo_final_aisle_v3,6,1.0,30.0,1.000000000186681,29.999999993824645,1.1029527247640054,23.475841854167083,True,False,0.10295272457732452,-6.524158139657562,8.444974899291992,0.9752795696258545,0.0,53.0,324.0,427.0,17,165000000
yolo_final_aisle_v3,6,1.0,30.0,1.000000000186681,29.999999993824645,1.1029527247640054,23.475841854167083,True,False,0.10295272457732452,-6.524158139657562,6.245080947875977,0.9725066423416138,0.0,35.0,242.0,445.0,17,295000000
yolo_final_aisle_v3,6,1.0,30.0,1.000000000186681,29.999999993824645,1.1029527247640054,23.475841854167083,True,False,0.10295272457732452,-6.524158139657562,5.399610996246338,0.9725066423416138,0.0,35.0,242.0,445.0,17,360000000
yolo_final_aisle_v3,6,1.0,30.0,1.000000000186681,29.999999993824645,1.1029527247640054,23.475841854167083,True,False,0.10295272457732452,-6.524158139657562,6.746857166290283,0.9725066423416138,0.0,35.0,242.0,445.0,17,425000000
yolo_final_aisle_v3,6,1.0,30.0,1.000000000186681,29.999999993824645,1.1029527247640054,23.475841854167083,True,False,0.10295272457732452,-6.524158139657562,5.618218898773193,0.9725066423416138,0.0,35.0,242.0,445.0,17,495000000
yolo_final_aisle_v3,6,1.0,30.0,1.000000000186681,29.999999993824645,1.1029527247640054,23.475841854167083,True,False,0.10295272457732452,-6.524158139657562,5.244823932647705,0.9725066423416138,0.0,35.0,242.0,445.0,17,560000000
yolo_final_aisle_v3,6,1.0,30.0,1.000000000186681,29.999999993824645,1.1029527247640054,23.475841854167083,True,False,0.10295272457732452,-6.524158139657562,5.320980072021484,0.9725066423416138,0.0,35.0,242.0,445.0,17,625000000
yolo_final_aisle_v3,6,1.0,30.0,1.000000000186681,29.999999993824645,1.1029527247640054,23.475841854167083,True,False,0.10295272457732452,-6.524158139657562,8.382269859313965,0.9725066423416138,0.0,35.0,242.0,445.0,17,690000000
yolo_final_aisle_v3,6,1.0,30.0,1.000000000186681,29.999999993824645,1.1029527247640054,23.475841854167083,True,False,0.10295272457732452,-6.524158139657562,8.817301750183105,0.9725066423416138,0.0,35.0,242.0,445.0,17,755000000
yolo_final_aisle_v3,6,1.0,30.0,1.000000000186681,29.999999993824645,1.1029527247640054,23.475841854167083,True,False,0.10295272457732452,-6.524158139657562,5.7462849617004395,0.9725066423416138,0.0,35.0,242.0,445.0,17,825000000
yolo_final_aisle_v3,6,1.0,30.0,1.000000000186681,29.999999993824645,1.1029527247640054,23.475841854167083,True,False,0.10295272457732452,-6.524158139657562,8.176053047180176,0.9725066423416138,0.0,35.0,242.0,445.0,17,890000000
yolo_final_aisle_v3,6,1.0,30.0,1.000000000186681,29.999999993824645,1.1029527247640054,23.475841854167083,True,False,0.10295272457732452,-6.524158139657562,8.176053047180176,0.9725066423416138,0.0,35.0,242.0,445.0,17,955000000
yolo_final_aisle_v3,6,1.0,30.0,1.000000000186681,29.999999993824645,1.1029527247640054,23.475841854167083,True,False,0.10295272457732452,-6.524158139657562,8.763725280761719,0.9725066423416138,0.0,35.0,242.0,445.0,18,20000000
yolo_final_aisle_v3,6,1.0,30.0,1.000000000186681,29.999999993824645,1.1029527247640054,23.475841854167083,True,False,0.10295272457732452,-6.524158139657562,6.495934963226318,0.9725066423416138,0.0,35.0,242.0,445.0,18,85000000
yolo_final_aisle_v3,6,1.0,30.0,1.000000000186681,29.999999993824645,1.1029527247640054,23.475841854167083,True,False,0.10295272457732452,-6.524158139657562,8.014863014221191,0.9725066423416138,0.0,35.0,242.0,445.0,18,220000000
yolo_final_aisle_v3,6,1.0,30.0,1.000000000186681,29.999999993824645,1.1029527247640054,23.475841854167083,True,False,0.10295272457732452,-6.524158139657562,5.264769077301025,0.9725066423416138,0.0,35.0,242.0,445.0,18,285000000
yolo_final_aisle_v3,6,1.0,30.0,1.000000000186681,29.999999993824645,1.1029527247640054,23.475841854167083,True,False,0.10295272457732452,-6.524158139657562,7.591248989105225,0.9725066423416138,0.0,35.0,242.0,445.0,18,485000000
yolo_final_aisle_v3,6,1.0,30.0,1.000000000186681,29.999999993824645,1.1029527247640054,23.475841854167083,True,False,0.10295272457732452,-6.524158139657562,5.229015827178955,0.9725066423416138,0.0,35.0,242.0,445.0,18,615000000
yolo_final_aisle_v3,6,1.0,30.0,1.000000000186681,29.999999993824645,1.1029527247640054,23.475841854167083,True,False,0.10295272457732452,-6.524158139657562,5.510358810424805,0.9725066423416138,0.0,35.0,242.0,445.0,18,745000000
yolo_final_aisle_v3,6,1.0,30.0,1.000000000186681,29.999999993824645,1.1029527247640054,23.475841854167083,True,False,0.10295272457732452,-6.524158139657562,5.510358810424805,0.9725066423416138,0.0,35.0,242.0,445.0,18,880000000
yolo_final_aisle_v3,6,1.0,30.0,1.000000000186681,29.999999993824645,1.1029527247640054,23.475841854167083,True,False,0.10295272457732452,-6.524158139657562,5.437716960906982,0.9725066423416138,0.0,35.0,242.0,445.0,18,945000000
yolo_final_aisle_v3,6,1.0,30.0,1.000000000186681,29.999999993824645,1.1029527247640054,23.475841854167083,True,False,0.10295272457732452,-6.524158139657562,6.913246154785156,0.9725066423416138,0.0,35.0,242.0,445.0,19,10000000
yolo_final_aisle_v3,6,1.0,30.0,1.000000000186681,29.999999993824645,1.1029527247640054,23.475841854167083,True,False,0.10295272457732452,-6.524158139657562,6.913246154785156,0.9725066423416138,0.0,35.0,242.0,445.0,19,75000000
yolo_final_aisle_v3,6,1.0,30.0,1.000000000186681,29.999999993824645,1.1029527247640054,23.475841854167083,True,False,0.10295272457732452,-6.524158139657562,5.6090521812438965,0.9725066423416138,0.0,35.0,242.0,445.0,19,145000000
yolo_final_aisle_v3,6,1.0,30.0,1.000000000186681,29.999999993824645,1.1029527247640054,23.475841854167083,True,False,0.10295272457732452,-6.524158139657562,7.88019323348999,0.9725066423416138,0.0,35.0,242.0,445.0,19,210000000
yolo_final_aisle_v3,6,1.0,30.0,1.000000000186681,29.999999993824645,1.1029527247640054,23.475841854167083,True,False,0.10295272457732452,-6.524158139657562,7.88019323348999,0.9725066423416138,0.0,35.0,242.0,445.0,19,275000000
yolo_final_aisle_v3,6,1.0,30.0,1.000000000186681,29.999999993824645,1.1029527247640054,23.475841854167083,True,False,0.10295272457732452,-6.524158139657562,6.606760025024414,0.9725066423416138,0.0,35.0,242.0,445.0,19,340000000
yolo_final_aisle_v3,6,1.0,30.0,1.000000000186681,29.999999993824645,1.1029527247640054,23.475841854167083,True,False,0.10295272457732452,-6.524158139657562,8.708381652832031,0.9725066423416138,0.0,35.0,242.0,445.0,19,405000000
yolo_final_aisle_v3,6,1.0,30.0,1.000000000186681,29.999999993824645,1.1029527247640054,23.475841854167083,True,False,0.10295272457732452,-6.524158139657562,6.0170722007751465,0.9725066423416138,0.0,35.0,242.0,445.0,19,475000000
yolo_final_aisle_v3,6,1.0,30.0,1.000000000186681,29.999999993824645,1.1029527247640054,23.475841854167083,True,False,0.10295272457732452,-6.524158139657562,6.0170722007751465,0.9725066423416138,0.0,35.0,242.0,445.0,19,540000000
yolo_final_aisle_v3,7,1.5,-30.0,1.5000000002800218,-29.999999993824634,1.4893204662462074,-26.52082156149151,True,False,-0.010679534033814386,3.479178432333125,5.4793219566345215,0.9774565100669861,455.0,108.0,185.0,329.0,20,0
yolo_final_aisle_v3,7,1.5,-30.0,1.5000000002800218,-29.999999993824634,1.4893204662462074,-26.52082156149151,True,False,-0.010679534033814386,3.479178432333125,5.169520854949951,0.9774565100669861,455.0,108.0,185.0,329.0,20,135000000
yolo_final_aisle_v3,7,1.5,-30.0,1.5000000002800218,-29.999999993824634,1.4893204662462074,-26.52082156149151,True,False,-0.010679534033814386,3.479178432333125,9.80739974975586,0.9774565100669861,455.0,108.0,185.0,329.0,20,200000000
yolo_final_aisle_v3,7,1.5,-30.0,1.5000000002800218,-29.999999993824634,1.4893204662462074,-26.52082156149151,True,False,-0.010679534033814386,3.479178432333125,5.440643787384033,0.9774565100669861,455.0,108.0,185.0,329.0,20,265000000
yolo_final_aisle_v3,7,1.5,-30.0,1.5000000002800218,-29.999999993824634,1.4893204662462074,-26.52082156149151,True,False,-0.010679534033814386,3.479178432333125,8.5446195602417,0.9774565100669861,455.0,108.0,185.0,329.0,20,395000000
yolo_final_aisle_v3,7,1.5,-30.0,1.5000000002800218,-29.999999993824634,1.4893204662462074,-26.52082156149151,True,False,-0.010679534033814386,3.479178432333125,8.5446195602417,0.9774565100669861,455.0,108.0,185.0,329.0,20,465000000
yolo_final_aisle_v3,7,1.5,-30.0,1.5000000002800218,-29.999999993824634,1.4893204662462074,-26.52082156149151,True,False,-0.010679534033814386,3.479178432333125,8.55955696105957,0.9774565100669861,455.0,108.0,185.0,329.0,20,530000000
yolo_final_aisle_v3,7,1.5,-30.0,1.5000000002800218,-29.999999993824634,1.4893204662462074,-26.52082156149151,True,False,-0.010679534033814386,3.479178432333125,8.318574905395508,0.9774565100669861,455.0,108.0,185.0,329.0,20,595000000
yolo_final_aisle_v3,7,1.5,-30.0,1.5000000002800218,-29.999999993824634,1.4893204662462074,-26.52082156149151,True,False,-0.010679534033814386,3.479178432333125,8.318574905395508,0.9774565100669861,455.0,108.0,185.0,329.0,20,660000000
yolo_final_aisle_v3,7,1.5,-30.0,1.5000000002800218,-29.999999993824634,1.4893204662462074,-26.52082156149151,True,False,-0.010679534033814386,3.479178432333125,8.155091285705566,0.9774565100669861,455.0,108.0,185.0,329.0,20,725000000
yolo_final_aisle_v3,7,1.5,-30.0,1.5000000002800218,-29.999999993824634,1.4893204662462074,-26.52082156149151,True,False,-0.010679534033814386,3.479178432333125,8.639410972595215,0.9774565100669861,455.0,108.0,185.0,329.0,20,795000000
yolo_final_aisle_v3,7,1.5,-30.0,1.5000000002800218,-29.999999993824634,1.4893204662462074,-26.52082156149151,True,False,-0.010679534033814386,3.479178432333125,9.160033226013184,0.9774565100669861,455.0,108.0,185.0,329.0,20,860000000
yolo_final_aisle_v3,7,1.5,-30.0,1.5000000002800218,-29.999999993824634,1.4893204662462074,-26.52082156149151,True,False,-0.010679534033814386,3.479178432333125,7.312167167663574,0.9774565100669861,455.0,108.0,185.0,329.0,20,925000000
yolo_final_aisle_v3,7,1.5,-30.0,1.5000000002800218,-29.999999993824634,1.4893204662462074,-26.52082156149151,True,False,-0.010679534033814386,3.479178432333125,7.312167167663574,0.9774565100669861,455.0,108.0,185.0,329.0,20,990000000
yolo_final_aisle_v3,7,1.5,-30.0,1.5000000002800218,-29.999999993824634,1.4893204662462074,-26.52082156149151,True,False,-0.010679534033814386,3.479178432333125,5.390951156616211,0.9774565100669861,455.0,108.0,185.0,329.0,21,55000000
yolo_final_aisle_v3,7,1.5,-30.0,1.5000000002800218,-29.999999993824634,1.4893204662462074,-26.52082156149151,True,False,-0.010679534033814386,3.479178432333125,8.49323558807373,0.9774565100669861,455.0,108.0,185.0,329.0,21,125000000
yolo_final_aisle_v3,7,1.5,-30.0,1.5000000002800218,-29.999999993824634,1.4893204662462074,-26.52082156149151,True,False,-0.010679534033814386,3.479178432333125,7.643871784210205,0.9774565100669861,455.0,108.0,185.0,329.0,21,190000000
yolo_final_aisle_v3,7,1.5,-30.0,1.5000000002800218,-29.999999993824634,1.4893204662462074,-26.52082156149151,True,False,-0.010679534033814386,3.479178432333125,5.352450847625732,0.9774565100669861,455.0,108.0,185.0,329.0,21,255000000
yolo_final_aisle_v3,7,1.5,-30.0,1.5000000002800218,-29.999999993824634,1.4893204662462074,-26.52082156149151,True,False,-0.010679534033814386,3.479178432333125,5.352450847625732,0.9774565100669861,455.0,108.0,185.0,329.0,21,385000000
yolo_final_aisle_v3,7,1.5,-30.0,1.5000000002800218,-29.999999993824634,1.4893204662462074,-26.52082156149151,True,False,-0.010679534033814386,3.479178432333125,8.341814994812012,0.9774565100669861,455.0,108.0,185.0,329.0,21,455000000
yolo_final_aisle_v3,7,1.5,-30.0,1.5000000002800218,-29.999999993824634,1.4893204662462074,-26.52082156149151,True,False,-0.010679534033814386,3.479178432333125,8.341814994812012,0.9774565100669861,455.0,108.0,185.0,329.0,21,520000000
yolo_final_aisle_v3,7,1.5,-30.0,1.5000000002800218,-29.999999993824634,1.4893204662462074,-26.52082156149151,True,False,-0.010679534033814386,3.479178432333125,5.304624080657959,0.9774565100669861,455.0,108.0,185.0,329.0,21,585000000
yolo_final_aisle_v3,7,1.5,-30.0,1.5000000002800218,-29.999999993824634,1.4893204662462074,-26.52082156149151,True,False,-0.010679534033814386,3.479178432333125,5.333323955535889,0.9774565100669861,455.0,108.0,185.0,329.0,21,650000000
yolo_final_aisle_v3,7,1.5,-30.0,1.5000000002800218,-29.999999993824634,1.4893204662462074,-26.52082156149151,True,False,-0.010679534033814386,3.479178432333125,5.2912678718566895,0.9774565100669861,455.0,108.0,185.0,329.0,21,715000000
yolo_final_aisle_v3,7,1.5,-30.0,1.5000000002800218,-29.999999993824634,1.4893204662462074,-26.52082156149151,True,False,-0.010679534033814386,3.479178432333125,7.558250904083252,0.9774565100669861,455.0,108.0,185.0,329.0,21,785000000
yolo_final_aisle_v3,7,1.5,-30.0,1.5000000002800218,-29.999999993824634,1.4893204662462074,-26.52082156149151,True,False,-0.010679534033814386,3.479178432333125,5.631628036499023,0.9774565100669861,455.0,108.0,185.0,329.0,21,850000000
yolo_final_aisle_v3,7,1.5,-30.0,1.5000000002800218,-29.999999993824634,1.4893204662462074,-26.52082156149151,True,False,-0.010679534033814386,3.479178432333125,5.255191802978516,0.9774565100669861,455.0,108.0,185.0,329.0,21,915000000
yolo_final_aisle_v3,7,1.5,-30.0,1.5000000002800218,-29.999999993824634,1.4893204662462074,-26.52082156149151,True,False,-0.010679534033814386,3.479178432333125,5.949734210968018,0.9774565100669861,455.0,108.0,185.0,329.0,21,980000000
yolo_final_aisle_v3,7,1.5,-30.0,1.5000000002800218,-29.999999993824634,1.4893204662462074,-26.52082156149151,True,False,-0.010679534033814386,3.479178432333125,5.949734210968018,0.9774565100669861,455.0,108.0,185.0,329.0,22,45000000
yolo_final_aisle_v3,7,1.5,-30.0,1.5000000002800218,-29.999999993824634,1.4893204662462074,-26.52082156149151,True,False,-0.010679534033814386,3.479178432333125,7.1916890144348145,0.9774565100669861,455.0,108.0,185.0,329.0,22,115000000
yolo_final_aisle_v3,8,1.5,-20.0,1.4999999998358555,-20.00000000274937,1.5372143766815063,-20.50431571194489,True,True,0.037214376845650765,-0.5043157091955202,8.52030086517334,0.9774565100669861,455.0,108.0,185.0,329.0,22,575000000
yolo_final_aisle_v3,8,1.5,-20.0,1.4999999998358555,-20.00000000274937,1.5372143766815063,-20.50431571194489,True,True,0.037214376845650765,-0.5043157091955202,12.870230674743652,0.9732027649879456,370.0,119.0,240.0,303.0,22,640000000
yolo_final_aisle_v3,8,1.5,-20.0,1.4999999998358555,-20.00000000274937,1.5372143766815063,-20.50431571194489,True,True,0.037214376845650765,-0.5043157091955202,12.870230674743652,0.9732027649879456,370.0,119.0,240.0,303.0,22,705000000
yolo_final_aisle_v3,8,1.5,-20.0,1.4999999998358555,-20.00000000274937,1.5372143766815063,-20.50431571194489,True,True,0.037214376845650765,-0.5043157091955202,5.756131172180176,0.9732027649879456,370.0,119.0,240.0,303.0,22,775000000
yolo_final_aisle_v3,8,1.5,-20.0,1.4999999998358555,-20.00000000274937,1.5372143766815063,-20.50431571194489,True,True,0.037214376845650765,-0.5043157091955202,5.638546943664551,0.9732027649879456,370.0,119.0,240.0,303.0,22,840000000
yolo_final_aisle_v3,8,1.5,-20.0,1.4999999998358555,-20.00000000274937,1.5372143766815063,-20.50431571194489,True,True,0.037214376845650765,-0.5043157091955202,8.979307174682617,0.9732027649879456,370.0,119.0,240.0,303.0,22,905000000
yolo_final_aisle_v3,8,1.5,-20.0,1.4999999998358555,-20.00000000274937,1.5372143766815063,-20.50431571194489,True,True,0.037214376845650765,-0.5043157091955202,6.458878993988037,0.9732027649879456,370.0,119.0,240.0,303.0,23,35000000
yolo_final_aisle_v3,8,1.5,-20.0,1.4999999998358555,-20.00000000274937,1.5372143766815063,-20.50431571194489,True,True,0.037214376845650765,-0.5043157091955202,5.752265930175781,0.9732027649879456,370.0,119.0,240.0,303.0,23,105000000
yolo_final_aisle_v3,8,1.5,-20.0,1.4999999998358555,-20.00000000274937,1.5372143766815063,-20.50431571194489,True,True,0.037214376845650765,-0.5043157091955202,5.364544868469238,0.9732027649879456,370.0,119.0,240.0,303.0,23,170000000
yolo_final_aisle_v3,8,1.5,-20.0,1.4999999998358555,-20.00000000274937,1.5372143766815063,-20.50431571194489,True,True,0.037214376845650765,-0.5043157091955202,5.364544868469238,0.9732027649879456,370.0,119.0,240.0,303.0,23,235000000
yolo_final_aisle_v3,8,1.5,-20.0,1.4999999998358555,-20.00000000274937,1.5372143766815063,-20.50431571194489,True,True,0.037214376845650765,-0.5043157091955202,8.261927604675293,0.9732027649879456,370.0,119.0,240.0,303.0,23,300000000
yolo_final_aisle_v3,8,1.5,-20.0,1.4999999998358555,-20.00000000274937,1.5372143766815063,-20.50431571194489,True,True,0.037214376845650765,-0.5043157091955202,8.407585144042969,0.9732027649879456,370.0,119.0,240.0,303.0,23,365000000
yolo_final_aisle_v3,8,1.5,-20.0,1.4999999998358555,-20.00000000274937,1.5372143766815063,-20.50431571194489,True,True,0.037214376845650765,-0.5043157091955202,6.435756206512451,0.9732027649879456,370.0,119.0,240.0,303.0,23,435000000
yolo_final_aisle_v3,8,1.5,-20.0,1.4999999998358555,-20.00000000274937,1.5372143766815063,-20.50431571194489,True,True,0.037214376845650765,-0.5043157091955202,8.440722465515137,0.9732027649879456,370.0,119.0,240.0,303.0,23,500000000
yolo_final_aisle_v3,8,1.5,-20.0,1.4999999998358555,-20.00000000274937,1.5372143766815063,-20.50431571194489,True,True,0.037214376845650765,-0.5043157091955202,8.440722465515137,0.9732027649879456,370.0,119.0,240.0,303.0,23,630000000
yolo_final_aisle_v3,8,1.5,-20.0,1.4999999998358555,-20.00000000274937,1.5372143766815063,-20.50431571194489,True,True,0.037214376845650765,-0.5043157091955202,8.472566604614258,0.9732027649879456,370.0,119.0,240.0,303.0,23,765000000
yolo_final_aisle_v3,8,1.5,-20.0,1.4999999998358555,-20.00000000274937,1.5372143766815063,-20.50431571194489,True,True,0.037214376845650765,-0.5043157091955202,6.335461139678955,0.9732027649879456,370.0,119.0,240.0,303.0,23,830000000
yolo_final_aisle_v3,8,1.5,-20.0,1.4999999998358555,-20.00000000274937,1.5372143766815063,-20.50431571194489,True,True,0.037214376845650765,-0.5043157091955202,8.737268447875977,0.9732027649879456,370.0,119.0,240.0,303.0,23,895000000
yolo_final_aisle_v3,8,1.5,-20.0,1.4999999998358555,-20.00000000274937,1.5372143766815063,-20.50431571194489,True,True,0.037214376845650765,-0.5043157091955202,5.598552227020264,0.9732027649879456,370.0,119.0,240.0,303.0,23,960000000
yolo_final_aisle_v3,8,1.5,-20.0,1.4999999998358555,-20.00000000274937,1.5372143766815063,-20.50431571194489,True,True,0.037214376845650765,-0.5043157091955202,7.755630970001221,0.9732027649879456,370.0,119.0,240.0,303.0,24,25000000
yolo_final_aisle_v3,8,1.5,-20.0,1.4999999998358555,-20.00000000274937,1.5372143766815063,-20.50431571194489,True,True,0.037214376845650765,-0.5043157091955202,7.502273082733154,0.9732027649879456,370.0,119.0,240.0,303.0,24,95000000
yolo_final_aisle_v3,8,1.5,-20.0,1.4999999998358555,-20.00000000274937,1.5372143766815063,-20.50431571194489,True,True,0.037214376845650765,-0.5043157091955202,5.374565124511719,0.9732027649879456,370.0,119.0,240.0,303.0,24,160000000
yolo_final_aisle_v3,8,1.5,-20.0,1.4999999998358555,-20.00000000274937,1.5372143766815063,-20.50431571194489,True,True,0.037214376845650765,-0.5043157091955202,5.374565124511719,0.9732027649879456,370.0,119.0,240.0,303.0,24,290000000
yolo_final_aisle_v3,8,1.5,-20.0,1.4999999998358555,-20.00000000274937,1.5372143766815063,-20.50431571194489,True,True,0.037214376845650765,-0.5043157091955202,6.568839073181152,0.9732027649879456,370.0,119.0,240.0,303.0,24,355000000
yolo_final_aisle_v3,8,1.5,-20.0,1.4999999998358555,-20.00000000274937,1.5372143766815063,-20.50431571194489,True,True,0.037214376845650765,-0.5043157091955202,6.568839073181152,0.9732027649879456,370.0,119.0,240.0,303.0,24,425000000
yolo_final_aisle_v3,8,1.5,-20.0,1.4999999998358555,-20.00000000274937,1.5372143766815063,-20.50431571194489,True,True,0.037214376845650765,-0.5043157091955202,5.589363098144531,0.9732027649879456,370.0,119.0,240.0,303.0,24,490000000
yolo_final_aisle_v3,8,1.5,-20.0,1.4999999998358555,-20.00000000274937,1.5372143766815063,-20.50431571194489,True,True,0.037214376845650765,-0.5043157091955202,5.589363098144531,0.9732027649879456,370.0,119.0,240.0,303.0,24,555000000
yolo_final_aisle_v3,8,1.5,-20.0,1.4999999998358555,-20.00000000274937,1.5372143766815063,-20.50431571194489,True,True,0.037214376845650765,-0.5043157091955202,5.726780891418457,0.9732027649879456,370.0,119.0,240.0,303.0,24,620000000
yolo_final_aisle_v3,8,1.5,-20.0,1.4999999998358555,-20.00000000274937,1.5372143766815063,-20.50431571194489,True,True,0.037214376845650765,-0.5043157091955202,5.726780891418457,0.9732027649879456,370.0,119.0,240.0,303.0,24,685000000
yolo_final_aisle_v3,8,1.5,-20.0,1.4999999998358555,-20.00000000274937,1.5372143766815063,-20.50431571194489,True,True,0.037214376845650765,-0.5043157091955202,5.705554962158203,0.9732027649879456,370.0,119.0,240.0,303.0,24,755000000
yolo_final_aisle_v3,9,1.5,-10.0,1.5000000004743006,-9.999999996790152,1.5404662418524924,-10.466903696741953,True,True,0.04046624137819177,-0.4669036999518017,6.783071041107178,0.9732027649879456,370.0,119.0,240.0,303.0,25,150000000
yolo_final_aisle_v3,9,1.5,-10.0,1.5000000004743006,-9.999999996790152,1.5404662418524924,-10.466903696741953,True,True,0.04046624137819177,-0.4669036999518017,5.4015421867370605,0.9687176942825317,291.0,125.0,225.0,288.0,25,215000000
yolo_final_aisle_v3,9,1.5,-10.0,1.5000000004743006,-9.999999996790152,1.5404662418524924,-10.466903696741953,True,True,0.04046624137819177,-0.4669036999518017,5.449427127838135,0.9687176942825317,291.0,125.0,225.0,288.0,25,280000000
yolo_final_aisle_v3,9,1.5,-10.0,1.5000000004743006,-9.999999996790152,1.5404662418524924,-10.466903696741953,True,True,0.04046624137819177,-0.4669036999518017,5.3741888999938965,0.9687176942825317,291.0,125.0,225.0,288.0,25,345000000
yolo_final_aisle_v3,9,1.5,-10.0,1.5000000004743006,-9.999999996790152,1.5404662418524924,-10.466903696741953,True,True,0.04046624137819177,-0.4669036999518017,5.40966796875,0.9687176942825317,291.0,125.0,225.0,288.0,25,480000000
yolo_final_aisle_v3,9,1.5,-10.0,1.5000000004743006,-9.999999996790152,1.5404662418524924,-10.466903696741953,True,True,0.04046624137819177,-0.4669036999518017,5.277198791503906,0.9687176942825317,291.0,125.0,225.0,288.0,25,545000000
yolo_final_aisle_v3,9,1.5,-10.0,1.5000000004743006,-9.999999996790152,1.5404662418524924,-10.466903696741953,True,True,0.04046624137819177,-0.4669036999518017,8.79836368560791,0.9687176942825317,291.0,125.0,225.0,288.0,25,675000000
yolo_final_aisle_v3,9,1.5,-10.0,1.5000000004743006,-9.999999996790152,1.5404662418524924,-10.466903696741953,True,True,0.04046624137819177,-0.4669036999518017,7.084534168243408,0.9687176942825317,291.0,125.0,225.0,288.0,25,810000000
yolo_final_aisle_v3,9,1.5,-10.0,1.5000000004743006,-9.999999996790152,1.5404662418524924,-10.466903696741953,True,True,0.04046624137819177,-0.4669036999518017,8.712871551513672,0.9687176942825317,291.0,125.0,225.0,288.0,25,875000000
yolo_final_aisle_v3,9,1.5,-10.0,1.5000000004743006,-9.999999996790152,1.5404662418524924,-10.466903696741953,True,True,0.04046624137819177,-0.4669036999518017,8.712871551513672,0.9687176942825317,291.0,125.0,225.0,288.0,25,940000000
yolo_final_aisle_v3,9,1.5,-10.0,1.5000000004743006,-9.999999996790152,1.5404662418524924,-10.466903696741953,True,True,0.04046624137819177,-0.4669036999518017,8.937769889831543,0.9687176942825317,291.0,125.0,225.0,288.0,26,5000000
yolo_final_aisle_v3,9,1.5,-10.0,1.5000000004743006,-9.999999996790152,1.5404662418524924,-10.466903696741953,True,True,0.04046624137819177,-0.4669036999518017,7.511137008666992,0.9687176942825317,291.0,125.0,225.0,288.0,26,75000000
yolo_final_aisle_v3,9,1.5,-10.0,1.5000000004743006,-9.999999996790152,1.5404662418524924,-10.466903696741953,True,True,0.04046624137819177,-0.4669036999518017,8.863374710083008,0.9687176942825317,291.0,125.0,225.0,288.0,26,140000000
yolo_final_aisle_v3,9,1.5,-10.0,1.5000000004743006,-9.999999996790152,1.5404662418524924,-10.466903696741953,True,True,0.04046624137819177,-0.4669036999518017,9.559494018554688,0.9687176942825317,291.0,125.0,225.0,288.0,26,205000000
yolo_final_aisle_v3,9,1.5,-10.0,1.5000000004743006,-9.999999996790152,1.5404662418524924,-10.466903696741953,True,True,0.04046624137819177,-0.4669036999518017,7.498077869415283,0.9687176942825317,291.0,125.0,225.0,288.0,26,270000000
yolo_final_aisle_v3,9,1.5,-10.0,1.5000000004743006,-9.999999996790152,1.5404662418524924,-10.466903696741953,True,True,0.04046624137819177,-0.4669036999518017,6.238138198852539,0.9687176942825317,291.0,125.0,225.0,288.0,26,335000000
yolo_final_aisle_v3,9,1.5,-10.0,1.5000000004743006,-9.999999996790152,1.5404662418524924,-10.466903696741953,True,True,0.04046624137819177,-0.4669036999518017,6.776208877563477,0.9687176942825317,291.0,125.0,225.0,288.0,26,405000000
yolo_final_aisle_v3,9,1.5,-10.0,1.5000000004743006,-9.999999996790152,1.5404662418524924,-10.466903696741953,True,True,0.04046624137819177,-0.4669036999518017,9.110018730163574,0.9687176942825317,291.0,125.0,225.0,288.0,26,470000000
yolo_final_aisle_v3,9,1.5,-10.0,1.5000000004743006,-9.999999996790152,1.5404662418524924,-10.466903696741953,True,True,0.04046624137819177,-0.4669036999518017,5.407605171203613,0.9687176942825317,291.0,125.0,225.0,288.0,26,535000000
yolo_final_aisle_v3,9,1.5,-10.0,1.5000000004743006,-9.999999996790152,1.5404662418524924,-10.466903696741953,True,True,0.04046624137819177,-0.4669036999518017,5.244336128234863,0.9687176942825317,291.0,125.0,225.0,288.0,26,600000000
yolo_final_aisle_v3,9,1.5,-10.0,1.5000000004743006,-9.999999996790152,1.5404662418524924,-10.466903696741953,True,True,0.04046624137819177,-0.4669036999518017,5.159913063049316,0.9687176942825317,291.0,125.0,225.0,288.0,26,665000000
yolo_final_aisle_v3,9,1.5,-10.0,1.5000000004743006,-9.999999996790152,1.5404662418524924,-10.466903696741953,True,True,0.04046624137819177,-0.4669036999518017,5.184877872467041,0.9687176942825317,291.0,125.0,225.0,288.0,26,735000000
yolo_final_aisle_v3,9,1.5,-10.0,1.5000000004743006,-9.999999996790152,1.5404662418524924,-10.466903696741953,True,True,0.04046624137819177,-0.4669036999518017,6.782211780548096,0.9687176942825317,291.0,125.0,225.0,288.0,26,800000000
yolo_final_aisle_v3,9,1.5,-10.0,1.5000000004743006,-9.999999996790152,1.5404662418524924,-10.466903696741953,True,True,0.04046624137819177,-0.4669036999518017,6.782211780548096,0.9687176942825317,291.0,125.0,225.0,288.0,26,865000000
yolo_final_aisle_v3,9,1.5,-10.0,1.5000000004743006,-9.999999996790152,1.5404662418524924,-10.466903696741953,True,True,0.04046624137819177,-0.4669036999518017,5.511169910430908,0.9687176942825317,291.0,125.0,225.0,288.0,26,930000000
yolo_final_aisle_v3,9,1.5,-10.0,1.5000000004743006,-9.999999996790152,1.5404662418524924,-10.466903696741953,True,True,0.04046624137819177,-0.4669036999518017,5.527975082397461,0.9687176942825317,291.0,125.0,225.0,288.0,26,995000000
yolo_final_aisle_v3,9,1.5,-10.0,1.5000000004743006,-9.999999996790152,1.5404662418524924,-10.466903696741953,True,True,0.04046624137819177,-0.4669036999518017,6.1576361656188965,0.9687176942825317,291.0,125.0,225.0,288.0,27,65000000
yolo_final_aisle_v3,9,1.5,-10.0,1.5000000004743006,-9.999999996790152,1.5404662418524924,-10.466903696741953,True,True,0.04046624137819177,-0.4669036999518017,6.1576361656188965,0.9687176942825317,291.0,125.0,225.0,288.0,27,195000000
yolo_final_aisle_v3,9,1.5,-10.0,1.5000000004743006,-9.999999996790152,1.5404662418524924,-10.466903696741953,True,True,0.04046624137819177,-0.4669036999518017,8.938353538513184,0.9687176942825317,291.0,125.0,225.0,288.0,27,325000000
yolo_final_aisle_v3,9,1.5,-10.0,1.5000000004743006,-9.999999996790152,1.5404662418524924,-10.466903696741953,True,True,0.04046624137819177,-0.4669036999518017,8.938353538513184,0.9687176942825317,291.0,125.0,225.0,288.0,27,395000000
yolo_final_aisle_v3,10,1.5,0.0,1.5,0.0,1.5379652087959372,-0.1536878303706652,True,True,0.03796520879593723,-0.1536878303706652,5.497955799102783,0.9796687960624695,211.0,126.0,219.0,284.0,27,790000000
yolo_final_aisle_v3,10,1.5,0.0,1.5,0.0,1.5379652087959372,-0.1536878303706652,True,True,0.03796520879593723,-0.1536878303706652,5.3565521240234375,0.9796687960624695,211.0,126.0,219.0,284.0,27,855000000
yolo_final_aisle_v3,10,1.5,0.0,1.5,0.0,1.5379652087959372,-0.1536878303706652,True,True,0.03796520879593723,-0.1536878303706652,5.349523067474365,0.9796687960624695,211.0,126.0,219.0,284.0,27,920000000
yolo_final_aisle_v3,10,1.5,0.0,1.5,0.0,1.5379652087959372,-0.1536878303706652,True,True,0.03796520879593723,-0.1536878303706652,5.349523067474365,0.9796687960624695,211.0,126.0,219.0,284.0,27,985000000
yolo_final_aisle_v3,10,1.5,0.0,1.5,0.0,1.5379652087959372,-0.1536878303706652,True,True,0.03796520879593723,-0.1536878303706652,6.194937229156494,0.9796687960624695,211.0,126.0,219.0,284.0,28,55000000
yolo_final_aisle_v3,10,1.5,0.0,1.5,0.0,1.5379652087959372,-0.1536878303706652,True,True,0.03796520879593723,-0.1536878303706652,5.772759914398193,0.9796687960624695,211.0,126.0,219.0,284.0,28,120000000
yolo_final_aisle_v3,10,1.5,0.0,1.5,0.0,1.5379652087959372,-0.1536878303706652,True,True,0.03796520879593723,-0.1536878303706652,5.25260591506958,0.9796687960624695,211.0,126.0,219.0,284.0,28,185000000
yolo_final_aisle_v3,10,1.5,0.0,1.5,0.0,1.5379652087959372,-0.1536878303706652,True,True,0.03796520879593723,-0.1536878303706652,5.567046165466309,0.9796687960624695,211.0,126.0,219.0,284.0,28,250000000
yolo_final_aisle_v3,10,1.5,0.0,1.5,0.0,1.5379652087959372,-0.1536878303706652,True,True,0.03796520879593723,-0.1536878303706652,6.152996063232422,0.9796687960624695,211.0,126.0,219.0,284.0,28,315000000
yolo_final_aisle_v3,10,1.5,0.0,1.5,0.0,1.5379652087959372,-0.1536878303706652,True,True,0.03796520879593723,-0.1536878303706652,6.152996063232422,0.9796687960624695,211.0,126.0,219.0,284.0,28,385000000
yolo_final_aisle_v3,10,1.5,0.0,1.5,0.0,1.5379652087959372,-0.1536878303706652,True,True,0.03796520879593723,-0.1536878303706652,5.3303728103637695,0.9796687960624695,211.0,126.0,219.0,284.0,28,450000000
yolo_final_aisle_v3,10,1.5,0.0,1.5,0.0,1.5379652087959372,-0.1536878303706652,True,True,0.03796520879593723,-0.1536878303706652,8.417069435119629,0.9796687960624695,211.0,126.0,219.0,284.0,28,515000000
yolo_final_aisle_v3,10,1.5,0.0,1.5,0.0,1.5379652087959372,-0.1536878303706652,True,True,0.03796520879593723,-0.1536878303706652,9.02519416809082,0.9796687960624695,211.0,126.0,219.0,284.0,28,645000000
yolo_final_aisle_v3,10,1.5,0.0,1.5,0.0,1.5379652087959372,-0.1536878303706652,True,True,0.03796520879593723,-0.1536878303706652,6.9042158126831055,0.9796687960624695,211.0,126.0,219.0,284.0,28,715000000
yolo_final_aisle_v3,10,1.5,0.0,1.5,0.0,1.5379652087959372,-0.1536878303706652,True,True,0.03796520879593723,-0.1536878303706652,9.028654098510742,0.9796687960624695,211.0,126.0,219.0,284.0,28,780000000
yolo_final_aisle_v3,10,1.5,0.0,1.5,0.0,1.5379652087959372,-0.1536878303706652,True,True,0.03796520879593723,-0.1536878303706652,8.932791709899902,0.9796687960624695,211.0,126.0,219.0,284.0,28,845000000
yolo_final_aisle_v3,10,1.5,0.0,1.5,0.0,1.5379652087959372,-0.1536878303706652,True,True,0.03796520879593723,-0.1536878303706652,5.668630123138428,0.9796687960624695,211.0,126.0,219.0,284.0,28,910000000
yolo_final_aisle_v3,10,1.5,0.0,1.5,0.0,1.5379652087959372,-0.1536878303706652,True,True,0.03796520879593723,-0.1536878303706652,5.130673885345459,0.9796687960624695,211.0,126.0,219.0,284.0,28,975000000
yolo_final_aisle_v3,10,1.5,0.0,1.5,0.0,1.5379652087959372,-0.1536878303706652,True,True,0.03796520879593723,-0.1536878303706652,8.834678649902344,0.9796687960624695,211.0,126.0,219.0,284.0,29,45000000
yolo_final_aisle_v3,10,1.5,0.0,1.5,0.0,1.5379652087959372,-0.1536878303706652,True,True,0.03796520879593723,-0.1536878303706652,8.763969421386719,0.9796687960624695,211.0,126.0,219.0,284.0,29,110000000
yolo_final_aisle_v3,10,1.5,0.0,1.5,0.0,1.5379652087959372,-0.1536878303706652,True,True,0.03796520879593723,-0.1536878303706652,8.763969421386719,0.9796687960624695,211.0,126.0,219.0,284.0,29,175000000
yolo_final_aisle_v3,10,1.5,0.0,1.5,0.0,1.5379652087959372,-0.1536878303706652,True,True,0.03796520879593723,-0.1536878303706652,5.138495922088623,0.9796687960624695,211.0,126.0,219.0,284.0,29,305000000
yolo_final_aisle_v3,10,1.5,0.0,1.5,0.0,1.5379652087959372,-0.1536878303706652,True,True,0.03796520879593723,-0.1536878303706652,5.319631099700928,0.9796687960624695,211.0,126.0,219.0,284.0,29,375000000
yolo_final_aisle_v3,10,1.5,0.0,1.5,0.0,1.5379652087959372,-0.1536878303706652,True,True,0.03796520879593723,-0.1536878303706652,5.203199863433838,0.9796687960624695,211.0,126.0,219.0,284.0,29,440000000
yolo_final_aisle_v3,10,1.5,0.0,1.5,0.0,1.5379652087959372,-0.1536878303706652,True,True,0.03796520879593723,-0.1536878303706652,5.288684844970703,0.9796687960624695,211.0,126.0,219.0,284.0,29,570000000
yolo_final_aisle_v3,10,1.5,0.0,1.5,0.0,1.5379652087959372,-0.1536878303706652,True,True,0.03796520879593723,-0.1536878303706652,5.290225028991699,0.9796687960624695,211.0,126.0,219.0,284.0,29,635000000
yolo_final_aisle_v3,10,1.5,0.0,1.5,0.0,1.5379652087959372,-0.1536878303706652,True,True,0.03796520879593723,-0.1536878303706652,5.290225028991699,0.9796687960624695,211.0,126.0,219.0,284.0,29,770000000
yolo_final_aisle_v3,10,1.5,0.0,1.5,0.0,1.5379652087959372,-0.1536878303706652,True,True,0.03796520879593723,-0.1536878303706652,5.201953887939453,0.9796687960624695,211.0,126.0,219.0,284.0,29,835000000
yolo_final_aisle_v3,10,1.5,0.0,1.5,0.0,1.5379652087959372,-0.1536878303706652,True,True,0.03796520879593723,-0.1536878303706652,7.535153865814209,0.9796687960624695,211.0,126.0,219.0,284.0,29,900000000
yolo_final_aisle_v3,10,1.5,0.0,1.5,0.0,1.5379652087959372,-0.1536878303706652,True,True,0.03796520879593723,-0.1536878303706652,8.079994201660156,0.9796687960624695,211.0,126.0,219.0,284.0,29,965000000
yolo_final_aisle_v3,11,1.5,10.0,1.5000000004743006,9.999999996790152,1.532861883092119,10.097064900563065,True,True,0.032861882617818416,0.09706490377291388,11.842641830444336,0.9722422361373901,128.0,124.0,220.0,290.0,30,495000000
yolo_final_aisle_v3,11,1.5,10.0,1.5000000004743006,9.999999996790152,1.532861883092119,10.097064900563065,True,True,0.032861882617818416,0.09706490377291388,9.869388580322266,0.9722422361373901,128.0,124.0,220.0,290.0,30,625000000
yolo_final_aisle_v3,11,1.5,10.0,1.5000000004743006,9.999999996790152,1.532861883092119,10.097064900563065,True,True,0.032861882617818416,0.09706490377291388,9.869388580322266,0.9722422361373901,128.0,124.0,220.0,290.0,30,695000000
yolo_final_aisle_v3,11,1.5,10.0,1.5000000004743006,9.999999996790152,1.532861883092119,10.097064900563065,True,True,0.032861882617818416,0.09706490377291388,14.121163368225098,0.9722422361373901,128.0,124.0,220.0,290.0,30,825000000
yolo_final_aisle_v3,11,1.5,10.0,1.5000000004743006,9.999999996790152,1.532861883092119,10.097064900563065,True,True,0.032861882617818416,0.09706490377291388,8.913679122924805,0.9722422361373901,128.0,124.0,220.0,290.0,30,890000000
yolo_final_aisle_v3,11,1.5,10.0,1.5000000004743006,9.999999996790152,1.532861883092119,10.097064900563065,True,True,0.032861882617818416,0.09706490377291388,9.852436065673828,0.9722422361373901,128.0,124.0,220.0,290.0,30,955000000
yolo_final_aisle_v3,11,1.5,10.0,1.5000000004743006,9.999999996790152,1.532861883092119,10.097064900563065,True,True,0.032861882617818416,0.09706490377291388,8.9227876663208,0.9722422361373901,128.0,124.0,220.0,290.0,31,25000000
yolo_final_aisle_v3,11,1.5,10.0,1.5000000004743006,9.999999996790152,1.532861883092119,10.097064900563065,True,True,0.032861882617818416,0.09706490377291388,11.829047203063965,0.9722422361373901,128.0,124.0,220.0,290.0,31,90000000
yolo_final_aisle_v3,11,1.5,10.0,1.5000000004743006,9.999999996790152,1.532861883092119,10.097064900563065,True,True,0.032861882617818416,0.09706490377291388,7.202116966247559,0.9722422361373901,128.0,124.0,220.0,290.0,31,155000000
yolo_final_aisle_v3,11,1.5,10.0,1.5000000004743006,9.999999996790152,1.532861883092119,10.097064900563065,True,True,0.032861882617818416,0.09706490377291388,9.289212226867676,0.9722422361373901,128.0,124.0,220.0,290.0,31,220000000
yolo_final_aisle_v3,11,1.5,10.0,1.5000000004743006,9.999999996790152,1.532861883092119,10.097064900563065,True,True,0.032861882617818416,0.09706490377291388,9.297154426574707,0.9722422361373901,128.0,124.0,220.0,290.0,31,285000000
yolo_final_aisle_v3,11,1.5,10.0,1.5000000004743006,9.999999996790152,1.532861883092119,10.097064900563065,True,True,0.032861882617818416,0.09706490377291388,11.782710075378418,0.9722422361373901,128.0,124.0,220.0,290.0,31,355000000
yolo_final_aisle_v3,11,1.5,10.0,1.5000000004743006,9.999999996790152,1.532861883092119,10.097064900563065,True,True,0.032861882617818416,0.09706490377291388,9.654192924499512,0.9722422361373901,128.0,124.0,220.0,290.0,31,420000000
yolo_final_aisle_v3,11,1.5,10.0,1.5000000004743006,9.999999996790152,1.532861883092119,10.097064900563065,True,True,0.032861882617818416,0.09706490377291388,10.230807304382324,0.9722422361373901,128.0,124.0,220.0,290.0,31,485000000
yolo_final_aisle_v3,11,1.5,10.0,1.5000000004743006,9.999999996790152,1.532861883092119,10.097064900563065,True,True,0.032861882617818416,0.09706490377291388,6.646543025970459,0.9722422361373901,128.0,124.0,220.0,290.0,31,550000000
yolo_final_aisle_v3,11,1.5,10.0,1.5000000004743006,9.999999996790152,1.532861883092119,10.097064900563065,True,True,0.032861882617818416,0.09706490377291388,6.646543025970459,0.9722422361373901,128.0,124.0,220.0,290.0,31,615000000
yolo_final_aisle_v3,11,1.5,10.0,1.5000000004743006,9.999999996790152,1.532861883092119,10.097064900563065,True,True,0.032861882617818416,0.09706490377291388,8.482681274414062,0.9722422361373901,128.0,124.0,220.0,290.0,31,685000000
yolo_final_aisle_v3,11,1.5,10.0,1.5000000004743006,9.999999996790152,1.532861883092119,10.097064900563065,True,True,0.032861882617818416,0.09706490377291388,5.881958961486816,0.9722422361373901,128.0,124.0,220.0,290.0,31,750000000
yolo_final_aisle_v3,11,1.5,10.0,1.5000000004743006,9.999999996790152,1.532861883092119,10.097064900563065,True,True,0.032861882617818416,0.09706490377291388,9.494158744812012,0.9722422361373901,128.0,124.0,220.0,290.0,31,815000000
yolo_final_aisle_v3,11,1.5,10.0,1.5000000004743006,9.999999996790152,1.532861883092119,10.097064900563065,True,True,0.032861882617818416,0.09706490377291388,6.206009864807129,0.9722422361373901,128.0,124.0,220.0,290.0,31,880000000
yolo_final_aisle_v3,11,1.5,10.0,1.5000000004743006,9.999999996790152,1.532861883092119,10.097064900563065,True,True,0.032861882617818416,0.09706490377291388,7.598605155944824,0.9722422361373901,128.0,124.0,220.0,290.0,32,15000000
yolo_final_aisle_v3,11,1.5,10.0,1.5000000004743006,9.999999996790152,1.532861883092119,10.097064900563065,True,True,0.032861882617818416,0.09706490377291388,5.975675106048584,0.9722422361373901,128.0,124.0,220.0,290.0,32,80000000
yolo_final_aisle_v3,11,1.5,10.0,1.5000000004743006,9.999999996790152,1.532861883092119,10.097064900563065,True,True,0.032861882617818416,0.09706490377291388,8.147079467773438,0.9722422361373901,128.0,124.0,220.0,290.0,32,145000000
yolo_final_aisle_v3,11,1.5,10.0,1.5000000004743006,9.999999996790152,1.532861883092119,10.097064900563065,True,True,0.032861882617818416,0.09706490377291388,8.147079467773438,0.9722422361373901,128.0,124.0,220.0,290.0,32,210000000
yolo_final_aisle_v3,11,1.5,10.0,1.5000000004743006,9.999999996790152,1.532861883092119,10.097064900563065,True,True,0.032861882617818416,0.09706490377291388,6.98917293548584,0.9722422361373901,128.0,124.0,220.0,290.0,32,275000000
yolo_final_aisle_v3,11,1.5,10.0,1.5000000004743006,9.999999996790152,1.532861883092119,10.097064900563065,True,True,0.032861882617818416,0.09706490377291388,5.947202205657959,0.9722422361373901,128.0,124.0,220.0,290.0,32,345000000
yolo_final_aisle_v3,11,1.5,10.0,1.5000000004743006,9.999999996790152,1.532861883092119,10.097064900563065,True,True,0.032861882617818416,0.09706490377291388,5.947202205657959,0.9722422361373901,128.0,124.0,220.0,290.0,32,410000000
yolo_final_aisle_v3,11,1.5,10.0,1.5000000004743006,9.999999996790152,1.532861883092119,10.097064900563065,True,True,0.032861882617818416,0.09706490377291388,8.893027305603027,0.9722422361373901,128.0,124.0,220.0,290.0,32,475000000
yolo_final_aisle_v3,11,1.5,10.0,1.5000000004743006,9.999999996790152,1.532861883092119,10.097064900563065,True,True,0.032861882617818416,0.09706490377291388,8.54336929321289,0.9722422361373901,128.0,124.0,220.0,290.0,32,540000000
yolo_final_aisle_v3,11,1.5,10.0,1.5000000004743006,9.999999996790152,1.532861883092119,10.097064900563065,True,True,0.032861882617818416,0.09706490377291388,9.399133682250977,0.9722422361373901,128.0,124.0,220.0,290.0,32,605000000
yolo_final_aisle_v3,12,1.5,20.0,1.4999999998358557,20.000000002749374,1.5327080953597012,20.161153968345154,True,True,0.03270809552384546,0.16115396559577988,5.52246618270874,0.9674131870269775,35.0,119.0,233.0,304.0,33,70000000
yolo_final_aisle_v3,12,1.5,20.0,1.4999999998358557,20.000000002749374,1.5327080953597012,20.161153968345154,True,True,0.03270809552384546,0.16115396559577988,6.519501209259033,0.9674131870269775,35.0,119.0,233.0,304.0,33,135000000
yolo_final_aisle_v3,12,1.5,20.0,1.4999999998358557,20.000000002749374,1.5327080953597012,20.161153968345154,True,True,0.03270809552384546,0.16115396559577988,6.519501209259033,0.9674131870269775,35.0,119.0,233.0,304.0,33,265000000
yolo_final_aisle_v3,12,1.5,20.0,1.4999999998358557,20.000000002749374,1.5327080953597012,20.161153968345154,True,True,0.03270809552384546,0.16115396559577988,5.31601095199585,0.9674131870269775,35.0,119.0,233.0,304.0,33,335000000
yolo_final_aisle_v3,12,1.5,20.0,1.4999999998358557,20.000000002749374,1.5327080953597012,20.161153968345154,True,True,0.03270809552384546,0.16115396559577988,5.31601095199585,0.9674131870269775,35.0,119.0,233.0,304.0,33,400000000
yolo_final_aisle_v3,12,1.5,20.0,1.4999999998358557,20.000000002749374,1.5327080953597012,20.161153968345154,True,True,0.03270809552384546,0.16115396559577988,6.370765209197998,0.9674131870269775,35.0,119.0,233.0,304.0,33,465000000
yolo_final_aisle_v3,12,1.5,20.0,1.4999999998358557,20.000000002749374,1.5327080953597012,20.161153968345154,True,True,0.03270809552384546,0.16115396559577988,5.876072883605957,0.9674131870269775,35.0,119.0,233.0,304.0,33,530000000
yolo_final_aisle_v3,12,1.5,20.0,1.4999999998358557,20.000000002749374,1.5327080953597012,20.161153968345154,True,True,0.03270809552384546,0.16115396559577988,5.987810134887695,0.9674131870269775,35.0,119.0,233.0,304.0,33,595000000
yolo_final_aisle_v3,12,1.5,20.0,1.4999999998358557,20.000000002749374,1.5327080953597012,20.161153968345154,True,True,0.03270809552384546,0.16115396559577988,5.40088415145874,0.9674131870269775,35.0,119.0,233.0,304.0,33,665000000
yolo_final_aisle_v3,12,1.5,20.0,1.4999999998358557,20.000000002749374,1.5327080953597012,20.161153968345154,True,True,0.03270809552384546,0.16115396559577988,5.40088415145874,0.9674131870269775,35.0,119.0,233.0,304.0,33,730000000
yolo_final_aisle_v3,12,1.5,20.0,1.4999999998358557,20.000000002749374,1.5327080953597012,20.161153968345154,True,True,0.03270809552384546,0.16115396559577988,5.427259922027588,0.9674131870269775,35.0,119.0,233.0,304.0,33,795000000
yolo_final_aisle_v3,12,1.5,20.0,1.4999999998358557,20.000000002749374,1.5327080953597012,20.161153968345154,True,True,0.03270809552384546,0.16115396559577988,8.5121488571167,0.9674131870269775,35.0,119.0,233.0,304.0,33,860000000
yolo_final_aisle_v3,12,1.5,20.0,1.4999999998358557,20.000000002749374,1.5327080953597012,20.161153968345154,True,True,0.03270809552384546,0.16115396559577988,7.8645339012146,0.9674131870269775,35.0,119.0,233.0,304.0,33,925000000
yolo_final_aisle_v3,12,1.5,20.0,1.4999999998358557,20.000000002749374,1.5327080953597012,20.161153968345154,True,True,0.03270809552384546,0.16115396559577988,7.599358081817627,0.9674131870269775,35.0,119.0,233.0,304.0,33,995000000
yolo_final_aisle_v3,12,1.5,20.0,1.4999999998358557,20.000000002749374,1.5327080953597012,20.161153968345154,True,True,0.03270809552384546,0.16115396559577988,7.397132873535156,0.9674131870269775,35.0,119.0,233.0,304.0,34,60000000
yolo_final_aisle_v3,12,1.5,20.0,1.4999999998358557,20.000000002749374,1.5327080953597012,20.161153968345154,True,True,0.03270809552384546,0.16115396559577988,8.252874374389648,0.9674131870269775,35.0,119.0,233.0,304.0,34,125000000
yolo_final_aisle_v3,12,1.5,20.0,1.4999999998358557,20.000000002749374,1.5327080953597012,20.161153968345154,True,True,0.03270809552384546,0.16115396559577988,8.24705982208252,0.9674131870269775,35.0,119.0,233.0,304.0,34,190000000
yolo_final_aisle_v3,12,1.5,20.0,1.4999999998358557,20.000000002749374,1.5327080953597012,20.161153968345154,True,True,0.03270809552384546,0.16115396559577988,5.506227016448975,0.9674131870269775,35.0,119.0,233.0,304.0,34,255000000
yolo_final_aisle_v3,12,1.5,20.0,1.4999999998358557,20.000000002749374,1.5327080953597012,20.161153968345154,True,True,0.03270809552384546,0.16115396559577988,7.57096004486084,0.9674131870269775,35.0,119.0,233.0,304.0,34,325000000
yolo_final_aisle_v3,12,1.5,20.0,1.4999999998358557,20.000000002749374,1.5327080953597012,20.161153968345154,True,True,0.03270809552384546,0.16115396559577988,11.13890266418457,0.9674131870269775,35.0,119.0,233.0,304.0,34,390000000
yolo_final_aisle_v3,12,1.5,20.0,1.4999999998358557,20.000000002749374,1.5327080953597012,20.161153968345154,True,True,0.03270809552384546,0.16115396559577988,5.243936061859131,0.9674131870269775,35.0,119.0,233.0,304.0,34,455000000
yolo_final_aisle_v3,12,1.5,20.0,1.4999999998358557,20.000000002749374,1.5327080953597012,20.161153968345154,True,True,0.03270809552384546,0.16115396559577988,5.465835094451904,0.9674131870269775,35.0,119.0,233.0,304.0,34,520000000
yolo_final_aisle_v3,12,1.5,20.0,1.4999999998358557,20.000000002749374,1.5327080953597012,20.161153968345154,True,True,0.03270809552384546,0.16115396559577988,5.2240681648254395,0.9674131870269775,35.0,119.0,233.0,304.0,34,585000000
yolo_final_aisle_v3,12,1.5,20.0,1.4999999998358557,20.000000002749374,1.5327080953597012,20.161153968345154,True,True,0.03270809552384546,0.16115396559577988,5.2240681648254395,0.9674131870269775,35.0,119.0,233.0,304.0,34,655000000
yolo_final_aisle_v3,12,1.5,20.0,1.4999999998358557,20.000000002749374,1.5327080953597012,20.161153968345154,True,True,0.03270809552384546,0.16115396559577988,7.577513217926025,0.9674131870269775,35.0,119.0,233.0,304.0,34,720000000
yolo_final_aisle_v3,12,1.5,20.0,1.4999999998358557,20.000000002749374,1.5327080953597012,20.161153968345154,True,True,0.03270809552384546,0.16115396559577988,7.577513217926025,0.9674131870269775,35.0,119.0,233.0,304.0,34,850000000
yolo_final_aisle_v3,12,1.5,20.0,1.4999999998358557,20.000000002749374,1.5327080953597012,20.161153968345154,True,True,0.03270809552384546,0.16115396559577988,5.1945672035217285,0.9674131870269775,35.0,119.0,233.0,304.0,34,915000000
yolo_final_aisle_v3,12,1.5,20.0,1.4999999998358557,20.000000002749374,1.5327080953597012,20.161153968345154,True,True,0.03270809552384546,0.16115396559577988,5.271678924560547,0.9674131870269775,35.0,119.0,233.0,304.0,34,985000000
yolo_final_aisle_v3,12,1.5,20.0,1.4999999998358557,20.000000002749374,1.5327080953597012,20.161153968345154,True,True,0.03270809552384546,0.16115396559577988,5.538518905639648,0.9674131870269775,35.0,119.0,233.0,304.0,35,50000000
yolo_final_aisle_v3,12,1.5,20.0,1.4999999998358557,20.000000002749374,1.5327080953597012,20.161153968345154,True,True,0.03270809552384546,0.16115396559577988,5.739703178405762,0.9674131870269775,35.0,119.0,233.0,304.0,35,115000000
yolo_final_aisle_v3,13,1.5,30.0,1.5000000002800218,29.999999993824634,1.4705459887002876,26.569484248601785,True,False,-0.029454011579734152,-3.4305157452228485,5.2519989013671875,0.9764061570167542,0.0,107.0,182.0,333.0,35,575000000
yolo_final_aisle_v3,13,1.5,30.0,1.5000000002800218,29.999999993824634,1.4705459887002876,26.569484248601785,True,False,-0.029454011579734152,-3.4305157452228485,7.4409918785095215,0.9764061570167542,0.0,107.0,182.0,333.0,35,645000000
yolo_final_aisle_v3,13,1.5,30.0,1.5000000002800218,29.999999993824634,1.4705459887002876,26.569484248601785,True,False,-0.029454011579734152,-3.4305157452228485,7.612269878387451,0.9764061570167542,0.0,107.0,182.0,333.0,35,710000000
yolo_final_aisle_v3,13,1.5,30.0,1.5000000002800218,29.999999993824634,1.4705459887002876,26.569484248601785,True,False,-0.029454011579734152,-3.4305157452228485,5.627699851989746,0.9764061570167542,0.0,107.0,182.0,333.0,35,775000000
yolo_final_aisle_v3,13,1.5,30.0,1.5000000002800218,29.999999993824634,1.4705459887002876,26.569484248601785,True,False,-0.029454011579734152,-3.4305157452228485,5.915002822875977,0.9764061570167542,0.0,107.0,182.0,333.0,35,840000000
yolo_final_aisle_v3,13,1.5,30.0,1.5000000002800218,29.999999993824634,1.4705459887002876,26.569484248601785,True,False,-0.029454011579734152,-3.4305157452228485,5.915002822875977,0.9764061570167542,0.0,107.0,182.0,333.0,35,905000000
yolo_final_aisle_v3,13,1.5,30.0,1.5000000002800218,29.999999993824634,1.4705459887002876,26.569484248601785,True,False,-0.029454011579734152,-3.4305157452228485,5.183053016662598,0.9764061570167542,0.0,107.0,182.0,333.0,35,975000000
yolo_final_aisle_v3,13,1.5,30.0,1.5000000002800218,29.999999993824634,1.4705459887002876,26.569484248601785,True,False,-0.029454011579734152,-3.4305157452228485,7.660548210144043,0.9764061570167542,0.0,107.0,182.0,333.0,36,40000000
yolo_final_aisle_v3,13,1.5,30.0,1.5000000002800218,29.999999993824634,1.4705459887002876,26.569484248601785,True,False,-0.029454011579734152,-3.4305157452228485,7.660548210144043,0.9764061570167542,0.0,107.0,182.0,333.0,36,105000000
yolo_final_aisle_v3,13,1.5,30.0,1.5000000002800218,29.999999993824634,1.4705459887002876,26.569484248601785,True,False,-0.029454011579734152,-3.4305157452228485,5.635630130767822,0.9764061570167542,0.0,107.0,182.0,333.0,36,170000000
yolo_final_aisle_v3,13,1.5,30.0,1.5000000002800218,29.999999993824634,1.4705459887002876,26.569484248601785,True,False,-0.029454011579734152,-3.4305157452228485,5.546076774597168,0.9764061570167542,0.0,107.0,182.0,333.0,36,235000000
yolo_final_aisle_v3,13,1.5,30.0,1.5000000002800218,29.999999993824634,1.4705459887002876,26.569484248601785,True,False,-0.029454011579734152,-3.4305157452228485,5.546076774597168,0.9764061570167542,0.0,107.0,182.0,333.0,36,305000000
yolo_final_aisle_v3,13,1.5,30.0,1.5000000002800218,29.999999993824634,1.4705459887002876,26.569484248601785,True,False,-0.029454011579734152,-3.4305157452228485,7.430975914001465,0.9764061570167542,0.0,107.0,182.0,333.0,36,370000000
yolo_final_aisle_v3,13,1.5,30.0,1.5000000002800218,29.999999993824634,1.4705459887002876,26.569484248601785,True,False,-0.029454011579734152,-3.4305157452228485,5.513065814971924,0.9764061570167542,0.0,107.0,182.0,333.0,36,435000000
yolo_final_aisle_v3,13,1.5,30.0,1.5000000002800218,29.999999993824634,1.4705459887002876,26.569484248601785,True,False,-0.029454011579734152,-3.4305157452228485,5.513065814971924,0.9764061570167542,0.0,107.0,182.0,333.0,36,500000000
yolo_final_aisle_v3,13,1.5,30.0,1.5000000002800218,29.999999993824634,1.4705459887002876,26.569484248601785,True,False,-0.029454011579734152,-3.4305157452228485,7.45960807800293,0.9764061570167542,0.0,107.0,182.0,333.0,36,565000000
yolo_final_aisle_v3,13,1.5,30.0,1.5000000002800218,29.999999993824634,1.4705459887002876,26.569484248601785,True,False,-0.029454011579734152,-3.4305157452228485,7.45960807800293,0.9764061570167542,0.0,107.0,182.0,333.0,36,635000000
yolo_final_aisle_v3,13,1.5,30.0,1.5000000002800218,29.999999993824634,1.4705459887002876,26.569484248601785,True,False,-0.029454011579734152,-3.4305157452228485,9.120099067687988,0.9764061570167542,0.0,107.0,182.0,333.0,36,700000000
yolo_final_aisle_v3,13,1.5,30.0,1.5000000002800218,29.999999993824634,1.4705459887002876,26.569484248601785,True,False,-0.029454011579734152,-3.4305157452228485,8.004339218139648,0.9764061570167542,0.0,107.0,182.0,333.0,36,765000000
yolo_final_aisle_v3,13,1.5,30.0,1.5000000002800218,29.999999993824634,1.4705459887002876,26.569484248601785,True,False,-0.029454011579734152,-3.4305157452228485,7.572923183441162,0.9764061570167542,0.0,107.0,182.0,333.0,36,830000000
yolo_final_aisle_v3,13,1.5,30.0,1.5000000002800218,29.999999993824634,1.4705459887002876,26.569484248601785,True,False,-0.029454011579734152,-3.4305157452228485,7.446201801300049,0.9764061570167542,0.0,107.0,182.0,333.0,36,895000000
yolo_final_aisle_v3,13,1.5,30.0,1.5000000002800218,29.999999993824634,1.4705459887002876,26.569484248601785,True,False,-0.029454011579734152,-3.4305157452228485,7.501032829284668,0.9764061570167542,0.0,107.0,182.0,333.0,36,965000000
yolo_final_aisle_v3,13,1.5,30.0,1.5000000002800218,29.999999993824634,1.4705459887002876,26.569484248601785,True,False,-0.029454011579734152,-3.4305157452228485,7.6498541831970215,0.9764061570167542,0.0,107.0,182.0,333.0,37,30000000
yolo_final_aisle_v3,13,1.5,30.0,1.5000000002800218,29.999999993824634,1.4705459887002876,26.569484248601785,True,False,-0.029454011579734152,-3.4305157452228485,7.519184112548828,0.9764061570167542,0.0,107.0,182.0,333.0,37,95000000
yolo_final_aisle_v3,13,1.5,30.0,1.5000000002800218,29.999999993824634,1.4705459887002876,26.569484248601785,True,False,-0.029454011579734152,-3.4305157452228485,5.754589080810547,0.9764061570167542,0.0,107.0,182.0,333.0,37,160000000
yolo_final_aisle_v3,13,1.5,30.0,1.5000000002800218,29.999999993824634,1.4705459887002876,26.569484248601785,True,False,-0.029454011579734152,-3.4305157452228485,5.45222282409668,0.9764061570167542,0.0,107.0,182.0,333.0,37,225000000
yolo_final_aisle_v3,13,1.5,30.0,1.5000000002800218,29.999999993824634,1.4705459887002876,26.569484248601785,True,False,-0.029454011579734152,-3.4305157452228485,7.92218017578125,0.9764061570167542,0.0,107.0,182.0,333.0,37,295000000
yolo_final_aisle_v3,13,1.5,30.0,1.5000000002800218,29.999999993824634,1.4705459887002876,26.569484248601785,True,False,-0.029454011579734152,-3.4305157452228485,7.92218017578125,0.9764061570167542,0.0,107.0,182.0,333.0,37,360000000
yolo_final_aisle_v3,13,1.5,30.0,1.5000000002800218,29.999999993824634,1.4705459887002876,26.569484248601785,True,False,-0.029454011579734152,-3.4305157452228485,5.205063819885254,0.9764061570167542,0.0,107.0,182.0,333.0,37,425000000
yolo_final_aisle_v3,13,1.5,30.0,1.5000000002800218,29.999999993824634,1.4705459887002876,26.569484248601785,True,False,-0.029454011579734152,-3.4305157452228485,5.227971076965332,0.9764061570167542,0.0,107.0,182.0,333.0,37,490000000
yolo_final_aisle_v3,14,2.0,-30.0,2.0000000003733627,-29.999999993824634,1.9918274971999022,-28.046751725433666,True,False,-0.008172503173460521,1.9532482683909684,6.967831134796143,0.9701908826828003,486.0,143.0,154.0,245.0,37,955000000
yolo_final_aisle_v3,14,2.0,-30.0,2.0000000003733627,-29.999999993824634,1.9918274971999022,-28.046751725433666,True,False,-0.008172503173460521,1.9532482683909684,9.316625595092773,0.9701908826828003,486.0,143.0,154.0,245.0,38,20000000
yolo_final_aisle_v3,14,2.0,-30.0,2.0000000003733627,-29.999999993824634,1.9918274971999022,-28.046751725433666,True,False,-0.008172503173460521,1.9532482683909684,6.729741096496582,0.9701908826828003,486.0,143.0,154.0,245.0,38,85000000
yolo_final_aisle_v3,14,2.0,-30.0,2.0000000003733627,-29.999999993824634,1.9918274971999022,-28.046751725433666,True,False,-0.008172503173460521,1.9532482683909684,6.365015029907227,0.9701908826828003,486.0,143.0,154.0,245.0,38,150000000
yolo_final_aisle_v3,14,2.0,-30.0,2.0000000003733627,-29.999999993824634,1.9918274971999022,-28.046751725433666,True,False,-0.008172503173460521,1.9532482683909684,5.488247871398926,0.9701908826828003,486.0,143.0,154.0,245.0,38,215000000
yolo_final_aisle_v3,14,2.0,-30.0,2.0000000003733627,-29.999999993824634,1.9918274971999022,-28.046751725433666,True,False,-0.008172503173460521,1.9532482683909684,5.488247871398926,0.9701908826828003,486.0,143.0,154.0,245.0,38,285000000
yolo_final_aisle_v3,14,2.0,-30.0,2.0000000003733627,-29.999999993824634,1.9918274971999022,-28.046751725433666,True,False,-0.008172503173460521,1.9532482683909684,5.358971118927002,0.9701908826828003,486.0,143.0,154.0,245.0,38,350000000
yolo_final_aisle_v3,14,2.0,-30.0,2.0000000003733627,-29.999999993824634,1.9918274971999022,-28.046751725433666,True,False,-0.008172503173460521,1.9532482683909684,5.372402191162109,0.9701908826828003,486.0,143.0,154.0,245.0,38,415000000
yolo_final_aisle_v3,14,2.0,-30.0,2.0000000003733627,-29.999999993824634,1.9918274971999022,-28.046751725433666,True,False,-0.008172503173460521,1.9532482683909684,6.698386192321777,0.9701908826828003,486.0,143.0,154.0,245.0,38,480000000
yolo_final_aisle_v3,14,2.0,-30.0,2.0000000003733627,-29.999999993824634,1.9918274971999022,-28.046751725433666,True,False,-0.008172503173460521,1.9532482683909684,5.353865146636963,0.9701908826828003,486.0,143.0,154.0,245.0,38,545000000
yolo_final_aisle_v3,14,2.0,-30.0,2.0000000003733627,-29.999999993824634,1.9918274971999022,-28.046751725433666,True,False,-0.008172503173460521,1.9532482683909684,5.3729448318481445,0.9701908826828003,486.0,143.0,154.0,245.0,38,615000000
yolo_final_aisle_v3,14,2.0,-30.0,2.0000000003733627,-29.999999993824634,1.9918274971999022,-28.046751725433666,True,False,-0.008172503173460521,1.9532482683909684,5.730101108551025,0.9701908826828003,486.0,143.0,154.0,245.0,38,680000000
yolo_final_aisle_v3,14,2.0,-30.0,2.0000000003733627,-29.999999993824634,1.9918274971999022,-28.046751725433666,True,False,-0.008172503173460521,1.9532482683909684,5.4654669761657715,0.9701908826828003,486.0,143.0,154.0,245.0,38,745000000
yolo_final_aisle_v3,14,2.0,-30.0,2.0000000003733627,-29.999999993824634,1.9918274971999022,-28.046751725433666,True,False,-0.008172503173460521,1.9532482683909684,5.548966884613037,0.9701908826828003,486.0,143.0,154.0,245.0,38,810000000
yolo_final_aisle_v3,14,2.0,-30.0,2.0000000003733627,-29.999999993824634,1.9918274971999022,-28.046751725433666,True,False,-0.008172503173460521,1.9532482683909684,5.997919082641602,0.9701908826828003,486.0,143.0,154.0,245.0,38,875000000
yolo_final_aisle_v3,14,2.0,-30.0,2.0000000003733627,-29.999999993824634,1.9918274971999022,-28.046751725433666,True,False,-0.008172503173460521,1.9532482683909684,5.997919082641602,0.9701908826828003,486.0,143.0,154.0,245.0,38,945000000
yolo_final_aisle_v3,14,2.0,-30.0,2.0000000003733627,-29.999999993824634,1.9918274971999022,-28.046751725433666,True,False,-0.008172503173460521,1.9532482683909684,5.476582050323486,0.9701908826828003,486.0,143.0,154.0,245.0,39,10000000
yolo_final_aisle_v3,14,2.0,-30.0,2.0000000003733627,-29.999999993824634,1.9918274971999022,-28.046751725433666,True,False,-0.008172503173460521,1.9532482683909684,5.683854103088379,0.9701908826828003,486.0,143.0,154.0,245.0,39,75000000
yolo_final_aisle_v3,14,2.0,-30.0,2.0000000003733627,-29.999999993824634,1.9918274971999022,-28.046751725433666,True,False,-0.008172503173460521,1.9532482683909684,5.683854103088379,0.9701908826828003,486.0,143.0,154.0,245.0,39,140000000
yolo_final_aisle_v3,14,2.0,-30.0,2.0000000003733627,-29.999999993824634,1.9918274971999022,-28.046751725433666,True,False,-0.008172503173460521,1.9532482683909684,7.145514011383057,0.9701908826828003,486.0,143.0,154.0,245.0,39,205000000
yolo_final_aisle_v3,14,2.0,-30.0,2.0000000003733627,-29.999999993824634,1.9918274971999022,-28.046751725433666,True,False,-0.008172503173460521,1.9532482683909684,6.726961135864258,0.9701908826828003,486.0,143.0,154.0,245.0,39,275000000
yolo_final_aisle_v3,14,2.0,-30.0,2.0000000003733627,-29.999999993824634,1.9918274971999022,-28.046751725433666,True,False,-0.008172503173460521,1.9532482683909684,7.5849690437316895,0.9701908826828003,486.0,143.0,154.0,245.0,39,340000000
yolo_final_aisle_v3,14,2.0,-30.0,2.0000000003733627,-29.999999993824634,1.9918274971999022,-28.046751725433666,True,False,-0.008172503173460521,1.9532482683909684,7.777437210083008,0.9701908826828003,486.0,143.0,154.0,245.0,39,405000000
yolo_final_aisle_v3,14,2.0,-30.0,2.0000000003733627,-29.999999993824634,1.9918274971999022,-28.046751725433666,True,False,-0.008172503173460521,1.9532482683909684,7.358928203582764,0.9701908826828003,486.0,143.0,154.0,245.0,39,470000000
yolo_final_aisle_v3,14,2.0,-30.0,2.0000000003733627,-29.999999993824634,1.9918274971999022,-28.046751725433666,True,False,-0.008172503173460521,1.9532482683909684,7.742877006530762,0.9701908826828003,486.0,143.0,154.0,245.0,39,535000000
yolo_final_aisle_v3,14,2.0,-30.0,2.0000000003733627,-29.999999993824634,1.9918274971999022,-28.046751725433666,True,False,-0.008172503173460521,1.9532482683909684,7.861725807189941,0.9701908826828003,486.0,143.0,154.0,245.0,39,605000000
yolo_final_aisle_v3,14,2.0,-30.0,2.0000000003733627,-29.999999993824634,1.9918274971999022,-28.046751725433666,True,False,-0.008172503173460521,1.9532482683909684,8.688532829284668,0.9701908826828003,486.0,143.0,154.0,245.0,39,670000000
yolo_final_aisle_v3,14,2.0,-30.0,2.0000000003733627,-29.999999993824634,1.9918274971999022,-28.046751725433666,True,False,-0.008172503173460521,1.9532482683909684,6.955839157104492,0.9701908826828003,486.0,143.0,154.0,245.0,39,735000000
yolo_final_aisle_v3,14,2.0,-30.0,2.0000000003733627,-29.999999993824634,1.9918274971999022,-28.046751725433666,True,False,-0.008172503173460521,1.9532482683909684,5.4717512130737305,0.9701908826828003,486.0,143.0,154.0,245.0,39,800000000
yolo_final_aisle_v3,14,2.0,-30.0,2.0000000003733627,-29.999999993824634,1.9918274971999022,-28.046751725433666,True,False,-0.008172503173460521,1.9532482683909684,7.37388801574707,0.9701908826828003,486.0,143.0,154.0,245.0,39,865000000
yolo_final_aisle_v3,15,2.0,-20.0,2.000000000419004,-19.999999997114603,2.0247349174719247,-20.413882482504366,True,True,0.024734917052920746,-0.41388248538976313,7.557782173156738,0.9715685248374939,400.0,149.0,180.0,226.0,40,395000000
yolo_final_aisle_v3,15,2.0,-20.0,2.000000000419004,-19.999999997114603,2.0247349174719247,-20.413882482504366,True,True,0.024734917052920746,-0.41388248538976313,7.584768772125244,0.9715685248374939,400.0,149.0,180.0,226.0,40,460000000
yolo_final_aisle_v3,15,2.0,-20.0,2.000000000419004,-19.999999997114603,2.0247349174719247,-20.413882482504366,True,True,0.024734917052920746,-0.41388248538976313,5.22835111618042,0.9715685248374939,400.0,149.0,180.0,226.0,40,525000000
yolo_final_aisle_v3,15,2.0,-20.0,2.000000000419004,-19.999999997114603,2.0247349174719247,-20.413882482504366,True,True,0.024734917052920746,-0.41388248538976313,7.881586074829102,0.9715685248374939,400.0,149.0,180.0,226.0,40,595000000
yolo_final_aisle_v3,15,2.0,-20.0,2.000000000419004,-19.999999997114603,2.0247349174719247,-20.413882482504366,True,True,0.024734917052920746,-0.41388248538976313,7.766557216644287,0.9715685248374939,400.0,149.0,180.0,226.0,40,660000000
yolo_final_aisle_v3,15,2.0,-20.0,2.000000000419004,-19.999999997114603,2.0247349174719247,-20.413882482504366,True,True,0.024734917052920746,-0.41388248538976313,6.921753883361816,0.9715685248374939,400.0,149.0,180.0,226.0,40,855000000
yolo_final_aisle_v3,15,2.0,-20.0,2.000000000419004,-19.999999997114603,2.0247349174719247,-20.413882482504366,True,True,0.024734917052920746,-0.41388248538976313,7.159445762634277,0.9715685248374939,400.0,149.0,180.0,226.0,40,925000000
yolo_final_aisle_v3,15,2.0,-20.0,2.000000000419004,-19.999999997114603,2.0247349174719247,-20.413882482504366,True,True,0.024734917052920746,-0.41388248538976313,5.495761871337891,0.9715685248374939,400.0,149.0,180.0,226.0,40,990000000
yolo_final_aisle_v3,15,2.0,-20.0,2.000000000419004,-19.999999997114603,2.0247349174719247,-20.413882482504366,True,True,0.024734917052920746,-0.41388248538976313,5.35091495513916,0.9715685248374939,400.0,149.0,180.0,226.0,41,55000000
yolo_final_aisle_v3,15,2.0,-20.0,2.000000000419004,-19.999999997114603,2.0247349174719247,-20.413882482504366,True,True,0.024734917052920746,-0.41388248538976313,5.554934978485107,0.9715685248374939,400.0,149.0,180.0,226.0,41,185000000
yolo_final_aisle_v3,15,2.0,-20.0,2.000000000419004,-19.999999997114603,2.0247349174719247,-20.413882482504366,True,True,0.024734917052920746,-0.41388248538976313,5.607929229736328,0.9715685248374939,400.0,149.0,180.0,226.0,41,385000000
yolo_final_aisle_v3,15,2.0,-20.0,2.000000000419004,-19.999999997114603,2.0247349174719247,-20.413882482504366,True,True,0.024734917052920746,-0.41388248538976313,5.607929229736328,0.9715685248374939,400.0,149.0,180.0,226.0,41,450000000
yolo_final_aisle_v3,15,2.0,-20.0,2.000000000419004,-19.999999997114603,2.0247349174719247,-20.413882482504366,True,True,0.024734917052920746,-0.41388248538976313,8.815755844116211,0.9715685248374939,400.0,149.0,180.0,226.0,41,515000000
yolo_final_aisle_v3,15,2.0,-20.0,2.000000000419004,-19.999999997114603,2.0247349174719247,-20.413882482504366,True,True,0.024734917052920746,-0.41388248538976313,8.815755844116211,0.9715685248374939,400.0,149.0,180.0,226.0,41,585000000
yolo_final_aisle_v3,15,2.0,-20.0,2.000000000419004,-19.999999997114603,2.0247349174719247,-20.413882482504366,True,True,0.024734917052920746,-0.41388248538976313,7.1455888748168945,0.9715685248374939,400.0,149.0,180.0,226.0,41,715000000
yolo_final_aisle_v3,15,2.0,-20.0,2.000000000419004,-19.999999997114603,2.0247349174719247,-20.413882482504366,True,True,0.024734917052920746,-0.41388248538976313,7.1455888748168945,0.9715685248374939,400.0,149.0,180.0,226.0,41,780000000
yolo_final_aisle_v3,15,2.0,-20.0,2.000000000419004,-19.999999997114603,2.0247349174719247,-20.413882482504366,True,True,0.024734917052920746,-0.41388248538976313,9.68583869934082,0.9715685248374939,400.0,149.0,180.0,226.0,41,845000000
yolo_final_aisle_v3,15,2.0,-20.0,2.000000000419004,-19.999999997114603,2.0247349174719247,-20.413882482504366,True,True,0.024734917052920746,-0.41388248538976313,5.9391188621521,0.9715685248374939,400.0,149.0,180.0,226.0,41,915000000
yolo_final_aisle_v3,15,2.0,-20.0,2.000000000419004,-19.999999997114603,2.0247349174719247,-20.413882482504366,True,True,0.024734917052920746,-0.41388248538976313,8.095861434936523,0.9715685248374939,400.0,149.0,180.0,226.0,42,45000000
yolo_final_aisle_v3,15,2.0,-20.0,2.000000000419004,-19.999999997114603,2.0247349174719247,-20.413882482504366,True,True,0.024734917052920746,-0.41388248538976313,8.114855766296387,0.9715685248374939,400.0,149.0,180.0,226.0,42,110000000
yolo_final_aisle_v3,15,2.0,-20.0,2.000000000419004,-19.999999997114603,2.0247349174719247,-20.413882482504366,True,True,0.024734917052920746,-0.41388248538976313,5.2410569190979,0.9715685248374939,400.0,149.0,180.0,226.0,42,175000000
yolo_final_aisle_v3,15,2.0,-20.0,2.000000000419004,-19.999999997114603,2.0247349174719247,-20.413882482504366,True,True,0.024734917052920746,-0.41388248538976313,5.2410569190979,0.9715685248374939,400.0,149.0,180.0,226.0,42,245000000
yolo_final_aisle_v3,15,2.0,-20.0,2.000000000419004,-19.999999997114603,2.0247349174719247,-20.413882482504366,True,True,0.024734917052920746,-0.41388248538976313,8.286518096923828,0.9715685248374939,400.0,149.0,180.0,226.0,42,310000000
yolo_final_aisle_v3,15,2.0,-20.0,2.000000000419004,-19.999999997114603,2.0247349174719247,-20.413882482504366,True,True,0.024734917052920746,-0.41388248538976313,5.370906829833984,0.9715685248374939,400.0,149.0,180.0,226.0,42,375000000
yolo_final_aisle_v3,15,2.0,-20.0,2.000000000419004,-19.999999997114603,2.0247349174719247,-20.413882482504366,True,True,0.024734917052920746,-0.41388248538976313,5.416921138763428,0.9715685248374939,400.0,149.0,180.0,226.0,42,440000000
yolo_final_aisle_v3,15,2.0,-20.0,2.000000000419004,-19.999999997114603,2.0247349174719247,-20.413882482504366,True,True,0.024734917052920746,-0.41388248538976313,5.251204967498779,0.9715685248374939,400.0,149.0,180.0,226.0,42,505000000
yolo_final_aisle_v3,15,2.0,-20.0,2.000000000419004,-19.999999997114603,2.0247349174719247,-20.413882482504366,True,True,0.024734917052920746,-0.41388248538976313,5.313607215881348,0.9715685248374939,400.0,149.0,180.0,226.0,42,575000000
yolo_final_aisle_v3,15,2.0,-20.0,2.000000000419004,-19.999999997114603,2.0247349174719247,-20.413882482504366,True,True,0.024734917052920746,-0.41388248538976313,10.790962219238281,0.9715685248374939,400.0,149.0,180.0,226.0,42,640000000
yolo_final_aisle_v3,15,2.0,-20.0,2.000000000419004,-19.999999997114603,2.0247349174719247,-20.413882482504366,True,True,0.024734917052920746,-0.41388248538976313,5.275341033935547,0.9715685248374939,400.0,149.0,180.0,226.0,42,705000000
yolo_final_aisle_v3,15,2.0,-20.0,2.000000000419004,-19.999999997114603,2.0247349174719247,-20.413882482504366,True,True,0.024734917052920746,-0.41388248538976313,5.85732889175415,0.9715685248374939,400.0,149.0,180.0,226.0,42,770000000
yolo_final_aisle_v3,16,2.0,-10.0,1.9999999999700744,-9.999999999166164,2.0377972750706266,-10.30002514548726,True,True,0.0377972751005522,-0.30002514632109545,8.100966453552246,0.9748836755752563,319.0,154.0,168.0,214.0,43,300000000
yolo_final_aisle_v3,16,2.0,-10.0,1.9999999999700744,-9.999999999166164,2.0377972750706266,-10.30002514548726,True,True,0.0377972751005522,-0.30002514632109545,11.278422355651855,0.9748836755752563,319.0,154.0,168.0,214.0,43,365000000
yolo_final_aisle_v3,16,2.0,-10.0,1.9999999999700744,-9.999999999166164,2.0377972750706266,-10.30002514548726,True,True,0.0377972751005522,-0.30002514632109545,14.813666343688965,0.9748836755752563,319.0,154.0,168.0,214.0,43,430000000
yolo_final_aisle_v3,16,2.0,-10.0,1.9999999999700744,-9.999999999166164,2.0377972750706266,-10.30002514548726,True,True,0.0377972751005522,-0.30002514632109545,14.813666343688965,0.9748836755752563,319.0,154.0,168.0,214.0,43,495000000
yolo_final_aisle_v3,16,2.0,-10.0,1.9999999999700744,-9.999999999166164,2.0377972750706266,-10.30002514548726,True,True,0.0377972751005522,-0.30002514632109545,5.123861789703369,0.9748836755752563,319.0,154.0,168.0,214.0,43,565000000
yolo_final_aisle_v3,16,2.0,-10.0,1.9999999999700744,-9.999999999166164,2.0377972750706266,-10.30002514548726,True,True,0.0377972751005522,-0.30002514632109545,5.850277900695801,0.9748836755752563,319.0,154.0,168.0,214.0,43,630000000
yolo_final_aisle_v3,16,2.0,-10.0,1.9999999999700744,-9.999999999166164,2.0377972750706266,-10.30002514548726,True,True,0.0377972751005522,-0.30002514632109545,5.168317794799805,0.9748836755752563,319.0,154.0,168.0,214.0,43,695000000
yolo_final_aisle_v3,16,2.0,-10.0,1.9999999999700744,-9.999999999166164,2.0377972750706266,-10.30002514548726,True,True,0.0377972751005522,-0.30002514632109545,5.567750930786133,0.9748836755752563,319.0,154.0,168.0,214.0,43,760000000
yolo_final_aisle_v3,16,2.0,-10.0,1.9999999999700744,-9.999999999166164,2.0377972750706266,-10.30002514548726,True,True,0.0377972751005522,-0.30002514632109545,5.335658073425293,0.9748836755752563,319.0,154.0,168.0,214.0,43,825000000
yolo_final_aisle_v3,16,2.0,-10.0,1.9999999999700744,-9.999999999166164,2.0377972750706266,-10.30002514548726,True,True,0.0377972751005522,-0.30002514632109545,5.251942157745361,0.9748836755752563,319.0,154.0,168.0,214.0,43,895000000
yolo_final_aisle_v3,16,2.0,-10.0,1.9999999999700744,-9.999999999166164,2.0377972750706266,-10.30002514548726,True,True,0.0377972751005522,-0.30002514632109545,5.989781856536865,0.9748836755752563,319.0,154.0,168.0,214.0,43,960000000
yolo_final_aisle_v3,16,2.0,-10.0,1.9999999999700744,-9.999999999166164,2.0377972750706266,-10.30002514548726,True,True,0.0377972751005522,-0.30002514632109545,5.316461086273193,0.9748836755752563,319.0,154.0,168.0,214.0,44,25000000
yolo_final_aisle_v3,16,2.0,-10.0,1.9999999999700744,-9.999999999166164,2.0377972750706266,-10.30002514548726,True,True,0.0377972751005522,-0.30002514632109545,6.719976902008057,0.9748836755752563,319.0,154.0,168.0,214.0,44,90000000
yolo_final_aisle_v3,16,2.0,-10.0,1.9999999999700744,-9.999999999166164,2.0377972750706266,-10.30002514548726,True,True,0.0377972751005522,-0.30002514632109545,7.592867851257324,0.9748836755752563,319.0,154.0,168.0,214.0,44,155000000
yolo_final_aisle_v3,16,2.0,-10.0,1.9999999999700744,-9.999999999166164,2.0377972750706266,-10.30002514548726,True,True,0.0377972751005522,-0.30002514632109545,5.379538059234619,0.9748836755752563,319.0,154.0,168.0,214.0,44,225000000
yolo_final_aisle_v3,16,2.0,-10.0,1.9999999999700744,-9.999999999166164,2.0377972750706266,-10.30002514548726,True,True,0.0377972751005522,-0.30002514632109545,6.54651403427124,0.9748836755752563,319.0,154.0,168.0,214.0,44,290000000
yolo_final_aisle_v3,16,2.0,-10.0,1.9999999999700744,-9.999999999166164,2.0377972750706266,-10.30002514548726,True,True,0.0377972751005522,-0.30002514632109545,7.715947151184082,0.9748836755752563,319.0,154.0,168.0,214.0,44,355000000
yolo_final_aisle_v3,16,2.0,-10.0,1.9999999999700744,-9.999999999166164,2.0377972750706266,-10.30002514548726,True,True,0.0377972751005522,-0.30002514632109545,7.997553825378418,0.9748836755752563,319.0,154.0,168.0,214.0,44,420000000
yolo_final_aisle_v3,16,2.0,-10.0,1.9999999999700744,-9.999999999166164,2.0377972750706266,-10.30002514548726,True,True,0.0377972751005522,-0.30002514632109545,6.851282119750977,0.9748836755752563,319.0,154.0,168.0,214.0,44,485000000
yolo_final_aisle_v3,16,2.0,-10.0,1.9999999999700744,-9.999999999166164,2.0377972750706266,-10.30002514548726,True,True,0.0377972751005522,-0.30002514632109545,7.599291801452637,0.9748836755752563,319.0,154.0,168.0,214.0,44,555000000
yolo_final_aisle_v3,16,2.0,-10.0,1.9999999999700744,-9.999999999166164,2.0377972750706266,-10.30002514548726,True,True,0.0377972751005522,-0.30002514632109545,7.456212043762207,0.9748836755752563,319.0,154.0,168.0,214.0,44,620000000
yolo_final_aisle_v3,16,2.0,-10.0,1.9999999999700744,-9.999999999166164,2.0377972750706266,-10.30002514548726,True,True,0.0377972751005522,-0.30002514632109545,5.526462078094482,0.9748836755752563,319.0,154.0,168.0,214.0,44,685000000
yolo_final_aisle_v3,16,2.0,-10.0,1.9999999999700744,-9.999999999166164,2.0377972750706266,-10.30002514548726,True,True,0.0377972751005522,-0.30002514632109545,5.278174877166748,0.9748836755752563,319.0,154.0,168.0,214.0,44,750000000
yolo_final_aisle_v3,16,2.0,-10.0,1.9999999999700744,-9.999999999166164,2.0377972750706266,-10.30002514548726,True,True,0.0377972751005522,-0.30002514632109545,5.254560947418213,0.9748836755752563,319.0,154.0,168.0,214.0,44,815000000
yolo_final_aisle_v3,16,2.0,-10.0,1.9999999999700744,-9.999999999166164,2.0377972750706266,-10.30002514548726,True,True,0.0377972751005522,-0.30002514632109545,7.577485084533691,0.9748836755752563,319.0,154.0,168.0,214.0,44,885000000
yolo_final_aisle_v3,16,2.0,-10.0,1.9999999999700744,-9.999999999166164,2.0377972750706266,-10.30002514548726,True,True,0.0377972751005522,-0.30002514632109545,6.016819000244141,0.9748836755752563,319.0,154.0,168.0,214.0,44,950000000
yolo_final_aisle_v3,16,2.0,-10.0,1.9999999999700744,-9.999999999166164,2.0377972750706266,-10.30002514548726,True,True,0.0377972751005522,-0.30002514632109545,7.14404821395874,0.9748836755752563,319.0,154.0,168.0,214.0,45,15000000
yolo_final_aisle_v3,16,2.0,-10.0,1.9999999999700744,-9.999999999166164,2.0377972750706266,-10.30002514548726,True,True,0.0377972751005522,-0.30002514632109545,7.14404821395874,0.9748836755752563,319.0,154.0,168.0,214.0,45,80000000
yolo_final_aisle_v3,16,2.0,-10.0,1.9999999999700744,-9.999999999166164,2.0377972750706266,-10.30002514548726,True,True,0.0377972751005522,-0.30002514632109545,5.142436981201172,0.9748836755752563,319.0,154.0,168.0,214.0,45,145000000
yolo_final_aisle_v3,16,2.0,-10.0,1.9999999999700744,-9.999999999166164,2.0377972750706266,-10.30002514548726,True,True,0.0377972751005522,-0.30002514632109545,5.247038841247559,0.9748836755752563,319.0,154.0,168.0,214.0,45,215000000
yolo_final_aisle_v3,17,2.0,0.0,2.0,0.0,2.0365650887976923,-0.04757966543849106,True,True,0.03656508879769227,-0.04757966543849106,6.142295837402344,0.9748836755752563,319.0,154.0,168.0,214.0,45,610000000
yolo_final_aisle_v3,17,2.0,0.0,2.0,0.0,2.0365650887976923,-0.04757966543849106,True,True,0.03656508879769227,-0.04757966543849106,7.562984943389893,0.9730957746505737,239.0,156.0,162.0,211.0,45,675000000
yolo_final_aisle_v3,17,2.0,0.0,2.0,0.0,2.0365650887976923,-0.04757966543849106,True,True,0.03656508879769227,-0.04757966543849106,5.660574913024902,0.9730957746505737,239.0,156.0,162.0,211.0,45,740000000
yolo_final_aisle_v3,17,2.0,0.0,2.0,0.0,2.0365650887976923,-0.04757966543849106,True,True,0.03656508879769227,-0.04757966543849106,8.301281929016113,0.9730957746505737,239.0,156.0,162.0,211.0,45,875000000
yolo_final_aisle_v3,17,2.0,0.0,2.0,0.0,2.0365650887976923,-0.04757966543849106,True,True,0.03656508879769227,-0.04757966543849106,8.301281929016113,0.9730957746505737,239.0,156.0,162.0,211.0,45,940000000
yolo_final_aisle_v3,17,2.0,0.0,2.0,0.0,2.0365650887976923,-0.04757966543849106,True,True,0.03656508879769227,-0.04757966543849106,5.291936874389648,0.9730957746505737,239.0,156.0,162.0,211.0,46,5000000
yolo_final_aisle_v3,17,2.0,0.0,2.0,0.0,2.0365650887976923,-0.04757966543849106,True,True,0.03656508879769227,-0.04757966543849106,5.665152072906494,0.9730957746505737,239.0,156.0,162.0,211.0,46,135000000
yolo_final_aisle_v3,17,2.0,0.0,2.0,0.0,2.0365650887976923,-0.04757966543849106,True,True,0.03656508879769227,-0.04757966543849106,5.665152072906494,0.9730957746505737,239.0,156.0,162.0,211.0,46,270000000
yolo_final_aisle_v3,17,2.0,0.0,2.0,0.0,2.0365650887976923,-0.04757966543849106,True,True,0.03656508879769227,-0.04757966543849106,5.795224189758301,0.9730957746505737,239.0,156.0,162.0,211.0,46,335000000
yolo_final_aisle_v3,17,2.0,0.0,2.0,0.0,2.0365650887976923,-0.04757966543849106,True,True,0.03656508879769227,-0.04757966543849106,6.373195171356201,0.9730957746505737,239.0,156.0,162.0,211.0,46,400000000
yolo_final_aisle_v3,17,2.0,0.0,2.0,0.0,2.0365650887976923,-0.04757966543849106,True,True,0.03656508879769227,-0.04757966543849106,7.646405220031738,0.9730957746505737,239.0,156.0,162.0,211.0,46,465000000
yolo_final_aisle_v3,17,2.0,0.0,2.0,0.0,2.0365650887976923,-0.04757966543849106,True,True,0.03656508879769227,-0.04757966543849106,8.754584312438965,0.9730957746505737,239.0,156.0,162.0,211.0,46,535000000
yolo_final_aisle_v3,17,2.0,0.0,2.0,0.0,2.0365650887976923,-0.04757966543849106,True,True,0.03656508879769227,-0.04757966543849106,5.9747772216796875,0.9730957746505737,239.0,156.0,162.0,211.0,46,600000000
yolo_final_aisle_v3,17,2.0,0.0,2.0,0.0,2.0365650887976923,-0.04757966543849106,True,True,0.03656508879769227,-0.04757966543849106,5.9747772216796875,0.9730957746505737,239.0,156.0,162.0,211.0,46,665000000
yolo_final_aisle_v3,17,2.0,0.0,2.0,0.0,2.0365650887976923,-0.04757966543849106,True,True,0.03656508879769227,-0.04757966543849106,7.677865028381348,0.9730957746505737,239.0,156.0,162.0,211.0,46,730000000
yolo_final_aisle_v3,17,2.0,0.0,2.0,0.0,2.0365650887976923,-0.04757966543849106,True,True,0.03656508879769227,-0.04757966543849106,7.4633870124816895,0.9730957746505737,239.0,156.0,162.0,211.0,46,795000000
yolo_final_aisle_v3,17,2.0,0.0,2.0,0.0,2.0365650887976923,-0.04757966543849106,True,True,0.03656508879769227,-0.04757966543849106,7.4307098388671875,0.9730957746505737,239.0,156.0,162.0,211.0,46,930000000
yolo_final_aisle_v3,17,2.0,0.0,2.0,0.0,2.0365650887976923,-0.04757966543849106,True,True,0.03656508879769227,-0.04757966543849106,7.950156211853027,0.9730957746505737,239.0,156.0,162.0,211.0,46,995000000
yolo_final_aisle_v3,17,2.0,0.0,2.0,0.0,2.0365650887976923,-0.04757966543849106,True,True,0.03656508879769227,-0.04757966543849106,7.950156211853027,0.9730957746505737,239.0,156.0,162.0,211.0,47,60000000
yolo_final_aisle_v3,17,2.0,0.0,2.0,0.0,2.0365650887976923,-0.04757966543849106,True,True,0.03656508879769227,-0.04757966543849106,5.258321762084961,0.9730957746505737,239.0,156.0,162.0,211.0,47,125000000
yolo_final_aisle_v3,17,2.0,0.0,2.0,0.0,2.0365650887976923,-0.04757966543849106,True,True,0.03656508879769227,-0.04757966543849106,7.29196310043335,0.9730957746505737,239.0,156.0,162.0,211.0,47,195000000
yolo_final_aisle_v3,17,2.0,0.0,2.0,0.0,2.0365650887976923,-0.04757966543849106,True,True,0.03656508879769227,-0.04757966543849106,5.253008842468262,0.9730957746505737,239.0,156.0,162.0,211.0,47,260000000
yolo_final_aisle_v3,17,2.0,0.0,2.0,0.0,2.0365650887976923,-0.04757966543849106,True,True,0.03656508879769227,-0.04757966543849106,5.2478861808776855,0.9730957746505737,239.0,156.0,162.0,211.0,47,325000000
yolo_final_aisle_v3,17,2.0,0.0,2.0,0.0,2.0365650887976923,-0.04757966543849106,True,True,0.03656508879769227,-0.04757966543849106,5.110946178436279,0.9730957746505737,239.0,156.0,162.0,211.0,47,390000000
yolo_final_aisle_v3,17,2.0,0.0,2.0,0.0,2.0365650887976923,-0.04757966543849106,True,True,0.03656508879769227,-0.04757966543849106,5.299997806549072,0.9730957746505737,239.0,156.0,162.0,211.0,47,455000000
yolo_final_aisle_v3,17,2.0,0.0,2.0,0.0,2.0365650887976923,-0.04757966543849106,True,True,0.03656508879769227,-0.04757966543849106,5.074428081512451,0.9730957746505737,239.0,156.0,162.0,211.0,47,590000000
yolo_final_aisle_v3,17,2.0,0.0,2.0,0.0,2.0365650887976923,-0.04757966543849106,True,True,0.03656508879769227,-0.04757966543849106,5.607025146484375,0.9730957746505737,239.0,156.0,162.0,211.0,47,720000000
yolo_final_aisle_v3,17,2.0,0.0,2.0,0.0,2.0365650887976923,-0.04757966543849106,True,True,0.03656508879769227,-0.04757966543849106,7.72415018081665,0.9730957746505737,239.0,156.0,162.0,211.0,47,785000000
yolo_final_aisle_v3,17,2.0,0.0,2.0,0.0,2.0365650887976923,-0.04757966543849106,True,True,0.03656508879769227,-0.04757966543849106,5.694001197814941,0.9730957746505737,239.0,156.0,162.0,211.0,47,920000000
yolo_final_aisle_v3,17,2.0,0.0,2.0,0.0,2.0365650887976923,-0.04757966543849106,True,True,0.03656508879769227,-0.04757966543849106,5.4921088218688965,0.9730957746505737,239.0,156.0,162.0,211.0,47,985000000
yolo_final_aisle_v3,18,2.0,10.0,1.9999999999700744,9.999999999166166,2.0338505023402575,10.043366964551431,True,True,0.033850502370183166,0.04336696538526574,8.197128295898438,0.9730957746505737,239.0,156.0,162.0,211.0,48,515000000
yolo_final_aisle_v3,18,2.0,10.0,1.9999999999700744,9.999999999166166,2.0338505023402575,10.043366964551431,True,True,0.033850502370183166,0.04336696538526574,5.050537109375,0.9737585783004761,156.0,154.0,164.0,214.0,48,580000000
yolo_final_aisle_v3,18,2.0,10.0,1.9999999999700744,9.999999999166166,2.0338505023402575,10.043366964551431,True,True,0.033850502370183166,0.04336696538526574,5.786197185516357,0.9737585783004761,156.0,154.0,164.0,214.0,48,645000000
yolo_final_aisle_v3,18,2.0,10.0,1.9999999999700744,9.999999999166166,2.0338505023402575,10.043366964551431,True,True,0.033850502370183166,0.04336696538526574,5.120512962341309,0.9737585783004761,156.0,154.0,164.0,214.0,48,710000000
yolo_final_aisle_v3,18,2.0,10.0,1.9999999999700744,9.999999999166166,2.0338505023402575,10.043366964551431,True,True,0.033850502370183166,0.04336696538526574,5.8643269538879395,0.9737585783004761,156.0,154.0,164.0,214.0,48,775000000
yolo_final_aisle_v3,18,2.0,10.0,1.9999999999700744,9.999999999166166,2.0338505023402575,10.043366964551431,True,True,0.033850502370183166,0.04336696538526574,5.8643269538879395,0.9737585783004761,156.0,154.0,164.0,214.0,48,845000000
yolo_final_aisle_v3,18,2.0,10.0,1.9999999999700744,9.999999999166166,2.0338505023402575,10.043366964551431,True,True,0.033850502370183166,0.04336696538526574,5.649779796600342,0.9737585783004761,156.0,154.0,164.0,214.0,48,910000000
yolo_final_aisle_v3,18,2.0,10.0,1.9999999999700744,9.999999999166166,2.0338505023402575,10.043366964551431,True,True,0.033850502370183166,0.04336696538526574,5.542572021484375,0.9737585783004761,156.0,154.0,164.0,214.0,48,975000000
yolo_final_aisle_v3,18,2.0,10.0,1.9999999999700744,9.999999999166166,2.0338505023402575,10.043366964551431,True,True,0.033850502370183166,0.04336696538526574,5.542572021484375,0.9737585783004761,156.0,154.0,164.0,214.0,49,40000000
yolo_final_aisle_v3,18,2.0,10.0,1.9999999999700744,9.999999999166166,2.0338505023402575,10.043366964551431,True,True,0.033850502370183166,0.04336696538526574,5.232690811157227,0.9737585783004761,156.0,154.0,164.0,214.0,49,105000000
yolo_final_aisle_v3,18,2.0,10.0,1.9999999999700744,9.999999999166166,2.0338505023402575,10.043366964551431,True,True,0.033850502370183166,0.04336696538526574,5.584050178527832,0.9737585783004761,156.0,154.0,164.0,214.0,49,175000000
yolo_final_aisle_v3,18,2.0,10.0,1.9999999999700744,9.999999999166166,2.0338505023402575,10.043366964551431,True,True,0.033850502370183166,0.04336696538526574,6.456340789794922,0.9737585783004761,156.0,154.0,164.0,214.0,49,305000000
yolo_final_aisle_v3,18,2.0,10.0,1.9999999999700744,9.999999999166166,2.0338505023402575,10.043366964551431,True,True,0.033850502370183166,0.04336696538526574,8.079293251037598,0.9737585783004761,156.0,154.0,164.0,214.0,49,370000000
yolo_final_aisle_v3,18,2.0,10.0,1.9999999999700744,9.999999999166166,2.0338505023402575,10.043366964551431,True,True,0.033850502370183166,0.04336696538526574,7.58268404006958,0.9737585783004761,156.0,154.0,164.0,214.0,49,435000000
yolo_final_aisle_v3,18,2.0,10.0,1.9999999999700744,9.999999999166166,2.0338505023402575,10.043366964551431,True,True,0.033850502370183166,0.04336696538526574,6.239051818847656,0.9737585783004761,156.0,154.0,164.0,214.0,49,505000000
yolo_final_aisle_v3,18,2.0,10.0,1.9999999999700744,9.999999999166166,2.0338505023402575,10.043366964551431,True,True,0.033850502370183166,0.04336696538526574,7.983953952789307,0.9737585783004761,156.0,154.0,164.0,214.0,49,570000000
yolo_final_aisle_v3,18,2.0,10.0,1.9999999999700744,9.999999999166166,2.0338505023402575,10.043366964551431,True,True,0.033850502370183166,0.04336696538526574,7.425617218017578,0.9737585783004761,156.0,154.0,164.0,214.0,49,635000000
yolo_final_aisle_v3,18,2.0,10.0,1.9999999999700744,9.999999999166166,2.0338505023402575,10.043366964551431,True,True,0.033850502370183166,0.04336696538526574,7.603869915008545,0.9737585783004761,156.0,154.0,164.0,214.0,49,700000000
yolo_final_aisle_v3,18,2.0,10.0,1.9999999999700744,9.999999999166166,2.0338505023402575,10.043366964551431,True,True,0.033850502370183166,0.04336696538526574,5.676578044891357,0.9737585783004761,156.0,154.0,164.0,214.0,49,765000000
yolo_final_aisle_v3,18,2.0,10.0,1.9999999999700744,9.999999999166166,2.0338505023402575,10.043366964551431,True,True,0.033850502370183166,0.04336696538526574,7.598776817321777,0.9737585783004761,156.0,154.0,164.0,214.0,49,835000000
yolo_final_aisle_v3,18,2.0,10.0,1.9999999999700744,9.999999999166166,2.0338505023402575,10.043366964551431,True,True,0.033850502370183166,0.04336696538526574,8.539118766784668,0.9737585783004761,156.0,154.0,164.0,214.0,49,900000000
yolo_final_aisle_v3,18,2.0,10.0,1.9999999999700744,9.999999999166166,2.0338505023402575,10.043366964551431,True,True,0.033850502370183166,0.04336696538526574,5.538344860076904,0.9737585783004761,156.0,154.0,164.0,214.0,49,965000000
yolo_final_aisle_v3,18,2.0,10.0,1.9999999999700744,9.999999999166166,2.0338505023402575,10.043366964551431,True,True,0.033850502370183166,0.04336696538526574,5.366179943084717,0.9737585783004761,156.0,154.0,164.0,214.0,50,30000000
yolo_final_aisle_v3,18,2.0,10.0,1.9999999999700744,9.999999999166166,2.0338505023402575,10.043366964551431,True,True,0.033850502370183166,0.04336696538526574,5.3661580085754395,0.9737585783004761,156.0,154.0,164.0,214.0,50,95000000
yolo_final_aisle_v3,18,2.0,10.0,1.9999999999700744,9.999999999166166,2.0338505023402575,10.043366964551431,True,True,0.033850502370183166,0.04336696538526574,5.205053806304932,0.9737585783004761,156.0,154.0,164.0,214.0,50,165000000
yolo_final_aisle_v3,18,2.0,10.0,1.9999999999700744,9.999999999166166,2.0338505023402575,10.043366964551431,True,True,0.033850502370183166,0.04336696538526574,6.001995086669922,0.9737585783004761,156.0,154.0,164.0,214.0,50,230000000
yolo_final_aisle_v3,18,2.0,10.0,1.9999999999700744,9.999999999166166,2.0338505023402575,10.043366964551431,True,True,0.033850502370183166,0.04336696538526574,5.5921220779418945,0.9737585783004761,156.0,154.0,164.0,214.0,50,360000000
yolo_final_aisle_v3,18,2.0,10.0,1.9999999999700744,9.999999999166166,2.0338505023402575,10.043366964551431,True,True,0.033850502370183166,0.04336696538526574,5.5921220779418945,0.9737585783004761,156.0,154.0,164.0,214.0,50,425000000
yolo_final_aisle_v3,18,2.0,10.0,1.9999999999700744,9.999999999166166,2.0338505023402575,10.043366964551431,True,True,0.033850502370183166,0.04336696538526574,5.15648889541626,0.9737585783004761,156.0,154.0,164.0,214.0,50,495000000
yolo_final_aisle_v3,18,2.0,10.0,1.9999999999700744,9.999999999166166,2.0338505023402575,10.043366964551431,True,True,0.033850502370183166,0.04336696538526574,6.088613986968994,0.9737585783004761,156.0,154.0,164.0,214.0,50,560000000
yolo_final_aisle_v3,19,2.0,20.0,2.000000000419004,19.999999997114603,2.0201417900944367,20.075117236433922,True,True,0.020141789675432786,0.07511723931931868,7.511618137359619,0.9737157821655273,65.0,149.0,174.0,226.0,51,85000000
yolo_final_aisle_v3,19,2.0,20.0,2.000000000419004,19.999999997114603,2.0201417900944367,20.075117236433922,True,True,0.020141789675432786,0.07511723931931868,5.300745010375977,0.9737157821655273,65.0,149.0,174.0,226.0,51,155000000
yolo_final_aisle_v3,19,2.0,20.0,2.000000000419004,19.999999997114603,2.0201417900944367,20.075117236433922,True,True,0.020141789675432786,0.07511723931931868,5.393689155578613,0.9737157821655273,65.0,149.0,174.0,226.0,51,220000000
yolo_final_aisle_v3,19,2.0,20.0,2.000000000419004,19.999999997114603,2.0201417900944367,20.075117236433922,True,True,0.020141789675432786,0.07511723931931868,5.393689155578613,0.9737157821655273,65.0,149.0,174.0,226.0,51,285000000
yolo_final_aisle_v3,19,2.0,20.0,2.000000000419004,19.999999997114603,2.0201417900944367,20.075117236433922,True,True,0.020141789675432786,0.07511723931931868,5.320198059082031,0.9737157821655273,65.0,149.0,174.0,226.0,51,350000000
yolo_final_aisle_v3,19,2.0,20.0,2.000000000419004,19.999999997114603,2.0201417900944367,20.075117236433922,True,True,0.020141789675432786,0.07511723931931868,5.299675941467285,0.9737157821655273,65.0,149.0,174.0,226.0,51,415000000
yolo_final_aisle_v3,19,2.0,20.0,2.000000000419004,19.999999997114603,2.0201417900944367,20.075117236433922,True,True,0.020141789675432786,0.07511723931931868,5.165219783782959,0.9737157821655273,65.0,149.0,174.0,226.0,51,485000000
yolo_final_aisle_v3,19,2.0,20.0,2.000000000419004,19.999999997114603,2.0201417900944367,20.075117236433922,True,True,0.020141789675432786,0.07511723931931868,5.165219783782959,0.9737157821655273,65.0,149.0,174.0,226.0,51,550000000
yolo_final_aisle_v3,19,2.0,20.0,2.000000000419004,19.999999997114603,2.0201417900944367,20.075117236433922,True,True,0.020141789675432786,0.07511723931931868,5.355628967285156,0.9737157821655273,65.0,149.0,174.0,226.0,51,615000000
yolo_final_aisle_v3,19,2.0,20.0,2.000000000419004,19.999999997114603,2.0201417900944367,20.075117236433922,True,True,0.020141789675432786,0.07511723931931868,5.698838233947754,0.9737157821655273,65.0,149.0,174.0,226.0,51,680000000
yolo_final_aisle_v3,19,2.0,20.0,2.000000000419004,19.999999997114603,2.0201417900944367,20.075117236433922,True,True,0.020141789675432786,0.07511723931931868,5.23926305770874,0.9737157821655273,65.0,149.0,174.0,226.0,51,745000000
yolo_final_aisle_v3,19,2.0,20.0,2.000000000419004,19.999999997114603,2.0201417900944367,20.075117236433922,True,True,0.020141789675432786,0.07511723931931868,5.321033954620361,0.9737157821655273,65.0,149.0,174.0,226.0,51,815000000
yolo_final_aisle_v3,19,2.0,20.0,2.000000000419004,19.999999997114603,2.0201417900944367,20.075117236433922,True,True,0.020141789675432786,0.07511723931931868,8.174919128417969,0.9737157821655273,65.0,149.0,174.0,226.0,51,880000000
yolo_final_aisle_v3,19,2.0,20.0,2.000000000419004,19.999999997114603,2.0201417900944367,20.075117236433922,True,True,0.020141789675432786,0.07511723931931868,5.487295150756836,0.9737157821655273,65.0,149.0,174.0,226.0,51,945000000
yolo_final_aisle_v3,19,2.0,20.0,2.000000000419004,19.999999997114603,2.0201417900944367,20.075117236433922,True,True,0.020141789675432786,0.07511723931931868,7.030567169189453,0.9737157821655273,65.0,149.0,174.0,226.0,52,10000000
yolo_final_aisle_v3,19,2.0,20.0,2.000000000419004,19.999999997114603,2.0201417900944367,20.075117236433922,True,True,0.020141789675432786,0.07511723931931868,7.817944049835205,0.9737157821655273,65.0,149.0,174.0,226.0,52,75000000
yolo_final_aisle_v3,19,2.0,20.0,2.000000000419004,19.999999997114603,2.0201417900944367,20.075117236433922,True,True,0.020141789675432786,0.07511723931931868,6.8272199630737305,0.9737157821655273,65.0,149.0,174.0,226.0,52,210000000
yolo_final_aisle_v3,19,2.0,20.0,2.000000000419004,19.999999997114603,2.0201417900944367,20.075117236433922,True,True,0.020141789675432786,0.07511723931931868,8.058259010314941,0.9737157821655273,65.0,149.0,174.0,226.0,52,275000000
yolo_final_aisle_v3,19,2.0,20.0,2.000000000419004,19.999999997114603,2.0201417900944367,20.075117236433922,True,True,0.020141789675432786,0.07511723931931868,10.663599014282227,0.9737157821655273,65.0,149.0,174.0,226.0,52,340000000
yolo_final_aisle_v3,19,2.0,20.0,2.000000000419004,19.999999997114603,2.0201417900944367,20.075117236433922,True,True,0.020141789675432786,0.07511723931931868,7.293929100036621,0.9737157821655273,65.0,149.0,174.0,226.0,52,405000000
yolo_final_aisle_v3,19,2.0,20.0,2.000000000419004,19.999999997114603,2.0201417900944367,20.075117236433922,True,True,0.020141789675432786,0.07511723931931868,7.763129234313965,0.9737157821655273,65.0,149.0,174.0,226.0,52,475000000
yolo_final_aisle_v3,19,2.0,20.0,2.000000000419004,19.999999997114603,2.0201417900944367,20.075117236433922,True,True,0.020141789675432786,0.07511723931931868,7.381746768951416,0.9737157821655273,65.0,149.0,174.0,226.0,52,540000000
yolo_final_aisle_v3,19,2.0,20.0,2.000000000419004,19.999999997114603,2.0201417900944367,20.075117236433922,True,True,0.020141789675432786,0.07511723931931868,7.381746768951416,0.9737157821655273,65.0,149.0,174.0,226.0,52,605000000
yolo_final_aisle_v3,19,2.0,20.0,2.000000000419004,19.999999997114603,2.0201417900944367,20.075117236433922,True,True,0.020141789675432786,0.07511723931931868,6.242000102996826,0.9737157821655273,65.0,149.0,174.0,226.0,52,670000000
yolo_final_aisle_v3,19,2.0,20.0,2.000000000419004,19.999999997114603,2.0201417900944367,20.075117236433922,True,True,0.020141789675432786,0.07511723931931868,5.142284870147705,0.9737157821655273,65.0,149.0,174.0,226.0,52,735000000
yolo_final_aisle_v3,19,2.0,20.0,2.000000000419004,19.999999997114603,2.0201417900944367,20.075117236433922,True,True,0.020141789675432786,0.07511723931931868,7.590043067932129,0.9737157821655273,65.0,149.0,174.0,226.0,52,805000000
yolo_final_aisle_v3,19,2.0,20.0,2.000000000419004,19.999999997114603,2.0201417900944367,20.075117236433922,True,True,0.020141789675432786,0.07511723931931868,9.402868270874023,0.9737157821655273,65.0,149.0,174.0,226.0,52,870000000
yolo_final_aisle_v3,19,2.0,20.0,2.000000000419004,19.999999997114603,2.0201417900944367,20.075117236433922,True,True,0.020141789675432786,0.07511723931931868,9.402868270874023,0.9737157821655273,65.0,149.0,174.0,226.0,52,935000000
yolo_final_aisle_v3,19,2.0,20.0,2.000000000419004,19.999999997114603,2.0201417900944367,20.075117236433922,True,True,0.020141789675432786,0.07511723931931868,5.157656192779541,0.9737157821655273,65.0,149.0,174.0,226.0,53,0
yolo_final_aisle_v3,19,2.0,20.0,2.000000000419004,19.999999997114603,2.0201417900944367,20.075117236433922,True,True,0.020141789675432786,0.07511723931931868,5.2136030197143555,0.9737157821655273,65.0,149.0,174.0,226.0,53,65000000
yolo_final_aisle_v3,20,2.0,30.0,2.0000000003733627,29.999999993824634,1.9875416449371464,28.137897570843695,True,False,-0.012458355436216317,-1.8621024229809393,9.710343360900879,0.9742384552955627,0.0,142.0,150.0,245.0,53,530000000
yolo_final_aisle_v3,20,2.0,30.0,2.0000000003733627,29.999999993824634,1.9875416449371464,28.137897570843695,True,False,-0.012458355436216317,-1.8621024229809393,8.124842643737793,0.9742384552955627,0.0,142.0,150.0,245.0,53,595000000
yolo_final_aisle_v3,20,2.0,30.0,2.0000000003733627,29.999999993824634,1.9875416449371464,28.137897570843695,True,False,-0.012458355436216317,-1.8621024229809393,7.494943141937256,0.9742384552955627,0.0,142.0,150.0,245.0,53,660000000
yolo_final_aisle_v3,20,2.0,30.0,2.0000000003733627,29.999999993824634,1.9875416449371464,28.137897570843695,True,False,-0.012458355436216317,-1.8621024229809393,5.522004127502441,0.9742384552955627,0.0,142.0,150.0,245.0,53,725000000
yolo_final_aisle_v3,20,2.0,30.0,2.0000000003733627,29.999999993824634,1.9875416449371464,28.137897570843695,True,False,-0.012458355436216317,-1.8621024229809393,7.391164779663086,0.9742384552955627,0.0,142.0,150.0,245.0,53,795000000
yolo_final_aisle_v3,20,2.0,30.0,2.0000000003733627,29.999999993824634,1.9875416449371464,28.137897570843695,True,False,-0.012458355436216317,-1.8621024229809393,5.329720973968506,0.9742384552955627,0.0,142.0,150.0,245.0,53,860000000
yolo_final_aisle_v3,20,2.0,30.0,2.0000000003733627,29.999999993824634,1.9875416449371464,28.137897570843695,True,False,-0.012458355436216317,-1.8621024229809393,5.362821102142334,0.9742384552955627,0.0,142.0,150.0,245.0,53,925000000
yolo_final_aisle_v3,20,2.0,30.0,2.0000000003733627,29.999999993824634,1.9875416449371464,28.137897570843695,True,False,-0.012458355436216317,-1.8621024229809393,5.421932220458984,0.9742384552955627,0.0,142.0,150.0,245.0,54,55000000
yolo_final_aisle_v3,20,2.0,30.0,2.0000000003733627,29.999999993824634,1.9875416449371464,28.137897570843695,True,False,-0.012458355436216317,-1.8621024229809393,5.4349541664123535,0.9742384552955627,0.0,142.0,150.0,245.0,54,125000000
yolo_final_aisle_v3,20,2.0,30.0,2.0000000003733627,29.999999993824634,1.9875416449371464,28.137897570843695,True,False,-0.012458355436216317,-1.8621024229809393,5.4349541664123535,0.9742384552955627,0.0,142.0,150.0,245.0,54,190000000
yolo_final_aisle_v3,20,2.0,30.0,2.0000000003733627,29.999999993824634,1.9875416449371464,28.137897570843695,True,False,-0.012458355436216317,-1.8621024229809393,6.230477809906006,0.9742384552955627,0.0,142.0,150.0,245.0,54,255000000
yolo_final_aisle_v3,20,2.0,30.0,2.0000000003733627,29.999999993824634,1.9875416449371464,28.137897570843695,True,False,-0.012458355436216317,-1.8621024229809393,8.093406677246094,0.9742384552955627,0.0,142.0,150.0,245.0,54,320000000
yolo_final_aisle_v3,20,2.0,30.0,2.0000000003733627,29.999999993824634,1.9875416449371464,28.137897570843695,True,False,-0.012458355436216317,-1.8621024229809393,8.093406677246094,0.9742384552955627,0.0,142.0,150.0,245.0,54,385000000
yolo_final_aisle_v3,20,2.0,30.0,2.0000000003733627,29.999999993824634,1.9875416449371464,28.137897570843695,True,False,-0.012458355436216317,-1.8621024229809393,5.288695812225342,0.9742384552955627,0.0,142.0,150.0,245.0,54,455000000
yolo_final_aisle_v3,20,2.0,30.0,2.0000000003733627,29.999999993824634,1.9875416449371464,28.137897570843695,True,False,-0.012458355436216317,-1.8621024229809393,5.288695812225342,0.9742384552955627,0.0,142.0,150.0,245.0,54,520000000
yolo_final_aisle_v3,20,2.0,30.0,2.0000000003733627,29.999999993824634,1.9875416449371464,28.137897570843695,True,False,-0.012458355436216317,-1.8621024229809393,5.580872058868408,0.9742384552955627,0.0,142.0,150.0,245.0,54,585000000
yolo_final_aisle_v3,20,2.0,30.0,2.0000000003733627,29.999999993824634,1.9875416449371464,28.137897570843695,True,False,-0.012458355436216317,-1.8621024229809393,7.359041213989258,0.9742384552955627,0.0,142.0,150.0,245.0,54,650000000
yolo_final_aisle_v3,20,2.0,30.0,2.0000000003733627,29.999999993824634,1.9875416449371464,28.137897570843695,True,False,-0.012458355436216317,-1.8621024229809393,7.626262187957764,0.9742384552955627,0.0,142.0,150.0,245.0,54,715000000
yolo_final_aisle_v3,20,2.0,30.0,2.0000000003733627,29.999999993824634,1.9875416449371464,28.137897570843695,True,False,-0.012458355436216317,-1.8621024229809393,5.668845176696777,0.9742384552955627,0.0,142.0,150.0,245.0,54,785000000
yolo_final_aisle_v3,20,2.0,30.0,2.0000000003733627,29.999999993824634,1.9875416449371464,28.137897570843695,True,False,-0.012458355436216317,-1.8621024229809393,7.404872894287109,0.9742384552955627,0.0,142.0,150.0,245.0,54,850000000
yolo_final_aisle_v3,20,2.0,30.0,2.0000000003733627,29.999999993824634,1.9875416449371464,28.137897570843695,True,False,-0.012458355436216317,-1.8621024229809393,7.813480854034424,0.9742384552955627,0.0,142.0,150.0,245.0,54,915000000
yolo_final_aisle_v3,20,2.0,30.0,2.0000000003733627,29.999999993824634,1.9875416449371464,28.137897570843695,True,False,-0.012458355436216317,-1.8621024229809393,7.302244186401367,0.9742384552955627,0.0,142.0,150.0,245.0,54,980000000
yolo_final_aisle_v3,20,2.0,30.0,2.0000000003733627,29.999999993824634,1.9875416449371464,28.137897570843695,True,False,-0.012458355436216317,-1.8621024229809393,5.230616092681885,0.9742384552955627,0.0,142.0,150.0,245.0,55,45000000
yolo_final_aisle_v3,20,2.0,30.0,2.0000000003733627,29.999999993824634,1.9875416449371464,28.137897570843695,True,False,-0.012458355436216317,-1.8621024229809393,7.875409126281738,0.9742384552955627,0.0,142.0,150.0,245.0,55,115000000
yolo_final_aisle_v3,20,2.0,30.0,2.0000000003733627,29.999999993824634,1.9875416449371464,28.137897570843695,True,False,-0.012458355436216317,-1.8621024229809393,7.33376407623291,0.9742384552955627,0.0,142.0,150.0,245.0,55,180000000
yolo_final_aisle_v3,20,2.0,30.0,2.0000000003733627,29.999999993824634,1.9875416449371464,28.137897570843695,True,False,-0.012458355436216317,-1.8621024229809393,7.33376407623291,0.9742384552955627,0.0,142.0,150.0,245.0,55,245000000
yolo_final_aisle_v3,20,2.0,30.0,2.0000000003733627,29.999999993824634,1.9875416449371464,28.137897570843695,True,False,-0.012458355436216317,-1.8621024229809393,5.133225917816162,0.9742384552955627,0.0,142.0,150.0,245.0,55,310000000
yolo_final_aisle_v3,20,2.0,30.0,2.0000000003733627,29.999999993824634,1.9875416449371464,28.137897570843695,True,False,-0.012458355436216317,-1.8621024229809393,5.133225917816162,0.9742384552955627,0.0,142.0,150.0,245.0,55,375000000
yolo_final_aisle_v3,20,2.0,30.0,2.0000000003733627,29.999999993824634,1.9875416449371464,28.137897570843695,True,False,-0.012458355436216317,-1.8621024229809393,5.105699062347412,0.9742384552955627,0.0,142.0,150.0,245.0,55,510000000
yolo_final_aisle_v3,20,2.0,30.0,2.0000000003733627,29.999999993824634,1.9875416449371464,28.137897570843695,True,False,-0.012458355436216317,-1.8621024229809393,5.507228851318359,0.9742384552955627,0.0,142.0,150.0,245.0,55,575000000
yolo_final_aisle_v3,21,3.0,-30.0,2.999999999694019,-30.000000003373923,3.0051765605751277,-29.593218178827126,True,False,0.005176560881108738,0.40678182454679757,7.556619167327881,0.9713582396507263,518.0,175.0,122.0,161.0,56,235000000
yolo_final_aisle_v3,21,3.0,-30.0,2.999999999694019,-30.000000003373923,3.0051765605751277,-29.593218178827126,True,False,0.005176560881108738,0.40678182454679757,7.556619167327881,0.9713582396507263,518.0,175.0,122.0,161.0,56,300000000
yolo_final_aisle_v3,21,3.0,-30.0,2.999999999694019,-30.000000003373923,3.0051765605751277,-29.593218178827126,True,False,0.005176560881108738,0.40678182454679757,5.405942916870117,0.9713582396507263,518.0,175.0,122.0,161.0,56,365000000
yolo_final_aisle_v3,21,3.0,-30.0,2.999999999694019,-30.000000003373923,3.0051765605751277,-29.593218178827126,True,False,0.005176560881108738,0.40678182454679757,8.544573783874512,0.9713582396507263,518.0,175.0,122.0,161.0,56,435000000
yolo_final_aisle_v3,21,3.0,-30.0,2.999999999694019,-30.000000003373923,3.0051765605751277,-29.593218178827126,True,False,0.005176560881108738,0.40678182454679757,8.544573783874512,0.9713582396507263,518.0,175.0,122.0,161.0,56,500000000
yolo_final_aisle_v3,21,3.0,-30.0,2.999999999694019,-30.000000003373923,3.0051765605751277,-29.593218178827126,True,False,0.005176560881108738,0.40678182454679757,5.970078945159912,0.9713582396507263,518.0,175.0,122.0,161.0,56,565000000
yolo_final_aisle_v3,21,3.0,-30.0,2.999999999694019,-30.000000003373923,3.0051765605751277,-29.593218178827126,True,False,0.005176560881108738,0.40678182454679757,5.229564189910889,0.9713582396507263,518.0,175.0,122.0,161.0,56,630000000
yolo_final_aisle_v3,21,3.0,-30.0,2.999999999694019,-30.000000003373923,3.0051765605751277,-29.593218178827126,True,False,0.005176560881108738,0.40678182454679757,5.321706771850586,0.9713582396507263,518.0,175.0,122.0,161.0,56,765000000
yolo_final_aisle_v3,21,3.0,-30.0,2.999999999694019,-30.000000003373923,3.0051765605751277,-29.593218178827126,True,False,0.005176560881108738,0.40678182454679757,5.326198101043701,0.9713582396507263,518.0,175.0,122.0,161.0,56,830000000
yolo_final_aisle_v3,21,3.0,-30.0,2.999999999694019,-30.000000003373923,3.0051765605751277,-29.593218178827126,True,False,0.005176560881108738,0.40678182454679757,5.326198101043701,0.9713582396507263,518.0,175.0,122.0,161.0,56,895000000
yolo_final_aisle_v3,21,3.0,-30.0,2.999999999694019,-30.000000003373923,3.0051765605751277,-29.593218178827126,True,False,0.005176560881108738,0.40678182454679757,5.6108198165893555,0.9713582396507263,518.0,175.0,122.0,161.0,56,960000000
yolo_final_aisle_v3,21,3.0,-30.0,2.999999999694019,-30.000000003373923,3.0051765605751277,-29.593218178827126,True,False,0.005176560881108738,0.40678182454679757,7.936892986297607,0.9713582396507263,518.0,175.0,122.0,161.0,57,25000000
yolo_final_aisle_v3,21,3.0,-30.0,2.999999999694019,-30.000000003373923,3.0051765605751277,-29.593218178827126,True,False,0.005176560881108738,0.40678182454679757,5.297842025756836,0.9713582396507263,518.0,175.0,122.0,161.0,57,95000000
yolo_final_aisle_v3,21,3.0,-30.0,2.999999999694019,-30.000000003373923,3.0051765605751277,-29.593218178827126,True,False,0.005176560881108738,0.40678182454679757,5.292665004730225,0.9713582396507263,518.0,175.0,122.0,161.0,57,160000000
yolo_final_aisle_v3,21,3.0,-30.0,2.999999999694019,-30.000000003373923,3.0051765605751277,-29.593218178827126,True,False,0.005176560881108738,0.40678182454679757,7.023713111877441,0.9713582396507263,518.0,175.0,122.0,161.0,57,290000000
yolo_final_aisle_v3,21,3.0,-30.0,2.999999999694019,-30.000000003373923,3.0051765605751277,-29.593218178827126,True,False,0.005176560881108738,0.40678182454679757,5.420266151428223,0.9713582396507263,518.0,175.0,122.0,161.0,57,425000000
yolo_final_aisle_v3,21,3.0,-30.0,2.999999999694019,-30.000000003373923,3.0051765605751277,-29.593218178827126,True,False,0.005176560881108738,0.40678182454679757,7.62418794631958,0.9713582396507263,518.0,175.0,122.0,161.0,57,555000000
yolo_final_aisle_v3,21,3.0,-30.0,2.999999999694019,-30.000000003373923,3.0051765605751277,-29.593218178827126,True,False,0.005176560881108738,0.40678182454679757,7.62418794631958,0.9713582396507263,518.0,175.0,122.0,161.0,57,685000000
yolo_final_aisle_v3,21,3.0,-30.0,2.999999999694019,-30.000000003373923,3.0051765605751277,-29.593218178827126,True,False,0.005176560881108738,0.40678182454679757,7.885796070098877,0.9713582396507263,518.0,175.0,122.0,161.0,57,755000000
yolo_final_aisle_v3,21,3.0,-30.0,2.999999999694019,-30.000000003373923,3.0051765605751277,-29.593218178827126,True,False,0.005176560881108738,0.40678182454679757,5.807300090789795,0.9713582396507263,518.0,175.0,122.0,161.0,57,820000000
yolo_final_aisle_v3,21,3.0,-30.0,2.999999999694019,-30.000000003373923,3.0051765605751277,-29.593218178827126,True,False,0.005176560881108738,0.40678182454679757,5.807300090789795,0.9713582396507263,518.0,175.0,122.0,161.0,57,885000000
yolo_final_aisle_v3,21,3.0,-30.0,2.999999999694019,-30.000000003373923,3.0051765605751277,-29.593218178827126,True,False,0.005176560881108738,0.40678182454679757,5.440917015075684,0.9713582396507263,518.0,175.0,122.0,161.0,57,950000000
yolo_final_aisle_v3,21,3.0,-30.0,2.999999999694019,-30.000000003373923,3.0051765605751277,-29.593218178827126,True,False,0.005176560881108738,0.40678182454679757,5.460754871368408,0.9713582396507263,518.0,175.0,122.0,161.0,58,15000000
yolo_final_aisle_v3,21,3.0,-30.0,2.999999999694019,-30.000000003373923,3.0051765605751277,-29.593218178827126,True,False,0.005176560881108738,0.40678182454679757,7.565780162811279,0.9713582396507263,518.0,175.0,122.0,161.0,58,85000000
yolo_final_aisle_v3,21,3.0,-30.0,2.999999999694019,-30.000000003373923,3.0051765605751277,-29.593218178827126,True,False,0.005176560881108738,0.40678182454679757,7.995724201202393,0.9713582396507263,518.0,175.0,122.0,161.0,58,150000000
yolo_final_aisle_v3,21,3.0,-30.0,2.999999999694019,-30.000000003373923,3.0051765605751277,-29.593218178827126,True,False,0.005176560881108738,0.40678182454679757,5.437151908874512,0.9713582396507263,518.0,175.0,122.0,161.0,58,215000000
yolo_final_aisle_v3,21,3.0,-30.0,2.999999999694019,-30.000000003373923,3.0051765605751277,-29.593218178827126,True,False,0.005176560881108738,0.40678182454679757,5.437151908874512,0.9713582396507263,518.0,175.0,122.0,161.0,58,280000000
yolo_final_aisle_v3,21,3.0,-30.0,2.999999999694019,-30.000000003373923,3.0051765605751277,-29.593218178827126,True,False,0.005176560881108738,0.40678182454679757,5.564023971557617,0.9713582396507263,518.0,175.0,122.0,161.0,58,345000000
yolo_final_aisle_v3,21,3.0,-30.0,2.999999999694019,-30.000000003373923,3.0051765605751277,-29.593218178827126,True,False,0.005176560881108738,0.40678182454679757,5.120194911956787,0.9713582396507263,518.0,175.0,122.0,161.0,58,415000000
yolo_final_aisle_v3,21,3.0,-30.0,2.999999999694019,-30.000000003373923,3.0051765605751277,-29.593218178827126,True,False,0.005176560881108738,0.40678182454679757,5.120194911956787,0.9713582396507263,518.0,175.0,122.0,161.0,58,480000000
yolo_final_aisle_v3,22,3.0,-20.0,2.999999999671712,-20.000000002749367,3.045121504461408,-20.222476655174216,True,True,0.04512150478969623,-0.2224766524248487,5.448184967041016,0.9690048098564148,428.0,181.0,120.0,148.0,58,875000000
yolo_final_aisle_v3,22,3.0,-20.0,2.999999999671712,-20.000000002749367,3.045121504461408,-20.222476655174216,True,True,0.04512150478969623,-0.2224766524248487,7.379411220550537,0.9690048098564148,428.0,181.0,120.0,148.0,58,940000000
yolo_final_aisle_v3,22,3.0,-20.0,2.999999999671712,-20.000000002749367,3.045121504461408,-20.222476655174216,True,True,0.04512150478969623,-0.2224766524248487,5.113443851470947,0.9690048098564148,428.0,181.0,120.0,148.0,59,5000000
yolo_final_aisle_v3,22,3.0,-20.0,2.999999999671712,-20.000000002749367,3.045121504461408,-20.222476655174216,True,True,0.04512150478969623,-0.2224766524248487,5.2262492179870605,0.9690048098564148,428.0,181.0,120.0,148.0,59,75000000
yolo_final_aisle_v3,22,3.0,-20.0,2.999999999671712,-20.000000002749367,3.045121504461408,-20.222476655174216,True,True,0.04512150478969623,-0.2224766524248487,5.401796817779541,0.9690048098564148,428.0,181.0,120.0,148.0,59,140000000
yolo_final_aisle_v3,22,3.0,-20.0,2.999999999671712,-20.000000002749367,3.045121504461408,-20.222476655174216,True,True,0.04512150478969623,-0.2224766524248487,5.878479957580566,0.9690048098564148,428.0,181.0,120.0,148.0,59,205000000
yolo_final_aisle_v3,22,3.0,-20.0,2.999999999671712,-20.000000002749367,3.045121504461408,-20.222476655174216,True,True,0.04512150478969623,-0.2224766524248487,5.184347152709961,0.9690048098564148,428.0,181.0,120.0,148.0,59,270000000
yolo_final_aisle_v3,22,3.0,-20.0,2.999999999671712,-20.000000002749367,3.045121504461408,-20.222476655174216,True,True,0.04512150478969623,-0.2224766524248487,6.238096237182617,0.9690048098564148,428.0,181.0,120.0,148.0,59,335000000
yolo_final_aisle_v3,22,3.0,-20.0,2.999999999671712,-20.000000002749367,3.045121504461408,-20.222476655174216,True,True,0.04512150478969623,-0.2224766524248487,6.238096237182617,0.9690048098564148,428.0,181.0,120.0,148.0,59,470000000
yolo_final_aisle_v3,22,3.0,-20.0,2.999999999671712,-20.000000002749367,3.045121504461408,-20.222476655174216,True,True,0.04512150478969623,-0.2224766524248487,5.739450931549072,0.9690048098564148,428.0,181.0,120.0,148.0,59,665000000
yolo_final_aisle_v3,22,3.0,-20.0,2.999999999671712,-20.000000002749367,3.045121504461408,-20.222476655174216,True,True,0.04512150478969623,-0.2224766524248487,5.739450931549072,0.9690048098564148,428.0,181.0,120.0,148.0,59,800000000
yolo_final_aisle_v3,22,3.0,-20.0,2.999999999671712,-20.000000002749367,3.045121504461408,-20.222476655174216,True,True,0.04512150478969623,-0.2224766524248487,6.085379123687744,0.9690048098564148,428.0,181.0,120.0,148.0,59,865000000
yolo_final_aisle_v3,22,3.0,-20.0,2.999999999671712,-20.000000002749367,3.045121504461408,-20.222476655174216,True,True,0.04512150478969623,-0.2224766524248487,7.714745044708252,0.9690048098564148,428.0,181.0,120.0,148.0,59,995000000
yolo_final_aisle_v3,22,3.0,-20.0,2.999999999671712,-20.000000002749367,3.045121504461408,-20.222476655174216,True,True,0.04512150478969623,-0.2224766524248487,7.3072662353515625,0.9690048098564148,428.0,181.0,120.0,148.0,60,130000000
yolo_final_aisle_v3,22,3.0,-20.0,2.999999999671712,-20.000000002749367,3.045121504461408,-20.222476655174216,True,True,0.04512150478969623,-0.2224766524248487,7.890232086181641,0.9690048098564148,428.0,181.0,120.0,148.0,60,195000000
yolo_final_aisle_v3,22,3.0,-20.0,2.999999999671712,-20.000000002749367,3.045121504461408,-20.222476655174216,True,True,0.04512150478969623,-0.2224766524248487,8.64550495147705,0.9690048098564148,428.0,181.0,120.0,148.0,60,260000000
yolo_final_aisle_v3,22,3.0,-20.0,2.999999999671712,-20.000000002749367,3.045121504461408,-20.222476655174216,True,True,0.04512150478969623,-0.2224766524248487,7.802504062652588,0.9690048098564148,428.0,181.0,120.0,148.0,60,325000000
yolo_final_aisle_v3,22,3.0,-20.0,2.999999999671712,-20.000000002749367,3.045121504461408,-20.222476655174216,True,True,0.04512150478969623,-0.2224766524248487,7.7620368003845215,0.9690048098564148,428.0,181.0,120.0,148.0,60,395000000
yolo_final_aisle_v3,22,3.0,-20.0,2.999999999671712,-20.000000002749367,3.045121504461408,-20.222476655174216,True,True,0.04512150478969623,-0.2224766524248487,7.429468154907227,0.9690048098564148,428.0,181.0,120.0,148.0,60,460000000
yolo_final_aisle_v3,22,3.0,-20.0,2.999999999671712,-20.000000002749367,3.045121504461408,-20.222476655174216,True,True,0.04512150478969623,-0.2224766524248487,7.861018180847168,0.9690048098564148,428.0,181.0,120.0,148.0,60,525000000
yolo_final_aisle_v3,22,3.0,-20.0,2.999999999671712,-20.000000002749367,3.045121504461408,-20.222476655174216,True,True,0.04512150478969623,-0.2224766524248487,5.997093200683594,0.9690048098564148,428.0,181.0,120.0,148.0,60,590000000
yolo_final_aisle_v3,22,3.0,-20.0,2.999999999671712,-20.000000002749367,3.045121504461408,-20.222476655174216,True,True,0.04512150478969623,-0.2224766524248487,5.997093200683594,0.9690048098564148,428.0,181.0,120.0,148.0,60,655000000
yolo_final_aisle_v3,22,3.0,-20.0,2.999999999671712,-20.000000002749367,3.045121504461408,-20.222476655174216,True,True,0.04512150478969623,-0.2224766524248487,7.6460652351379395,0.9690048098564148,428.0,181.0,120.0,148.0,60,725000000
yolo_final_aisle_v3,22,3.0,-20.0,2.999999999671712,-20.000000002749367,3.045121504461408,-20.222476655174216,True,True,0.04512150478969623,-0.2224766524248487,7.6460652351379395,0.9690048098564148,428.0,181.0,120.0,148.0,60,790000000
yolo_final_aisle_v3,22,3.0,-20.0,2.999999999671712,-20.000000002749367,3.045121504461408,-20.222476655174216,True,True,0.04512150478969623,-0.2224766524248487,5.712194919586182,0.9690048098564148,428.0,181.0,120.0,148.0,60,855000000
yolo_final_aisle_v3,22,3.0,-20.0,2.999999999671712,-20.000000002749367,3.045121504461408,-20.222476655174216,True,True,0.04512150478969623,-0.2224766524248487,5.2967658042907715,0.9690048098564148,428.0,181.0,120.0,148.0,60,920000000
yolo_final_aisle_v3,22,3.0,-20.0,2.999999999671712,-20.000000002749367,3.045121504461408,-20.222476655174216,True,True,0.04512150478969623,-0.2224766524248487,6.380005836486816,0.9690048098564148,428.0,181.0,120.0,148.0,60,985000000
yolo_final_aisle_v3,22,3.0,-20.0,2.999999999671712,-20.000000002749367,3.045121504461408,-20.222476655174216,True,True,0.04512150478969623,-0.2224766524248487,12.202788352966309,0.9690048098564148,428.0,181.0,120.0,148.0,61,120000000
yolo_final_aisle_v3,22,3.0,-20.0,2.999999999671712,-20.000000002749367,3.045121504461408,-20.222476655174216,True,True,0.04512150478969623,-0.2224766524248487,5.775435924530029,0.9690048098564148,428.0,181.0,120.0,148.0,61,250000000
yolo_final_aisle_v3,22,3.0,-20.0,2.999999999671712,-20.000000002749367,3.045121504461408,-20.222476655174216,True,True,0.04512150478969623,-0.2224766524248487,5.675480842590332,0.9690048098564148,428.0,181.0,120.0,148.0,61,315000000
yolo_final_aisle_v3,23,3.0,-10.0,2.9999999999637943,-10.000000000106585,3.028185794697276,-10.152845035732097,True,True,0.028185794733481817,-0.15284503562551244,5.861061096191406,0.9690048098564148,428.0,181.0,120.0,148.0,61,780000000
yolo_final_aisle_v3,23,3.0,-10.0,2.9999999999637943,-10.000000000106585,3.028185794697276,-10.152845035732097,True,True,0.028185794733481817,-0.15284503562551244,7.498995780944824,0.9693107604980469,346.0,183.0,110.0,142.0,61,845000000
yolo_final_aisle_v3,23,3.0,-10.0,2.9999999999637943,-10.000000000106585,3.028185794697276,-10.152845035732097,True,True,0.028185794733481817,-0.15284503562551244,7.498995780944824,0.9693107604980469,346.0,183.0,110.0,142.0,61,910000000
yolo_final_aisle_v3,23,3.0,-10.0,2.9999999999637943,-10.000000000106585,3.028185794697276,-10.152845035732097,True,True,0.028185794733481817,-0.15284503562551244,5.22445011138916,0.9693107604980469,346.0,183.0,110.0,142.0,61,975000000
yolo_final_aisle_v3,23,3.0,-10.0,2.9999999999637943,-10.000000000106585,3.028185794697276,-10.152845035732097,True,True,0.028185794733481817,-0.15284503562551244,5.339310169219971,0.9693107604980469,346.0,183.0,110.0,142.0,62,45000000
yolo_final_aisle_v3,23,3.0,-10.0,2.9999999999637943,-10.000000000106585,3.028185794697276,-10.152845035732097,True,True,0.028185794733481817,-0.15284503562551244,5.160880088806152,0.9693107604980469,346.0,183.0,110.0,142.0,62,110000000
yolo_final_aisle_v3,23,3.0,-10.0,2.9999999999637943,-10.000000000106585,3.028185794697276,-10.152845035732097,True,True,0.028185794733481817,-0.15284503562551244,5.174069881439209,0.9693107604980469,346.0,183.0,110.0,142.0,62,175000000
yolo_final_aisle_v3,23,3.0,-10.0,2.9999999999637943,-10.000000000106585,3.028185794697276,-10.152845035732097,True,True,0.028185794733481817,-0.15284503562551244,5.174069881439209,0.9693107604980469,346.0,183.0,110.0,142.0,62,240000000
yolo_final_aisle_v3,23,3.0,-10.0,2.9999999999637943,-10.000000000106585,3.028185794697276,-10.152845035732097,True,True,0.028185794733481817,-0.15284503562551244,5.34809684753418,0.9693107604980469,346.0,183.0,110.0,142.0,62,305000000
yolo_final_aisle_v3,23,3.0,-10.0,2.9999999999637943,-10.000000000106585,3.028185794697276,-10.152845035732097,True,True,0.028185794733481817,-0.15284503562551244,5.575901031494141,0.9693107604980469,346.0,183.0,110.0,142.0,62,375000000
yolo_final_aisle_v3,23,3.0,-10.0,2.9999999999637943,-10.000000000106585,3.028185794697276,-10.152845035732097,True,True,0.028185794733481817,-0.15284503562551244,5.665846824645996,0.9693107604980469,346.0,183.0,110.0,142.0,62,505000000
yolo_final_aisle_v3,23,3.0,-10.0,2.9999999999637943,-10.000000000106585,3.028185794697276,-10.152845035732097,True,True,0.028185794733481817,-0.15284503562551244,5.665846824645996,0.9693107604980469,346.0,183.0,110.0,142.0,62,635000000
yolo_final_aisle_v3,23,3.0,-10.0,2.9999999999637943,-10.000000000106585,3.028185794697276,-10.152845035732097,True,True,0.028185794733481817,-0.15284503562551244,6.030691146850586,0.9693107604980469,346.0,183.0,110.0,142.0,62,705000000
yolo_final_aisle_v3,23,3.0,-10.0,2.9999999999637943,-10.000000000106585,3.028185794697276,-10.152845035732097,True,True,0.028185794733481817,-0.15284503562551244,5.248390197753906,0.9693107604980469,346.0,183.0,110.0,142.0,62,770000000
yolo_final_aisle_v3,23,3.0,-10.0,2.9999999999637943,-10.000000000106585,3.028185794697276,-10.152845035732097,True,True,0.028185794733481817,-0.15284503562551244,5.248390197753906,0.9693107604980469,346.0,183.0,110.0,142.0,62,835000000
yolo_final_aisle_v3,23,3.0,-10.0,2.9999999999637943,-10.000000000106585,3.028185794697276,-10.152845035732097,True,True,0.028185794733481817,-0.15284503562551244,7.720053195953369,0.9693107604980469,346.0,183.0,110.0,142.0,62,900000000
yolo_final_aisle_v3,23,3.0,-10.0,2.9999999999637943,-10.000000000106585,3.028185794697276,-10.152845035732097,True,True,0.028185794733481817,-0.15284503562551244,7.561477184295654,0.9693107604980469,346.0,183.0,110.0,142.0,62,965000000
yolo_final_aisle_v3,23,3.0,-10.0,2.9999999999637943,-10.000000000106585,3.028185794697276,-10.152845035732097,True,True,0.028185794733481817,-0.15284503562551244,6.9116411209106445,0.9693107604980469,346.0,183.0,110.0,142.0,63,35000000
yolo_final_aisle_v3,23,3.0,-10.0,2.9999999999637943,-10.000000000106585,3.028185794697276,-10.152845035732097,True,True,0.028185794733481817,-0.15284503562551244,7.973391056060791,0.9693107604980469,346.0,183.0,110.0,142.0,63,100000000
yolo_final_aisle_v3,23,3.0,-10.0,2.9999999999637943,-10.000000000106585,3.028185794697276,-10.152845035732097,True,True,0.028185794733481817,-0.15284503562551244,8.065592765808105,0.9693107604980469,346.0,183.0,110.0,142.0,63,165000000
yolo_final_aisle_v3,23,3.0,-10.0,2.9999999999637943,-10.000000000106585,3.028185794697276,-10.152845035732097,True,True,0.028185794733481817,-0.15284503562551244,6.405602931976318,0.9693107604980469,346.0,183.0,110.0,142.0,63,230000000
yolo_final_aisle_v3,23,3.0,-10.0,2.9999999999637943,-10.000000000106585,3.028185794697276,-10.152845035732097,True,True,0.028185794733481817,-0.15284503562551244,6.859442234039307,0.9693107604980469,346.0,183.0,110.0,142.0,63,295000000
yolo_final_aisle_v3,23,3.0,-10.0,2.9999999999637943,-10.000000000106585,3.028185794697276,-10.152845035732097,True,True,0.028185794733481817,-0.15284503562551244,6.859442234039307,0.9693107604980469,346.0,183.0,110.0,142.0,63,365000000
yolo_final_aisle_v3,23,3.0,-10.0,2.9999999999637943,-10.000000000106585,3.028185794697276,-10.152845035732097,True,True,0.028185794733481817,-0.15284503562551244,5.385249137878418,0.9693107604980469,346.0,183.0,110.0,142.0,63,430000000
yolo_final_aisle_v3,23,3.0,-10.0,2.9999999999637943,-10.000000000106585,3.028185794697276,-10.152845035732097,True,True,0.028185794733481817,-0.15284503562551244,5.746898174285889,0.9693107604980469,346.0,183.0,110.0,142.0,63,495000000
yolo_final_aisle_v3,23,3.0,-10.0,2.9999999999637943,-10.000000000106585,3.028185794697276,-10.152845035732097,True,True,0.028185794733481817,-0.15284503562551244,5.145233154296875,0.9693107604980469,346.0,183.0,110.0,142.0,63,560000000
yolo_final_aisle_v3,23,3.0,-10.0,2.9999999999637943,-10.000000000106585,3.028185794697276,-10.152845035732097,True,True,0.028185794733481817,-0.15284503562551244,5.145233154296875,0.9693107604980469,346.0,183.0,110.0,142.0,63,625000000
yolo_final_aisle_v3,23,3.0,-10.0,2.9999999999637943,-10.000000000106585,3.028185794697276,-10.152845035732097,True,True,0.028185794733481817,-0.15284503562551244,5.148143768310547,0.9693107604980469,346.0,183.0,110.0,142.0,63,695000000
yolo_final_aisle_v3,23,3.0,-10.0,2.9999999999637943,-10.000000000106585,3.028185794697276,-10.152845035732097,True,True,0.028185794733481817,-0.15284503562551244,5.2332329750061035,0.9693107604980469,346.0,183.0,110.0,142.0,63,760000000
yolo_final_aisle_v3,23,3.0,-10.0,2.9999999999637943,-10.000000000106585,3.028185794697276,-10.152845035732097,True,True,0.028185794733481817,-0.15284503562551244,6.157926082611084,0.9693107604980469,346.0,183.0,110.0,142.0,63,825000000
yolo_final_aisle_v3,24,3.0,0.0,3.0,0.0,3.0298450450486287,-0.03160308682672386,True,True,0.029845045048628727,-0.03160308682672386,7.520583152770996,0.969135582447052,266.0,184.0,108.0,139.0,64,285000000
yolo_final_aisle_v3,24,3.0,0.0,3.0,0.0,3.0298450450486287,-0.03160308682672386,True,True,0.029845045048628727,-0.03160308682672386,8.325116157531738,0.969135582447052,266.0,184.0,108.0,139.0,64,355000000
yolo_final_aisle_v3,24,3.0,0.0,3.0,0.0,3.0298450450486287,-0.03160308682672386,True,True,0.029845045048628727,-0.03160308682672386,7.533289909362793,0.969135582447052,266.0,184.0,108.0,139.0,64,420000000
yolo_final_aisle_v3,24,3.0,0.0,3.0,0.0,3.0298450450486287,-0.03160308682672386,True,True,0.029845045048628727,-0.03160308682672386,5.191979885101318,0.969135582447052,266.0,184.0,108.0,139.0,64,550000000
yolo_final_aisle_v3,24,3.0,0.0,3.0,0.0,3.0298450450486287,-0.03160308682672386,True,True,0.029845045048628727,-0.03160308682672386,5.221426010131836,0.969135582447052,266.0,184.0,108.0,139.0,64,750000000
yolo_final_aisle_v3,24,3.0,0.0,3.0,0.0,3.0298450450486287,-0.03160308682672386,True,True,0.029845045048628727,-0.03160308682672386,5.221426010131836,0.969135582447052,266.0,184.0,108.0,139.0,64,815000000
yolo_final_aisle_v3,24,3.0,0.0,3.0,0.0,3.0298450450486287,-0.03160308682672386,True,True,0.029845045048628727,-0.03160308682672386,5.294023036956787,0.969135582447052,266.0,184.0,108.0,139.0,64,880000000
yolo_final_aisle_v3,24,3.0,0.0,3.0,0.0,3.0298450450486287,-0.03160308682672386,True,True,0.029845045048628727,-0.03160308682672386,8.865278244018555,0.969135582447052,266.0,184.0,108.0,139.0,64,945000000
yolo_final_aisle_v3,24,3.0,0.0,3.0,0.0,3.0298450450486287,-0.03160308682672386,True,True,0.029845045048628727,-0.03160308682672386,5.899233818054199,0.969135582447052,266.0,184.0,108.0,139.0,65,15000000
yolo_final_aisle_v3,24,3.0,0.0,3.0,0.0,3.0298450450486287,-0.03160308682672386,True,True,0.029845045048628727,-0.03160308682672386,5.242453098297119,0.969135582447052,266.0,184.0,108.0,139.0,65,80000000
yolo_final_aisle_v3,24,3.0,0.0,3.0,0.0,3.0298450450486287,-0.03160308682672386,True,True,0.029845045048628727,-0.03160308682672386,5.7178192138671875,0.969135582447052,266.0,184.0,108.0,139.0,65,210000000
yolo_final_aisle_v3,24,3.0,0.0,3.0,0.0,3.0298450450486287,-0.03160308682672386,True,True,0.029845045048628727,-0.03160308682672386,6.918300151824951,0.969135582447052,266.0,184.0,108.0,139.0,65,275000000
yolo_final_aisle_v3,24,3.0,0.0,3.0,0.0,3.0298450450486287,-0.03160308682672386,True,True,0.029845045048628727,-0.03160308682672386,6.918300151824951,0.969135582447052,266.0,184.0,108.0,139.0,65,345000000
yolo_final_aisle_v3,24,3.0,0.0,3.0,0.0,3.0298450450486287,-0.03160308682672386,True,True,0.029845045048628727,-0.03160308682672386,5.392487049102783,0.969135582447052,266.0,184.0,108.0,139.0,65,410000000
yolo_final_aisle_v3,24,3.0,0.0,3.0,0.0,3.0298450450486287,-0.03160308682672386,True,True,0.029845045048628727,-0.03160308682672386,5.546219825744629,0.969135582447052,266.0,184.0,108.0,139.0,65,475000000
yolo_final_aisle_v3,24,3.0,0.0,3.0,0.0,3.0298450450486287,-0.03160308682672386,True,True,0.029845045048628727,-0.03160308682672386,7.623990058898926,0.969135582447052,266.0,184.0,108.0,139.0,65,540000000
yolo_final_aisle_v3,24,3.0,0.0,3.0,0.0,3.0298450450486287,-0.03160308682672386,True,True,0.029845045048628727,-0.03160308682672386,7.870186805725098,0.969135582447052,266.0,184.0,108.0,139.0,65,605000000
yolo_final_aisle_v3,24,3.0,0.0,3.0,0.0,3.0298450450486287,-0.03160308682672386,True,True,0.029845045048628727,-0.03160308682672386,7.870186805725098,0.969135582447052,266.0,184.0,108.0,139.0,65,675000000
yolo_final_aisle_v3,24,3.0,0.0,3.0,0.0,3.0298450450486287,-0.03160308682672386,True,True,0.029845045048628727,-0.03160308682672386,6.50687313079834,0.969135582447052,266.0,184.0,108.0,139.0,65,740000000
yolo_final_aisle_v3,24,3.0,0.0,3.0,0.0,3.0298450450486287,-0.03160308682672386,True,True,0.029845045048628727,-0.03160308682672386,7.614817142486572,0.969135582447052,266.0,184.0,108.0,139.0,65,805000000
yolo_final_aisle_v3,24,3.0,0.0,3.0,0.0,3.0298450450486287,-0.03160308682672386,True,True,0.029845045048628727,-0.03160308682672386,7.614817142486572,0.969135582447052,266.0,184.0,108.0,139.0,65,870000000
yolo_final_aisle_v3,24,3.0,0.0,3.0,0.0,3.0298450450486287,-0.03160308682672386,True,True,0.029845045048628727,-0.03160308682672386,7.457825183868408,0.969135582447052,266.0,184.0,108.0,139.0,66,5000000
yolo_final_aisle_v3,24,3.0,0.0,3.0,0.0,3.0298450450486287,-0.03160308682672386,True,True,0.029845045048628727,-0.03160308682672386,7.457071781158447,0.969135582447052,266.0,184.0,108.0,139.0,66,70000000
yolo_final_aisle_v3,24,3.0,0.0,3.0,0.0,3.0298450450486287,-0.03160308682672386,True,True,0.029845045048628727,-0.03160308682672386,5.130763053894043,0.969135582447052,266.0,184.0,108.0,139.0,66,265000000
yolo_final_aisle_v3,24,3.0,0.0,3.0,0.0,3.0298450450486287,-0.03160308682672386,True,True,0.029845045048628727,-0.03160308682672386,5.217988967895508,0.969135582447052,266.0,184.0,108.0,139.0,66,335000000
yolo_final_aisle_v3,24,3.0,0.0,3.0,0.0,3.0298450450486287,-0.03160308682672386,True,True,0.029845045048628727,-0.03160308682672386,5.484922885894775,0.969135582447052,266.0,184.0,108.0,139.0,66,400000000
yolo_final_aisle_v3,24,3.0,0.0,3.0,0.0,3.0298450450486287,-0.03160308682672386,True,True,0.029845045048628727,-0.03160308682672386,5.484922885894775,0.969135582447052,266.0,184.0,108.0,139.0,66,465000000
yolo_final_aisle_v3,24,3.0,0.0,3.0,0.0,3.0298450450486287,-0.03160308682672386,True,True,0.029845045048628727,-0.03160308682672386,5.163356781005859,0.969135582447052,266.0,184.0,108.0,139.0,66,530000000
yolo_final_aisle_v3,24,3.0,0.0,3.0,0.0,3.0298450450486287,-0.03160308682672386,True,True,0.029845045048628727,-0.03160308682672386,5.163356781005859,0.969135582447052,266.0,184.0,108.0,139.0,66,595000000
yolo_final_aisle_v3,24,3.0,0.0,3.0,0.0,3.0298450450486287,-0.03160308682672386,True,True,0.029845045048628727,-0.03160308682672386,5.192962169647217,0.969135582447052,266.0,184.0,108.0,139.0,66,665000000
yolo_final_aisle_v3,25,3.0,10.0,2.9999999999637943,10.000000000106585,3.0278526017061616,10.014608840083016,True,True,0.027852601742367256,0.014608839976430588,5.293706893920898,0.969135582447052,266.0,184.0,108.0,139.0,67,60000000
yolo_final_aisle_v3,25,3.0,10.0,2.9999999999637943,10.000000000106585,3.0278526017061616,10.014608840083016,True,True,0.027852601742367256,0.014608839976430588,5.477639198303223,0.9689210057258606,184.0,183.0,110.0,141.0,67,125000000
yolo_final_aisle_v3,25,3.0,10.0,2.9999999999637943,10.000000000106585,3.0278526017061616,10.014608840083016,True,True,0.027852601742367256,0.014608839976430588,5.3649139404296875,0.9689210057258606,184.0,183.0,110.0,141.0,67,190000000
yolo_final_aisle_v3,25,3.0,10.0,2.9999999999637943,10.000000000106585,3.0278526017061616,10.014608840083016,True,True,0.027852601742367256,0.014608839976430588,5.3649139404296875,0.9689210057258606,184.0,183.0,110.0,141.0,67,325000000
yolo_final_aisle_v3,25,3.0,10.0,2.9999999999637943,10.000000000106585,3.0278526017061616,10.014608840083016,True,True,0.027852601742367256,0.014608839976430588,5.282911777496338,0.9689210057258606,184.0,183.0,110.0,141.0,67,520000000
yolo_final_aisle_v3,25,3.0,10.0,2.9999999999637943,10.000000000106585,3.0278526017061616,10.014608840083016,True,True,0.027852601742367256,0.014608839976430588,5.560925006866455,0.9689210057258606,184.0,183.0,110.0,141.0,67,585000000
yolo_final_aisle_v3,25,3.0,10.0,2.9999999999637943,10.000000000106585,3.0278526017061616,10.014608840083016,True,True,0.027852601742367256,0.014608839976430588,5.752997875213623,0.9689210057258606,184.0,183.0,110.0,141.0,67,720000000
yolo_final_aisle_v3,25,3.0,10.0,2.9999999999637943,10.000000000106585,3.0278526017061616,10.014608840083016,True,True,0.027852601742367256,0.014608839976430588,5.752997875213623,0.9689210057258606,184.0,183.0,110.0,141.0,67,785000000
yolo_final_aisle_v3,25,3.0,10.0,2.9999999999637943,10.000000000106585,3.0278526017061616,10.014608840083016,True,True,0.027852601742367256,0.014608839976430588,7.753232002258301,0.9689210057258606,184.0,183.0,110.0,141.0,67,915000000
yolo_final_aisle_v3,25,3.0,10.0,2.9999999999637943,10.000000000106585,3.0278526017061616,10.014608840083016,True,True,0.027852601742367256,0.014608839976430588,5.662008762359619,0.9689210057258606,184.0,183.0,110.0,141.0,67,985000000
yolo_final_aisle_v3,25,3.0,10.0,2.9999999999637943,10.000000000106585,3.0278526017061616,10.014608840083016,True,True,0.027852601742367256,0.014608839976430588,5.833253860473633,0.9689210057258606,184.0,183.0,110.0,141.0,68,50000000
yolo_final_aisle_v3,25,3.0,10.0,2.9999999999637943,10.000000000106585,3.0278526017061616,10.014608840083016,True,True,0.027852601742367256,0.014608839976430588,5.833253860473633,0.9689210057258606,184.0,183.0,110.0,141.0,68,115000000
yolo_final_aisle_v3,25,3.0,10.0,2.9999999999637943,10.000000000106585,3.0278526017061616,10.014608840083016,True,True,0.027852601742367256,0.014608839976430588,7.646299839019775,0.9689210057258606,184.0,183.0,110.0,141.0,68,180000000
yolo_final_aisle_v3,25,3.0,10.0,2.9999999999637943,10.000000000106585,3.0278526017061616,10.014608840083016,True,True,0.027852601742367256,0.014608839976430588,6.721864223480225,0.9689210057258606,184.0,183.0,110.0,141.0,68,245000000
yolo_final_aisle_v3,25,3.0,10.0,2.9999999999637943,10.000000000106585,3.0278526017061616,10.014608840083016,True,True,0.027852601742367256,0.014608839976430588,7.612924098968506,0.9689210057258606,184.0,183.0,110.0,141.0,68,380000000
yolo_final_aisle_v3,25,3.0,10.0,2.9999999999637943,10.000000000106585,3.0278526017061616,10.014608840083016,True,True,0.027852601742367256,0.014608839976430588,5.49642276763916,0.9689210057258606,184.0,183.0,110.0,141.0,68,510000000
yolo_final_aisle_v3,25,3.0,10.0,2.9999999999637943,10.000000000106585,3.0278526017061616,10.014608840083016,True,True,0.027852601742367256,0.014608839976430588,5.1697869300842285,0.9689210057258606,184.0,183.0,110.0,141.0,68,575000000
yolo_final_aisle_v3,25,3.0,10.0,2.9999999999637943,10.000000000106585,3.0278526017061616,10.014608840083016,True,True,0.027852601742367256,0.014608839976430588,5.1697869300842285,0.9689210057258606,184.0,183.0,110.0,141.0,68,645000000
yolo_final_aisle_v3,25,3.0,10.0,2.9999999999637943,10.000000000106585,3.0278526017061616,10.014608840083016,True,True,0.027852601742367256,0.014608839976430588,6.704192161560059,0.9689210057258606,184.0,183.0,110.0,141.0,68,840000000
yolo_final_aisle_v3,25,3.0,10.0,2.9999999999637943,10.000000000106585,3.0278526017061616,10.014608840083016,True,True,0.027852601742367256,0.014608839976430588,6.704192161560059,0.9689210057258606,184.0,183.0,110.0,141.0,68,905000000
yolo_final_aisle_v3,25,3.0,10.0,2.9999999999637943,10.000000000106585,3.0278526017061616,10.014608840083016,True,True,0.027852601742367256,0.014608839976430588,5.698412895202637,0.9689210057258606,184.0,183.0,110.0,141.0,68,975000000
yolo_final_aisle_v3,25,3.0,10.0,2.9999999999637943,10.000000000106585,3.0278526017061616,10.014608840083016,True,True,0.027852601742367256,0.014608839976430588,5.789468765258789,0.9689210057258606,184.0,183.0,110.0,141.0,69,105000000
yolo_final_aisle_v3,25,3.0,10.0,2.9999999999637943,10.000000000106585,3.0278526017061616,10.014608840083016,True,True,0.027852601742367256,0.014608839976430588,5.515592098236084,0.9689210057258606,184.0,183.0,110.0,141.0,69,170000000
yolo_final_aisle_v3,25,3.0,10.0,2.9999999999637943,10.000000000106585,3.0278526017061616,10.014608840083016,True,True,0.027852601742367256,0.014608839976430588,5.492572784423828,0.9689210057258606,184.0,183.0,110.0,141.0,69,235000000
yolo_final_aisle_v3,25,3.0,10.0,2.9999999999637943,10.000000000106585,3.0278526017061616,10.014608840083016,True,True,0.027852601742367256,0.014608839976430588,5.401334762573242,0.9689210057258606,184.0,183.0,110.0,141.0,69,370000000
yolo_final_aisle_v3,25,3.0,10.0,2.9999999999637943,10.000000000106585,3.0278526017061616,10.014608840083016,True,True,0.027852601742367256,0.014608839976430588,5.3904547691345215,0.9689210057258606,184.0,183.0,110.0,141.0,69,435000000
yolo_final_aisle_v3,25,3.0,10.0,2.9999999999637943,10.000000000106585,3.0278526017061616,10.014608840083016,True,True,0.027852601742367256,0.014608839976430588,7.714640140533447,0.9689210057258606,184.0,183.0,110.0,141.0,69,500000000
yolo_final_aisle_v3,25,3.0,10.0,2.9999999999637943,10.000000000106585,3.0278526017061616,10.014608840083016,True,True,0.027852601742367256,0.014608839976430588,8.400422096252441,0.9689210057258606,184.0,183.0,110.0,141.0,69,565000000
yolo_final_aisle_v3,25,3.0,10.0,2.9999999999637943,10.000000000106585,3.0278526017061616,10.014608840083016,True,True,0.027852601742367256,0.014608839976430588,6.49008321762085,0.9689210057258606,184.0,183.0,110.0,141.0,69,635000000
yolo_final_aisle_v3,25,3.0,10.0,2.9999999999637943,10.000000000106585,3.0278526017061616,10.014608840083016,True,True,0.027852601742367256,0.014608839976430588,5.8538618087768555,0.9689210057258606,184.0,183.0,110.0,141.0,69,700000000
yolo_final_aisle_v3,26,3.0,20.0,2.999999999671712,20.000000002749367,3.020199377939089,20.026358430640414,True,True,0.020199378267377277,0.026358427891047143,7.522323131561279,0.9689210057258606,184.0,183.0,110.0,141.0,70,95000000
yolo_final_aisle_v3,26,3.0,20.0,2.999999999671712,20.000000002749367,3.020199377939089,20.026358430640414,True,True,0.020199378267377277,0.026358427891047143,5.575653076171875,0.9657184481620789,95.0,180.0,116.0,149.0,70,160000000
yolo_final_aisle_v3,26,3.0,20.0,2.999999999671712,20.000000002749367,3.020199377939089,20.026358430640414,True,True,0.020199378267377277,0.026358427891047143,6.463971138000488,0.9657184481620789,95.0,180.0,116.0,149.0,70,225000000
yolo_final_aisle_v3,26,3.0,20.0,2.999999999671712,20.000000002749367,3.020199377939089,20.026358430640414,True,True,0.020199378267377277,0.026358427891047143,6.463971138000488,0.9657184481620789,95.0,180.0,116.0,149.0,70,295000000
yolo_final_aisle_v3,26,3.0,20.0,2.999999999671712,20.000000002749367,3.020199377939089,20.026358430640414,True,True,0.020199378267377277,0.026358427891047143,5.424839019775391,0.9657184481620789,95.0,180.0,116.0,149.0,70,360000000
yolo_final_aisle_v3,26,3.0,20.0,2.999999999671712,20.000000002749367,3.020199377939089,20.026358430640414,True,True,0.020199378267377277,0.026358427891047143,7.683906078338623,0.9657184481620789,95.0,180.0,116.0,149.0,70,490000000
yolo_final_aisle_v3,26,3.0,20.0,2.999999999671712,20.000000002749367,3.020199377939089,20.026358430640414,True,True,0.020199378267377277,0.026358427891047143,7.628296852111816,0.9657184481620789,95.0,180.0,116.0,149.0,70,555000000
yolo_final_aisle_v3,26,3.0,20.0,2.999999999671712,20.000000002749367,3.020199377939089,20.026358430640414,True,True,0.020199378267377277,0.026358427891047143,7.628296852111816,0.9657184481620789,95.0,180.0,116.0,149.0,70,625000000
yolo_final_aisle_v3,26,3.0,20.0,2.999999999671712,20.000000002749367,3.020199377939089,20.026358430640414,True,True,0.020199378267377277,0.026358427891047143,6.741247177124023,0.9657184481620789,95.0,180.0,116.0,149.0,70,690000000
yolo_final_aisle_v3,26,3.0,20.0,2.999999999671712,20.000000002749367,3.020199377939089,20.026358430640414,True,True,0.020199378267377277,0.026358427891047143,7.8663458824157715,0.9657184481620789,95.0,180.0,116.0,149.0,70,755000000
yolo_final_aisle_v3,26,3.0,20.0,2.999999999671712,20.000000002749367,3.020199377939089,20.026358430640414,True,True,0.020199378267377277,0.026358427891047143,7.686531066894531,0.9657184481620789,95.0,180.0,116.0,149.0,70,820000000
yolo_final_aisle_v3,26,3.0,20.0,2.999999999671712,20.000000002749367,3.020199377939089,20.026358430640414,True,True,0.020199378267377277,0.026358427891047143,5.477848052978516,0.9657184481620789,95.0,180.0,116.0,149.0,70,885000000
yolo_final_aisle_v3,26,3.0,20.0,2.999999999671712,20.000000002749367,3.020199377939089,20.026358430640414,True,True,0.020199378267377277,0.026358427891047143,8.24415397644043,0.9657184481620789,95.0,180.0,116.0,149.0,70,955000000
yolo_final_aisle_v3,26,3.0,20.0,2.999999999671712,20.000000002749367,3.020199377939089,20.026358430640414,True,True,0.020199378267377277,0.026358427891047143,7.641392230987549,0.9657184481620789,95.0,180.0,116.0,149.0,71,20000000
yolo_final_aisle_v3,26,3.0,20.0,2.999999999671712,20.000000002749367,3.020199377939089,20.026358430640414,True,True,0.020199378267377277,0.026358427891047143,6.023636817932129,0.9657184481620789,95.0,180.0,116.0,149.0,71,85000000
yolo_final_aisle_v3,26,3.0,20.0,2.999999999671712,20.000000002749367,3.020199377939089,20.026358430640414,True,True,0.020199378267377277,0.026358427891047143,5.39415979385376,0.9657184481620789,95.0,180.0,116.0,149.0,71,150000000
yolo_final_aisle_v3,26,3.0,20.0,2.999999999671712,20.000000002749367,3.020199377939089,20.026358430640414,True,True,0.020199378267377277,0.026358427891047143,5.39415979385376,0.9657184481620789,95.0,180.0,116.0,149.0,71,215000000
yolo_final_aisle_v3,26,3.0,20.0,2.999999999671712,20.000000002749367,3.020199377939089,20.026358430640414,True,True,0.020199378267377277,0.026358427891047143,5.42777681350708,0.9657184481620789,95.0,180.0,116.0,149.0,71,285000000
yolo_final_aisle_v3,26,3.0,20.0,2.999999999671712,20.000000002749367,3.020199377939089,20.026358430640414,True,True,0.020199378267377277,0.026358427891047143,5.336397171020508,0.9657184481620789,95.0,180.0,116.0,149.0,71,350000000
yolo_final_aisle_v3,26,3.0,20.0,2.999999999671712,20.000000002749367,3.020199377939089,20.026358430640414,True,True,0.020199378267377277,0.026358427891047143,5.336397171020508,0.9657184481620789,95.0,180.0,116.0,149.0,71,415000000
yolo_final_aisle_v3,26,3.0,20.0,2.999999999671712,20.000000002749367,3.020199377939089,20.026358430640414,True,True,0.020199378267377277,0.026358427891047143,7.815340042114258,0.9657184481620789,95.0,180.0,116.0,149.0,71,545000000
yolo_final_aisle_v3,26,3.0,20.0,2.999999999671712,20.000000002749367,3.020199377939089,20.026358430640414,True,True,0.020199378267377277,0.026358427891047143,5.320635795593262,0.9657184481620789,95.0,180.0,116.0,149.0,71,615000000
yolo_final_aisle_v3,26,3.0,20.0,2.999999999671712,20.000000002749367,3.020199377939089,20.026358430640414,True,True,0.020199378267377277,0.026358427891047143,5.798541069030762,0.9657184481620789,95.0,180.0,116.0,149.0,71,680000000
yolo_final_aisle_v3,26,3.0,20.0,2.999999999671712,20.000000002749367,3.020199377939089,20.026358430640414,True,True,0.020199378267377277,0.026358427891047143,5.798541069030762,0.9657184481620789,95.0,180.0,116.0,149.0,71,745000000
yolo_final_aisle_v3,26,3.0,20.0,2.999999999671712,20.000000002749367,3.020199377939089,20.026358430640414,True,True,0.020199378267377277,0.026358427891047143,5.395968914031982,0.9657184481620789,95.0,180.0,116.0,149.0,71,810000000
yolo_final_aisle_v3,26,3.0,20.0,2.999999999671712,20.000000002749367,3.020199377939089,20.026358430640414,True,True,0.020199378267377277,0.026358427891047143,5.395968914031982,0.9657184481620789,95.0,180.0,116.0,149.0,71,875000000
yolo_final_aisle_v3,26,3.0,20.0,2.999999999671712,20.000000002749367,3.020199377939089,20.026358430640414,True,True,0.020199378267377277,0.026358427891047143,7.59687614440918,0.9657184481620789,95.0,180.0,116.0,149.0,71,945000000
yolo_final_aisle_v3,26,3.0,20.0,2.999999999671712,20.000000002749367,3.020199377939089,20.026358430640414,True,True,0.020199378267377277,0.026358427891047143,6.239755153656006,0.9657184481620789,95.0,180.0,116.0,149.0,72,75000000
yolo_final_aisle_v3,26,3.0,20.0,2.999999999671712,20.000000002749367,3.020199377939089,20.026358430640414,True,True,0.020199378267377277,0.026358427891047143,7.7505340576171875,0.9657184481620789,95.0,180.0,116.0,149.0,72,140000000
yolo_final_aisle_v3,26,3.0,20.0,2.999999999671712,20.000000002749367,3.020199377939089,20.026358430640414,True,True,0.020199378267377277,0.026358427891047143,7.7505340576171875,0.9657184481620789,95.0,180.0,116.0,149.0,72,205000000
yolo_final_aisle_v3,27,3.0,30.0,2.999999999694019,30.000000003373923,3.0124912519222113,29.618320628292402,True,False,0.012491252228192362,-0.3816793750815215,5.312600135803223,0.9657184481620789,95.0,180.0,116.0,149.0,72,605000000
yolo_final_aisle_v3,27,3.0,30.0,2.999999999694019,30.000000003373923,3.0124912519222113,29.618320628292402,True,False,0.012491252228192362,-0.3816793750815215,5.546133041381836,0.9769888520240784,1.0,175.0,118.0,161.0,72,670000000
yolo_final_aisle_v3,27,3.0,30.0,2.999999999694019,30.000000003373923,3.0124912519222113,29.618320628292402,True,False,0.012491252228192362,-0.3816793750815215,6.433091163635254,0.9769888520240784,1.0,175.0,118.0,161.0,72,735000000
yolo_final_aisle_v3,27,3.0,30.0,2.999999999694019,30.000000003373923,3.0124912519222113,29.618320628292402,True,False,0.012491252228192362,-0.3816793750815215,5.473605155944824,0.9769888520240784,1.0,175.0,118.0,161.0,72,800000000
yolo_final_aisle_v3,27,3.0,30.0,2.999999999694019,30.000000003373923,3.0124912519222113,29.618320628292402,True,False,0.012491252228192362,-0.3816793750815215,7.827549934387207,0.9769888520240784,1.0,175.0,118.0,161.0,72,865000000
yolo_final_aisle_v3,27,3.0,30.0,2.999999999694019,30.000000003373923,3.0124912519222113,29.618320628292402,True,False,0.012491252228192362,-0.3816793750815215,5.492076873779297,0.9769888520240784,1.0,175.0,118.0,161.0,72,935000000
yolo_final_aisle_v3,27,3.0,30.0,2.999999999694019,30.000000003373923,3.0124912519222113,29.618320628292402,True,False,0.012491252228192362,-0.3816793750815215,5.980760097503662,0.9769888520240784,1.0,175.0,118.0,161.0,73,0
yolo_final_aisle_v3,27,3.0,30.0,2.999999999694019,30.000000003373923,3.0124912519222113,29.618320628292402,True,False,0.012491252228192362,-0.3816793750815215,6.781045913696289,0.9769888520240784,1.0,175.0,118.0,161.0,73,65000000
yolo_final_aisle_v3,27,3.0,30.0,2.999999999694019,30.000000003373923,3.0124912519222113,29.618320628292402,True,False,0.012491252228192362,-0.3816793750815215,6.781045913696289,0.9769888520240784,1.0,175.0,118.0,161.0,73,130000000
yolo_final_aisle_v3,27,3.0,30.0,2.999999999694019,30.000000003373923,3.0124912519222113,29.618320628292402,True,False,0.012491252228192362,-0.3816793750815215,8.06173324584961,0.9769888520240784,1.0,175.0,118.0,161.0,73,195000000
yolo_final_aisle_v3,27,3.0,30.0,2.999999999694019,30.000000003373923,3.0124912519222113,29.618320628292402,True,False,0.012491252228192362,-0.3816793750815215,6.975037097930908,0.9769888520240784,1.0,175.0,118.0,161.0,73,265000000
yolo_final_aisle_v3,27,3.0,30.0,2.999999999694019,30.000000003373923,3.0124912519222113,29.618320628292402,True,False,0.012491252228192362,-0.3816793750815215,7.6205949783325195,0.9769888520240784,1.0,175.0,118.0,161.0,73,330000000
yolo_final_aisle_v3,27,3.0,30.0,2.999999999694019,30.000000003373923,3.0124912519222113,29.618320628292402,True,False,0.012491252228192362,-0.3816793750815215,7.741346836090088,0.9769888520240784,1.0,175.0,118.0,161.0,73,395000000
yolo_final_aisle_v3,27,3.0,30.0,2.999999999694019,30.000000003373923,3.0124912519222113,29.618320628292402,True,False,0.012491252228192362,-0.3816793750815215,7.475625991821289,0.9769888520240784,1.0,175.0,118.0,161.0,73,460000000
yolo_final_aisle_v3,27,3.0,30.0,2.999999999694019,30.000000003373923,3.0124912519222113,29.618320628292402,True,False,0.012491252228192362,-0.3816793750815215,7.475625991821289,0.9769888520240784,1.0,175.0,118.0,161.0,73,525000000
yolo_final_aisle_v3,27,3.0,30.0,2.999999999694019,30.000000003373923,3.0124912519222113,29.618320628292402,True,False,0.012491252228192362,-0.3816793750815215,7.485608100891113,0.9769888520240784,1.0,175.0,118.0,161.0,73,660000000
yolo_final_aisle_v3,27,3.0,30.0,2.999999999694019,30.000000003373923,3.0124912519222113,29.618320628292402,True,False,0.012491252228192362,-0.3816793750815215,5.156649112701416,0.9769888520240784,1.0,175.0,118.0,161.0,73,725000000
yolo_final_aisle_v3,27,3.0,30.0,2.999999999694019,30.000000003373923,3.0124912519222113,29.618320628292402,True,False,0.012491252228192362,-0.3816793750815215,5.686132907867432,0.9769888520240784,1.0,175.0,118.0,161.0,73,990000000
yolo_final_aisle_v3,27,3.0,30.0,2.999999999694019,30.000000003373923,3.0124912519222113,29.618320628292402,True,False,0.012491252228192362,-0.3816793750815215,5.162049770355225,0.9769888520240784,1.0,175.0,118.0,161.0,74,55000000
yolo_final_aisle_v3,27,3.0,30.0,2.999999999694019,30.000000003373923,3.0124912519222113,29.618320628292402,True,False,0.012491252228192362,-0.3816793750815215,5.162049770355225,0.9769888520240784,1.0,175.0,118.0,161.0,74,120000000
yolo_final_aisle_v3,27,3.0,30.0,2.999999999694019,30.000000003373923,3.0124912519222113,29.618320628292402,True,False,0.012491252228192362,-0.3816793750815215,5.354325771331787,0.9769888520240784,1.0,175.0,118.0,161.0,74,185000000
yolo_final_aisle_v3,27,3.0,30.0,2.999999999694019,30.000000003373923,3.0124912519222113,29.618320628292402,True,False,0.012491252228192362,-0.3816793750815215,5.354325771331787,0.9769888520240784,1.0,175.0,118.0,161.0,74,255000000
yolo_final_aisle_v3,27,3.0,30.0,2.999999999694019,30.000000003373923,3.0124912519222113,29.618320628292402,True,False,0.012491252228192362,-0.3816793750815215,5.196972846984863,0.9769888520240784,1.0,175.0,118.0,161.0,74,320000000
yolo_final_aisle_v3,27,3.0,30.0,2.999999999694019,30.000000003373923,3.0124912519222113,29.618320628292402,True,False,0.012491252228192362,-0.3816793750815215,5.396367073059082,0.9769888520240784,1.0,175.0,118.0,161.0,74,385000000
yolo_final_aisle_v3,27,3.0,30.0,2.999999999694019,30.000000003373923,3.0124912519222113,29.618320628292402,True,False,0.012491252228192362,-0.3816793750815215,5.702622890472412,0.9769888520240784,1.0,175.0,118.0,161.0,74,450000000
yolo_final_aisle_v3,27,3.0,30.0,2.999999999694019,30.000000003373923,3.0124912519222113,29.618320628292402,True,False,0.012491252228192362,-0.3816793750815215,5.702622890472412,0.9769888520240784,1.0,175.0,118.0,161.0,74,515000000
yolo_final_aisle_v3,27,3.0,30.0,2.999999999694019,30.000000003373923,3.0124912519222113,29.618320628292402,True,False,0.012491252228192362,-0.3816793750815215,6.402554035186768,0.9769888520240784,1.0,175.0,118.0,161.0,74,585000000
yolo_final_aisle_v3,27,3.0,30.0,2.999999999694019,30.000000003373923,3.0124912519222113,29.618320628292402,True,False,0.012491252228192362,-0.3816793750815215,5.378962993621826,0.9769888520240784,1.0,175.0,118.0,161.0,74,650000000
yolo_final_aisle_v3,27,3.0,30.0,2.999999999694019,30.000000003373923,3.0124912519222113,29.618320628292402,True,False,0.012491252228192362,-0.3816793750815215,6.550622940063477,0.9769888520240784,1.0,175.0,118.0,161.0,74,715000000
yolo_final_aisle_v3,27,3.0,30.0,2.999999999694019,30.000000003373923,3.0124912519222113,29.618320628292402,True,False,0.012491252228192362,-0.3816793750815215,8.50897216796875,0.9769888520240784,1.0,175.0,118.0,161.0,74,780000000
yolo_final_aisle_v3,28,4.0,-30.0,3.9999999998807008,-30.0000000009866,3.9433768863233083,-29.009018144320486,True,False,-0.05662311355739247,0.9909818566661137,5.6220197677612305,0.9769888520240784,1.0,175.0,118.0,161.0,75,175000000
yolo_final_aisle_v3,28,4.0,-30.0,3.9999999998807008,-30.0000000009866,3.9433768863233083,-29.009018144320486,True,False,-0.05662311355739247,0.9909818566661137,5.409546852111816,0.8935652375221252,533.0,191.0,80.0,121.0,75,245000000
yolo_final_aisle_v3,28,4.0,-30.0,3.9999999998807008,-30.0000000009866,3.9433768863233083,-29.009018144320486,True,False,-0.05662311355739247,0.9909818566661137,5.3553080558776855,0.8935652375221252,533.0,191.0,80.0,121.0,75,310000000
yolo_final_aisle_v3,28,4.0,-30.0,3.9999999998807008,-30.0000000009866,3.9433768863233083,-29.009018144320486,True,False,-0.05662311355739247,0.9909818566661137,13.769193649291992,0.8935652375221252,533.0,191.0,80.0,121.0,75,375000000
yolo_final_aisle_v3,28,4.0,-30.0,3.9999999998807008,-30.0000000009866,3.9433768863233083,-29.009018144320486,True,False,-0.05662311355739247,0.9909818566661137,7.788219928741455,0.8935652375221252,533.0,191.0,80.0,121.0,75,440000000
yolo_final_aisle_v3,28,4.0,-30.0,3.9999999998807008,-30.0000000009866,3.9433768863233083,-29.009018144320486,True,False,-0.05662311355739247,0.9909818566661137,7.310676097869873,0.8935652375221252,533.0,191.0,80.0,121.0,75,505000000
yolo_final_aisle_v3,28,4.0,-30.0,3.9999999998807008,-30.0000000009866,3.9433768863233083,-29.009018144320486,True,False,-0.05662311355739247,0.9909818566661137,9.261384010314941,0.8935652375221252,533.0,191.0,80.0,121.0,75,640000000
yolo_final_aisle_v3,28,4.0,-30.0,3.9999999998807008,-30.0000000009866,3.9433768863233083,-29.009018144320486,True,False,-0.05662311355739247,0.9909818566661137,7.580136775970459,0.8935652375221252,533.0,191.0,80.0,121.0,75,705000000
yolo_final_aisle_v3,28,4.0,-30.0,3.9999999998807008,-30.0000000009866,3.9433768863233083,-29.009018144320486,True,False,-0.05662311355739247,0.9909818566661137,9.574254035949707,0.8935652375221252,533.0,191.0,80.0,121.0,75,770000000
yolo_final_aisle_v3,28,4.0,-30.0,3.9999999998807008,-30.0000000009866,3.9433768863233083,-29.009018144320486,True,False,-0.05662311355739247,0.9909818566661137,8.782357215881348,0.8935652375221252,533.0,191.0,80.0,121.0,75,835000000
yolo_final_aisle_v3,28,4.0,-30.0,3.9999999998807008,-30.0000000009866,3.9433768863233083,-29.009018144320486,True,False,-0.05662311355739247,0.9909818566661137,7.611699104309082,0.8935652375221252,533.0,191.0,80.0,121.0,75,905000000
yolo_final_aisle_v3,28,4.0,-30.0,3.9999999998807008,-30.0000000009866,3.9433768863233083,-29.009018144320486,True,False,-0.05662311355739247,0.9909818566661137,7.275317192077637,0.8935652375221252,533.0,191.0,80.0,121.0,75,970000000
yolo_final_aisle_v3,28,4.0,-30.0,3.9999999998807008,-30.0000000009866,3.9433768863233083,-29.009018144320486,True,False,-0.05662311355739247,0.9909818566661137,5.2523112297058105,0.8935652375221252,533.0,191.0,80.0,121.0,76,35000000
yolo_final_aisle_v3,28,4.0,-30.0,3.9999999998807008,-30.0000000009866,3.9433768863233083,-29.009018144320486,True,False,-0.05662311355739247,0.9909818566661137,6.033394813537598,0.8935652375221252,533.0,191.0,80.0,121.0,76,100000000
yolo_final_aisle_v3,28,4.0,-30.0,3.9999999998807008,-30.0000000009866,3.9433768863233083,-29.009018144320486,True,False,-0.05662311355739247,0.9909818566661137,5.1625189781188965,0.8935652375221252,533.0,191.0,80.0,121.0,76,165000000
yolo_final_aisle_v3,28,4.0,-30.0,3.9999999998807008,-30.0000000009866,3.9433768863233083,-29.009018144320486,True,False,-0.05662311355739247,0.9909818566661137,5.1625189781188965,0.8935652375221252,533.0,191.0,80.0,121.0,76,235000000
yolo_final_aisle_v3,28,4.0,-30.0,3.9999999998807008,-30.0000000009866,3.9433768863233083,-29.009018144320486,True,False,-0.05662311355739247,0.9909818566661137,5.245511054992676,0.8935652375221252,533.0,191.0,80.0,121.0,76,300000000
yolo_final_aisle_v3,28,4.0,-30.0,3.9999999998807008,-30.0000000009866,3.9433768863233083,-29.009018144320486,True,False,-0.05662311355739247,0.9909818566661137,5.245511054992676,0.8935652375221252,533.0,191.0,80.0,121.0,76,365000000
yolo_final_aisle_v3,28,4.0,-30.0,3.9999999998807008,-30.0000000009866,3.9433768863233083,-29.009018144320486,True,False,-0.05662311355739247,0.9909818566661137,5.163588047027588,0.8935652375221252,533.0,191.0,80.0,121.0,76,430000000
yolo_final_aisle_v3,28,4.0,-30.0,3.9999999998807008,-30.0000000009866,3.9433768863233083,-29.009018144320486,True,False,-0.05662311355739247,0.9909818566661137,5.6666178703308105,0.8935652375221252,533.0,191.0,80.0,121.0,76,495000000
yolo_final_aisle_v3,28,4.0,-30.0,3.9999999998807008,-30.0000000009866,3.9433768863233083,-29.009018144320486,True,False,-0.05662311355739247,0.9909818566661137,5.46044921875,0.8935652375221252,533.0,191.0,80.0,121.0,76,565000000
yolo_final_aisle_v3,28,4.0,-30.0,3.9999999998807008,-30.0000000009866,3.9433768863233083,-29.009018144320486,True,False,-0.05662311355739247,0.9909818566661137,5.164155960083008,0.8935652375221252,533.0,191.0,80.0,121.0,76,630000000
yolo_final_aisle_v3,28,4.0,-30.0,3.9999999998807008,-30.0000000009866,3.9433768863233083,-29.009018144320486,True,False,-0.05662311355739247,0.9909818566661137,5.164155960083008,0.8935652375221252,533.0,191.0,80.0,121.0,76,695000000
yolo_final_aisle_v3,28,4.0,-30.0,3.9999999998807008,-30.0000000009866,3.9433768863233083,-29.009018144320486,True,False,-0.05662311355739247,0.9909818566661137,5.516372203826904,0.8935652375221252,533.0,191.0,80.0,121.0,76,760000000
yolo_final_aisle_v3,28,4.0,-30.0,3.9999999998807008,-30.0000000009866,3.9433768863233083,-29.009018144320486,True,False,-0.05662311355739247,0.9909818566661137,5.708200931549072,0.8935652375221252,533.0,191.0,80.0,121.0,76,825000000
yolo_final_aisle_v3,28,4.0,-30.0,3.9999999998807008,-30.0000000009866,3.9433768863233083,-29.009018144320486,True,False,-0.05662311355739247,0.9909818566661137,5.402070045471191,0.8935652375221252,533.0,191.0,80.0,121.0,76,895000000
yolo_final_aisle_v3,28,4.0,-30.0,3.9999999998807008,-30.0000000009866,3.9433768863233083,-29.009018144320486,True,False,-0.05662311355739247,0.9909818566661137,5.402070045471191,0.8935652375221252,533.0,191.0,80.0,121.0,77,25000000
yolo_final_aisle_v3,28,4.0,-30.0,3.9999999998807008,-30.0000000009866,3.9433768863233083,-29.009018144320486,True,False,-0.05662311355739247,0.9909818566661137,5.4290771484375,0.8935652375221252,533.0,191.0,80.0,121.0,77,90000000
yolo_final_aisle_v3,28,4.0,-30.0,3.9999999998807008,-30.0000000009866,3.9433768863233083,-29.009018144320486,True,False,-0.05662311355739247,0.9909818566661137,7.757511138916016,0.8935652375221252,533.0,191.0,80.0,121.0,77,155000000
yolo_final_aisle_v3,28,4.0,-30.0,3.9999999998807008,-30.0000000009866,3.9433768863233083,-29.009018144320486,True,False,-0.05662311355739247,0.9909818566661137,5.963490009307861,0.8935652375221252,533.0,191.0,80.0,121.0,77,225000000
yolo_final_aisle_v3,29,4.0,-20.0,3.9999999997615077,-19.99999999662964,4.022877381156404,-20.130411291086936,True,True,0.022877381394895924,-0.13041129445729638,9.116795539855957,0.8935652375221252,533.0,191.0,80.0,121.0,77,620000000
yolo_final_aisle_v3,29,4.0,-20.0,3.9999999997615077,-19.99999999662964,4.022877381156404,-20.130411291086936,True,True,0.022877381394895924,-0.13041129445729638,5.403416156768799,0.9556729793548584,442.0,196.0,90.0,111.0,77,685000000
yolo_final_aisle_v3,29,4.0,-20.0,3.9999999997615077,-19.99999999662964,4.022877381156404,-20.130411291086936,True,True,0.022877381394895924,-0.13041129445729638,5.234454154968262,0.9556729793548584,442.0,196.0,90.0,111.0,77,750000000
yolo_final_aisle_v3,29,4.0,-20.0,3.9999999997615077,-19.99999999662964,4.022877381156404,-20.130411291086936,True,True,0.022877381394895924,-0.13041129445729638,7.513696193695068,0.9556729793548584,442.0,196.0,90.0,111.0,77,815000000
yolo_final_aisle_v3,29,4.0,-20.0,3.9999999997615077,-19.99999999662964,4.022877381156404,-20.130411291086936,True,True,0.022877381394895924,-0.13041129445729638,7.513696193695068,0.9556729793548584,442.0,196.0,90.0,111.0,77,885000000
yolo_final_aisle_v3,29,4.0,-20.0,3.9999999997615077,-19.99999999662964,4.022877381156404,-20.130411291086936,True,True,0.022877381394895924,-0.13041129445729638,7.849762916564941,0.9556729793548584,442.0,196.0,90.0,111.0,77,950000000
yolo_final_aisle_v3,29,4.0,-20.0,3.9999999997615077,-19.99999999662964,4.022877381156404,-20.130411291086936,True,True,0.022877381394895924,-0.13041129445729638,7.018595218658447,0.9556729793548584,442.0,196.0,90.0,111.0,78,15000000
yolo_final_aisle_v3,29,4.0,-20.0,3.9999999997615077,-19.99999999662964,4.022877381156404,-20.130411291086936,True,True,0.022877381394895924,-0.13041129445729638,7.018595218658447,0.9556729793548584,442.0,196.0,90.0,111.0,78,80000000
yolo_final_aisle_v3,29,4.0,-20.0,3.9999999997615077,-19.99999999662964,4.022877381156404,-20.130411291086936,True,True,0.022877381394895924,-0.13041129445729638,7.680414199829102,0.9556729793548584,442.0,196.0,90.0,111.0,78,145000000
yolo_final_aisle_v3,29,4.0,-20.0,3.9999999997615077,-19.99999999662964,4.022877381156404,-20.130411291086936,True,True,0.022877381394895924,-0.13041129445729638,7.386984825134277,0.9556729793548584,442.0,196.0,90.0,111.0,78,280000000
yolo_final_aisle_v3,29,4.0,-20.0,3.9999999997615077,-19.99999999662964,4.022877381156404,-20.130411291086936,True,True,0.022877381394895924,-0.13041129445729638,7.440724849700928,0.9556729793548584,442.0,196.0,90.0,111.0,78,345000000
yolo_final_aisle_v3,29,4.0,-20.0,3.9999999997615077,-19.99999999662964,4.022877381156404,-20.130411291086936,True,True,0.022877381394895924,-0.13041129445729638,5.676845073699951,0.9556729793548584,442.0,196.0,90.0,111.0,78,410000000
yolo_final_aisle_v3,29,4.0,-20.0,3.9999999997615077,-19.99999999662964,4.022877381156404,-20.130411291086936,True,True,0.022877381394895924,-0.13041129445729638,5.277184009552002,0.9556729793548584,442.0,196.0,90.0,111.0,78,475000000
yolo_final_aisle_v3,29,4.0,-20.0,3.9999999997615077,-19.99999999662964,4.022877381156404,-20.130411291086936,True,True,0.022877381394895924,-0.13041129445729638,9.15172290802002,0.9556729793548584,442.0,196.0,90.0,111.0,78,545000000
yolo_final_aisle_v3,29,4.0,-20.0,3.9999999997615077,-19.99999999662964,4.022877381156404,-20.130411291086936,True,True,0.022877381394895924,-0.13041129445729638,6.9613800048828125,0.9556729793548584,442.0,196.0,90.0,111.0,78,610000000
yolo_final_aisle_v3,29,4.0,-20.0,3.9999999997615077,-19.99999999662964,4.022877381156404,-20.130411291086936,True,True,0.022877381394895924,-0.13041129445729638,5.302632808685303,0.9556729793548584,442.0,196.0,90.0,111.0,78,675000000
yolo_final_aisle_v3,29,4.0,-20.0,3.9999999997615077,-19.99999999662964,4.022877381156404,-20.130411291086936,True,True,0.022877381394895924,-0.13041129445729638,5.302632808685303,0.9556729793548584,442.0,196.0,90.0,111.0,78,740000000
yolo_final_aisle_v3,29,4.0,-20.0,3.9999999997615077,-19.99999999662964,4.022877381156404,-20.130411291086936,True,True,0.022877381394895924,-0.13041129445729638,5.57305908203125,0.9556729793548584,442.0,196.0,90.0,111.0,78,805000000
yolo_final_aisle_v3,29,4.0,-20.0,3.9999999997615077,-19.99999999662964,4.022877381156404,-20.130411291086936,True,True,0.022877381394895924,-0.13041129445729638,5.103082180023193,0.9556729793548584,442.0,196.0,90.0,111.0,78,875000000
yolo_final_aisle_v3,29,4.0,-20.0,3.9999999997615077,-19.99999999662964,4.022877381156404,-20.130411291086936,True,True,0.022877381394895924,-0.13041129445729638,5.258986949920654,0.9556729793548584,442.0,196.0,90.0,111.0,78,940000000
yolo_final_aisle_v3,29,4.0,-20.0,3.9999999997615077,-19.99999999662964,4.022877381156404,-20.130411291086936,True,True,0.022877381394895924,-0.13041129445729638,5.313283920288086,0.9556729793548584,442.0,196.0,90.0,111.0,79,5000000
yolo_final_aisle_v3,29,4.0,-20.0,3.9999999997615077,-19.99999999662964,4.022877381156404,-20.130411291086936,True,True,0.022877381394895924,-0.13041129445729638,5.60414981842041,0.9556729793548584,442.0,196.0,90.0,111.0,79,70000000
yolo_final_aisle_v3,29,4.0,-20.0,3.9999999997615077,-19.99999999662964,4.022877381156404,-20.130411291086936,True,True,0.022877381394895924,-0.13041129445729638,5.791884899139404,0.9556729793548584,442.0,196.0,90.0,111.0,79,135000000
yolo_final_aisle_v3,29,4.0,-20.0,3.9999999997615077,-19.99999999662964,4.022877381156404,-20.130411291086936,True,True,0.022877381394895924,-0.13041129445729638,5.1311211585998535,0.9556729793548584,442.0,196.0,90.0,111.0,79,205000000
yolo_final_aisle_v3,29,4.0,-20.0,3.9999999997615077,-19.99999999662964,4.022877381156404,-20.130411291086936,True,True,0.022877381394895924,-0.13041129445729638,5.188876152038574,0.9556729793548584,442.0,196.0,90.0,111.0,79,270000000
yolo_final_aisle_v3,29,4.0,-20.0,3.9999999997615077,-19.99999999662964,4.022877381156404,-20.130411291086936,True,True,0.022877381394895924,-0.13041129445729638,5.681117057800293,0.9556729793548584,442.0,196.0,90.0,111.0,79,335000000
yolo_final_aisle_v3,29,4.0,-20.0,3.9999999997615077,-19.99999999662964,4.022877381156404,-20.130411291086936,True,True,0.022877381394895924,-0.13041129445729638,5.681117057800293,0.9556729793548584,442.0,196.0,90.0,111.0,79,400000000
yolo_final_aisle_v3,29,4.0,-20.0,3.9999999997615077,-19.99999999662964,4.022877381156404,-20.130411291086936,True,True,0.022877381394895924,-0.13041129445729638,8.00252628326416,0.9556729793548584,442.0,196.0,90.0,111.0,79,465000000
yolo_final_aisle_v3,29,4.0,-20.0,3.9999999997615077,-19.99999999662964,4.022877381156404,-20.130411291086936,True,True,0.022877381394895924,-0.13041129445729638,8.00252628326416,0.9556729793548584,442.0,196.0,90.0,111.0,79,600000000
yolo_final_aisle_v3,29,4.0,-20.0,3.9999999997615077,-19.99999999662964,4.022877381156404,-20.130411291086936,True,True,0.022877381394895924,-0.13041129445729638,5.62034797668457,0.9556729793548584,442.0,196.0,90.0,111.0,79,665000000
yolo_final_aisle_v3,30,4.0,-10.0,3.9999999999575144,-10.000000000576797,4.029572775775561,-10.132906718143488,True,True,0.029572775818046626,-0.1329067175666907,5.710576057434082,0.9623128175735474,359.0,197.0,84.0,105.0,80,195000000
yolo_final_aisle_v3,30,4.0,-10.0,3.9999999999575144,-10.000000000576797,4.029572775775561,-10.132906718143488,True,True,0.029572775818046626,-0.1329067175666907,6.17265510559082,0.9623128175735474,359.0,197.0,84.0,105.0,80,260000000
yolo_final_aisle_v3,30,4.0,-10.0,3.9999999999575144,-10.000000000576797,4.029572775775561,-10.132906718143488,True,True,0.029572775818046626,-0.1329067175666907,6.600451946258545,0.9623128175735474,359.0,197.0,84.0,105.0,80,325000000
yolo_final_aisle_v3,30,4.0,-10.0,3.9999999999575144,-10.000000000576797,4.029572775775561,-10.132906718143488,True,True,0.029572775818046626,-0.1329067175666907,6.600451946258545,0.9623128175735474,359.0,197.0,84.0,105.0,80,390000000
yolo_final_aisle_v3,30,4.0,-10.0,3.9999999999575144,-10.000000000576797,4.029572775775561,-10.132906718143488,True,True,0.029572775818046626,-0.1329067175666907,12.650924682617188,0.9623128175735474,359.0,197.0,84.0,105.0,80,455000000
yolo_final_aisle_v3,30,4.0,-10.0,3.9999999999575144,-10.000000000576797,4.029572775775561,-10.132906718143488,True,True,0.029572775818046626,-0.1329067175666907,5.530907154083252,0.9623128175735474,359.0,197.0,84.0,105.0,80,525000000
yolo_final_aisle_v3,30,4.0,-10.0,3.9999999999575144,-10.000000000576797,4.029572775775561,-10.132906718143488,True,True,0.029572775818046626,-0.1329067175666907,5.530907154083252,0.9623128175735474,359.0,197.0,84.0,105.0,80,590000000
yolo_final_aisle_v3,30,4.0,-10.0,3.9999999999575144,-10.000000000576797,4.029572775775561,-10.132906718143488,True,True,0.029572775818046626,-0.1329067175666907,7.008358955383301,0.9623128175735474,359.0,197.0,84.0,105.0,80,655000000
yolo_final_aisle_v3,30,4.0,-10.0,3.9999999999575144,-10.000000000576797,4.029572775775561,-10.132906718143488,True,True,0.029572775818046626,-0.1329067175666907,7.008358955383301,0.9623128175735474,359.0,197.0,84.0,105.0,80,720000000
yolo_final_aisle_v3,30,4.0,-10.0,3.9999999999575144,-10.000000000576797,4.029572775775561,-10.132906718143488,True,True,0.029572775818046626,-0.1329067175666907,9.176737785339355,0.9623128175735474,359.0,197.0,84.0,105.0,80,785000000
yolo_final_aisle_v3,30,4.0,-10.0,3.9999999999575144,-10.000000000576797,4.029572775775561,-10.132906718143488,True,True,0.029572775818046626,-0.1329067175666907,7.089707851409912,0.9623128175735474,359.0,197.0,84.0,105.0,80,855000000
yolo_final_aisle_v3,30,4.0,-10.0,3.9999999999575144,-10.000000000576797,4.029572775775561,-10.132906718143488,True,True,0.029572775818046626,-0.1329067175666907,8.263033866882324,0.9623128175735474,359.0,197.0,84.0,105.0,80,920000000
yolo_final_aisle_v3,30,4.0,-10.0,3.9999999999575144,-10.000000000576797,4.029572775775561,-10.132906718143488,True,True,0.029572775818046626,-0.1329067175666907,8.263033866882324,0.9623128175735474,359.0,197.0,84.0,105.0,80,985000000
yolo_final_aisle_v3,30,4.0,-10.0,3.9999999999575144,-10.000000000576797,4.029572775775561,-10.132906718143488,True,True,0.029572775818046626,-0.1329067175666907,8.293437004089355,0.9623128175735474,359.0,197.0,84.0,105.0,81,50000000
yolo_final_aisle_v3,30,4.0,-10.0,3.9999999999575144,-10.000000000576797,4.029572775775561,-10.132906718143488,True,True,0.029572775818046626,-0.1329067175666907,8.104540824890137,0.9623128175735474,359.0,197.0,84.0,105.0,81,185000000
yolo_final_aisle_v3,30,4.0,-10.0,3.9999999999575144,-10.000000000576797,4.029572775775561,-10.132906718143488,True,True,0.029572775818046626,-0.1329067175666907,8.911856651306152,0.9623128175735474,359.0,197.0,84.0,105.0,81,250000000
yolo_final_aisle_v3,30,4.0,-10.0,3.9999999999575144,-10.000000000576797,4.029572775775561,-10.132906718143488,True,True,0.029572775818046626,-0.1329067175666907,5.250513076782227,0.9623128175735474,359.0,197.0,84.0,105.0,81,315000000
yolo_final_aisle_v3,30,4.0,-10.0,3.9999999999575144,-10.000000000576797,4.029572775775561,-10.132906718143488,True,True,0.029572775818046626,-0.1329067175666907,5.877534866333008,0.9623128175735474,359.0,197.0,84.0,105.0,81,380000000
yolo_final_aisle_v3,30,4.0,-10.0,3.9999999999575144,-10.000000000576797,4.029572775775561,-10.132906718143488,True,True,0.029572775818046626,-0.1329067175666907,5.580772876739502,0.9623128175735474,359.0,197.0,84.0,105.0,81,445000000
yolo_final_aisle_v3,30,4.0,-10.0,3.9999999999575144,-10.000000000576797,4.029572775775561,-10.132906718143488,True,True,0.029572775818046626,-0.1329067175666907,5.902019023895264,0.9623128175735474,359.0,197.0,84.0,105.0,81,580000000
yolo_final_aisle_v3,30,4.0,-10.0,3.9999999999575144,-10.000000000576797,4.029572775775561,-10.132906718143488,True,True,0.029572775818046626,-0.1329067175666907,5.4858927726745605,0.9623128175735474,359.0,197.0,84.0,105.0,81,645000000
yolo_final_aisle_v3,30,4.0,-10.0,3.9999999999575144,-10.000000000576797,4.029572775775561,-10.132906718143488,True,True,0.029572775818046626,-0.1329067175666907,5.474143028259277,0.9623128175735474,359.0,197.0,84.0,105.0,81,710000000
yolo_final_aisle_v3,30,4.0,-10.0,3.9999999999575144,-10.000000000576797,4.029572775775561,-10.132906718143488,True,True,0.029572775818046626,-0.1329067175666907,5.618474960327148,0.9623128175735474,359.0,197.0,84.0,105.0,81,775000000
yolo_final_aisle_v3,30,4.0,-10.0,3.9999999999575144,-10.000000000576797,4.029572775775561,-10.132906718143488,True,True,0.029572775818046626,-0.1329067175666907,5.261230945587158,0.9623128175735474,359.0,197.0,84.0,105.0,81,845000000
yolo_final_aisle_v3,30,4.0,-10.0,3.9999999999575144,-10.000000000576797,4.029572775775561,-10.132906718143488,True,True,0.029572775818046626,-0.1329067175666907,5.360538005828857,0.9623128175735474,359.0,197.0,84.0,105.0,81,910000000
yolo_final_aisle_v3,30,4.0,-10.0,3.9999999999575144,-10.000000000576797,4.029572775775561,-10.132906718143488,True,True,0.029572775818046626,-0.1329067175666907,5.281432151794434,0.9623128175735474,359.0,197.0,84.0,105.0,81,975000000
yolo_final_aisle_v3,30,4.0,-10.0,3.9999999999575144,-10.000000000576797,4.029572775775561,-10.132906718143488,True,True,0.029572775818046626,-0.1329067175666907,5.281432151794434,0.9623128175735474,359.0,197.0,84.0,105.0,82,40000000
yolo_final_aisle_v3,30,4.0,-10.0,3.9999999999575144,-10.000000000576797,4.029572775775561,-10.132906718143488,True,True,0.029572775818046626,-0.1329067175666907,5.589179992675781,0.9623128175735474,359.0,197.0,84.0,105.0,82,105000000
yolo_final_aisle_v3,30,4.0,-10.0,3.9999999999575144,-10.000000000576797,4.029572775775561,-10.132906718143488,True,True,0.029572775818046626,-0.1329067175666907,5.717832088470459,0.9623128175735474,359.0,197.0,84.0,105.0,82,175000000
yolo_final_aisle_v3,30,4.0,-10.0,3.9999999999575144,-10.000000000576797,4.029572775775561,-10.132906718143488,True,True,0.029572775818046626,-0.1329067175666907,5.2760539054870605,0.9623128175735474,359.0,197.0,84.0,105.0,82,240000000
yolo_final_aisle_v3,31,4.0,0.0,3.9999999999999996,0.0,4.015530424445188,0.011814811214842425,True,True,0.015530424445188817,0.011814811214842425,5.263513088226318,0.9768187999725342,279.0,198.0,81.0,104.0,82,765000000
yolo_final_aisle_v3,31,4.0,0.0,3.9999999999999996,0.0,4.015530424445188,0.011814811214842425,True,True,0.015530424445188817,0.011814811214842425,5.135238170623779,0.9768187999725342,279.0,198.0,81.0,104.0,82,835000000
yolo_final_aisle_v3,31,4.0,0.0,3.9999999999999996,0.0,4.015530424445188,0.011814811214842425,True,True,0.015530424445188817,0.011814811214842425,8.074846267700195,0.9768187999725342,279.0,198.0,81.0,104.0,82,900000000
yolo_final_aisle_v3,31,4.0,0.0,3.9999999999999996,0.0,4.015530424445188,0.011814811214842425,True,True,0.015530424445188817,0.011814811214842425,5.493672847747803,0.9768187999725342,279.0,198.0,81.0,104.0,82,965000000
yolo_final_aisle_v3,31,4.0,0.0,3.9999999999999996,0.0,4.015530424445188,0.011814811214842425,True,True,0.015530424445188817,0.011814811214842425,5.493672847747803,0.9768187999725342,279.0,198.0,81.0,104.0,83,95000000
yolo_final_aisle_v3,31,4.0,0.0,3.9999999999999996,0.0,4.015530424445188,0.011814811214842425,True,True,0.015530424445188817,0.011814811214842425,5.664133071899414,0.9768187999725342,279.0,198.0,81.0,104.0,83,165000000
yolo_final_aisle_v3,31,4.0,0.0,3.9999999999999996,0.0,4.015530424445188,0.011814811214842425,True,True,0.015530424445188817,0.011814811214842425,8.283902168273926,0.9768187999725342,279.0,198.0,81.0,104.0,83,230000000
yolo_final_aisle_v3,31,4.0,0.0,3.9999999999999996,0.0,4.015530424445188,0.011814811214842425,True,True,0.015530424445188817,0.011814811214842425,8.283902168273926,0.9768187999725342,279.0,198.0,81.0,104.0,83,360000000
yolo_final_aisle_v3,31,4.0,0.0,3.9999999999999996,0.0,4.015530424445188,0.011814811214842425,True,True,0.015530424445188817,0.011814811214842425,7.4875102043151855,0.9768187999725342,279.0,198.0,81.0,104.0,83,425000000
yolo_final_aisle_v3,31,4.0,0.0,3.9999999999999996,0.0,4.015530424445188,0.011814811214842425,True,True,0.015530424445188817,0.011814811214842425,7.691425800323486,0.9768187999725342,279.0,198.0,81.0,104.0,83,625000000
yolo_final_aisle_v3,31,4.0,0.0,3.9999999999999996,0.0,4.015530424445188,0.011814811214842425,True,True,0.015530424445188817,0.011814811214842425,5.52048397064209,0.9768187999725342,279.0,198.0,81.0,104.0,83,690000000
yolo_final_aisle_v3,31,4.0,0.0,3.9999999999999996,0.0,4.015530424445188,0.011814811214842425,True,True,0.015530424445188817,0.011814811214842425,5.52048397064209,0.9768187999725342,279.0,198.0,81.0,104.0,83,755000000
yolo_final_aisle_v3,31,4.0,0.0,3.9999999999999996,0.0,4.015530424445188,0.011814811214842425,True,True,0.015530424445188817,0.011814811214842425,5.069636821746826,0.9768187999725342,279.0,198.0,81.0,104.0,83,890000000
yolo_final_aisle_v3,31,4.0,0.0,3.9999999999999996,0.0,4.015530424445188,0.011814811214842425,True,True,0.015530424445188817,0.011814811214842425,5.152931213378906,0.9768187999725342,279.0,198.0,81.0,104.0,83,955000000
yolo_final_aisle_v3,31,4.0,0.0,3.9999999999999996,0.0,4.015530424445188,0.011814811214842425,True,True,0.015530424445188817,0.011814811214842425,5.174653053283691,0.9768187999725342,279.0,198.0,81.0,104.0,84,20000000
yolo_final_aisle_v3,31,4.0,0.0,3.9999999999999996,0.0,4.015530424445188,0.011814811214842425,True,True,0.015530424445188817,0.011814811214842425,5.174653053283691,0.9768187999725342,279.0,198.0,81.0,104.0,84,85000000
yolo_final_aisle_v3,31,4.0,0.0,3.9999999999999996,0.0,4.015530424445188,0.011814811214842425,True,True,0.015530424445188817,0.011814811214842425,5.252417087554932,0.9768187999725342,279.0,198.0,81.0,104.0,84,155000000
yolo_final_aisle_v3,31,4.0,0.0,3.9999999999999996,0.0,4.015530424445188,0.011814811214842425,True,True,0.015530424445188817,0.011814811214842425,5.281642913818359,0.9768187999725342,279.0,198.0,81.0,104.0,84,220000000
yolo_final_aisle_v3,31,4.0,0.0,3.9999999999999996,0.0,4.015530424445188,0.011814811214842425,True,True,0.015530424445188817,0.011814811214842425,5.75783109664917,0.9768187999725342,279.0,198.0,81.0,104.0,84,285000000
yolo_final_aisle_v3,31,4.0,0.0,3.9999999999999996,0.0,4.015530424445188,0.011814811214842425,True,True,0.015530424445188817,0.011814811214842425,5.3507890701293945,0.9768187999725342,279.0,198.0,81.0,104.0,84,350000000
yolo_final_aisle_v3,31,4.0,0.0,3.9999999999999996,0.0,4.015530424445188,0.011814811214842425,True,True,0.015530424445188817,0.011814811214842425,6.607643127441406,0.9768187999725342,279.0,198.0,81.0,104.0,84,415000000
yolo_final_aisle_v3,31,4.0,0.0,3.9999999999999996,0.0,4.015530424445188,0.011814811214842425,True,True,0.015530424445188817,0.011814811214842425,5.982344150543213,0.9768187999725342,279.0,198.0,81.0,104.0,84,485000000
yolo_final_aisle_v3,31,4.0,0.0,3.9999999999999996,0.0,4.015530424445188,0.011814811214842425,True,True,0.015530424445188817,0.011814811214842425,6.00096321105957,0.9768187999725342,279.0,198.0,81.0,104.0,84,615000000
yolo_final_aisle_v3,31,4.0,0.0,3.9999999999999996,0.0,4.015530424445188,0.011814811214842425,True,True,0.015530424445188817,0.011814811214842425,5.854067802429199,0.9768187999725342,279.0,198.0,81.0,104.0,84,680000000
yolo_final_aisle_v3,31,4.0,0.0,3.9999999999999996,0.0,4.015530424445188,0.011814811214842425,True,True,0.015530424445188817,0.011814811214842425,5.854067802429199,0.9768187999725342,279.0,198.0,81.0,104.0,84,745000000
yolo_final_aisle_v3,31,4.0,0.0,3.9999999999999996,0.0,4.015530424445188,0.011814811214842425,True,True,0.015530424445188817,0.011814811214842425,5.613550186157227,0.9768187999725342,279.0,198.0,81.0,104.0,84,815000000
yolo_final_aisle_v3,31,4.0,0.0,3.9999999999999996,0.0,4.015530424445188,0.011814811214842425,True,True,0.015530424445188817,0.011814811214842425,5.613550186157227,0.9768187999725342,279.0,198.0,81.0,104.0,84,880000000
yolo_final_aisle_v3,31,4.0,0.0,3.9999999999999996,0.0,4.015530424445188,0.011814811214842425,True,True,0.015530424445188817,0.011814811214842425,7.68972110748291,0.9768187999725342,279.0,198.0,81.0,104.0,84,945000000
yolo_final_aisle_v3,31,4.0,0.0,3.9999999999999996,0.0,4.015530424445188,0.011814811214842425,True,True,0.015530424445188817,0.011814811214842425,5.412576198577881,0.9768187999725342,279.0,198.0,81.0,104.0,85,10000000
yolo_final_aisle_v3,31,4.0,0.0,3.9999999999999996,0.0,4.015530424445188,0.011814811214842425,True,True,0.015530424445188817,0.011814811214842425,5.412576198577881,0.9768187999725342,279.0,198.0,81.0,104.0,85,75000000
yolo_final_aisle_v3,32,4.0,10.0,3.9999999999575144,10.000000000576797,4.019266552103422,10.022120243090484,True,True,0.019266552145907223,0.022120242513686605,5.252508163452148,0.9768187999725342,279.0,198.0,81.0,104.0,85,540000000
yolo_final_aisle_v3,32,4.0,10.0,3.9999999999575144,10.000000000576797,4.019266552103422,10.022120243090484,True,True,0.019266552145907223,0.022120242513686605,5.797595024108887,0.9675967693328857,197.0,197.0,83.0,106.0,85,605000000
yolo_final_aisle_v3,32,4.0,10.0,3.9999999999575144,10.000000000576797,4.019266552103422,10.022120243090484,True,True,0.019266552145907223,0.022120242513686605,5.3412299156188965,0.9675967693328857,197.0,197.0,83.0,106.0,85,670000000
yolo_final_aisle_v3,32,4.0,10.0,3.9999999999575144,10.000000000576797,4.019266552103422,10.022120243090484,True,True,0.019266552145907223,0.022120242513686605,5.3412299156188965,0.9675967693328857,197.0,197.0,83.0,106.0,85,735000000
yolo_final_aisle_v3,32,4.0,10.0,3.9999999999575144,10.000000000576797,4.019266552103422,10.022120243090484,True,True,0.019266552145907223,0.022120242513686605,7.525759220123291,0.9675967693328857,197.0,197.0,83.0,106.0,85,805000000
yolo_final_aisle_v3,32,4.0,10.0,3.9999999999575144,10.000000000576797,4.019266552103422,10.022120243090484,True,True,0.019266552145907223,0.022120242513686605,5.334886074066162,0.9675967693328857,197.0,197.0,83.0,106.0,85,870000000
yolo_final_aisle_v3,32,4.0,10.0,3.9999999999575144,10.000000000576797,4.019266552103422,10.022120243090484,True,True,0.019266552145907223,0.022120242513686605,8.460843086242676,0.9675967693328857,197.0,197.0,83.0,106.0,85,935000000
yolo_final_aisle_v3,32,4.0,10.0,3.9999999999575144,10.000000000576797,4.019266552103422,10.022120243090484,True,True,0.019266552145907223,0.022120242513686605,7.924291133880615,0.9675967693328857,197.0,197.0,83.0,106.0,86,0
yolo_final_aisle_v3,32,4.0,10.0,3.9999999999575144,10.000000000576797,4.019266552103422,10.022120243090484,True,True,0.019266552145907223,0.022120242513686605,7.924291133880615,0.9675967693328857,197.0,197.0,83.0,106.0,86,65000000
yolo_final_aisle_v3,32,4.0,10.0,3.9999999999575144,10.000000000576797,4.019266552103422,10.022120243090484,True,True,0.019266552145907223,0.022120242513686605,8.25399112701416,0.9675967693328857,197.0,197.0,83.0,106.0,86,135000000
yolo_final_aisle_v3,32,4.0,10.0,3.9999999999575144,10.000000000576797,4.019266552103422,10.022120243090484,True,True,0.019266552145907223,0.022120242513686605,7.336791038513184,0.9675967693328857,197.0,197.0,83.0,106.0,86,200000000
yolo_final_aisle_v3,32,4.0,10.0,3.9999999999575144,10.000000000576797,4.019266552103422,10.022120243090484,True,True,0.019266552145907223,0.022120242513686605,8.16211986541748,0.9675967693328857,197.0,197.0,83.0,106.0,86,265000000
yolo_final_aisle_v3,32,4.0,10.0,3.9999999999575144,10.000000000576797,4.019266552103422,10.022120243090484,True,True,0.019266552145907223,0.022120242513686605,5.2539591789245605,0.9675967693328857,197.0,197.0,83.0,106.0,86,330000000
yolo_final_aisle_v3,32,4.0,10.0,3.9999999999575144,10.000000000576797,4.019266552103422,10.022120243090484,True,True,0.019266552145907223,0.022120242513686605,6.538945198059082,0.9675967693328857,197.0,197.0,83.0,106.0,86,395000000
yolo_final_aisle_v3,32,4.0,10.0,3.9999999999575144,10.000000000576797,4.019266552103422,10.022120243090484,True,True,0.019266552145907223,0.022120242513686605,8.364742279052734,0.9675967693328857,197.0,197.0,83.0,106.0,86,465000000
yolo_final_aisle_v3,32,4.0,10.0,3.9999999999575144,10.000000000576797,4.019266552103422,10.022120243090484,True,True,0.019266552145907223,0.022120242513686605,8.364742279052734,0.9675967693328857,197.0,197.0,83.0,106.0,86,530000000
yolo_final_aisle_v3,32,4.0,10.0,3.9999999999575144,10.000000000576797,4.019266552103422,10.022120243090484,True,True,0.019266552145907223,0.022120242513686605,5.249941825866699,0.9675967693328857,197.0,197.0,83.0,106.0,86,595000000
yolo_final_aisle_v3,32,4.0,10.0,3.9999999999575144,10.000000000576797,4.019266552103422,10.022120243090484,True,True,0.019266552145907223,0.022120242513686605,5.114077091217041,0.9675967693328857,197.0,197.0,83.0,106.0,86,660000000
yolo_final_aisle_v3,32,4.0,10.0,3.9999999999575144,10.000000000576797,4.019266552103422,10.022120243090484,True,True,0.019266552145907223,0.022120242513686605,5.425907135009766,0.9675967693328857,197.0,197.0,83.0,106.0,86,725000000
yolo_final_aisle_v3,32,4.0,10.0,3.9999999999575144,10.000000000576797,4.019266552103422,10.022120243090484,True,True,0.019266552145907223,0.022120242513686605,5.425907135009766,0.9675967693328857,197.0,197.0,83.0,106.0,86,795000000
yolo_final_aisle_v3,32,4.0,10.0,3.9999999999575144,10.000000000576797,4.019266552103422,10.022120243090484,True,True,0.019266552145907223,0.022120242513686605,5.170691013336182,0.9675967693328857,197.0,197.0,83.0,106.0,86,860000000
yolo_final_aisle_v3,32,4.0,10.0,3.9999999999575144,10.000000000576797,4.019266552103422,10.022120243090484,True,True,0.019266552145907223,0.022120242513686605,5.756107807159424,0.9675967693328857,197.0,197.0,83.0,106.0,86,990000000
yolo_final_aisle_v3,32,4.0,10.0,3.9999999999575144,10.000000000576797,4.019266552103422,10.022120243090484,True,True,0.019266552145907223,0.022120242513686605,5.756107807159424,0.9675967693328857,197.0,197.0,83.0,106.0,87,55000000
yolo_final_aisle_v3,32,4.0,10.0,3.9999999999575144,10.000000000576797,4.019266552103422,10.022120243090484,True,True,0.019266552145907223,0.022120242513686605,5.177295207977295,0.9675967693328857,197.0,197.0,83.0,106.0,87,125000000
yolo_final_aisle_v3,32,4.0,10.0,3.9999999999575144,10.000000000576797,4.019266552103422,10.022120243090484,True,True,0.019266552145907223,0.022120242513686605,5.848386764526367,0.9675967693328857,197.0,197.0,83.0,106.0,87,190000000
yolo_final_aisle_v3,32,4.0,10.0,3.9999999999575144,10.000000000576797,4.019266552103422,10.022120243090484,True,True,0.019266552145907223,0.022120242513686605,5.848386764526367,0.9675967693328857,197.0,197.0,83.0,106.0,87,255000000
yolo_final_aisle_v3,32,4.0,10.0,3.9999999999575144,10.000000000576797,4.019266552103422,10.022120243090484,True,True,0.019266552145907223,0.022120242513686605,7.000165939331055,0.9675967693328857,197.0,197.0,83.0,106.0,87,320000000
yolo_final_aisle_v3,32,4.0,10.0,3.9999999999575144,10.000000000576797,4.019266552103422,10.022120243090484,True,True,0.019266552145907223,0.022120242513686605,7.000165939331055,0.9675967693328857,197.0,197.0,83.0,106.0,87,385000000
yolo_final_aisle_v3,32,4.0,10.0,3.9999999999575144,10.000000000576797,4.019266552103422,10.022120243090484,True,True,0.019266552145907223,0.022120242513686605,5.958576202392578,0.9675967693328857,197.0,197.0,83.0,106.0,87,455000000
yolo_final_aisle_v3,32,4.0,10.0,3.9999999999575144,10.000000000576797,4.019266552103422,10.022120243090484,True,True,0.019266552145907223,0.022120242513686605,5.958576202392578,0.9675967693328857,197.0,197.0,83.0,106.0,87,520000000
yolo_final_aisle_v3,33,4.0,20.0,3.999999999761507,19.999999996629636,4.004012623088172,19.983516526480795,True,True,0.004012623326664411,-0.01648347014884166,7.20642614364624,0.9675967693328857,197.0,197.0,83.0,106.0,87,915000000
yolo_final_aisle_v3,33,4.0,20.0,3.999999999761507,19.999999996629636,4.004012623088172,19.983516526480795,True,True,0.004012623326664411,-0.01648347014884166,6.9791741371154785,0.9707231521606445,110.0,195.0,88.0,111.0,87,980000000
yolo_final_aisle_v3,33,4.0,20.0,3.999999999761507,19.999999996629636,4.004012623088172,19.983516526480795,True,True,0.004012623326664411,-0.01648347014884166,6.933551788330078,0.9707231521606445,110.0,195.0,88.0,111.0,88,45000000
yolo_final_aisle_v3,33,4.0,20.0,3.999999999761507,19.999999996629636,4.004012623088172,19.983516526480795,True,True,0.004012623326664411,-0.01648347014884166,5.6738080978393555,0.9707231521606445,110.0,195.0,88.0,111.0,88,115000000
yolo_final_aisle_v3,33,4.0,20.0,3.999999999761507,19.999999996629636,4.004012623088172,19.983516526480795,True,True,0.004012623326664411,-0.01648347014884166,5.817990779876709,0.9707231521606445,110.0,195.0,88.0,111.0,88,180000000
yolo_final_aisle_v3,33,4.0,20.0,3.999999999761507,19.999999996629636,4.004012623088172,19.983516526480795,True,True,0.004012623326664411,-0.01648347014884166,5.934329986572266,0.9707231521606445,110.0,195.0,88.0,111.0,88,245000000
yolo_final_aisle_v3,33,4.0,20.0,3.999999999761507,19.999999996629636,4.004012623088172,19.983516526480795,True,True,0.004012623326664411,-0.01648347014884166,7.668734073638916,0.9707231521606445,110.0,195.0,88.0,111.0,88,310000000
yolo_final_aisle_v3,33,4.0,20.0,3.999999999761507,19.999999996629636,4.004012623088172,19.983516526480795,True,True,0.004012623326664411,-0.01648347014884166,8.115124702453613,0.9707231521606445,110.0,195.0,88.0,111.0,88,375000000
yolo_final_aisle_v3,33,4.0,20.0,3.999999999761507,19.999999996629636,4.004012623088172,19.983516526480795,True,True,0.004012623326664411,-0.01648347014884166,5.365746974945068,0.9707231521606445,110.0,195.0,88.0,111.0,88,445000000
yolo_final_aisle_v3,33,4.0,20.0,3.999999999761507,19.999999996629636,4.004012623088172,19.983516526480795,True,True,0.004012623326664411,-0.01648347014884166,7.274898052215576,0.9707231521606445,110.0,195.0,88.0,111.0,88,510000000
yolo_final_aisle_v3,33,4.0,20.0,3.999999999761507,19.999999996629636,4.004012623088172,19.983516526480795,True,True,0.004012623326664411,-0.01648347014884166,7.782810211181641,0.9707231521606445,110.0,195.0,88.0,111.0,88,575000000
yolo_final_aisle_v3,33,4.0,20.0,3.999999999761507,19.999999996629636,4.004012623088172,19.983516526480795,True,True,0.004012623326664411,-0.01648347014884166,7.725449085235596,0.9707231521606445,110.0,195.0,88.0,111.0,88,640000000
yolo_final_aisle_v3,33,4.0,20.0,3.999999999761507,19.999999996629636,4.004012623088172,19.983516526480795,True,True,0.004012623326664411,-0.01648347014884166,8.899544715881348,0.9707231521606445,110.0,195.0,88.0,111.0,88,705000000
yolo_final_aisle_v3,33,4.0,20.0,3.999999999761507,19.999999996629636,4.004012623088172,19.983516526480795,True,True,0.004012623326664411,-0.01648347014884166,8.899544715881348,0.9707231521606445,110.0,195.0,88.0,111.0,88,775000000
yolo_final_aisle_v3,33,4.0,20.0,3.999999999761507,19.999999996629636,4.004012623088172,19.983516526480795,True,True,0.004012623326664411,-0.01648347014884166,7.938284873962402,0.9707231521606445,110.0,195.0,88.0,111.0,88,840000000
yolo_final_aisle_v3,33,4.0,20.0,3.999999999761507,19.999999996629636,4.004012623088172,19.983516526480795,True,True,0.004012623326664411,-0.01648347014884166,5.510108947753906,0.9707231521606445,110.0,195.0,88.0,111.0,88,905000000
yolo_final_aisle_v3,33,4.0,20.0,3.999999999761507,19.999999996629636,4.004012623088172,19.983516526480795,True,True,0.004012623326664411,-0.01648347014884166,5.510108947753906,0.9707231521606445,110.0,195.0,88.0,111.0,88,970000000
yolo_final_aisle_v3,33,4.0,20.0,3.999999999761507,19.999999996629636,4.004012623088172,19.983516526480795,True,True,0.004012623326664411,-0.01648347014884166,5.465232849121094,0.9707231521606445,110.0,195.0,88.0,111.0,89,35000000
yolo_final_aisle_v3,33,4.0,20.0,3.999999999761507,19.999999996629636,4.004012623088172,19.983516526480795,True,True,0.004012623326664411,-0.01648347014884166,6.786778926849365,0.9707231521606445,110.0,195.0,88.0,111.0,89,105000000
yolo_final_aisle_v3,33,4.0,20.0,3.999999999761507,19.999999996629636,4.004012623088172,19.983516526480795,True,True,0.004012623326664411,-0.01648347014884166,6.786778926849365,0.9707231521606445,110.0,195.0,88.0,111.0,89,170000000
yolo_final_aisle_v3,33,4.0,20.0,3.999999999761507,19.999999996629636,4.004012623088172,19.983516526480795,True,True,0.004012623326664411,-0.01648347014884166,5.271958827972412,0.9707231521606445,110.0,195.0,88.0,111.0,89,235000000
yolo_final_aisle_v3,33,4.0,20.0,3.999999999761507,19.999999996629636,4.004012623088172,19.983516526480795,True,True,0.004012623326664411,-0.01648347014884166,5.614375114440918,0.9707231521606445,110.0,195.0,88.0,111.0,89,300000000
yolo_final_aisle_v3,33,4.0,20.0,3.999999999761507,19.999999996629636,4.004012623088172,19.983516526480795,True,True,0.004012623326664411,-0.01648347014884166,5.614375114440918,0.9707231521606445,110.0,195.0,88.0,111.0,89,365000000
yolo_final_aisle_v3,33,4.0,20.0,3.999999999761507,19.999999996629636,4.004012623088172,19.983516526480795,True,True,0.004012623326664411,-0.01648347014884166,5.275045871734619,0.9707231521606445,110.0,195.0,88.0,111.0,89,435000000
yolo_final_aisle_v3,33,4.0,20.0,3.999999999761507,19.999999996629636,4.004012623088172,19.983516526480795,True,True,0.004012623326664411,-0.01648347014884166,5.281501770019531,0.9707231521606445,110.0,195.0,88.0,111.0,89,500000000
yolo_final_aisle_v3,33,4.0,20.0,3.999999999761507,19.999999996629636,4.004012623088172,19.983516526480795,True,True,0.004012623326664411,-0.01648347014884166,5.831912994384766,0.9707231521606445,110.0,195.0,88.0,111.0,89,565000000
yolo_final_aisle_v3,33,4.0,20.0,3.999999999761507,19.999999996629636,4.004012623088172,19.983516526480795,True,True,0.004012623326664411,-0.01648347014884166,5.680593967437744,0.9707231521606445,110.0,195.0,88.0,111.0,89,630000000
yolo_final_aisle_v3,33,4.0,20.0,3.999999999761507,19.999999996629636,4.004012623088172,19.983516526480795,True,True,0.004012623326664411,-0.01648347014884166,5.458517074584961,0.9707231521606445,110.0,195.0,88.0,111.0,89,695000000
yolo_final_aisle_v3,33,4.0,20.0,3.999999999761507,19.999999996629636,4.004012623088172,19.983516526480795,True,True,0.004012623326664411,-0.01648347014884166,5.231657028198242,0.9707231521606445,110.0,195.0,88.0,111.0,89,765000000
yolo_final_aisle_v3,33,4.0,20.0,3.999999999761507,19.999999996629636,4.004012623088172,19.983516526480795,True,True,0.004012623326664411,-0.01648347014884166,5.231657028198242,0.9707231521606445,110.0,195.0,88.0,111.0,89,895000000
yolo_final_aisle_v3,34,4.0,30.0,3.9999999998807008,30.0000000009866,4.004809664133037,30.043842938652578,True,True,0.004809664252336532,0.043842937665978354,5.425948143005371,0.9707231521606445,110.0,195.0,88.0,111.0,90,355000000
yolo_final_aisle_v3,34,4.0,30.0,3.9999999998807008,30.0000000009866,4.004809664133037,30.043842938652578,True,True,0.004809664252336532,0.043842937665978354,5.413258075714111,0.9701491594314575,7.0,192.0,97.0,121.0,90,425000000
yolo_final_aisle_v3,34,4.0,30.0,3.9999999998807008,30.0000000009866,4.004809664133037,30.043842938652578,True,True,0.004809664252336532,0.043842937665978354,5.413258075714111,0.9701491594314575,7.0,192.0,97.0,121.0,90,490000000
yolo_final_aisle_v3,34,4.0,30.0,3.9999999998807008,30.0000000009866,4.004809664133037,30.043842938652578,True,True,0.004809664252336532,0.043842937665978354,5.750740051269531,0.9701491594314575,7.0,192.0,97.0,121.0,90,555000000
yolo_final_aisle_v3,34,4.0,30.0,3.9999999998807008,30.0000000009866,4.004809664133037,30.043842938652578,True,True,0.004809664252336532,0.043842937665978354,5.393542766571045,0.9701491594314575,7.0,192.0,97.0,121.0,90,620000000
yolo_final_aisle_v3,34,4.0,30.0,3.9999999998807008,30.0000000009866,4.004809664133037,30.043842938652578,True,True,0.004809664252336532,0.043842937665978354,6.442864894866943,0.9701491594314575,7.0,192.0,97.0,121.0,90,685000000
yolo_final_aisle_v3,34,4.0,30.0,3.9999999998807008,30.0000000009866,4.004809664133037,30.043842938652578,True,True,0.004809664252336532,0.043842937665978354,5.300335884094238,0.9701491594314575,7.0,192.0,97.0,121.0,90,820000000
yolo_final_aisle_v3,34,4.0,30.0,3.9999999998807008,30.0000000009866,4.004809664133037,30.043842938652578,True,True,0.004809664252336532,0.043842937665978354,5.837716102600098,0.9701491594314575,7.0,192.0,97.0,121.0,90,885000000
yolo_final_aisle_v3,34,4.0,30.0,3.9999999998807008,30.0000000009866,4.004809664133037,30.043842938652578,True,True,0.004809664252336532,0.043842937665978354,7.506368160247803,0.9701491594314575,7.0,192.0,97.0,121.0,91,15000000
yolo_final_aisle_v3,34,4.0,30.0,3.9999999998807008,30.0000000009866,4.004809664133037,30.043842938652578,True,True,0.004809664252336532,0.043842937665978354,5.3676981925964355,0.9701491594314575,7.0,192.0,97.0,121.0,91,85000000
yolo_final_aisle_v3,34,4.0,30.0,3.9999999998807008,30.0000000009866,4.004809664133037,30.043842938652578,True,True,0.004809664252336532,0.043842937665978354,8.3276948928833,0.9701491594314575,7.0,192.0,97.0,121.0,91,150000000
yolo_final_aisle_v3,34,4.0,30.0,3.9999999998807008,30.0000000009866,4.004809664133037,30.043842938652578,True,True,0.004809664252336532,0.043842937665978354,7.21967077255249,0.9701491594314575,7.0,192.0,97.0,121.0,91,280000000
yolo_final_aisle_v3,34,4.0,30.0,3.9999999998807008,30.0000000009866,4.004809664133037,30.043842938652578,True,True,0.004809664252336532,0.043842937665978354,7.21967077255249,0.9701491594314575,7.0,192.0,97.0,121.0,91,345000000
yolo_final_aisle_v3,34,4.0,30.0,3.9999999998807008,30.0000000009866,4.004809664133037,30.043842938652578,True,True,0.004809664252336532,0.043842937665978354,7.596979141235352,0.9701491594314575,7.0,192.0,97.0,121.0,91,415000000
yolo_final_aisle_v3,34,4.0,30.0,3.9999999998807008,30.0000000009866,4.004809664133037,30.043842938652578,True,True,0.004809664252336532,0.043842937665978354,7.5447468757629395,0.9701491594314575,7.0,192.0,97.0,121.0,91,480000000
yolo_final_aisle_v3,34,4.0,30.0,3.9999999998807008,30.0000000009866,4.004809664133037,30.043842938652578,True,True,0.004809664252336532,0.043842937665978354,5.286736965179443,0.9701491594314575,7.0,192.0,97.0,121.0,91,545000000
yolo_final_aisle_v3,34,4.0,30.0,3.9999999998807008,30.0000000009866,4.004809664133037,30.043842938652578,True,True,0.004809664252336532,0.043842937665978354,5.842926979064941,0.9701491594314575,7.0,192.0,97.0,121.0,91,610000000
yolo_final_aisle_v3,34,4.0,30.0,3.9999999998807008,30.0000000009866,4.004809664133037,30.043842938652578,True,True,0.004809664252336532,0.043842937665978354,5.132361888885498,0.9701491594314575,7.0,192.0,97.0,121.0,91,675000000
yolo_final_aisle_v3,34,4.0,30.0,3.9999999998807008,30.0000000009866,4.004809664133037,30.043842938652578,True,True,0.004809664252336532,0.043842937665978354,5.132361888885498,0.9701491594314575,7.0,192.0,97.0,121.0,91,745000000
yolo_final_aisle_v3,34,4.0,30.0,3.9999999998807008,30.0000000009866,4.004809664133037,30.043842938652578,True,True,0.004809664252336532,0.043842937665978354,7.660314083099365,0.9701491594314575,7.0,192.0,97.0,121.0,91,810000000
yolo_final_aisle_v3,34,4.0,30.0,3.9999999998807008,30.0000000009866,4.004809664133037,30.043842938652578,True,True,0.004809664252336532,0.043842937665978354,5.342258930206299,0.9701491594314575,7.0,192.0,97.0,121.0,91,875000000
yolo_final_aisle_v3,34,4.0,30.0,3.9999999998807008,30.0000000009866,4.004809664133037,30.043842938652578,True,True,0.004809664252336532,0.043842937665978354,5.342258930206299,0.9701491594314575,7.0,192.0,97.0,121.0,92,5000000
yolo_final_aisle_v3,34,4.0,30.0,3.9999999998807008,30.0000000009866,4.004809664133037,30.043842938652578,True,True,0.004809664252336532,0.043842937665978354,5.802659034729004,0.9701491594314575,7.0,192.0,97.0,121.0,92,75000000
yolo_final_aisle_v3,34,4.0,30.0,3.9999999998807008,30.0000000009866,4.004809664133037,30.043842938652578,True,True,0.004809664252336532,0.043842937665978354,5.802659034729004,0.9701491594314575,7.0,192.0,97.0,121.0,92,205000000
yolo_final_aisle_v3,34,4.0,30.0,3.9999999998807008,30.0000000009866,4.004809664133037,30.043842938652578,True,True,0.004809664252336532,0.043842937665978354,5.693286895751953,0.9701491594314575,7.0,192.0,97.0,121.0,92,270000000
yolo_final_aisle_v3,34,4.0,30.0,3.9999999998807008,30.0000000009866,4.004809664133037,30.043842938652578,True,True,0.004809664252336532,0.043842937665978354,5.53763484954834,0.9701491594314575,7.0,192.0,97.0,121.0,92,335000000
yolo_final_aisle_v3,34,4.0,30.0,3.9999999998807008,30.0000000009866,4.004809664133037,30.043842938652578,True,True,0.004809664252336532,0.043842937665978354,5.53763484954834,0.9701491594314575,7.0,192.0,97.0,121.0,92,470000000
yolo_final_aisle_v3,34,4.0,30.0,3.9999999998807008,30.0000000009866,4.004809664133037,30.043842938652578,True,True,0.004809664252336532,0.043842937665978354,5.459212779998779,0.9701491594314575,7.0,192.0,97.0,121.0,92,535000000
yolo_final_aisle_v3,34,4.0,30.0,3.9999999998807008,30.0000000009866,4.004809664133037,30.043842938652578,True,True,0.004809664252336532,0.043842937665978354,7.838594913482666,0.9701491594314575,7.0,192.0,97.0,121.0,92,600000000
yolo_final_aisle_v3,34,4.0,30.0,3.9999999998807008,30.0000000009866,4.004809664133037,30.043842938652578,True,True,0.004809664252336532,0.043842937665978354,8.646281242370605,0.9701491594314575,7.0,192.0,97.0,121.0,92,665000000
yolo_final_aisle_v3,35,5.0,-30.0,5.0000000000673825,-29.999999999554205,,,False,False,,,7.488855838775635,,,,,,93,65000000
yolo_final_aisle_v3,35,5.0,-30.0,5.0000000000673825,-29.999999999554205,,,False,False,,,7.255852222442627,,,,,,93,130000000
yolo_final_aisle_v3,35,5.0,-30.0,5.0000000000673825,-29.999999999554205,,,False,False,,,14.384026527404785,,,,,,93,195000000
yolo_final_aisle_v3,35,5.0,-30.0,5.0000000000673825,-29.999999999554205,,,False,False,,,14.384026527404785,,,,,,93,260000000
yolo_final_aisle_v3,35,5.0,-30.0,5.0000000000673825,-29.999999999554205,,,False,False,,,4.881159782409668,,,,,,93,325000000
yolo_final_aisle_v3,35,5.0,-30.0,5.0000000000673825,-29.999999999554205,,,False,False,,,4.877865791320801,,,,,,93,395000000
yolo_final_aisle_v3,35,5.0,-30.0,5.0000000000673825,-29.999999999554205,,,False,False,,,5.266613960266113,,,,,,93,525000000
yolo_final_aisle_v3,35,5.0,-30.0,5.0000000000673825,-29.999999999554205,,,False,False,,,5.539456844329834,,,,,,93,590000000
yolo_final_aisle_v3,35,5.0,-30.0,5.0000000000673825,-29.999999999554205,,,False,False,,,7.228975772857666,,,,,,93,655000000
yolo_final_aisle_v3,35,5.0,-30.0,5.0000000000673825,-29.999999999554205,,,False,False,,,7.228975772857666,,,,,,93,725000000
yolo_final_aisle_v3,35,5.0,-30.0,5.0000000000673825,-29.999999999554205,,,False,False,,,4.887001991271973,,,,,,93,790000000
yolo_final_aisle_v3,35,5.0,-30.0,5.0000000000673825,-29.999999999554205,,,False,False,,,7.192690849304199,,,,,,93,855000000
yolo_final_aisle_v3,35,5.0,-30.0,5.0000000000673825,-29.999999999554205,,,False,False,,,7.164885997772217,,,,,,93,920000000
yolo_final_aisle_v3,35,5.0,-30.0,5.0000000000673825,-29.999999999554205,,,False,False,,,7.164885997772217,,,,,,93,985000000
yolo_final_aisle_v3,35,5.0,-30.0,5.0000000000673825,-29.999999999554205,,,False,False,,,7.261866092681885,,,,,,94,55000000
yolo_final_aisle_v3,35,5.0,-30.0,5.0000000000673825,-29.999999999554205,,,False,False,,,7.121222019195557,,,,,,94,120000000
yolo_final_aisle_v3,35,5.0,-30.0,5.0000000000673825,-29.999999999554205,,,False,False,,,6.961738109588623,,,,,,94,185000000
yolo_final_aisle_v3,35,5.0,-30.0,5.0000000000673825,-29.999999999554205,,,False,False,,,4.8165411949157715,,,,,,94,250000000
yolo_final_aisle_v3,35,5.0,-30.0,5.0000000000673825,-29.999999999554205,,,False,False,,,4.8165411949157715,,,,,,94,315000000
yolo_final_aisle_v3,35,5.0,-30.0,5.0000000000673825,-29.999999999554205,,,False,False,,,6.962494850158691,,,,,,94,385000000
yolo_final_aisle_v3,35,5.0,-30.0,5.0000000000673825,-29.999999999554205,,,False,False,,,6.962494850158691,,,,,,94,450000000
yolo_final_aisle_v3,35,5.0,-30.0,5.0000000000673825,-29.999999999554205,,,False,False,,,4.791758060455322,,,,,,94,515000000
yolo_final_aisle_v3,35,5.0,-30.0,5.0000000000673825,-29.999999999554205,,,False,False,,,4.745510101318359,,,,,,94,580000000
yolo_final_aisle_v3,35,5.0,-30.0,5.0000000000673825,-29.999999999554205,,,False,False,,,5.619342803955078,,,,,,94,645000000
yolo_final_aisle_v3,35,5.0,-30.0,5.0000000000673825,-29.999999999554205,,,False,False,,,4.717729091644287,,,,,,94,715000000
yolo_final_aisle_v3,35,5.0,-30.0,5.0000000000673825,-29.999999999554205,,,False,False,,,4.695220947265625,,,,,,94,780000000
yolo_final_aisle_v3,35,5.0,-30.0,5.0000000000673825,-29.999999999554205,,,False,False,,,4.838221073150635,,,,,,94,845000000
yolo_final_aisle_v3,35,5.0,-30.0,5.0000000000673825,-29.999999999554205,,,False,False,,,4.740984916687012,,,,,,94,910000000
yolo_final_aisle_v3,35,5.0,-30.0,5.0000000000673825,-29.999999999554205,,,False,False,,,5.59567403793335,,,,,,94,975000000
yolo_final_aisle_v3,35,5.0,-30.0,5.0000000000673825,-29.999999999554205,,,False,False,,,5.59567403793335,,,,,,95,45000000
yolo_final_aisle_v3,36,5.0,-20.0,5.000000000193323,-20.000000003725884,5.013435623106702,-20.103228016943923,True,False,0.013435622913378964,-0.10322801321803965,4.908112049102783,,,,,,95,440000000
yolo_final_aisle_v3,36,5.0,-20.0,5.000000000193323,-20.000000003725884,5.013435623106702,-20.103228016943923,True,False,0.013435622913378964,-0.10322801321803965,5.485473155975342,0.8022350072860718,451.0,204.0,72.0,88.0,95,505000000
yolo_final_aisle_v3,36,5.0,-20.0,5.000000000193323,-20.000000003725884,5.013435623106702,-20.103228016943923,True,False,0.013435622913378964,-0.10322801321803965,5.596683979034424,0.8022350072860718,451.0,204.0,72.0,88.0,95,570000000
yolo_final_aisle_v3,36,5.0,-20.0,5.000000000193323,-20.000000003725884,5.013435623106702,-20.103228016943923,True,False,0.013435622913378964,-0.10322801321803965,5.24661111831665,0.8022350072860718,451.0,204.0,72.0,88.0,95,635000000
yolo_final_aisle_v3,36,5.0,-20.0,5.000000000193323,-20.000000003725884,5.013435623106702,-20.103228016943923,True,False,0.013435622913378964,-0.10322801321803965,5.246125221252441,0.8022350072860718,451.0,204.0,72.0,88.0,95,705000000
yolo_final_aisle_v3,36,5.0,-20.0,5.000000000193323,-20.000000003725884,5.013435623106702,-20.103228016943923,True,False,0.013435622913378964,-0.10322801321803965,5.246125221252441,0.8022350072860718,451.0,204.0,72.0,88.0,95,770000000
yolo_final_aisle_v3,36,5.0,-20.0,5.000000000193323,-20.000000003725884,5.013435623106702,-20.103228016943923,True,False,0.013435622913378964,-0.10322801321803965,5.753167152404785,0.8022350072860718,451.0,204.0,72.0,88.0,95,835000000
yolo_final_aisle_v3,36,5.0,-20.0,5.000000000193323,-20.000000003725884,5.013435623106702,-20.103228016943923,True,False,0.013435622913378964,-0.10322801321803965,5.916968822479248,0.8022350072860718,451.0,204.0,72.0,88.0,95,900000000
yolo_final_aisle_v3,36,5.0,-20.0,5.000000000193323,-20.000000003725884,5.013435623106702,-20.103228016943923,True,False,0.013435622913378964,-0.10322801321803965,5.916968822479248,0.8022350072860718,451.0,204.0,72.0,88.0,95,965000000
yolo_final_aisle_v3,36,5.0,-20.0,5.000000000193323,-20.000000003725884,5.013435623106702,-20.103228016943923,True,False,0.013435622913378964,-0.10322801321803965,5.324847221374512,0.8022350072860718,451.0,204.0,72.0,88.0,96,35000000
yolo_final_aisle_v3,36,5.0,-20.0,5.000000000193323,-20.000000003725884,5.013435623106702,-20.103228016943923,True,False,0.013435622913378964,-0.10322801321803965,5.481138229370117,0.8022350072860718,451.0,204.0,72.0,88.0,96,100000000
yolo_final_aisle_v3,36,5.0,-20.0,5.000000000193323,-20.000000003725884,5.013435623106702,-20.103228016943923,True,False,0.013435622913378964,-0.10322801321803965,5.731293201446533,0.8022350072860718,451.0,204.0,72.0,88.0,96,165000000
yolo_final_aisle_v3,36,5.0,-20.0,5.000000000193323,-20.000000003725884,5.013435623106702,-20.103228016943923,True,False,0.013435622913378964,-0.10322801321803965,5.6686248779296875,0.8022350072860718,451.0,204.0,72.0,88.0,96,230000000
yolo_final_aisle_v3,36,5.0,-20.0,5.000000000193323,-20.000000003725884,5.013435623106702,-20.103228016943923,True,False,0.013435622913378964,-0.10322801321803965,8.136659622192383,0.8022350072860718,451.0,204.0,72.0,88.0,96,295000000
yolo_final_aisle_v3,36,5.0,-20.0,5.000000000193323,-20.000000003725884,5.013435623106702,-20.103228016943923,True,False,0.013435622913378964,-0.10322801321803965,5.886166095733643,0.8022350072860718,451.0,204.0,72.0,88.0,96,365000000
yolo_final_aisle_v3,36,5.0,-20.0,5.000000000193323,-20.000000003725884,5.013435623106702,-20.103228016943923,True,False,0.013435622913378964,-0.10322801321803965,5.886166095733643,0.8022350072860718,451.0,204.0,72.0,88.0,96,430000000
yolo_final_aisle_v3,36,5.0,-20.0,5.000000000193323,-20.000000003725884,5.013435623106702,-20.103228016943923,True,False,0.013435622913378964,-0.10322801321803965,7.79885196685791,0.8022350072860718,451.0,204.0,72.0,88.0,96,495000000
yolo_final_aisle_v3,36,5.0,-20.0,5.000000000193323,-20.000000003725884,5.013435623106702,-20.103228016943923,True,False,0.013435622913378964,-0.10322801321803965,7.743908882141113,0.8022350072860718,451.0,204.0,72.0,88.0,96,560000000
yolo_final_aisle_v3,36,5.0,-20.0,5.000000000193323,-20.000000003725884,5.013435623106702,-20.103228016943923,True,False,0.013435622913378964,-0.10322801321803965,7.856146812438965,0.8022350072860718,451.0,204.0,72.0,88.0,96,625000000
yolo_final_aisle_v3,36,5.0,-20.0,5.000000000193323,-20.000000003725884,5.013435623106702,-20.103228016943923,True,False,0.013435622913378964,-0.10322801321803965,8.000923156738281,0.8022350072860718,451.0,204.0,72.0,88.0,96,695000000
yolo_final_aisle_v3,36,5.0,-20.0,5.000000000193323,-20.000000003725884,5.013435623106702,-20.103228016943923,True,False,0.013435622913378964,-0.10322801321803965,7.750944137573242,0.8022350072860718,451.0,204.0,72.0,88.0,96,760000000
yolo_final_aisle_v3,36,5.0,-20.0,5.000000000193323,-20.000000003725884,5.013435623106702,-20.103228016943923,True,False,0.013435622913378964,-0.10322801321803965,7.524579048156738,0.8022350072860718,451.0,204.0,72.0,88.0,96,825000000
yolo_final_aisle_v3,36,5.0,-20.0,5.000000000193323,-20.000000003725884,5.013435623106702,-20.103228016943923,True,False,0.013435622913378964,-0.10322801321803965,5.356656074523926,0.8022350072860718,451.0,204.0,72.0,88.0,96,890000000
yolo_final_aisle_v3,36,5.0,-20.0,5.000000000193323,-20.000000003725884,5.013435623106702,-20.103228016943923,True,False,0.013435622913378964,-0.10322801321803965,5.24072790145874,0.8022350072860718,451.0,204.0,72.0,88.0,96,955000000
yolo_final_aisle_v3,36,5.0,-20.0,5.000000000193323,-20.000000003725884,5.013435623106702,-20.103228016943923,True,False,0.013435622913378964,-0.10322801321803965,5.24072790145874,0.8022350072860718,451.0,204.0,72.0,88.0,97,25000000
yolo_final_aisle_v3,36,5.0,-20.0,5.000000000193323,-20.000000003725884,5.013435623106702,-20.103228016943923,True,False,0.013435622913378964,-0.10322801321803965,7.222341060638428,0.8022350072860718,451.0,204.0,72.0,88.0,97,90000000
yolo_final_aisle_v3,36,5.0,-20.0,5.000000000193323,-20.000000003725884,5.013435623106702,-20.103228016943923,True,False,0.013435622913378964,-0.10322801321803965,5.142636775970459,0.8022350072860718,451.0,204.0,72.0,88.0,97,155000000
yolo_final_aisle_v3,36,5.0,-20.0,5.000000000193323,-20.000000003725884,5.013435623106702,-20.103228016943923,True,False,0.013435622913378964,-0.10322801321803965,5.424727916717529,0.8022350072860718,451.0,204.0,72.0,88.0,97,355000000
yolo_final_aisle_v3,36,5.0,-20.0,5.000000000193323,-20.000000003725884,5.013435623106702,-20.103228016943923,True,False,0.013435622913378964,-0.10322801321803965,7.771665096282959,0.8022350072860718,451.0,204.0,72.0,88.0,97,485000000
yolo_final_aisle_v3,36,5.0,-20.0,5.000000000193323,-20.000000003725884,5.013435623106702,-20.103228016943923,True,False,0.013435622913378964,-0.10322801321803965,7.771665096282959,0.8022350072860718,451.0,204.0,72.0,88.0,97,550000000
yolo_final_aisle_v3,37,5.0,-10.0,4.9999999998817755,-9.999999996344897,4.960886211669076,-10.114471392312117,True,True,-0.03911378821269906,-0.11447139596721989,8.46854019165039,0.9569656848907471,368.0,206.0,67.0,85.0,98,80000000
yolo_final_aisle_v3,37,5.0,-10.0,4.9999999998817755,-9.999999996344897,4.960886211669076,-10.114471392312117,True,True,-0.03911378821269906,-0.11447139596721989,5.618413925170898,0.9569656848907471,368.0,206.0,67.0,85.0,98,145000000
yolo_final_aisle_v3,37,5.0,-10.0,4.9999999998817755,-9.999999996344897,4.960886211669076,-10.114471392312117,True,True,-0.03911378821269906,-0.11447139596721989,7.4724321365356445,0.9569656848907471,368.0,206.0,67.0,85.0,98,210000000
yolo_final_aisle_v3,37,5.0,-10.0,4.9999999998817755,-9.999999996344897,4.960886211669076,-10.114471392312117,True,True,-0.03911378821269906,-0.11447139596721989,7.4724321365356445,0.9569656848907471,368.0,206.0,67.0,85.0,98,275000000
yolo_final_aisle_v3,37,5.0,-10.0,4.9999999998817755,-9.999999996344897,4.960886211669076,-10.114471392312117,True,True,-0.03911378821269906,-0.11447139596721989,5.113073825836182,0.9569656848907471,368.0,206.0,67.0,85.0,98,345000000
yolo_final_aisle_v3,37,5.0,-10.0,4.9999999998817755,-9.999999996344897,4.960886211669076,-10.114471392312117,True,True,-0.03911378821269906,-0.11447139596721989,5.520709991455078,0.9569656848907471,368.0,206.0,67.0,85.0,98,410000000
yolo_final_aisle_v3,37,5.0,-10.0,4.9999999998817755,-9.999999996344897,4.960886211669076,-10.114471392312117,True,True,-0.03911378821269906,-0.11447139596721989,5.142663955688477,0.9569656848907471,368.0,206.0,67.0,85.0,98,475000000
yolo_final_aisle_v3,37,5.0,-10.0,4.9999999998817755,-9.999999996344897,4.960886211669076,-10.114471392312117,True,True,-0.03911378821269906,-0.11447139596721989,5.703632831573486,0.9569656848907471,368.0,206.0,67.0,85.0,98,540000000
yolo_final_aisle_v3,37,5.0,-10.0,4.9999999998817755,-9.999999996344897,4.960886211669076,-10.114471392312117,True,True,-0.03911378821269906,-0.11447139596721989,5.703632831573486,0.9569656848907471,368.0,206.0,67.0,85.0,98,605000000
yolo_final_aisle_v3,37,5.0,-10.0,4.9999999998817755,-9.999999996344897,4.960886211669076,-10.114471392312117,True,True,-0.03911378821269906,-0.11447139596721989,5.253798961639404,0.9569656848907471,368.0,206.0,67.0,85.0,98,675000000
yolo_final_aisle_v3,37,5.0,-10.0,4.9999999998817755,-9.999999996344897,4.960886211669076,-10.114471392312117,True,True,-0.03911378821269906,-0.11447139596721989,5.595439910888672,0.9569656848907471,368.0,206.0,67.0,85.0,98,740000000
yolo_final_aisle_v3,37,5.0,-10.0,4.9999999998817755,-9.999999996344897,4.960886211669076,-10.114471392312117,True,True,-0.03911378821269906,-0.11447139596721989,5.621616840362549,0.9569656848907471,368.0,206.0,67.0,85.0,98,805000000
yolo_final_aisle_v3,37,5.0,-10.0,4.9999999998817755,-9.999999996344897,4.960886211669076,-10.114471392312117,True,True,-0.03911378821269906,-0.11447139596721989,8.572807312011719,0.9569656848907471,368.0,206.0,67.0,85.0,98,870000000
yolo_final_aisle_v3,37,5.0,-10.0,4.9999999998817755,-9.999999996344897,4.960886211669076,-10.114471392312117,True,True,-0.03911378821269906,-0.11447139596721989,8.572807312011719,0.9569656848907471,368.0,206.0,67.0,85.0,99,5000000
yolo_final_aisle_v3,37,5.0,-10.0,4.9999999998817755,-9.999999996344897,4.960886211669076,-10.114471392312117,True,True,-0.03911378821269906,-0.11447139596721989,5.521643161773682,0.9569656848907471,368.0,206.0,67.0,85.0,99,70000000
yolo_final_aisle_v3,37,5.0,-10.0,4.9999999998817755,-9.999999996344897,4.960886211669076,-10.114471392312117,True,True,-0.03911378821269906,-0.11447139596721989,6.031956195831299,0.9569656848907471,368.0,206.0,67.0,85.0,99,135000000
yolo_final_aisle_v3,37,5.0,-10.0,4.9999999998817755,-9.999999996344897,4.960886211669076,-10.114471392312117,True,True,-0.03911378821269906,-0.11447139596721989,9.687661170959473,0.9569656848907471,368.0,206.0,67.0,85.0,99,200000000
yolo_final_aisle_v3,37,5.0,-10.0,4.9999999998817755,-9.999999996344897,4.960886211669076,-10.114471392312117,True,True,-0.03911378821269906,-0.11447139596721989,7.424147129058838,0.9569656848907471,368.0,206.0,67.0,85.0,99,265000000
yolo_final_aisle_v3,37,5.0,-10.0,4.9999999998817755,-9.999999996344897,4.960886211669076,-10.114471392312117,True,True,-0.03911378821269906,-0.11447139596721989,7.65805721282959,0.9569656848907471,368.0,206.0,67.0,85.0,99,335000000
yolo_final_aisle_v3,37,5.0,-10.0,4.9999999998817755,-9.999999996344897,4.960886211669076,-10.114471392312117,True,True,-0.03911378821269906,-0.11447139596721989,7.65805721282959,0.9569656848907471,368.0,206.0,67.0,85.0,99,400000000
yolo_final_aisle_v3,37,5.0,-10.0,4.9999999998817755,-9.999999996344897,4.960886211669076,-10.114471392312117,True,True,-0.03911378821269906,-0.11447139596721989,7.410480976104736,0.9569656848907471,368.0,206.0,67.0,85.0,99,465000000
yolo_final_aisle_v3,37,5.0,-10.0,4.9999999998817755,-9.999999996344897,4.960886211669076,-10.114471392312117,True,True,-0.03911378821269906,-0.11447139596721989,5.915798187255859,0.9569656848907471,368.0,206.0,67.0,85.0,99,530000000
yolo_final_aisle_v3,37,5.0,-10.0,4.9999999998817755,-9.999999996344897,4.960886211669076,-10.114471392312117,True,True,-0.03911378821269906,-0.11447139596721989,8.111729621887207,0.9569656848907471,368.0,206.0,67.0,85.0,99,595000000
yolo_final_aisle_v3,37,5.0,-10.0,4.9999999998817755,-9.999999996344897,4.960886211669076,-10.114471392312117,True,True,-0.03911378821269906,-0.11447139596721989,7.5594940185546875,0.9569656848907471,368.0,206.0,67.0,85.0,99,665000000
yolo_final_aisle_v3,37,5.0,-10.0,4.9999999998817755,-9.999999996344897,4.960886211669076,-10.114471392312117,True,True,-0.03911378821269906,-0.11447139596721989,5.296868801116943,0.9569656848907471,368.0,206.0,67.0,85.0,99,730000000
yolo_final_aisle_v3,37,5.0,-10.0,4.9999999998817755,-9.999999996344897,4.960886211669076,-10.114471392312117,True,True,-0.03911378821269906,-0.11447139596721989,5.48995304107666,0.9569656848907471,368.0,206.0,67.0,85.0,99,795000000
yolo_final_aisle_v3,37,5.0,-10.0,4.9999999998817755,-9.999999996344897,4.960886211669076,-10.114471392312117,True,True,-0.03911378821269906,-0.11447139596721989,5.48995304107666,0.9569656848907471,368.0,206.0,67.0,85.0,99,860000000
yolo_final_aisle_v3,37,5.0,-10.0,4.9999999998817755,-9.999999996344897,4.960886211669076,-10.114471392312117,True,True,-0.03911378821269906,-0.11447139596721989,5.295866012573242,0.9569656848907471,368.0,206.0,67.0,85.0,99,925000000
yolo_final_aisle_v3,37,5.0,-10.0,4.9999999998817755,-9.999999996344897,4.960886211669076,-10.114471392312117,True,True,-0.03911378821269906,-0.11447139596721989,7.32596492767334,0.9569656848907471,368.0,206.0,67.0,85.0,99,995000000
yolo_final_aisle_v3,37,5.0,-10.0,4.9999999998817755,-9.999999996344897,4.960886211669076,-10.114471392312117,True,True,-0.03911378821269906,-0.11447139596721989,5.296145915985107,0.9569656848907471,368.0,206.0,67.0,85.0,100,60000000
yolo_final_aisle_v3,38,5.0,0.0,5.0,0.0,4.961089261717373,-0.08181980882921273,True,True,-0.03891073828262659,-0.08181980882921273,5.885305881500244,0.9569656848907471,368.0,206.0,67.0,85.0,100,455000000
yolo_final_aisle_v3,38,5.0,0.0,5.0,0.0,4.961089261717373,-0.08181980882921273,True,True,-0.03891073828262659,-0.08181980882921273,10.81412124633789,0.9544724225997925,288.0,206.0,64.0,84.0,100,520000000
yolo_final_aisle_v3,38,5.0,0.0,5.0,0.0,4.961089261717373,-0.08181980882921273,True,True,-0.03891073828262659,-0.08181980882921273,8.352713584899902,0.9544724225997925,288.0,206.0,64.0,84.0,100,585000000
yolo_final_aisle_v3,38,5.0,0.0,5.0,0.0,4.961089261717373,-0.08181980882921273,True,True,-0.03891073828262659,-0.08181980882921273,7.673120021820068,0.9544724225997925,288.0,206.0,64.0,84.0,100,655000000
yolo_final_aisle_v3,38,5.0,0.0,5.0,0.0,4.961089261717373,-0.08181980882921273,True,True,-0.03891073828262659,-0.08181980882921273,6.726545810699463,0.9544724225997925,288.0,206.0,64.0,84.0,100,720000000
yolo_final_aisle_v3,38,5.0,0.0,5.0,0.0,4.961089261717373,-0.08181980882921273,True,True,-0.03891073828262659,-0.08181980882921273,5.331276893615723,0.9544724225997925,288.0,206.0,64.0,84.0,100,785000000
yolo_final_aisle_v3,38,5.0,0.0,5.0,0.0,4.961089261717373,-0.08181980882921273,True,True,-0.03891073828262659,-0.08181980882921273,5.435272216796875,0.9544724225997925,288.0,206.0,64.0,84.0,100,850000000
yolo_final_aisle_v3,38,5.0,0.0,5.0,0.0,4.961089261717373,-0.08181980882921273,True,True,-0.03891073828262659,-0.08181980882921273,5.20339822769165,0.9544724225997925,288.0,206.0,64.0,84.0,100,915000000
yolo_final_aisle_v3,38,5.0,0.0,5.0,0.0,4.961089261717373,-0.08181980882921273,True,True,-0.03891073828262659,-0.08181980882921273,7.420846939086914,0.9544724225997925,288.0,206.0,64.0,84.0,100,985000000
yolo_final_aisle_v3,38,5.0,0.0,5.0,0.0,4.961089261717373,-0.08181980882921273,True,True,-0.03891073828262659,-0.08181980882921273,5.494606971740723,0.9544724225997925,288.0,206.0,64.0,84.0,101,50000000
yolo_final_aisle_v3,38,5.0,0.0,5.0,0.0,4.961089261717373,-0.08181980882921273,True,True,-0.03891073828262659,-0.08181980882921273,5.494606971740723,0.9544724225997925,288.0,206.0,64.0,84.0,101,115000000
yolo_final_aisle_v3,38,5.0,0.0,5.0,0.0,4.961089261717373,-0.08181980882921273,True,True,-0.03891073828262659,-0.08181980882921273,5.2988362312316895,0.9544724225997925,288.0,206.0,64.0,84.0,101,180000000
yolo_final_aisle_v3,38,5.0,0.0,5.0,0.0,4.961089261717373,-0.08181980882921273,True,True,-0.03891073828262659,-0.08181980882921273,5.306602954864502,0.9544724225997925,288.0,206.0,64.0,84.0,101,245000000
yolo_final_aisle_v3,38,5.0,0.0,5.0,0.0,4.961089261717373,-0.08181980882921273,True,True,-0.03891073828262659,-0.08181980882921273,5.357561111450195,0.9544724225997925,288.0,206.0,64.0,84.0,101,315000000
yolo_final_aisle_v3,38,5.0,0.0,5.0,0.0,4.961089261717373,-0.08181980882921273,True,True,-0.03891073828262659,-0.08181980882921273,5.357561111450195,0.9544724225997925,288.0,206.0,64.0,84.0,101,380000000
yolo_final_aisle_v3,38,5.0,0.0,5.0,0.0,4.961089261717373,-0.08181980882921273,True,True,-0.03891073828262659,-0.08181980882921273,5.504944801330566,0.9544724225997925,288.0,206.0,64.0,84.0,101,445000000
yolo_final_aisle_v3,38,5.0,0.0,5.0,0.0,4.961089261717373,-0.08181980882921273,True,True,-0.03891073828262659,-0.08181980882921273,5.504944801330566,0.9544724225997925,288.0,206.0,64.0,84.0,101,510000000
yolo_final_aisle_v3,38,5.0,0.0,5.0,0.0,4.961089261717373,-0.08181980882921273,True,True,-0.03891073828262659,-0.08181980882921273,5.6041340827941895,0.9544724225997925,288.0,206.0,64.0,84.0,101,645000000
yolo_final_aisle_v3,38,5.0,0.0,5.0,0.0,4.961089261717373,-0.08181980882921273,True,True,-0.03891073828262659,-0.08181980882921273,5.3709211349487305,0.9544724225997925,288.0,206.0,64.0,84.0,101,710000000
yolo_final_aisle_v3,38,5.0,0.0,5.0,0.0,4.961089261717373,-0.08181980882921273,True,True,-0.03891073828262659,-0.08181980882921273,5.3709211349487305,0.9544724225997925,288.0,206.0,64.0,84.0,101,775000000
yolo_final_aisle_v3,38,5.0,0.0,5.0,0.0,4.961089261717373,-0.08181980882921273,True,True,-0.03891073828262659,-0.08181980882921273,7.710236072540283,0.9544724225997925,288.0,206.0,64.0,84.0,101,840000000
yolo_final_aisle_v3,38,5.0,0.0,5.0,0.0,4.961089261717373,-0.08181980882921273,True,True,-0.03891073828262659,-0.08181980882921273,7.562727928161621,0.9544724225997925,288.0,206.0,64.0,84.0,101,905000000
yolo_final_aisle_v3,38,5.0,0.0,5.0,0.0,4.961089261717373,-0.08181980882921273,True,True,-0.03891073828262659,-0.08181980882921273,6.751659870147705,0.9544724225997925,288.0,206.0,64.0,84.0,101,975000000
yolo_final_aisle_v3,38,5.0,0.0,5.0,0.0,4.961089261717373,-0.08181980882921273,True,True,-0.03891073828262659,-0.08181980882921273,6.751659870147705,0.9544724225997925,288.0,206.0,64.0,84.0,102,40000000
yolo_final_aisle_v3,38,5.0,0.0,5.0,0.0,4.961089261717373,-0.08181980882921273,True,True,-0.03891073828262659,-0.08181980882921273,11.286762237548828,0.9544724225997925,288.0,206.0,64.0,84.0,102,105000000
yolo_final_aisle_v3,38,5.0,0.0,5.0,0.0,4.961089261717373,-0.08181980882921273,True,True,-0.03891073828262659,-0.08181980882921273,7.582150936126709,0.9544724225997925,288.0,206.0,64.0,84.0,102,170000000
yolo_final_aisle_v3,38,5.0,0.0,5.0,0.0,4.961089261717373,-0.08181980882921273,True,True,-0.03891073828262659,-0.08181980882921273,5.384435176849365,0.9544724225997925,288.0,206.0,64.0,84.0,102,235000000
yolo_final_aisle_v3,38,5.0,0.0,5.0,0.0,4.961089261717373,-0.08181980882921273,True,True,-0.03891073828262659,-0.08181980882921273,8.032230377197266,0.9544724225997925,288.0,206.0,64.0,84.0,102,305000000
yolo_final_aisle_v3,38,5.0,0.0,5.0,0.0,4.961089261717373,-0.08181980882921273,True,True,-0.03891073828262659,-0.08181980882921273,7.622612953186035,0.9544724225997925,288.0,206.0,64.0,84.0,102,370000000
yolo_final_aisle_v3,38,5.0,0.0,5.0,0.0,4.961089261717373,-0.08181980882921273,True,True,-0.03891073828262659,-0.08181980882921273,5.972761154174805,0.9544724225997925,288.0,206.0,64.0,84.0,102,435000000
yolo_final_aisle_v3,39,5.0,10.0,4.99999999993387,9.999999999730415,4.967669781189048,9.963713601269676,True,True,-0.032330218744822226,-0.03628639846073867,5.211874008178711,0.9544724225997925,288.0,206.0,64.0,84.0,102,895000000
yolo_final_aisle_v3,39,5.0,10.0,4.99999999993387,9.999999999730415,4.967669781189048,9.963713601269676,True,True,-0.032330218744822226,-0.03628639846073867,7.673842906951904,0.9557614326477051,206.0,206.0,66.0,85.0,102,965000000
yolo_final_aisle_v3,39,5.0,10.0,4.99999999993387,9.999999999730415,4.967669781189048,9.963713601269676,True,True,-0.032330218744822226,-0.03628639846073867,7.673842906951904,0.9557614326477051,206.0,206.0,66.0,85.0,103,30000000
yolo_final_aisle_v3,39,5.0,10.0,4.99999999993387,9.999999999730415,4.967669781189048,9.963713601269676,True,True,-0.032330218744822226,-0.03628639846073867,7.8111891746521,0.9557614326477051,206.0,206.0,66.0,85.0,103,95000000
yolo_final_aisle_v3,39,5.0,10.0,4.99999999993387,9.999999999730415,4.967669781189048,9.963713601269676,True,True,-0.032330218744822226,-0.03628639846073867,8.011266708374023,0.9557614326477051,206.0,206.0,66.0,85.0,103,160000000
yolo_final_aisle_v3,39,5.0,10.0,4.99999999993387,9.999999999730415,4.967669781189048,9.963713601269676,True,True,-0.032330218744822226,-0.03628639846073867,7.558795928955078,0.9557614326477051,206.0,206.0,66.0,85.0,103,225000000
yolo_final_aisle_v3,39,5.0,10.0,4.99999999993387,9.999999999730415,4.967669781189048,9.963713601269676,True,True,-0.032330218744822226,-0.03628639846073867,8.333788871765137,0.9557614326477051,206.0,206.0,66.0,85.0,103,295000000
yolo_final_aisle_v3,39,5.0,10.0,4.99999999993387,9.999999999730415,4.967669781189048,9.963713601269676,True,True,-0.032330218744822226,-0.03628639846073867,8.158804893493652,0.9557614326477051,206.0,206.0,66.0,85.0,103,360000000
yolo_final_aisle_v3,39,5.0,10.0,4.99999999993387,9.999999999730415,4.967669781189048,9.963713601269676,True,True,-0.032330218744822226,-0.03628639846073867,8.158804893493652,0.9557614326477051,206.0,206.0,66.0,85.0,103,425000000
yolo_final_aisle_v3,39,5.0,10.0,4.99999999993387,9.999999999730415,4.967669781189048,9.963713601269676,True,True,-0.032330218744822226,-0.03628639846073867,5.408569812774658,0.9557614326477051,206.0,206.0,66.0,85.0,103,490000000
yolo_final_aisle_v3,39,5.0,10.0,4.99999999993387,9.999999999730415,4.967669781189048,9.963713601269676,True,True,-0.032330218744822226,-0.03628639846073867,5.506310939788818,0.9557614326477051,206.0,206.0,66.0,85.0,103,555000000
yolo_final_aisle_v3,39,5.0,10.0,4.99999999993387,9.999999999730415,4.967669781189048,9.963713601269676,True,True,-0.032330218744822226,-0.03628639846073867,5.506310939788818,0.9557614326477051,206.0,206.0,66.0,85.0,103,625000000
yolo_final_aisle_v3,39,5.0,10.0,4.99999999993387,9.999999999730415,4.967669781189048,9.963713601269676,True,True,-0.032330218744822226,-0.03628639846073867,5.34071683883667,0.9557614326477051,206.0,206.0,66.0,85.0,103,690000000
yolo_final_aisle_v3,39,5.0,10.0,4.99999999993387,9.999999999730415,4.967669781189048,9.963713601269676,True,True,-0.032330218744822226,-0.03628639846073867,5.499014854431152,0.9557614326477051,206.0,206.0,66.0,85.0,103,755000000
yolo_final_aisle_v3,39,5.0,10.0,4.99999999993387,9.999999999730415,4.967669781189048,9.963713601269676,True,True,-0.032330218744822226,-0.03628639846073867,5.233107089996338,0.9557614326477051,206.0,206.0,66.0,85.0,103,820000000
yolo_final_aisle_v3,39,5.0,10.0,4.99999999993387,9.999999999730415,4.967669781189048,9.963713601269676,True,True,-0.032330218744822226,-0.03628639846073867,5.233107089996338,0.9557614326477051,206.0,206.0,66.0,85.0,103,885000000
yolo_final_aisle_v3,39,5.0,10.0,4.99999999993387,9.999999999730415,4.967669781189048,9.963713601269676,True,True,-0.032330218744822226,-0.03628639846073867,5.336698055267334,0.9557614326477051,206.0,206.0,66.0,85.0,103,955000000
yolo_final_aisle_v3,39,5.0,10.0,4.99999999993387,9.999999999730415,4.967669781189048,9.963713601269676,True,True,-0.032330218744822226,-0.03628639846073867,5.513666152954102,0.9557614326477051,206.0,206.0,66.0,85.0,104,20000000
yolo_final_aisle_v3,39,5.0,10.0,4.99999999993387,9.999999999730415,4.967669781189048,9.963713601269676,True,True,-0.032330218744822226,-0.03628639846073867,5.513666152954102,0.9557614326477051,206.0,206.0,66.0,85.0,104,85000000
yolo_final_aisle_v3,39,5.0,10.0,4.99999999993387,9.999999999730415,4.967669781189048,9.963713601269676,True,True,-0.032330218744822226,-0.03628639846073867,5.266061782836914,0.9557614326477051,206.0,206.0,66.0,85.0,104,150000000
yolo_final_aisle_v3,39,5.0,10.0,4.99999999993387,9.999999999730415,4.967669781189048,9.963713601269676,True,True,-0.032330218744822226,-0.03628639846073867,6.507275104522705,0.9557614326477051,206.0,206.0,66.0,85.0,104,215000000
yolo_final_aisle_v3,39,5.0,10.0,4.99999999993387,9.999999999730415,4.967669781189048,9.963713601269676,True,True,-0.032330218744822226,-0.03628639846073867,6.507275104522705,0.9557614326477051,206.0,206.0,66.0,85.0,104,285000000
yolo_final_aisle_v3,39,5.0,10.0,4.99999999993387,9.999999999730415,4.967669781189048,9.963713601269676,True,True,-0.032330218744822226,-0.03628639846073867,5.591293811798096,0.9557614326477051,206.0,206.0,66.0,85.0,104,350000000
yolo_final_aisle_v3,39,5.0,10.0,4.99999999993387,9.999999999730415,4.967669781189048,9.963713601269676,True,True,-0.032330218744822226,-0.03628639846073867,5.5045318603515625,0.9557614326477051,206.0,206.0,66.0,85.0,104,415000000
yolo_final_aisle_v3,39,5.0,10.0,4.99999999993387,9.999999999730415,4.967669781189048,9.963713601269676,True,True,-0.032330218744822226,-0.03628639846073867,5.5045318603515625,0.9557614326477051,206.0,206.0,66.0,85.0,104,480000000
yolo_final_aisle_v3,39,5.0,10.0,4.99999999993387,9.999999999730415,4.967669781189048,9.963713601269676,True,True,-0.032330218744822226,-0.03628639846073867,7.976156234741211,0.9557614326477051,206.0,206.0,66.0,85.0,104,545000000
yolo_final_aisle_v3,39,5.0,10.0,4.99999999993387,9.999999999730415,4.967669781189048,9.963713601269676,True,True,-0.032330218744822226,-0.03628639846073867,5.4000091552734375,0.9557614326477051,206.0,206.0,66.0,85.0,104,615000000
yolo_final_aisle_v3,39,5.0,10.0,4.99999999993387,9.999999999730415,4.967669781189048,9.963713601269676,True,True,-0.032330218744822226,-0.03628639846073867,8.173685073852539,0.9557614326477051,206.0,206.0,66.0,85.0,104,680000000
yolo_final_aisle_v3,39,5.0,10.0,4.99999999993387,9.999999999730415,4.967669781189048,9.963713601269676,True,True,-0.032330218744822226,-0.03628639846073867,7.643313884735107,0.9557614326477051,206.0,206.0,66.0,85.0,104,745000000
yolo_final_aisle_v3,39,5.0,10.0,4.99999999993387,9.999999999730415,4.967669781189048,9.963713601269676,True,True,-0.032330218744822226,-0.03628639846073867,7.454782009124756,0.9557614326477051,206.0,206.0,66.0,85.0,104,810000000
yolo_final_aisle_v3,40,5.0,20.0,5.000000000193323,20.000000003725884,4.9863716094236485,19.90516500597447,True,True,-0.013628390769674148,-0.09483499775141269,5.244309902191162,0.9557614326477051,206.0,206.0,66.0,85.0,105,275000000
yolo_final_aisle_v3,40,5.0,20.0,5.000000000193323,20.000000003725884,4.9863716094236485,19.90516500597447,True,True,-0.013628390769674148,-0.09483499775141269,5.437662124633789,0.9610145092010498,119.0,204.0,70.0,89.0,105,340000000
yolo_final_aisle_v3,40,5.0,20.0,5.000000000193323,20.000000003725884,4.9863716094236485,19.90516500597447,True,True,-0.013628390769674148,-0.09483499775141269,7.020116806030273,0.9610145092010498,119.0,204.0,70.0,89.0,105,405000000
yolo_final_aisle_v3,40,5.0,20.0,5.000000000193323,20.000000003725884,4.9863716094236485,19.90516500597447,True,True,-0.013628390769674148,-0.09483499775141269,7.020116806030273,0.9610145092010498,119.0,204.0,70.0,89.0,105,470000000
yolo_final_aisle_v3,40,5.0,20.0,5.000000000193323,20.000000003725884,4.9863716094236485,19.90516500597447,True,True,-0.013628390769674148,-0.09483499775141269,6.138297080993652,0.9610145092010498,119.0,204.0,70.0,89.0,105,535000000
yolo_final_aisle_v3,40,5.0,20.0,5.000000000193323,20.000000003725884,4.9863716094236485,19.90516500597447,True,True,-0.013628390769674148,-0.09483499775141269,7.7253899574279785,0.9610145092010498,119.0,204.0,70.0,89.0,105,605000000
yolo_final_aisle_v3,40,5.0,20.0,5.000000000193323,20.000000003725884,4.9863716094236485,19.90516500597447,True,True,-0.013628390769674148,-0.09483499775141269,7.615322113037109,0.9610145092010498,119.0,204.0,70.0,89.0,105,670000000
yolo_final_aisle_v3,40,5.0,20.0,5.000000000193323,20.000000003725884,4.9863716094236485,19.90516500597447,True,True,-0.013628390769674148,-0.09483499775141269,7.315151214599609,0.9610145092010498,119.0,204.0,70.0,89.0,105,735000000
yolo_final_aisle_v3,40,5.0,20.0,5.000000000193323,20.000000003725884,4.9863716094236485,19.90516500597447,True,True,-0.013628390769674148,-0.09483499775141269,5.316868782043457,0.9610145092010498,119.0,204.0,70.0,89.0,105,800000000
yolo_final_aisle_v3,40,5.0,20.0,5.000000000193323,20.000000003725884,4.9863716094236485,19.90516500597447,True,True,-0.013628390769674148,-0.09483499775141269,5.207787036895752,0.9610145092010498,119.0,204.0,70.0,89.0,105,865000000
yolo_final_aisle_v3,40,5.0,20.0,5.000000000193323,20.000000003725884,4.9863716094236485,19.90516500597447,True,True,-0.013628390769674148,-0.09483499775141269,7.359856128692627,0.9610145092010498,119.0,204.0,70.0,89.0,105,935000000
yolo_final_aisle_v3,40,5.0,20.0,5.000000000193323,20.000000003725884,4.9863716094236485,19.90516500597447,True,True,-0.013628390769674148,-0.09483499775141269,7.382332801818848,0.9610145092010498,119.0,204.0,70.0,89.0,106,0
yolo_final_aisle_v3,40,5.0,20.0,5.000000000193323,20.000000003725884,4.9863716094236485,19.90516500597447,True,True,-0.013628390769674148,-0.09483499775141269,5.228302001953125,0.9610145092010498,119.0,204.0,70.0,89.0,106,65000000
yolo_final_aisle_v3,40,5.0,20.0,5.000000000193323,20.000000003725884,4.9863716094236485,19.90516500597447,True,True,-0.013628390769674148,-0.09483499775141269,5.228302001953125,0.9610145092010498,119.0,204.0,70.0,89.0,106,130000000
yolo_final_aisle_v3,40,5.0,20.0,5.000000000193323,20.000000003725884,4.9863716094236485,19.90516500597447,True,True,-0.013628390769674148,-0.09483499775141269,5.379054069519043,0.9610145092010498,119.0,204.0,70.0,89.0,106,265000000
yolo_final_aisle_v3,40,5.0,20.0,5.000000000193323,20.000000003725884,4.9863716094236485,19.90516500597447,True,True,-0.013628390769674148,-0.09483499775141269,5.387992858886719,0.9610145092010498,119.0,204.0,70.0,89.0,106,330000000
yolo_final_aisle_v3,40,5.0,20.0,5.000000000193323,20.000000003725884,4.9863716094236485,19.90516500597447,True,True,-0.013628390769674148,-0.09483499775141269,5.1044769287109375,0.9610145092010498,119.0,204.0,70.0,89.0,106,395000000
yolo_final_aisle_v3,40,5.0,20.0,5.000000000193323,20.000000003725884,4.9863716094236485,19.90516500597447,True,True,-0.013628390769674148,-0.09483499775141269,5.1044769287109375,0.9610145092010498,119.0,204.0,70.0,89.0,106,460000000
yolo_final_aisle_v3,40,5.0,20.0,5.000000000193323,20.000000003725884,4.9863716094236485,19.90516500597447,True,True,-0.013628390769674148,-0.09483499775141269,5.518239974975586,0.9610145092010498,119.0,204.0,70.0,89.0,106,525000000
yolo_final_aisle_v3,40,5.0,20.0,5.000000000193323,20.000000003725884,4.9863716094236485,19.90516500597447,True,True,-0.013628390769674148,-0.09483499775141269,5.306552886962891,0.9610145092010498,119.0,204.0,70.0,89.0,106,595000000
yolo_final_aisle_v3,40,5.0,20.0,5.000000000193323,20.000000003725884,4.9863716094236485,19.90516500597447,True,True,-0.013628390769674148,-0.09483499775141269,5.498219013214111,0.9610145092010498,119.0,204.0,70.0,89.0,106,660000000
yolo_final_aisle_v3,40,5.0,20.0,5.000000000193323,20.000000003725884,4.9863716094236485,19.90516500597447,True,True,-0.013628390769674148,-0.09483499775141269,5.498219013214111,0.9610145092010498,119.0,204.0,70.0,89.0,106,725000000
yolo_final_aisle_v3,40,5.0,20.0,5.000000000193323,20.000000003725884,4.9863716094236485,19.90516500597447,True,True,-0.013628390769674148,-0.09483499775141269,5.331071853637695,0.9610145092010498,119.0,204.0,70.0,89.0,106,790000000
yolo_final_aisle_v3,40,5.0,20.0,5.000000000193323,20.000000003725884,4.9863716094236485,19.90516500597447,True,True,-0.013628390769674148,-0.09483499775141269,7.068143844604492,0.9610145092010498,119.0,204.0,70.0,89.0,106,855000000
yolo_final_aisle_v3,40,5.0,20.0,5.000000000193323,20.000000003725884,4.9863716094236485,19.90516500597447,True,True,-0.013628390769674148,-0.09483499775141269,7.068143844604492,0.9610145092010498,119.0,204.0,70.0,89.0,106,925000000
yolo_final_aisle_v3,40,5.0,20.0,5.000000000193323,20.000000003725884,4.9863716094236485,19.90516500597447,True,True,-0.013628390769674148,-0.09483499775141269,5.4284138679504395,0.9610145092010498,119.0,204.0,70.0,89.0,106,990000000
yolo_final_aisle_v3,40,5.0,20.0,5.000000000193323,20.000000003725884,4.9863716094236485,19.90516500597447,True,True,-0.013628390769674148,-0.09483499775141269,7.019268989562988,0.9610145092010498,119.0,204.0,70.0,89.0,107,55000000
yolo_final_aisle_v3,40,5.0,20.0,5.000000000193323,20.000000003725884,4.9863716094236485,19.90516500597447,True,True,-0.013628390769674148,-0.09483499775141269,8.445155143737793,0.9610145092010498,119.0,204.0,70.0,89.0,107,120000000
yolo_final_aisle_v3,40,5.0,20.0,5.000000000193323,20.000000003725884,4.9863716094236485,19.90516500597447,True,True,-0.013628390769674148,-0.09483499775141269,8.445155143737793,0.9610145092010498,119.0,204.0,70.0,89.0,107,185000000
yolo_final_aisle_v3,40,5.0,20.0,5.000000000193323,20.000000003725884,4.9863716094236485,19.90516500597447,True,True,-0.013628390769674148,-0.09483499775141269,7.151028156280518,0.9610145092010498,119.0,204.0,70.0,89.0,107,255000000
yolo_final_aisle_v3,41,5.0,30.0,5.0000000000673825,29.999999999554205,4.982459717774965,29.711951164403892,True,False,-0.01754028229241733,-0.2880488351503132,7.656375885009766,0.9610145092010498,119.0,204.0,70.0,89.0,107,650000000
yolo_final_aisle_v3,41,5.0,30.0,5.0000000000673825,29.999999999554205,4.982459717774965,29.711951164403892,True,False,-0.01754028229241733,-0.2880488351503132,7.102100849151611,0.8776404857635498,23.0,201.0,71.0,96.0,107,715000000
yolo_final_aisle_v3,41,5.0,30.0,5.0000000000673825,29.999999999554205,4.982459717774965,29.711951164403892,True,False,-0.01754028229241733,-0.2880488351503132,6.234154224395752,0.8776404857635498,23.0,201.0,71.0,96.0,107,780000000
yolo_final_aisle_v3,41,5.0,30.0,5.0000000000673825,29.999999999554205,4.982459717774965,29.711951164403892,True,False,-0.01754028229241733,-0.2880488351503132,5.668251037597656,0.8776404857635498,23.0,201.0,71.0,96.0,107,845000000
yolo_final_aisle_v3,41,5.0,30.0,5.0000000000673825,29.999999999554205,4.982459717774965,29.711951164403892,True,False,-0.01754028229241733,-0.2880488351503132,5.984673976898193,0.8776404857635498,23.0,201.0,71.0,96.0,107,915000000
yolo_final_aisle_v3,41,5.0,30.0,5.0000000000673825,29.999999999554205,4.982459717774965,29.711951164403892,True,False,-0.01754028229241733,-0.2880488351503132,6.9857258796691895,0.8776404857635498,23.0,201.0,71.0,96.0,107,980000000
yolo_final_aisle_v3,41,5.0,30.0,5.0000000000673825,29.999999999554205,4.982459717774965,29.711951164403892,True,False,-0.01754028229241733,-0.2880488351503132,6.9857258796691895,0.8776404857635498,23.0,201.0,71.0,96.0,108,45000000
yolo_final_aisle_v3,41,5.0,30.0,5.0000000000673825,29.999999999554205,4.982459717774965,29.711951164403892,True,False,-0.01754028229241733,-0.2880488351503132,7.855795860290527,0.8776404857635498,23.0,201.0,71.0,96.0,108,175000000
yolo_final_aisle_v3,41,5.0,30.0,5.0000000000673825,29.999999999554205,4.982459717774965,29.711951164403892,True,False,-0.01754028229241733,-0.2880488351503132,6.266205787658691,0.8776404857635498,23.0,201.0,71.0,96.0,108,245000000
yolo_final_aisle_v3,41,5.0,30.0,5.0000000000673825,29.999999999554205,4.982459717774965,29.711951164403892,True,False,-0.01754028229241733,-0.2880488351503132,6.266205787658691,0.8776404857635498,23.0,201.0,71.0,96.0,108,310000000
yolo_final_aisle_v3,41,5.0,30.0,5.0000000000673825,29.999999999554205,4.982459717774965,29.711951164403892,True,False,-0.01754028229241733,-0.2880488351503132,8.451059341430664,0.8776404857635498,23.0,201.0,71.0,96.0,108,375000000
yolo_final_aisle_v3,41,5.0,30.0,5.0000000000673825,29.999999999554205,4.982459717774965,29.711951164403892,True,False,-0.01754028229241733,-0.2880488351503132,6.556018829345703,0.8776404857635498,23.0,201.0,71.0,96.0,108,440000000
yolo_final_aisle_v3,41,5.0,30.0,5.0000000000673825,29.999999999554205,4.982459717774965,29.711951164403892,True,False,-0.01754028229241733,-0.2880488351503132,5.216389179229736,0.8776404857635498,23.0,201.0,71.0,96.0,108,505000000
yolo_final_aisle_v3,41,5.0,30.0,5.0000000000673825,29.999999999554205,4.982459717774965,29.711951164403892,True,False,-0.01754028229241733,-0.2880488351503132,7.720364093780518,0.8776404857635498,23.0,201.0,71.0,96.0,108,575000000
yolo_final_aisle_v3,41,5.0,30.0,5.0000000000673825,29.999999999554205,4.982459717774965,29.711951164403892,True,False,-0.01754028229241733,-0.2880488351503132,7.464457035064697,0.8776404857635498,23.0,201.0,71.0,96.0,108,640000000
yolo_final_aisle_v3,41,5.0,30.0,5.0000000000673825,29.999999999554205,4.982459717774965,29.711951164403892,True,False,-0.01754028229241733,-0.2880488351503132,5.356238842010498,0.8776404857635498,23.0,201.0,71.0,96.0,108,705000000
yolo_final_aisle_v3,41,5.0,30.0,5.0000000000673825,29.999999999554205,4.982459717774965,29.711951164403892,True,False,-0.01754028229241733,-0.2880488351503132,5.938377857208252,0.8776404857635498,23.0,201.0,71.0,96.0,108,770000000
yolo_final_aisle_v3,41,5.0,30.0,5.0000000000673825,29.999999999554205,4.982459717774965,29.711951164403892,True,False,-0.01754028229241733,-0.2880488351503132,5.35032320022583,0.8776404857635498,23.0,201.0,71.0,96.0,108,905000000
yolo_final_aisle_v3,41,5.0,30.0,5.0000000000673825,29.999999999554205,4.982459717774965,29.711951164403892,True,False,-0.01754028229241733,-0.2880488351503132,5.26041316986084,0.8776404857635498,23.0,201.0,71.0,96.0,109,35000000
yolo_final_aisle_v3,41,5.0,30.0,5.0000000000673825,29.999999999554205,4.982459717774965,29.711951164403892,True,False,-0.01754028229241733,-0.2880488351503132,5.176136016845703,0.8776404857635498,23.0,201.0,71.0,96.0,109,100000000
yolo_final_aisle_v3,41,5.0,30.0,5.0000000000673825,29.999999999554205,4.982459717774965,29.711951164403892,True,False,-0.01754028229241733,-0.2880488351503132,5.176136016845703,0.8776404857635498,23.0,201.0,71.0,96.0,109,165000000
yolo_final_aisle_v3,41,5.0,30.0,5.0000000000673825,29.999999999554205,4.982459717774965,29.711951164403892,True,False,-0.01754028229241733,-0.2880488351503132,5.314324855804443,0.8776404857635498,23.0,201.0,71.0,96.0,109,235000000
yolo_final_aisle_v3,41,5.0,30.0,5.0000000000673825,29.999999999554205,4.982459717774965,29.711951164403892,True,False,-0.01754028229241733,-0.2880488351503132,5.258152961730957,0.8776404857635498,23.0,201.0,71.0,96.0,109,300000000
yolo_final_aisle_v3,41,5.0,30.0,5.0000000000673825,29.999999999554205,4.982459717774965,29.711951164403892,True,False,-0.01754028229241733,-0.2880488351503132,5.675017833709717,0.8776404857635498,23.0,201.0,71.0,96.0,109,365000000
yolo_final_aisle_v3,41,5.0,30.0,5.0000000000673825,29.999999999554205,4.982459717774965,29.711951164403892,True,False,-0.01754028229241733,-0.2880488351503132,5.256411075592041,0.8776404857635498,23.0,201.0,71.0,96.0,109,430000000
yolo_final_aisle_v3,41,5.0,30.0,5.0000000000673825,29.999999999554205,4.982459717774965,29.711951164403892,True,False,-0.01754028229241733,-0.2880488351503132,6.095976829528809,0.8776404857635498,23.0,201.0,71.0,96.0,109,495000000
yolo_final_aisle_v3,41,5.0,30.0,5.0000000000673825,29.999999999554205,4.982459717774965,29.711951164403892,True,False,-0.01754028229241733,-0.2880488351503132,5.796201229095459,0.8776404857635498,23.0,201.0,71.0,96.0,109,565000000
yolo_final_aisle_v3,41,5.0,30.0,5.0000000000673825,29.999999999554205,4.982459717774965,29.711951164403892,True,False,-0.01754028229241733,-0.2880488351503132,5.196306228637695,0.8776404857635498,23.0,201.0,71.0,96.0,109,630000000
yolo_final_aisle_v3,41,5.0,30.0,5.0000000000673825,29.999999999554205,4.982459717774965,29.711951164403892,True,False,-0.01754028229241733,-0.2880488351503132,5.228268146514893,0.8776404857635498,23.0,201.0,71.0,96.0,109,695000000
yolo_final_aisle_v3,41,5.0,30.0,5.0000000000673825,29.999999999554205,4.982459717774965,29.711951164403892,True,False,-0.01754028229241733,-0.2880488351503132,7.704491138458252,0.8776404857635498,23.0,201.0,71.0,96.0,109,760000000
