scene,condition_id,requested_range_m,requested_bearing_deg,actual_range_m,actual_bearing_deg,measured_range_m,measured_bearing_deg,valid,full_visibility,range_error_m,bearing_error_deg,inference_ms,detection_confidence,bbox_x,bbox_y,bbox_width,bbox_height,stamp_sec,stamp_nanosec
yolo_final_open_v3,0,1.0,-30.0,1.0000000001866818,-29.99999999382462,3.042090297911705,-0.01708326789467369,True,False,2.0420902977250233,29.982916725929947,9.312973976135254,0.96701580286026,266.0,181.0,108.0,139.0,2,50000000
yolo_final_open_v3,0,1.0,-30.0,1.0000000001866818,-29.99999999382462,3.042090297911705,-0.01708326789467369,True,False,2.0420902977250233,29.982916725929947,5.446694850921631,0.96701580286026,266.0,181.0,108.0,139.0,2,115000000
yolo_final_open_v3,0,1.0,-30.0,1.0000000001866818,-29.99999999382462,1.0795216152194913,-23.53047973432232,True,False,0.07952161503280952,6.4695202595023,5.713997840881348,0.96701580286026,266.0,181.0,108.0,139.0,2,180000000
yolo_final_open_v3,0,1.0,-30.0,1.0000000001866818,-29.99999999382462,1.0795216152194913,-23.53047973432232,True,False,0.07952161503280952,6.4695202595023,10.415816307067871,0.9720029234886169,397.0,24.0,242.0,456.0,2,245000000
yolo_final_open_v3,0,1.0,-30.0,1.0000000001866818,-29.99999999382462,1.0795216152194913,-23.53047973432232,True,False,0.07952161503280952,6.4695202595023,9.67508316040039,0.9720029234886169,397.0,24.0,242.0,456.0,2,315000000
yolo_final_open_v3,0,1.0,-30.0,1.0000000001866818,-29.99999999382462,1.0795216152194913,-23.53047973432232,True,False,0.07952161503280952,6.4695202595023,9.67508316040039,0.9720029234886169,397.0,24.0,242.0,456.0,2,380000000
yolo_final_open_v3,0,1.0,-30.0,1.0000000001866818,-29.99999999382462,1.0795216152194913,-23.53047973432232,True,False,0.07952161503280952,6.4695202595023,5.476441860198975,0.9720029234886169,397.0,24.0,242.0,456.0,2,445000000
yolo_final_open_v3,0,1.0,-30.0,1.0000000001866818,-29.99999999382462,1.0795216152194913,-23.53047973432232,True,False,0.07952161503280952,6.4695202595023,5.587051868438721,0.9720029234886169,397.0,24.0,242.0,456.0,2,510000000
yolo_final_open_v3,0,1.0,-30.0,1.0000000001866818,-29.99999999382462,1.0795216152194913,-23.53047973432232,True,False,0.07952161503280952,6.4695202595023,6.143651008605957,0.9720029234886169,397.0,24.0,242.0,456.0,2,575000000
yolo_final_open_v3,0,1.0,-30.0,1.0000000001866818,-29.99999999382462,1.0795216152194913,-23.53047973432232,True,False,0.07952161503280952,6.4695202595023,5.805190086364746,0.9720029234886169,397.0,24.0,242.0,456.0,2,645000000
yolo_final_open_v3,0,1.0,-30.0,1.0000000001866818,-29.99999999382462,1.0795216152194913,-23.53047973432232,True,False,0.07952161503280952,6.4695202595023,5.735489845275879,0.9720029234886169,397.0,24.0,242.0,456.0,2,775000000
yolo_final_open_v3,0,1.0,-30.0,1.0000000001866818,-29.99999999382462,1.0795216152194913,-23.53047973432232,True,False,0.07952161503280952,6.4695202595023,5.814301013946533,0.9720029234886169,397.0,24.0,242.0,456.0,2,840000000
yolo_final_open_v3,0,1.0,-30.0,1.0000000001866818,-29.99999999382462,1.0795216152194913,-23.53047973432232,True,False,0.07952161503280952,6.4695202595023,6.319949150085449,0.9720029234886169,397.0,24.0,242.0,456.0,2,905000000
yolo_final_open_v3,0,1.0,-30.0,1.0000000001866818,-29.99999999382462,1.0795216152194913,-23.53047973432232,True,False,0.07952161503280952,6.4695202595023,6.050778865814209,0.9720029234886169,397.0,24.0,242.0,456.0,2,975000000
yolo_final_open_v3,0,1.0,-30.0,1.0000000001866818,-29.99999999382462,1.0795216152194913,-23.53047973432232,True,False,0.07952161503280952,6.4695202595023,6.050778865814209,0.9720029234886169,397.0,24.0,242.0,456.0,3,40000000
yolo_final_open_v3,0,1.0,-30.0,1.0000000001866818,-29.99999999382462,1.0795216152194913,-23.53047973432232,True,False,0.07952161503280952,6.4695202595023,8.7783203125,0.9720029234886169,397.0,24.0,242.0,456.0,3,235000000
yolo_final_open_v3,0,1.0,-30.0,1.0000000001866818,-29.99999999382462,1.0795216152194913,-23.53047973432232,True,False,0.07952161503280952,6.4695202595023,8.087865829467773,0.9720029234886169,397.0,24.0,242.0,456.0,3,370000000
yolo_final_open_v3,0,1.0,-30.0,1.0000000001866818,-29.99999999382462,1.0795216152194913,-23.53047973432232,True,False,0.07952161503280952,6.4695202595023,8.087865829467773,0.9720029234886169,397.0,24.0,242.0,456.0,3,435000000
yolo_final_open_v3,0,1.0,-30.0,1.0000000001866818,-29.99999999382462,1.0795216152194913,-23.53047973432232,True,False,0.07952161503280952,6.4695202595023,8.403067588806152,0.9720029234886169,397.0,24.0,242.0,456.0,3,500000000
yolo_final_open_v3,0,1.0,-30.0,1.0000000001866818,-29.99999999382462,1.0795216152194913,-23.53047973432232,True,False,0.07952161503280952,6.4695202595023,8.653855323791504,0.9720029234886169,397.0,24.0,242.0,456.0,3,565000000
yolo_final_open_v3,0,1.0,-30.0,1.0000000001866818,-29.99999999382462,1.0795216152194913,-23.53047973432232,True,False,0.07952161503280952,6.4695202595023,8.861637115478516,0.9720029234886169,397.0,24.0,242.0,456.0,3,700000000
yolo_final_open_v3,0,1.0,-30.0,1.0000000001866818,-29.99999999382462,1.0795216152194913,-23.53047973432232,True,False,0.07952161503280952,6.4695202595023,11.48714828491211,0.9720029234886169,397.0,24.0,242.0,456.0,3,765000000
yolo_final_open_v3,0,1.0,-30.0,1.0000000001866818,-29.99999999382462,1.0795216152194913,-23.53047973432232,True,False,0.07952161503280952,6.4695202595023,5.6532111167907715,0.9720029234886169,397.0,24.0,242.0,456.0,3,830000000
yolo_final_open_v3,0,1.0,-30.0,1.0000000001866818,-29.99999999382462,1.0795216152194913,-23.53047973432232,True,False,0.07952161503280952,6.4695202595023,11.467558860778809,0.9720029234886169,397.0,24.0,242.0,456.0,3,895000000
yolo_final_open_v3,0,1.0,-30.0,1.0000000001866818,-29.99999999382462,1.0795216152194913,-23.53047973432232,True,False,0.07952161503280952,6.4695202595023,11.467558860778809,0.9720029234886169,397.0,24.0,242.0,456.0,3,965000000
yolo_final_open_v3,0,1.0,-30.0,1.0000000001866818,-29.99999999382462,1.0795216152194913,-23.53047973432232,True,False,0.07952161503280952,6.4695202595023,6.026788234710693,0.9720029234886169,397.0,24.0,242.0,456.0,4,30000000
yolo_final_open_v3,0,1.0,-30.0,1.0000000001866818,-29.99999999382462,1.0795216152194913,-23.53047973432232,True,False,0.07952161503280952,6.4695202595023,5.6289591789245605,0.9720029234886169,397.0,24.0,242.0,456.0,4,95000000
yolo_final_open_v3,0,1.0,-30.0,1.0000000001866818,-29.99999999382462,1.0795216152194913,-23.53047973432232,True,False,0.07952161503280952,6.4695202595023,5.512697219848633,0.9720029234886169,397.0,24.0,242.0,456.0,4,295000000
yolo_final_open_v3,0,1.0,-30.0,1.0000000001866818,-29.99999999382462,1.0795216152194913,-23.53047973432232,True,False,0.07952161503280952,6.4695202595023,5.512697219848633,0.9720029234886169,397.0,24.0,242.0,456.0,4,490000000
yolo_final_open_v3,0,1.0,-30.0,1.0000000001866818,-29.99999999382462,1.0795216152194913,-23.53047973432232,True,False,0.07952161503280952,6.4695202595023,8.759761810302734,0.9720029234886169,397.0,24.0,242.0,456.0,4,555000000
yolo_final_open_v3,1,1.0,-20.0,1.0000000002012934,-19.99999999582243,1.0908463716105765,-19.086272150952304,True,False,0.09084637140928309,0.9137278448701274,5.267737865447998,0.9758198261260986,316.0,43.0,324.0,437.0,5,150000000
yolo_final_open_v3,1,1.0,-20.0,1.0000000002012934,-19.99999999582243,1.0908463716105765,-19.086272150952304,True,False,0.09084637140928309,0.9137278448701274,5.267737865447998,0.9758198261260986,316.0,43.0,324.0,437.0,5,215000000
yolo_final_open_v3,1,1.0,-20.0,1.0000000002012934,-19.99999999582243,1.0908463716105765,-19.086272150952304,True,False,0.09084637140928309,0.9137278448701274,5.382645130157471,0.9758198261260986,316.0,43.0,324.0,437.0,5,285000000
yolo_final_open_v3,1,1.0,-20.0,1.0000000002012934,-19.99999999582243,1.0908463716105765,-19.086272150952304,True,False,0.09084637140928309,0.9137278448701274,5.113234996795654,0.9758198261260986,316.0,43.0,324.0,437.0,5,350000000
yolo_final_open_v3,1,1.0,-20.0,1.0000000002012934,-19.99999999582243,1.0908463716105765,-19.086272150952304,True,False,0.09084637140928309,0.9137278448701274,5.215453147888184,0.9758198261260986,316.0,43.0,324.0,437.0,5,415000000
yolo_final_open_v3,1,1.0,-20.0,1.0000000002012934,-19.99999999582243,1.0908463716105765,-19.086272150952304,True,False,0.09084637140928309,0.9137278448701274,5.172031879425049,0.9758198261260986,316.0,43.0,324.0,437.0,5,480000000
yolo_final_open_v3,1,1.0,-20.0,1.0000000002012934,-19.99999999582243,1.0908463716105765,-19.086272150952304,True,False,0.09084637140928309,0.9137278448701274,5.131381034851074,0.9758198261260986,316.0,43.0,324.0,437.0,5,615000000
yolo_final_open_v3,1,1.0,-20.0,1.0000000002012934,-19.99999999582243,1.0908463716105765,-19.086272150952304,True,False,0.09084637140928309,0.9137278448701274,5.49964714050293,0.9758198261260986,316.0,43.0,324.0,437.0,5,680000000
yolo_final_open_v3,1,1.0,-20.0,1.0000000002012934,-19.99999999582243,1.0908463716105765,-19.086272150952304,True,False,0.09084637140928309,0.9137278448701274,5.49964714050293,0.9758198261260986,316.0,43.0,324.0,437.0,5,745000000
yolo_final_open_v3,1,1.0,-20.0,1.0000000002012934,-19.99999999582243,1.0908463716105765,-19.086272150952304,True,False,0.09084637140928309,0.9137278448701274,5.24879789352417,0.9758198261260986,316.0,43.0,324.0,437.0,5,810000000
yolo_final_open_v3,1,1.0,-20.0,1.0000000002012934,-19.99999999582243,1.0908463716105765,-19.086272150952304,True,False,0.09084637140928309,0.9137278448701274,7.397426128387451,0.9758198261260986,316.0,43.0,324.0,437.0,5,875000000
yolo_final_open_v3,1,1.0,-20.0,1.0000000002012934,-19.99999999582243,1.0908463716105765,-19.086272150952304,True,False,0.09084637140928309,0.9137278448701274,5.38606595993042,0.9758198261260986,316.0,43.0,324.0,437.0,5,945000000
yolo_final_open_v3,1,1.0,-20.0,1.0000000002012934,-19.99999999582243,1.0908463716105765,-19.086272150952304,True,False,0.09084637140928309,0.9137278448701274,5.368574142456055,0.9758198261260986,316.0,43.0,324.0,437.0,6,10000000
yolo_final_open_v3,1,1.0,-20.0,1.0000000002012934,-19.99999999582243,1.0908463716105765,-19.086272150952304,True,False,0.09084637140928309,0.9137278448701274,8.438522338867188,0.9758198261260986,316.0,43.0,324.0,437.0,6,75000000
yolo_final_open_v3,1,1.0,-20.0,1.0000000002012934,-19.99999999582243,1.0908463716105765,-19.086272150952304,True,False,0.09084637140928309,0.9137278448701274,8.525829315185547,0.9758198261260986,316.0,43.0,324.0,437.0,6,140000000
yolo_final_open_v3,1,1.0,-20.0,1.0000000002012934,-19.99999999582243,1.0908463716105765,-19.086272150952304,True,False,0.09084637140928309,0.9137278448701274,9.152915000915527,0.9758198261260986,316.0,43.0,324.0,437.0,6,205000000
yolo_final_open_v3,1,1.0,-20.0,1.0000000002012934,-19.99999999582243,1.0908463716105765,-19.086272150952304,True,False,0.09084637140928309,0.9137278448701274,7.907055854797363,0.9758198261260986,316.0,43.0,324.0,437.0,6,275000000
yolo_final_open_v3,1,1.0,-20.0,1.0000000002012934,-19.99999999582243,1.0908463716105765,-19.086272150952304,True,False,0.09084637140928309,0.9137278448701274,7.907055854797363,0.9758198261260986,316.0,43.0,324.0,437.0,6,340000000
yolo_final_open_v3,1,1.0,-20.0,1.0000000002012934,-19.99999999582243,1.0908463716105765,-19.086272150952304,True,False,0.09084637140928309,0.9137278448701274,8.619292259216309,0.9758198261260986,316.0,43.0,324.0,437.0,6,405000000
yolo_final_open_v3,1,1.0,-20.0,1.0000000002012934,-19.99999999582243,1.0908463716105765,-19.086272150952304,True,False,0.09084637140928309,0.9137278448701274,8.313153266906738,0.9758198261260986,316.0,43.0,324.0,437.0,6,470000000
yolo_final_open_v3,1,1.0,-20.0,1.0000000002012934,-19.99999999582243,1.0908463716105765,-19.086272150952304,True,False,0.09084637140928309,0.9137278448701274,5.342167854309082,0.9758198261260986,316.0,43.0,324.0,437.0,6,535000000
yolo_final_open_v3,1,1.0,-20.0,1.0000000002012934,-19.99999999582243,1.0908463716105765,-19.086272150952304,True,False,0.09084637140928309,0.9137278448701274,8.178377151489258,0.9758198261260986,316.0,43.0,324.0,437.0,6,605000000
yolo_final_open_v3,1,1.0,-20.0,1.0000000002012934,-19.99999999582243,1.0908463716105765,-19.086272150952304,True,False,0.09084637140928309,0.9137278448701274,8.680225372314453,0.9758198261260986,316.0,43.0,324.0,437.0,6,670000000
yolo_final_open_v3,1,1.0,-20.0,1.0000000002012934,-19.99999999582243,1.0908463716105765,-19.086272150952304,True,False,0.09084637140928309,0.9137278448701274,8.680225372314453,0.9758198261260986,316.0,43.0,324.0,437.0,6,735000000
yolo_final_open_v3,1,1.0,-20.0,1.0000000002012934,-19.99999999582243,1.0908463716105765,-19.086272150952304,True,False,0.09084637140928309,0.9137278448701274,5.426362037658691,0.9758198261260986,316.0,43.0,324.0,437.0,6,800000000
yolo_final_open_v3,1,1.0,-20.0,1.0000000002012934,-19.99999999582243,1.0908463716105765,-19.086272150952304,True,False,0.09084637140928309,0.9137278448701274,5.184593200683594,0.9758198261260986,316.0,43.0,324.0,437.0,6,865000000
yolo_final_open_v3,1,1.0,-20.0,1.0000000002012934,-19.99999999582243,1.0908463716105765,-19.086272150952304,True,False,0.09084637140928309,0.9137278448701274,5.487652778625488,0.9758198261260986,316.0,43.0,324.0,437.0,6,935000000
yolo_final_open_v3,1,1.0,-20.0,1.0000000002012934,-19.99999999582243,1.0908463716105765,-19.086272150952304,True,False,0.09084637140928309,0.9137278448701274,5.35683012008667,0.9758198261260986,316.0,43.0,324.0,437.0,7,0
yolo_final_open_v3,1,1.0,-20.0,1.0000000002012934,-19.99999999582243,1.0908463716105765,-19.086272150952304,True,False,0.09084637140928309,0.9137278448701274,5.16641902923584,0.9758198261260986,316.0,43.0,324.0,437.0,7,65000000
yolo_final_open_v3,1,1.0,-20.0,1.0000000002012934,-19.99999999582243,1.0908463716105765,-19.086272150952304,True,False,0.09084637140928309,0.9137278448701274,5.716015815734863,0.9758198261260986,316.0,43.0,324.0,437.0,7,130000000
yolo_final_open_v3,2,1.0,-10.0,0.99999999999372,-10.000000001987427,1.0755449676408741,-10.463092888047727,True,False,0.07554496764715413,-0.4630928860603003,9.397185325622559,0.9736700057983398,236.0,54.0,336.0,426.0,7,660000000
yolo_final_open_v3,2,1.0,-10.0,0.99999999999372,-10.000000001987427,1.0755449676408741,-10.463092888047727,True,False,0.07554496764715413,-0.4630928860603003,5.40214204788208,0.9736700057983398,236.0,54.0,336.0,426.0,7,725000000
yolo_final_open_v3,2,1.0,-10.0,0.99999999999372,-10.000000001987427,1.0755449676408741,-10.463092888047727,True,False,0.07554496764715413,-0.4630928860603003,5.464882850646973,0.9736700057983398,236.0,54.0,336.0,426.0,7,790000000
yolo_final_open_v3,2,1.0,-10.0,0.99999999999372,-10.000000001987427,1.0755449676408741,-10.463092888047727,True,False,0.07554496764715413,-0.4630928860603003,5.424620151519775,0.9736700057983398,236.0,54.0,336.0,426.0,7,855000000
yolo_final_open_v3,2,1.0,-10.0,0.99999999999372,-10.000000001987427,1.0755449676408741,-10.463092888047727,True,False,0.07554496764715413,-0.4630928860603003,5.3090500831604,0.9736700057983398,236.0,54.0,336.0,426.0,7,925000000
yolo_final_open_v3,2,1.0,-10.0,0.99999999999372,-10.000000001987427,1.0755449676408741,-10.463092888047727,True,False,0.07554496764715413,-0.4630928860603003,5.3090500831604,0.9736700057983398,236.0,54.0,336.0,426.0,7,990000000
yolo_final_open_v3,2,1.0,-10.0,0.99999999999372,-10.000000001987427,1.0755449676408741,-10.463092888047727,True,False,0.07554496764715413,-0.4630928860603003,7.506324768066406,0.9736700057983398,236.0,54.0,336.0,426.0,8,55000000
yolo_final_open_v3,2,1.0,-10.0,0.99999999999372,-10.000000001987427,1.0755449676408741,-10.463092888047727,True,False,0.07554496764715413,-0.4630928860603003,5.44949197769165,0.9736700057983398,236.0,54.0,336.0,426.0,8,120000000
yolo_final_open_v3,2,1.0,-10.0,0.99999999999372,-10.000000001987427,1.0755449676408741,-10.463092888047727,True,False,0.07554496764715413,-0.4630928860603003,5.571822166442871,0.9736700057983398,236.0,54.0,336.0,426.0,8,185000000
yolo_final_open_v3,2,1.0,-10.0,0.99999999999372,-10.000000001987427,1.0755449676408741,-10.463092888047727,True,False,0.07554496764715413,-0.4630928860603003,5.723414897918701,0.9736700057983398,236.0,54.0,336.0,426.0,8,255000000
yolo_final_open_v3,2,1.0,-10.0,0.99999999999372,-10.000000001987427,1.0755449676408741,-10.463092888047727,True,False,0.07554496764715413,-0.4630928860603003,5.361732006072998,0.9736700057983398,236.0,54.0,336.0,426.0,8,320000000
yolo_final_open_v3,2,1.0,-10.0,0.99999999999372,-10.000000001987427,1.0755449676408741,-10.463092888047727,True,False,0.07554496764715413,-0.4630928860603003,5.362444877624512,0.9736700057983398,236.0,54.0,336.0,426.0,8,385000000
yolo_final_open_v3,2,1.0,-10.0,0.99999999999372,-10.000000001987427,1.0755449676408741,-10.463092888047727,True,False,0.07554496764715413,-0.4630928860603003,6.374736785888672,0.9736700057983398,236.0,54.0,336.0,426.0,8,450000000
yolo_final_open_v3,2,1.0,-10.0,0.99999999999372,-10.000000001987427,1.0755449676408741,-10.463092888047727,True,False,0.07554496764715413,-0.4630928860603003,6.374736785888672,0.9736700057983398,236.0,54.0,336.0,426.0,8,515000000
yolo_final_open_v3,2,1.0,-10.0,0.99999999999372,-10.000000001987427,1.0755449676408741,-10.463092888047727,True,False,0.07554496764715413,-0.4630928860603003,5.423490047454834,0.9736700057983398,236.0,54.0,336.0,426.0,8,585000000
yolo_final_open_v3,2,1.0,-10.0,0.99999999999372,-10.000000001987427,1.0755449676408741,-10.463092888047727,True,False,0.07554496764715413,-0.4630928860603003,5.423490047454834,0.9736700057983398,236.0,54.0,336.0,426.0,8,650000000
yolo_final_open_v3,2,1.0,-10.0,0.99999999999372,-10.000000001987427,1.0755449676408741,-10.463092888047727,True,False,0.07554496764715413,-0.4630928860603003,5.439879894256592,0.9736700057983398,236.0,54.0,336.0,426.0,8,715000000
yolo_final_open_v3,2,1.0,-10.0,0.99999999999372,-10.000000001987427,1.0755449676408741,-10.463092888047727,True,False,0.07554496764715413,-0.4630928860603003,9.085306167602539,0.9736700057983398,236.0,54.0,336.0,426.0,8,780000000
yolo_final_open_v3,2,1.0,-10.0,0.99999999999372,-10.000000001987427,1.0755449676408741,-10.463092888047727,True,False,0.07554496764715413,-0.4630928860603003,8.25539779663086,0.9736700057983398,236.0,54.0,336.0,426.0,8,845000000
yolo_final_open_v3,2,1.0,-10.0,0.99999999999372,-10.000000001987427,1.0755449676408741,-10.463092888047727,True,False,0.07554496764715413,-0.4630928860603003,8.25539779663086,0.9736700057983398,236.0,54.0,336.0,426.0,8,915000000
yolo_final_open_v3,2,1.0,-10.0,0.99999999999372,-10.000000001987427,1.0755449676408741,-10.463092888047727,True,False,0.07554496764715413,-0.4630928860603003,8.306224822998047,0.9736700057983398,236.0,54.0,336.0,426.0,8,980000000
yolo_final_open_v3,2,1.0,-10.0,0.99999999999372,-10.000000001987427,1.0755449676408741,-10.463092888047727,True,False,0.07554496764715413,-0.4630928860603003,8.306224822998047,0.9736700057983398,236.0,54.0,336.0,426.0,9,45000000
yolo_final_open_v3,2,1.0,-10.0,0.99999999999372,-10.000000001987427,1.0755449676408741,-10.463092888047727,True,False,0.07554496764715413,-0.4630928860603003,8.261898040771484,0.9736700057983398,236.0,54.0,336.0,426.0,9,110000000
yolo_final_open_v3,2,1.0,-10.0,0.99999999999372,-10.000000001987427,1.0755449676408741,-10.463092888047727,True,False,0.07554496764715413,-0.4630928860603003,5.385284900665283,0.9736700057983398,236.0,54.0,336.0,426.0,9,175000000
yolo_final_open_v3,2,1.0,-10.0,0.99999999999372,-10.000000001987427,1.0755449676408741,-10.463092888047727,True,False,0.07554496764715413,-0.4630928860603003,8.430129051208496,0.9736700057983398,236.0,54.0,336.0,426.0,9,245000000
yolo_final_open_v3,2,1.0,-10.0,0.99999999999372,-10.000000001987427,1.0755449676408741,-10.463092888047727,True,False,0.07554496764715413,-0.4630928860603003,5.346592903137207,0.9736700057983398,236.0,54.0,336.0,426.0,9,310000000
yolo_final_open_v3,2,1.0,-10.0,0.99999999999372,-10.000000001987427,1.0755449676408741,-10.463092888047727,True,False,0.07554496764715413,-0.4630928860603003,8.331701278686523,0.9736700057983398,236.0,54.0,336.0,426.0,9,375000000
yolo_final_open_v3,2,1.0,-10.0,0.99999999999372,-10.000000001987427,1.0755449676408741,-10.463092888047727,True,False,0.07554496764715413,-0.4630928860603003,8.331701278686523,0.9736700057983398,236.0,54.0,336.0,426.0,9,440000000
yolo_final_open_v3,2,1.0,-10.0,0.99999999999372,-10.000000001987427,1.0755449676408741,-10.463092888047727,True,False,0.07554496764715413,-0.4630928860603003,5.268550872802734,0.9736700057983398,236.0,54.0,336.0,426.0,9,640000000
yolo_final_open_v3,2,1.0,-10.0,0.99999999999372,-10.000000001987427,1.0755449676408741,-10.463092888047727,True,False,0.07554496764715413,-0.4630928860603003,5.282049179077148,0.9736700057983398,236.0,54.0,336.0,426.0,9,705000000
yolo_final_open_v3,3,1.0,0.0,1.0,0.0,1.0634580880015057,0.23474919394768154,True,False,0.06345808800150565,0.23474919394768154,8.477717399597168,0.9736700057983398,236.0,54.0,336.0,426.0,10,100000000
yolo_final_open_v3,3,1.0,0.0,1.0,0.0,1.0634580880015057,0.23474919394768154,True,False,0.06345808800150565,0.23474919394768154,6.475636959075928,0.9746379852294922,151.0,55.0,332.0,425.0,10,165000000
yolo_final_open_v3,3,1.0,0.0,1.0,0.0,1.0634580880015057,0.23474919394768154,True,False,0.06345808800150565,0.23474919394768154,9.073236465454102,0.9746379852294922,151.0,55.0,332.0,425.0,10,235000000
yolo_final_open_v3,3,1.0,0.0,1.0,0.0,1.0634580880015057,0.23474919394768154,True,False,0.06345808800150565,0.23474919394768154,9.073236465454102,0.9746379852294922,151.0,55.0,332.0,425.0,10,300000000
yolo_final_open_v3,3,1.0,0.0,1.0,0.0,1.0634580880015057,0.23474919394768154,True,False,0.06345808800150565,0.23474919394768154,5.319187164306641,0.9746379852294922,151.0,55.0,332.0,425.0,10,365000000
yolo_final_open_v3,3,1.0,0.0,1.0,0.0,1.0634580880015057,0.23474919394768154,True,False,0.06345808800150565,0.23474919394768154,5.795182228088379,0.9746379852294922,151.0,55.0,332.0,425.0,10,430000000
yolo_final_open_v3,3,1.0,0.0,1.0,0.0,1.0634580880015057,0.23474919394768154,True,False,0.06345808800150565,0.23474919394768154,5.392828941345215,0.9746379852294922,151.0,55.0,332.0,425.0,10,565000000
yolo_final_open_v3,3,1.0,0.0,1.0,0.0,1.0634580880015057,0.23474919394768154,True,False,0.06345808800150565,0.23474919394768154,5.209593772888184,0.9746379852294922,151.0,55.0,332.0,425.0,10,630000000
yolo_final_open_v3,3,1.0,0.0,1.0,0.0,1.0634580880015057,0.23474919394768154,True,False,0.06345808800150565,0.23474919394768154,5.523873805999756,0.9746379852294922,151.0,55.0,332.0,425.0,10,695000000
yolo_final_open_v3,3,1.0,0.0,1.0,0.0,1.0634580880015057,0.23474919394768154,True,False,0.06345808800150565,0.23474919394768154,5.531826019287109,0.9746379852294922,151.0,55.0,332.0,425.0,10,760000000
yolo_final_open_v3,3,1.0,0.0,1.0,0.0,1.0634580880015057,0.23474919394768154,True,False,0.06345808800150565,0.23474919394768154,5.531826019287109,0.9746379852294922,151.0,55.0,332.0,425.0,10,960000000
yolo_final_open_v3,3,1.0,0.0,1.0,0.0,1.0634580880015057,0.23474919394768154,True,False,0.06345808800150565,0.23474919394768154,5.5549211502075195,0.9746379852294922,151.0,55.0,332.0,425.0,11,25000000
yolo_final_open_v3,3,1.0,0.0,1.0,0.0,1.0634580880015057,0.23474919394768154,True,False,0.06345808800150565,0.23474919394768154,5.3514580726623535,0.9746379852294922,151.0,55.0,332.0,425.0,11,90000000
yolo_final_open_v3,3,1.0,0.0,1.0,0.0,1.0634580880015057,0.23474919394768154,True,False,0.06345808800150565,0.23474919394768154,5.827351093292236,0.9746379852294922,151.0,55.0,332.0,425.0,11,225000000
yolo_final_open_v3,3,1.0,0.0,1.0,0.0,1.0634580880015057,0.23474919394768154,True,False,0.06345808800150565,0.23474919394768154,6.594354152679443,0.9746379852294922,151.0,55.0,332.0,425.0,11,290000000
yolo_final_open_v3,3,1.0,0.0,1.0,0.0,1.0634580880015057,0.23474919394768154,True,False,0.06345808800150565,0.23474919394768154,9.05260181427002,0.9746379852294922,151.0,55.0,332.0,425.0,11,355000000
yolo_final_open_v3,3,1.0,0.0,1.0,0.0,1.0634580880015057,0.23474919394768154,True,False,0.06345808800150565,0.23474919394768154,9.666874885559082,0.9746379852294922,151.0,55.0,332.0,425.0,11,420000000
yolo_final_open_v3,3,1.0,0.0,1.0,0.0,1.0634580880015057,0.23474919394768154,True,False,0.06345808800150565,0.23474919394768154,5.816608905792236,0.9746379852294922,151.0,55.0,332.0,425.0,11,485000000
yolo_final_open_v3,3,1.0,0.0,1.0,0.0,1.0634580880015057,0.23474919394768154,True,False,0.06345808800150565,0.23474919394768154,9.416271209716797,0.9746379852294922,151.0,55.0,332.0,425.0,11,555000000
yolo_final_open_v3,3,1.0,0.0,1.0,0.0,1.0634580880015057,0.23474919394768154,True,False,0.06345808800150565,0.23474919394768154,8.64063835144043,0.9746379852294922,151.0,55.0,332.0,425.0,11,620000000
yolo_final_open_v3,3,1.0,0.0,1.0,0.0,1.0634580880015057,0.23474919394768154,True,False,0.06345808800150565,0.23474919394768154,5.429582118988037,0.9746379852294922,151.0,55.0,332.0,425.0,11,685000000
yolo_final_open_v3,3,1.0,0.0,1.0,0.0,1.0634580880015057,0.23474919394768154,True,False,0.06345808800150565,0.23474919394768154,5.755438804626465,0.9746379852294922,151.0,55.0,332.0,425.0,11,750000000
yolo_final_open_v3,3,1.0,0.0,1.0,0.0,1.0634580880015057,0.23474919394768154,True,False,0.06345808800150565,0.23474919394768154,6.443225860595703,0.9746379852294922,151.0,55.0,332.0,425.0,11,815000000
yolo_final_open_v3,3,1.0,0.0,1.0,0.0,1.0634580880015057,0.23474919394768154,True,False,0.06345808800150565,0.23474919394768154,8.424878120422363,0.9746379852294922,151.0,55.0,332.0,425.0,11,885000000
yolo_final_open_v3,3,1.0,0.0,1.0,0.0,1.0634580880015057,0.23474919394768154,True,False,0.06345808800150565,0.23474919394768154,6.15591287612915,0.9746379852294922,151.0,55.0,332.0,425.0,11,950000000
yolo_final_open_v3,3,1.0,0.0,1.0,0.0,1.0634580880015057,0.23474919394768154,True,False,0.06345808800150565,0.23474919394768154,5.534674167633057,0.9746379852294922,151.0,55.0,332.0,425.0,12,15000000
yolo_final_open_v3,3,1.0,0.0,1.0,0.0,1.0634580880015057,0.23474919394768154,True,False,0.06345808800150565,0.23474919394768154,6.341310024261475,0.9746379852294922,151.0,55.0,332.0,425.0,12,80000000
yolo_final_open_v3,3,1.0,0.0,1.0,0.0,1.0634580880015057,0.23474919394768154,True,False,0.06345808800150565,0.23474919394768154,5.7652177810668945,0.9746379852294922,151.0,55.0,332.0,425.0,12,280000000
yolo_final_open_v3,3,1.0,0.0,1.0,0.0,1.0634580880015057,0.23474919394768154,True,False,0.06345808800150565,0.23474919394768154,5.328558921813965,0.9746379852294922,151.0,55.0,332.0,425.0,12,345000000
yolo_final_open_v3,3,1.0,0.0,1.0,0.0,1.0634580880015057,0.23474919394768154,True,False,0.06345808800150565,0.23474919394768154,5.69874906539917,0.9746379852294922,151.0,55.0,332.0,425.0,12,410000000
yolo_final_open_v3,4,1.0,10.0,0.99999999999372,10.00000000198743,1.069450215788925,10.55254072727534,True,False,0.06945021579520494,0.5525407252879102,8.165950775146484,0.9746379852294922,151.0,55.0,332.0,425.0,12,805000000
yolo_final_open_v3,4,1.0,10.0,0.99999999999372,10.00000000198743,1.069450215788925,10.55254072727534,True,False,0.06945021579520494,0.5525407252879102,9.756258010864258,0.9754189848899841,63.0,51.0,342.0,429.0,12,875000000
yolo_final_open_v3,4,1.0,10.0,0.99999999999372,10.00000000198743,1.069450215788925,10.55254072727534,True,False,0.06945021579520494,0.5525407252879102,9.074711799621582,0.9754189848899841,63.0,51.0,342.0,429.0,12,940000000
yolo_final_open_v3,4,1.0,10.0,0.99999999999372,10.00000000198743,1.069450215788925,10.55254072727534,True,False,0.06945021579520494,0.5525407252879102,5.508677959442139,0.9754189848899841,63.0,51.0,342.0,429.0,13,5000000
yolo_final_open_v3,4,1.0,10.0,0.99999999999372,10.00000000198743,1.069450215788925,10.55254072727534,True,False,0.06945021579520494,0.5525407252879102,5.426424980163574,0.9754189848899841,63.0,51.0,342.0,429.0,13,70000000
yolo_final_open_v3,4,1.0,10.0,0.99999999999372,10.00000000198743,1.069450215788925,10.55254072727534,True,False,0.06945021579520494,0.5525407252879102,5.3941240310668945,0.9754189848899841,63.0,51.0,342.0,429.0,13,135000000
yolo_final_open_v3,4,1.0,10.0,0.99999999999372,10.00000000198743,1.069450215788925,10.55254072727534,True,False,0.06945021579520494,0.5525407252879102,5.227688789367676,0.9754189848899841,63.0,51.0,342.0,429.0,13,205000000
yolo_final_open_v3,4,1.0,10.0,0.99999999999372,10.00000000198743,1.069450215788925,10.55254072727534,True,False,0.06945021579520494,0.5525407252879102,5.3173699378967285,0.9754189848899841,63.0,51.0,342.0,429.0,13,270000000
yolo_final_open_v3,4,1.0,10.0,0.99999999999372,10.00000000198743,1.069450215788925,10.55254072727534,True,False,0.06945021579520494,0.5525407252879102,5.681392192840576,0.9754189848899841,63.0,51.0,342.0,429.0,13,400000000
yolo_final_open_v3,4,1.0,10.0,0.99999999999372,10.00000000198743,1.069450215788925,10.55254072727534,True,False,0.06945021579520494,0.5525407252879102,5.310963153839111,0.9754189848899841,63.0,51.0,342.0,429.0,13,535000000
yolo_final_open_v3,4,1.0,10.0,0.99999999999372,10.00000000198743,1.069450215788925,10.55254072727534,True,False,0.06945021579520494,0.5525407252879102,5.521438121795654,0.9754189848899841,63.0,51.0,342.0,429.0,13,600000000
yolo_final_open_v3,4,1.0,10.0,0.99999999999372,10.00000000198743,1.069450215788925,10.55254072727534,True,False,0.06945021579520494,0.5525407252879102,6.9181671142578125,0.9754189848899841,63.0,51.0,342.0,429.0,13,665000000
yolo_final_open_v3,4,1.0,10.0,0.99999999999372,10.00000000198743,1.069450215788925,10.55254072727534,True,False,0.06945021579520494,0.5525407252879102,6.9181671142578125,0.9754189848899841,63.0,51.0,342.0,429.0,13,730000000
yolo_final_open_v3,4,1.0,10.0,0.99999999999372,10.00000000198743,1.069450215788925,10.55254072727534,True,False,0.06945021579520494,0.5525407252879102,8.565719604492188,0.9754189848899841,63.0,51.0,342.0,429.0,13,795000000
yolo_final_open_v3,4,1.0,10.0,0.99999999999372,10.00000000198743,1.069450215788925,10.55254072727534,True,False,0.06945021579520494,0.5525407252879102,5.278124809265137,0.9754189848899841,63.0,51.0,342.0,429.0,13,865000000
yolo_final_open_v3,4,1.0,10.0,0.99999999999372,10.00000000198743,1.069450215788925,10.55254072727534,True,False,0.06945021579520494,0.5525407252879102,8.464302062988281,0.9754189848899841,63.0,51.0,342.0,429.0,13,995000000
yolo_final_open_v3,4,1.0,10.0,0.99999999999372,10.00000000198743,1.069450215788925,10.55254072727534,True,False,0.06945021579520494,0.5525407252879102,7.12814998626709,0.9754189848899841,63.0,51.0,342.0,429.0,14,60000000
yolo_final_open_v3,4,1.0,10.0,0.99999999999372,10.00000000198743,1.069450215788925,10.55254072727534,True,False,0.06945021579520494,0.5525407252879102,6.4294657707214355,0.9754189848899841,63.0,51.0,342.0,429.0,14,125000000
yolo_final_open_v3,4,1.0,10.0,0.99999999999372,10.00000000198743,1.069450215788925,10.55254072727534,True,False,0.06945021579520494,0.5525407252879102,8.672259330749512,0.9754189848899841,63.0,51.0,342.0,429.0,14,195000000
yolo_final_open_v3,4,1.0,10.0,0.99999999999372,10.00000000198743,1.069450215788925,10.55254072727534,True,False,0.06945021579520494,0.5525407252879102,8.841565132141113,0.9754189848899841,63.0,51.0,342.0,429.0,14,260000000
yolo_final_open_v3,4,1.0,10.0,0.99999999999372,10.00000000198743,1.069450215788925,10.55254072727534,True,False,0.06945021579520494,0.5525407252879102,8.225661277770996,0.9754189848899841,63.0,51.0,342.0,429.0,14,325000000
yolo_final_open_v3,4,1.0,10.0,0.99999999999372,10.00000000198743,1.069450215788925,10.55254072727534,True,False,0.06945021579520494,0.5525407252879102,10.765518188476562,0.9754189848899841,63.0,51.0,342.0,429.0,14,390000000
yolo_final_open_v3,4,1.0,10.0,0.99999999999372,10.00000000198743,1.069450215788925,10.55254072727534,True,False,0.06945021579520494,0.5525407252879102,8.277399063110352,0.9754189848899841,63.0,51.0,342.0,429.0,14,525000000
yolo_final_open_v3,4,1.0,10.0,0.99999999999372,10.00000000198743,1.069450215788925,10.55254072727534,True,False,0.06945021579520494,0.5525407252879102,8.277399063110352,0.9754189848899841,63.0,51.0,342.0,429.0,14,590000000
yolo_final_open_v3,4,1.0,10.0,0.99999999999372,10.00000000198743,1.069450215788925,10.55254072727534,True,False,0.06945021579520494,0.5525407252879102,5.156885147094727,0.9754189848899841,63.0,51.0,342.0,429.0,14,655000000
yolo_final_open_v3,4,1.0,10.0,0.99999999999372,10.00000000198743,1.069450215788925,10.55254072727534,True,False,0.06945021579520494,0.5525407252879102,5.156885147094727,0.9754189848899841,63.0,51.0,342.0,429.0,14,720000000
yolo_final_open_v3,4,1.0,10.0,0.99999999999372,10.00000000198743,1.069450215788925,10.55254072727534,True,False,0.06945021579520494,0.5525407252879102,5.391963005065918,0.9754189848899841,63.0,51.0,342.0,429.0,14,785000000
yolo_final_open_v3,4,1.0,10.0,0.99999999999372,10.00000000198743,1.069450215788925,10.55254072727534,True,False,0.06945021579520494,0.5525407252879102,5.465627193450928,0.9754189848899841,63.0,51.0,342.0,429.0,14,855000000
yolo_final_open_v3,4,1.0,10.0,0.99999999999372,10.00000000198743,1.069450215788925,10.55254072727534,True,False,0.06945021579520494,0.5525407252879102,5.673583984375,0.9754189848899841,63.0,51.0,342.0,429.0,14,985000000
yolo_final_open_v3,4,1.0,10.0,0.99999999999372,10.00000000198743,1.069450215788925,10.55254072727534,True,False,0.06945021579520494,0.5525407252879102,5.907569885253906,0.9754189848899841,63.0,51.0,342.0,429.0,15,50000000
yolo_final_open_v3,5,1.0,20.0,1.000000000192401,19.99999999442258,1.094590291443213,19.030728160382868,True,False,0.09459029125081209,-0.9692718340397128,8.965462684631348,0.9754189848899841,63.0,51.0,342.0,429.0,15,515000000
yolo_final_open_v3,5,1.0,20.0,1.000000000192401,19.99999999442258,1.094590291443213,19.030728160382868,True,False,0.09459029125081209,-0.9692718340397128,5.489576816558838,0.9760375022888184,0.0,45.0,324.0,435.0,15,645000000
yolo_final_open_v3,5,1.0,20.0,1.000000000192401,19.99999999442258,1.094590291443213,19.030728160382868,True,False,0.09459029125081209,-0.9692718340397128,5.548646926879883,0.9760375022888184,0.0,45.0,324.0,435.0,15,710000000
yolo_final_open_v3,5,1.0,20.0,1.000000000192401,19.99999999442258,1.094590291443213,19.030728160382868,True,False,0.09459029125081209,-0.9692718340397128,5.449595928192139,0.9760375022888184,0.0,45.0,324.0,435.0,15,775000000
yolo_final_open_v3,5,1.0,20.0,1.000000000192401,19.99999999442258,1.094590291443213,19.030728160382868,True,False,0.09459029125081209,-0.9692718340397128,5.343373775482178,0.9760375022888184,0.0,45.0,324.0,435.0,15,845000000
yolo_final_open_v3,5,1.0,20.0,1.000000000192401,19.99999999442258,1.094590291443213,19.030728160382868,True,False,0.09459029125081209,-0.9692718340397128,5.449429035186768,0.9760375022888184,0.0,45.0,324.0,435.0,15,975000000
yolo_final_open_v3,5,1.0,20.0,1.000000000192401,19.99999999442258,1.094590291443213,19.030728160382868,True,False,0.09459029125081209,-0.9692718340397128,5.3444600105285645,0.9760375022888184,0.0,45.0,324.0,435.0,16,40000000
yolo_final_open_v3,5,1.0,20.0,1.000000000192401,19.99999999442258,1.094590291443213,19.030728160382868,True,False,0.09459029125081209,-0.9692718340397128,5.22177791595459,0.9760375022888184,0.0,45.0,324.0,435.0,16,105000000
yolo_final_open_v3,5,1.0,20.0,1.000000000192401,19.99999999442258,1.094590291443213,19.030728160382868,True,False,0.09459029125081209,-0.9692718340397128,5.1733880043029785,0.9760375022888184,0.0,45.0,324.0,435.0,16,175000000
yolo_final_open_v3,5,1.0,20.0,1.000000000192401,19.99999999442258,1.094590291443213,19.030728160382868,True,False,0.09459029125081209,-0.9692718340397128,5.659755229949951,0.9760375022888184,0.0,45.0,324.0,435.0,16,240000000
yolo_final_open_v3,5,1.0,20.0,1.000000000192401,19.99999999442258,1.094590291443213,19.030728160382868,True,False,0.09459029125081209,-0.9692718340397128,5.659755229949951,0.9760375022888184,0.0,45.0,324.0,435.0,16,305000000
yolo_final_open_v3,5,1.0,20.0,1.000000000192401,19.99999999442258,1.094590291443213,19.030728160382868,True,False,0.09459029125081209,-0.9692718340397128,5.401220798492432,0.9760375022888184,0.0,45.0,324.0,435.0,16,370000000
yolo_final_open_v3,5,1.0,20.0,1.000000000192401,19.99999999442258,1.094590291443213,19.030728160382868,True,False,0.09459029125081209,-0.9692718340397128,6.488876819610596,0.9760375022888184,0.0,45.0,324.0,435.0,16,435000000
yolo_final_open_v3,5,1.0,20.0,1.000000000192401,19.99999999442258,1.094590291443213,19.030728160382868,True,False,0.09459029125081209,-0.9692718340397128,5.712026119232178,0.9760375022888184,0.0,45.0,324.0,435.0,16,505000000
yolo_final_open_v3,5,1.0,20.0,1.000000000192401,19.99999999442258,1.094590291443213,19.030728160382868,True,False,0.09459029125081209,-0.9692718340397128,5.712026119232178,0.9760375022888184,0.0,45.0,324.0,435.0,16,570000000
yolo_final_open_v3,5,1.0,20.0,1.000000000192401,19.99999999442258,1.094590291443213,19.030728160382868,True,False,0.09459029125081209,-0.9692718340397128,8.678258895874023,0.9760375022888184,0.0,45.0,324.0,435.0,16,700000000
yolo_final_open_v3,5,1.0,20.0,1.000000000192401,19.99999999442258,1.094590291443213,19.030728160382868,True,False,0.09459029125081209,-0.9692718340397128,8.339974403381348,0.9760375022888184,0.0,45.0,324.0,435.0,16,765000000
yolo_final_open_v3,5,1.0,20.0,1.000000000192401,19.99999999442258,1.094590291443213,19.030728160382868,True,False,0.09459029125081209,-0.9692718340397128,8.339974403381348,0.9760375022888184,0.0,45.0,324.0,435.0,16,835000000
yolo_final_open_v3,5,1.0,20.0,1.000000000192401,19.99999999442258,1.094590291443213,19.030728160382868,True,False,0.09459029125081209,-0.9692718340397128,8.470270156860352,0.9760375022888184,0.0,45.0,324.0,435.0,16,900000000
yolo_final_open_v3,5,1.0,20.0,1.000000000192401,19.99999999442258,1.094590291443213,19.030728160382868,True,False,0.09459029125081209,-0.9692718340397128,7.640428066253662,0.9760375022888184,0.0,45.0,324.0,435.0,16,965000000
yolo_final_open_v3,5,1.0,20.0,1.000000000192401,19.99999999442258,1.094590291443213,19.030728160382868,True,False,0.09459029125081209,-0.9692718340397128,7.640428066253662,0.9760375022888184,0.0,45.0,324.0,435.0,17,30000000
yolo_final_open_v3,5,1.0,20.0,1.000000000192401,19.99999999442258,1.094590291443213,19.030728160382868,True,False,0.09459029125081209,-0.9692718340397128,8.535300254821777,0.9760375022888184,0.0,45.0,324.0,435.0,17,95000000
yolo_final_open_v3,5,1.0,20.0,1.000000000192401,19.99999999442258,1.094590291443213,19.030728160382868,True,False,0.09459029125081209,-0.9692718340397128,5.366055965423584,0.9760375022888184,0.0,45.0,324.0,435.0,17,165000000
yolo_final_open_v3,5,1.0,20.0,1.000000000192401,19.99999999442258,1.094590291443213,19.030728160382868,True,False,0.09459029125081209,-0.9692718340397128,8.29116153717041,0.9760375022888184,0.0,45.0,324.0,435.0,17,230000000
yolo_final_open_v3,5,1.0,20.0,1.000000000192401,19.99999999442258,1.094590291443213,19.030728160382868,True,False,0.09459029125081209,-0.9692718340397128,5.687029838562012,0.9760375022888184,0.0,45.0,324.0,435.0,17,295000000
yolo_final_open_v3,5,1.0,20.0,1.000000000192401,19.99999999442258,1.094590291443213,19.030728160382868,True,False,0.09459029125081209,-0.9692718340397128,5.687029838562012,0.9760375022888184,0.0,45.0,324.0,435.0,17,360000000
yolo_final_open_v3,5,1.0,20.0,1.000000000192401,19.99999999442258,1.094590291443213,19.030728160382868,True,False,0.09459029125081209,-0.9692718340397128,5.219749927520752,0.9760375022888184,0.0,45.0,324.0,435.0,17,495000000
yolo_final_open_v3,5,1.0,20.0,1.000000000192401,19.99999999442258,1.094590291443213,19.030728160382868,True,False,0.09459029125081209,-0.9692718340397128,5.226004123687744,0.9760375022888184,0.0,45.0,324.0,435.0,17,560000000
yolo_final_open_v3,5,1.0,20.0,1.000000000192401,19.99999999442258,1.094590291443213,19.030728160382868,True,False,0.09459029125081209,-0.9692718340397128,5.102210998535156,0.9760375022888184,0.0,45.0,324.0,435.0,17,625000000
yolo_final_open_v3,5,1.0,20.0,1.000000000192401,19.99999999442258,1.094590291443213,19.030728160382868,True,False,0.09459029125081209,-0.9692718340397128,5.102210998535156,0.9760375022888184,0.0,45.0,324.0,435.0,17,690000000
yolo_final_open_v3,6,1.0,30.0,1.0000000001866818,29.99999999382462,1.0861133782142478,23.41879805145495,True,False,0.08611337802756602,-6.58120194236967,8.298615455627441,0.9733046293258667,0.0,28.0,243.0,452.0,18,155000000
yolo_final_open_v3,6,1.0,30.0,1.0000000001866818,29.99999999382462,1.0861133782142478,23.41879805145495,True,False,0.08611337802756602,-6.58120194236967,8.636825561523438,0.9733046293258667,0.0,28.0,243.0,452.0,18,220000000
yolo_final_open_v3,6,1.0,30.0,1.0000000001866818,29.99999999382462,1.0861133782142478,23.41879805145495,True,False,0.08611337802756602,-6.58120194236967,8.006547927856445,0.9733046293258667,0.0,28.0,243.0,452.0,18,285000000
yolo_final_open_v3,6,1.0,30.0,1.0000000001866818,29.99999999382462,1.0861133782142478,23.41879805145495,True,False,0.08611337802756602,-6.58120194236967,5.462788105010986,0.9733046293258667,0.0,28.0,243.0,452.0,18,350000000
yolo_final_open_v3,6,1.0,30.0,1.0000000001866818,29.99999999382462,1.0861133782142478,23.41879805145495,True,False,0.08611337802756602,-6.58120194236967,5.1522040367126465,0.9733046293258667,0.0,28.0,243.0,452.0,18,415000000
yolo_final_open_v3,6,1.0,30.0,1.0000000001866818,29.99999999382462,1.0861133782142478,23.41879805145495,True,False,0.08611337802756602,-6.58120194236967,5.1522040367126465,0.9733046293258667,0.0,28.0,243.0,452.0,18,485000000
yolo_final_open_v3,6,1.0,30.0,1.0000000001866818,29.99999999382462,1.0861133782142478,23.41879805145495,True,False,0.08611337802756602,-6.58120194236967,5.207640171051025,0.9733046293258667,0.0,28.0,243.0,452.0,18,550000000
yolo_final_open_v3,6,1.0,30.0,1.0000000001866818,29.99999999382462,1.0861133782142478,23.41879805145495,True,False,0.08611337802756602,-6.58120194236967,5.207640171051025,0.9733046293258667,0.0,28.0,243.0,452.0,18,615000000
yolo_final_open_v3,6,1.0,30.0,1.0000000001866818,29.99999999382462,1.0861133782142478,23.41879805145495,True,False,0.08611337802756602,-6.58120194236967,5.200023174285889,0.9733046293258667,0.0,28.0,243.0,452.0,18,680000000
yolo_final_open_v3,6,1.0,30.0,1.0000000001866818,29.99999999382462,1.0861133782142478,23.41879805145495,True,False,0.08611337802756602,-6.58120194236967,5.312142848968506,0.9733046293258667,0.0,28.0,243.0,452.0,18,745000000
yolo_final_open_v3,6,1.0,30.0,1.0000000001866818,29.99999999382462,1.0861133782142478,23.41879805145495,True,False,0.08611337802756602,-6.58120194236967,5.9930100440979,0.9733046293258667,0.0,28.0,243.0,452.0,18,815000000
yolo_final_open_v3,6,1.0,30.0,1.0000000001866818,29.99999999382462,1.0861133782142478,23.41879805145495,True,False,0.08611337802756602,-6.58120194236967,5.9930100440979,0.9733046293258667,0.0,28.0,243.0,452.0,18,880000000
yolo_final_open_v3,6,1.0,30.0,1.0000000001866818,29.99999999382462,1.0861133782142478,23.41879805145495,True,False,0.08611337802756602,-6.58120194236967,5.642193794250488,0.9733046293258667,0.0,28.0,243.0,452.0,18,945000000
yolo_final_open_v3,6,1.0,30.0,1.0000000001866818,29.99999999382462,1.0861133782142478,23.41879805145495,True,False,0.08611337802756602,-6.58120194236967,6.871923923492432,0.9733046293258667,0.0,28.0,243.0,452.0,19,10000000
yolo_final_open_v3,6,1.0,30.0,1.0000000001866818,29.99999999382462,1.0861133782142478,23.41879805145495,True,False,0.08611337802756602,-6.58120194236967,7.351448059082031,0.9733046293258667,0.0,28.0,243.0,452.0,19,75000000
yolo_final_open_v3,6,1.0,30.0,1.0000000001866818,29.99999999382462,1.0861133782142478,23.41879805145495,True,False,0.08611337802756602,-6.58120194236967,8.3386869430542,0.9733046293258667,0.0,28.0,243.0,452.0,19,145000000
yolo_final_open_v3,6,1.0,30.0,1.0000000001866818,29.99999999382462,1.0861133782142478,23.41879805145495,True,False,0.08611337802756602,-6.58120194236967,6.3310418128967285,0.9733046293258667,0.0,28.0,243.0,452.0,19,210000000
yolo_final_open_v3,6,1.0,30.0,1.0000000001866818,29.99999999382462,1.0861133782142478,23.41879805145495,True,False,0.08611337802756602,-6.58120194236967,7.005857944488525,0.9733046293258667,0.0,28.0,243.0,452.0,19,275000000
yolo_final_open_v3,6,1.0,30.0,1.0000000001866818,29.99999999382462,1.0861133782142478,23.41879805145495,True,False,0.08611337802756602,-6.58120194236967,7.005857944488525,0.9733046293258667,0.0,28.0,243.0,452.0,19,340000000
yolo_final_open_v3,6,1.0,30.0,1.0000000001866818,29.99999999382462,1.0861133782142478,23.41879805145495,True,False,0.08611337802756602,-6.58120194236967,8.385249137878418,0.9733046293258667,0.0,28.0,243.0,452.0,19,405000000
yolo_final_open_v3,6,1.0,30.0,1.0000000001866818,29.99999999382462,1.0861133782142478,23.41879805145495,True,False,0.08611337802756602,-6.58120194236967,8.385249137878418,0.9733046293258667,0.0,28.0,243.0,452.0,19,670000000
yolo_final_open_v3,6,1.0,30.0,1.0000000001866818,29.99999999382462,1.0861133782142478,23.41879805145495,True,False,0.08611337802756602,-6.58120194236967,8.412961959838867,0.9733046293258667,0.0,28.0,243.0,452.0,19,735000000
yolo_final_open_v3,6,1.0,30.0,1.0000000001866818,29.99999999382462,1.0861133782142478,23.41879805145495,True,False,0.08611337802756602,-6.58120194236967,8.846721649169922,0.9733046293258667,0.0,28.0,243.0,452.0,19,805000000
yolo_final_open_v3,6,1.0,30.0,1.0000000001866818,29.99999999382462,1.0861133782142478,23.41879805145495,True,False,0.08611337802756602,-6.58120194236967,8.441309928894043,0.9733046293258667,0.0,28.0,243.0,452.0,19,870000000
yolo_final_open_v3,6,1.0,30.0,1.0000000001866818,29.99999999382462,1.0861133782142478,23.41879805145495,True,False,0.08611337802756602,-6.58120194236967,6.583047866821289,0.9733046293258667,0.0,28.0,243.0,452.0,19,935000000
yolo_final_open_v3,6,1.0,30.0,1.0000000001866818,29.99999999382462,1.0861133782142478,23.41879805145495,True,False,0.08611337802756602,-6.58120194236967,5.413466930389404,0.9733046293258667,0.0,28.0,243.0,452.0,20,0
yolo_final_open_v3,6,1.0,30.0,1.0000000001866818,29.99999999382462,1.0861133782142478,23.41879805145495,True,False,0.08611337802756602,-6.58120194236967,5.245968818664551,0.9733046293258667,0.0,28.0,243.0,452.0,20,65000000
yolo_final_open_v3,6,1.0,30.0,1.0000000001866818,29.99999999382462,1.0861133782142478,23.41879805145495,True,False,0.08611337802756602,-6.58120194236967,10.706354141235352,0.9733046293258667,0.0,28.0,243.0,452.0,20,135000000
yolo_final_open_v3,6,1.0,30.0,1.0000000001866818,29.99999999382462,1.0861133782142478,23.41879805145495,True,False,0.08611337802756602,-6.58120194236967,12.602883338928223,0.9733046293258667,0.0,28.0,243.0,452.0,20,200000000
yolo_final_open_v3,6,1.0,30.0,1.0000000001866818,29.99999999382462,1.0861133782142478,23.41879805145495,True,False,0.08611337802756602,-6.58120194236967,5.238838195800781,0.9733046293258667,0.0,28.0,243.0,452.0,20,265000000
yolo_final_open_v3,7,1.5,-30.0,1.5000000002800227,-29.99999999382462,1.4895691114275063,-26.654776049513263,True,False,-0.010430888852516418,3.345223944311357,5.610686779022217,0.9733046293258667,0.0,28.0,243.0,452.0,20,660000000
yolo_final_open_v3,7,1.5,-30.0,1.5000000002800227,-29.99999999382462,1.4895691114275063,-26.654776049513263,True,False,-0.010430888852516418,3.345223944311357,11.127167701721191,0.9774652719497681,458.0,100.0,182.0,329.0,20,725000000
yolo_final_open_v3,7,1.5,-30.0,1.5000000002800227,-29.99999999382462,1.4895691114275063,-26.654776049513263,True,False,-0.010430888852516418,3.345223944311357,11.127167701721191,0.9774652719497681,458.0,100.0,182.0,329.0,20,795000000
yolo_final_open_v3,7,1.5,-30.0,1.5000000002800227,-29.99999999382462,1.4895691114275063,-26.654776049513263,True,False,-0.010430888852516418,3.345223944311357,10.817869186401367,0.9774652719497681,458.0,100.0,182.0,329.0,20,860000000
yolo_final_open_v3,7,1.5,-30.0,1.5000000002800227,-29.99999999382462,1.4895691114275063,-26.654776049513263,True,False,-0.010430888852516418,3.345223944311357,6.282042026519775,0.9774652719497681,458.0,100.0,182.0,329.0,20,925000000
yolo_final_open_v3,7,1.5,-30.0,1.5000000002800227,-29.99999999382462,1.4895691114275063,-26.654776049513263,True,False,-0.010430888852516418,3.345223944311357,5.205525875091553,0.9774652719497681,458.0,100.0,182.0,329.0,20,990000000
yolo_final_open_v3,7,1.5,-30.0,1.5000000002800227,-29.99999999382462,1.4895691114275063,-26.654776049513263,True,False,-0.010430888852516418,3.345223944311357,5.478579998016357,0.9774652719497681,458.0,100.0,182.0,329.0,21,55000000
yolo_final_open_v3,7,1.5,-30.0,1.5000000002800227,-29.99999999382462,1.4895691114275063,-26.654776049513263,True,False,-0.010430888852516418,3.345223944311357,5.4723219871521,0.9774652719497681,458.0,100.0,182.0,329.0,21,125000000
yolo_final_open_v3,7,1.5,-30.0,1.5000000002800227,-29.99999999382462,1.4895691114275063,-26.654776049513263,True,False,-0.010430888852516418,3.345223944311357,5.384034156799316,0.9774652719497681,458.0,100.0,182.0,329.0,21,190000000
yolo_final_open_v3,7,1.5,-30.0,1.5000000002800227,-29.99999999382462,1.4895691114275063,-26.654776049513263,True,False,-0.010430888852516418,3.345223944311357,5.384034156799316,0.9774652719497681,458.0,100.0,182.0,329.0,21,255000000
yolo_final_open_v3,7,1.5,-30.0,1.5000000002800227,-29.99999999382462,1.4895691114275063,-26.654776049513263,True,False,-0.010430888852516418,3.345223944311357,5.196518898010254,0.9774652719497681,458.0,100.0,182.0,329.0,21,320000000
yolo_final_open_v3,7,1.5,-30.0,1.5000000002800227,-29.99999999382462,1.4895691114275063,-26.654776049513263,True,False,-0.010430888852516418,3.345223944311357,5.196518898010254,0.9774652719497681,458.0,100.0,182.0,329.0,21,385000000
yolo_final_open_v3,7,1.5,-30.0,1.5000000002800227,-29.99999999382462,1.4895691114275063,-26.654776049513263,True,False,-0.010430888852516418,3.345223944311357,5.244029998779297,0.9774652719497681,458.0,100.0,182.0,329.0,21,455000000
yolo_final_open_v3,7,1.5,-30.0,1.5000000002800227,-29.99999999382462,1.4895691114275063,-26.654776049513263,True,False,-0.010430888852516418,3.345223944311357,5.130298137664795,0.9774652719497681,458.0,100.0,182.0,329.0,21,520000000
yolo_final_open_v3,7,1.5,-30.0,1.5000000002800227,-29.99999999382462,1.4895691114275063,-26.654776049513263,True,False,-0.010430888852516418,3.345223944311357,5.676146984100342,0.9774652719497681,458.0,100.0,182.0,329.0,21,585000000
yolo_final_open_v3,7,1.5,-30.0,1.5000000002800227,-29.99999999382462,1.4895691114275063,-26.654776049513263,True,False,-0.010430888852516418,3.345223944311357,5.676146984100342,0.9774652719497681,458.0,100.0,182.0,329.0,21,650000000
yolo_final_open_v3,7,1.5,-30.0,1.5000000002800227,-29.99999999382462,1.4895691114275063,-26.654776049513263,True,False,-0.010430888852516418,3.345223944311357,5.246332168579102,0.9774652719497681,458.0,100.0,182.0,329.0,21,785000000
yolo_final_open_v3,7,1.5,-30.0,1.5000000002800227,-29.99999999382462,1.4895691114275063,-26.654776049513263,True,False,-0.010430888852516418,3.345223944311357,5.466451168060303,0.9774652719497681,458.0,100.0,182.0,329.0,21,850000000
yolo_final_open_v3,7,1.5,-30.0,1.5000000002800227,-29.99999999382462,1.4895691114275063,-26.654776049513263,True,False,-0.010430888852516418,3.345223944311357,6.169398784637451,0.9774652719497681,458.0,100.0,182.0,329.0,21,915000000
yolo_final_open_v3,7,1.5,-30.0,1.5000000002800227,-29.99999999382462,1.4895691114275063,-26.654776049513263,True,False,-0.010430888852516418,3.345223944311357,8.414324760437012,0.9774652719497681,458.0,100.0,182.0,329.0,21,980000000
yolo_final_open_v3,7,1.5,-30.0,1.5000000002800227,-29.99999999382462,1.4895691114275063,-26.654776049513263,True,False,-0.010430888852516418,3.345223944311357,8.585339546203613,0.9774652719497681,458.0,100.0,182.0,329.0,22,45000000
yolo_final_open_v3,7,1.5,-30.0,1.5000000002800227,-29.99999999382462,1.4895691114275063,-26.654776049513263,True,False,-0.010430888852516418,3.345223944311357,8.585339546203613,0.9774652719497681,458.0,100.0,182.0,329.0,22,115000000
yolo_final_open_v3,7,1.5,-30.0,1.5000000002800227,-29.99999999382462,1.4895691114275063,-26.654776049513263,True,False,-0.010430888852516418,3.345223944311357,6.083991050720215,0.9774652719497681,458.0,100.0,182.0,329.0,22,180000000
yolo_final_open_v3,7,1.5,-30.0,1.5000000002800227,-29.99999999382462,1.4895691114275063,-26.654776049513263,True,False,-0.010430888852516418,3.345223944311357,6.200984954833984,0.9774652719497681,458.0,100.0,182.0,329.0,22,245000000
yolo_final_open_v3,7,1.5,-30.0,1.5000000002800227,-29.99999999382462,1.4895691114275063,-26.654776049513263,True,False,-0.010430888852516418,3.345223944311357,5.305534839630127,0.9774652719497681,458.0,100.0,182.0,329.0,22,310000000
yolo_final_open_v3,7,1.5,-30.0,1.5000000002800227,-29.99999999382462,1.4895691114275063,-26.654776049513263,True,False,-0.010430888852516418,3.345223944311357,5.336038112640381,0.9774652719497681,458.0,100.0,182.0,329.0,22,375000000
yolo_final_open_v3,7,1.5,-30.0,1.5000000002800227,-29.99999999382462,1.4895691114275063,-26.654776049513263,True,False,-0.010430888852516418,3.345223944311357,8.229950904846191,0.9774652719497681,458.0,100.0,182.0,329.0,22,445000000
yolo_final_open_v3,7,1.5,-30.0,1.5000000002800227,-29.99999999382462,1.4895691114275063,-26.654776049513263,True,False,-0.010430888852516418,3.345223944311357,8.229950904846191,0.9774652719497681,458.0,100.0,182.0,329.0,22,510000000
yolo_final_open_v3,7,1.5,-30.0,1.5000000002800227,-29.99999999382462,1.4895691114275063,-26.654776049513263,True,False,-0.010430888852516418,3.345223944311357,5.474073886871338,0.9774652719497681,458.0,100.0,182.0,329.0,22,640000000
yolo_final_open_v3,7,1.5,-30.0,1.5000000002800227,-29.99999999382462,1.4895691114275063,-26.654776049513263,True,False,-0.010430888852516418,3.345223944311357,5.679776191711426,0.9774652719497681,458.0,100.0,182.0,329.0,22,705000000
yolo_final_open_v3,8,1.5,-20.0,1.4999999998358564,-20.000000002749363,1.4895691114275063,-26.654776049513263,True,True,-0.010430888408350159,-6.6547760467638994,5.599585056304932,0.9774652719497681,458.0,100.0,182.0,329.0,23,105000000
yolo_final_open_v3,8,1.5,-20.0,1.4999999998358564,-20.000000002749363,1.5422307513006757,-20.18624597361827,True,True,0.04223075146481925,-0.1862459708689066,5.521691799163818,0.9774652719497681,458.0,100.0,182.0,329.0,23,170000000
yolo_final_open_v3,8,1.5,-20.0,1.4999999998358564,-20.000000002749363,1.5422307513006757,-20.18624597361827,True,True,0.04223075146481925,-0.1862459708689066,5.721168041229248,0.9766151905059814,370.0,113.0,234.0,302.0,23,235000000
yolo_final_open_v3,8,1.5,-20.0,1.4999999998358564,-20.000000002749363,1.5422307513006757,-20.18624597361827,True,True,0.04223075146481925,-0.1862459708689066,8.525894165039062,0.9766151905059814,370.0,113.0,234.0,302.0,23,300000000
yolo_final_open_v3,8,1.5,-20.0,1.4999999998358564,-20.000000002749363,1.5422307513006757,-20.18624597361827,True,True,0.04223075146481925,-0.1862459708689066,5.603928089141846,0.9766151905059814,370.0,113.0,234.0,302.0,23,365000000
yolo_final_open_v3,8,1.5,-20.0,1.4999999998358564,-20.000000002749363,1.5422307513006757,-20.18624597361827,True,True,0.04223075146481925,-0.1862459708689066,8.488783836364746,0.9766151905059814,370.0,113.0,234.0,302.0,23,435000000
yolo_final_open_v3,8,1.5,-20.0,1.4999999998358564,-20.000000002749363,1.5422307513006757,-20.18624597361827,True,True,0.04223075146481925,-0.1862459708689066,8.190513610839844,0.9766151905059814,370.0,113.0,234.0,302.0,23,500000000
yolo_final_open_v3,8,1.5,-20.0,1.4999999998358564,-20.000000002749363,1.5422307513006757,-20.18624597361827,True,True,0.04223075146481925,-0.1862459708689066,8.190513610839844,0.9766151905059814,370.0,113.0,234.0,302.0,23,565000000
yolo_final_open_v3,8,1.5,-20.0,1.4999999998358564,-20.000000002749363,1.5422307513006757,-20.18624597361827,True,True,0.04223075146481925,-0.1862459708689066,8.371031761169434,0.9766151905059814,370.0,113.0,234.0,302.0,23,630000000
yolo_final_open_v3,8,1.5,-20.0,1.4999999998358564,-20.000000002749363,1.5422307513006757,-20.18624597361827,True,True,0.04223075146481925,-0.1862459708689066,8.371031761169434,0.9766151905059814,370.0,113.0,234.0,302.0,23,695000000
yolo_final_open_v3,8,1.5,-20.0,1.4999999998358564,-20.000000002749363,1.5422307513006757,-20.18624597361827,True,True,0.04223075146481925,-0.1862459708689066,5.354678153991699,0.9766151905059814,370.0,113.0,234.0,302.0,23,765000000
yolo_final_open_v3,8,1.5,-20.0,1.4999999998358564,-20.000000002749363,1.5422307513006757,-20.18624597361827,True,True,0.04223075146481925,-0.1862459708689066,7.453894138336182,0.9766151905059814,370.0,113.0,234.0,302.0,23,830000000
yolo_final_open_v3,8,1.5,-20.0,1.4999999998358564,-20.000000002749363,1.5422307513006757,-20.18624597361827,True,True,0.04223075146481925,-0.1862459708689066,5.332636833190918,0.9766151905059814,370.0,113.0,234.0,302.0,23,895000000
yolo_final_open_v3,8,1.5,-20.0,1.4999999998358564,-20.000000002749363,1.5422307513006757,-20.18624597361827,True,True,0.04223075146481925,-0.1862459708689066,5.314909934997559,0.9766151905059814,370.0,113.0,234.0,302.0,23,960000000
yolo_final_open_v3,8,1.5,-20.0,1.4999999998358564,-20.000000002749363,1.5422307513006757,-20.18624597361827,True,True,0.04223075146481925,-0.1862459708689066,5.3455328941345215,0.9766151905059814,370.0,113.0,234.0,302.0,24,25000000
yolo_final_open_v3,8,1.5,-20.0,1.4999999998358564,-20.000000002749363,1.5422307513006757,-20.18624597361827,True,True,0.04223075146481925,-0.1862459708689066,5.3455328941345215,0.9766151905059814,370.0,113.0,234.0,302.0,24,95000000
yolo_final_open_v3,8,1.5,-20.0,1.4999999998358564,-20.000000002749363,1.5422307513006757,-20.18624597361827,True,True,0.04223075146481925,-0.1862459708689066,10.237263679504395,0.9766151905059814,370.0,113.0,234.0,302.0,24,160000000
yolo_final_open_v3,8,1.5,-20.0,1.4999999998358564,-20.000000002749363,1.5422307513006757,-20.18624597361827,True,True,0.04223075146481925,-0.1862459708689066,6.160140037536621,0.9766151905059814,370.0,113.0,234.0,302.0,24,225000000
yolo_final_open_v3,8,1.5,-20.0,1.4999999998358564,-20.000000002749363,1.5422307513006757,-20.18624597361827,True,True,0.04223075146481925,-0.1862459708689066,5.544408798217773,0.9766151905059814,370.0,113.0,234.0,302.0,24,290000000
yolo_final_open_v3,8,1.5,-20.0,1.4999999998358564,-20.000000002749363,1.5422307513006757,-20.18624597361827,True,True,0.04223075146481925,-0.1862459708689066,5.544408798217773,0.9766151905059814,370.0,113.0,234.0,302.0,24,355000000
yolo_final_open_v3,8,1.5,-20.0,1.4999999998358564,-20.000000002749363,1.5422307513006757,-20.18624597361827,True,True,0.04223075146481925,-0.1862459708689066,5.304580211639404,0.9766151905059814,370.0,113.0,234.0,302.0,24,425000000
yolo_final_open_v3,8,1.5,-20.0,1.4999999998358564,-20.000000002749363,1.5422307513006757,-20.18624597361827,True,True,0.04223075146481925,-0.1862459708689066,5.304580211639404,0.9766151905059814,370.0,113.0,234.0,302.0,24,490000000
yolo_final_open_v3,8,1.5,-20.0,1.4999999998358564,-20.000000002749363,1.5422307513006757,-20.18624597361827,True,True,0.04223075146481925,-0.1862459708689066,5.949368953704834,0.9766151905059814,370.0,113.0,234.0,302.0,24,555000000
yolo_final_open_v3,8,1.5,-20.0,1.4999999998358564,-20.000000002749363,1.5422307513006757,-20.18624597361827,True,True,0.04223075146481925,-0.1862459708689066,7.887392044067383,0.9766151905059814,370.0,113.0,234.0,302.0,24,620000000
yolo_final_open_v3,8,1.5,-20.0,1.4999999998358564,-20.000000002749363,1.5422307513006757,-20.18624597361827,True,True,0.04223075146481925,-0.1862459708689066,8.443120002746582,0.9766151905059814,370.0,113.0,234.0,302.0,24,685000000
yolo_final_open_v3,8,1.5,-20.0,1.4999999998358564,-20.000000002749363,1.5422307513006757,-20.18624597361827,True,True,0.04223075146481925,-0.1862459708689066,8.443120002746582,0.9766151905059814,370.0,113.0,234.0,302.0,24,755000000
yolo_final_open_v3,8,1.5,-20.0,1.4999999998358564,-20.000000002749363,1.5422307513006757,-20.18624597361827,True,True,0.04223075146481925,-0.1862459708689066,6.166347980499268,0.9766151905059814,370.0,113.0,234.0,302.0,24,885000000
yolo_final_open_v3,8,1.5,-20.0,1.4999999998358564,-20.000000002749363,1.5422307513006757,-20.18624597361827,True,True,0.04223075146481925,-0.1862459708689066,8.821091651916504,0.9766151905059814,370.0,113.0,234.0,302.0,24,950000000
yolo_final_open_v3,8,1.5,-20.0,1.4999999998358564,-20.000000002749363,1.5422307513006757,-20.18624597361827,True,True,0.04223075146481925,-0.1862459708689066,5.365805149078369,0.9766151905059814,370.0,113.0,234.0,302.0,25,15000000
yolo_final_open_v3,8,1.5,-20.0,1.4999999998358564,-20.000000002749363,1.5422307513006757,-20.18624597361827,True,True,0.04223075146481925,-0.1862459708689066,5.365805149078369,0.9766151905059814,370.0,113.0,234.0,302.0,25,85000000
yolo_final_open_v3,9,1.5,-10.0,1.5000000004743015,-9.999999996790146,1.5493674165593991,-10.293154595238695,True,True,0.04936741608509765,-0.29315459844854885,5.151739120483398,0.9766151905059814,370.0,113.0,234.0,302.0,25,545000000
yolo_final_open_v3,9,1.5,-10.0,1.5000000004743015,-9.999999996790146,1.5493674165593991,-10.293154595238695,True,True,0.04936741608509765,-0.29315459844854885,7.793488025665283,0.9700412154197693,292.0,119.0,221.0,286.0,25,610000000
yolo_final_open_v3,9,1.5,-10.0,1.5000000004743015,-9.999999996790146,1.5493674165593991,-10.293154595238695,True,True,0.04936741608509765,-0.29315459844854885,8.166833877563477,0.9700412154197693,292.0,119.0,221.0,286.0,25,675000000
yolo_final_open_v3,9,1.5,-10.0,1.5000000004743015,-9.999999996790146,1.5493674165593991,-10.293154595238695,True,True,0.04936741608509765,-0.29315459844854885,8.166833877563477,0.9700412154197693,292.0,119.0,221.0,286.0,25,745000000
yolo_final_open_v3,9,1.5,-10.0,1.5000000004743015,-9.999999996790146,1.5493674165593991,-10.293154595238695,True,True,0.04936741608509765,-0.29315459844854885,8.705764770507812,0.9700412154197693,292.0,119.0,221.0,286.0,25,810000000
yolo_final_open_v3,9,1.5,-10.0,1.5000000004743015,-9.999999996790146,1.5493674165593991,-10.293154595238695,True,True,0.04936741608509765,-0.29315459844854885,8.717636108398438,0.9700412154197693,292.0,119.0,221.0,286.0,25,875000000
yolo_final_open_v3,9,1.5,-10.0,1.5000000004743015,-9.999999996790146,1.5493674165593991,-10.293154595238695,True,True,0.04936741608509765,-0.29315459844854885,9.350505828857422,0.9700412154197693,292.0,119.0,221.0,286.0,25,940000000
yolo_final_open_v3,9,1.5,-10.0,1.5000000004743015,-9.999999996790146,1.5493674165593991,-10.293154595238695,True,True,0.04936741608509765,-0.29315459844854885,6.584099769592285,0.9700412154197693,292.0,119.0,221.0,286.0,26,75000000
yolo_final_open_v3,9,1.5,-10.0,1.5000000004743015,-9.999999996790146,1.5493674165593991,-10.293154595238695,True,True,0.04936741608509765,-0.29315459844854885,5.483549118041992,0.9700412154197693,292.0,119.0,221.0,286.0,26,140000000
yolo_final_open_v3,9,1.5,-10.0,1.5000000004743015,-9.999999996790146,1.5493674165593991,-10.293154595238695,True,True,0.04936741608509765,-0.29315459844854885,8.635523796081543,0.9700412154197693,292.0,119.0,221.0,286.0,26,205000000
yolo_final_open_v3,9,1.5,-10.0,1.5000000004743015,-9.999999996790146,1.5493674165593991,-10.293154595238695,True,True,0.04936741608509765,-0.29315459844854885,12.365423202514648,0.9700412154197693,292.0,119.0,221.0,286.0,26,270000000
yolo_final_open_v3,9,1.5,-10.0,1.5000000004743015,-9.999999996790146,1.5493674165593991,-10.293154595238695,True,True,0.04936741608509765,-0.29315459844854885,5.61177396774292,0.9700412154197693,292.0,119.0,221.0,286.0,26,335000000
yolo_final_open_v3,9,1.5,-10.0,1.5000000004743015,-9.999999996790146,1.5493674165593991,-10.293154595238695,True,True,0.04936741608509765,-0.29315459844854885,9.70744514465332,0.9700412154197693,292.0,119.0,221.0,286.0,26,405000000
yolo_final_open_v3,9,1.5,-10.0,1.5000000004743015,-9.999999996790146,1.5493674165593991,-10.293154595238695,True,True,0.04936741608509765,-0.29315459844854885,9.897743225097656,0.9700412154197693,292.0,119.0,221.0,286.0,26,470000000
yolo_final_open_v3,9,1.5,-10.0,1.5000000004743015,-9.999999996790146,1.5493674165593991,-10.293154595238695,True,True,0.04936741608509765,-0.29315459844854885,11.686481475830078,0.9700412154197693,292.0,119.0,221.0,286.0,26,535000000
yolo_final_open_v3,9,1.5,-10.0,1.5000000004743015,-9.999999996790146,1.5493674165593991,-10.293154595238695,True,True,0.04936741608509765,-0.29315459844854885,5.620174884796143,0.9700412154197693,292.0,119.0,221.0,286.0,26,665000000
yolo_final_open_v3,9,1.5,-10.0,1.5000000004743015,-9.999999996790146,1.5493674165593991,-10.293154595238695,True,True,0.04936741608509765,-0.29315459844854885,6.198798179626465,0.9700412154197693,292.0,119.0,221.0,286.0,26,865000000
yolo_final_open_v3,9,1.5,-10.0,1.5000000004743015,-9.999999996790146,1.5493674165593991,-10.293154595238695,True,True,0.04936741608509765,-0.29315459844854885,6.11531400680542,0.9700412154197693,292.0,119.0,221.0,286.0,26,930000000
yolo_final_open_v3,9,1.5,-10.0,1.5000000004743015,-9.999999996790146,1.5493674165593991,-10.293154595238695,True,True,0.04936741608509765,-0.29315459844854885,6.919581890106201,0.9700412154197693,292.0,119.0,221.0,286.0,26,995000000
yolo_final_open_v3,9,1.5,-10.0,1.5000000004743015,-9.999999996790146,1.5493674165593991,-10.293154595238695,True,True,0.04936741608509765,-0.29315459844854885,17.17301368713379,0.9700412154197693,292.0,119.0,221.0,286.0,27,65000000
yolo_final_open_v3,9,1.5,-10.0,1.5000000004743015,-9.999999996790146,1.5493674165593991,-10.293154595238695,True,True,0.04936741608509765,-0.29315459844854885,6.31624698638916,0.9700412154197693,292.0,119.0,221.0,286.0,27,130000000
yolo_final_open_v3,9,1.5,-10.0,1.5000000004743015,-9.999999996790146,1.5493674165593991,-10.293154595238695,True,True,0.04936741608509765,-0.29315459844854885,8.737751007080078,0.9700412154197693,292.0,119.0,221.0,286.0,27,260000000
yolo_final_open_v3,9,1.5,-10.0,1.5000000004743015,-9.999999996790146,1.5493674165593991,-10.293154595238695,True,True,0.04936741608509765,-0.29315459844854885,9.16981315612793,0.9700412154197693,292.0,119.0,221.0,286.0,27,395000000
yolo_final_open_v3,9,1.5,-10.0,1.5000000004743015,-9.999999996790146,1.5493674165593991,-10.293154595238695,True,True,0.04936741608509765,-0.29315459844854885,8.08814811706543,0.9700412154197693,292.0,119.0,221.0,286.0,27,460000000
yolo_final_open_v3,9,1.5,-10.0,1.5000000004743015,-9.999999996790146,1.5493674165593991,-10.293154595238695,True,True,0.04936741608509765,-0.29315459844854885,8.901737213134766,0.9700412154197693,292.0,119.0,221.0,286.0,27,525000000
yolo_final_open_v3,9,1.5,-10.0,1.5000000004743015,-9.999999996790146,1.5493674165593991,-10.293154595238695,True,True,0.04936741608509765,-0.29315459844854885,8.901737213134766,0.9700412154197693,292.0,119.0,221.0,286.0,27,590000000
yolo_final_open_v3,9,1.5,-10.0,1.5000000004743015,-9.999999996790146,1.5493674165593991,-10.293154595238695,True,True,0.04936741608509765,-0.29315459844854885,6.513383865356445,0.9700412154197693,292.0,119.0,221.0,286.0,27,655000000
yolo_final_open_v3,9,1.5,-10.0,1.5000000004743015,-9.999999996790146,1.5493674165593991,-10.293154595238695,True,True,0.04936741608509765,-0.29315459844854885,5.398985862731934,0.9700412154197693,292.0,119.0,221.0,286.0,27,725000000
yolo_final_open_v3,9,1.5,-10.0,1.5000000004743015,-9.999999996790146,1.5493674165593991,-10.293154595238695,True,True,0.04936741608509765,-0.29315459844854885,8.57719898223877,0.9700412154197693,292.0,119.0,221.0,286.0,27,790000000
yolo_final_open_v3,9,1.5,-10.0,1.5000000004743015,-9.999999996790146,1.5493674165593991,-10.293154595238695,True,True,0.04936741608509765,-0.29315459844854885,5.419748783111572,0.9700412154197693,292.0,119.0,221.0,286.0,27,855000000
yolo_final_open_v3,10,1.5,0.0,1.5,0.0,1.552961429459535,0.03774100917163518,True,True,0.05296142945953508,0.03774100917163518,5.314209938049316,0.9700412154197693,292.0,119.0,221.0,286.0,28,250000000
yolo_final_open_v3,10,1.5,0.0,1.5,0.0,1.552961429459535,0.03774100917163518,True,True,0.05296142945953508,0.03774100917163518,9.033347129821777,0.9812870621681213,209.0,121.0,220.0,281.0,28,315000000
yolo_final_open_v3,10,1.5,0.0,1.5,0.0,1.552961429459535,0.03774100917163518,True,True,0.05296142945953508,0.03774100917163518,7.870785236358643,0.9812870621681213,209.0,121.0,220.0,281.0,28,385000000
yolo_final_open_v3,10,1.5,0.0,1.5,0.0,1.552961429459535,0.03774100917163518,True,True,0.05296142945953508,0.03774100917163518,8.523322105407715,0.9812870621681213,209.0,121.0,220.0,281.0,28,450000000
yolo_final_open_v3,10,1.5,0.0,1.5,0.0,1.552961429459535,0.03774100917163518,True,True,0.05296142945953508,0.03774100917163518,8.895685195922852,0.9812870621681213,209.0,121.0,220.0,281.0,28,515000000
yolo_final_open_v3,10,1.5,0.0,1.5,0.0,1.552961429459535,0.03774100917163518,True,True,0.05296142945953508,0.03774100917163518,5.220296859741211,0.9812870621681213,209.0,121.0,220.0,281.0,28,580000000
yolo_final_open_v3,10,1.5,0.0,1.5,0.0,1.552961429459535,0.03774100917163518,True,True,0.05296142945953508,0.03774100917163518,8.487852096557617,0.9812870621681213,209.0,121.0,220.0,281.0,28,645000000
yolo_final_open_v3,10,1.5,0.0,1.5,0.0,1.552961429459535,0.03774100917163518,True,True,0.05296142945953508,0.03774100917163518,6.298076152801514,0.9812870621681213,209.0,121.0,220.0,281.0,28,715000000
yolo_final_open_v3,10,1.5,0.0,1.5,0.0,1.552961429459535,0.03774100917163518,True,True,0.05296142945953508,0.03774100917163518,5.216100215911865,0.9812870621681213,209.0,121.0,220.0,281.0,28,780000000
yolo_final_open_v3,10,1.5,0.0,1.5,0.0,1.552961429459535,0.03774100917163518,True,True,0.05296142945953508,0.03774100917163518,12.883797645568848,0.9812870621681213,209.0,121.0,220.0,281.0,28,845000000
yolo_final_open_v3,10,1.5,0.0,1.5,0.0,1.552961429459535,0.03774100917163518,True,True,0.05296142945953508,0.03774100917163518,5.773848056793213,0.9812870621681213,209.0,121.0,220.0,281.0,28,910000000
yolo_final_open_v3,10,1.5,0.0,1.5,0.0,1.552961429459535,0.03774100917163518,True,True,0.05296142945953508,0.03774100917163518,6.2046051025390625,0.9812870621681213,209.0,121.0,220.0,281.0,28,975000000
yolo_final_open_v3,10,1.5,0.0,1.5,0.0,1.552961429459535,0.03774100917163518,True,True,0.05296142945953508,0.03774100917163518,5.4834370613098145,0.9812870621681213,209.0,121.0,220.0,281.0,29,45000000
yolo_final_open_v3,10,1.5,0.0,1.5,0.0,1.552961429459535,0.03774100917163518,True,True,0.05296142945953508,0.03774100917163518,5.9583001136779785,0.9812870621681213,209.0,121.0,220.0,281.0,29,110000000
yolo_final_open_v3,10,1.5,0.0,1.5,0.0,1.552961429459535,0.03774100917163518,True,True,0.05296142945953508,0.03774100917163518,7.13864803314209,0.9812870621681213,209.0,121.0,220.0,281.0,29,175000000
yolo_final_open_v3,10,1.5,0.0,1.5,0.0,1.552961429459535,0.03774100917163518,True,True,0.05296142945953508,0.03774100917163518,11.075584411621094,0.9812870621681213,209.0,121.0,220.0,281.0,29,240000000
yolo_final_open_v3,10,1.5,0.0,1.5,0.0,1.552961429459535,0.03774100917163518,True,True,0.05296142945953508,0.03774100917163518,6.843601226806641,0.9812870621681213,209.0,121.0,220.0,281.0,29,305000000
yolo_final_open_v3,10,1.5,0.0,1.5,0.0,1.552961429459535,0.03774100917163518,True,True,0.05296142945953508,0.03774100917163518,6.843601226806641,0.9812870621681213,209.0,121.0,220.0,281.0,29,375000000
yolo_final_open_v3,10,1.5,0.0,1.5,0.0,1.552961429459535,0.03774100917163518,True,True,0.05296142945953508,0.03774100917163518,5.263753890991211,0.9812870621681213,209.0,121.0,220.0,281.0,29,440000000
yolo_final_open_v3,10,1.5,0.0,1.5,0.0,1.552961429459535,0.03774100917163518,True,True,0.05296142945953508,0.03774100917163518,13.708476066589355,0.9812870621681213,209.0,121.0,220.0,281.0,29,505000000
yolo_final_open_v3,10,1.5,0.0,1.5,0.0,1.552961429459535,0.03774100917163518,True,True,0.05296142945953508,0.03774100917163518,5.438910007476807,0.9812870621681213,209.0,121.0,220.0,281.0,29,570000000
yolo_final_open_v3,10,1.5,0.0,1.5,0.0,1.552961429459535,0.03774100917163518,True,True,0.05296142945953508,0.03774100917163518,7.499115943908691,0.9812870621681213,209.0,121.0,220.0,281.0,29,635000000
yolo_final_open_v3,10,1.5,0.0,1.5,0.0,1.552961429459535,0.03774100917163518,True,True,0.05296142945953508,0.03774100917163518,7.499115943908691,0.9812870621681213,209.0,121.0,220.0,281.0,29,705000000
yolo_final_open_v3,10,1.5,0.0,1.5,0.0,1.552961429459535,0.03774100917163518,True,True,0.05296142945953508,0.03774100917163518,7.379219055175781,0.9812870621681213,209.0,121.0,220.0,281.0,29,770000000
yolo_final_open_v3,10,1.5,0.0,1.5,0.0,1.552961429459535,0.03774100917163518,True,True,0.05296142945953508,0.03774100917163518,7.721631050109863,0.9812870621681213,209.0,121.0,220.0,281.0,29,835000000
yolo_final_open_v3,10,1.5,0.0,1.5,0.0,1.552961429459535,0.03774100917163518,True,True,0.05296142945953508,0.03774100917163518,9.615313529968262,0.9812870621681213,209.0,121.0,220.0,281.0,29,900000000
yolo_final_open_v3,10,1.5,0.0,1.5,0.0,1.552961429459535,0.03774100917163518,True,True,0.05296142945953508,0.03774100917163518,8.02546215057373,0.9812870621681213,209.0,121.0,220.0,281.0,30,35000000
yolo_final_open_v3,10,1.5,0.0,1.5,0.0,1.552961429459535,0.03774100917163518,True,True,0.05296142945953508,0.03774100917163518,8.427062034606934,0.9812870621681213,209.0,121.0,220.0,281.0,30,100000000
yolo_final_open_v3,10,1.5,0.0,1.5,0.0,1.552961429459535,0.03774100917163518,True,True,0.05296142945953508,0.03774100917163518,8.427062034606934,0.9812870621681213,209.0,121.0,220.0,281.0,30,165000000
yolo_final_open_v3,10,1.5,0.0,1.5,0.0,1.552961429459535,0.03774100917163518,True,True,0.05296142945953508,0.03774100917163518,9.363266944885254,0.9812870621681213,209.0,121.0,220.0,281.0,30,230000000
yolo_final_open_v3,11,1.5,10.0,1.5000000004743015,9.999999996790146,1.552961429459535,0.03774100917163518,True,True,0.052961428985233594,-9.962258987618512,5.382742881774902,0.9812870621681213,209.0,121.0,220.0,281.0,30,625000000
yolo_final_open_v3,11,1.5,10.0,1.5000000004743015,9.999999996790146,1.5510888489377528,10.270592641728241,True,True,0.0510888484634513,0.27059264493809465,5.115303039550781,0.9812870621681213,209.0,121.0,220.0,281.0,30,695000000
yolo_final_open_v3,11,1.5,10.0,1.5000000004743015,9.999999996790146,1.5510888489377528,10.270592641728241,True,True,0.0510888484634513,0.27059264493809465,5.597970008850098,0.9744351506233215,125.0,119.0,224.0,286.0,30,760000000
yolo_final_open_v3,11,1.5,10.0,1.5000000004743015,9.999999996790146,1.5510888489377528,10.270592641728241,True,True,0.0510888484634513,0.27059264493809465,6.986653804779053,0.9744351506233215,125.0,119.0,224.0,286.0,30,825000000
yolo_final_open_v3,11,1.5,10.0,1.5000000004743015,9.999999996790146,1.5510888489377528,10.270592641728241,True,True,0.0510888484634513,0.27059264493809465,8.794591903686523,0.9744351506233215,125.0,119.0,224.0,286.0,30,890000000
yolo_final_open_v3,11,1.5,10.0,1.5000000004743015,9.999999996790146,1.5510888489377528,10.270592641728241,True,True,0.0510888484634513,0.27059264493809465,8.794591903686523,0.9744351506233215,125.0,119.0,224.0,286.0,30,955000000
yolo_final_open_v3,11,1.5,10.0,1.5000000004743015,9.999999996790146,1.5510888489377528,10.270592641728241,True,True,0.0510888484634513,0.27059264493809465,7.583864212036133,0.9744351506233215,125.0,119.0,224.0,286.0,31,25000000
yolo_final_open_v3,11,1.5,10.0,1.5000000004743015,9.999999996790146,1.5510888489377528,10.270592641728241,True,True,0.0510888484634513,0.27059264493809465,8.503111839294434,0.9744351506233215,125.0,119.0,224.0,286.0,31,90000000
yolo_final_open_v3,11,1.5,10.0,1.5000000004743015,9.999999996790146,1.5510888489377528,10.270592641728241,True,True,0.0510888484634513,0.27059264493809465,8.687769889831543,0.9744351506233215,125.0,119.0,224.0,286.0,31,155000000
yolo_final_open_v3,11,1.5,10.0,1.5000000004743015,9.999999996790146,1.5510888489377528,10.270592641728241,True,True,0.0510888484634513,0.27059264493809465,9.03797435760498,0.9744351506233215,125.0,119.0,224.0,286.0,31,220000000
yolo_final_open_v3,11,1.5,10.0,1.5000000004743015,9.999999996790146,1.5510888489377528,10.270592641728241,True,True,0.0510888484634513,0.27059264493809465,5.533353805541992,0.9744351506233215,125.0,119.0,224.0,286.0,31,285000000
yolo_final_open_v3,11,1.5,10.0,1.5000000004743015,9.999999996790146,1.5510888489377528,10.270592641728241,True,True,0.0510888484634513,0.27059264493809465,8.96528434753418,0.9744351506233215,125.0,119.0,224.0,286.0,31,355000000
yolo_final_open_v3,11,1.5,10.0,1.5000000004743015,9.999999996790146,1.5510888489377528,10.270592641728241,True,True,0.0510888484634513,0.27059264493809465,5.465586185455322,0.9744351506233215,125.0,119.0,224.0,286.0,31,485000000
yolo_final_open_v3,11,1.5,10.0,1.5000000004743015,9.999999996790146,1.5510888489377528,10.270592641728241,True,True,0.0510888484634513,0.27059264493809465,5.561848163604736,0.9744351506233215,125.0,119.0,224.0,286.0,31,550000000
yolo_final_open_v3,11,1.5,10.0,1.5000000004743015,9.999999996790146,1.5510888489377528,10.270592641728241,True,True,0.0510888484634513,0.27059264493809465,5.561848163604736,0.9744351506233215,125.0,119.0,224.0,286.0,31,685000000
yolo_final_open_v3,11,1.5,10.0,1.5000000004743015,9.999999996790146,1.5510888489377528,10.270592641728241,True,True,0.0510888484634513,0.27059264493809465,5.681451797485352,0.9744351506233215,125.0,119.0,224.0,286.0,31,750000000
yolo_final_open_v3,11,1.5,10.0,1.5000000004743015,9.999999996790146,1.5510888489377528,10.270592641728241,True,True,0.0510888484634513,0.27059264493809465,5.646282196044922,0.9744351506233215,125.0,119.0,224.0,286.0,31,880000000
yolo_final_open_v3,11,1.5,10.0,1.5000000004743015,9.999999996790146,1.5510888489377528,10.270592641728241,True,True,0.0510888484634513,0.27059264493809465,5.822925090789795,0.9744351506233215,125.0,119.0,224.0,286.0,31,945000000
yolo_final_open_v3,11,1.5,10.0,1.5000000004743015,9.999999996790146,1.5510888489377528,10.270592641728241,True,True,0.0510888484634513,0.27059264493809465,5.369379997253418,0.9744351506233215,125.0,119.0,224.0,286.0,32,15000000
yolo_final_open_v3,11,1.5,10.0,1.5000000004743015,9.999999996790146,1.5510888489377528,10.270592641728241,True,True,0.0510888484634513,0.27059264493809465,5.369379997253418,0.9744351506233215,125.0,119.0,224.0,286.0,32,80000000
yolo_final_open_v3,11,1.5,10.0,1.5000000004743015,9.999999996790146,1.5510888489377528,10.270592641728241,True,True,0.0510888484634513,0.27059264493809465,5.550906181335449,0.9744351506233215,125.0,119.0,224.0,286.0,32,145000000
yolo_final_open_v3,11,1.5,10.0,1.5000000004743015,9.999999996790146,1.5510888489377528,10.270592641728241,True,True,0.0510888484634513,0.27059264493809465,6.608399868011475,0.9744351506233215,125.0,119.0,224.0,286.0,32,210000000
yolo_final_open_v3,11,1.5,10.0,1.5000000004743015,9.999999996790146,1.5510888489377528,10.270592641728241,True,True,0.0510888484634513,0.27059264493809465,7.1108808517456055,0.9744351506233215,125.0,119.0,224.0,286.0,32,275000000
yolo_final_open_v3,11,1.5,10.0,1.5000000004743015,9.999999996790146,1.5510888489377528,10.270592641728241,True,True,0.0510888484634513,0.27059264493809465,5.86765193939209,0.9744351506233215,125.0,119.0,224.0,286.0,32,345000000
yolo_final_open_v3,11,1.5,10.0,1.5000000004743015,9.999999996790146,1.5510888489377528,10.270592641728241,True,True,0.0510888484634513,0.27059264493809465,5.86765193939209,0.9744351506233215,125.0,119.0,224.0,286.0,32,410000000
yolo_final_open_v3,11,1.5,10.0,1.5000000004743015,9.999999996790146,1.5510888489377528,10.270592641728241,True,True,0.0510888484634513,0.27059264493809465,8.48852825164795,0.9744351506233215,125.0,119.0,224.0,286.0,32,475000000
yolo_final_open_v3,11,1.5,10.0,1.5000000004743015,9.999999996790146,1.5510888489377528,10.270592641728241,True,True,0.0510888484634513,0.27059264493809465,10.091242790222168,0.9744351506233215,125.0,119.0,224.0,286.0,32,540000000
yolo_final_open_v3,11,1.5,10.0,1.5000000004743015,9.999999996790146,1.5510888489377528,10.270592641728241,True,True,0.0510888484634513,0.27059264493809465,10.091242790222168,0.9744351506233215,125.0,119.0,224.0,286.0,32,605000000
yolo_final_open_v3,11,1.5,10.0,1.5000000004743015,9.999999996790146,1.5510888489377528,10.270592641728241,True,True,0.0510888484634513,0.27059264493809465,5.760594844818115,0.9744351506233215,125.0,119.0,224.0,286.0,32,675000000
yolo_final_open_v3,11,1.5,10.0,1.5000000004743015,9.999999996790146,1.5510888489377528,10.270592641728241,True,True,0.0510888484634513,0.27059264493809465,8.438931465148926,0.9744351506233215,125.0,119.0,224.0,286.0,32,740000000
yolo_final_open_v3,12,1.5,20.0,1.4999999998358564,20.000000002749363,1.54547740962457,20.449696041641936,True,True,0.04547740978871362,0.44969603889257215,6.926626205444336,0.9744351506233215,125.0,119.0,224.0,286.0,33,200000000
yolo_final_open_v3,12,1.5,20.0,1.4999999998358564,20.000000002749363,1.54547740962457,20.449696041641936,True,True,0.04547740978871362,0.44969603889257215,8.658658027648926,0.9752622246742249,30.0,113.0,239.0,302.0,33,265000000
yolo_final_open_v3,12,1.5,20.0,1.4999999998358564,20.000000002749363,1.54547740962457,20.449696041641936,True,True,0.04547740978871362,0.44969603889257215,5.242673873901367,0.9752622246742249,30.0,113.0,239.0,302.0,33,335000000
yolo_final_open_v3,12,1.5,20.0,1.4999999998358564,20.000000002749363,1.54547740962457,20.449696041641936,True,True,0.04547740978871362,0.44969603889257215,5.528463840484619,0.9752622246742249,30.0,113.0,239.0,302.0,33,400000000
yolo_final_open_v3,12,1.5,20.0,1.4999999998358564,20.000000002749363,1.54547740962457,20.449696041641936,True,True,0.04547740978871362,0.44969603889257215,7.727834224700928,0.9752622246742249,30.0,113.0,239.0,302.0,33,465000000
yolo_final_open_v3,12,1.5,20.0,1.4999999998358564,20.000000002749363,1.54547740962457,20.449696041641936,True,True,0.04547740978871362,0.44969603889257215,7.727834224700928,0.9752622246742249,30.0,113.0,239.0,302.0,33,530000000
yolo_final_open_v3,12,1.5,20.0,1.4999999998358564,20.000000002749363,1.54547740962457,20.449696041641936,True,True,0.04547740978871362,0.44969603889257215,8.787908554077148,0.9752622246742249,30.0,113.0,239.0,302.0,33,595000000
yolo_final_open_v3,12,1.5,20.0,1.4999999998358564,20.000000002749363,1.54547740962457,20.449696041641936,True,True,0.04547740978871362,0.44969603889257215,8.372537612915039,0.9752622246742249,30.0,113.0,239.0,302.0,33,665000000
yolo_final_open_v3,12,1.5,20.0,1.4999999998358564,20.000000002749363,1.54547740962457,20.449696041641936,True,True,0.04547740978871362,0.44969603889257215,8.69986629486084,0.9752622246742249,30.0,113.0,239.0,302.0,33,795000000
yolo_final_open_v3,12,1.5,20.0,1.4999999998358564,20.000000002749363,1.54547740962457,20.449696041641936,True,True,0.04547740978871362,0.44969603889257215,7.516088962554932,0.9752622246742249,30.0,113.0,239.0,302.0,33,860000000
yolo_final_open_v3,12,1.5,20.0,1.4999999998358564,20.000000002749363,1.54547740962457,20.449696041641936,True,True,0.04547740978871362,0.44969603889257215,7.516088962554932,0.9752622246742249,30.0,113.0,239.0,302.0,33,925000000
yolo_final_open_v3,12,1.5,20.0,1.4999999998358564,20.000000002749363,1.54547740962457,20.449696041641936,True,True,0.04547740978871362,0.44969603889257215,8.420580863952637,0.9752622246742249,30.0,113.0,239.0,302.0,33,995000000
yolo_final_open_v3,12,1.5,20.0,1.4999999998358564,20.000000002749363,1.54547740962457,20.449696041641936,True,True,0.04547740978871362,0.44969603889257215,8.420580863952637,0.9752622246742249,30.0,113.0,239.0,302.0,34,60000000
yolo_final_open_v3,12,1.5,20.0,1.4999999998358564,20.000000002749363,1.54547740962457,20.449696041641936,True,True,0.04547740978871362,0.44969603889257215,5.339494228363037,0.9752622246742249,30.0,113.0,239.0,302.0,34,125000000
yolo_final_open_v3,12,1.5,20.0,1.4999999998358564,20.000000002749363,1.54547740962457,20.449696041641936,True,True,0.04547740978871362,0.44969603889257215,5.339494228363037,0.9752622246742249,30.0,113.0,239.0,302.0,34,190000000
yolo_final_open_v3,12,1.5,20.0,1.4999999998358564,20.000000002749363,1.54547740962457,20.449696041641936,True,True,0.04547740978871362,0.44969603889257215,5.773963928222656,0.9752622246742249,30.0,113.0,239.0,302.0,34,255000000
yolo_final_open_v3,12,1.5,20.0,1.4999999998358564,20.000000002749363,1.54547740962457,20.449696041641936,True,True,0.04547740978871362,0.44969603889257215,5.627913951873779,0.9752622246742249,30.0,113.0,239.0,302.0,34,325000000
yolo_final_open_v3,12,1.5,20.0,1.4999999998358564,20.000000002749363,1.54547740962457,20.449696041641936,True,True,0.04547740978871362,0.44969603889257215,5.333823204040527,0.9752622246742249,30.0,113.0,239.0,302.0,34,390000000
yolo_final_open_v3,12,1.5,20.0,1.4999999998358564,20.000000002749363,1.54547740962457,20.449696041641936,True,True,0.04547740978871362,0.44969603889257215,5.435309886932373,0.9752622246742249,30.0,113.0,239.0,302.0,34,455000000
yolo_final_open_v3,12,1.5,20.0,1.4999999998358564,20.000000002749363,1.54547740962457,20.449696041641936,True,True,0.04547740978871362,0.44969603889257215,5.722745895385742,0.9752622246742249,30.0,113.0,239.0,302.0,34,520000000
yolo_final_open_v3,12,1.5,20.0,1.4999999998358564,20.000000002749363,1.54547740962457,20.449696041641936,True,True,0.04547740978871362,0.44969603889257215,5.415142059326172,0.9752622246742249,30.0,113.0,239.0,302.0,34,585000000
yolo_final_open_v3,12,1.5,20.0,1.4999999998358564,20.000000002749363,1.54547740962457,20.449696041641936,True,True,0.04547740978871362,0.44969603889257215,7.345630168914795,0.9752622246742249,30.0,113.0,239.0,302.0,34,720000000
yolo_final_open_v3,12,1.5,20.0,1.4999999998358564,20.000000002749363,1.54547740962457,20.449696041641936,True,True,0.04547740978871362,0.44969603889257215,8.649456024169922,0.9752622246742249,30.0,113.0,239.0,302.0,34,850000000
yolo_final_open_v3,12,1.5,20.0,1.4999999998358564,20.000000002749363,1.54547740962457,20.449696041641936,True,True,0.04547740978871362,0.44969603889257215,8.346274375915527,0.9752622246742249,30.0,113.0,239.0,302.0,34,915000000
yolo_final_open_v3,12,1.5,20.0,1.4999999998358564,20.000000002749363,1.54547740962457,20.449696041641936,True,True,0.04547740978871362,0.44969603889257215,8.98051929473877,0.9752622246742249,30.0,113.0,239.0,302.0,34,985000000
yolo_final_open_v3,12,1.5,20.0,1.4999999998358564,20.000000002749363,1.54547740962457,20.449696041641936,True,True,0.04547740978871362,0.44969603889257215,7.230510234832764,0.9752622246742249,30.0,113.0,239.0,302.0,35,50000000
yolo_final_open_v3,12,1.5,20.0,1.4999999998358564,20.000000002749363,1.54547740962457,20.449696041641936,True,True,0.04547740978871362,0.44969603889257215,8.925568580627441,0.9752622246742249,30.0,113.0,239.0,302.0,35,115000000
yolo_final_open_v3,12,1.5,20.0,1.4999999998358564,20.000000002749363,1.54547740962457,20.449696041641936,True,True,0.04547740978871362,0.44969603889257215,8.59090805053711,0.9752622246742249,30.0,113.0,239.0,302.0,35,180000000
yolo_final_open_v3,12,1.5,20.0,1.4999999998358564,20.000000002749363,1.54547740962457,20.449696041641936,True,True,0.04547740978871362,0.44969603889257215,8.934663772583008,0.9752622246742249,30.0,113.0,239.0,302.0,35,315000000
yolo_final_open_v3,12,1.5,20.0,1.4999999998358564,20.000000002749363,1.54547740962457,20.449696041641936,True,True,0.04547740978871362,0.44969603889257215,8.486577033996582,0.9752622246742249,30.0,113.0,239.0,302.0,35,380000000
yolo_final_open_v3,13,1.5,30.0,1.5000000002800227,29.99999999382462,1.496360359996306,26.435945225228565,True,False,-0.003639640283716661,-3.564054768596055,5.36456298828125,0.9752622246742249,30.0,113.0,239.0,302.0,35,775000000
yolo_final_open_v3,13,1.5,30.0,1.5000000002800227,29.99999999382462,1.496360359996306,26.435945225228565,True,False,-0.003639640283716661,-3.564054768596055,5.862809181213379,0.9771807193756104,0.0,102.0,185.0,327.0,35,840000000
yolo_final_open_v3,13,1.5,30.0,1.5000000002800227,29.99999999382462,1.496360359996306,26.435945225228565,True,False,-0.003639640283716661,-3.564054768596055,8.06007194519043,0.9771807193756104,0.0,102.0,185.0,327.0,35,905000000
yolo_final_open_v3,13,1.5,30.0,1.5000000002800227,29.99999999382462,1.496360359996306,26.435945225228565,True,False,-0.003639640283716661,-3.564054768596055,8.06007194519043,0.9771807193756104,0.0,102.0,185.0,327.0,35,975000000
yolo_final_open_v3,13,1.5,30.0,1.5000000002800227,29.99999999382462,1.496360359996306,26.435945225228565,True,False,-0.003639640283716661,-3.564054768596055,5.554078102111816,0.9771807193756104,0.0,102.0,185.0,327.0,36,40000000
yolo_final_open_v3,13,1.5,30.0,1.5000000002800227,29.99999999382462,1.496360359996306,26.435945225228565,True,False,-0.003639640283716661,-3.564054768596055,5.248213768005371,0.9771807193756104,0.0,102.0,185.0,327.0,36,105000000
yolo_final_open_v3,13,1.5,30.0,1.5000000002800227,29.99999999382462,1.496360359996306,26.435945225228565,True,False,-0.003639640283716661,-3.564054768596055,5.248213768005371,0.9771807193756104,0.0,102.0,185.0,327.0,36,170000000
yolo_final_open_v3,13,1.5,30.0,1.5000000002800227,29.99999999382462,1.496360359996306,26.435945225228565,True,False,-0.003639640283716661,-3.564054768596055,8.469581604003906,0.9771807193756104,0.0,102.0,185.0,327.0,36,235000000
yolo_final_open_v3,13,1.5,30.0,1.5000000002800227,29.99999999382462,1.496360359996306,26.435945225228565,True,False,-0.003639640283716661,-3.564054768596055,8.469581604003906,0.9771807193756104,0.0,102.0,185.0,327.0,36,305000000
yolo_final_open_v3,13,1.5,30.0,1.5000000002800227,29.99999999382462,1.496360359996306,26.435945225228565,True,False,-0.003639640283716661,-3.564054768596055,8.412718772888184,0.9771807193756104,0.0,102.0,185.0,327.0,36,370000000
yolo_final_open_v3,13,1.5,30.0,1.5000000002800227,29.99999999382462,1.496360359996306,26.435945225228565,True,False,-0.003639640283716661,-3.564054768596055,8.58378791809082,0.9771807193756104,0.0,102.0,185.0,327.0,36,435000000
yolo_final_open_v3,13,1.5,30.0,1.5000000002800227,29.99999999382462,1.496360359996306,26.435945225228565,True,False,-0.003639640283716661,-3.564054768596055,8.58378791809082,0.9771807193756104,0.0,102.0,185.0,327.0,36,500000000
yolo_final_open_v3,13,1.5,30.0,1.5000000002800227,29.99999999382462,1.496360359996306,26.435945225228565,True,False,-0.003639640283716661,-3.564054768596055,5.160800933837891,0.9771807193756104,0.0,102.0,185.0,327.0,36,565000000
yolo_final_open_v3,13,1.5,30.0,1.5000000002800227,29.99999999382462,1.496360359996306,26.435945225228565,True,False,-0.003639640283716661,-3.564054768596055,8.893817901611328,0.9771807193756104,0.0,102.0,185.0,327.0,36,635000000
yolo_final_open_v3,13,1.5,30.0,1.5000000002800227,29.99999999382462,1.496360359996306,26.435945225228565,True,False,-0.003639640283716661,-3.564054768596055,8.162629127502441,0.9771807193756104,0.0,102.0,185.0,327.0,36,700000000
yolo_final_open_v3,13,1.5,30.0,1.5000000002800227,29.99999999382462,1.496360359996306,26.435945225228565,True,False,-0.003639640283716661,-3.564054768596055,5.702308177947998,0.9771807193756104,0.0,102.0,185.0,327.0,36,765000000
yolo_final_open_v3,13,1.5,30.0,1.5000000002800227,29.99999999382462,1.496360359996306,26.435945225228565,True,False,-0.003639640283716661,-3.564054768596055,5.383121967315674,0.9771807193756104,0.0,102.0,185.0,327.0,36,830000000
yolo_final_open_v3,13,1.5,30.0,1.5000000002800227,29.99999999382462,1.496360359996306,26.435945225228565,True,False,-0.003639640283716661,-3.564054768596055,5.259206771850586,0.9771807193756104,0.0,102.0,185.0,327.0,36,895000000
yolo_final_open_v3,13,1.5,30.0,1.5000000002800227,29.99999999382462,1.496360359996306,26.435945225228565,True,False,-0.003639640283716661,-3.564054768596055,5.259206771850586,0.9771807193756104,0.0,102.0,185.0,327.0,36,965000000
yolo_final_open_v3,13,1.5,30.0,1.5000000002800227,29.99999999382462,1.496360359996306,26.435945225228565,True,False,-0.003639640283716661,-3.564054768596055,5.14970588684082,0.9771807193756104,0.0,102.0,185.0,327.0,37,30000000
yolo_final_open_v3,13,1.5,30.0,1.5000000002800227,29.99999999382462,1.496360359996306,26.435945225228565,True,False,-0.003639640283716661,-3.564054768596055,5.925965785980225,0.9771807193756104,0.0,102.0,185.0,327.0,37,95000000
yolo_final_open_v3,13,1.5,30.0,1.5000000002800227,29.99999999382462,1.496360359996306,26.435945225228565,True,False,-0.003639640283716661,-3.564054768596055,5.153090000152588,0.9771807193756104,0.0,102.0,185.0,327.0,37,160000000
yolo_final_open_v3,13,1.5,30.0,1.5000000002800227,29.99999999382462,1.496360359996306,26.435945225228565,True,False,-0.003639640283716661,-3.564054768596055,5.153090000152588,0.9771807193756104,0.0,102.0,185.0,327.0,37,225000000
yolo_final_open_v3,13,1.5,30.0,1.5000000002800227,29.99999999382462,1.496360359996306,26.435945225228565,True,False,-0.003639640283716661,-3.564054768596055,5.119203090667725,0.9771807193756104,0.0,102.0,185.0,327.0,37,295000000
yolo_final_open_v3,13,1.5,30.0,1.5000000002800227,29.99999999382462,1.496360359996306,26.435945225228565,True,False,-0.003639640283716661,-3.564054768596055,5.119203090667725,0.9771807193756104,0.0,102.0,185.0,327.0,37,425000000
yolo_final_open_v3,13,1.5,30.0,1.5000000002800227,29.99999999382462,1.496360359996306,26.435945225228565,True,False,-0.003639640283716661,-3.564054768596055,5.269126892089844,0.9771807193756104,0.0,102.0,185.0,327.0,37,490000000
yolo_final_open_v3,13,1.5,30.0,1.5000000002800227,29.99999999382462,1.496360359996306,26.435945225228565,True,False,-0.003639640283716661,-3.564054768596055,5.243085861206055,0.9771807193756104,0.0,102.0,185.0,327.0,37,555000000
yolo_final_open_v3,13,1.5,30.0,1.5000000002800227,29.99999999382462,1.496360359996306,26.435945225228565,True,False,-0.003639640283716661,-3.564054768596055,5.263908863067627,0.9771807193756104,0.0,102.0,185.0,327.0,37,625000000
yolo_final_open_v3,13,1.5,30.0,1.5000000002800227,29.99999999382462,1.496360359996306,26.435945225228565,True,False,-0.003639640283716661,-3.564054768596055,5.263908863067627,0.9771807193756104,0.0,102.0,185.0,327.0,37,690000000
yolo_final_open_v3,13,1.5,30.0,1.5000000002800227,29.99999999382462,1.496360359996306,26.435945225228565,True,False,-0.003639640283716661,-3.564054768596055,5.596671104431152,0.9771807193756104,0.0,102.0,185.0,327.0,37,755000000
yolo_final_open_v3,14,2.0,-30.0,2.0000000003733627,-29.999999993824634,1.9981978346155698,-28.19126693511066,True,False,-0.0018021657577929062,1.8087330587139725,8.42342758178711,0.9771807193756104,0.0,102.0,185.0,327.0,38,150000000
yolo_final_open_v3,14,2.0,-30.0,2.0000000003733627,-29.999999993824634,1.9981978346155698,-28.19126693511066,True,False,-0.0018021657577929062,1.8087330587139725,5.467502117156982,0.9712752103805542,489.0,138.0,151.0,244.0,38,215000000
yolo_final_open_v3,14,2.0,-30.0,2.0000000003733627,-29.999999993824634,1.9981978346155698,-28.19126693511066,True,False,-0.0018021657577929062,1.8087330587139725,7.065792083740234,0.9712752103805542,489.0,138.0,151.0,244.0,38,285000000
yolo_final_open_v3,14,2.0,-30.0,2.0000000003733627,-29.999999993824634,1.9981978346155698,-28.19126693511066,True,False,-0.0018021657577929062,1.8087330587139725,5.3884758949279785,0.9712752103805542,489.0,138.0,151.0,244.0,38,350000000
yolo_final_open_v3,14,2.0,-30.0,2.0000000003733627,-29.999999993824634,1.9981978346155698,-28.19126693511066,True,False,-0.0018021657577929062,1.8087330587139725,5.885068893432617,0.9712752103805542,489.0,138.0,151.0,244.0,38,415000000
yolo_final_open_v3,14,2.0,-30.0,2.0000000003733627,-29.999999993824634,1.9981978346155698,-28.19126693511066,True,False,-0.0018021657577929062,1.8087330587139725,5.243927955627441,0.9712752103805542,489.0,138.0,151.0,244.0,38,480000000
yolo_final_open_v3,14,2.0,-30.0,2.0000000003733627,-29.999999993824634,1.9981978346155698,-28.19126693511066,True,False,-0.0018021657577929062,1.8087330587139725,7.377333164215088,0.9712752103805542,489.0,138.0,151.0,244.0,38,545000000
yolo_final_open_v3,14,2.0,-30.0,2.0000000003733627,-29.999999993824634,1.9981978346155698,-28.19126693511066,True,False,-0.0018021657577929062,1.8087330587139725,7.377333164215088,0.9712752103805542,489.0,138.0,151.0,244.0,38,680000000
yolo_final_open_v3,14,2.0,-30.0,2.0000000003733627,-29.999999993824634,1.9981978346155698,-28.19126693511066,True,False,-0.0018021657577929062,1.8087330587139725,7.58859395980835,0.9712752103805542,489.0,138.0,151.0,244.0,38,810000000
yolo_final_open_v3,14,2.0,-30.0,2.0000000003733627,-29.999999993824634,1.9981978346155698,-28.19126693511066,True,False,-0.0018021657577929062,1.8087330587139725,9.019062042236328,0.9712752103805542,489.0,138.0,151.0,244.0,38,875000000
yolo_final_open_v3,14,2.0,-30.0,2.0000000003733627,-29.999999993824634,1.9981978346155698,-28.19126693511066,True,False,-0.0018021657577929062,1.8087330587139725,5.381533145904541,0.9712752103805542,489.0,138.0,151.0,244.0,38,945000000
yolo_final_open_v3,14,2.0,-30.0,2.0000000003733627,-29.999999993824634,1.9981978346155698,-28.19126693511066,True,False,-0.0018021657577929062,1.8087330587139725,5.700472831726074,0.9712752103805542,489.0,138.0,151.0,244.0,39,10000000
yolo_final_open_v3,14,2.0,-30.0,2.0000000003733627,-29.999999993824634,1.9981978346155698,-28.19126693511066,True,False,-0.0018021657577929062,1.8087330587139725,8.100153923034668,0.9712752103805542,489.0,138.0,151.0,244.0,39,75000000
yolo_final_open_v3,14,2.0,-30.0,2.0000000003733627,-29.999999993824634,1.9981978346155698,-28.19126693511066,True,False,-0.0018021657577929062,1.8087330587139725,8.578481674194336,0.9712752103805542,489.0,138.0,151.0,244.0,39,140000000
yolo_final_open_v3,14,2.0,-30.0,2.0000000003733627,-29.999999993824634,1.9981978346155698,-28.19126693511066,True,False,-0.0018021657577929062,1.8087330587139725,8.578481674194336,0.9712752103805542,489.0,138.0,151.0,244.0,39,205000000
yolo_final_open_v3,14,2.0,-30.0,2.0000000003733627,-29.999999993824634,1.9981978346155698,-28.19126693511066,True,False,-0.0018021657577929062,1.8087330587139725,8.470071792602539,0.9712752103805542,489.0,138.0,151.0,244.0,39,275000000
yolo_final_open_v3,14,2.0,-30.0,2.0000000003733627,-29.999999993824634,1.9981978346155698,-28.19126693511066,True,False,-0.0018021657577929062,1.8087330587139725,8.527159690856934,0.9712752103805542,489.0,138.0,151.0,244.0,39,340000000
yolo_final_open_v3,14,2.0,-30.0,2.0000000003733627,-29.999999993824634,1.9981978346155698,-28.19126693511066,True,False,-0.0018021657577929062,1.8087330587139725,8.527159690856934,0.9712752103805542,489.0,138.0,151.0,244.0,39,405000000
yolo_final_open_v3,14,2.0,-30.0,2.0000000003733627,-29.999999993824634,1.9981978346155698,-28.19126693511066,True,False,-0.0018021657577929062,1.8087330587139725,5.1812920570373535,0.9712752103805542,489.0,138.0,151.0,244.0,39,470000000
yolo_final_open_v3,14,2.0,-30.0,2.0000000003733627,-29.999999993824634,1.9981978346155698,-28.19126693511066,True,False,-0.0018021657577929062,1.8087330587139725,5.347428798675537,0.9712752103805542,489.0,138.0,151.0,244.0,39,535000000
yolo_final_open_v3,14,2.0,-30.0,2.0000000003733627,-29.999999993824634,1.9981978346155698,-28.19126693511066,True,False,-0.0018021657577929062,1.8087330587139725,5.347428798675537,0.9712752103805542,489.0,138.0,151.0,244.0,39,605000000
yolo_final_open_v3,14,2.0,-30.0,2.0000000003733627,-29.999999993824634,1.9981978346155698,-28.19126693511066,True,False,-0.0018021657577929062,1.8087330587139725,8.152103424072266,0.9712752103805542,489.0,138.0,151.0,244.0,39,670000000
yolo_final_open_v3,14,2.0,-30.0,2.0000000003733627,-29.999999993824634,1.9981978346155698,-28.19126693511066,True,False,-0.0018021657577929062,1.8087330587139725,8.152103424072266,0.9712752103805542,489.0,138.0,151.0,244.0,39,735000000
yolo_final_open_v3,14,2.0,-30.0,2.0000000003733627,-29.999999993824634,1.9981978346155698,-28.19126693511066,True,False,-0.0018021657577929062,1.8087330587139725,8.516658782958984,0.9712752103805542,489.0,138.0,151.0,244.0,39,800000000
yolo_final_open_v3,14,2.0,-30.0,2.0000000003733627,-29.999999993824634,1.9981978346155698,-28.19126693511066,True,False,-0.0018021657577929062,1.8087330587139725,5.429426193237305,0.9712752103805542,489.0,138.0,151.0,244.0,39,865000000
yolo_final_open_v3,14,2.0,-30.0,2.0000000003733627,-29.999999993824634,1.9981978346155698,-28.19126693511066,True,False,-0.0018021657577929062,1.8087330587139725,5.447465896606445,0.9712752103805542,489.0,138.0,151.0,244.0,39,935000000
yolo_final_open_v3,14,2.0,-30.0,2.0000000003733627,-29.999999993824634,1.9981978346155698,-28.19126693511066,True,False,-0.0018021657577929062,1.8087330587139725,6.490346908569336,0.9712752103805542,489.0,138.0,151.0,244.0,40,0
yolo_final_open_v3,14,2.0,-30.0,2.0000000003733627,-29.999999993824634,1.9981978346155698,-28.19126693511066,True,False,-0.0018021657577929062,1.8087330587139725,6.490346908569336,0.9712752103805542,489.0,138.0,151.0,244.0,40,65000000
yolo_final_open_v3,14,2.0,-30.0,2.0000000003733627,-29.999999993824634,1.9981978346155698,-28.19126693511066,True,False,-0.0018021657577929062,1.8087330587139725,6.071278095245361,0.9712752103805542,489.0,138.0,151.0,244.0,40,130000000
yolo_final_open_v3,14,2.0,-30.0,2.0000000003733627,-29.999999993824634,1.9981978346155698,-28.19126693511066,True,False,-0.0018021657577929062,1.8087330587139725,5.350942134857178,0.9712752103805542,489.0,138.0,151.0,244.0,40,195000000
yolo_final_open_v3,15,2.0,-20.0,2.000000000419004,-19.999999997114603,2.0398990701831092,-20.1712426430488,True,True,0.03989906976410529,-0.17124264593419625,8.67029857635498,0.9712752103805542,489.0,138.0,151.0,244.0,40,595000000
yolo_final_open_v3,15,2.0,-20.0,2.000000000419004,-19.999999997114603,2.0398990701831092,-20.1712426430488,True,True,0.03989906976410529,-0.17124264593419625,5.81835412979126,0.9713483452796936,400.0,145.0,174.0,224.0,40,660000000
yolo_final_open_v3,15,2.0,-20.0,2.000000000419004,-19.999999997114603,2.0398990701831092,-20.1712426430488,True,True,0.03989906976410529,-0.17124264593419625,5.309336185455322,0.9713483452796936,400.0,145.0,174.0,224.0,40,725000000
yolo_final_open_v3,15,2.0,-20.0,2.000000000419004,-19.999999997114603,2.0398990701831092,-20.1712426430488,True,True,0.03989906976410529,-0.17124264593419625,6.137721061706543,0.9713483452796936,400.0,145.0,174.0,224.0,40,790000000
yolo_final_open_v3,15,2.0,-20.0,2.000000000419004,-19.999999997114603,2.0398990701831092,-20.1712426430488,True,True,0.03989906976410529,-0.17124264593419625,5.367424964904785,0.9713483452796936,400.0,145.0,174.0,224.0,40,855000000
yolo_final_open_v3,15,2.0,-20.0,2.000000000419004,-19.999999997114603,2.0398990701831092,-20.1712426430488,True,True,0.03989906976410529,-0.17124264593419625,5.578782081604004,0.9713483452796936,400.0,145.0,174.0,224.0,40,990000000
yolo_final_open_v3,15,2.0,-20.0,2.000000000419004,-19.999999997114603,2.0398990701831092,-20.1712426430488,True,True,0.03989906976410529,-0.17124264593419625,5.603222846984863,0.9713483452796936,400.0,145.0,174.0,224.0,41,55000000
yolo_final_open_v3,15,2.0,-20.0,2.000000000419004,-19.999999997114603,2.0398990701831092,-20.1712426430488,True,True,0.03989906976410529,-0.17124264593419625,6.682494163513184,0.9713483452796936,400.0,145.0,174.0,224.0,41,120000000
yolo_final_open_v3,15,2.0,-20.0,2.000000000419004,-19.999999997114603,2.0398990701831092,-20.1712426430488,True,True,0.03989906976410529,-0.17124264593419625,7.817482948303223,0.9713483452796936,400.0,145.0,174.0,224.0,41,185000000
yolo_final_open_v3,15,2.0,-20.0,2.000000000419004,-19.999999997114603,2.0398990701831092,-20.1712426430488,True,True,0.03989906976410529,-0.17124264593419625,5.312221050262451,0.9713483452796936,400.0,145.0,174.0,224.0,41,255000000
yolo_final_open_v3,15,2.0,-20.0,2.000000000419004,-19.999999997114603,2.0398990701831092,-20.1712426430488,True,True,0.03989906976410529,-0.17124264593419625,5.312221050262451,0.9713483452796936,400.0,145.0,174.0,224.0,41,320000000
yolo_final_open_v3,15,2.0,-20.0,2.000000000419004,-19.999999997114603,2.0398990701831092,-20.1712426430488,True,True,0.03989906976410529,-0.17124264593419625,8.432806968688965,0.9713483452796936,400.0,145.0,174.0,224.0,41,385000000
yolo_final_open_v3,15,2.0,-20.0,2.000000000419004,-19.999999997114603,2.0398990701831092,-20.1712426430488,True,True,0.03989906976410529,-0.17124264593419625,9.15157413482666,0.9713483452796936,400.0,145.0,174.0,224.0,41,450000000
yolo_final_open_v3,15,2.0,-20.0,2.000000000419004,-19.999999997114603,2.0398990701831092,-20.1712426430488,True,True,0.03989906976410529,-0.17124264593419625,9.15157413482666,0.9713483452796936,400.0,145.0,174.0,224.0,41,515000000
yolo_final_open_v3,15,2.0,-20.0,2.000000000419004,-19.999999997114603,2.0398990701831092,-20.1712426430488,True,True,0.03989906976410529,-0.17124264593419625,7.89971399307251,0.9713483452796936,400.0,145.0,174.0,224.0,41,585000000
yolo_final_open_v3,15,2.0,-20.0,2.000000000419004,-19.999999997114603,2.0398990701831092,-20.1712426430488,True,True,0.03989906976410529,-0.17124264593419625,7.89971399307251,0.9713483452796936,400.0,145.0,174.0,224.0,41,650000000
yolo_final_open_v3,15,2.0,-20.0,2.000000000419004,-19.999999997114603,2.0398990701831092,-20.1712426430488,True,True,0.03989906976410529,-0.17124264593419625,8.540792465209961,0.9713483452796936,400.0,145.0,174.0,224.0,41,715000000
yolo_final_open_v3,15,2.0,-20.0,2.000000000419004,-19.999999997114603,2.0398990701831092,-20.1712426430488,True,True,0.03989906976410529,-0.17124264593419625,5.86908483505249,0.9713483452796936,400.0,145.0,174.0,224.0,41,780000000
yolo_final_open_v3,15,2.0,-20.0,2.000000000419004,-19.999999997114603,2.0398990701831092,-20.1712426430488,True,True,0.03989906976410529,-0.17124264593419625,5.86908483505249,0.9713483452796936,400.0,145.0,174.0,224.0,41,845000000
yolo_final_open_v3,15,2.0,-20.0,2.000000000419004,-19.999999997114603,2.0398990701831092,-20.1712426430488,True,True,0.03989906976410529,-0.17124264593419625,5.321537971496582,0.9713483452796936,400.0,145.0,174.0,224.0,41,915000000
yolo_final_open_v3,15,2.0,-20.0,2.000000000419004,-19.999999997114603,2.0398990701831092,-20.1712426430488,True,True,0.03989906976410529,-0.17124264593419625,9.009302139282227,0.9713483452796936,400.0,145.0,174.0,224.0,41,980000000
yolo_final_open_v3,15,2.0,-20.0,2.000000000419004,-19.999999997114603,2.0398990701831092,-20.1712426430488,True,True,0.03989906976410529,-0.17124264593419625,5.460175037384033,0.9713483452796936,400.0,145.0,174.0,224.0,42,45000000
yolo_final_open_v3,15,2.0,-20.0,2.000000000419004,-19.999999997114603,2.0398990701831092,-20.1712426430488,True,True,0.03989906976410529,-0.17124264593419625,5.409637928009033,0.9713483452796936,400.0,145.0,174.0,224.0,42,110000000
yolo_final_open_v3,15,2.0,-20.0,2.000000000419004,-19.999999997114603,2.0398990701831092,-20.1712426430488,True,True,0.03989906976410529,-0.17124264593419625,5.354150772094727,0.9713483452796936,400.0,145.0,174.0,224.0,42,175000000
yolo_final_open_v3,15,2.0,-20.0,2.000000000419004,-19.999999997114603,2.0398990701831092,-20.1712426430488,True,True,0.03989906976410529,-0.17124264593419625,9.002144813537598,0.9713483452796936,400.0,145.0,174.0,224.0,42,245000000
yolo_final_open_v3,15,2.0,-20.0,2.000000000419004,-19.999999997114603,2.0398990701831092,-20.1712426430488,True,True,0.03989906976410529,-0.17124264593419625,6.511253833770752,0.9713483452796936,400.0,145.0,174.0,224.0,42,310000000
yolo_final_open_v3,15,2.0,-20.0,2.000000000419004,-19.999999997114603,2.0398990701831092,-20.1712426430488,True,True,0.03989906976410529,-0.17124264593419625,6.511253833770752,0.9713483452796936,400.0,145.0,174.0,224.0,42,375000000
yolo_final_open_v3,15,2.0,-20.0,2.000000000419004,-19.999999997114603,2.0398990701831092,-20.1712426430488,True,True,0.03989906976410529,-0.17124264593419625,6.218094825744629,0.9713483452796936,400.0,145.0,174.0,224.0,42,440000000
yolo_final_open_v3,15,2.0,-20.0,2.000000000419004,-19.999999997114603,2.0398990701831092,-20.1712426430488,True,True,0.03989906976410529,-0.17124264593419625,6.454668045043945,0.9713483452796936,400.0,145.0,174.0,224.0,42,505000000
yolo_final_open_v3,15,2.0,-20.0,2.000000000419004,-19.999999997114603,2.0398990701831092,-20.1712426430488,True,True,0.03989906976410529,-0.17124264593419625,5.94467306137085,0.9713483452796936,400.0,145.0,174.0,224.0,42,575000000
yolo_final_open_v3,16,2.0,-10.0,1.9999999999759792,-10.000000000125391,2.0398990701831092,-20.1712426430488,True,True,0.039899070207130016,-10.171242642923408,8.132172584533691,0.9713483452796936,400.0,145.0,174.0,224.0,43,35000000
yolo_final_open_v3,16,2.0,-10.0,1.9999999999759792,-10.000000000125391,2.040337012687551,-10.160863409528465,True,True,0.04033701271157186,-0.1608634094030741,10.46608829498291,0.9713483452796936,400.0,145.0,174.0,224.0,43,100000000
yolo_final_open_v3,16,2.0,-10.0,1.9999999999759792,-10.000000000125391,2.040337012687551,-10.160863409528465,True,True,0.04033701271157186,-0.1608634094030741,6.033304214477539,0.9740763306617737,319.0,149.0,165.0,214.0,43,165000000
yolo_final_open_v3,16,2.0,-10.0,1.9999999999759792,-10.000000000125391,2.040337012687551,-10.160863409528465,True,True,0.04033701271157186,-0.1608634094030741,8.567275047302246,0.9740763306617737,319.0,149.0,165.0,214.0,43,235000000
yolo_final_open_v3,16,2.0,-10.0,1.9999999999759792,-10.000000000125391,2.040337012687551,-10.160863409528465,True,True,0.04033701271157186,-0.1608634094030741,5.306157112121582,0.9740763306617737,319.0,149.0,165.0,214.0,43,300000000
yolo_final_open_v3,16,2.0,-10.0,1.9999999999759792,-10.000000000125391,2.040337012687551,-10.160863409528465,True,True,0.04033701271157186,-0.1608634094030741,5.191023826599121,0.9740763306617737,319.0,149.0,165.0,214.0,43,365000000
yolo_final_open_v3,16,2.0,-10.0,1.9999999999759792,-10.000000000125391,2.040337012687551,-10.160863409528465,True,True,0.04033701271157186,-0.1608634094030741,5.191023826599121,0.9740763306617737,319.0,149.0,165.0,214.0,43,430000000
yolo_final_open_v3,16,2.0,-10.0,1.9999999999759792,-10.000000000125391,2.040337012687551,-10.160863409528465,True,True,0.04033701271157186,-0.1608634094030741,5.298192024230957,0.9740763306617737,319.0,149.0,165.0,214.0,43,495000000
yolo_final_open_v3,16,2.0,-10.0,1.9999999999759792,-10.000000000125391,2.040337012687551,-10.160863409528465,True,True,0.04033701271157186,-0.1608634094030741,5.394513130187988,0.9740763306617737,319.0,149.0,165.0,214.0,43,565000000
yolo_final_open_v3,16,2.0,-10.0,1.9999999999759792,-10.000000000125391,2.040337012687551,-10.160863409528465,True,True,0.04033701271157186,-0.1608634094030741,5.130734920501709,0.9740763306617737,319.0,149.0,165.0,214.0,43,630000000
yolo_final_open_v3,16,2.0,-10.0,1.9999999999759792,-10.000000000125391,2.040337012687551,-10.160863409528465,True,True,0.04033701271157186,-0.1608634094030741,5.428297996520996,0.9740763306617737,319.0,149.0,165.0,214.0,43,695000000
yolo_final_open_v3,16,2.0,-10.0,1.9999999999759792,-10.000000000125391,2.040337012687551,-10.160863409528465,True,True,0.04033701271157186,-0.1608634094030741,5.422441005706787,0.9740763306617737,319.0,149.0,165.0,214.0,43,760000000
yolo_final_open_v3,16,2.0,-10.0,1.9999999999759792,-10.000000000125391,2.040337012687551,-10.160863409528465,True,True,0.04033701271157186,-0.1608634094030741,8.404391288757324,0.9740763306617737,319.0,149.0,165.0,214.0,43,825000000
yolo_final_open_v3,16,2.0,-10.0,1.9999999999759792,-10.000000000125391,2.040337012687551,-10.160863409528465,True,True,0.04033701271157186,-0.1608634094030741,5.935506820678711,0.9740763306617737,319.0,149.0,165.0,214.0,43,895000000
yolo_final_open_v3,16,2.0,-10.0,1.9999999999759792,-10.000000000125391,2.040337012687551,-10.160863409528465,True,True,0.04033701271157186,-0.1608634094030741,5.433448791503906,0.9740763306617737,319.0,149.0,165.0,214.0,43,960000000
yolo_final_open_v3,16,2.0,-10.0,1.9999999999759792,-10.000000000125391,2.040337012687551,-10.160863409528465,True,True,0.04033701271157186,-0.1608634094030741,8.972066879272461,0.9740763306617737,319.0,149.0,165.0,214.0,44,25000000
yolo_final_open_v3,16,2.0,-10.0,1.9999999999759792,-10.000000000125391,2.040337012687551,-10.160863409528465,True,True,0.04033701271157186,-0.1608634094030741,8.332976341247559,0.9740763306617737,319.0,149.0,165.0,214.0,44,90000000
yolo_final_open_v3,16,2.0,-10.0,1.9999999999759792,-10.000000000125391,2.040337012687551,-10.160863409528465,True,True,0.04033701271157186,-0.1608634094030741,8.300268173217773,0.9740763306617737,319.0,149.0,165.0,214.0,44,155000000
yolo_final_open_v3,16,2.0,-10.0,1.9999999999759792,-10.000000000125391,2.040337012687551,-10.160863409528465,True,True,0.04033701271157186,-0.1608634094030741,8.300268173217773,0.9740763306617737,319.0,149.0,165.0,214.0,44,225000000
yolo_final_open_v3,16,2.0,-10.0,1.9999999999759792,-10.000000000125391,2.040337012687551,-10.160863409528465,True,True,0.04033701271157186,-0.1608634094030741,8.195195198059082,0.9740763306617737,319.0,149.0,165.0,214.0,44,290000000
yolo_final_open_v3,16,2.0,-10.0,1.9999999999759792,-10.000000000125391,2.040337012687551,-10.160863409528465,True,True,0.04033701271157186,-0.1608634094030741,8.785345077514648,0.9740763306617737,319.0,149.0,165.0,214.0,44,355000000
yolo_final_open_v3,16,2.0,-10.0,1.9999999999759792,-10.000000000125391,2.040337012687551,-10.160863409528465,True,True,0.04033701271157186,-0.1608634094030741,8.785345077514648,0.9740763306617737,319.0,149.0,165.0,214.0,44,420000000
yolo_final_open_v3,16,2.0,-10.0,1.9999999999759792,-10.000000000125391,2.040337012687551,-10.160863409528465,True,True,0.04033701271157186,-0.1608634094030741,5.34296178817749,0.9740763306617737,319.0,149.0,165.0,214.0,44,485000000
yolo_final_open_v3,16,2.0,-10.0,1.9999999999759792,-10.000000000125391,2.040337012687551,-10.160863409528465,True,True,0.04033701271157186,-0.1608634094030741,8.676673889160156,0.9740763306617737,319.0,149.0,165.0,214.0,44,555000000
yolo_final_open_v3,16,2.0,-10.0,1.9999999999759792,-10.000000000125391,2.040337012687551,-10.160863409528465,True,True,0.04033701271157186,-0.1608634094030741,8.311782836914062,0.9740763306617737,319.0,149.0,165.0,214.0,44,620000000
yolo_final_open_v3,16,2.0,-10.0,1.9999999999759792,-10.000000000125391,2.040337012687551,-10.160863409528465,True,True,0.04033701271157186,-0.1608634094030741,5.434402942657471,0.9740763306617737,319.0,149.0,165.0,214.0,44,685000000
yolo_final_open_v3,16,2.0,-10.0,1.9999999999759792,-10.000000000125391,2.040337012687551,-10.160863409528465,True,True,0.04033701271157186,-0.1608634094030741,5.175774097442627,0.9740763306617737,319.0,149.0,165.0,214.0,44,750000000
yolo_final_open_v3,16,2.0,-10.0,1.9999999999759792,-10.000000000125391,2.040337012687551,-10.160863409528465,True,True,0.04033701271157186,-0.1608634094030741,5.254098892211914,0.9740763306617737,319.0,149.0,165.0,214.0,44,815000000
yolo_final_open_v3,16,2.0,-10.0,1.9999999999759792,-10.000000000125391,2.040337012687551,-10.160863409528465,True,True,0.04033701271157186,-0.1608634094030741,5.254098892211914,0.9740763306617737,319.0,149.0,165.0,214.0,44,885000000
yolo_final_open_v3,16,2.0,-10.0,1.9999999999759792,-10.000000000125391,2.040337012687551,-10.160863409528465,True,True,0.04033701271157186,-0.1608634094030741,5.218070030212402,0.9740763306617737,319.0,149.0,165.0,214.0,44,950000000
yolo_final_open_v3,17,2.0,0.0,2.0,0.0,2.042880097023654,-0.013757482905269198,True,True,0.04288009702365381,-0.013757482905269198,6.967621803283691,0.9766521453857422,238.0,150.0,163.0,210.0,45,475000000
yolo_final_open_v3,17,2.0,0.0,2.0,0.0,2.042880097023654,-0.013757482905269198,True,True,0.04288009702365381,-0.013757482905269198,6.967621803283691,0.9766521453857422,238.0,150.0,163.0,210.0,45,545000000
yolo_final_open_v3,17,2.0,0.0,2.0,0.0,2.042880097023654,-0.013757482905269198,True,True,0.04288009702365381,-0.013757482905269198,7.17917013168335,0.9766521453857422,238.0,150.0,163.0,210.0,45,610000000
yolo_final_open_v3,17,2.0,0.0,2.0,0.0,2.042880097023654,-0.013757482905269198,True,True,0.04288009702365381,-0.013757482905269198,6.283267021179199,0.9766521453857422,238.0,150.0,163.0,210.0,45,675000000
yolo_final_open_v3,17,2.0,0.0,2.0,0.0,2.042880097023654,-0.013757482905269198,True,True,0.04288009702365381,-0.013757482905269198,5.144704818725586,0.9766521453857422,238.0,150.0,163.0,210.0,45,740000000
yolo_final_open_v3,17,2.0,0.0,2.0,0.0,2.042880097023654,-0.013757482905269198,True,True,0.04288009702365381,-0.013757482905269198,6.785151958465576,0.9766521453857422,238.0,150.0,163.0,210.0,45,805000000
yolo_final_open_v3,17,2.0,0.0,2.0,0.0,2.042880097023654,-0.013757482905269198,True,True,0.04288009702365381,-0.013757482905269198,5.5759429931640625,0.9766521453857422,238.0,150.0,163.0,210.0,45,875000000
yolo_final_open_v3,17,2.0,0.0,2.0,0.0,2.042880097023654,-0.013757482905269198,True,True,0.04288009702365381,-0.013757482905269198,5.441882133483887,0.9766521453857422,238.0,150.0,163.0,210.0,45,940000000
yolo_final_open_v3,17,2.0,0.0,2.0,0.0,2.042880097023654,-0.013757482905269198,True,True,0.04288009702365381,-0.013757482905269198,6.155242919921875,0.9766521453857422,238.0,150.0,163.0,210.0,46,5000000
yolo_final_open_v3,17,2.0,0.0,2.0,0.0,2.042880097023654,-0.013757482905269198,True,True,0.04288009702365381,-0.013757482905269198,5.840653896331787,0.9766521453857422,238.0,150.0,163.0,210.0,46,70000000
yolo_final_open_v3,17,2.0,0.0,2.0,0.0,2.042880097023654,-0.013757482905269198,True,True,0.04288009702365381,-0.013757482905269198,5.791159152984619,0.9766521453857422,238.0,150.0,163.0,210.0,46,135000000
yolo_final_open_v3,17,2.0,0.0,2.0,0.0,2.042880097023654,-0.013757482905269198,True,True,0.04288009702365381,-0.013757482905269198,5.791159152984619,0.9766521453857422,238.0,150.0,163.0,210.0,46,205000000
yolo_final_open_v3,17,2.0,0.0,2.0,0.0,2.042880097023654,-0.013757482905269198,True,True,0.04288009702365381,-0.013757482905269198,5.303750991821289,0.9766521453857422,238.0,150.0,163.0,210.0,46,270000000
yolo_final_open_v3,17,2.0,0.0,2.0,0.0,2.042880097023654,-0.013757482905269198,True,True,0.04288009702365381,-0.013757482905269198,5.313833236694336,0.9766521453857422,238.0,150.0,163.0,210.0,46,335000000
yolo_final_open_v3,17,2.0,0.0,2.0,0.0,2.042880097023654,-0.013757482905269198,True,True,0.04288009702365381,-0.013757482905269198,5.401186943054199,0.9766521453857422,238.0,150.0,163.0,210.0,46,400000000
yolo_final_open_v3,17,2.0,0.0,2.0,0.0,2.042880097023654,-0.013757482905269198,True,True,0.04288009702365381,-0.013757482905269198,5.401186943054199,0.9766521453857422,238.0,150.0,163.0,210.0,46,465000000
yolo_final_open_v3,17,2.0,0.0,2.0,0.0,2.042880097023654,-0.013757482905269198,True,True,0.04288009702365381,-0.013757482905269198,5.387012958526611,0.9766521453857422,238.0,150.0,163.0,210.0,46,535000000
yolo_final_open_v3,17,2.0,0.0,2.0,0.0,2.042880097023654,-0.013757482905269198,True,True,0.04288009702365381,-0.013757482905269198,5.30063009262085,0.9766521453857422,238.0,150.0,163.0,210.0,46,600000000
yolo_final_open_v3,17,2.0,0.0,2.0,0.0,2.042880097023654,-0.013757482905269198,True,True,0.04288009702365381,-0.013757482905269198,7.086957931518555,0.9766521453857422,238.0,150.0,163.0,210.0,46,665000000
yolo_final_open_v3,17,2.0,0.0,2.0,0.0,2.042880097023654,-0.013757482905269198,True,True,0.04288009702365381,-0.013757482905269198,7.086957931518555,0.9766521453857422,238.0,150.0,163.0,210.0,46,730000000
yolo_final_open_v3,17,2.0,0.0,2.0,0.0,2.042880097023654,-0.013757482905269198,True,True,0.04288009702365381,-0.013757482905269198,8.106932640075684,0.9766521453857422,238.0,150.0,163.0,210.0,46,795000000
yolo_final_open_v3,17,2.0,0.0,2.0,0.0,2.042880097023654,-0.013757482905269198,True,True,0.04288009702365381,-0.013757482905269198,5.696658134460449,0.9766521453857422,238.0,150.0,163.0,210.0,46,865000000
yolo_final_open_v3,17,2.0,0.0,2.0,0.0,2.042880097023654,-0.013757482905269198,True,True,0.04288009702365381,-0.013757482905269198,5.419971942901611,0.9766521453857422,238.0,150.0,163.0,210.0,46,930000000
yolo_final_open_v3,17,2.0,0.0,2.0,0.0,2.042880097023654,-0.013757482905269198,True,True,0.04288009702365381,-0.013757482905269198,7.024291038513184,0.9766521453857422,238.0,150.0,163.0,210.0,46,995000000
yolo_final_open_v3,17,2.0,0.0,2.0,0.0,2.042880097023654,-0.013757482905269198,True,True,0.04288009702365381,-0.013757482905269198,8.086814880371094,0.9766521453857422,238.0,150.0,163.0,210.0,47,60000000
yolo_final_open_v3,17,2.0,0.0,2.0,0.0,2.042880097023654,-0.013757482905269198,True,True,0.04288009702365381,-0.013757482905269198,5.144748210906982,0.9766521453857422,238.0,150.0,163.0,210.0,47,125000000
yolo_final_open_v3,17,2.0,0.0,2.0,0.0,2.042880097023654,-0.013757482905269198,True,True,0.04288009702365381,-0.013757482905269198,6.96781587600708,0.9766521453857422,238.0,150.0,163.0,210.0,47,195000000
yolo_final_open_v3,17,2.0,0.0,2.0,0.0,2.042880097023654,-0.013757482905269198,True,True,0.04288009702365381,-0.013757482905269198,7.274168968200684,0.9766521453857422,238.0,150.0,163.0,210.0,47,260000000
yolo_final_open_v3,17,2.0,0.0,2.0,0.0,2.042880097023654,-0.013757482905269198,True,True,0.04288009702365381,-0.013757482905269198,7.274168968200684,0.9766521453857422,238.0,150.0,163.0,210.0,47,390000000
yolo_final_open_v3,17,2.0,0.0,2.0,0.0,2.042880097023654,-0.013757482905269198,True,True,0.04288009702365381,-0.013757482905269198,5.487415790557861,0.9766521453857422,238.0,150.0,163.0,210.0,47,455000000
yolo_final_open_v3,18,2.0,10.0,1.9999999999700753,9.999999999166162,2.040709831401636,10.190783255595449,True,True,0.04070983143156082,0.1907832564292864,5.149527072906494,0.9766521453857422,238.0,150.0,163.0,210.0,47,920000000
yolo_final_open_v3,18,2.0,10.0,1.9999999999700753,9.999999999166162,2.040709831401636,10.190783255595449,True,True,0.04070983143156082,0.1907832564292864,7.477468967437744,0.9743345975875854,154.0,149.0,167.0,214.0,47,985000000
yolo_final_open_v3,18,2.0,10.0,1.9999999999700753,9.999999999166162,2.040709831401636,10.190783255595449,True,True,0.04070983143156082,0.1907832564292864,7.162576198577881,0.9743345975875854,154.0,149.0,167.0,214.0,48,50000000
yolo_final_open_v3,18,2.0,10.0,1.9999999999700753,9.999999999166162,2.040709831401636,10.190783255595449,True,True,0.04070983143156082,0.1907832564292864,5.287477016448975,0.9743345975875854,154.0,149.0,167.0,214.0,48,115000000
yolo_final_open_v3,18,2.0,10.0,1.9999999999700753,9.999999999166162,2.040709831401636,10.190783255595449,True,True,0.04070983143156082,0.1907832564292864,5.287477016448975,0.9743345975875854,154.0,149.0,167.0,214.0,48,185000000
yolo_final_open_v3,18,2.0,10.0,1.9999999999700753,9.999999999166162,2.040709831401636,10.190783255595449,True,True,0.04070983143156082,0.1907832564292864,8.894640922546387,0.9743345975875854,154.0,149.0,167.0,214.0,48,250000000
yolo_final_open_v3,18,2.0,10.0,1.9999999999700753,9.999999999166162,2.040709831401636,10.190783255595449,True,True,0.04070983143156082,0.1907832564292864,5.232202053070068,0.9743345975875854,154.0,149.0,167.0,214.0,48,315000000
yolo_final_open_v3,18,2.0,10.0,1.9999999999700753,9.999999999166162,2.040709831401636,10.190783255595449,True,True,0.04070983143156082,0.1907832564292864,5.1653151512146,0.9743345975875854,154.0,149.0,167.0,214.0,48,445000000
yolo_final_open_v3,18,2.0,10.0,1.9999999999700753,9.999999999166162,2.040709831401636,10.190783255595449,True,True,0.04070983143156082,0.1907832564292864,5.246288776397705,0.9743345975875854,154.0,149.0,167.0,214.0,48,515000000
yolo_final_open_v3,18,2.0,10.0,1.9999999999700753,9.999999999166162,2.040709831401636,10.190783255595449,True,True,0.04070983143156082,0.1907832564292864,5.4424262046813965,0.9743345975875854,154.0,149.0,167.0,214.0,48,710000000
yolo_final_open_v3,18,2.0,10.0,1.9999999999700753,9.999999999166162,2.040709831401636,10.190783255595449,True,True,0.04070983143156082,0.1907832564292864,5.8084797859191895,0.9743345975875854,154.0,149.0,167.0,214.0,48,775000000
yolo_final_open_v3,18,2.0,10.0,1.9999999999700753,9.999999999166162,2.040709831401636,10.190783255595449,True,True,0.04070983143156082,0.1907832564292864,5.367730140686035,0.9743345975875854,154.0,149.0,167.0,214.0,48,910000000
yolo_final_open_v3,18,2.0,10.0,1.9999999999700753,9.999999999166162,2.040709831401636,10.190783255595449,True,True,0.04070983143156082,0.1907832564292864,5.622395038604736,0.9743345975875854,154.0,149.0,167.0,214.0,48,975000000
yolo_final_open_v3,18,2.0,10.0,1.9999999999700753,9.999999999166162,2.040709831401636,10.190783255595449,True,True,0.04070983143156082,0.1907832564292864,6.480703830718994,0.9743345975875854,154.0,149.0,167.0,214.0,49,40000000
yolo_final_open_v3,18,2.0,10.0,1.9999999999700753,9.999999999166162,2.040709831401636,10.190783255595449,True,True,0.04070983143156082,0.1907832564292864,6.5398077964782715,0.9743345975875854,154.0,149.0,167.0,214.0,49,105000000
yolo_final_open_v3,18,2.0,10.0,1.9999999999700753,9.999999999166162,2.040709831401636,10.190783255595449,True,True,0.04070983143156082,0.1907832564292864,5.6028571128845215,0.9743345975875854,154.0,149.0,167.0,214.0,49,175000000
yolo_final_open_v3,18,2.0,10.0,1.9999999999700753,9.999999999166162,2.040709831401636,10.190783255595449,True,True,0.04070983143156082,0.1907832564292864,5.6028571128845215,0.9743345975875854,154.0,149.0,167.0,214.0,49,240000000
yolo_final_open_v3,18,2.0,10.0,1.9999999999700753,9.999999999166162,2.040709831401636,10.190783255595449,True,True,0.04070983143156082,0.1907832564292864,7.467545032501221,0.9743345975875854,154.0,149.0,167.0,214.0,49,305000000
yolo_final_open_v3,18,2.0,10.0,1.9999999999700753,9.999999999166162,2.040709831401636,10.190783255595449,True,True,0.04070983143156082,0.1907832564292864,7.710658073425293,0.9743345975875854,154.0,149.0,167.0,214.0,49,370000000
yolo_final_open_v3,18,2.0,10.0,1.9999999999700753,9.999999999166162,2.040709831401636,10.190783255595449,True,True,0.04070983143156082,0.1907832564292864,7.449193954467773,0.9743345975875854,154.0,149.0,167.0,214.0,49,435000000
yolo_final_open_v3,18,2.0,10.0,1.9999999999700753,9.999999999166162,2.040709831401636,10.190783255595449,True,True,0.04070983143156082,0.1907832564292864,7.523673057556152,0.9743345975875854,154.0,149.0,167.0,214.0,49,505000000
yolo_final_open_v3,18,2.0,10.0,1.9999999999700753,9.999999999166162,2.040709831401636,10.190783255595449,True,True,0.04070983143156082,0.1907832564292864,7.755543231964111,0.9743345975875854,154.0,149.0,167.0,214.0,49,570000000
yolo_final_open_v3,18,2.0,10.0,1.9999999999700753,9.999999999166162,2.040709831401636,10.190783255595449,True,True,0.04070983143156082,0.1907832564292864,9.260933876037598,0.9743345975875854,154.0,149.0,167.0,214.0,49,635000000
yolo_final_open_v3,18,2.0,10.0,1.9999999999700753,9.999999999166162,2.040709831401636,10.190783255595449,True,True,0.04070983143156082,0.1907832564292864,8.255112648010254,0.9743345975875854,154.0,149.0,167.0,214.0,49,700000000
yolo_final_open_v3,18,2.0,10.0,1.9999999999700753,9.999999999166162,2.040709831401636,10.190783255595449,True,True,0.04070983143156082,0.1907832564292864,5.570587158203125,0.9743345975875854,154.0,149.0,167.0,214.0,49,765000000
yolo_final_open_v3,18,2.0,10.0,1.9999999999700753,9.999999999166162,2.040709831401636,10.190783255595449,True,True,0.04070983143156082,0.1907832564292864,7.582723140716553,0.9743345975875854,154.0,149.0,167.0,214.0,49,835000000
yolo_final_open_v3,18,2.0,10.0,1.9999999999700753,9.999999999166162,2.040709831401636,10.190783255595449,True,True,0.04070983143156082,0.1907832564292864,5.385372161865234,0.9743345975875854,154.0,149.0,167.0,214.0,49,900000000
yolo_final_open_v3,18,2.0,10.0,1.9999999999700753,9.999999999166162,2.040709831401636,10.190783255595449,True,True,0.04070983143156082,0.1907832564292864,5.20876407623291,0.9743345975875854,154.0,149.0,167.0,214.0,49,965000000
yolo_final_open_v3,18,2.0,10.0,1.9999999999700753,9.999999999166162,2.040709831401636,10.190783255595449,True,True,0.04070983143156082,0.1907832564292864,5.20876407623291,0.9743345975875854,154.0,149.0,167.0,214.0,50,30000000
yolo_final_open_v3,18,2.0,10.0,1.9999999999700753,9.999999999166162,2.040709831401636,10.190783255595449,True,True,0.04070983143156082,0.1907832564292864,9.911847114562988,0.9743345975875854,154.0,149.0,167.0,214.0,50,95000000
yolo_final_open_v3,19,2.0,20.0,2.00000000052161,20.000000005190667,2.040709831401636,10.190783255595449,True,True,0.04070983088002622,-9.809216749595219,5.584228992462158,0.9743345975875854,154.0,149.0,167.0,214.0,50,495000000
yolo_final_open_v3,19,2.0,20.0,2.00000000052161,20.000000005190667,2.0417862817672185,20.259175357318497,True,True,0.04178628124560868,0.25917535212782994,5.3167572021484375,0.9743345975875854,154.0,149.0,167.0,214.0,50,560000000
yolo_final_open_v3,19,2.0,20.0,2.00000000052161,20.000000005190667,2.0417862817672185,20.259175357318497,True,True,0.04178628124560868,0.25917535212782994,6.6280598640441895,0.9765716791152954,61.0,145.0,179.0,224.0,50,625000000
yolo_final_open_v3,19,2.0,20.0,2.00000000052161,20.000000005190667,2.0417862817672185,20.259175357318497,True,True,0.04178628124560868,0.25917535212782994,6.6280598640441895,0.9765716791152954,61.0,145.0,179.0,224.0,50,690000000
yolo_final_open_v3,19,2.0,20.0,2.00000000052161,20.000000005190667,2.0417862817672185,20.259175357318497,True,True,0.04178628124560868,0.25917535212782994,5.240057945251465,0.9765716791152954,61.0,145.0,179.0,224.0,50,755000000
yolo_final_open_v3,19,2.0,20.0,2.00000000052161,20.000000005190667,2.0417862817672185,20.259175357318497,True,True,0.04178628124560868,0.25917535212782994,8.886054992675781,0.9765716791152954,61.0,145.0,179.0,224.0,50,825000000
yolo_final_open_v3,19,2.0,20.0,2.00000000052161,20.000000005190667,2.0417862817672185,20.259175357318497,True,True,0.04178628124560868,0.25917535212782994,5.327964782714844,0.9765716791152954,61.0,145.0,179.0,224.0,50,890000000
yolo_final_open_v3,19,2.0,20.0,2.00000000052161,20.000000005190667,2.0417862817672185,20.259175357318497,True,True,0.04178628124560868,0.25917535212782994,5.252143859863281,0.9765716791152954,61.0,145.0,179.0,224.0,50,955000000
yolo_final_open_v3,19,2.0,20.0,2.00000000052161,20.000000005190667,2.0417862817672185,20.259175357318497,True,True,0.04178628124560868,0.25917535212782994,5.252143859863281,0.9765716791152954,61.0,145.0,179.0,224.0,51,20000000
yolo_final_open_v3,19,2.0,20.0,2.00000000052161,20.000000005190667,2.0417862817672185,20.259175357318497,True,True,0.04178628124560868,0.25917535212782994,5.305510997772217,0.9765716791152954,61.0,145.0,179.0,224.0,51,85000000
yolo_final_open_v3,19,2.0,20.0,2.00000000052161,20.000000005190667,2.0417862817672185,20.259175357318497,True,True,0.04178628124560868,0.25917535212782994,5.305510997772217,0.9765716791152954,61.0,145.0,179.0,224.0,51,155000000
yolo_final_open_v3,19,2.0,20.0,2.00000000052161,20.000000005190667,2.0417862817672185,20.259175357318497,True,True,0.04178628124560868,0.25917535212782994,5.257203102111816,0.9765716791152954,61.0,145.0,179.0,224.0,51,220000000
yolo_final_open_v3,19,2.0,20.0,2.00000000052161,20.000000005190667,2.0417862817672185,20.259175357318497,True,True,0.04178628124560868,0.25917535212782994,5.19814920425415,0.9765716791152954,61.0,145.0,179.0,224.0,51,285000000
yolo_final_open_v3,19,2.0,20.0,2.00000000052161,20.000000005190667,2.0417862817672185,20.259175357318497,True,True,0.04178628124560868,0.25917535212782994,5.605536937713623,0.9765716791152954,61.0,145.0,179.0,224.0,51,350000000
yolo_final_open_v3,19,2.0,20.0,2.00000000052161,20.000000005190667,2.0417862817672185,20.259175357318497,True,True,0.04178628124560868,0.25917535212782994,5.642311096191406,0.9765716791152954,61.0,145.0,179.0,224.0,51,550000000
yolo_final_open_v3,19,2.0,20.0,2.00000000052161,20.000000005190667,2.0417862817672185,20.259175357318497,True,True,0.04178628124560868,0.25917535212782994,5.760819911956787,0.9765716791152954,61.0,145.0,179.0,224.0,51,615000000
yolo_final_open_v3,19,2.0,20.0,2.00000000052161,20.000000005190667,2.0417862817672185,20.259175357318497,True,True,0.04178628124560868,0.25917535212782994,6.859313011169434,0.9765716791152954,61.0,145.0,179.0,224.0,51,680000000
yolo_final_open_v3,19,2.0,20.0,2.00000000052161,20.000000005190667,2.0417862817672185,20.259175357318497,True,True,0.04178628124560868,0.25917535212782994,7.5112409591674805,0.9765716791152954,61.0,145.0,179.0,224.0,51,745000000
yolo_final_open_v3,19,2.0,20.0,2.00000000052161,20.000000005190667,2.0417862817672185,20.259175357318497,True,True,0.04178628124560868,0.25917535212782994,5.938744068145752,0.9765716791152954,61.0,145.0,179.0,224.0,51,815000000
yolo_final_open_v3,19,2.0,20.0,2.00000000052161,20.000000005190667,2.0417862817672185,20.259175357318497,True,True,0.04178628124560868,0.25917535212782994,7.626659870147705,0.9765716791152954,61.0,145.0,179.0,224.0,51,880000000
yolo_final_open_v3,19,2.0,20.0,2.00000000052161,20.000000005190667,2.0417862817672185,20.259175357318497,True,True,0.04178628124560868,0.25917535212782994,7.626659870147705,0.9765716791152954,61.0,145.0,179.0,224.0,51,945000000
yolo_final_open_v3,19,2.0,20.0,2.00000000052161,20.000000005190667,2.0417862817672185,20.259175357318497,True,True,0.04178628124560868,0.25917535212782994,7.395431995391846,0.9765716791152954,61.0,145.0,179.0,224.0,52,75000000
yolo_final_open_v3,19,2.0,20.0,2.00000000052161,20.000000005190667,2.0417862817672185,20.259175357318497,True,True,0.04178628124560868,0.25917535212782994,7.521999835968018,0.9765716791152954,61.0,145.0,179.0,224.0,52,145000000
yolo_final_open_v3,19,2.0,20.0,2.00000000052161,20.000000005190667,2.0417862817672185,20.259175357318497,True,True,0.04178628124560868,0.25917535212782994,7.521999835968018,0.9765716791152954,61.0,145.0,179.0,224.0,52,210000000
yolo_final_open_v3,19,2.0,20.0,2.00000000052161,20.000000005190667,2.0417862817672185,20.259175357318497,True,True,0.04178628124560868,0.25917535212782994,5.537978172302246,0.9765716791152954,61.0,145.0,179.0,224.0,52,275000000
yolo_final_open_v3,19,2.0,20.0,2.00000000052161,20.000000005190667,2.0417862817672185,20.259175357318497,True,True,0.04178628124560868,0.25917535212782994,5.332685947418213,0.9765716791152954,61.0,145.0,179.0,224.0,52,340000000
yolo_final_open_v3,19,2.0,20.0,2.00000000052161,20.000000005190667,2.0417862817672185,20.259175357318497,True,True,0.04178628124560868,0.25917535212782994,5.36600923538208,0.9765716791152954,61.0,145.0,179.0,224.0,52,405000000
yolo_final_open_v3,19,2.0,20.0,2.00000000052161,20.000000005190667,2.0417862817672185,20.259175357318497,True,True,0.04178628124560868,0.25917535212782994,7.565672874450684,0.9765716791152954,61.0,145.0,179.0,224.0,52,475000000
yolo_final_open_v3,19,2.0,20.0,2.00000000052161,20.000000005190667,2.0417862817672185,20.259175357318497,True,True,0.04178628124560868,0.25917535212782994,5.373175144195557,0.9765716791152954,61.0,145.0,179.0,224.0,52,540000000
yolo_final_open_v3,19,2.0,20.0,2.00000000052161,20.000000005190667,2.0417862817672185,20.259175357318497,True,True,0.04178628124560868,0.25917535212782994,5.3758978843688965,0.9765716791152954,61.0,145.0,179.0,224.0,52,605000000
yolo_final_open_v3,20,2.0,30.0,2.0000000003733627,29.999999993824634,1.9962479717426014,27.99435109053052,True,False,-0.003752028630761295,-2.0056489032941123,8.749403953552246,0.9752330780029297,0.0,137.0,153.0,244.0,53,330000000
yolo_final_open_v3,20,2.0,30.0,2.0000000003733627,29.999999993824634,1.9962479717426014,27.99435109053052,True,False,-0.003752028630761295,-2.0056489032941123,8.223822593688965,0.9752330780029297,0.0,137.0,153.0,244.0,53,395000000
yolo_final_open_v3,20,2.0,30.0,2.0000000003733627,29.999999993824634,1.9962479717426014,27.99435109053052,True,False,-0.003752028630761295,-2.0056489032941123,8.594847679138184,0.9752330780029297,0.0,137.0,153.0,244.0,53,465000000
yolo_final_open_v3,20,2.0,30.0,2.0000000003733627,29.999999993824634,1.9962479717426014,27.99435109053052,True,False,-0.003752028630761295,-2.0056489032941123,8.201403617858887,0.9752330780029297,0.0,137.0,153.0,244.0,53,530000000
yolo_final_open_v3,20,2.0,30.0,2.0000000003733627,29.999999993824634,1.9962479717426014,27.99435109053052,True,False,-0.003752028630761295,-2.0056489032941123,9.57197093963623,0.9752330780029297,0.0,137.0,153.0,244.0,53,595000000
yolo_final_open_v3,20,2.0,30.0,2.0000000003733627,29.999999993824634,1.9962479717426014,27.99435109053052,True,False,-0.003752028630761295,-2.0056489032941123,6.881885051727295,0.9752330780029297,0.0,137.0,153.0,244.0,53,660000000
yolo_final_open_v3,20,2.0,30.0,2.0000000003733627,29.999999993824634,1.9962479717426014,27.99435109053052,True,False,-0.003752028630761295,-2.0056489032941123,6.631199836730957,0.9752330780029297,0.0,137.0,153.0,244.0,53,725000000
yolo_final_open_v3,20,2.0,30.0,2.0000000003733627,29.999999993824634,1.9962479717426014,27.99435109053052,True,False,-0.003752028630761295,-2.0056489032941123,12.494648933410645,0.9752330780029297,0.0,137.0,153.0,244.0,53,795000000
yolo_final_open_v3,20,2.0,30.0,2.0000000003733627,29.999999993824634,1.9962479717426014,27.99435109053052,True,False,-0.003752028630761295,-2.0056489032941123,7.062212944030762,0.9752330780029297,0.0,137.0,153.0,244.0,53,860000000
yolo_final_open_v3,20,2.0,30.0,2.0000000003733627,29.999999993824634,1.9962479717426014,27.99435109053052,True,False,-0.003752028630761295,-2.0056489032941123,8.443161010742188,0.9752330780029297,0.0,137.0,153.0,244.0,53,925000000
yolo_final_open_v3,20,2.0,30.0,2.0000000003733627,29.999999993824634,1.9962479717426014,27.99435109053052,True,False,-0.003752028630761295,-2.0056489032941123,7.576455116271973,0.9752330780029297,0.0,137.0,153.0,244.0,53,990000000
yolo_final_open_v3,20,2.0,30.0,2.0000000003733627,29.999999993824634,1.9962479717426014,27.99435109053052,True,False,-0.003752028630761295,-2.0056489032941123,12.854713439941406,0.9752330780029297,0.0,137.0,153.0,244.0,54,55000000
yolo_final_open_v3,20,2.0,30.0,2.0000000003733627,29.999999993824634,1.9962479717426014,27.99435109053052,True,False,-0.003752028630761295,-2.0056489032941123,15.664506912231445,0.9752330780029297,0.0,137.0,153.0,244.0,54,125000000
yolo_final_open_v3,20,2.0,30.0,2.0000000003733627,29.999999993824634,1.9962479717426014,27.99435109053052,True,False,-0.003752028630761295,-2.0056489032941123,6.172505855560303,0.9752330780029297,0.0,137.0,153.0,244.0,54,190000000
yolo_final_open_v3,20,2.0,30.0,2.0000000003733627,29.999999993824634,1.9962479717426014,27.99435109053052,True,False,-0.003752028630761295,-2.0056489032941123,6.215703010559082,0.9752330780029297,0.0,137.0,153.0,244.0,54,255000000
yolo_final_open_v3,20,2.0,30.0,2.0000000003733627,29.999999993824634,1.9962479717426014,27.99435109053052,True,False,-0.003752028630761295,-2.0056489032941123,6.944882869720459,0.9752330780029297,0.0,137.0,153.0,244.0,54,320000000
yolo_final_open_v3,20,2.0,30.0,2.0000000003733627,29.999999993824634,1.9962479717426014,27.99435109053052,True,False,-0.003752028630761295,-2.0056489032941123,8.008580207824707,0.9752330780029297,0.0,137.0,153.0,244.0,54,385000000
yolo_final_open_v3,20,2.0,30.0,2.0000000003733627,29.999999993824634,1.9962479717426014,27.99435109053052,True,False,-0.003752028630761295,-2.0056489032941123,6.820234775543213,0.9752330780029297,0.0,137.0,153.0,244.0,54,455000000
yolo_final_open_v3,20,2.0,30.0,2.0000000003733627,29.999999993824634,1.9962479717426014,27.99435109053052,True,False,-0.003752028630761295,-2.0056489032941123,10.016663551330566,0.9752330780029297,0.0,137.0,153.0,244.0,54,520000000
yolo_final_open_v3,20,2.0,30.0,2.0000000003733627,29.999999993824634,1.9962479717426014,27.99435109053052,True,False,-0.003752028630761295,-2.0056489032941123,7.605102062225342,0.9752330780029297,0.0,137.0,153.0,244.0,54,585000000
yolo_final_open_v3,20,2.0,30.0,2.0000000003733627,29.999999993824634,1.9962479717426014,27.99435109053052,True,False,-0.003752028630761295,-2.0056489032941123,8.674177169799805,0.9752330780029297,0.0,137.0,153.0,244.0,54,650000000
yolo_final_open_v3,20,2.0,30.0,2.0000000003733627,29.999999993824634,1.9962479717426014,27.99435109053052,True,False,-0.003752028630761295,-2.0056489032941123,7.781138896942139,0.9752330780029297,0.0,137.0,153.0,244.0,54,715000000
yolo_final_open_v3,20,2.0,30.0,2.0000000003733627,29.999999993824634,1.9962479717426014,27.99435109053052,True,False,-0.003752028630761295,-2.0056489032941123,7.363300800323486,0.9752330780029297,0.0,137.0,153.0,244.0,54,785000000
yolo_final_open_v3,20,2.0,30.0,2.0000000003733627,29.999999993824634,1.9962479717426014,27.99435109053052,True,False,-0.003752028630761295,-2.0056489032941123,7.106905937194824,0.9752330780029297,0.0,137.0,153.0,244.0,54,850000000
yolo_final_open_v3,20,2.0,30.0,2.0000000003733627,29.999999993824634,1.9962479717426014,27.99435109053052,True,False,-0.003752028630761295,-2.0056489032941123,9.672698020935059,0.9752330780029297,0.0,137.0,153.0,244.0,54,915000000
yolo_final_open_v3,20,2.0,30.0,2.0000000003733627,29.999999993824634,1.9962479717426014,27.99435109053052,True,False,-0.003752028630761295,-2.0056489032941123,5.953433990478516,0.9752330780029297,0.0,137.0,153.0,244.0,55,45000000
yolo_final_open_v3,20,2.0,30.0,2.0000000003733627,29.999999993824634,1.9962479717426014,27.99435109053052,True,False,-0.003752028630761295,-2.0056489032941123,5.953433990478516,0.9752330780029297,0.0,137.0,153.0,244.0,55,115000000
yolo_final_open_v3,20,2.0,30.0,2.0000000003733627,29.999999993824634,1.9962479717426014,27.99435109053052,True,False,-0.003752028630761295,-2.0056489032941123,8.245129585266113,0.9752330780029297,0.0,137.0,153.0,244.0,55,245000000
yolo_final_open_v3,20,2.0,30.0,2.0000000003733627,29.999999993824634,1.9962479717426014,27.99435109053052,True,False,-0.003752028630761295,-2.0056489032941123,7.6116108894348145,0.9752330780029297,0.0,137.0,153.0,244.0,55,310000000
yolo_final_open_v3,20,2.0,30.0,2.0000000003733627,29.999999993824634,1.9962479717426014,27.99435109053052,True,False,-0.003752028630761295,-2.0056489032941123,5.818640232086182,0.9752330780029297,0.0,137.0,153.0,244.0,55,375000000
yolo_final_open_v3,21,3.0,-30.0,2.999999999694019,-30.000000003373923,3.0443138168582293,-29.71935212317157,True,False,0.044313817164210345,0.280647880202352,5.387746810913086,0.9752330780029297,0.0,137.0,153.0,244.0,55,840000000
yolo_final_open_v3,21,3.0,-30.0,2.999999999694019,-30.000000003373923,3.0443138168582293,-29.71935212317157,True,False,0.044313817164210345,0.280647880202352,8.040987014770508,0.9633147120475769,521.0,172.0,119.0,160.0,55,905000000
yolo_final_open_v3,21,3.0,-30.0,2.999999999694019,-30.000000003373923,3.0443138168582293,-29.71935212317157,True,False,0.044313817164210345,0.280647880202352,8.504256248474121,0.9633147120475769,521.0,172.0,119.0,160.0,55,970000000
yolo_final_open_v3,21,3.0,-30.0,2.999999999694019,-30.000000003373923,3.0443138168582293,-29.71935212317157,True,False,0.044313817164210345,0.280647880202352,8.517122268676758,0.9633147120475769,521.0,172.0,119.0,160.0,56,35000000
yolo_final_open_v3,21,3.0,-30.0,2.999999999694019,-30.000000003373923,3.0443138168582293,-29.71935212317157,True,False,0.044313817164210345,0.280647880202352,7.816018104553223,0.9633147120475769,521.0,172.0,119.0,160.0,56,105000000
yolo_final_open_v3,21,3.0,-30.0,2.999999999694019,-30.000000003373923,3.0443138168582293,-29.71935212317157,True,False,0.044313817164210345,0.280647880202352,7.586816787719727,0.9633147120475769,521.0,172.0,119.0,160.0,56,170000000
yolo_final_open_v3,21,3.0,-30.0,2.999999999694019,-30.000000003373923,3.0443138168582293,-29.71935212317157,True,False,0.044313817164210345,0.280647880202352,7.586816787719727,0.9633147120475769,521.0,172.0,119.0,160.0,56,235000000
yolo_final_open_v3,21,3.0,-30.0,2.999999999694019,-30.000000003373923,3.0443138168582293,-29.71935212317157,True,False,0.044313817164210345,0.280647880202352,5.203794002532959,0.9633147120475769,521.0,172.0,119.0,160.0,56,300000000
yolo_final_open_v3,21,3.0,-30.0,2.999999999694019,-30.000000003373923,3.0443138168582293,-29.71935212317157,True,False,0.044313817164210345,0.280647880202352,5.097585201263428,0.9633147120475769,521.0,172.0,119.0,160.0,56,365000000
yolo_final_open_v3,21,3.0,-30.0,2.999999999694019,-30.000000003373923,3.0443138168582293,-29.71935212317157,True,False,0.044313817164210345,0.280647880202352,5.1129608154296875,0.9633147120475769,521.0,172.0,119.0,160.0,56,435000000
yolo_final_open_v3,21,3.0,-30.0,2.999999999694019,-30.000000003373923,3.0443138168582293,-29.71935212317157,True,False,0.044313817164210345,0.280647880202352,6.501441955566406,0.9633147120475769,521.0,172.0,119.0,160.0,56,500000000
yolo_final_open_v3,21,3.0,-30.0,2.999999999694019,-30.000000003373923,3.0443138168582293,-29.71935212317157,True,False,0.044313817164210345,0.280647880202352,5.3359270095825195,0.9633147120475769,521.0,172.0,119.0,160.0,56,630000000
yolo_final_open_v3,21,3.0,-30.0,2.999999999694019,-30.000000003373923,3.0443138168582293,-29.71935212317157,True,False,0.044313817164210345,0.280647880202352,5.3359270095825195,0.9633147120475769,521.0,172.0,119.0,160.0,56,830000000
yolo_final_open_v3,21,3.0,-30.0,2.999999999694019,-30.000000003373923,3.0443138168582293,-29.71935212317157,True,False,0.044313817164210345,0.280647880202352,5.2459211349487305,0.9633147120475769,521.0,172.0,119.0,160.0,56,895000000
yolo_final_open_v3,21,3.0,-30.0,2.999999999694019,-30.000000003373923,3.0443138168582293,-29.71935212317157,True,False,0.044313817164210345,0.280647880202352,6.008028984069824,0.9633147120475769,521.0,172.0,119.0,160.0,56,960000000
yolo_final_open_v3,21,3.0,-30.0,2.999999999694019,-30.000000003373923,3.0443138168582293,-29.71935212317157,True,False,0.044313817164210345,0.280647880202352,6.859694957733154,0.9633147120475769,521.0,172.0,119.0,160.0,57,25000000
yolo_final_open_v3,21,3.0,-30.0,2.999999999694019,-30.000000003373923,3.0443138168582293,-29.71935212317157,True,False,0.044313817164210345,0.280647880202352,5.50938081741333,0.9633147120475769,521.0,172.0,119.0,160.0,57,95000000
yolo_final_open_v3,21,3.0,-30.0,2.999999999694019,-30.000000003373923,3.0443138168582293,-29.71935212317157,True,False,0.044313817164210345,0.280647880202352,5.50938081741333,0.9633147120475769,521.0,172.0,119.0,160.0,57,160000000
yolo_final_open_v3,21,3.0,-30.0,2.999999999694019,-30.000000003373923,3.0443138168582293,-29.71935212317157,True,False,0.044313817164210345,0.280647880202352,5.463627815246582,0.9633147120475769,521.0,172.0,119.0,160.0,57,225000000
yolo_final_open_v3,21,3.0,-30.0,2.999999999694019,-30.000000003373923,3.0443138168582293,-29.71935212317157,True,False,0.044313817164210345,0.280647880202352,7.636346817016602,0.9633147120475769,521.0,172.0,119.0,160.0,57,290000000
yolo_final_open_v3,21,3.0,-30.0,2.999999999694019,-30.000000003373923,3.0443138168582293,-29.71935212317157,True,False,0.044313817164210345,0.280647880202352,7.2427520751953125,0.9633147120475769,521.0,172.0,119.0,160.0,57,355000000
yolo_final_open_v3,21,3.0,-30.0,2.999999999694019,-30.000000003373923,3.0443138168582293,-29.71935212317157,True,False,0.044313817164210345,0.280647880202352,7.573030948638916,0.9633147120475769,521.0,172.0,119.0,160.0,57,425000000
yolo_final_open_v3,21,3.0,-30.0,2.999999999694019,-30.000000003373923,3.0443138168582293,-29.71935212317157,True,False,0.044313817164210345,0.280647880202352,7.573030948638916,0.9633147120475769,521.0,172.0,119.0,160.0,57,490000000
yolo_final_open_v3,21,3.0,-30.0,2.999999999694019,-30.000000003373923,3.0443138168582293,-29.71935212317157,True,False,0.044313817164210345,0.280647880202352,7.674280166625977,0.9633147120475769,521.0,172.0,119.0,160.0,57,555000000
yolo_final_open_v3,21,3.0,-30.0,2.999999999694019,-30.000000003373923,3.0443138168582293,-29.71935212317157,True,False,0.044313817164210345,0.280647880202352,6.766931056976318,0.9633147120475769,521.0,172.0,119.0,160.0,57,620000000
yolo_final_open_v3,21,3.0,-30.0,2.999999999694019,-30.000000003373923,3.0443138168582293,-29.71935212317157,True,False,0.044313817164210345,0.280647880202352,5.864633083343506,0.9633147120475769,521.0,172.0,119.0,160.0,57,685000000
yolo_final_open_v3,21,3.0,-30.0,2.999999999694019,-30.000000003373923,3.0443138168582293,-29.71935212317157,True,False,0.044313817164210345,0.280647880202352,5.513615131378174,0.9633147120475769,521.0,172.0,119.0,160.0,57,820000000
yolo_final_open_v3,21,3.0,-30.0,2.999999999694019,-30.000000003373923,3.0443138168582293,-29.71935212317157,True,False,0.044313817164210345,0.280647880202352,5.513615131378174,0.9633147120475769,521.0,172.0,119.0,160.0,57,885000000
yolo_final_open_v3,21,3.0,-30.0,2.999999999694019,-30.000000003373923,3.0443138168582293,-29.71935212317157,True,False,0.044313817164210345,0.280647880202352,5.522957801818848,0.9633147120475769,521.0,172.0,119.0,160.0,57,950000000
yolo_final_open_v3,21,3.0,-30.0,2.999999999694019,-30.000000003373923,3.0443138168582293,-29.71935212317157,True,False,0.044313817164210345,0.280647880202352,8.137828826904297,0.9633147120475769,521.0,172.0,119.0,160.0,58,85000000
yolo_final_open_v3,22,3.0,-20.0,2.9999999996717124,-20.000000002749367,3.032124548840143,-20.098568331919612,True,True,0.03212454916843077,-0.09856832917024505,5.2609148025512695,0.9633147120475769,521.0,172.0,119.0,160.0,58,545000000
yolo_final_open_v3,22,3.0,-20.0,2.9999999996717124,-20.000000002749367,3.032124548840143,-20.098568331919612,True,True,0.03212454916843077,-0.09856832917024505,7.582498073577881,0.9647210240364075,429.0,176.0,116.0,148.0,58,610000000
yolo_final_open_v3,22,3.0,-20.0,2.9999999996717124,-20.000000002749367,3.032124548840143,-20.098568331919612,True,True,0.03212454916843077,-0.09856832917024505,5.954945087432861,0.9647210240364075,429.0,176.0,116.0,148.0,58,675000000
yolo_final_open_v3,22,3.0,-20.0,2.9999999996717124,-20.000000002749367,3.032124548840143,-20.098568331919612,True,True,0.03212454916843077,-0.09856832917024505,5.862696170806885,0.9647210240364075,429.0,176.0,116.0,148.0,58,745000000
yolo_final_open_v3,22,3.0,-20.0,2.9999999996717124,-20.000000002749367,3.032124548840143,-20.098568331919612,True,True,0.03212454916843077,-0.09856832917024505,5.275783061981201,0.9647210240364075,429.0,176.0,116.0,148.0,58,810000000
yolo_final_open_v3,22,3.0,-20.0,2.9999999996717124,-20.000000002749367,3.032124548840143,-20.098568331919612,True,True,0.03212454916843077,-0.09856832917024505,5.275783061981201,0.9647210240364075,429.0,176.0,116.0,148.0,58,940000000
yolo_final_open_v3,22,3.0,-20.0,2.9999999996717124,-20.000000002749367,3.032124548840143,-20.098568331919612,True,True,0.03212454916843077,-0.09856832917024505,8.559547424316406,0.9647210240364075,429.0,176.0,116.0,148.0,59,75000000
yolo_final_open_v3,22,3.0,-20.0,2.9999999996717124,-20.000000002749367,3.032124548840143,-20.098568331919612,True,True,0.03212454916843077,-0.09856832917024505,6.30548620223999,0.9647210240364075,429.0,176.0,116.0,148.0,59,205000000
yolo_final_open_v3,22,3.0,-20.0,2.9999999996717124,-20.000000002749367,3.032124548840143,-20.098568331919612,True,True,0.03212454916843077,-0.09856832917024505,6.30548620223999,0.9647210240364075,429.0,176.0,116.0,148.0,59,335000000
yolo_final_open_v3,22,3.0,-20.0,2.9999999996717124,-20.000000002749367,3.032124548840143,-20.098568331919612,True,True,0.03212454916843077,-0.09856832917024505,5.245666027069092,0.9647210240364075,429.0,176.0,116.0,148.0,59,470000000
yolo_final_open_v3,22,3.0,-20.0,2.9999999996717124,-20.000000002749367,3.032124548840143,-20.098568331919612,True,True,0.03212454916843077,-0.09856832917024505,5.245666027069092,0.9647210240364075,429.0,176.0,116.0,148.0,59,535000000
yolo_final_open_v3,22,3.0,-20.0,2.9999999996717124,-20.000000002749367,3.032124548840143,-20.098568331919612,True,True,0.03212454916843077,-0.09856832917024505,5.496822834014893,0.9647210240364075,429.0,176.0,116.0,148.0,59,600000000
yolo_final_open_v3,22,3.0,-20.0,2.9999999996717124,-20.000000002749367,3.032124548840143,-20.098568331919612,True,True,0.03212454916843077,-0.09856832917024505,5.992487907409668,0.9647210240364075,429.0,176.0,116.0,148.0,59,665000000
yolo_final_open_v3,22,3.0,-20.0,2.9999999996717124,-20.000000002749367,3.032124548840143,-20.098568331919612,True,True,0.03212454916843077,-0.09856832917024505,7.749271869659424,0.9647210240364075,429.0,176.0,116.0,148.0,59,735000000
yolo_final_open_v3,22,3.0,-20.0,2.9999999996717124,-20.000000002749367,3.032124548840143,-20.098568331919612,True,True,0.03212454916843077,-0.09856832917024505,7.749271869659424,0.9647210240364075,429.0,176.0,116.0,148.0,59,800000000
yolo_final_open_v3,22,3.0,-20.0,2.9999999996717124,-20.000000002749367,3.032124548840143,-20.098568331919612,True,True,0.03212454916843077,-0.09856832917024505,5.472549915313721,0.9647210240364075,429.0,176.0,116.0,148.0,59,865000000
yolo_final_open_v3,22,3.0,-20.0,2.9999999996717124,-20.000000002749367,3.032124548840143,-20.098568331919612,True,True,0.03212454916843077,-0.09856832917024505,7.250968933105469,0.9647210240364075,429.0,176.0,116.0,148.0,59,930000000
yolo_final_open_v3,22,3.0,-20.0,2.9999999996717124,-20.000000002749367,3.032124548840143,-20.098568331919612,True,True,0.03212454916843077,-0.09856832917024505,7.216508865356445,0.9647210240364075,429.0,176.0,116.0,148.0,59,995000000
yolo_final_open_v3,22,3.0,-20.0,2.9999999996717124,-20.000000002749367,3.032124548840143,-20.098568331919612,True,True,0.03212454916843077,-0.09856832917024505,7.216508865356445,0.9647210240364075,429.0,176.0,116.0,148.0,60,195000000
yolo_final_open_v3,22,3.0,-20.0,2.9999999996717124,-20.000000002749367,3.032124548840143,-20.098568331919612,True,True,0.03212454916843077,-0.09856832917024505,5.24027681350708,0.9647210240364075,429.0,176.0,116.0,148.0,60,260000000
yolo_final_open_v3,22,3.0,-20.0,2.9999999996717124,-20.000000002749367,3.032124548840143,-20.098568331919612,True,True,0.03212454916843077,-0.09856832917024505,5.398714065551758,0.9647210240364075,429.0,176.0,116.0,148.0,60,325000000
yolo_final_open_v3,22,3.0,-20.0,2.9999999996717124,-20.000000002749367,3.032124548840143,-20.098568331919612,True,True,0.03212454916843077,-0.09856832917024505,7.150137901306152,0.9647210240364075,429.0,176.0,116.0,148.0,60,395000000
yolo_final_open_v3,22,3.0,-20.0,2.9999999996717124,-20.000000002749367,3.032124548840143,-20.098568331919612,True,True,0.03212454916843077,-0.09856832917024505,7.150137901306152,0.9647210240364075,429.0,176.0,116.0,148.0,60,460000000
yolo_final_open_v3,22,3.0,-20.0,2.9999999996717124,-20.000000002749367,3.032124548840143,-20.098568331919612,True,True,0.03212454916843077,-0.09856832917024505,6.574183940887451,0.9647210240364075,429.0,176.0,116.0,148.0,60,525000000
yolo_final_open_v3,22,3.0,-20.0,2.9999999996717124,-20.000000002749367,3.032124548840143,-20.098568331919612,True,True,0.03212454916843077,-0.09856832917024505,6.574183940887451,0.9647210240364075,429.0,176.0,116.0,148.0,60,590000000
yolo_final_open_v3,22,3.0,-20.0,2.9999999996717124,-20.000000002749367,3.032124548840143,-20.098568331919612,True,True,0.03212454916843077,-0.09856832917024505,5.353288173675537,0.9647210240364075,429.0,176.0,116.0,148.0,60,655000000
yolo_final_open_v3,22,3.0,-20.0,2.9999999996717124,-20.000000002749367,3.032124548840143,-20.098568331919612,True,True,0.03212454916843077,-0.09856832917024505,6.791670799255371,0.9647210240364075,429.0,176.0,116.0,148.0,60,725000000
yolo_final_open_v3,22,3.0,-20.0,2.9999999996717124,-20.000000002749367,3.032124548840143,-20.098568331919612,True,True,0.03212454916843077,-0.09856832917024505,5.205244064331055,0.9647210240364075,429.0,176.0,116.0,148.0,60,855000000
yolo_final_open_v3,22,3.0,-20.0,2.9999999996717124,-20.000000002749367,3.032124548840143,-20.098568331919612,True,True,0.03212454916843077,-0.09856832917024505,5.276917934417725,0.9647210240364075,429.0,176.0,116.0,148.0,60,920000000
yolo_final_open_v3,22,3.0,-20.0,2.9999999996717124,-20.000000002749367,3.032124548840143,-20.098568331919612,True,True,0.03212454916843077,-0.09856832917024505,6.57875394821167,0.9647210240364075,429.0,176.0,116.0,148.0,60,985000000
yolo_final_open_v3,23,3.0,-10.0,2.9999999999637947,-10.000000000106583,3.03955975914976,-10.084737562121248,True,True,0.039559759185965326,-0.08473756201466465,5.70717716217041,0.9647210240364075,429.0,176.0,116.0,148.0,61,450000000
yolo_final_open_v3,23,3.0,-10.0,2.9999999999637947,-10.000000000106583,3.03955975914976,-10.084737562121248,True,True,0.039559759185965326,-0.08473756201466465,7.855025768280029,0.9665272831916809,346.0,179.0,110.0,141.0,61,515000000
yolo_final_open_v3,23,3.0,-10.0,2.9999999999637947,-10.000000000106583,3.03955975914976,-10.084737562121248,True,True,0.039559759185965326,-0.08473756201466465,5.497241020202637,0.9665272831916809,346.0,179.0,110.0,141.0,61,580000000
yolo_final_open_v3,23,3.0,-10.0,2.9999999999637947,-10.000000000106583,3.03955975914976,-10.084737562121248,True,True,0.039559759185965326,-0.08473756201466465,17.846885681152344,0.9665272831916809,346.0,179.0,110.0,141.0,61,645000000
yolo_final_open_v3,23,3.0,-10.0,2.9999999999637947,-10.000000000106583,3.03955975914976,-10.084737562121248,True,True,0.039559759185965326,-0.08473756201466465,5.4125518798828125,0.9665272831916809,346.0,179.0,110.0,141.0,61,715000000
yolo_final_open_v3,23,3.0,-10.0,2.9999999999637947,-10.000000000106583,3.03955975914976,-10.084737562121248,True,True,0.039559759185965326,-0.08473756201466465,5.4125518798828125,0.9665272831916809,346.0,179.0,110.0,141.0,61,780000000
yolo_final_open_v3,23,3.0,-10.0,2.9999999999637947,-10.000000000106583,3.03955975914976,-10.084737562121248,True,True,0.039559759185965326,-0.08473756201466465,5.331405162811279,0.9665272831916809,346.0,179.0,110.0,141.0,61,845000000
yolo_final_open_v3,23,3.0,-10.0,2.9999999999637947,-10.000000000106583,3.03955975914976,-10.084737562121248,True,True,0.039559759185965326,-0.08473756201466465,9.360983848571777,0.9665272831916809,346.0,179.0,110.0,141.0,61,975000000
yolo_final_open_v3,23,3.0,-10.0,2.9999999999637947,-10.000000000106583,3.03955975914976,-10.084737562121248,True,True,0.039559759185965326,-0.08473756201466465,9.360983848571777,0.9665272831916809,346.0,179.0,110.0,141.0,62,45000000
yolo_final_open_v3,23,3.0,-10.0,2.9999999999637947,-10.000000000106583,3.03955975914976,-10.084737562121248,True,True,0.039559759185965326,-0.08473756201466465,5.4662089347839355,0.9665272831916809,346.0,179.0,110.0,141.0,62,175000000
yolo_final_open_v3,23,3.0,-10.0,2.9999999999637947,-10.000000000106583,3.03955975914976,-10.084737562121248,True,True,0.039559759185965326,-0.08473756201466465,6.341744899749756,0.9665272831916809,346.0,179.0,110.0,141.0,62,240000000
yolo_final_open_v3,23,3.0,-10.0,2.9999999999637947,-10.000000000106583,3.03955975914976,-10.084737562121248,True,True,0.039559759185965326,-0.08473756201466465,9.568385124206543,0.9665272831916809,346.0,179.0,110.0,141.0,62,305000000
yolo_final_open_v3,23,3.0,-10.0,2.9999999999637947,-10.000000000106583,3.03955975914976,-10.084737562121248,True,True,0.039559759185965326,-0.08473756201466465,5.2238569259643555,0.9665272831916809,346.0,179.0,110.0,141.0,62,375000000
yolo_final_open_v3,23,3.0,-10.0,2.9999999999637947,-10.000000000106583,3.03955975914976,-10.084737562121248,True,True,0.039559759185965326,-0.08473756201466465,5.287589073181152,0.9665272831916809,346.0,179.0,110.0,141.0,62,440000000
yolo_final_open_v3,23,3.0,-10.0,2.9999999999637947,-10.000000000106583,3.03955975914976,-10.084737562121248,True,True,0.039559759185965326,-0.08473756201466465,5.287589073181152,0.9665272831916809,346.0,179.0,110.0,141.0,62,505000000
yolo_final_open_v3,23,3.0,-10.0,2.9999999999637947,-10.000000000106583,3.03955975914976,-10.084737562121248,True,True,0.039559759185965326,-0.08473756201466465,7.191143989562988,0.9665272831916809,346.0,179.0,110.0,141.0,62,570000000
yolo_final_open_v3,23,3.0,-10.0,2.9999999999637947,-10.000000000106583,3.03955975914976,-10.084737562121248,True,True,0.039559759185965326,-0.08473756201466465,7.083456039428711,0.9665272831916809,346.0,179.0,110.0,141.0,62,635000000
yolo_final_open_v3,23,3.0,-10.0,2.9999999999637947,-10.000000000106583,3.03955975914976,-10.084737562121248,True,True,0.039559759185965326,-0.08473756201466465,7.417619228363037,0.9665272831916809,346.0,179.0,110.0,141.0,62,705000000
yolo_final_open_v3,23,3.0,-10.0,2.9999999999637947,-10.000000000106583,3.03955975914976,-10.084737562121248,True,True,0.039559759185965326,-0.08473756201466465,7.143970012664795,0.9665272831916809,346.0,179.0,110.0,141.0,62,770000000
yolo_final_open_v3,23,3.0,-10.0,2.9999999999637947,-10.000000000106583,3.03955975914976,-10.084737562121248,True,True,0.039559759185965326,-0.08473756201466465,7.24127721786499,0.9665272831916809,346.0,179.0,110.0,141.0,62,835000000
yolo_final_open_v3,23,3.0,-10.0,2.9999999999637947,-10.000000000106583,3.03955975914976,-10.084737562121248,True,True,0.039559759185965326,-0.08473756201466465,5.421012878417969,0.9665272831916809,346.0,179.0,110.0,141.0,62,900000000
yolo_final_open_v3,23,3.0,-10.0,2.9999999999637947,-10.000000000106583,3.03955975914976,-10.084737562121248,True,True,0.039559759185965326,-0.08473756201466465,5.133916854858398,0.9665272831916809,346.0,179.0,110.0,141.0,62,965000000
yolo_final_open_v3,23,3.0,-10.0,2.9999999999637947,-10.000000000106583,3.03955975914976,-10.084737562121248,True,True,0.039559759185965326,-0.08473756201466465,7.085574150085449,0.9665272831916809,346.0,179.0,110.0,141.0,63,35000000
yolo_final_open_v3,23,3.0,-10.0,2.9999999999637947,-10.000000000106583,3.03955975914976,-10.084737562121248,True,True,0.039559759185965326,-0.08473756201466465,7.085574150085449,0.9665272831916809,346.0,179.0,110.0,141.0,63,100000000
yolo_final_open_v3,23,3.0,-10.0,2.9999999999637947,-10.000000000106583,3.03955975914976,-10.084737562121248,True,True,0.039559759185965326,-0.08473756201466465,5.10994291305542,0.9665272831916809,346.0,179.0,110.0,141.0,63,165000000
yolo_final_open_v3,23,3.0,-10.0,2.9999999999637947,-10.000000000106583,3.03955975914976,-10.084737562121248,True,True,0.039559759185965326,-0.08473756201466465,5.10994291305542,0.9665272831916809,346.0,179.0,110.0,141.0,63,230000000
yolo_final_open_v3,23,3.0,-10.0,2.9999999999637947,-10.000000000106583,3.03955975914976,-10.084737562121248,True,True,0.039559759185965326,-0.08473756201466465,5.205571174621582,0.9665272831916809,346.0,179.0,110.0,141.0,63,295000000
yolo_final_open_v3,23,3.0,-10.0,2.9999999999637947,-10.000000000106583,3.03955975914976,-10.084737562121248,True,True,0.039559759185965326,-0.08473756201466465,5.133097171783447,0.9665272831916809,346.0,179.0,110.0,141.0,63,365000000
yolo_final_open_v3,23,3.0,-10.0,2.9999999999637947,-10.000000000106583,3.03955975914976,-10.084737562121248,True,True,0.039559759185965326,-0.08473756201466465,5.133097171783447,0.9665272831916809,346.0,179.0,110.0,141.0,63,430000000
yolo_final_open_v3,23,3.0,-10.0,2.9999999999637947,-10.000000000106583,3.03955975914976,-10.084737562121248,True,True,0.039559759185965326,-0.08473756201466465,5.209702014923096,0.9665272831916809,346.0,179.0,110.0,141.0,63,495000000
yolo_final_open_v3,24,3.0,0.0,3.0,0.0,3.042090297911705,-0.01708326789467369,True,True,0.042090297911705044,-0.01708326789467369,5.3296990394592285,0.96701580286026,266.0,181.0,108.0,139.0,64,420000000
yolo_final_open_v3,24,3.0,0.0,3.0,0.0,3.042090297911705,-0.01708326789467369,True,True,0.042090297911705044,-0.01708326789467369,5.601082801818848,0.96701580286026,266.0,181.0,108.0,139.0,64,485000000
yolo_final_open_v3,24,3.0,0.0,3.0,0.0,3.042090297911705,-0.01708326789467369,True,True,0.042090297911705044,-0.01708326789467369,5.601082801818848,0.96701580286026,266.0,181.0,108.0,139.0,64,550000000
yolo_final_open_v3,24,3.0,0.0,3.0,0.0,3.042090297911705,-0.01708326789467369,True,True,0.042090297911705044,-0.01708326789467369,9.438039779663086,0.96701580286026,266.0,181.0,108.0,139.0,64,615000000
yolo_final_open_v3,24,3.0,0.0,3.0,0.0,3.042090297911705,-0.01708326789467369,True,True,0.042090297911705044,-0.01708326789467369,5.521391868591309,0.96701580286026,266.0,181.0,108.0,139.0,64,685000000
yolo_final_open_v3,24,3.0,0.0,3.0,0.0,3.042090297911705,-0.01708326789467369,True,True,0.042090297911705044,-0.01708326789467369,5.355620861053467,0.96701580286026,266.0,181.0,108.0,139.0,64,750000000
yolo_final_open_v3,24,3.0,0.0,3.0,0.0,3.042090297911705,-0.01708326789467369,True,True,0.042090297911705044,-0.01708326789467369,5.355620861053467,0.96701580286026,266.0,181.0,108.0,139.0,64,880000000
yolo_final_open_v3,24,3.0,0.0,3.0,0.0,3.042090297911705,-0.01708326789467369,True,True,0.042090297911705044,-0.01708326789467369,8.513331413269043,0.96701580286026,266.0,181.0,108.0,139.0,64,945000000
yolo_final_open_v3,24,3.0,0.0,3.0,0.0,3.042090297911705,-0.01708326789467369,True,True,0.042090297911705044,-0.01708326789467369,6.9703779220581055,0.96701580286026,266.0,181.0,108.0,139.0,65,15000000
yolo_final_open_v3,24,3.0,0.0,3.0,0.0,3.042090297911705,-0.01708326789467369,True,True,0.042090297911705044,-0.01708326789467369,7.341370105743408,0.96701580286026,266.0,181.0,108.0,139.0,65,80000000
yolo_final_open_v3,24,3.0,0.0,3.0,0.0,3.042090297911705,-0.01708326789467369,True,True,0.042090297911705044,-0.01708326789467369,7.941327095031738,0.96701580286026,266.0,181.0,108.0,139.0,65,210000000
yolo_final_open_v3,24,3.0,0.0,3.0,0.0,3.042090297911705,-0.01708326789467369,True,True,0.042090297911705044,-0.01708326789467369,7.588868141174316,0.96701580286026,266.0,181.0,108.0,139.0,65,345000000
yolo_final_open_v3,24,3.0,0.0,3.0,0.0,3.042090297911705,-0.01708326789467369,True,True,0.042090297911705044,-0.01708326789467369,5.362565040588379,0.96701580286026,266.0,181.0,108.0,139.0,65,410000000
yolo_final_open_v3,24,3.0,0.0,3.0,0.0,3.042090297911705,-0.01708326789467369,True,True,0.042090297911705044,-0.01708326789467369,5.351603031158447,0.96701580286026,266.0,181.0,108.0,139.0,65,475000000
yolo_final_open_v3,24,3.0,0.0,3.0,0.0,3.042090297911705,-0.01708326789467369,True,True,0.042090297911705044,-0.01708326789467369,5.290913105010986,0.96701580286026,266.0,181.0,108.0,139.0,65,540000000
yolo_final_open_v3,24,3.0,0.0,3.0,0.0,3.042090297911705,-0.01708326789467369,True,True,0.042090297911705044,-0.01708326789467369,5.533610820770264,0.96701580286026,266.0,181.0,108.0,139.0,65,675000000
yolo_final_open_v3,24,3.0,0.0,3.0,0.0,3.042090297911705,-0.01708326789467369,True,True,0.042090297911705044,-0.01708326789467369,5.207993984222412,0.96701580286026,266.0,181.0,108.0,139.0,65,805000000
yolo_final_open_v3,24,3.0,0.0,3.0,0.0,3.042090297911705,-0.01708326789467369,True,True,0.042090297911705044,-0.01708326789467369,5.207993984222412,0.96701580286026,266.0,181.0,108.0,139.0,65,870000000
yolo_final_open_v3,24,3.0,0.0,3.0,0.0,3.042090297911705,-0.01708326789467369,True,True,0.042090297911705044,-0.01708326789467369,6.165000915527344,0.96701580286026,266.0,181.0,108.0,139.0,66,5000000
yolo_final_open_v3,24,3.0,0.0,3.0,0.0,3.042090297911705,-0.01708326789467369,True,True,0.042090297911705044,-0.01708326789467369,6.165000915527344,0.96701580286026,266.0,181.0,108.0,139.0,66,70000000
yolo_final_open_v3,24,3.0,0.0,3.0,0.0,3.042090297911705,-0.01708326789467369,True,True,0.042090297911705044,-0.01708326789467369,5.397554874420166,0.96701580286026,266.0,181.0,108.0,139.0,66,200000000
yolo_final_open_v3,24,3.0,0.0,3.0,0.0,3.042090297911705,-0.01708326789467369,True,True,0.042090297911705044,-0.01708326789467369,5.397554874420166,0.96701580286026,266.0,181.0,108.0,139.0,66,265000000
yolo_final_open_v3,24,3.0,0.0,3.0,0.0,3.042090297911705,-0.01708326789467369,True,True,0.042090297911705044,-0.01708326789467369,6.208061218261719,0.96701580286026,266.0,181.0,108.0,139.0,66,335000000
yolo_final_open_v3,24,3.0,0.0,3.0,0.0,3.042090297911705,-0.01708326789467369,True,True,0.042090297911705044,-0.01708326789467369,5.279070854187012,0.96701580286026,266.0,181.0,108.0,139.0,66,400000000
yolo_final_open_v3,24,3.0,0.0,3.0,0.0,3.042090297911705,-0.01708326789467369,True,True,0.042090297911705044,-0.01708326789467369,7.437672138214111,0.96701580286026,266.0,181.0,108.0,139.0,66,465000000
yolo_final_open_v3,24,3.0,0.0,3.0,0.0,3.042090297911705,-0.01708326789467369,True,True,0.042090297911705044,-0.01708326789467369,7.6865458488464355,0.96701580286026,266.0,181.0,108.0,139.0,66,530000000
yolo_final_open_v3,24,3.0,0.0,3.0,0.0,3.042090297911705,-0.01708326789467369,True,True,0.042090297911705044,-0.01708326789467369,7.088126182556152,0.96701580286026,266.0,181.0,108.0,139.0,66,595000000
yolo_final_open_v3,24,3.0,0.0,3.0,0.0,3.042090297911705,-0.01708326789467369,True,True,0.042090297911705044,-0.01708326789467369,7.179708957672119,0.96701580286026,266.0,181.0,108.0,139.0,66,665000000
yolo_final_open_v3,24,3.0,0.0,3.0,0.0,3.042090297911705,-0.01708326789467369,True,True,0.042090297911705044,-0.01708326789467369,7.162290096282959,0.96701580286026,266.0,181.0,108.0,139.0,66,730000000
yolo_final_open_v3,24,3.0,0.0,3.0,0.0,3.042090297911705,-0.01708326789467369,True,True,0.042090297911705044,-0.01708326789467369,5.909081935882568,0.96701580286026,266.0,181.0,108.0,139.0,66,795000000
yolo_final_open_v3,25,3.0,10.0,2.9999999999637947,10.000000000106583,3.0647043201221154,10.092981852411107,True,True,0.06470432015832062,0.09298185230452383,5.195097923278809,0.96701580286026,266.0,181.0,108.0,139.0,67,255000000
yolo_final_open_v3,25,3.0,10.0,2.9999999999637947,10.000000000106583,3.0647043201221154,10.092981852411107,True,True,0.06470432015832062,0.09298185230452383,5.543083190917969,0.972176194190979,183.0,180.0,111.0,140.0,67,325000000
yolo_final_open_v3,25,3.0,10.0,2.9999999999637947,10.000000000106583,3.0647043201221154,10.092981852411107,True,True,0.06470432015832062,0.09298185230452383,5.543083190917969,0.972176194190979,183.0,180.0,111.0,140.0,67,390000000
yolo_final_open_v3,25,3.0,10.0,2.9999999999637947,10.000000000106583,3.0647043201221154,10.092981852411107,True,True,0.06470432015832062,0.09298185230452383,8.376412391662598,0.972176194190979,183.0,180.0,111.0,140.0,67,455000000
yolo_final_open_v3,25,3.0,10.0,2.9999999999637947,10.000000000106583,3.0647043201221154,10.092981852411107,True,True,0.06470432015832062,0.09298185230452383,8.376412391662598,0.972176194190979,183.0,180.0,111.0,140.0,67,520000000
yolo_final_open_v3,25,3.0,10.0,2.9999999999637947,10.000000000106583,3.0647043201221154,10.092981852411107,True,True,0.06470432015832062,0.09298185230452383,8.494165420532227,0.972176194190979,183.0,180.0,111.0,140.0,67,585000000
yolo_final_open_v3,25,3.0,10.0,2.9999999999637947,10.000000000106583,3.0647043201221154,10.092981852411107,True,True,0.06470432015832062,0.09298185230452383,8.494165420532227,0.972176194190979,183.0,180.0,111.0,140.0,67,655000000
yolo_final_open_v3,25,3.0,10.0,2.9999999999637947,10.000000000106583,3.0647043201221154,10.092981852411107,True,True,0.06470432015832062,0.09298185230452383,5.411317825317383,0.972176194190979,183.0,180.0,111.0,140.0,67,720000000
yolo_final_open_v3,25,3.0,10.0,2.9999999999637947,10.000000000106583,3.0647043201221154,10.092981852411107,True,True,0.06470432015832062,0.09298185230452383,8.511958122253418,0.972176194190979,183.0,180.0,111.0,140.0,67,785000000
yolo_final_open_v3,25,3.0,10.0,2.9999999999637947,10.000000000106583,3.0647043201221154,10.092981852411107,True,True,0.06470432015832062,0.09298185230452383,8.511958122253418,0.972176194190979,183.0,180.0,111.0,140.0,67,850000000
yolo_final_open_v3,25,3.0,10.0,2.9999999999637947,10.000000000106583,3.0647043201221154,10.092981852411107,True,True,0.06470432015832062,0.09298185230452383,6.980447769165039,0.972176194190979,183.0,180.0,111.0,140.0,67,915000000
yolo_final_open_v3,25,3.0,10.0,2.9999999999637947,10.000000000106583,3.0647043201221154,10.092981852411107,True,True,0.06470432015832062,0.09298185230452383,7.071918964385986,0.972176194190979,183.0,180.0,111.0,140.0,67,985000000
yolo_final_open_v3,25,3.0,10.0,2.9999999999637947,10.000000000106583,3.0647043201221154,10.092981852411107,True,True,0.06470432015832062,0.09298185230452383,6.996686935424805,0.972176194190979,183.0,180.0,111.0,140.0,68,50000000
yolo_final_open_v3,25,3.0,10.0,2.9999999999637947,10.000000000106583,3.0647043201221154,10.092981852411107,True,True,0.06470432015832062,0.09298185230452383,5.190359115600586,0.972176194190979,183.0,180.0,111.0,140.0,68,180000000
yolo_final_open_v3,25,3.0,10.0,2.9999999999637947,10.000000000106583,3.0647043201221154,10.092981852411107,True,True,0.06470432015832062,0.09298185230452383,5.636219024658203,0.972176194190979,183.0,180.0,111.0,140.0,68,245000000
yolo_final_open_v3,25,3.0,10.0,2.9999999999637947,10.000000000106583,3.0647043201221154,10.092981852411107,True,True,0.06470432015832062,0.09298185230452383,6.255527973175049,0.972176194190979,183.0,180.0,111.0,140.0,68,315000000
yolo_final_open_v3,25,3.0,10.0,2.9999999999637947,10.000000000106583,3.0647043201221154,10.092981852411107,True,True,0.06470432015832062,0.09298185230452383,5.254270076751709,0.972176194190979,183.0,180.0,111.0,140.0,68,380000000
yolo_final_open_v3,25,3.0,10.0,2.9999999999637947,10.000000000106583,3.0647043201221154,10.092981852411107,True,True,0.06470432015832062,0.09298185230452383,5.36216402053833,0.972176194190979,183.0,180.0,111.0,140.0,68,445000000
yolo_final_open_v3,25,3.0,10.0,2.9999999999637947,10.000000000106583,3.0647043201221154,10.092981852411107,True,True,0.06470432015832062,0.09298185230452383,5.264504909515381,0.972176194190979,183.0,180.0,111.0,140.0,68,510000000
yolo_final_open_v3,25,3.0,10.0,2.9999999999637947,10.000000000106583,3.0647043201221154,10.092981852411107,True,True,0.06470432015832062,0.09298185230452383,6.373179912567139,0.972176194190979,183.0,180.0,111.0,140.0,68,575000000
yolo_final_open_v3,25,3.0,10.0,2.9999999999637947,10.000000000106583,3.0647043201221154,10.092981852411107,True,True,0.06470432015832062,0.09298185230452383,6.373179912567139,0.972176194190979,183.0,180.0,111.0,140.0,68,645000000
yolo_final_open_v3,25,3.0,10.0,2.9999999999637947,10.000000000106583,3.0647043201221154,10.092981852411107,True,True,0.06470432015832062,0.09298185230452383,5.254354000091553,0.972176194190979,183.0,180.0,111.0,140.0,68,775000000
yolo_final_open_v3,25,3.0,10.0,2.9999999999637947,10.000000000106583,3.0647043201221154,10.092981852411107,True,True,0.06470432015832062,0.09298185230452383,5.29801082611084,0.972176194190979,183.0,180.0,111.0,140.0,68,840000000
yolo_final_open_v3,25,3.0,10.0,2.9999999999637947,10.000000000106583,3.0647043201221154,10.092981852411107,True,True,0.06470432015832062,0.09298185230452383,5.29801082611084,0.972176194190979,183.0,180.0,111.0,140.0,68,905000000
yolo_final_open_v3,25,3.0,10.0,2.9999999999637947,10.000000000106583,3.0647043201221154,10.092981852411107,True,True,0.06470432015832062,0.09298185230452383,5.416553974151611,0.972176194190979,183.0,180.0,111.0,140.0,68,975000000
yolo_final_open_v3,25,3.0,10.0,2.9999999999637947,10.000000000106583,3.0647043201221154,10.092981852411107,True,True,0.06470432015832062,0.09298185230452383,5.516784191131592,0.972176194190979,183.0,180.0,111.0,140.0,69,40000000
yolo_final_open_v3,25,3.0,10.0,2.9999999999637947,10.000000000106583,3.0647043201221154,10.092981852411107,True,True,0.06470432015832062,0.09298185230452383,5.516784191131592,0.972176194190979,183.0,180.0,111.0,140.0,69,105000000
yolo_final_open_v3,25,3.0,10.0,2.9999999999637947,10.000000000106583,3.0647043201221154,10.092981852411107,True,True,0.06470432015832062,0.09298185230452383,7.066775798797607,0.972176194190979,183.0,180.0,111.0,140.0,69,170000000
yolo_final_open_v3,25,3.0,10.0,2.9999999999637947,10.000000000106583,3.0647043201221154,10.092981852411107,True,True,0.06470432015832062,0.09298185230452383,8.674030303955078,0.972176194190979,183.0,180.0,111.0,140.0,69,235000000
yolo_final_open_v3,25,3.0,10.0,2.9999999999637947,10.000000000106583,3.0647043201221154,10.092981852411107,True,True,0.06470432015832062,0.09298185230452383,5.686605930328369,0.972176194190979,183.0,180.0,111.0,140.0,69,305000000
yolo_final_open_v3,26,3.0,20.0,2.9999999996717124,20.00000000274936,3.023091095608248,20.10554088574823,True,True,0.023091095936535577,0.10554088299886999,7.470178127288818,0.972176194190979,183.0,180.0,111.0,140.0,69,765000000
yolo_final_open_v3,26,3.0,20.0,2.9999999996717124,20.00000000274936,3.023091095608248,20.10554088574823,True,True,0.023091095936535577,0.10554088299886999,5.817111968994141,0.9665902853012085,92.0,177.0,120.0,149.0,69,830000000
yolo_final_open_v3,26,3.0,20.0,2.9999999996717124,20.00000000274936,3.023091095608248,20.10554088574823,True,True,0.023091095936535577,0.10554088299886999,8.08551025390625,0.9665902853012085,92.0,177.0,120.0,149.0,69,895000000
yolo_final_open_v3,26,3.0,20.0,2.9999999996717124,20.00000000274936,3.023091095608248,20.10554088574823,True,True,0.023091095936535577,0.10554088299886999,8.08551025390625,0.9665902853012085,92.0,177.0,120.0,149.0,69,965000000
yolo_final_open_v3,26,3.0,20.0,2.9999999996717124,20.00000000274936,3.023091095608248,20.10554088574823,True,True,0.023091095936535577,0.10554088299886999,5.618059158325195,0.9665902853012085,92.0,177.0,120.0,149.0,70,30000000
yolo_final_open_v3,26,3.0,20.0,2.9999999996717124,20.00000000274936,3.023091095608248,20.10554088574823,True,True,0.023091095936535577,0.10554088299886999,6.623165130615234,0.9665902853012085,92.0,177.0,120.0,149.0,70,95000000
yolo_final_open_v3,26,3.0,20.0,2.9999999996717124,20.00000000274936,3.023091095608248,20.10554088574823,True,True,0.023091095936535577,0.10554088299886999,7.609152793884277,0.9665902853012085,92.0,177.0,120.0,149.0,70,160000000
yolo_final_open_v3,26,3.0,20.0,2.9999999996717124,20.00000000274936,3.023091095608248,20.10554088574823,True,True,0.023091095936535577,0.10554088299886999,7.358828067779541,0.9665902853012085,92.0,177.0,120.0,149.0,70,225000000
yolo_final_open_v3,26,3.0,20.0,2.9999999996717124,20.00000000274936,3.023091095608248,20.10554088574823,True,True,0.023091095936535577,0.10554088299886999,6.361359119415283,0.9665902853012085,92.0,177.0,120.0,149.0,70,295000000
yolo_final_open_v3,26,3.0,20.0,2.9999999996717124,20.00000000274936,3.023091095608248,20.10554088574823,True,True,0.023091095936535577,0.10554088299886999,6.361359119415283,0.9665902853012085,92.0,177.0,120.0,149.0,70,360000000
yolo_final_open_v3,26,3.0,20.0,2.9999999996717124,20.00000000274936,3.023091095608248,20.10554088574823,True,True,0.023091095936535577,0.10554088299886999,7.105454921722412,0.9665902853012085,92.0,177.0,120.0,149.0,70,425000000
yolo_final_open_v3,26,3.0,20.0,2.9999999996717124,20.00000000274936,3.023091095608248,20.10554088574823,True,True,0.023091095936535577,0.10554088299886999,7.277499198913574,0.9665902853012085,92.0,177.0,120.0,149.0,70,490000000
yolo_final_open_v3,26,3.0,20.0,2.9999999996717124,20.00000000274936,3.023091095608248,20.10554088574823,True,True,0.023091095936535577,0.10554088299886999,5.221673011779785,0.9665902853012085,92.0,177.0,120.0,149.0,70,555000000
yolo_final_open_v3,26,3.0,20.0,2.9999999996717124,20.00000000274936,3.023091095608248,20.10554088574823,True,True,0.023091095936535577,0.10554088299886999,5.221673011779785,0.9665902853012085,92.0,177.0,120.0,149.0,70,625000000
yolo_final_open_v3,26,3.0,20.0,2.9999999996717124,20.00000000274936,3.023091095608248,20.10554088574823,True,True,0.023091095936535577,0.10554088299886999,9.497084617614746,0.9665902853012085,92.0,177.0,120.0,149.0,70,690000000
yolo_final_open_v3,26,3.0,20.0,2.9999999996717124,20.00000000274936,3.023091095608248,20.10554088574823,True,True,0.023091095936535577,0.10554088299886999,10.710915565490723,0.9665902853012085,92.0,177.0,120.0,149.0,70,755000000
yolo_final_open_v3,26,3.0,20.0,2.9999999996717124,20.00000000274936,3.023091095608248,20.10554088574823,True,True,0.023091095936535577,0.10554088299886999,7.042628765106201,0.9665902853012085,92.0,177.0,120.0,149.0,70,820000000
yolo_final_open_v3,26,3.0,20.0,2.9999999996717124,20.00000000274936,3.023091095608248,20.10554088574823,True,True,0.023091095936535577,0.10554088299886999,6.75863790512085,0.9665902853012085,92.0,177.0,120.0,149.0,71,20000000
yolo_final_open_v3,26,3.0,20.0,2.9999999996717124,20.00000000274936,3.023091095608248,20.10554088574823,True,True,0.023091095936535577,0.10554088299886999,6.75863790512085,0.9665902853012085,92.0,177.0,120.0,149.0,71,85000000
yolo_final_open_v3,26,3.0,20.0,2.9999999996717124,20.00000000274936,3.023091095608248,20.10554088574823,True,True,0.023091095936535577,0.10554088299886999,5.519717216491699,0.9665902853012085,92.0,177.0,120.0,149.0,71,150000000
yolo_final_open_v3,26,3.0,20.0,2.9999999996717124,20.00000000274936,3.023091095608248,20.10554088574823,True,True,0.023091095936535577,0.10554088299886999,5.872035026550293,0.9665902853012085,92.0,177.0,120.0,149.0,71,215000000
yolo_final_open_v3,26,3.0,20.0,2.9999999996717124,20.00000000274936,3.023091095608248,20.10554088574823,True,True,0.023091095936535577,0.10554088299886999,5.872035026550293,0.9665902853012085,92.0,177.0,120.0,149.0,71,285000000
yolo_final_open_v3,26,3.0,20.0,2.9999999996717124,20.00000000274936,3.023091095608248,20.10554088574823,True,True,0.023091095936535577,0.10554088299886999,5.208614826202393,0.9665902853012085,92.0,177.0,120.0,149.0,71,350000000
yolo_final_open_v3,26,3.0,20.0,2.9999999996717124,20.00000000274936,3.023091095608248,20.10554088574823,True,True,0.023091095936535577,0.10554088299886999,5.453733921051025,0.9665902853012085,92.0,177.0,120.0,149.0,71,415000000
yolo_final_open_v3,26,3.0,20.0,2.9999999996717124,20.00000000274936,3.023091095608248,20.10554088574823,True,True,0.023091095936535577,0.10554088299886999,7.5830769538879395,0.9665902853012085,92.0,177.0,120.0,149.0,71,480000000
yolo_final_open_v3,26,3.0,20.0,2.9999999996717124,20.00000000274936,3.023091095608248,20.10554088574823,True,True,0.023091095936535577,0.10554088299886999,6.467658996582031,0.9665902853012085,92.0,177.0,120.0,149.0,71,545000000
yolo_final_open_v3,26,3.0,20.0,2.9999999996717124,20.00000000274936,3.023091095608248,20.10554088574823,True,True,0.023091095936535577,0.10554088299886999,5.5885701179504395,0.9665902853012085,92.0,177.0,120.0,149.0,71,615000000
yolo_final_open_v3,26,3.0,20.0,2.9999999996717124,20.00000000274936,3.023091095608248,20.10554088574823,True,True,0.023091095936535577,0.10554088299886999,5.29371976852417,0.9665902853012085,92.0,177.0,120.0,149.0,71,680000000
yolo_final_open_v3,26,3.0,20.0,2.9999999996717124,20.00000000274936,3.023091095608248,20.10554088574823,True,True,0.023091095936535577,0.10554088299886999,6.679060935974121,0.9665902853012085,92.0,177.0,120.0,149.0,71,745000000
yolo_final_open_v3,26,3.0,20.0,2.9999999996717124,20.00000000274936,3.023091095608248,20.10554088574823,True,True,0.023091095936535577,0.10554088299886999,7.711665153503418,0.9665902853012085,92.0,177.0,120.0,149.0,71,810000000
yolo_final_open_v3,27,3.0,30.0,2.999999999694019,30.000000003373923,3.038431828791602,29.476321127726692,True,False,0.03843182909758314,-0.5236788756472315,5.326764106750488,0.9665902853012085,92.0,177.0,120.0,149.0,72,275000000
yolo_final_open_v3,27,3.0,30.0,2.999999999694019,30.000000003373923,3.038431828791602,29.476321127726692,True,False,0.03843182909758314,-0.5236788756472315,5.557092189788818,0.9705883860588074,0.0,172.0,122.0,159.0,72,340000000
yolo_final_open_v3,27,3.0,30.0,2.999999999694019,30.000000003373923,3.038431828791602,29.476321127726692,True,False,0.03843182909758314,-0.5236788756472315,5.515108108520508,0.9705883860588074,0.0,172.0,122.0,159.0,72,405000000
yolo_final_open_v3,27,3.0,30.0,2.999999999694019,30.000000003373923,3.038431828791602,29.476321127726692,True,False,0.03843182909758314,-0.5236788756472315,6.7443060874938965,0.9705883860588074,0.0,172.0,122.0,159.0,72,470000000
yolo_final_open_v3,27,3.0,30.0,2.999999999694019,30.000000003373923,3.038431828791602,29.476321127726692,True,False,0.03843182909758314,-0.5236788756472315,7.370156764984131,0.9705883860588074,0.0,172.0,122.0,159.0,72,535000000
yolo_final_open_v3,27,3.0,30.0,2.999999999694019,30.000000003373923,3.038431828791602,29.476321127726692,True,False,0.03843182909758314,-0.5236788756472315,9.100377082824707,0.9705883860588074,0.0,172.0,122.0,159.0,72,605000000
yolo_final_open_v3,27,3.0,30.0,2.999999999694019,30.000000003373923,3.038431828791602,29.476321127726692,True,False,0.03843182909758314,-0.5236788756472315,6.050323009490967,0.9705883860588074,0.0,172.0,122.0,159.0,72,670000000
yolo_final_open_v3,27,3.0,30.0,2.999999999694019,30.000000003373923,3.038431828791602,29.476321127726692,True,False,0.03843182909758314,-0.5236788756472315,7.587154865264893,0.9705883860588074,0.0,172.0,122.0,159.0,72,735000000
yolo_final_open_v3,27,3.0,30.0,2.999999999694019,30.000000003373923,3.038431828791602,29.476321127726692,True,False,0.03843182909758314,-0.5236788756472315,7.587154865264893,0.9705883860588074,0.0,172.0,122.0,159.0,72,865000000
yolo_final_open_v3,27,3.0,30.0,2.999999999694019,30.000000003373923,3.038431828791602,29.476321127726692,True,False,0.03843182909758314,-0.5236788756472315,7.1800031661987305,0.9705883860588074,0.0,172.0,122.0,159.0,72,935000000
yolo_final_open_v3,27,3.0,30.0,2.999999999694019,30.000000003373923,3.038431828791602,29.476321127726692,True,False,0.03843182909758314,-0.5236788756472315,7.333530902862549,0.9705883860588074,0.0,172.0,122.0,159.0,73,0
yolo_final_open_v3,27,3.0,30.0,2.999999999694019,30.000000003373923,3.038431828791602,29.476321127726692,True,False,0.03843182909758314,-0.5236788756472315,7.628979206085205,0.9705883860588074,0.0,172.0,122.0,159.0,73,65000000
yolo_final_open_v3,27,3.0,30.0,2.999999999694019,30.000000003373923,3.038431828791602,29.476321127726692,True,False,0.03843182909758314,-0.5236788756472315,5.497722148895264,0.9705883860588074,0.0,172.0,122.0,159.0,73,130000000
yolo_final_open_v3,27,3.0,30.0,2.999999999694019,30.000000003373923,3.038431828791602,29.476321127726692,True,False,0.03843182909758314,-0.5236788756472315,5.494288921356201,0.9705883860588074,0.0,172.0,122.0,159.0,73,195000000
yolo_final_open_v3,27,3.0,30.0,2.999999999694019,30.000000003373923,3.038431828791602,29.476321127726692,True,False,0.03843182909758314,-0.5236788756472315,6.796951770782471,0.9705883860588074,0.0,172.0,122.0,159.0,73,265000000
yolo_final_open_v3,27,3.0,30.0,2.999999999694019,30.000000003373923,3.038431828791602,29.476321127726692,True,False,0.03843182909758314,-0.5236788756472315,7.461871147155762,0.9705883860588074,0.0,172.0,122.0,159.0,73,330000000
yolo_final_open_v3,27,3.0,30.0,2.999999999694019,30.000000003373923,3.038431828791602,29.476321127726692,True,False,0.03843182909758314,-0.5236788756472315,6.138607025146484,0.9705883860588074,0.0,172.0,122.0,159.0,73,395000000
yolo_final_open_v3,27,3.0,30.0,2.999999999694019,30.000000003373923,3.038431828791602,29.476321127726692,True,False,0.03843182909758314,-0.5236788756472315,7.345520973205566,0.9705883860588074,0.0,172.0,122.0,159.0,73,460000000
yolo_final_open_v3,27,3.0,30.0,2.999999999694019,30.000000003373923,3.038431828791602,29.476321127726692,True,False,0.03843182909758314,-0.5236788756472315,5.269028186798096,0.9705883860588074,0.0,172.0,122.0,159.0,73,525000000
yolo_final_open_v3,27,3.0,30.0,2.999999999694019,30.000000003373923,3.038431828791602,29.476321127726692,True,False,0.03843182909758314,-0.5236788756472315,5.269028186798096,0.9705883860588074,0.0,172.0,122.0,159.0,73,595000000
yolo_final_open_v3,27,3.0,30.0,2.999999999694019,30.000000003373923,3.038431828791602,29.476321127726692,True,False,0.03843182909758314,-0.5236788756472315,10.818887710571289,0.9705883860588074,0.0,172.0,122.0,159.0,73,660000000
yolo_final_open_v3,27,3.0,30.0,2.999999999694019,30.000000003373923,3.038431828791602,29.476321127726692,True,False,0.03843182909758314,-0.5236788756472315,5.284536838531494,0.9705883860588074,0.0,172.0,122.0,159.0,73,790000000
yolo_final_open_v3,27,3.0,30.0,2.999999999694019,30.000000003373923,3.038431828791602,29.476321127726692,True,False,0.03843182909758314,-0.5236788756472315,5.5239129066467285,0.9705883860588074,0.0,172.0,122.0,159.0,73,855000000
yolo_final_open_v3,27,3.0,30.0,2.999999999694019,30.000000003373923,3.038431828791602,29.476321127726692,True,False,0.03843182909758314,-0.5236788756472315,11.612533569335938,0.9705883860588074,0.0,172.0,122.0,159.0,73,925000000
yolo_final_open_v3,27,3.0,30.0,2.999999999694019,30.000000003373923,3.038431828791602,29.476321127726692,True,False,0.03843182909758314,-0.5236788756472315,7.623680114746094,0.9705883860588074,0.0,172.0,122.0,159.0,74,185000000
yolo_final_open_v3,27,3.0,30.0,2.999999999694019,30.000000003373923,3.038431828791602,29.476321127726692,True,False,0.03843182909758314,-0.5236788756472315,7.623680114746094,0.9705883860588074,0.0,172.0,122.0,159.0,74,385000000
yolo_final_open_v3,27,3.0,30.0,2.999999999694019,30.000000003373923,3.038431828791602,29.476321127726692,True,False,0.03843182909758314,-0.5236788756472315,7.271047115325928,0.9705883860588074,0.0,172.0,122.0,159.0,74,450000000
yolo_final_open_v3,27,3.0,30.0,2.999999999694019,30.000000003373923,3.038431828791602,29.476321127726692,True,False,0.03843182909758314,-0.5236788756472315,7.020046234130859,0.9705883860588074,0.0,172.0,122.0,159.0,74,515000000
yolo_final_open_v3,27,3.0,30.0,2.999999999694019,30.000000003373923,3.038431828791602,29.476321127726692,True,False,0.03843182909758314,-0.5236788756472315,7.5277838706970215,0.9705883860588074,0.0,172.0,122.0,159.0,74,585000000
yolo_final_open_v3,27,3.0,30.0,2.999999999694019,30.000000003373923,3.038431828791602,29.476321127726692,True,False,0.03843182909758314,-0.5236788756472315,7.209062099456787,0.9705883860588074,0.0,172.0,122.0,159.0,74,650000000
yolo_final_open_v3,28,4.0,-30.0,3.9999999998807008,-30.0000000009866,4.011053978177829,-30.08634435080741,True,True,0.011053978297128175,-0.08634434982080919,5.875738143920898,0.9691346883773804,536.0,189.0,96.0,120.0,75,175000000
yolo_final_open_v3,28,4.0,-30.0,3.9999999998807008,-30.0000000009866,4.011053978177829,-30.08634435080741,True,True,0.011053978297128175,-0.08634434982080919,5.619336128234863,0.9691346883773804,536.0,189.0,96.0,120.0,75,245000000
yolo_final_open_v3,28,4.0,-30.0,3.9999999998807008,-30.0000000009866,4.011053978177829,-30.08634435080741,True,True,0.011053978297128175,-0.08634434982080919,5.850543975830078,0.9691346883773804,536.0,189.0,96.0,120.0,75,310000000
yolo_final_open_v3,28,4.0,-30.0,3.9999999998807008,-30.0000000009866,4.011053978177829,-30.08634435080741,True,True,0.011053978297128175,-0.08634434982080919,5.821874141693115,0.9691346883773804,536.0,189.0,96.0,120.0,75,375000000
yolo_final_open_v3,28,4.0,-30.0,3.9999999998807008,-30.0000000009866,4.011053978177829,-30.08634435080741,True,True,0.011053978297128175,-0.08634434982080919,5.821874141693115,0.9691346883773804,536.0,189.0,96.0,120.0,75,440000000
yolo_final_open_v3,28,4.0,-30.0,3.9999999998807008,-30.0000000009866,4.011053978177829,-30.08634435080741,True,True,0.011053978297128175,-0.08634434982080919,7.3926920890808105,0.9691346883773804,536.0,189.0,96.0,120.0,75,505000000
yolo_final_open_v3,28,4.0,-30.0,3.9999999998807008,-30.0000000009866,4.011053978177829,-30.08634435080741,True,True,0.011053978297128175,-0.08634434982080919,5.57311487197876,0.9691346883773804,536.0,189.0,96.0,120.0,75,575000000
yolo_final_open_v3,28,4.0,-30.0,3.9999999998807008,-30.0000000009866,4.011053978177829,-30.08634435080741,True,True,0.011053978297128175,-0.08634434982080919,7.426126003265381,0.9691346883773804,536.0,189.0,96.0,120.0,75,640000000
yolo_final_open_v3,28,4.0,-30.0,3.9999999998807008,-30.0000000009866,4.011053978177829,-30.08634435080741,True,True,0.011053978297128175,-0.08634434982080919,7.431153774261475,0.9691346883773804,536.0,189.0,96.0,120.0,75,705000000
yolo_final_open_v3,28,4.0,-30.0,3.9999999998807008,-30.0000000009866,4.011053978177829,-30.08634435080741,True,True,0.011053978297128175,-0.08634434982080919,7.431153774261475,0.9691346883773804,536.0,189.0,96.0,120.0,75,770000000
yolo_final_open_v3,28,4.0,-30.0,3.9999999998807008,-30.0000000009866,4.011053978177829,-30.08634435080741,True,True,0.011053978297128175,-0.08634434982080919,5.862974166870117,0.9691346883773804,536.0,189.0,96.0,120.0,75,835000000
yolo_final_open_v3,28,4.0,-30.0,3.9999999998807008,-30.0000000009866,4.011053978177829,-30.08634435080741,True,True,0.011053978297128175,-0.08634434982080919,7.256320953369141,0.9691346883773804,536.0,189.0,96.0,120.0,75,905000000
yolo_final_open_v3,28,4.0,-30.0,3.9999999998807008,-30.0000000009866,4.011053978177829,-30.08634435080741,True,True,0.011053978297128175,-0.08634434982080919,7.078945159912109,0.9691346883773804,536.0,189.0,96.0,120.0,75,970000000
yolo_final_open_v3,28,4.0,-30.0,3.9999999998807008,-30.0000000009866,4.011053978177829,-30.08634435080741,True,True,0.011053978297128175,-0.08634434982080919,7.671597003936768,0.9691346883773804,536.0,189.0,96.0,120.0,76,35000000
yolo_final_open_v3,28,4.0,-30.0,3.9999999998807008,-30.0000000009866,4.011053978177829,-30.08634435080741,True,True,0.011053978297128175,-0.08634434982080919,5.179724216461182,0.9691346883773804,536.0,189.0,96.0,120.0,76,100000000
yolo_final_open_v3,28,4.0,-30.0,3.9999999998807008,-30.0000000009866,4.011053978177829,-30.08634435080741,True,True,0.011053978297128175,-0.08634434982080919,5.281952857971191,0.9691346883773804,536.0,189.0,96.0,120.0,76,165000000
yolo_final_open_v3,28,4.0,-30.0,3.9999999998807008,-30.0000000009866,4.011053978177829,-30.08634435080741,True,True,0.011053978297128175,-0.08634434982080919,12.533048629760742,0.9691346883773804,536.0,189.0,96.0,120.0,76,235000000
yolo_final_open_v3,28,4.0,-30.0,3.9999999998807008,-30.0000000009866,4.011053978177829,-30.08634435080741,True,True,0.011053978297128175,-0.08634434982080919,5.187814235687256,0.9691346883773804,536.0,189.0,96.0,120.0,76,300000000
yolo_final_open_v3,28,4.0,-30.0,3.9999999998807008,-30.0000000009866,4.011053978177829,-30.08634435080741,True,True,0.011053978297128175,-0.08634434982080919,5.572635173797607,0.9691346883773804,536.0,189.0,96.0,120.0,76,365000000
yolo_final_open_v3,28,4.0,-30.0,3.9999999998807008,-30.0000000009866,4.011053978177829,-30.08634435080741,True,True,0.011053978297128175,-0.08634434982080919,5.229081153869629,0.9691346883773804,536.0,189.0,96.0,120.0,76,565000000
yolo_final_open_v3,28,4.0,-30.0,3.9999999998807008,-30.0000000009866,4.011053978177829,-30.08634435080741,True,True,0.011053978297128175,-0.08634434982080919,5.252020835876465,0.9691346883773804,536.0,189.0,96.0,120.0,76,630000000
yolo_final_open_v3,28,4.0,-30.0,3.9999999998807008,-30.0000000009866,4.011053978177829,-30.08634435080741,True,True,0.011053978297128175,-0.08634434982080919,5.4536237716674805,0.9691346883773804,536.0,189.0,96.0,120.0,76,695000000
yolo_final_open_v3,28,4.0,-30.0,3.9999999998807008,-30.0000000009866,4.011053978177829,-30.08634435080741,True,True,0.011053978297128175,-0.08634434982080919,5.8186211585998535,0.9691346883773804,536.0,189.0,96.0,120.0,76,760000000
yolo_final_open_v3,28,4.0,-30.0,3.9999999998807008,-30.0000000009866,4.011053978177829,-30.08634435080741,True,True,0.011053978297128175,-0.08634434982080919,8.384879112243652,0.9691346883773804,536.0,189.0,96.0,120.0,76,825000000
yolo_final_open_v3,28,4.0,-30.0,3.9999999998807008,-30.0000000009866,4.011053978177829,-30.08634435080741,True,True,0.011053978297128175,-0.08634434982080919,5.287680149078369,0.9691346883773804,536.0,189.0,96.0,120.0,76,895000000
yolo_final_open_v3,28,4.0,-30.0,3.9999999998807008,-30.0000000009866,4.011053978177829,-30.08634435080741,True,True,0.011053978297128175,-0.08634434982080919,5.287680149078369,0.9691346883773804,536.0,189.0,96.0,120.0,76,960000000
yolo_final_open_v3,28,4.0,-30.0,3.9999999998807008,-30.0000000009866,4.011053978177829,-30.08634435080741,True,True,0.011053978297128175,-0.08634434982080919,7.2042717933654785,0.9691346883773804,536.0,189.0,96.0,120.0,77,25000000
yolo_final_open_v3,28,4.0,-30.0,3.9999999998807008,-30.0000000009866,4.011053978177829,-30.08634435080741,True,True,0.011053978297128175,-0.08634434982080919,6.181674003601074,0.9691346883773804,536.0,189.0,96.0,120.0,77,90000000
yolo_final_open_v3,28,4.0,-30.0,3.9999999998807008,-30.0000000009866,4.011053978177829,-30.08634435080741,True,True,0.011053978297128175,-0.08634434982080919,7.987555027008057,0.9691346883773804,536.0,189.0,96.0,120.0,77,155000000
yolo_final_open_v3,28,4.0,-30.0,3.9999999998807008,-30.0000000009866,4.011053978177829,-30.08634435080741,True,True,0.011053978297128175,-0.08634434982080919,7.683043003082275,0.9691346883773804,536.0,189.0,96.0,120.0,77,225000000
yolo_final_open_v3,29,4.0,-20.0,3.999999999761507,-19.999999996629636,4.018571171008005,-20.084860974533612,True,True,0.018571171246497542,-0.08486097790397551,8.364073753356934,0.9691346883773804,536.0,189.0,96.0,120.0,77,685000000
yolo_final_open_v3,29,4.0,-20.0,3.999999999761507,-19.999999996629636,4.018571171008005,-20.084860974533612,True,True,0.018571171246497542,-0.08486097790397551,7.776370048522949,0.9633343815803528,443.0,193.0,88.0,111.0,77,750000000
yolo_final_open_v3,29,4.0,-20.0,3.999999999761507,-19.999999996629636,4.018571171008005,-20.084860974533612,True,True,0.018571171246497542,-0.08486097790397551,5.898528099060059,0.9633343815803528,443.0,193.0,88.0,111.0,77,815000000
yolo_final_open_v3,29,4.0,-20.0,3.999999999761507,-19.999999996629636,4.018571171008005,-20.084860974533612,True,True,0.018571171246497542,-0.08486097790397551,5.198554992675781,0.9633343815803528,443.0,193.0,88.0,111.0,77,885000000
yolo_final_open_v3,29,4.0,-20.0,3.999999999761507,-19.999999996629636,4.018571171008005,-20.084860974533612,True,True,0.018571171246497542,-0.08486097790397551,5.491100788116455,0.9633343815803528,443.0,193.0,88.0,111.0,77,950000000
yolo_final_open_v3,29,4.0,-20.0,3.999999999761507,-19.999999996629636,4.018571171008005,-20.084860974533612,True,True,0.018571171246497542,-0.08486097790397551,5.491100788116455,0.9633343815803528,443.0,193.0,88.0,111.0,78,15000000
yolo_final_open_v3,29,4.0,-20.0,3.999999999761507,-19.999999996629636,4.018571171008005,-20.084860974533612,True,True,0.018571171246497542,-0.08486097790397551,5.647705078125,0.9633343815803528,443.0,193.0,88.0,111.0,78,80000000
yolo_final_open_v3,29,4.0,-20.0,3.999999999761507,-19.999999996629636,4.018571171008005,-20.084860974533612,True,True,0.018571171246497542,-0.08486097790397551,11.302717208862305,0.9633343815803528,443.0,193.0,88.0,111.0,78,145000000
yolo_final_open_v3,29,4.0,-20.0,3.999999999761507,-19.999999996629636,4.018571171008005,-20.084860974533612,True,True,0.018571171246497542,-0.08486097790397551,5.604010105133057,0.9633343815803528,443.0,193.0,88.0,111.0,78,215000000
yolo_final_open_v3,29,4.0,-20.0,3.999999999761507,-19.999999996629636,4.018571171008005,-20.084860974533612,True,True,0.018571171246497542,-0.08486097790397551,5.3743791580200195,0.9633343815803528,443.0,193.0,88.0,111.0,78,280000000
yolo_final_open_v3,29,4.0,-20.0,3.999999999761507,-19.999999996629636,4.018571171008005,-20.084860974533612,True,True,0.018571171246497542,-0.08486097790397551,6.601202011108398,0.9633343815803528,443.0,193.0,88.0,111.0,78,345000000
yolo_final_open_v3,29,4.0,-20.0,3.999999999761507,-19.999999996629636,4.018571171008005,-20.084860974533612,True,True,0.018571171246497542,-0.08486097790397551,7.729495048522949,0.9633343815803528,443.0,193.0,88.0,111.0,78,410000000
yolo_final_open_v3,29,4.0,-20.0,3.999999999761507,-19.999999996629636,4.018571171008005,-20.084860974533612,True,True,0.018571171246497542,-0.08486097790397551,8.00534725189209,0.9633343815803528,443.0,193.0,88.0,111.0,78,475000000
yolo_final_open_v3,29,4.0,-20.0,3.999999999761507,-19.999999996629636,4.018571171008005,-20.084860974533612,True,True,0.018571171246497542,-0.08486097790397551,7.14448881149292,0.9633343815803528,443.0,193.0,88.0,111.0,78,545000000
yolo_final_open_v3,29,4.0,-20.0,3.999999999761507,-19.999999996629636,4.018571171008005,-20.084860974533612,True,True,0.018571171246497542,-0.08486097790397551,7.14448881149292,0.9633343815803528,443.0,193.0,88.0,111.0,78,610000000
yolo_final_open_v3,29,4.0,-20.0,3.999999999761507,-19.999999996629636,4.018571171008005,-20.084860974533612,True,True,0.018571171246497542,-0.08486097790397551,8.087859153747559,0.9633343815803528,443.0,193.0,88.0,111.0,78,675000000
yolo_final_open_v3,29,4.0,-20.0,3.999999999761507,-19.999999996629636,4.018571171008005,-20.084860974533612,True,True,0.018571171246497542,-0.08486097790397551,7.53593111038208,0.9633343815803528,443.0,193.0,88.0,111.0,78,740000000
yolo_final_open_v3,29,4.0,-20.0,3.999999999761507,-19.999999996629636,4.018571171008005,-20.084860974533612,True,True,0.018571171246497542,-0.08486097790397551,5.361211776733398,0.9633343815803528,443.0,193.0,88.0,111.0,78,805000000
yolo_final_open_v3,29,4.0,-20.0,3.999999999761507,-19.999999996629636,4.018571171008005,-20.084860974533612,True,True,0.018571171246497542,-0.08486097790397551,7.402637958526611,0.9633343815803528,443.0,193.0,88.0,111.0,78,875000000
yolo_final_open_v3,29,4.0,-20.0,3.999999999761507,-19.999999996629636,4.018571171008005,-20.084860974533612,True,True,0.018571171246497542,-0.08486097790397551,7.402637958526611,0.9633343815803528,443.0,193.0,88.0,111.0,78,940000000
yolo_final_open_v3,29,4.0,-20.0,3.999999999761507,-19.999999996629636,4.018571171008005,-20.084860974533612,True,True,0.018571171246497542,-0.08486097790397551,5.3476338386535645,0.9633343815803528,443.0,193.0,88.0,111.0,79,5000000
yolo_final_open_v3,29,4.0,-20.0,3.999999999761507,-19.999999996629636,4.018571171008005,-20.084860974533612,True,True,0.018571171246497542,-0.08486097790397551,5.4033660888671875,0.9633343815803528,443.0,193.0,88.0,111.0,79,205000000
yolo_final_open_v3,29,4.0,-20.0,3.999999999761507,-19.999999996629636,4.018571171008005,-20.084860974533612,True,True,0.018571171246497542,-0.08486097790397551,6.366567134857178,0.9633343815803528,443.0,193.0,88.0,111.0,79,270000000
yolo_final_open_v3,29,4.0,-20.0,3.999999999761507,-19.999999996629636,4.018571171008005,-20.084860974533612,True,True,0.018571171246497542,-0.08486097790397551,6.366567134857178,0.9633343815803528,443.0,193.0,88.0,111.0,79,335000000
yolo_final_open_v3,29,4.0,-20.0,3.999999999761507,-19.999999996629636,4.018571171008005,-20.084860974533612,True,True,0.018571171246497542,-0.08486097790397551,5.486379146575928,0.9633343815803528,443.0,193.0,88.0,111.0,79,400000000
yolo_final_open_v3,29,4.0,-20.0,3.999999999761507,-19.999999996629636,4.018571171008005,-20.084860974533612,True,True,0.018571171246497542,-0.08486097790397551,5.460631847381592,0.9633343815803528,443.0,193.0,88.0,111.0,79,465000000
yolo_final_open_v3,29,4.0,-20.0,3.999999999761507,-19.999999996629636,4.018571171008005,-20.084860974533612,True,True,0.018571171246497542,-0.08486097790397551,5.208593845367432,0.9633343815803528,443.0,193.0,88.0,111.0,79,535000000
yolo_final_open_v3,29,4.0,-20.0,3.999999999761507,-19.999999996629636,4.018571171008005,-20.084860974533612,True,True,0.018571171246497542,-0.08486097790397551,6.296203136444092,0.9633343815803528,443.0,193.0,88.0,111.0,79,600000000
yolo_final_open_v3,29,4.0,-20.0,3.999999999761507,-19.999999996629636,4.018571171008005,-20.084860974533612,True,True,0.018571171246497542,-0.08486097790397551,5.519110202789307,0.9633343815803528,443.0,193.0,88.0,111.0,79,665000000
yolo_final_open_v3,29,4.0,-20.0,3.999999999761507,-19.999999996629636,4.018571171008005,-20.084860974533612,True,True,0.018571171246497542,-0.08486097790397551,5.519110202789307,0.9633343815803528,443.0,193.0,88.0,111.0,79,730000000
yolo_final_open_v3,30,4.0,-10.0,3.999999999957515,-10.000000000576796,4.02046671319746,-10.11403755081573,True,True,0.0204667132399452,-0.11403755023893503,7.700448989868164,0.9633343815803528,443.0,193.0,88.0,111.0,80,195000000
yolo_final_open_v3,30,4.0,-10.0,3.999999999957515,-10.000000000576796,4.02046671319746,-10.11403755081573,True,True,0.0204667132399452,-0.11403755023893503,8.32087516784668,0.9658137559890747,360.0,195.0,83.0,106.0,80,260000000
yolo_final_open_v3,30,4.0,-10.0,3.999999999957515,-10.000000000576796,4.02046671319746,-10.11403755081573,True,True,0.0204667132399452,-0.11403755023893503,5.738819122314453,0.9658137559890747,360.0,195.0,83.0,106.0,80,390000000
yolo_final_open_v3,30,4.0,-10.0,3.999999999957515,-10.000000000576796,4.02046671319746,-10.11403755081573,True,True,0.0204667132399452,-0.11403755023893503,8.842472076416016,0.9658137559890747,360.0,195.0,83.0,106.0,80,455000000
yolo_final_open_v3,30,4.0,-10.0,3.999999999957515,-10.000000000576796,4.02046671319746,-10.11403755081573,True,True,0.0204667132399452,-0.11403755023893503,8.842472076416016,0.9658137559890747,360.0,195.0,83.0,106.0,80,525000000
yolo_final_open_v3,30,4.0,-10.0,3.999999999957515,-10.000000000576796,4.02046671319746,-10.11403755081573,True,True,0.0204667132399452,-0.11403755023893503,6.836245059967041,0.9658137559890747,360.0,195.0,83.0,106.0,80,590000000
yolo_final_open_v3,30,4.0,-10.0,3.999999999957515,-10.000000000576796,4.02046671319746,-10.11403755081573,True,True,0.0204667132399452,-0.11403755023893503,5.51430606842041,0.9658137559890747,360.0,195.0,83.0,106.0,80,655000000
yolo_final_open_v3,30,4.0,-10.0,3.999999999957515,-10.000000000576796,4.02046671319746,-10.11403755081573,True,True,0.0204667132399452,-0.11403755023893503,5.540435791015625,0.9658137559890747,360.0,195.0,83.0,106.0,80,720000000
yolo_final_open_v3,30,4.0,-10.0,3.999999999957515,-10.000000000576796,4.02046671319746,-10.11403755081573,True,True,0.0204667132399452,-0.11403755023893503,7.977696895599365,0.9658137559890747,360.0,195.0,83.0,106.0,80,785000000
yolo_final_open_v3,30,4.0,-10.0,3.999999999957515,-10.000000000576796,4.02046671319746,-10.11403755081573,True,True,0.0204667132399452,-0.11403755023893503,5.426741123199463,0.9658137559890747,360.0,195.0,83.0,106.0,80,855000000
yolo_final_open_v3,30,4.0,-10.0,3.999999999957515,-10.000000000576796,4.02046671319746,-10.11403755081573,True,True,0.0204667132399452,-0.11403755023893503,5.426741123199463,0.9658137559890747,360.0,195.0,83.0,106.0,80,920000000
yolo_final_open_v3,30,4.0,-10.0,3.999999999957515,-10.000000000576796,4.02046671319746,-10.11403755081573,True,True,0.0204667132399452,-0.11403755023893503,5.644153118133545,0.9658137559890747,360.0,195.0,83.0,106.0,80,985000000
yolo_final_open_v3,30,4.0,-10.0,3.999999999957515,-10.000000000576796,4.02046671319746,-10.11403755081573,True,True,0.0204667132399452,-0.11403755023893503,7.733610153198242,0.9658137559890747,360.0,195.0,83.0,106.0,81,50000000
yolo_final_open_v3,30,4.0,-10.0,3.999999999957515,-10.000000000576796,4.02046671319746,-10.11403755081573,True,True,0.0204667132399452,-0.11403755023893503,7.780148029327393,0.9658137559890747,360.0,195.0,83.0,106.0,81,115000000
yolo_final_open_v3,30,4.0,-10.0,3.999999999957515,-10.000000000576796,4.02046671319746,-10.11403755081573,True,True,0.0204667132399452,-0.11403755023893503,7.780148029327393,0.9658137559890747,360.0,195.0,83.0,106.0,81,185000000
yolo_final_open_v3,30,4.0,-10.0,3.999999999957515,-10.000000000576796,4.02046671319746,-10.11403755081573,True,True,0.0204667132399452,-0.11403755023893503,6.5557780265808105,0.9658137559890747,360.0,195.0,83.0,106.0,81,250000000
yolo_final_open_v3,30,4.0,-10.0,3.999999999957515,-10.000000000576796,4.02046671319746,-10.11403755081573,True,True,0.0204667132399452,-0.11403755023893503,7.537843227386475,0.9658137559890747,360.0,195.0,83.0,106.0,81,315000000
yolo_final_open_v3,30,4.0,-10.0,3.999999999957515,-10.000000000576796,4.02046671319746,-10.11403755081573,True,True,0.0204667132399452,-0.11403755023893503,7.537843227386475,0.9658137559890747,360.0,195.0,83.0,106.0,81,380000000
yolo_final_open_v3,30,4.0,-10.0,3.999999999957515,-10.000000000576796,4.02046671319746,-10.11403755081573,True,True,0.0204667132399452,-0.11403755023893503,7.891372203826904,0.9658137559890747,360.0,195.0,83.0,106.0,81,445000000
yolo_final_open_v3,30,4.0,-10.0,3.999999999957515,-10.000000000576796,4.02046671319746,-10.11403755081573,True,True,0.0204667132399452,-0.11403755023893503,5.386816024780273,0.9658137559890747,360.0,195.0,83.0,106.0,81,580000000
yolo_final_open_v3,30,4.0,-10.0,3.999999999957515,-10.000000000576796,4.02046671319746,-10.11403755081573,True,True,0.0204667132399452,-0.11403755023893503,5.658419132232666,0.9658137559890747,360.0,195.0,83.0,106.0,81,645000000
yolo_final_open_v3,30,4.0,-10.0,3.999999999957515,-10.000000000576796,4.02046671319746,-10.11403755081573,True,True,0.0204667132399452,-0.11403755023893503,5.658419132232666,0.9658137559890747,360.0,195.0,83.0,106.0,81,710000000
yolo_final_open_v3,30,4.0,-10.0,3.999999999957515,-10.000000000576796,4.02046671319746,-10.11403755081573,True,True,0.0204667132399452,-0.11403755023893503,5.199686050415039,0.9658137559890747,360.0,195.0,83.0,106.0,81,845000000
yolo_final_open_v3,30,4.0,-10.0,3.999999999957515,-10.000000000576796,4.02046671319746,-10.11403755081573,True,True,0.0204667132399452,-0.11403755023893503,5.29064416885376,0.9658137559890747,360.0,195.0,83.0,106.0,81,910000000
yolo_final_open_v3,30,4.0,-10.0,3.999999999957515,-10.000000000576796,4.02046671319746,-10.11403755081573,True,True,0.0204667132399452,-0.11403755023893503,5.37550687789917,0.9658137559890747,360.0,195.0,83.0,106.0,81,975000000
yolo_final_open_v3,30,4.0,-10.0,3.999999999957515,-10.000000000576796,4.02046671319746,-10.11403755081573,True,True,0.0204667132399452,-0.11403755023893503,5.37550687789917,0.9658137559890747,360.0,195.0,83.0,106.0,82,105000000
yolo_final_open_v3,30,4.0,-10.0,3.999999999957515,-10.000000000576796,4.02046671319746,-10.11403755081573,True,True,0.0204667132399452,-0.11403755023893503,5.314980983734131,0.9658137559890747,360.0,195.0,83.0,106.0,82,175000000
yolo_final_open_v3,30,4.0,-10.0,3.999999999957515,-10.000000000576796,4.02046671319746,-10.11403755081573,True,True,0.0204667132399452,-0.11403755023893503,5.207976818084717,0.9658137559890747,360.0,195.0,83.0,106.0,82,240000000
yolo_final_open_v3,30,4.0,-10.0,3.999999999957515,-10.000000000576796,4.02046671319746,-10.11403755081573,True,True,0.0204667132399452,-0.11403755023893503,5.207976818084717,0.9658137559890747,360.0,195.0,83.0,106.0,82,370000000
yolo_final_open_v3,30,4.0,-10.0,3.999999999957515,-10.000000000576796,4.02046671319746,-10.11403755081573,True,True,0.0204667132399452,-0.11403755023893503,7.153128147125244,0.9658137559890747,360.0,195.0,83.0,106.0,82,435000000
yolo_final_open_v3,31,4.0,0.0,4.0,0.0,4.018102997276759,-0.011715334180196182,True,True,0.018102997276758792,-0.011715334180196182,5.980156898498535,0.9658137559890747,360.0,195.0,83.0,106.0,82,900000000
yolo_final_open_v3,31,4.0,0.0,4.0,0.0,4.018102997276759,-0.011715334180196182,True,True,0.018102997276758792,-0.011715334180196182,5.4659600257873535,0.9688820838928223,279.0,196.0,81.0,104.0,83,30000000
yolo_final_open_v3,31,4.0,0.0,4.0,0.0,4.018102997276759,-0.011715334180196182,True,True,0.018102997276758792,-0.011715334180196182,5.596574783325195,0.9688820838928223,279.0,196.0,81.0,104.0,83,95000000
yolo_final_open_v3,31,4.0,0.0,4.0,0.0,4.018102997276759,-0.011715334180196182,True,True,0.018102997276758792,-0.011715334180196182,5.324896812438965,0.9688820838928223,279.0,196.0,81.0,104.0,83,165000000
yolo_final_open_v3,31,4.0,0.0,4.0,0.0,4.018102997276759,-0.011715334180196182,True,True,0.018102997276758792,-0.011715334180196182,5.1340179443359375,0.9688820838928223,279.0,196.0,81.0,104.0,83,230000000
yolo_final_open_v3,31,4.0,0.0,4.0,0.0,4.018102997276759,-0.011715334180196182,True,True,0.018102997276758792,-0.011715334180196182,5.63108491897583,0.9688820838928223,279.0,196.0,81.0,104.0,83,295000000
yolo_final_open_v3,31,4.0,0.0,4.0,0.0,4.018102997276759,-0.011715334180196182,True,True,0.018102997276758792,-0.011715334180196182,5.379213809967041,0.9688820838928223,279.0,196.0,81.0,104.0,83,360000000
yolo_final_open_v3,31,4.0,0.0,4.0,0.0,4.018102997276759,-0.011715334180196182,True,True,0.018102997276758792,-0.011715334180196182,7.554204940795898,0.9688820838928223,279.0,196.0,81.0,104.0,83,425000000
yolo_final_open_v3,31,4.0,0.0,4.0,0.0,4.018102997276759,-0.011715334180196182,True,True,0.018102997276758792,-0.011715334180196182,6.5709919929504395,0.9688820838928223,279.0,196.0,81.0,104.0,83,495000000
yolo_final_open_v3,31,4.0,0.0,4.0,0.0,4.018102997276759,-0.011715334180196182,True,True,0.018102997276758792,-0.011715334180196182,6.5709919929504395,0.9688820838928223,279.0,196.0,81.0,104.0,83,560000000
yolo_final_open_v3,31,4.0,0.0,4.0,0.0,4.018102997276759,-0.011715334180196182,True,True,0.018102997276758792,-0.011715334180196182,6.905117988586426,0.9688820838928223,279.0,196.0,81.0,104.0,83,625000000
yolo_final_open_v3,31,4.0,0.0,4.0,0.0,4.018102997276759,-0.011715334180196182,True,True,0.018102997276758792,-0.011715334180196182,7.4839677810668945,0.9688820838928223,279.0,196.0,81.0,104.0,83,690000000
yolo_final_open_v3,31,4.0,0.0,4.0,0.0,4.018102997276759,-0.011715334180196182,True,True,0.018102997276758792,-0.011715334180196182,7.372257232666016,0.9688820838928223,279.0,196.0,81.0,104.0,83,755000000
yolo_final_open_v3,31,4.0,0.0,4.0,0.0,4.018102997276759,-0.011715334180196182,True,True,0.018102997276758792,-0.011715334180196182,7.991171836853027,0.9688820838928223,279.0,196.0,81.0,104.0,83,825000000
yolo_final_open_v3,31,4.0,0.0,4.0,0.0,4.018102997276759,-0.011715334180196182,True,True,0.018102997276758792,-0.011715334180196182,7.71542501449585,0.9688820838928223,279.0,196.0,81.0,104.0,83,890000000
yolo_final_open_v3,31,4.0,0.0,4.0,0.0,4.018102997276759,-0.011715334180196182,True,True,0.018102997276758792,-0.011715334180196182,7.650972843170166,0.9688820838928223,279.0,196.0,81.0,104.0,83,955000000
yolo_final_open_v3,31,4.0,0.0,4.0,0.0,4.018102997276759,-0.011715334180196182,True,True,0.018102997276758792,-0.011715334180196182,5.20866584777832,0.9688820838928223,279.0,196.0,81.0,104.0,84,20000000
yolo_final_open_v3,31,4.0,0.0,4.0,0.0,4.018102997276759,-0.011715334180196182,True,True,0.018102997276758792,-0.011715334180196182,6.635918140411377,0.9688820838928223,279.0,196.0,81.0,104.0,84,85000000
yolo_final_open_v3,31,4.0,0.0,4.0,0.0,4.018102997276759,-0.011715334180196182,True,True,0.018102997276758792,-0.011715334180196182,7.252518177032471,0.9688820838928223,279.0,196.0,81.0,104.0,84,155000000
yolo_final_open_v3,31,4.0,0.0,4.0,0.0,4.018102997276759,-0.011715334180196182,True,True,0.018102997276758792,-0.011715334180196182,7.286832809448242,0.9688820838928223,279.0,196.0,81.0,104.0,84,220000000
yolo_final_open_v3,31,4.0,0.0,4.0,0.0,4.018102997276759,-0.011715334180196182,True,True,0.018102997276758792,-0.011715334180196182,5.524171829223633,0.9688820838928223,279.0,196.0,81.0,104.0,84,285000000
yolo_final_open_v3,31,4.0,0.0,4.0,0.0,4.018102997276759,-0.011715334180196182,True,True,0.018102997276758792,-0.011715334180196182,5.183926105499268,0.9688820838928223,279.0,196.0,81.0,104.0,84,350000000
yolo_final_open_v3,31,4.0,0.0,4.0,0.0,4.018102997276759,-0.011715334180196182,True,True,0.018102997276758792,-0.011715334180196182,5.509043216705322,0.9688820838928223,279.0,196.0,81.0,104.0,84,415000000
yolo_final_open_v3,31,4.0,0.0,4.0,0.0,4.018102997276759,-0.011715334180196182,True,True,0.018102997276758792,-0.011715334180196182,5.535061836242676,0.9688820838928223,279.0,196.0,81.0,104.0,84,485000000
yolo_final_open_v3,31,4.0,0.0,4.0,0.0,4.018102997276759,-0.011715334180196182,True,True,0.018102997276758792,-0.011715334180196182,5.535061836242676,0.9688820838928223,279.0,196.0,81.0,104.0,84,550000000
yolo_final_open_v3,31,4.0,0.0,4.0,0.0,4.018102997276759,-0.011715334180196182,True,True,0.018102997276758792,-0.011715334180196182,5.429957866668701,0.9688820838928223,279.0,196.0,81.0,104.0,84,615000000
yolo_final_open_v3,31,4.0,0.0,4.0,0.0,4.018102997276759,-0.011715334180196182,True,True,0.018102997276758792,-0.011715334180196182,5.505349159240723,0.9688820838928223,279.0,196.0,81.0,104.0,84,680000000
yolo_final_open_v3,31,4.0,0.0,4.0,0.0,4.018102997276759,-0.011715334180196182,True,True,0.018102997276758792,-0.011715334180196182,5.817018032073975,0.9688820838928223,279.0,196.0,81.0,104.0,84,745000000
yolo_final_open_v3,31,4.0,0.0,4.0,0.0,4.018102997276759,-0.011715334180196182,True,True,0.018102997276758792,-0.011715334180196182,5.586452960968018,0.9688820838928223,279.0,196.0,81.0,104.0,84,880000000
yolo_final_open_v3,31,4.0,0.0,4.0,0.0,4.018102997276759,-0.011715334180196182,True,True,0.018102997276758792,-0.011715334180196182,6.207098960876465,0.9688820838928223,279.0,196.0,81.0,104.0,84,945000000
yolo_final_open_v3,32,4.0,10.0,4.000000000009609,10.000000004808694,4.018102997276759,-0.011715334180196182,True,True,0.01810299726714959,-10.01171533898889,10.932473182678223,0.9688820838928223,279.0,196.0,81.0,104.0,85,405000000
yolo_final_open_v3,32,4.0,10.0,4.000000000009609,10.000000004808694,4.006343093268006,10.066170602655541,True,True,0.00634309325839677,0.0661705978468472,7.637569904327393,0.9688820838928223,279.0,196.0,81.0,104.0,85,475000000
yolo_final_open_v3,32,4.0,10.0,4.000000000009609,10.000000004808694,4.006343093268006,10.066170602655541,True,True,0.00634309325839677,0.0661705978468472,7.123660087585449,0.9654450416564941,197.0,195.0,83.0,106.0,85,540000000
yolo_final_open_v3,32,4.0,10.0,4.000000000009609,10.000000004808694,4.006343093268006,10.066170602655541,True,True,0.00634309325839677,0.0661705978468472,7.123660087585449,0.9654450416564941,197.0,195.0,83.0,106.0,85,605000000
yolo_final_open_v3,32,4.0,10.0,4.000000000009609,10.000000004808694,4.006343093268006,10.066170602655541,True,True,0.00634309325839677,0.0661705978468472,5.384180068969727,0.9654450416564941,197.0,195.0,83.0,106.0,85,670000000
yolo_final_open_v3,32,4.0,10.0,4.000000000009609,10.000000004808694,4.006343093268006,10.066170602655541,True,True,0.00634309325839677,0.0661705978468472,5.475685119628906,0.9654450416564941,197.0,195.0,83.0,106.0,85,735000000
yolo_final_open_v3,32,4.0,10.0,4.000000000009609,10.000000004808694,4.006343093268006,10.066170602655541,True,True,0.00634309325839677,0.0661705978468472,5.475685119628906,0.9654450416564941,197.0,195.0,83.0,106.0,85,805000000
yolo_final_open_v3,32,4.0,10.0,4.000000000009609,10.000000004808694,4.006343093268006,10.066170602655541,True,True,0.00634309325839677,0.0661705978468472,5.140487194061279,0.9654450416564941,197.0,195.0,83.0,106.0,85,935000000
yolo_final_open_v3,32,4.0,10.0,4.000000000009609,10.000000004808694,4.006343093268006,10.066170602655541,True,True,0.00634309325839677,0.0661705978468472,5.600979804992676,0.9654450416564941,197.0,195.0,83.0,106.0,86,0
yolo_final_open_v3,32,4.0,10.0,4.000000000009609,10.000000004808694,4.006343093268006,10.066170602655541,True,True,0.00634309325839677,0.0661705978468472,7.536314010620117,0.9654450416564941,197.0,195.0,83.0,106.0,86,65000000
yolo_final_open_v3,32,4.0,10.0,4.000000000009609,10.000000004808694,4.006343093268006,10.066170602655541,True,True,0.00634309325839677,0.0661705978468472,5.247363090515137,0.9654450416564941,197.0,195.0,83.0,106.0,86,135000000
yolo_final_open_v3,32,4.0,10.0,4.000000000009609,10.000000004808694,4.006343093268006,10.066170602655541,True,True,0.00634309325839677,0.0661705978468472,5.247363090515137,0.9654450416564941,197.0,195.0,83.0,106.0,86,200000000
yolo_final_open_v3,32,4.0,10.0,4.000000000009609,10.000000004808694,4.006343093268006,10.066170602655541,True,True,0.00634309325839677,0.0661705978468472,5.302188873291016,0.9654450416564941,197.0,195.0,83.0,106.0,86,265000000
yolo_final_open_v3,32,4.0,10.0,4.000000000009609,10.000000004808694,4.006343093268006,10.066170602655541,True,True,0.00634309325839677,0.0661705978468472,6.895803928375244,0.9654450416564941,197.0,195.0,83.0,106.0,86,330000000
yolo_final_open_v3,32,4.0,10.0,4.000000000009609,10.000000004808694,4.006343093268006,10.066170602655541,True,True,0.00634309325839677,0.0661705978468472,9.023467063903809,0.9654450416564941,197.0,195.0,83.0,106.0,86,395000000
yolo_final_open_v3,32,4.0,10.0,4.000000000009609,10.000000004808694,4.006343093268006,10.066170602655541,True,True,0.00634309325839677,0.0661705978468472,5.307485103607178,0.9654450416564941,197.0,195.0,83.0,106.0,86,465000000
yolo_final_open_v3,32,4.0,10.0,4.000000000009609,10.000000004808694,4.006343093268006,10.066170602655541,True,True,0.00634309325839677,0.0661705978468472,5.529796123504639,0.9654450416564941,197.0,195.0,83.0,106.0,86,530000000
yolo_final_open_v3,32,4.0,10.0,4.000000000009609,10.000000004808694,4.006343093268006,10.066170602655541,True,True,0.00634309325839677,0.0661705978468472,6.804324150085449,0.9654450416564941,197.0,195.0,83.0,106.0,86,595000000
yolo_final_open_v3,32,4.0,10.0,4.000000000009609,10.000000004808694,4.006343093268006,10.066170602655541,True,True,0.00634309325839677,0.0661705978468472,6.648528099060059,0.9654450416564941,197.0,195.0,83.0,106.0,86,660000000
yolo_final_open_v3,32,4.0,10.0,4.000000000009609,10.000000004808694,4.006343093268006,10.066170602655541,True,True,0.00634309325839677,0.0661705978468472,6.648528099060059,0.9654450416564941,197.0,195.0,83.0,106.0,86,725000000
yolo_final_open_v3,32,4.0,10.0,4.000000000009609,10.000000004808694,4.006343093268006,10.066170602655541,True,True,0.00634309325839677,0.0661705978468472,6.829885959625244,0.9654450416564941,197.0,195.0,83.0,106.0,86,795000000
yolo_final_open_v3,32,4.0,10.0,4.000000000009609,10.000000004808694,4.006343093268006,10.066170602655541,True,True,0.00634309325839677,0.0661705978468472,6.903951168060303,0.9654450416564941,197.0,195.0,83.0,106.0,86,860000000
yolo_final_open_v3,32,4.0,10.0,4.000000000009609,10.000000004808694,4.006343093268006,10.066170602655541,True,True,0.00634309325839677,0.0661705978468472,6.646603107452393,0.9654450416564941,197.0,195.0,83.0,106.0,86,925000000
yolo_final_open_v3,32,4.0,10.0,4.000000000009609,10.000000004808694,4.006343093268006,10.066170602655541,True,True,0.00634309325839677,0.0661705978468472,6.646603107452393,0.9654450416564941,197.0,195.0,83.0,106.0,86,990000000
yolo_final_open_v3,32,4.0,10.0,4.000000000009609,10.000000004808694,4.006343093268006,10.066170602655541,True,True,0.00634309325839677,0.0661705978468472,5.153365135192871,0.9654450416564941,197.0,195.0,83.0,106.0,87,55000000
yolo_final_open_v3,32,4.0,10.0,4.000000000009609,10.000000004808694,4.006343093268006,10.066170602655541,True,True,0.00634309325839677,0.0661705978468472,5.286088943481445,0.9654450416564941,197.0,195.0,83.0,106.0,87,125000000
yolo_final_open_v3,32,4.0,10.0,4.000000000009609,10.000000004808694,4.006343093268006,10.066170602655541,True,True,0.00634309325839677,0.0661705978468472,5.527360916137695,0.9654450416564941,197.0,195.0,83.0,106.0,87,190000000
yolo_final_open_v3,32,4.0,10.0,4.000000000009609,10.000000004808694,4.006343093268006,10.066170602655541,True,True,0.00634309325839677,0.0661705978468472,5.131649971008301,0.9654450416564941,197.0,195.0,83.0,106.0,87,255000000
yolo_final_open_v3,32,4.0,10.0,4.000000000009609,10.000000004808694,4.006343093268006,10.066170602655541,True,True,0.00634309325839677,0.0661705978468472,5.22889518737793,0.9654450416564941,197.0,195.0,83.0,106.0,87,320000000
yolo_final_open_v3,32,4.0,10.0,4.000000000009609,10.000000004808694,4.006343093268006,10.066170602655541,True,True,0.00634309325839677,0.0661705978468472,5.120093822479248,0.9654450416564941,197.0,195.0,83.0,106.0,87,385000000
yolo_final_open_v3,33,4.0,20.0,3.999999999761507,19.999999996629636,4.013025722021753,20.007586587885374,True,True,0.01302572226024612,0.007586591255737574,5.273828983306885,0.9654450416564941,197.0,195.0,83.0,106.0,87,785000000
yolo_final_open_v3,33,4.0,20.0,3.999999999761507,19.999999996629636,4.013025722021753,20.007586587885374,True,True,0.01302572226024612,0.007586591255737574,6.534556865692139,0.9685385227203369,108.0,193.0,90.0,111.0,87,850000000
yolo_final_open_v3,33,4.0,20.0,3.999999999761507,19.999999996629636,4.013025722021753,20.007586587885374,True,True,0.01302572226024612,0.007586591255737574,8.016837120056152,0.9685385227203369,108.0,193.0,90.0,111.0,87,915000000
yolo_final_open_v3,33,4.0,20.0,3.999999999761507,19.999999996629636,4.013025722021753,20.007586587885374,True,True,0.01302572226024612,0.007586591255737574,6.710874080657959,0.9685385227203369,108.0,193.0,90.0,111.0,87,980000000
yolo_final_open_v3,33,4.0,20.0,3.999999999761507,19.999999996629636,4.013025722021753,20.007586587885374,True,True,0.01302572226024612,0.007586591255737574,5.201437950134277,0.9685385227203369,108.0,193.0,90.0,111.0,88,45000000
yolo_final_open_v3,33,4.0,20.0,3.999999999761507,19.999999996629636,4.013025722021753,20.007586587885374,True,True,0.01302572226024612,0.007586591255737574,8.588541984558105,0.9685385227203369,108.0,193.0,90.0,111.0,88,115000000
yolo_final_open_v3,33,4.0,20.0,3.999999999761507,19.999999996629636,4.013025722021753,20.007586587885374,True,True,0.01302572226024612,0.007586591255737574,10.367219924926758,0.9685385227203369,108.0,193.0,90.0,111.0,88,245000000
yolo_final_open_v3,33,4.0,20.0,3.999999999761507,19.999999996629636,4.013025722021753,20.007586587885374,True,True,0.01302572226024612,0.007586591255737574,5.413561820983887,0.9685385227203369,108.0,193.0,90.0,111.0,88,375000000
yolo_final_open_v3,33,4.0,20.0,3.999999999761507,19.999999996629636,4.013025722021753,20.007586587885374,True,True,0.01302572226024612,0.007586591255737574,5.1966938972473145,0.9685385227203369,108.0,193.0,90.0,111.0,88,445000000
yolo_final_open_v3,33,4.0,20.0,3.999999999761507,19.999999996629636,4.013025722021753,20.007586587885374,True,True,0.01302572226024612,0.007586591255737574,5.1966938972473145,0.9685385227203369,108.0,193.0,90.0,111.0,88,510000000
yolo_final_open_v3,33,4.0,20.0,3.999999999761507,19.999999996629636,4.013025722021753,20.007586587885374,True,True,0.01302572226024612,0.007586591255737574,5.201674938201904,0.9685385227203369,108.0,193.0,90.0,111.0,88,575000000
yolo_final_open_v3,33,4.0,20.0,3.999999999761507,19.999999996629636,4.013025722021753,20.007586587885374,True,True,0.01302572226024612,0.007586591255737574,5.330541133880615,0.9685385227203369,108.0,193.0,90.0,111.0,88,640000000
yolo_final_open_v3,33,4.0,20.0,3.999999999761507,19.999999996629636,4.013025722021753,20.007586587885374,True,True,0.01302572226024612,0.007586591255737574,5.330541133880615,0.9685385227203369,108.0,193.0,90.0,111.0,88,705000000
yolo_final_open_v3,33,4.0,20.0,3.999999999761507,19.999999996629636,4.013025722021753,20.007586587885374,True,True,0.01302572226024612,0.007586591255737574,6.552372932434082,0.9685385227203369,108.0,193.0,90.0,111.0,88,775000000
yolo_final_open_v3,33,4.0,20.0,3.999999999761507,19.999999996629636,4.013025722021753,20.007586587885374,True,True,0.01302572226024612,0.007586591255737574,5.411078929901123,0.9685385227203369,108.0,193.0,90.0,111.0,88,905000000
yolo_final_open_v3,33,4.0,20.0,3.999999999761507,19.999999996629636,4.013025722021753,20.007586587885374,True,True,0.01302572226024612,0.007586591255737574,6.5989909172058105,0.9685385227203369,108.0,193.0,90.0,111.0,89,35000000
yolo_final_open_v3,33,4.0,20.0,3.999999999761507,19.999999996629636,4.013025722021753,20.007586587885374,True,True,0.01302572226024612,0.007586591255737574,5.594523906707764,0.9685385227203369,108.0,193.0,90.0,111.0,89,105000000
yolo_final_open_v3,33,4.0,20.0,3.999999999761507,19.999999996629636,4.013025722021753,20.007586587885374,True,True,0.01302572226024612,0.007586591255737574,5.318528175354004,0.9685385227203369,108.0,193.0,90.0,111.0,89,170000000
yolo_final_open_v3,33,4.0,20.0,3.999999999761507,19.999999996629636,4.013025722021753,20.007586587885374,True,True,0.01302572226024612,0.007586591255737574,6.849706172943115,0.9685385227203369,108.0,193.0,90.0,111.0,89,365000000
yolo_final_open_v3,33,4.0,20.0,3.999999999761507,19.999999996629636,4.013025722021753,20.007586587885374,True,True,0.01302572226024612,0.007586591255737574,7.120497226715088,0.9685385227203369,108.0,193.0,90.0,111.0,89,435000000
yolo_final_open_v3,33,4.0,20.0,3.999999999761507,19.999999996629636,4.013025722021753,20.007586587885374,True,True,0.01302572226024612,0.007586591255737574,6.976224899291992,0.9685385227203369,108.0,193.0,90.0,111.0,89,500000000
yolo_final_open_v3,33,4.0,20.0,3.999999999761507,19.999999996629636,4.013025722021753,20.007586587885374,True,True,0.01302572226024612,0.007586591255737574,6.854316234588623,0.9685385227203369,108.0,193.0,90.0,111.0,89,565000000
yolo_final_open_v3,33,4.0,20.0,3.999999999761507,19.999999996629636,4.013025722021753,20.007586587885374,True,True,0.01302572226024612,0.007586591255737574,5.439119815826416,0.9685385227203369,108.0,193.0,90.0,111.0,89,630000000
yolo_final_open_v3,33,4.0,20.0,3.999999999761507,19.999999996629636,4.013025722021753,20.007586587885374,True,True,0.01302572226024612,0.007586591255737574,5.343675136566162,0.9685385227203369,108.0,193.0,90.0,111.0,89,695000000
yolo_final_open_v3,33,4.0,20.0,3.999999999761507,19.999999996629636,4.013025722021753,20.007586587885374,True,True,0.01302572226024612,0.007586591255737574,7.07005500793457,0.9685385227203369,108.0,193.0,90.0,111.0,89,765000000
yolo_final_open_v3,33,4.0,20.0,3.999999999761507,19.999999996629636,4.013025722021753,20.007586587885374,True,True,0.01302572226024612,0.007586591255737574,5.277666091918945,0.9685385227203369,108.0,193.0,90.0,111.0,89,830000000
yolo_final_open_v3,33,4.0,20.0,3.999999999761507,19.999999996629636,4.013025722021753,20.007586587885374,True,True,0.01302572226024612,0.007586591255737574,5.244372844696045,0.9685385227203369,108.0,193.0,90.0,111.0,89,895000000
yolo_final_open_v3,33,4.0,20.0,3.999999999761507,19.999999996629636,4.013025722021753,20.007586587885374,True,True,0.01302572226024612,0.007586591255737574,5.254457950592041,0.9685385227203369,108.0,193.0,90.0,111.0,89,960000000
yolo_final_open_v3,33,4.0,20.0,3.999999999761507,19.999999996629636,4.013025722021753,20.007586587885374,True,True,0.01302572226024612,0.007586591255737574,5.372757911682129,0.9685385227203369,108.0,193.0,90.0,111.0,90,25000000
yolo_final_open_v3,33,4.0,20.0,3.999999999761507,19.999999996629636,4.013025722021753,20.007586587885374,True,True,0.01302572226024612,0.007586591255737574,5.372757911682129,0.9685385227203369,108.0,193.0,90.0,111.0,90,95000000
yolo_final_open_v3,34,4.0,30.0,3.9999999998807008,30.0000000009866,4.005506098476932,30.00569868410573,True,True,0.00550609859623119,0.005698683119131687,5.5105390548706055,0.9638588428497314,5.0,189.0,101.0,121.0,90,620000000
yolo_final_open_v3,34,4.0,30.0,3.9999999998807008,30.0000000009866,4.005506098476932,30.00569868410573,True,True,0.00550609859623119,0.005698683119131687,5.314870834350586,0.9638588428497314,5.0,189.0,101.0,121.0,90,685000000
yolo_final_open_v3,34,4.0,30.0,3.9999999998807008,30.0000000009866,4.005506098476932,30.00569868410573,True,True,0.00550609859623119,0.005698683119131687,7.000877857208252,0.9638588428497314,5.0,189.0,101.0,121.0,90,755000000
yolo_final_open_v3,34,4.0,30.0,3.9999999998807008,30.0000000009866,4.005506098476932,30.00569868410573,True,True,0.00550609859623119,0.005698683119131687,5.245221138000488,0.9638588428497314,5.0,189.0,101.0,121.0,90,820000000
yolo_final_open_v3,34,4.0,30.0,3.9999999998807008,30.0000000009866,4.005506098476932,30.00569868410573,True,True,0.00550609859623119,0.005698683119131687,5.230442047119141,0.9638588428497314,5.0,189.0,101.0,121.0,90,885000000
yolo_final_open_v3,34,4.0,30.0,3.9999999998807008,30.0000000009866,4.005506098476932,30.00569868410573,True,True,0.00550609859623119,0.005698683119131687,5.230442047119141,0.9638588428497314,5.0,189.0,101.0,121.0,91,15000000
yolo_final_open_v3,34,4.0,30.0,3.9999999998807008,30.0000000009866,4.005506098476932,30.00569868410573,True,True,0.00550609859623119,0.005698683119131687,5.514673233032227,0.9638588428497314,5.0,189.0,101.0,121.0,91,85000000
yolo_final_open_v3,34,4.0,30.0,3.9999999998807008,30.0000000009866,4.005506098476932,30.00569868410573,True,True,0.00550609859623119,0.005698683119131687,5.514673233032227,0.9638588428497314,5.0,189.0,101.0,121.0,91,545000000
yolo_final_open_v3,34,4.0,30.0,3.9999999998807008,30.0000000009866,4.005506098476932,30.00569868410573,True,True,0.00550609859623119,0.005698683119131687,5.237213134765625,0.9638588428497314,5.0,189.0,101.0,121.0,91,610000000
yolo_final_open_v3,34,4.0,30.0,3.9999999998807008,30.0000000009866,4.005506098476932,30.00569868410573,True,True,0.00550609859623119,0.005698683119131687,7.168028831481934,0.9638588428497314,5.0,189.0,101.0,121.0,91,675000000
yolo_final_open_v3,34,4.0,30.0,3.9999999998807008,30.0000000009866,4.005506098476932,30.00569868410573,True,True,0.00550609859623119,0.005698683119131687,7.168028831481934,0.9638588428497314,5.0,189.0,101.0,121.0,91,745000000
yolo_final_open_v3,34,4.0,30.0,3.9999999998807008,30.0000000009866,4.005506098476932,30.00569868410573,True,True,0.00550609859623119,0.005698683119131687,5.76340389251709,0.9638588428497314,5.0,189.0,101.0,121.0,91,810000000
yolo_final_open_v3,34,4.0,30.0,3.9999999998807008,30.0000000009866,4.005506098476932,30.00569868410573,True,True,0.00550609859623119,0.005698683119131687,7.076714992523193,0.9638588428497314,5.0,189.0,101.0,121.0,91,940000000
yolo_final_open_v3,34,4.0,30.0,3.9999999998807008,30.0000000009866,4.005506098476932,30.00569868410573,True,True,0.00550609859623119,0.005698683119131687,6.821286201477051,0.9638588428497314,5.0,189.0,101.0,121.0,92,5000000
yolo_final_open_v3,34,4.0,30.0,3.9999999998807008,30.0000000009866,4.005506098476932,30.00569868410573,True,True,0.00550609859623119,0.005698683119131687,8.74578857421875,0.9638588428497314,5.0,189.0,101.0,121.0,92,75000000
yolo_final_open_v3,34,4.0,30.0,3.9999999998807008,30.0000000009866,4.005506098476932,30.00569868410573,True,True,0.00550609859623119,0.005698683119131687,7.195077896118164,0.9638588428497314,5.0,189.0,101.0,121.0,92,140000000
yolo_final_open_v3,34,4.0,30.0,3.9999999998807008,30.0000000009866,4.005506098476932,30.00569868410573,True,True,0.00550609859623119,0.005698683119131687,7.195077896118164,0.9638588428497314,5.0,189.0,101.0,121.0,92,205000000
yolo_final_open_v3,34,4.0,30.0,3.9999999998807008,30.0000000009866,4.005506098476932,30.00569868410573,True,True,0.00550609859623119,0.005698683119131687,5.395680904388428,0.9638588428497314,5.0,189.0,101.0,121.0,92,270000000
yolo_final_open_v3,34,4.0,30.0,3.9999999998807008,30.0000000009866,4.005506098476932,30.00569868410573,True,True,0.00550609859623119,0.005698683119131687,5.7141218185424805,0.9638588428497314,5.0,189.0,101.0,121.0,92,335000000
yolo_final_open_v3,34,4.0,30.0,3.9999999998807008,30.0000000009866,4.005506098476932,30.00569868410573,True,True,0.00550609859623119,0.005698683119131687,7.0658159255981445,0.9638588428497314,5.0,189.0,101.0,121.0,92,405000000
yolo_final_open_v3,34,4.0,30.0,3.9999999998807008,30.0000000009866,4.005506098476932,30.00569868410573,True,True,0.00550609859623119,0.005698683119131687,7.0658159255981445,0.9638588428497314,5.0,189.0,101.0,121.0,92,470000000
yolo_final_open_v3,34,4.0,30.0,3.9999999998807008,30.0000000009866,4.005506098476932,30.00569868410573,True,True,0.00550609859623119,0.005698683119131687,7.027406215667725,0.9638588428497314,5.0,189.0,101.0,121.0,92,535000000
yolo_final_open_v3,34,4.0,30.0,3.9999999998807008,30.0000000009866,4.005506098476932,30.00569868410573,True,True,0.00550609859623119,0.005698683119131687,5.600647926330566,0.9638588428497314,5.0,189.0,101.0,121.0,92,600000000
yolo_final_open_v3,34,4.0,30.0,3.9999999998807008,30.0000000009866,4.005506098476932,30.00569868410573,True,True,0.00550609859623119,0.005698683119131687,9.89404582977295,0.9638588428497314,5.0,189.0,101.0,121.0,92,735000000
yolo_final_open_v3,34,4.0,30.0,3.9999999998807008,30.0000000009866,4.005506098476932,30.00569868410573,True,True,0.00550609859623119,0.005698683119131687,5.163164138793945,0.9638588428497314,5.0,189.0,101.0,121.0,92,865000000
yolo_final_open_v3,34,4.0,30.0,3.9999999998807008,30.0000000009866,4.005506098476932,30.00569868410573,True,True,0.00550609859623119,0.005698683119131687,5.3635358810424805,0.9638588428497314,5.0,189.0,101.0,121.0,92,930000000
yolo_final_open_v3,34,4.0,30.0,3.9999999998807008,30.0000000009866,4.005506098476932,30.00569868410573,True,True,0.00550609859623119,0.005698683119131687,5.396951198577881,0.9638588428497314,5.0,189.0,101.0,121.0,92,995000000
yolo_final_open_v3,34,4.0,30.0,3.9999999998807008,30.0000000009866,4.005506098476932,30.00569868410573,True,True,0.00550609859623119,0.005698683119131687,5.106500148773193,0.9638588428497314,5.0,189.0,101.0,121.0,93,65000000
yolo_final_open_v3,34,4.0,30.0,3.9999999998807008,30.0000000009866,4.005506098476932,30.00569868410573,True,True,0.00550609859623119,0.005698683119131687,5.106500148773193,0.9638588428497314,5.0,189.0,101.0,121.0,93,130000000
yolo_final_open_v3,34,4.0,30.0,3.9999999998807008,30.0000000009866,4.005506098476932,30.00569868410573,True,True,0.00550609859623119,0.005698683119131687,5.24136209487915,0.9638588428497314,5.0,189.0,101.0,121.0,93,195000000
yolo_final_open_v3,35,5.0,-30.0,5.0000000000673825,-29.999999999554205,5.024417080652056,-30.055827670988773,True,True,0.024417080584673734,-0.05582767143456735,5.245532989501953,0.9573808312416077,545.0,199.0,77.0,96.0,93,655000000
yolo_final_open_v3,35,5.0,-30.0,5.0000000000673825,-29.999999999554205,5.024417080652056,-30.055827670988773,True,True,0.024417080584673734,-0.05582767143456735,5.168074131011963,0.9573808312416077,545.0,199.0,77.0,96.0,93,725000000
yolo_final_open_v3,35,5.0,-30.0,5.0000000000673825,-29.999999999554205,5.024417080652056,-30.055827670988773,True,True,0.024417080584673734,-0.05582767143456735,5.402577877044678,0.9573808312416077,545.0,199.0,77.0,96.0,93,855000000
yolo_final_open_v3,35,5.0,-30.0,5.0000000000673825,-29.999999999554205,5.024417080652056,-30.055827670988773,True,True,0.024417080584673734,-0.05582767143456735,5.402577877044678,0.9573808312416077,545.0,199.0,77.0,96.0,93,920000000
yolo_final_open_v3,35,5.0,-30.0,5.0000000000673825,-29.999999999554205,5.024417080652056,-30.055827670988773,True,True,0.024417080584673734,-0.05582767143456735,8.794954299926758,0.9573808312416077,545.0,199.0,77.0,96.0,93,985000000
yolo_final_open_v3,35,5.0,-30.0,5.0000000000673825,-29.999999999554205,5.024417080652056,-30.055827670988773,True,True,0.024417080584673734,-0.05582767143456735,5.20486307144165,0.9573808312416077,545.0,199.0,77.0,96.0,94,55000000
yolo_final_open_v3,35,5.0,-30.0,5.0000000000673825,-29.999999999554205,5.024417080652056,-30.055827670988773,True,True,0.024417080584673734,-0.05582767143456735,5.20486307144165,0.9573808312416077,545.0,199.0,77.0,96.0,94,120000000
yolo_final_open_v3,35,5.0,-30.0,5.0000000000673825,-29.999999999554205,5.024417080652056,-30.055827670988773,True,True,0.024417080584673734,-0.05582767143456735,5.267547130584717,0.9573808312416077,545.0,199.0,77.0,96.0,94,185000000
yolo_final_open_v3,35,5.0,-30.0,5.0000000000673825,-29.999999999554205,5.024417080652056,-30.055827670988773,True,True,0.024417080584673734,-0.05582767143456735,6.9503889083862305,0.9573808312416077,545.0,199.0,77.0,96.0,94,250000000
yolo_final_open_v3,35,5.0,-30.0,5.0000000000673825,-29.999999999554205,5.024417080652056,-30.055827670988773,True,True,0.024417080584673734,-0.05582767143456735,8.631328582763672,0.9573808312416077,545.0,199.0,77.0,96.0,94,315000000
yolo_final_open_v3,35,5.0,-30.0,5.0000000000673825,-29.999999999554205,5.024417080652056,-30.055827670988773,True,True,0.024417080584673734,-0.05582767143456735,8.631328582763672,0.9573808312416077,545.0,199.0,77.0,96.0,94,385000000
yolo_final_open_v3,35,5.0,-30.0,5.0000000000673825,-29.999999999554205,5.024417080652056,-30.055827670988773,True,True,0.024417080584673734,-0.05582767143456735,5.3263421058654785,0.9573808312416077,545.0,199.0,77.0,96.0,94,450000000
yolo_final_open_v3,35,5.0,-30.0,5.0000000000673825,-29.999999999554205,5.024417080652056,-30.055827670988773,True,True,0.024417080584673734,-0.05582767143456735,8.243853569030762,0.9573808312416077,545.0,199.0,77.0,96.0,94,515000000
yolo_final_open_v3,35,5.0,-30.0,5.0000000000673825,-29.999999999554205,5.024417080652056,-30.055827670988773,True,True,0.024417080584673734,-0.05582767143456735,8.243853569030762,0.9573808312416077,545.0,199.0,77.0,96.0,94,580000000
yolo_final_open_v3,35,5.0,-30.0,5.0000000000673825,-29.999999999554205,5.024417080652056,-30.055827670988773,True,True,0.024417080584673734,-0.05582767143456735,5.272634029388428,0.9573808312416077,545.0,199.0,77.0,96.0,94,645000000
yolo_final_open_v3,35,5.0,-30.0,5.0000000000673825,-29.999999999554205,5.024417080652056,-30.055827670988773,True,True,0.024417080584673734,-0.05582767143456735,8.386763572692871,0.9573808312416077,545.0,199.0,77.0,96.0,94,715000000
yolo_final_open_v3,35,5.0,-30.0,5.0000000000673825,-29.999999999554205,5.024417080652056,-30.055827670988773,True,True,0.024417080584673734,-0.05582767143456735,8.461675643920898,0.9573808312416077,545.0,199.0,77.0,96.0,94,780000000
yolo_final_open_v3,35,5.0,-30.0,5.0000000000673825,-29.999999999554205,5.024417080652056,-30.055827670988773,True,True,0.024417080584673734,-0.05582767143456735,8.131519317626953,0.9573808312416077,545.0,199.0,77.0,96.0,94,845000000
yolo_final_open_v3,35,5.0,-30.0,5.0000000000673825,-29.999999999554205,5.024417080652056,-30.055827670988773,True,True,0.024417080584673734,-0.05582767143456735,8.131519317626953,0.9573808312416077,545.0,199.0,77.0,96.0,94,910000000
yolo_final_open_v3,35,5.0,-30.0,5.0000000000673825,-29.999999999554205,5.024417080652056,-30.055827670988773,True,True,0.024417080584673734,-0.05582767143456735,5.258721828460693,0.9573808312416077,545.0,199.0,77.0,96.0,94,975000000
yolo_final_open_v3,35,5.0,-30.0,5.0000000000673825,-29.999999999554205,5.024417080652056,-30.055827670988773,True,True,0.024417080584673734,-0.05582767143456735,5.378891944885254,0.9573808312416077,545.0,199.0,77.0,96.0,95,45000000
yolo_final_open_v3,35,5.0,-30.0,5.0000000000673825,-29.999999999554205,5.024417080652056,-30.055827670988773,True,True,0.024417080584673734,-0.05582767143456735,5.463973045349121,0.9573808312416077,545.0,199.0,77.0,96.0,95,110000000
yolo_final_open_v3,35,5.0,-30.0,5.0000000000673825,-29.999999999554205,5.024417080652056,-30.055827670988773,True,True,0.024417080584673734,-0.05582767143456735,5.401917934417725,0.9573808312416077,545.0,199.0,77.0,96.0,95,175000000
yolo_final_open_v3,35,5.0,-30.0,5.0000000000673825,-29.999999999554205,5.024417080652056,-30.055827670988773,True,True,0.024417080584673734,-0.05582767143456735,5.428998947143555,0.9573808312416077,545.0,199.0,77.0,96.0,95,240000000
yolo_final_open_v3,35,5.0,-30.0,5.0000000000673825,-29.999999999554205,5.024417080652056,-30.055827670988773,True,True,0.024417080584673734,-0.05582767143456735,5.428998947143555,0.9573808312416077,545.0,199.0,77.0,96.0,95,440000000
yolo_final_open_v3,35,5.0,-30.0,5.0000000000673825,-29.999999999554205,5.024417080652056,-30.055827670988773,True,True,0.024417080584673734,-0.05582767143456735,7.371979236602783,0.9573808312416077,545.0,199.0,77.0,96.0,95,505000000
yolo_final_open_v3,35,5.0,-30.0,5.0000000000673825,-29.999999999554205,5.024417080652056,-30.055827670988773,True,True,0.024417080584673734,-0.05582767143456735,5.442809104919434,0.9573808312416077,545.0,199.0,77.0,96.0,95,570000000
yolo_final_open_v3,35,5.0,-30.0,5.0000000000673825,-29.999999999554205,5.024417080652056,-30.055827670988773,True,True,0.024417080584673734,-0.05582767143456735,5.556173801422119,0.9573808312416077,545.0,199.0,77.0,96.0,95,635000000
yolo_final_open_v3,35,5.0,-30.0,5.0000000000673825,-29.999999999554205,5.024417080652056,-30.055827670988773,True,True,0.024417080584673734,-0.05582767143456735,5.10866117477417,0.9573808312416077,545.0,199.0,77.0,96.0,95,705000000
yolo_final_open_v3,35,5.0,-30.0,5.0000000000673825,-29.999999999554205,5.024417080652056,-30.055827670988773,True,True,0.024417080584673734,-0.05582767143456735,5.10866117477417,0.9573808312416077,545.0,199.0,77.0,96.0,95,770000000
yolo_final_open_v3,36,5.0,-20.0,5.000000000193323,-20.000000003725884,5.01015755697054,-20.092713808825522,True,True,0.010157556777217636,-0.09271380509963834,5.702064037322998,0.9675305485725403,452.0,202.0,70.0,88.0,96,495000000
yolo_final_open_v3,36,5.0,-20.0,5.000000000193323,-20.000000003725884,5.01015755697054,-20.092713808825522,True,True,0.010157556777217636,-0.09271380509963834,5.436408996582031,0.9675305485725403,452.0,202.0,70.0,88.0,96,560000000
yolo_final_open_v3,36,5.0,-20.0,5.000000000193323,-20.000000003725884,5.01015755697054,-20.092713808825522,True,True,0.010157556777217636,-0.09271380509963834,5.588746070861816,0.9675305485725403,452.0,202.0,70.0,88.0,96,625000000
yolo_final_open_v3,36,5.0,-20.0,5.000000000193323,-20.000000003725884,5.01015755697054,-20.092713808825522,True,True,0.010157556777217636,-0.09271380509963834,5.615115165710449,0.9675305485725403,452.0,202.0,70.0,88.0,96,760000000
yolo_final_open_v3,36,5.0,-20.0,5.000000000193323,-20.000000003725884,5.01015755697054,-20.092713808825522,True,True,0.010157556777217636,-0.09271380509963834,5.620376110076904,0.9675305485725403,452.0,202.0,70.0,88.0,96,825000000
yolo_final_open_v3,36,5.0,-20.0,5.000000000193323,-20.000000003725884,5.01015755697054,-20.092713808825522,True,True,0.010157556777217636,-0.09271380509963834,7.366396903991699,0.9675305485725403,452.0,202.0,70.0,88.0,96,890000000
yolo_final_open_v3,36,5.0,-20.0,5.000000000193323,-20.000000003725884,5.01015755697054,-20.092713808825522,True,True,0.010157556777217636,-0.09271380509963834,7.366396903991699,0.9675305485725403,452.0,202.0,70.0,88.0,96,955000000
yolo_final_open_v3,36,5.0,-20.0,5.000000000193323,-20.000000003725884,5.01015755697054,-20.092713808825522,True,True,0.010157556777217636,-0.09271380509963834,5.711725234985352,0.9675305485725403,452.0,202.0,70.0,88.0,97,25000000
yolo_final_open_v3,36,5.0,-20.0,5.000000000193323,-20.000000003725884,5.01015755697054,-20.092713808825522,True,True,0.010157556777217636,-0.09271380509963834,5.4955339431762695,0.9675305485725403,452.0,202.0,70.0,88.0,97,90000000
yolo_final_open_v3,36,5.0,-20.0,5.000000000193323,-20.000000003725884,5.01015755697054,-20.092713808825522,True,True,0.010157556777217636,-0.09271380509963834,5.4955339431762695,0.9675305485725403,452.0,202.0,70.0,88.0,97,155000000
yolo_final_open_v3,36,5.0,-20.0,5.000000000193323,-20.000000003725884,5.01015755697054,-20.092713808825522,True,True,0.010157556777217636,-0.09271380509963834,7.782382965087891,0.9675305485725403,452.0,202.0,70.0,88.0,97,220000000
yolo_final_open_v3,36,5.0,-20.0,5.000000000193323,-20.000000003725884,5.01015755697054,-20.092713808825522,True,True,0.010157556777217636,-0.09271380509963834,7.214900970458984,0.9675305485725403,452.0,202.0,70.0,88.0,97,285000000
yolo_final_open_v3,36,5.0,-20.0,5.000000000193323,-20.000000003725884,5.01015755697054,-20.092713808825522,True,True,0.010157556777217636,-0.09271380509963834,7.4490838050842285,0.9675305485725403,452.0,202.0,70.0,88.0,97,420000000
yolo_final_open_v3,36,5.0,-20.0,5.000000000193323,-20.000000003725884,5.01015755697054,-20.092713808825522,True,True,0.010157556777217636,-0.09271380509963834,7.426380157470703,0.9675305485725403,452.0,202.0,70.0,88.0,97,485000000
yolo_final_open_v3,36,5.0,-20.0,5.000000000193323,-20.000000003725884,5.01015755697054,-20.092713808825522,True,True,0.010157556777217636,-0.09271380509963834,6.011300086975098,0.9675305485725403,452.0,202.0,70.0,88.0,97,550000000
yolo_final_open_v3,36,5.0,-20.0,5.000000000193323,-20.000000003725884,5.01015755697054,-20.092713808825522,True,True,0.010157556777217636,-0.09271380509963834,5.966667175292969,0.9675305485725403,452.0,202.0,70.0,88.0,97,615000000
yolo_final_open_v3,36,5.0,-20.0,5.000000000193323,-20.000000003725884,5.01015755697054,-20.092713808825522,True,True,0.010157556777217636,-0.09271380509963834,7.2585601806640625,0.9675305485725403,452.0,202.0,70.0,88.0,97,685000000
yolo_final_open_v3,36,5.0,-20.0,5.000000000193323,-20.000000003725884,5.01015755697054,-20.092713808825522,True,True,0.010157556777217636,-0.09271380509963834,5.372509956359863,0.9675305485725403,452.0,202.0,70.0,88.0,97,815000000
yolo_final_open_v3,36,5.0,-20.0,5.000000000193323,-20.000000003725884,5.01015755697054,-20.092713808825522,True,True,0.010157556777217636,-0.09271380509963834,5.193266868591309,0.9675305485725403,452.0,202.0,70.0,88.0,97,880000000
yolo_final_open_v3,36,5.0,-20.0,5.000000000193323,-20.000000003725884,5.01015755697054,-20.092713808825522,True,True,0.010157556777217636,-0.09271380509963834,5.2427802085876465,0.9675305485725403,452.0,202.0,70.0,88.0,97,945000000
yolo_final_open_v3,36,5.0,-20.0,5.000000000193323,-20.000000003725884,5.01015755697054,-20.092713808825522,True,True,0.010157556777217636,-0.09271380509963834,5.2427802085876465,0.9675305485725403,452.0,202.0,70.0,88.0,98,15000000
yolo_final_open_v3,36,5.0,-20.0,5.000000000193323,-20.000000003725884,5.01015755697054,-20.092713808825522,True,True,0.010157556777217636,-0.09271380509963834,5.283229827880859,0.9675305485725403,452.0,202.0,70.0,88.0,98,80000000
yolo_final_open_v3,36,5.0,-20.0,5.000000000193323,-20.000000003725884,5.01015755697054,-20.092713808825522,True,True,0.010157556777217636,-0.09271380509963834,5.283229827880859,0.9675305485725403,452.0,202.0,70.0,88.0,98,145000000
yolo_final_open_v3,36,5.0,-20.0,5.000000000193323,-20.000000003725884,5.01015755697054,-20.092713808825522,True,True,0.010157556777217636,-0.09271380509963834,5.225457191467285,0.9675305485725403,452.0,202.0,70.0,88.0,98,210000000
yolo_final_open_v3,36,5.0,-20.0,5.000000000193323,-20.000000003725884,5.01015755697054,-20.092713808825522,True,True,0.010157556777217636,-0.09271380509963834,5.37982177734375,0.9675305485725403,452.0,202.0,70.0,88.0,98,275000000
yolo_final_open_v3,36,5.0,-20.0,5.000000000193323,-20.000000003725884,5.01015755697054,-20.092713808825522,True,True,0.010157556777217636,-0.09271380509963834,5.665976047515869,0.9675305485725403,452.0,202.0,70.0,88.0,98,410000000
yolo_final_open_v3,36,5.0,-20.0,5.000000000193323,-20.000000003725884,5.01015755697054,-20.092713808825522,True,True,0.010157556777217636,-0.09271380509963834,5.665976047515869,0.9675305485725403,452.0,202.0,70.0,88.0,98,475000000
yolo_final_open_v3,36,5.0,-20.0,5.000000000193323,-20.000000003725884,5.01015755697054,-20.092713808825522,True,True,0.010157556777217636,-0.09271380509963834,5.330603122711182,0.9675305485725403,452.0,202.0,70.0,88.0,98,540000000
yolo_final_open_v3,36,5.0,-20.0,5.000000000193323,-20.000000003725884,5.01015755697054,-20.092713808825522,True,True,0.010157556777217636,-0.09271380509963834,5.330603122711182,0.9675305485725403,452.0,202.0,70.0,88.0,98,605000000
yolo_final_open_v3,36,5.0,-20.0,5.000000000193323,-20.000000003725884,5.01015755697054,-20.092713808825522,True,True,0.010157556777217636,-0.09271380509963834,6.203496932983398,0.9675305485725403,452.0,202.0,70.0,88.0,98,675000000
yolo_final_open_v3,37,5.0,-10.0,4.99999999993387,-9.999999999730417,5.040449481407357,-10.100650925500757,True,True,0.04044948147348748,-0.1006509257703403,7.9681291580200195,0.9675305485725403,452.0,202.0,70.0,88.0,99,135000000
yolo_final_open_v3,37,5.0,-10.0,4.99999999993387,-9.999999999730417,5.040449481407357,-10.100650925500757,True,True,0.04044948147348748,-0.1006509257703403,7.442083835601807,0.9578811526298523,368.0,204.0,66.0,84.0,99,200000000
yolo_final_open_v3,37,5.0,-10.0,4.99999999993387,-9.999999999730417,5.040449481407357,-10.100650925500757,True,True,0.04044948147348748,-0.1006509257703403,5.482101917266846,0.9578811526298523,368.0,204.0,66.0,84.0,99,265000000
yolo_final_open_v3,37,5.0,-10.0,4.99999999993387,-9.999999999730417,5.040449481407357,-10.100650925500757,True,True,0.04044948147348748,-0.1006509257703403,5.662189960479736,0.9578811526298523,368.0,204.0,66.0,84.0,99,335000000
yolo_final_open_v3,37,5.0,-10.0,4.99999999993387,-9.999999999730417,5.040449481407357,-10.100650925500757,True,True,0.04044948147348748,-0.1006509257703403,5.214181900024414,0.9578811526298523,368.0,204.0,66.0,84.0,99,400000000
yolo_final_open_v3,37,5.0,-10.0,4.99999999993387,-9.999999999730417,5.040449481407357,-10.100650925500757,True,True,0.04044948147348748,-0.1006509257703403,5.214181900024414,0.9578811526298523,368.0,204.0,66.0,84.0,99,465000000
yolo_final_open_v3,37,5.0,-10.0,4.99999999993387,-9.999999999730417,5.040449481407357,-10.100650925500757,True,True,0.04044948147348748,-0.1006509257703403,5.476708889007568,0.9578811526298523,368.0,204.0,66.0,84.0,99,530000000
yolo_final_open_v3,37,5.0,-10.0,4.99999999993387,-9.999999999730417,5.040449481407357,-10.100650925500757,True,True,0.04044948147348748,-0.1006509257703403,5.654017925262451,0.9578811526298523,368.0,204.0,66.0,84.0,99,595000000
yolo_final_open_v3,37,5.0,-10.0,4.99999999993387,-9.999999999730417,5.040449481407357,-10.100650925500757,True,True,0.04044948147348748,-0.1006509257703403,6.047789096832275,0.9578811526298523,368.0,204.0,66.0,84.0,99,665000000
yolo_final_open_v3,37,5.0,-10.0,4.99999999993387,-9.999999999730417,5.040449481407357,-10.100650925500757,True,True,0.04044948147348748,-0.1006509257703403,5.7463250160217285,0.9578811526298523,368.0,204.0,66.0,84.0,99,730000000
yolo_final_open_v3,37,5.0,-10.0,4.99999999993387,-9.999999999730417,5.040449481407357,-10.100650925500757,True,True,0.04044948147348748,-0.1006509257703403,5.735086917877197,0.9578811526298523,368.0,204.0,66.0,84.0,99,795000000
yolo_final_open_v3,37,5.0,-10.0,4.99999999993387,-9.999999999730417,5.040449481407357,-10.100650925500757,True,True,0.04044948147348748,-0.1006509257703403,5.735086917877197,0.9578811526298523,368.0,204.0,66.0,84.0,99,860000000
yolo_final_open_v3,37,5.0,-10.0,4.99999999993387,-9.999999999730417,5.040449481407357,-10.100650925500757,True,True,0.04044948147348748,-0.1006509257703403,7.745646953582764,0.9578811526298523,368.0,204.0,66.0,84.0,99,925000000
yolo_final_open_v3,37,5.0,-10.0,4.99999999993387,-9.999999999730417,5.040449481407357,-10.100650925500757,True,True,0.04044948147348748,-0.1006509257703403,6.053960800170898,0.9578811526298523,368.0,204.0,66.0,84.0,99,995000000
yolo_final_open_v3,37,5.0,-10.0,4.99999999993387,-9.999999999730417,5.040449481407357,-10.100650925500757,True,True,0.04044948147348748,-0.1006509257703403,8.012606620788574,0.9578811526298523,368.0,204.0,66.0,84.0,100,60000000
yolo_final_open_v3,37,5.0,-10.0,4.99999999993387,-9.999999999730417,5.040449481407357,-10.100650925500757,True,True,0.04044948147348748,-0.1006509257703403,8.012606620788574,0.9578811526298523,368.0,204.0,66.0,84.0,100,190000000
yolo_final_open_v3,37,5.0,-10.0,4.99999999993387,-9.999999999730417,5.040449481407357,-10.100650925500757,True,True,0.04044948147348748,-0.1006509257703403,8.255621910095215,0.9578811526298523,368.0,204.0,66.0,84.0,100,255000000
yolo_final_open_v3,37,5.0,-10.0,4.99999999993387,-9.999999999730417,5.040449481407357,-10.100650925500757,True,True,0.04044948147348748,-0.1006509257703403,7.91153621673584,0.9578811526298523,368.0,204.0,66.0,84.0,100,325000000
yolo_final_open_v3,37,5.0,-10.0,4.99999999993387,-9.999999999730417,5.040449481407357,-10.100650925500757,True,True,0.04044948147348748,-0.1006509257703403,7.252943992614746,0.9578811526298523,368.0,204.0,66.0,84.0,100,390000000
yolo_final_open_v3,37,5.0,-10.0,4.99999999993387,-9.999999999730417,5.040449481407357,-10.100650925500757,True,True,0.04044948147348748,-0.1006509257703403,5.566866874694824,0.9578811526298523,368.0,204.0,66.0,84.0,100,520000000
yolo_final_open_v3,37,5.0,-10.0,4.99999999993387,-9.999999999730417,5.040449481407357,-10.100650925500757,True,True,0.04044948147348748,-0.1006509257703403,7.6320061683654785,0.9578811526298523,368.0,204.0,66.0,84.0,100,585000000
yolo_final_open_v3,37,5.0,-10.0,4.99999999993387,-9.999999999730417,5.040449481407357,-10.100650925500757,True,True,0.04044948147348748,-0.1006509257703403,7.451780796051025,0.9578811526298523,368.0,204.0,66.0,84.0,100,655000000
yolo_final_open_v3,37,5.0,-10.0,4.99999999993387,-9.999999999730417,5.040449481407357,-10.100650925500757,True,True,0.04044948147348748,-0.1006509257703403,5.63591194152832,0.9578811526298523,368.0,204.0,66.0,84.0,100,720000000
yolo_final_open_v3,37,5.0,-10.0,4.99999999993387,-9.999999999730417,5.040449481407357,-10.100650925500757,True,True,0.04044948147348748,-0.1006509257703403,5.6111578941345215,0.9578811526298523,368.0,204.0,66.0,84.0,100,850000000
yolo_final_open_v3,37,5.0,-10.0,4.99999999993387,-9.999999999730417,5.040449481407357,-10.100650925500757,True,True,0.04044948147348748,-0.1006509257703403,5.198459148406982,0.9578811526298523,368.0,204.0,66.0,84.0,100,985000000
yolo_final_open_v3,37,5.0,-10.0,4.99999999993387,-9.999999999730417,5.040449481407357,-10.100650925500757,True,True,0.04044948147348748,-0.1006509257703403,5.198459148406982,0.9578811526298523,368.0,204.0,66.0,84.0,101,50000000
yolo_final_open_v3,37,5.0,-10.0,4.99999999993387,-9.999999999730417,5.040449481407357,-10.100650925500757,True,True,0.04044948147348748,-0.1006509257703403,5.758762836456299,0.9578811526298523,368.0,204.0,66.0,84.0,101,115000000
yolo_final_open_v3,37,5.0,-10.0,4.99999999993387,-9.999999999730417,5.040449481407357,-10.100650925500757,True,True,0.04044948147348748,-0.1006509257703403,5.8353681564331055,0.9578811526298523,368.0,204.0,66.0,84.0,101,180000000
yolo_final_open_v3,37,5.0,-10.0,4.99999999993387,-9.999999999730417,5.040449481407357,-10.100650925500757,True,True,0.04044948147348748,-0.1006509257703403,6.87110710144043,0.9578811526298523,368.0,204.0,66.0,84.0,101,245000000
yolo_final_open_v3,37,5.0,-10.0,4.99999999993387,-9.999999999730417,5.040449481407357,-10.100650925500757,True,True,0.04044948147348748,-0.1006509257703403,6.87110710144043,0.9578811526298523,368.0,204.0,66.0,84.0,101,315000000
yolo_final_open_v3,38,5.0,0.0,5.0,0.0,5.040449481407357,-10.100650925500757,True,True,0.04044948140735727,-10.100650925500757,5.659261226654053,0.9578811526298523,368.0,204.0,66.0,84.0,101,710000000
yolo_final_open_v3,38,5.0,0.0,5.0,0.0,5.015042337820207,-0.10026892675073983,True,True,0.015042337820206697,-0.10026892675073983,7.987471103668213,0.9578811526298523,368.0,204.0,66.0,84.0,101,775000000
yolo_final_open_v3,38,5.0,0.0,5.0,0.0,5.015042337820207,-0.10026892675073983,True,True,0.015042337820206697,-0.10026892675073983,5.461390972137451,0.9594082236289978,288.0,205.0,65.0,83.0,101,840000000
yolo_final_open_v3,38,5.0,0.0,5.0,0.0,5.015042337820207,-0.10026892675073983,True,True,0.015042337820206697,-0.10026892675073983,6.028858184814453,0.9594082236289978,288.0,205.0,65.0,83.0,101,905000000
yolo_final_open_v3,38,5.0,0.0,5.0,0.0,5.015042337820207,-0.10026892675073983,True,True,0.015042337820206697,-0.10026892675073983,5.10969877243042,0.9594082236289978,288.0,205.0,65.0,83.0,101,975000000
yolo_final_open_v3,38,5.0,0.0,5.0,0.0,5.015042337820207,-0.10026892675073983,True,True,0.015042337820206697,-0.10026892675073983,5.10969877243042,0.9594082236289978,288.0,205.0,65.0,83.0,102,40000000
yolo_final_open_v3,38,5.0,0.0,5.0,0.0,5.015042337820207,-0.10026892675073983,True,True,0.015042337820206697,-0.10026892675073983,5.738956928253174,0.9594082236289978,288.0,205.0,65.0,83.0,102,105000000
yolo_final_open_v3,38,5.0,0.0,5.0,0.0,5.015042337820207,-0.10026892675073983,True,True,0.015042337820206697,-0.10026892675073983,5.5232439041137695,0.9594082236289978,288.0,205.0,65.0,83.0,102,170000000
yolo_final_open_v3,38,5.0,0.0,5.0,0.0,5.015042337820207,-0.10026892675073983,True,True,0.015042337820206697,-0.10026892675073983,8.322616577148438,0.9594082236289978,288.0,205.0,65.0,83.0,102,235000000
yolo_final_open_v3,38,5.0,0.0,5.0,0.0,5.015042337820207,-0.10026892675073983,True,True,0.015042337820206697,-0.10026892675073983,5.397322177886963,0.9594082236289978,288.0,205.0,65.0,83.0,102,305000000
yolo_final_open_v3,38,5.0,0.0,5.0,0.0,5.015042337820207,-0.10026892675073983,True,True,0.015042337820206697,-0.10026892675073983,6.75889778137207,0.9594082236289978,288.0,205.0,65.0,83.0,102,370000000
yolo_final_open_v3,38,5.0,0.0,5.0,0.0,5.015042337820207,-0.10026892675073983,True,True,0.015042337820206697,-0.10026892675073983,7.353753089904785,0.9594082236289978,288.0,205.0,65.0,83.0,102,500000000
yolo_final_open_v3,38,5.0,0.0,5.0,0.0,5.015042337820207,-0.10026892675073983,True,True,0.015042337820206697,-0.10026892675073983,8.207660675048828,0.9594082236289978,288.0,205.0,65.0,83.0,102,565000000
yolo_final_open_v3,38,5.0,0.0,5.0,0.0,5.015042337820207,-0.10026892675073983,True,True,0.015042337820206697,-0.10026892675073983,7.314046859741211,0.9594082236289978,288.0,205.0,65.0,83.0,102,635000000
yolo_final_open_v3,38,5.0,0.0,5.0,0.0,5.015042337820207,-0.10026892675073983,True,True,0.015042337820206697,-0.10026892675073983,6.153775215148926,0.9594082236289978,288.0,205.0,65.0,83.0,102,700000000
yolo_final_open_v3,38,5.0,0.0,5.0,0.0,5.015042337820207,-0.10026892675073983,True,True,0.015042337820206697,-0.10026892675073983,7.124722957611084,0.9594082236289978,288.0,205.0,65.0,83.0,102,765000000
yolo_final_open_v3,38,5.0,0.0,5.0,0.0,5.015042337820207,-0.10026892675073983,True,True,0.015042337820206697,-0.10026892675073983,6.434924125671387,0.9594082236289978,288.0,205.0,65.0,83.0,102,830000000
yolo_final_open_v3,38,5.0,0.0,5.0,0.0,5.015042337820207,-0.10026892675073983,True,True,0.015042337820206697,-0.10026892675073983,5.18519401550293,0.9594082236289978,288.0,205.0,65.0,83.0,102,895000000
yolo_final_open_v3,38,5.0,0.0,5.0,0.0,5.015042337820207,-0.10026892675073983,True,True,0.015042337820206697,-0.10026892675073983,5.18519401550293,0.9594082236289978,288.0,205.0,65.0,83.0,102,965000000
yolo_final_open_v3,38,5.0,0.0,5.0,0.0,5.015042337820207,-0.10026892675073983,True,True,0.015042337820206697,-0.10026892675073983,7.714169979095459,0.9594082236289978,288.0,205.0,65.0,83.0,103,30000000
yolo_final_open_v3,38,5.0,0.0,5.0,0.0,5.015042337820207,-0.10026892675073983,True,True,0.015042337820206697,-0.10026892675073983,5.138241767883301,0.9594082236289978,288.0,205.0,65.0,83.0,103,160000000
yolo_final_open_v3,38,5.0,0.0,5.0,0.0,5.015042337820207,-0.10026892675073983,True,True,0.015042337820206697,-0.10026892675073983,5.074489116668701,0.9594082236289978,288.0,205.0,65.0,83.0,103,225000000
yolo_final_open_v3,38,5.0,0.0,5.0,0.0,5.015042337820207,-0.10026892675073983,True,True,0.015042337820206697,-0.10026892675073983,5.210753917694092,0.9594082236289978,288.0,205.0,65.0,83.0,103,295000000
yolo_final_open_v3,38,5.0,0.0,5.0,0.0,5.015042337820207,-0.10026892675073983,True,True,0.015042337820206697,-0.10026892675073983,5.853231906890869,0.9594082236289978,288.0,205.0,65.0,83.0,103,360000000
yolo_final_open_v3,38,5.0,0.0,5.0,0.0,5.015042337820207,-0.10026892675073983,True,True,0.015042337820206697,-0.10026892675073983,5.153937816619873,0.9594082236289978,288.0,205.0,65.0,83.0,103,425000000
yolo_final_open_v3,38,5.0,0.0,5.0,0.0,5.015042337820207,-0.10026892675073983,True,True,0.015042337820206697,-0.10026892675073983,5.476844787597656,0.9594082236289978,288.0,205.0,65.0,83.0,103,490000000
yolo_final_open_v3,38,5.0,0.0,5.0,0.0,5.015042337820207,-0.10026892675073983,True,True,0.015042337820206697,-0.10026892675073983,5.85618782043457,0.9594082236289978,288.0,205.0,65.0,83.0,103,555000000
yolo_final_open_v3,38,5.0,0.0,5.0,0.0,5.015042337820207,-0.10026892675073983,True,True,0.015042337820206697,-0.10026892675073983,5.85618782043457,0.9594082236289978,288.0,205.0,65.0,83.0,103,690000000
yolo_final_open_v3,38,5.0,0.0,5.0,0.0,5.015042337820207,-0.10026892675073983,True,True,0.015042337820206697,-0.10026892675073983,5.672677993774414,0.9594082236289978,288.0,205.0,65.0,83.0,103,755000000
yolo_final_open_v3,38,5.0,0.0,5.0,0.0,5.015042337820207,-0.10026892675073983,True,True,0.015042337820206697,-0.10026892675073983,5.672677993774414,0.9594082236289978,288.0,205.0,65.0,83.0,103,820000000
yolo_final_open_v3,39,5.0,10.0,4.9999999998817755,9.999999996344895,4.99931093953948,9.971255190853244,True,True,-0.0006890603422951003,-0.028744805491651704,7.299930095672607,0.9594082236289978,288.0,205.0,65.0,83.0,104,215000000
yolo_final_open_v3,39,5.0,10.0,4.9999999998817755,9.999999996344895,4.99931093953948,9.971255190853244,True,True,-0.0006890603422951003,-0.028744805491651704,6.6907501220703125,0.9579359889030457,205.0,204.0,68.0,84.0,104,285000000
yolo_final_open_v3,39,5.0,10.0,4.9999999998817755,9.999999996344895,4.99931093953948,9.971255190853244,True,True,-0.0006890603422951003,-0.028744805491651704,5.542372226715088,0.9579359889030457,205.0,204.0,68.0,84.0,104,350000000
yolo_final_open_v3,39,5.0,10.0,4.9999999998817755,9.999999996344895,4.99931093953948,9.971255190853244,True,True,-0.0006890603422951003,-0.028744805491651704,5.245725154876709,0.9579359889030457,205.0,204.0,68.0,84.0,104,415000000
yolo_final_open_v3,39,5.0,10.0,4.9999999998817755,9.999999996344895,4.99931093953948,9.971255190853244,True,True,-0.0006890603422951003,-0.028744805491651704,5.67301607131958,0.9579359889030457,205.0,204.0,68.0,84.0,104,480000000
yolo_final_open_v3,39,5.0,10.0,4.9999999998817755,9.999999996344895,4.99931093953948,9.971255190853244,True,True,-0.0006890603422951003,-0.028744805491651704,5.67301607131958,0.9579359889030457,205.0,204.0,68.0,84.0,104,545000000
yolo_final_open_v3,39,5.0,10.0,4.9999999998817755,9.999999996344895,4.99931093953948,9.971255190853244,True,True,-0.0006890603422951003,-0.028744805491651704,5.345280170440674,0.9579359889030457,205.0,204.0,68.0,84.0,104,680000000
yolo_final_open_v3,39,5.0,10.0,4.9999999998817755,9.999999996344895,4.99931093953948,9.971255190853244,True,True,-0.0006890603422951003,-0.028744805491651704,5.513476848602295,0.9579359889030457,205.0,204.0,68.0,84.0,104,745000000
yolo_final_open_v3,39,5.0,10.0,4.9999999998817755,9.999999996344895,4.99931093953948,9.971255190853244,True,True,-0.0006890603422951003,-0.028744805491651704,6.441763877868652,0.9579359889030457,205.0,204.0,68.0,84.0,104,810000000
yolo_final_open_v3,39,5.0,10.0,4.9999999998817755,9.999999996344895,4.99931093953948,9.971255190853244,True,True,-0.0006890603422951003,-0.028744805491651704,6.899445056915283,0.9579359889030457,205.0,204.0,68.0,84.0,104,875000000
yolo_final_open_v3,39,5.0,10.0,4.9999999998817755,9.999999996344895,4.99931093953948,9.971255190853244,True,True,-0.0006890603422951003,-0.028744805491651704,5.696589946746826,0.9579359889030457,205.0,204.0,68.0,84.0,104,945000000
yolo_final_open_v3,39,5.0,10.0,4.9999999998817755,9.999999996344895,4.99931093953948,9.971255190853244,True,True,-0.0006890603422951003,-0.028744805491651704,5.973805904388428,0.9579359889030457,205.0,204.0,68.0,84.0,105,10000000
yolo_final_open_v3,39,5.0,10.0,4.9999999998817755,9.999999996344895,4.99931093953948,9.971255190853244,True,True,-0.0006890603422951003,-0.028744805491651704,7.063937187194824,0.9579359889030457,205.0,204.0,68.0,84.0,105,75000000
yolo_final_open_v3,39,5.0,10.0,4.9999999998817755,9.999999996344895,4.99931093953948,9.971255190853244,True,True,-0.0006890603422951003,-0.028744805491651704,8.7700777053833,0.9579359889030457,205.0,204.0,68.0,84.0,105,140000000
yolo_final_open_v3,39,5.0,10.0,4.9999999998817755,9.999999996344895,4.99931093953948,9.971255190853244,True,True,-0.0006890603422951003,-0.028744805491651704,8.7700777053833,0.9579359889030457,205.0,204.0,68.0,84.0,105,205000000
yolo_final_open_v3,39,5.0,10.0,4.9999999998817755,9.999999996344895,4.99931093953948,9.971255190853244,True,True,-0.0006890603422951003,-0.028744805491651704,7.846473217010498,0.9579359889030457,205.0,204.0,68.0,84.0,105,275000000
yolo_final_open_v3,39,5.0,10.0,4.9999999998817755,9.999999996344895,4.99931093953948,9.971255190853244,True,True,-0.0006890603422951003,-0.028744805491651704,10.299827575683594,0.9579359889030457,205.0,204.0,68.0,84.0,105,340000000
yolo_final_open_v3,39,5.0,10.0,4.9999999998817755,9.999999996344895,4.99931093953948,9.971255190853244,True,True,-0.0006890603422951003,-0.028744805491651704,8.322394371032715,0.9579359889030457,205.0,204.0,68.0,84.0,105,405000000
yolo_final_open_v3,39,5.0,10.0,4.9999999998817755,9.999999996344895,4.99931093953948,9.971255190853244,True,True,-0.0006890603422951003,-0.028744805491651704,8.464176177978516,0.9579359889030457,205.0,204.0,68.0,84.0,105,470000000
yolo_final_open_v3,39,5.0,10.0,4.9999999998817755,9.999999996344895,4.99931093953948,9.971255190853244,True,True,-0.0006890603422951003,-0.028744805491651704,8.464176177978516,0.9579359889030457,205.0,204.0,68.0,84.0,105,535000000
yolo_final_open_v3,39,5.0,10.0,4.9999999998817755,9.999999996344895,4.99931093953948,9.971255190853244,True,True,-0.0006890603422951003,-0.028744805491651704,8.428297996520996,0.9579359889030457,205.0,204.0,68.0,84.0,105,605000000
yolo_final_open_v3,39,5.0,10.0,4.9999999998817755,9.999999996344895,4.99931093953948,9.971255190853244,True,True,-0.0006890603422951003,-0.028744805491651704,8.428297996520996,0.9579359889030457,205.0,204.0,68.0,84.0,105,670000000
yolo_final_open_v3,39,5.0,10.0,4.9999999998817755,9.999999996344895,4.99931093953948,9.971255190853244,True,True,-0.0006890603422951003,-0.028744805491651704,5.40880012512207,0.9579359889030457,205.0,204.0,68.0,84.0,105,735000000
yolo_final_open_v3,39,5.0,10.0,4.9999999998817755,9.999999996344895,4.99931093953948,9.971255190853244,True,True,-0.0006890603422951003,-0.028744805491651704,5.40880012512207,0.9579359889030457,205.0,204.0,68.0,84.0,105,800000000
yolo_final_open_v3,39,5.0,10.0,4.9999999998817755,9.999999996344895,4.99931093953948,9.971255190853244,True,True,-0.0006890603422951003,-0.028744805491651704,5.217088222503662,0.9579359889030457,205.0,204.0,68.0,84.0,105,865000000
yolo_final_open_v3,39,5.0,10.0,4.9999999998817755,9.999999996344895,4.99931093953948,9.971255190853244,True,True,-0.0006890603422951003,-0.028744805491651704,5.217088222503662,0.9579359889030457,205.0,204.0,68.0,84.0,105,935000000
yolo_final_open_v3,39,5.0,10.0,4.9999999998817755,9.999999996344895,4.99931093953948,9.971255190853244,True,True,-0.0006890603422951003,-0.028744805491651704,5.171639919281006,0.9579359889030457,205.0,204.0,68.0,84.0,106,0
yolo_final_open_v3,39,5.0,10.0,4.9999999998817755,9.999999996344895,4.99931093953948,9.971255190853244,True,True,-0.0006890603422951003,-0.028744805491651704,5.4541449546813965,0.9579359889030457,205.0,204.0,68.0,84.0,106,65000000
yolo_final_open_v3,39,5.0,10.0,4.9999999998817755,9.999999996344895,4.99931093953948,9.971255190853244,True,True,-0.0006890603422951003,-0.028744805491651704,5.58880090713501,0.9579359889030457,205.0,204.0,68.0,84.0,106,130000000
yolo_final_open_v3,39,5.0,10.0,4.9999999998817755,9.999999996344895,4.99931093953948,9.971255190853244,True,True,-0.0006890603422951003,-0.028744805491651704,5.363914966583252,0.9579359889030457,205.0,204.0,68.0,84.0,106,195000000
yolo_final_open_v3,40,5.0,20.0,5.000000000193323,20.000000003725884,5.011473706995432,19.972266837044366,True,True,0.011473706802108907,-0.02773316668151793,5.560604095458984,0.9672004580497742,118.0,202.0,71.0,88.0,106,660000000
yolo_final_open_v3,40,5.0,20.0,5.000000000193323,20.000000003725884,5.011473706995432,19.972266837044366,True,True,0.011473706802108907,-0.02773316668151793,5.514594078063965,0.9672004580497742,118.0,202.0,71.0,88.0,106,790000000
yolo_final_open_v3,40,5.0,20.0,5.000000000193323,20.000000003725884,5.011473706995432,19.972266837044366,True,True,0.011473706802108907,-0.02773316668151793,5.392218112945557,0.9672004580497742,118.0,202.0,71.0,88.0,106,855000000
yolo_final_open_v3,40,5.0,20.0,5.000000000193323,20.000000003725884,5.011473706995432,19.972266837044366,True,True,0.011473706802108907,-0.02773316668151793,5.392218112945557,0.9672004580497742,118.0,202.0,71.0,88.0,106,925000000
yolo_final_open_v3,40,5.0,20.0,5.000000000193323,20.000000003725884,5.011473706995432,19.972266837044366,True,True,0.011473706802108907,-0.02773316668151793,5.582007884979248,0.9672004580497742,118.0,202.0,71.0,88.0,106,990000000
yolo_final_open_v3,40,5.0,20.0,5.000000000193323,20.000000003725884,5.011473706995432,19.972266837044366,True,True,0.011473706802108907,-0.02773316668151793,5.4942851066589355,0.9672004580497742,118.0,202.0,71.0,88.0,107,55000000
yolo_final_open_v3,40,5.0,20.0,5.000000000193323,20.000000003725884,5.011473706995432,19.972266837044366,True,True,0.011473706802108907,-0.02773316668151793,5.340252876281738,0.9672004580497742,118.0,202.0,71.0,88.0,107,120000000
yolo_final_open_v3,40,5.0,20.0,5.000000000193323,20.000000003725884,5.011473706995432,19.972266837044366,True,True,0.011473706802108907,-0.02773316668151793,5.432217121124268,0.9672004580497742,118.0,202.0,71.0,88.0,107,185000000
yolo_final_open_v3,40,5.0,20.0,5.000000000193323,20.000000003725884,5.011473706995432,19.972266837044366,True,True,0.011473706802108907,-0.02773316668151793,5.432217121124268,0.9672004580497742,118.0,202.0,71.0,88.0,107,255000000
yolo_final_open_v3,40,5.0,20.0,5.000000000193323,20.000000003725884,5.011473706995432,19.972266837044366,True,True,0.011473706802108907,-0.02773316668151793,5.320713043212891,0.9672004580497742,118.0,202.0,71.0,88.0,107,320000000
yolo_final_open_v3,40,5.0,20.0,5.000000000193323,20.000000003725884,5.011473706995432,19.972266837044366,True,True,0.011473706802108907,-0.02773316668151793,8.66373062133789,0.9672004580497742,118.0,202.0,71.0,88.0,107,385000000
yolo_final_open_v3,40,5.0,20.0,5.000000000193323,20.000000003725884,5.011473706995432,19.972266837044366,True,True,0.011473706802108907,-0.02773316668151793,5.378675937652588,0.9672004580497742,118.0,202.0,71.0,88.0,107,450000000
yolo_final_open_v3,40,5.0,20.0,5.000000000193323,20.000000003725884,5.011473706995432,19.972266837044366,True,True,0.011473706802108907,-0.02773316668151793,5.854666233062744,0.9672004580497742,118.0,202.0,71.0,88.0,107,515000000
yolo_final_open_v3,40,5.0,20.0,5.000000000193323,20.000000003725884,5.011473706995432,19.972266837044366,True,True,0.011473706802108907,-0.02773316668151793,6.988480091094971,0.9672004580497742,118.0,202.0,71.0,88.0,107,650000000
yolo_final_open_v3,40,5.0,20.0,5.000000000193323,20.000000003725884,5.011473706995432,19.972266837044366,True,True,0.011473706802108907,-0.02773316668151793,12.530048370361328,0.9672004580497742,118.0,202.0,71.0,88.0,107,715000000
yolo_final_open_v3,40,5.0,20.0,5.000000000193323,20.000000003725884,5.011473706995432,19.972266837044366,True,True,0.011473706802108907,-0.02773316668151793,6.217589855194092,0.9672004580497742,118.0,202.0,71.0,88.0,107,780000000
yolo_final_open_v3,40,5.0,20.0,5.000000000193323,20.000000003725884,5.011473706995432,19.972266837044366,True,True,0.011473706802108907,-0.02773316668151793,7.302347183227539,0.9672004580497742,118.0,202.0,71.0,88.0,107,845000000
yolo_final_open_v3,40,5.0,20.0,5.000000000193323,20.000000003725884,5.011473706995432,19.972266837044366,True,True,0.011473706802108907,-0.02773316668151793,6.232122898101807,0.9672004580497742,118.0,202.0,71.0,88.0,107,915000000
yolo_final_open_v3,40,5.0,20.0,5.000000000193323,20.000000003725884,5.011473706995432,19.972266837044366,True,True,0.011473706802108907,-0.02773316668151793,6.232122898101807,0.9672004580497742,118.0,202.0,71.0,88.0,107,980000000
yolo_final_open_v3,40,5.0,20.0,5.000000000193323,20.000000003725884,5.011473706995432,19.972266837044366,True,True,0.011473706802108907,-0.02773316668151793,7.985877990722656,0.9672004580497742,118.0,202.0,71.0,88.0,108,110000000
yolo_final_open_v3,40,5.0,20.0,5.000000000193323,20.000000003725884,5.011473706995432,19.972266837044366,True,True,0.011473706802108907,-0.02773316668151793,7.339625835418701,0.9672004580497742,118.0,202.0,71.0,88.0,108,175000000
yolo_final_open_v3,40,5.0,20.0,5.000000000193323,20.000000003725884,5.011473706995432,19.972266837044366,True,True,0.011473706802108907,-0.02773316668151793,7.493803977966309,0.9672004580497742,118.0,202.0,71.0,88.0,108,245000000
yolo_final_open_v3,40,5.0,20.0,5.000000000193323,20.000000003725884,5.011473706995432,19.972266837044366,True,True,0.011473706802108907,-0.02773316668151793,7.239905834197998,0.9672004580497742,118.0,202.0,71.0,88.0,108,310000000
yolo_final_open_v3,40,5.0,20.0,5.000000000193323,20.000000003725884,5.011473706995432,19.972266837044366,True,True,0.011473706802108907,-0.02773316668151793,9.118084907531738,0.9672004580497742,118.0,202.0,71.0,88.0,108,375000000
yolo_final_open_v3,40,5.0,20.0,5.000000000193323,20.000000003725884,5.011473706995432,19.972266837044366,True,True,0.011473706802108907,-0.02773316668151793,5.280245780944824,0.9672004580497742,118.0,202.0,71.0,88.0,108,440000000
yolo_final_open_v3,40,5.0,20.0,5.000000000193323,20.000000003725884,5.011473706995432,19.972266837044366,True,True,0.011473706802108907,-0.02773316668151793,7.10955810546875,0.9672004580497742,118.0,202.0,71.0,88.0,108,505000000
yolo_final_open_v3,40,5.0,20.0,5.000000000193323,20.000000003725884,5.011473706995432,19.972266837044366,True,True,0.011473706802108907,-0.02773316668151793,7.0982818603515625,0.9672004580497742,118.0,202.0,71.0,88.0,108,575000000
yolo_final_open_v3,40,5.0,20.0,5.000000000193323,20.000000003725884,5.011473706995432,19.972266837044366,True,True,0.011473706802108907,-0.02773316668151793,7.5562591552734375,0.9672004580497742,118.0,202.0,71.0,88.0,108,640000000
yolo_final_open_v3,40,5.0,20.0,5.000000000193323,20.000000003725884,5.011473706995432,19.972266837044366,True,True,0.011473706802108907,-0.02773316668151793,8.433097839355469,0.9672004580497742,118.0,202.0,71.0,88.0,108,705000000
yolo_final_open_v3,40,5.0,20.0,5.000000000193323,20.000000003725884,5.011473706995432,19.972266837044366,True,True,0.011473706802108907,-0.02773316668151793,5.188638210296631,0.9672004580497742,118.0,202.0,71.0,88.0,108,770000000
yolo_final_open_v3,41,5.0,30.0,5.0000000000673825,29.999999999554205,5.0166790106947285,29.995902984331384,True,True,0.016679010627346003,-0.004097015222821909,7.403511047363281,0.9537460803985596,16.0,199.0,80.0,96.0,109,365000000
yolo_final_open_v3,41,5.0,30.0,5.0000000000673825,29.999999999554205,5.0166790106947285,29.995902984331384,True,True,0.016679010627346003,-0.004097015222821909,7.403511047363281,0.9537460803985596,16.0,199.0,80.0,96.0,109,430000000
yolo_final_open_v3,41,5.0,30.0,5.0000000000673825,29.999999999554205,5.0166790106947285,29.995902984331384,True,True,0.016679010627346003,-0.004097015222821909,8.117142677307129,0.9537460803985596,16.0,199.0,80.0,96.0,109,495000000
yolo_final_open_v3,41,5.0,30.0,5.0000000000673825,29.999999999554205,5.0166790106947285,29.995902984331384,True,True,0.016679010627346003,-0.004097015222821909,8.559596061706543,0.9537460803985596,16.0,199.0,80.0,96.0,109,565000000
yolo_final_open_v3,41,5.0,30.0,5.0000000000673825,29.999999999554205,5.0166790106947285,29.995902984331384,True,True,0.016679010627346003,-0.004097015222821909,5.495226860046387,0.9537460803985596,16.0,199.0,80.0,96.0,109,630000000
yolo_final_open_v3,41,5.0,30.0,5.0000000000673825,29.999999999554205,5.0166790106947285,29.995902984331384,True,True,0.016679010627346003,-0.004097015222821909,5.495226860046387,0.9537460803985596,16.0,199.0,80.0,96.0,109,760000000
yolo_final_open_v3,41,5.0,30.0,5.0000000000673825,29.999999999554205,5.0166790106947285,29.995902984331384,True,True,0.016679010627346003,-0.004097015222821909,5.374868869781494,0.9537460803985596,16.0,199.0,80.0,96.0,109,825000000
yolo_final_open_v3,41,5.0,30.0,5.0000000000673825,29.999999999554205,5.0166790106947285,29.995902984331384,True,True,0.016679010627346003,-0.004097015222821909,5.267347812652588,0.9537460803985596,16.0,199.0,80.0,96.0,109,895000000
yolo_final_open_v3,41,5.0,30.0,5.0000000000673825,29.999999999554205,5.0166790106947285,29.995902984331384,True,True,0.016679010627346003,-0.004097015222821909,5.298145771026611,0.9537460803985596,16.0,199.0,80.0,96.0,109,960000000
yolo_final_open_v3,41,5.0,30.0,5.0000000000673825,29.999999999554205,5.0166790106947285,29.995902984331384,True,True,0.016679010627346003,-0.004097015222821909,5.298145771026611,0.9537460803985596,16.0,199.0,80.0,96.0,110,25000000
yolo_final_open_v3,41,5.0,30.0,5.0000000000673825,29.999999999554205,5.0166790106947285,29.995902984331384,True,True,0.016679010627346003,-0.004097015222821909,5.190170764923096,0.9537460803985596,16.0,199.0,80.0,96.0,110,225000000
yolo_final_open_v3,41,5.0,30.0,5.0000000000673825,29.999999999554205,5.0166790106947285,29.995902984331384,True,True,0.016679010627346003,-0.004097015222821909,6.1597747802734375,0.9537460803985596,16.0,199.0,80.0,96.0,110,290000000
yolo_final_open_v3,41,5.0,30.0,5.0000000000673825,29.999999999554205,5.0166790106947285,29.995902984331384,True,True,0.016679010627346003,-0.004097015222821909,6.1597747802734375,0.9537460803985596,16.0,199.0,80.0,96.0,110,355000000
yolo_final_open_v3,41,5.0,30.0,5.0000000000673825,29.999999999554205,5.0166790106947285,29.995902984331384,True,True,0.016679010627346003,-0.004097015222821909,6.443511009216309,0.9537460803985596,16.0,199.0,80.0,96.0,110,420000000
yolo_final_open_v3,41,5.0,30.0,5.0000000000673825,29.999999999554205,5.0166790106947285,29.995902984331384,True,True,0.016679010627346003,-0.004097015222821909,5.291390895843506,0.9537460803985596,16.0,199.0,80.0,96.0,110,555000000
yolo_final_open_v3,41,5.0,30.0,5.0000000000673825,29.999999999554205,5.0166790106947285,29.995902984331384,True,True,0.016679010627346003,-0.004097015222821909,5.312107086181641,0.9537460803985596,16.0,199.0,80.0,96.0,110,620000000
yolo_final_open_v3,41,5.0,30.0,5.0000000000673825,29.999999999554205,5.0166790106947285,29.995902984331384,True,True,0.016679010627346003,-0.004097015222821909,7.434647083282471,0.9537460803985596,16.0,199.0,80.0,96.0,110,685000000
yolo_final_open_v3,41,5.0,30.0,5.0000000000673825,29.999999999554205,5.0166790106947285,29.995902984331384,True,True,0.016679010627346003,-0.004097015222821909,7.382882118225098,0.9537460803985596,16.0,199.0,80.0,96.0,110,750000000
yolo_final_open_v3,41,5.0,30.0,5.0000000000673825,29.999999999554205,5.0166790106947285,29.995902984331384,True,True,0.016679010627346003,-0.004097015222821909,8.070283889770508,0.9537460803985596,16.0,199.0,80.0,96.0,110,815000000
yolo_final_open_v3,41,5.0,30.0,5.0000000000673825,29.999999999554205,5.0166790106947285,29.995902984331384,True,True,0.016679010627346003,-0.004097015222821909,7.471086025238037,0.9537460803985596,16.0,199.0,80.0,96.0,110,885000000
yolo_final_open_v3,41,5.0,30.0,5.0000000000673825,29.999999999554205,5.0166790106947285,29.995902984331384,True,True,0.016679010627346003,-0.004097015222821909,6.890193939208984,0.9537460803985596,16.0,199.0,80.0,96.0,110,950000000
yolo_final_open_v3,41,5.0,30.0,5.0000000000673825,29.999999999554205,5.0166790106947285,29.995902984331384,True,True,0.016679010627346003,-0.004097015222821909,7.269103050231934,0.9537460803985596,16.0,199.0,80.0,96.0,111,15000000
yolo_final_open_v3,41,5.0,30.0,5.0000000000673825,29.999999999554205,5.0166790106947285,29.995902984331384,True,True,0.016679010627346003,-0.004097015222821909,5.718754768371582,0.9537460803985596,16.0,199.0,80.0,96.0,111,80000000
yolo_final_open_v3,41,5.0,30.0,5.0000000000673825,29.999999999554205,5.0166790106947285,29.995902984331384,True,True,0.016679010627346003,-0.004097015222821909,5.210159778594971,0.9537460803985596,16.0,199.0,80.0,96.0,111,345000000
yolo_final_open_v3,41,5.0,30.0,5.0000000000673825,29.999999999554205,5.0166790106947285,29.995902984331384,True,True,0.016679010627346003,-0.004097015222821909,5.427765846252441,0.9537460803985596,16.0,199.0,80.0,96.0,111,545000000
yolo_final_open_v3,41,5.0,30.0,5.0000000000673825,29.999999999554205,5.0166790106947285,29.995902984331384,True,True,0.016679010627346003,-0.004097015222821909,10.499246597290039,0.9537460803985596,16.0,199.0,80.0,96.0,111,610000000
yolo_final_open_v3,41,5.0,30.0,5.0000000000673825,29.999999999554205,5.0166790106947285,29.995902984331384,True,True,0.016679010627346003,-0.004097015222821909,10.499246597290039,0.9537460803985596,16.0,199.0,80.0,96.0,111,675000000
yolo_final_open_v3,41,5.0,30.0,5.0000000000673825,29.999999999554205,5.0166790106947285,29.995902984331384,True,True,0.016679010627346003,-0.004097015222821909,5.330993175506592,0.9537460803985596,16.0,199.0,80.0,96.0,111,740000000
yolo_final_open_v3,41,5.0,30.0,5.0000000000673825,29.999999999554205,5.0166790106947285,29.995902984331384,True,True,0.016679010627346003,-0.004097015222821909,5.6883392333984375,0.9537460803985596,16.0,199.0,80.0,96.0,111,805000000
yolo_final_open_v3,41,5.0,30.0,5.0000000000673825,29.999999999554205,5.0166790106947285,29.995902984331384,True,True,0.016679010627346003,-0.004097015222821909,5.363500118255615,0.9537460803985596,16.0,199.0,80.0,96.0,111,875000000
