elapsed_s,scenario,follower_count,follower_index,predecessor,route_state,event,control_state,true_range_m,true_bearing_deg,spacing_error_m,estimated_range_m,estimated_bearing_deg,measurement_age_s,linear_cmd_mps,angular_cmd_rps,center_distance_m,collision_sample,inference_ms
2.9229404399993655,combined,3,1,leader,SETTLE,NONE,UNSEEN,1.42,3.2256490062403666e-18,-0.08000000000000007,nan,nan,inf,0.0,0.0,2.0,0,
2.9229404399993655,combined,3,2,follower_1,SETTLE,NONE,UNSEEN,1.42,3.2256490062403666e-18,-0.08000000000000007,nan,nan,inf,0.0,0.0,2.0,0,
2.9229404399993655,combined,3,3,follower_2,SETTLE,NONE,UNSEEN,1.42,4.044560527688829e-18,-0.08000000000000007,nan,nan,inf,0.0,0.0,2.0,0,
3.0639207569984137,combined,3,1,leader,SETTLE,NONE,SAFE_STOP,1.42,3.2256490062403666e-18,-0.08000000000000007,nan,nan,-1.0,0.0,0.0,2.0,0,
3.0639207569984137,combined,3,2,follower_1,SETTLE,NONE,UNSEEN,1.42,3.2256490062403666e-18,-0.08000000000000007,nan,nan,inf,0.0,0.0,2.0,0,
3.0639207569984137,combined,3,3,follower_2,SETTLE,NONE,SAFE_STOP,1.42,4.044560527688829e-18,-0.08000000000000007,nan,nan,-1.0,0.0,0.0,2.0,0,
3.2432014609985345,combined,3,1,leader,SETTLE,NONE,SAFE_STOP,1.4200000009581457,0.005185975101274322,-0.07999999904185429,nan,nan,-1.0,0.0,0.0,2.0000000000001075,0,
3.2432014609985345,combined,3,2,follower_1,SETTLE,NONE,UNSEEN,1.4200000010384388,0.0009151720754358603,-0.07999999896156118,nan,nan,inf,0.0,0.0,1.9999999999998928,0,
3.2432014609985345,combined,3,3,follower_2,SETTLE,NONE,SAFE_STOP,1.42,4.044560527688829e-18,-0.08000000000000007,nan,nan,-1.0,0.0,0.0,2.0,0,
3.4431596959984745,combined,3,1,leader,SETTLE,NONE,TRACK,1.4200000000543092,0.0012357277871625834,-0.07999999994569085,1.476041083749232,-0.009564575183778469,0.009999999999999787,0.0,0.00040741475697530583,1.9999999999999132,0,14.255108833312988
3.4431596959984745,combined,3,2,follower_1,SETTLE,NONE,UNSEEN,1.4200000000590538,0.00021806960948508056,-0.0799999999409462,nan,nan,inf,0.0,0.0,2.0000000000000866,0,
3.4431596959984745,combined,3,3,follower_2,SETTLE,NONE,SAFE_STOP,1.42,4.044560527688829e-18,-0.08000000000000007,nan,nan,-1.0,0.0,0.0,2.0,0,
3.643099804998201,combined,3,1,leader,SETTLE,NONE,TRACK,1.4200000022635713,0.007971298736748015,-0.07999999773642874,1.476097600473029,-0.016304021357897998,0.08000000000000007,0.0,-0.00036425898871411243,2.000000000000072,0,7.718173027038574
3.643099804998201,combined,3,2,follower_1,SETTLE,NONE,UNSEEN,1.4200000024536374,0.0014066997724910821,-0.07999999754636256,nan,nan,inf,0.0,0.0,1.999999999999928,0,
3.643099804998201,combined,3,3,follower_2,SETTLE,NONE,SAFE_STOP,1.42,4.044560527688829e-18,-0.08000000000000007,nan,nan,-1.0,0.0,0.0,2.0,0,
3.8431149829993956,combined,3,1,leader,SETTLE,NONE,TRACK,1.4200000039347702,0.010509692297869905,-0.07999999606522978,1.476079334536033,-0.012210992646062926,0.015000000000000124,0.0,-0.0002665622793475212,2.0000000000001554,0,8.177265167236328
3.8431149829993956,combined,3,2,follower_1,SETTLE,NONE,UNSEEN,1.4200000042650989,0.0018546515714719266,-0.07999999573490113,nan,nan,inf,0.0,0.0,1.9999999999998443,0,
3.8431149829993956,combined,3,3,follower_2,SETTLE,NONE,SAFE_STOP,1.42,4.044560527688829e-18,-0.08000000000000007,nan,nan,-1.0,0.0,0.0,2.0,0,
4.043346291000489,combined,3,1,leader,SETTLE,NONE,TRACK,1.420000001636499,0.006778513485849322,-0.07999999836350091,1.4761804074301919,0.0021220659108573945,0.015000000000000124,0.0,0.0002225041375887832,1.9999999999997162,0,8.231773376464844
4.043346291000489,combined,3,2,follower_1,SETTLE,NONE,SAFE_STOP,1.4200000017746117,0.001196208259391913,-0.07999999822538828,nan,nan,-1.0,0.0,0.0,2.0000000000002838,0,
4.043346291000489,combined,3,3,follower_2,SETTLE,NONE,SAFE_STOP,1.42,4.044560527688829e-18,-0.08000000000000007,nan,nan,-1.0,0.0,0.0,2.0,0,
4.242763772999751,combined,3,1,leader,SETTLE,NONE,TRACK,1.4200000004758193,0.003656702288302278,-0.07999999952418069,1.4762315626844045,0.005541839118771307,0.1499999999999999,0.0,0.0003060291847864161,1.9999999999994966,0,10.537373542785645
4.242763772999751,combined,3,2,follower_1,SETTLE,NONE,SAFE_STOP,1.4200000005168534,0.0006453004033781348,-0.07999999948314662,nan,nan,-1.0,0.0,0.0,2.000000000000503,0,
4.242763772999751,combined,3,3,follower_2,SETTLE,NONE,SAFE_STOP,1.42,4.044560527688829e-18,-0.08000000000000007,nan,nan,-1.0,0.0,0.0,2.0,0,
4.480359524997766,combined,3,1,leader,SETTLE,NONE,TRACK,1.420000004507026,0.011248472784220366,-0.07999999549297399,1.4762447616349068,0.006587109705132322,0.19999999999999973,0.0,0.00033886732873766867,1.9999999999998004,0,16.974483489990234
4.480359524997766,combined,3,2,follower_1,SETTLE,NONE,SAFE_STOP,1.4200000048861838,0.0019850245960990045,-0.07999999511381617,nan,nan,-1.0,0.0,0.0,2.0000000000001994,0,
4.480359524997766,combined,3,3,follower_2,SETTLE,NONE,SAFE_STOP,1.42,4.044560527688829e-18,-0.08000000000000007,nan,nan,-1.0,0.0,0.0,2.0,0,
4.643104730999767,combined,3,1,leader,SETTLE,NONE,TRACK,1.4200000043852532,0.011095481015308715,-0.0799999956147468,1.4761583171704378,-0.0024053079193643127,0.020000000000000018,0.0,-4.9694935729932086e-05,1.9999999999998004,0,10.865961074829102
4.643104730999767,combined,3,2,follower_1,SETTLE,NONE,SAFE_STOP,1.420000004754178,0.0019580260491626014,-0.07999999524582191,nan,nan,-1.0,0.0,0.0,2.0000000000001994,0,
4.643104730999767,combined,3,3,follower_2,SETTLE,NONE,SAFE_STOP,1.42,4.044560527688829e-18,-0.08000000000000007,nan,nan,-1.0,0.0,0.0,2.0,0,
4.843039505998604,combined,3,1,leader,SETTLE,NONE,TRACK,1.4200000038380851,0.010380242733464747,-0.07999999616191489,1.4761854349853436,0.000685315478339681,0.015000000000000124,0.0,5.6535627738076404e-05,1.9999999999998004,0,7.9882659912109375
4.843039505998604,combined,3,2,follower_1,SETTLE,NONE,SAFE_STOP,1.4200000041610294,0.0018318075310776527,-0.07999999583897055,nan,nan,-1.0,0.0,0.0,2.0000000000001994,0,
4.843039505998604,combined,3,3,follower_2,SETTLE,NONE,SAFE_STOP,1.42,4.044560527688829e-18,-0.08000000000000007,nan,nan,-1.0,0.0,0.0,2.0,0,
5.0449131059976935,combined,3,1,leader,SETTLE,NONE,TRACK,1.4200000033162616,0.009648868096611708,-0.07999999668373836,1.4761983095856788,0.0010479344782035815,0.09499999999999975,0.0,5.8899548121817445e-05,1.9999999999998004,0,12.613273620605469
5.0449131059976935,combined,3,2,follower_1,SETTLE,NONE,SAFE_STOP,1.4200000082234492,0.011524474172878765,-0.07999999177655082,nan,nan,-1.0,0.0,0.0,2.000000000000449,0,1905.58935546875
5.0449131059976935,combined,3,3,follower_2,SETTLE,NONE,TRACK,1.4200000115883868,0.014957968723233784,-0.07999998841161315,1.4760817986557706,-0.029920586241454477,0.004999999999999893,0.0,-0.0009399829392725323,2.0000000000001066,0,10.680456161499023
5.242674016000819,combined,3,1,leader,SETTLE,NONE,TRACK,1.4200000031191153,0.009357686972686286,-0.07999999688088466,1.4761961568565924,0.0004944951744966369,0.02499999999999991,0.0,2.9475735883356223e-05,1.9999999999998004,0,6.361453056335449
5.242674016000819,combined,3,2,follower_1,SETTLE,NONE,TRACK,1.4200000042604675,0.005234457841636043,-0.07999999573953254,1.4761358107916318,-0.005735256078955839,0.020000000000000018,0.0,0.00033536978609440644,2.000000000000131,0,13.086155891418457
5.242674016000819,combined,3,3,follower_2,SETTLE,NONE,TRACK,1.42000000221234,0.006970282079244957,-0.07999999778765998,1.476185282333054,0.0007370954099619914,0.020000000000000018,0.0,0.0004922524598841871,2.000000000000105,0,5.9806599617004395
5.442989433999173,combined,3,1,leader,SETTLE,NONE,TRACK,1.4200000029343958,0.009076387411420861,-0.07999999706560423,1.4761728166999553,0.0004246802609254349,0.03000000000000025,0.0,2.2023446403284288e-05,1.9999999999998004,0,19.637958526611328
5.442989433999173,combined,3,2,follower_1,SETTLE,NONE,TRACK,1.42000000394654,0.00490378327195967,-0.07999999605346009,1.476274385800179,0.006828576423121861,0.03000000000000025,0.0,0.0005751073489586633,2.0000000000001155,0,12.378416061401367
5.442989433999173,combined,3,3,follower_2,SETTLE,NONE,TRACK,1.4200000021181454,0.006926523911201552,-0.07999999788185463,1.4763083087862316,0.006799502805913982,0.020000000000000018,0.0,0.0004996731779149343,2.0000000000001457,0,9.716998100280762
5.643173360000219,combined,3,1,leader,SETTLE,NONE,TRACK,1.4200000027552169,0.008794932720474451,-0.07999999724478313,1.4761698992880423,0.00044831891695619247,0.10499999999999998,0.0,2.0663862549989572e-05,1.9999999999998004,0,5.599637985229492
5.643173360000219,combined,3,2,follower_1,SETTLE,NONE,TRACK,1.4200000127713621,0.016645279634899403,-0.07999998722863788,1.476142033368932,-0.02618475702254505,0.040000000000000036,0.0,-0.0009375944689052712,2.000000000000497,0,5.849720001220703
5.643173360000219,combined,3,3,follower_2,SETTLE,NONE,TRACK,1.4200000121273213,0.010029551780328185,-0.0799999878726787,1.476212320746818,-0.008140234556084579,0.02499999999999991,0.0,-0.00017621503704736506,1.9999999999998233,0,11.715092658996582
5.84467124299772,combined,3,1,leader,SETTLE,NONE,TRACK,1.420000002582783,0.0085152936950519,-0.07999999741721697,1.476167919932848,0.00030393164210002594,0.08999999999999986,0.0,1.3484216822169917e-05,1.9999999999998004,0,18.45791244506836
5.84467124299772,combined,3,2,follower_1,SETTLE,NONE,TRACK,1.4200000083681996,0.0125924214081049,-0.07999999163180038,1.476226402281953,0.002862411682798443,0.03500000000000014,0.0,0.00022084027255937755,2.0000000000000004,0,7.668680191040039
5.84467124299772,combined,3,3,follower_2,SETTLE,NONE,TRACK,1.4200000052657216,0.004281937554014091,-0.07999999473427843,1.4762699475923602,0.004033697145748019,0.03000000000000025,0.0,0.0002654604605467712,1.9999999999999707,0,6.474119186401367
6.043549055997573,combined,3,1,leader,SETTLE,NONE,TRACK,1.4200000024993953,0.008376714474688516,-0.07999999750060471,1.4761674925208876,0.00027485845314747387,0.08500000000000085,0.0,1.1831192014681726e-05,1.9999999999998004,0,12.383872032165527
6.043549055997573,combined,3,2,follower_1,SETTLE,NONE,TRACK,1.42000000669789,0.010684206124979284,-0.07999999330211005,1.4762613025879316,0.0044471380371431885,0.0600000000000005,0.0,0.00024986015294433284,1.999999999999719,0,18.951345443725586
6.043549055997573,combined,3,3,follower_2,SETTLE,NONE,TRACK,1.4200000035703173,0.003314823961519576,-0.0799999964296827,1.4762887098753916,0.0040515686089432935,0.015000000000000568,0.0,0.00022771066621677999,2.0000000000002354,0,19.82720947265625
6.242771917000937,combined,3,1,leader,SETTLE,NONE,TRACK,1.420000002417853,0.008238948408312118,-0.07999999758214704,1.476178405262919,0.0003597575277916343,0.040000000000000036,0.0,1.4750020972225461e-05,1.9999999999998004,0,13.60769271850586
6.242771917000937,combined,3,2,follower_1,SETTLE,NONE,TRACK,1.4200000050553072,0.008393721152639649,-0.07999999494469279,1.4762843722920145,0.0034936798591556073,0.03500000000000014,0.0,0.0001711429532990554,1.999999999999605,0,14.427725791931152
6.242771917000937,combined,3,3,follower_2,SETTLE,NONE,TRACK,1.4200000043892573,0.008514337653037857,-0.07999999561074267,1.4762252345023756,-0.022662258528298822,0.09500000000000064,0.0,-0.0008949336863710924,2.000000000000519,0,11.233240127563477
6.443442404997768,combined,3,1,leader,SETTLE,NONE,TRACK,1.420000002336242,0.008098719788610298,-0.07999999766375798,1.4761804841243014,0.00034833795798189243,0.09499999999999975,0.0,1.4015591970379547e-05,1.9999999999998004,0,10.740962028503418
6.443442404997768,combined,3,2,follower_1,SETTLE,NONE,TRACK,1.4200000039849057,0.006543615416268379,-0.07999999601509433,1.4762751129065683,0.0027672638276974464,0.03500000000000014,0.0,0.0001271918866275104,1.999999999999577,0,8.761833190917969
6.443442404997768,combined,3,3,follower_2,SETTLE,NONE,TRACK,1.4200000022326962,0.005926339970058816,-0.07999999776730382,1.4762737023169115,0.0028183869954643624,0.03500000000000014,0.0,0.00015307083033081625,2.000000000000516,0,6.998658180236816
6.643685947998165,combined,3,1,leader,SETTLE,NONE,TRACK,1.4200000022561725,0.007958739166533746,-0.07999999774382749,1.4761813547762421,0.00030302980866953787,0.04499999999999993,0.0,1.2038852916401605e-05,1.9999999999998004,0,18.967119216918945
6.643685947998165,combined,3,2,follower_1,SETTLE,NONE,TRACK,1.4200000032232012,0.0048788433661896774,-0.07999999677679881,1.4762708840830732,0.0030147484328449047,0.11000000000000032,0.0,0.00012959617766657703,1.9999999999995637,0,13.275464057922363
6.643685947998165,combined,3,3,follower_2,SETTLE,NONE,TRACK,1.420000000941129,0.0037008231857333495,-0.0799999990588709,1.4762825865726161,0.003527133595588503,0.09499999999999975,0.0,0.0001648562602387249,2.0000000000004956,0,10.430990219116211
6.8433848899985605,combined,3,1,leader,SETTLE,NONE,TRACK,1.4200000021781285,0.0078198882688081,-0.0799999978218715,1.4761804600574118,0.00027572185909085606,0.04499999999999993,0.0,1.0825525101952497e-05,1.9999999999998004,0,14.472957611083984
6.8433848899985605,combined,3,2,follower_1,SETTLE,NONE,TRACK,1.420000002747082,0.0035699025236289065,-0.07999999725291795,1.4762648720330294,0.0025025545345890754,0.04499999999999993,0.0,0.0001037359637071631,1.9999999999995604,0,13.337235450744629
6.8433848899985605,combined,3,3,follower_2,SETTLE,NONE,TRACK,1.420000004883979,0.011490630192275673,-0.07999999511602107,1.4762879525243602,0.003289986377461863,0.10500000000000043,0.0,0.00014421896851709673,2.000000000000729,0,9.672365188598633
7.042681525999797,combined,3,1,leader,SETTLE,NONE,TRACK,1.4200000021014418,0.007681007566433495,-0.07999999789855816,1.4761782657958147,0.0003123470121917266,0.04499999999999993,0.0,1.2386554635030987e-05,1.9999999999998004,0,8.370647430419922
7.042681525999797,combined,3,2,follower_1,SETTLE,NONE,TRACK,1.4200000075868424,0.01228280229256932,-0.07999999241315758,1.476273113700754,0.002562300764373169,0.11000000000000032,0.0,0.00010413170888730528,1.999999999999801,0,11.9470796585083
7.042681525999797,combined,3,3,follower_2,SETTLE,NONE,TRACK,1.420000020391038,0.021134784676369516,-0.0799999796089621,1.4761385569396694,-0.029360013917050634,0.11000000000000032,0.0,-0.0011984483424517301,2.0000000000007763,0,9.335268020629883
7.243029917997774,combined,3,1,leader,SETTLE,NONE,TRACK,1.420000001951324,0.007401603137354566,-0.07999999804867608,1.4761795682145464,0.00029986036646446483,0.05000000000000071,0.0,1.1804486895929632e-05,1.9999999999998004,0,9.94064998626709
7.243029917997774,combined,3,2,follower_1,SETTLE,NONE,TRACK,1.4200000143681586,0.018591954753744297,-0.07999998563184141,1.4761778940138377,-0.01005842124927694,0.03500000000000014,0.0,-0.00038307050235994016,2.0000000000001767,0,15.100333213806152
7.243029917997774,combined,3,3,follower_2,SETTLE,NONE,TRACK,1.4200000257391756,0.020197900488772437,-0.07999997426082439,1.4762349408265458,0.0022513026938928322,0.03500000000000014,0.0,0.00012120288780164396,1.9999999999999953,0,6.144275188446045
7.442834369998309,combined,3,1,leader,SETTLE,NONE,TRACK,1.4200000018789574,0.007263072674486008,-0.07999999812104264,1.4761782924430555,0.000298010546574506,0.04999999999999982,0.0,1.1718511172930173e-05,1.9999999999998004,0,10.18094539642334
7.442834369998309,combined,3,2,follower_1,SETTLE,NONE,TRACK,1.420000012540324,0.017218919355645554,-0.07999998745967596,1.4761938102519174,0.0008000637253726904,0.09999999999999964,0.0,4.442122107965163e-05,2.0000000000000724,0,16.79808807373047
7.442834369998309,combined,3,3,follower_2,SETTLE,NONE,TRACK,1.420000021075702,0.018006206481120546,-0.079999978924298,1.4762684586684514,0.003219969625585242,0.04499999999999993,0.0,0.00014604220802812544,1.999999999999684,0,9.03315544128418
7.644030309998925,combined,3,1,leader,SETTLE,NONE,TRACK,1.4200000018081749,0.0071249707841134526,-0.07999999819182513,1.4761777790193054,0.00029961551395586727,0.04999999999999982,0.0,1.1778507442402467e-05,1.9999999999998004,0,6.948225975036621
7.644030309998925,combined,3,2,follower_1,SETTLE,NONE,TRACK,1.4200000105868624,0.015612442755891834,-0.07999998941313757,1.4762410426720998,0.0027365353281191464,0.040000000000000036,0.0,0.00011776565956883817,1.9999999999999576,0,12.915553092956543
7.644030309998925,combined,3,3,follower_2,SETTLE,NONE,TRACK,1.4200000167976945,0.015956076299873792,-0.0799999832023055,1.4762835151576221,0.0036252046593127987,0.17499999999999982,0.0,0.00015468516981740566,1.999999999999475,0,9.283210754394531
7.842769966999185,combined,3,1,leader,SETTLE,NONE,TRACK,1.4200000017387613,0.006986888630238643,-0.07999999826123871,1.4761753050903865,0.00032499576936621414,0.054999999999999716,0.0,1.2831976035993364e-05,1.9999999999998004,0,9.079353332519531
7.842769966999185,combined,3,2,follower_1,SETTLE,NONE,TRACK,1.4200000090250156,0.014211101975531137,-0.07999999097498445,1.4762581623809976,0.002657347386947764,0.04499999999999993,0.0,0.00010993108424754724,1.9999999999999576,0,15.59986400604248
7.842769966999185,combined,3,3,follower_2,SETTLE,NONE,TRACK,1.4200000135331665,0.014233361402282091,-0.07999998646683348,1.4762872008667909,0.0029809027237080654,0.10499999999999954,0.0,0.00012388576936946225,1.9999999999992193,0,8.691558837890625
8.042684523999924,combined,3,1,leader,SETTLE,NONE,TRACK,1.42000000167095,0.006849305743932132,-0.07999999832905003,1.4761733614630785,0.0003347959661464426,0.125,0.0,1.3189816626121035e-05,1.9999999999998004,0,9.183469772338867
8.042684523999924,combined,3,2,follower_1,SETTLE,NONE,TRACK,1.420000007673451,0.012884805610179531,-0.07999999232654909,1.4762642389985043,0.0026273727067669633,0.04499999999999993,0.0,0.00010652216726677989,1.9999999999999576,0,12.466531753540039
8.042684523999924,combined,3,3,follower_2,SETTLE,NONE,TRACK,1.4200000106704849,0.01249098109037941,-0.07999998932951513,1.4762780093526633,0.00275314321556346,0.04499999999999993,0.0,0.0001120215495217846,1.9999999999992193,0,10.067590713500977
8.242686976998812,combined,3,1,leader,SETTLE,NONE,TRACK,1.4200000015373624,0.006569846576313079,-0.07999999846263761,1.4761751346846366,0.0003052577932796792,0.055000000000000604,0.0,1.192829891498567e-05,1.9999999999998004,0,10.49870491027832
8.242686976998812,combined,3,2,follower_1,SETTLE,NONE,TRACK,1.4200000061530538,0.011282093771340474,-0.07999999384694623,1.4762677737473897,0.0026517865493142366,0.1850000000000005,0.0,0.00010637207408111698,1.9999999999999576,0,7.878480911254883
8.242686976998812,combined,3,3,follower_2,SETTLE,NONE,TRACK,1.4200000078344215,0.010585982915470204,-0.07999999216557852,1.476280778776943,0.0027429440030335567,0.05000000000000071,0.0,0.00010985716824246675,1.9999999999992193,0,5.8713459968566895
8.442691257998376,combined,3,1,leader,SETTLE,NONE,TRACK,1.4200000014717868,0.006428220579206031,-0.07999999852821316,1.4761784712810824,0.0003047370505779028,0.054999999999999716,0.0,1.19471665976222e-05,1.9999999999998004,0,15.969663619995117
8.442691257998376,combined,3,2,follower_1,SETTLE,NONE,TRACK,1.4200000049606822,0.009785258455810276,-0.07999999503931776,1.4762683110998729,0.0024855035790334167,0.04999999999999982,0.0,9.882952207048373e-05,1.9999999999999576,0,13.579817771911621
8.442691257998376,combined,3,3,follower_2,SETTLE,NONE,TRACK,1.4200000056236075,0.008893461704863213,-0.07999999437639249,1.4762822966856173,0.0027279458744889546,0.11999999999999922,0.0,0.00010824792512176948,1.9999999999992193,0,7.13723611831665
8.642881551997561,combined,3,1,leader,SETTLE,NONE,TRACK,1.420000001409563,0.006290888146601885,-0.07999999859043694,1.476179193111676,0.0003636083379870068,0.125,0.0,1.4407813245557935e-05,1.9999999999998004,0,11.877538681030273
8.642881551997561,combined,3,2,follower_1,SETTLE,NONE,TRACK,1.4200000040626215,0.0085076315251106,-0.0799999959373785,1.4762534952060775,0.00236998223386154,0.0699999999999994,0.0,9.366558781936063e-05,1.9999999999999576,0,7.7417168617248535
8.642881551997561,combined,3,3,follower_2,SETTLE,NONE,TRACK,1.4200000038659002,0.0071364954864369294,-0.0799999961340998,1.4762725586763679,0.00263831093990421,0.05999999999999961,0.0,0.00010415209875623186,1.9999999999992193,0,7.870099067687988
8.843347608999466,combined,3,1,leader,SETTLE,NONE,TRACK,1.4200000013483989,0.006152905627657627,-0.07999999865160112,1.4761737001385558,0.0002575492016164677,0.054999999999999716,0.0,9.954654090905601e-06,1.9999999999998004,0,14.479820251464844
8.843347608999466,combined,3,2,follower_1,SETTLE,NONE,TRACK,1.4200000033606421,0.007381156340821125,-0.07999999663935786,1.4762494228295568,0.0023281094300820707,0.04999999999999982,0.0,9.17842499290749e-05,1.9999999999999576,0,16.24951934814453
8.843347608999466,combined,3,3,follower_2,SETTLE,NONE,TRACK,1.4200000026940949,0.005824406886120832,-0.07999999730590512,1.476270449154465,0.002574944521588475,0.04499999999999993,0.0,0.0001012809845023468,1.9999999999992193,0,9.878207206726074
9.042818113997782,combined,3,1,leader,SETTLE,NONE,TRACK,1.4200000012872798,0.006011862426157912,-0.07999999871272023,1.4761723344090896,0.000329496787555894,0.004999999999999893,0.0,1.3070618514407662e-05,1.9999999999998004,0,6.849160194396973
9.042818113997782,combined,3,2,follower_1,SETTLE,NONE,TRACK,1.4200000026554929,0.0060409295789702845,-0.07999999734450713,1.4762491803279372,0.002459262627664943,0.0600000000000005,0.0,9.722018318093447e-05,1.9999999999999576,0,9.241497039794922
9.042818113997782,combined,3,3,follower_2,SETTLE,NONE,TRACK,1.420000001555276,0.004191635827870248,-0.07999999844472394,1.4762664146521416,0.0026233515421698527,0.054999999999999716,0.0,0.0001032282630297685,1.9999999999992193,0,9.037896156311035
9.243534876997728,combined,3,1,leader,SETTLE,NONE,TRACK,1.420000001227747,0.005871223588545601,-0.07999999877225306,1.4761770029727694,0.0002775497627453936,0.004999999999999893,0.0,1.0826264419440912e-05,1.9999999999998004,0,11.82282543182373
9.243534876997728,combined,3,2,follower_1,SETTLE,NONE,TRACK,1.4200000020844756,0.004714093766467777,-0.07999999791552437,1.4762443378390449,0.0024345215722219285,0.004999999999999893,0.0,9.598258013119263e-05,1.9999999999999576,0,8.47841739654541
9.243534876997728,combined,3,3,follower_2,SETTLE,NONE,TRACK,1.4200000007410591,0.0025655380705498264,-0.07999999925894086,1.476279296773787,0.0025979308255748477,0.0600000000000005,0.0,0.00010206511176633435,1.9999999999992193,0,9.418651580810547
9.444576343998051,combined,3,1,leader,SETTLE,NONE,TRACK,1.420000001114032,0.0055927659606911425,-0.0799999988859681,1.476172269031317,0.00030475362755256926,0.055000000000000604,0.0,1.1992917122609478e-05,1.9999999999998004,0,9.61894702911377
9.444576343998051,combined,3,2,follower_1,SETTLE,NONE,TRACK,1.4200000015776941,0.003370050567046021,-0.07999999842230587,1.4762560035787444,0.002421854873029594,0.06500000000000039,0.0,9.528389953246302e-05,1.9999999999999576,0,7.759312152862549
9.444576343998051,combined,3,3,follower_2,SETTLE,NONE,TRACK,1.420000002548878,0.008098810324007643,-0.07999999745112207,1.4762907016779425,0.002625256466874445,0.19500000000000028,0.0,0.0001031750348955854,1.99999999999938,0,9.418651580810547
9.643749359998765,combined,3,1,leader,SETTLE,NONE,TRACK,1.4540734697339546,0.005420451665208816,-0.04592653026604543,1.4761723085784555,0.0003195850620049829,0.0649999999999995,0.0,1.2601693268734507e-05,2.0340734686832698,0,17.509859085083008
9.643749359998765,combined,3,2,follower_1,SETTLE,NONE,TRACK,1.4200000050101773,0.010462575932442139,-0.07999999498982269,1.4762687812254278,0.002413879642267266,0.0649999999999995,0.0,9.484901469349169e-05,2.0000000000002185,0,8.017020225524902
9.643749359998765,combined,3,3,follower_2,SETTLE,NONE,TRACK,1.4200000186582091,0.020705641618311375,-0.07999998134179087,1.4761208072526604,-0.03044840548175487,0.0649999999999995,0.0,-0.0012106546156120967,1.9999999999994706,0,8.992030143737793
9.842986768999253,combined,3,1,leader,STRAIGHT_1,NONE,TRACK,1.5159858044899164,0.009658750363501835,0.015985804489916378,1.4887537484457316,-0.0010213359195664976,0.004999999999999005,0.012802078670762926,-4.931212998743799e-05,2.0959858011316275,0,10.856562614440918
9.842986768999253,combined,3,2,follower_1,STRAIGHT_1,NONE,PREDICT,1.4245876743124264,0.016117631519541823,-0.07541232568757361,1.476198818605117,-0.02173416021912941,0.20000000000000018,0.0,-0.0008913488356248173,2.0045876615074576,0,16.376951217651367
9.842986768999253,combined,3,3,follower_2,STRAIGHT_1,NONE,TRACK,1.4200000217615503,0.019790252717893267,-0.07999997823844973,1.4761986902211184,0.0020211088459870185,0.0649999999999995,0.0,0.00011939364340329839,1.999999999998991,0,10.627553939819336
10.0430052039992,combined,3,1,leader,STRAIGHT_1,NONE,TRACK,1.563668208391949,0.022508731700150036,0.06366820839194909,1.5327193855460817,-0.021694131305617308,0.004999999999999005,0.12333915820608111,-0.0008833404498668238,2.143668190064955,0,12.424827575683594
10.0430052039992,combined,3,2,follower_1,STRAIGHT_1,NONE,TRACK,1.4503510387219465,0.01246327410629584,-0.049648961278053516,1.478227129348519,0.003839640920687394,0.004999999999999005,0.0,0.00014938458533361683,2.0303510144750265,0,10.191181182861328
10.0430052039992,combined,3,3,follower_2,STRAIGHT_1,NONE,TRACK,1.4200542640539218,0.016470964733966136,-0.07994573594607823,1.4762547016017198,0.003518047031464818,0.0649999999999995,0.0,0.00016343576575018876,2.0000542514403064,0,10.032079696655273
10.24299896699813,combined,3,1,leader,STRAIGHT_1,NONE,TRACK,1.5901513665896265,0.028427374799285764,0.09015136658962652,1.5567203624979251,-0.007775920890072858,0.08000000000000007,0.18648056337988664,-0.0002901660604838484,2.1701513372664505,0,9.150311470031738
10.24299896699813,combined,3,2,follower_1,STRAIGHT_1,NONE,TRACK,1.4906645665518379,0.009138772679195927,-0.009335433448162123,1.486429299222967,0.022808650663533894,0.07000000000000028,0.0028268090898721544,0.0009373660594047071,2.0706645357129063,0,14.355793952941895
10.24299896699813,combined,3,3,follower_2,STRAIGHT_1,NONE,TRACK,1.4232575849677467,0.014049512516883411,-0.07674241503225332,1.476274437986426,0.00293553308447761,0.009999999999999787,0.0,0.00012830879577635233,2.0032575768650367,0,9.292502403259277
10.44296599199879,combined,3,1,leader,STRAIGHT_1,NONE,TRACK,1.5926564403457457,0.03438171868689761,0.09265644034574572,1.615262773385704,-0.00950659698551359,0.014999999999998792,0.33895669951806645,-0.00034614540879819637,2.172656397361337,0,9.628133773803711
10.44296599199879,combined,3,2,follower_1,STRAIGHT_1,NONE,TRACK,1.5452272848733979,0.030477783669157762,0.04522728487339789,1.5088073372763633,-0.04078598484552319,0.07000000000000028,0.054127891865190784,-0.001702296403742955,2.1252272147738482,0,7.796083927154541
10.44296599199879,combined,3,3,follower_2,STRAIGHT_1,NONE,TRACK,1.4379398669861465,0.014033258710334437,-0.06206013301385349,1.4762871838594738,0.003205475037674255,0.1399999999999988,0.0,0.00013411757204801904,2.017939832220906,0,12.006895065307617
10.644265453000116,combined,3,1,leader,STRAIGHT_1,NONE,TRACK,1.5853521525208392,0.03379290714548778,0.08535215252083916,1.6209107713402846,0.00046084260650205153,0.08500000000000085,0.3687075774387008,5.2795834480211824e-05,2.16535211080501,0,8.288884162902832
10.644265453000116,combined,3,2,follower_1,STRAIGHT_1,NONE,TRACK,1.597388745376972,0.03975096384515571,0.09738874537697195,1.5270840290835155,-0.02786242939899535,0.14500000000000135,0.09995396298988064,-0.001129523902616571,2.177388657726028,0,6.74277400970459
10.644265453000116,combined,3,3,follower_2,STRAIGHT_1,NONE,TRACK,1.466394080106023,0.0059130124705370525,-0.0336059198939771,1.4833874519318482,0.017827340775602052,0.005000000000000782,0.0,0.0007572241830654939,2.0463940262033824,0,6.556200981140137
10.84297086299921,combined,3,1,leader,STRAIGHT_1,NONE,TRACK,1.5721933312309213,0.02625670964322866,0.07219333123092131,1.6347845442964357,0.009437926753903024,0.0,0.41981433121697725,0.00040816564093952535,2.1521933056781695,0,6.294620990753174
10.84297086299921,combined,3,2,follower_1,STRAIGHT_1,NONE,TRACK,1.6219540604717877,0.041644870973541304,0.1219540604717877,1.6031539884251669,-0.0037633504461800525,0.004999999999999005,0.28350566773341146,-0.00017055938969171353,2.2019539829781674,0,13.711568832397461
10.84297086299921,combined,3,3,follower_2,STRAIGHT_1,NONE,TRACK,1.5124794207261625,0.01999725990303354,0.012479420726162482,1.5021830490832295,-0.01578076514235469,0.004999999999999005,0.042093582999645406,-0.0007442071490415444,2.0924793469717353,0,9.343727111816406
11.042917283997667,combined,3,1,leader,STRAIGHT_1,NONE,TRACK,1.5620825390236268,0.02453367040198135,0.062082539023626815,1.6239783896664253,0.00499322614656986,0.02000000000000135,0.41159571202959727,0.00016858065724170422,2.142082516436482,0,8.671262741088867
11.042917283997667,combined,3,2,follower_1,STRAIGHT_1,NONE,TRACK,1.6331123814135677,0.04829010185972571,0.13311238141356774,1.6258719870515568,-0.013111231672809505,0.08000000000000007,0.34909105428960996,-0.0005420401585741412,2.213112284956874,0,9.020299911499023
11.042917283997667,combined,3,3,follower_2,STRAIGHT_1,NONE,TRACK,1.5530212526204552,0.02812460337664599,0.053021252620455206,1.5194162006714673,-0.02666716444694091,0.06500000000000128,0.08543363009878596,-0.001103100963997509,2.133021146889322,0,11.748393058776855
11.242839069000183,combined,3,1,leader,STRAIGHT_1,NONE,TRACK,1.5516944582206607,0.021586494859790223,0.051694458220660655,1.6146507343960013,0.017497501242262795,0.019999999999999574,0.40464751469076105,0.000688790624378457,2.131694440332274,0,11.976826667785645
11.242839069000183,combined,3,2,follower_1,STRAIGHT_1,NONE,PREDICT,1.6659648897451005,0.06171100813407725,0.16596488974510049,1.6158252592396674,-0.014785484113234465,0.27999999999999936,0.1873032346072272,-0.0005946383502450794,2.245964742774304,0,9.020299911499023
11.242839069000183,combined,3,3,follower_2,STRAIGHT_1,NONE,TRACK,1.5567875728598028,0.01858679959119173,0.05678757285980285,1.5709821807001247,0.018760823742906406,0.019999999999999574,0.21834907445973922,0.0007638670096076564,2.1367874342027364,0,7.06138801574707
11.442656782000995,combined,3,1,leader,STRAIGHT_1,NONE,TRACK,1.5433631184297527,0.02058378201298428,0.04336311842975271,1.6039906866788114,0.001465934071829356,0.02499999999999858,0.39145918774653476,5.355999828992725e-05,2.1233631018121604,0,10.121102333068848
11.442656782000995,combined,3,2,follower_1,STRAIGHT_1,NONE,TRACK,1.645790777552264,0.10224995444528498,0.145790777552264,1.6910968062883154,-0.06128227917863413,0.02499999999999858,0.49659972541184205,-0.0023266602830779356,2.2257903870416067,0,7.003262996673584
11.442656782000995,combined,3,3,follower_2,STRAIGHT_1,NONE,TRACK,1.6024647739086648,0.025772600822346527,0.10246477390866482,1.586873753153329,-0.01136883946312364,0.019999999999999574,0.2700509080328982,-0.000532311063067742,2.1824644303625074,0,6.124916076660156
11.643307539998204,combined,3,1,leader,STRAIGHT_1,NONE,TRACK,1.5377815541739175,0.015858061759787705,0.037781554173917486,1.5963174385385948,0.0017140096887672787,0.08500000000000085,0.3832740621529823,4.883495817128338e-05,2.1177815435738534,0,7.567612171173096
11.643307539998204,combined,3,2,follower_1,STRAIGHT_1,NONE,TRACK,1.620752123204925,0.12253258219216753,0.1207521232049249,1.6865514217148874,-0.03064133740811381,0.019999999999999574,0.514478266664093,-0.0010757077944768265,2.200751568609065,0,10.085904121398926
11.643307539998204,combined,3,3,follower_2,STRAIGHT_1,NONE,TRACK,1.6269015088342402,0.03856112612205983,0.12690150883424023,1.6224853502450443,-0.021434317182235183,0.019999999999999574,0.3697013699934551,-0.0009071847547929689,2.2069010483086995,0,6.122169017791748
11.842587121998804,combined,3,1,leader,STRAIGHT_1,NONE,TRACK,1.5342562731398175,0.008112164294008148,0.034256273139817495,1.5873021031582952,0.011360513847063717,0.08999999999999986,0.36937586949534174,0.0004542130321170701,2.1142562691509017,0,7.4690117835998535
11.842587121998804,combined,3,2,follower_1,STRAIGHT_1,NONE,TRACK,1.5937074598976024,0.10826759485223823,0.09370745989760243,1.6734586065048755,0.03143389204158684,0.025000000000000355,0.5091154662243041,0.0013845432536457995,2.1737070293499574,0,11.863038063049316
11.842587121998804,combined,3,3,follower_2,STRAIGHT_1,NONE,TRACK,1.6365234459659812,0.06587525054548832,0.1365234459659812,1.644602282591713,-0.05332871542738098,0.025000000000000355,0.44469464333628117,-0.002211387936274675,2.2165230339259514,0,6.872163772583008
12.042741193999973,combined,3,1,leader,STRAIGHT_1,NONE,TRACK,1.5310835251415584,0.006751141803121772,0.031083525141558432,1.5832532952661964,0.0018016084035181806,0.030000000000001137,0.3662954753177621,2.2397114198692694e-05,2.111083521897389,0,9.31100082397461
12.042741193999973,combined,3,2,follower_1,STRAIGHT_1,NONE,TRACK,1.5702423881701824,0.0709403933848512,0.07024238817018236,1.6541684510948613,0.055622741069839304,0.030000000000001137,0.48774046059195375,0.0022911754866069274,2.150242198250563,0,7.173826217651367
12.042741193999973,combined,3,3,follower_2,STRAIGHT_1,NONE,TRACK,1.6331371481515655,0.10450371206632186,0.13313714815156552,1.6596413813893602,-0.07523405952581566,0.08500000000000085,0.5029892253877704,-0.0030267185789060085,2.2131366883423134,0,7.717155933380127
12.242547080000804,combined,3,1,leader,STRAIGHT_1,NONE,TRACK,1.536252858037344,0.009936288805616311,0.036252858037344016,1.57972379603097,-0.0026213123111649486,0.16999999999999993,0.36327649471842616,-0.0001316867384522663,2.1162528528806392,0,9.31100082397461
12.242547080000804,combined,3,2,follower_1,STRAIGHT_1,NONE,TRACK,1.5439987365215928,0.017136545910828922,0.04399873652159281,1.6287390599933367,0.0852585058421055,0.025000000000000355,0.4468141869482928,0.003383585595539796,2.1239987123140636,0,14.637408256530762
12.242547080000804,combined,3,3,follower_2,STRAIGHT_1,NONE,TRACK,1.6222269219016983,0.11233672043472505,0.12222692190169826,1.6704759317434499,-0.0010332220067503627,0.02999999999999936,0.5438402763584967,5.655760011153735e-06,2.202226458789161,0,7.559378147125244
12.44326435399853,combined,3,1,leader,STRAIGHT_1,NONE,TRACK,1.5335144668454759,0.009503498917509576,0.033514466845475877,1.5856501744795315,-0.01338568106744051,0.10499999999999865,0.3663709998818659,-0.0005485484052479693,2.1135144619364667,0,6.196381092071533
12.44326435399853,combined,3,2,follower_1,STRAIGHT_1,NONE,TRACK,1.5362971872162683,0.011428154442921846,0.03629718721626829,1.6096944880258965,0.008296477123459852,0.03500000000000014,0.41552103896090786,0.00017651885197529857,2.116297170081844,0,8.150142669677734
12.44326435399853,combined,3,3,follower_2,STRAIGHT_1,NONE,TRACK,1.5942574449240847,0.10274044412359491,0.09425744492408472,1.6764318785102257,0.02133463894107658,0.02999999999999936,0.5677135808234954,0.0008609353805560906,2.1742570580422704,0,10.338977813720703
12.642839501997514,combined,3,1,leader,STRAIGHT_1,NONE,TRACK,1.5306808005650006,0.011411738007847151,0.030680800565000554,1.582056113857528,-0.004055091534026332,0.09999999999999964,0.3638996433708366,-0.00017787220632765614,2.110680794163739,0,15.199968338012695
12.642839501997514,combined,3,2,follower_1,STRAIGHT_1,NONE,TRACK,1.533437910068407,0.010153382661214985,0.03343791006840702,1.590327832842111,0.012622469893225751,0.030000000000001137,0.3793844168449441,0.00045554871047847326,2.1134378919688923,0,13.32807731628418
12.642839501997514,combined,3,3,follower_2,STRAIGHT_1,NONE,TRACK,1.562007598430851,0.06848762630417253,0.06200759843085102,1.6580668549240603,0.051921374393533865,0.030000000000001137,0.5457470906898151,0.002114595284201514,2.142007427247664,0,8.465204238891602
12.842934796997724,combined,3,1,leader,STRAIGHT_1,NONE,TRACK,1.5281139242923107,0.0158675743152423,0.028113924292310744,1.5794718372670713,-0.009295239131210309,0.04499999999999993,0.3630609805612241,-0.0003932924978226831,2.1081139134014033,0,6.364150047302246
12.842934796997724,combined,3,2,follower_1,STRAIGHT_1,NONE,TRACK,1.5480760570545877,0.012488660346524934,0.04807605705458773,1.5841283508986397,-0.0034640864975838998,0.16499999999999915,0.37172954340226816,-0.00020138253079078936,2.128076031117552,0,13.32807731628418
12.842934796997724,combined,3,3,follower_2,STRAIGHT_1,NONE,TRACK,1.5228962586673764,0.029359579919406544,0.022896258667376435,1.6289624839469774,0.06783169778025731,0.03500000000000014,0.49086921667323125,0.002668750529296388,2.1028962275151772,0,6.196149826049805
13.042607847000909,combined,3,1,leader,STRAIGHT_1,NONE,TRACK,1.526091833073556,0.017516891016640855,0.026091833073556003,1.5768498298855778,-0.005333821353533201,0.040000000000000924,0.3613619559549138,-0.00020882640704182864,2.1060918200538383,0,5.855485916137695
13.042607847000909,combined,3,2,follower_1,STRAIGHT_1,NONE,TRACK,1.5452720272726193,0.01338734949310781,0.04527202727261925,1.5959072470616253,-0.0009735553861227242,0.030000000000001137,0.3781094946654612,-7.657792649131022e-05,2.125271998896575,0,13.10368537902832
13.042607847000909,combined,3,3,follower_2,STRAIGHT_1,NONE,TRACK,1.5156194378765577,0.020853951402203804,0.015619437876557729,1.5995022484652583,0.025400291188587356,0.030000000000001137,0.42810597136086725,0.000837266968047439,2.0956194222153117,0,5.847876071929932
13.242841286999465,combined,3,1,leader,STRAIGHT_1,NONE,TRACK,1.5239741084842422,0.021339760000286263,0.023974108484242196,1.5745805561853023,-0.0057033710788319284,0.03999999999999915,0.3598224503408414,-0.00023181598257530488,2.103974089897139,0,12.380099296569824
13.242841286999465,combined,3,2,follower_1,STRAIGHT_1,NONE,PREDICT,1.5493915749291887,0.014075976781574896,0.049391574929188664,1.5903669202052277,-0.002519115102987615,0.23000000000000043,0.20537011926063778,-0.00012513311701318087,2.129391540486266,0,10.749031066894531
13.242841286999465,combined,3,3,follower_2,STRAIGHT_1,NONE,TRACK,1.5056559100903804,0.023107367967106128,0.005655910090380356,1.5872170863228898,0.011193475869282836,0.1750000000000007,0.40384264813454723,0.0003220320893742482,2.0856558907387064,0,9.487813949584961
13.442872347000957,combined,3,1,leader,STRAIGHT_1,NONE,TRACK,1.5216660324080886,0.021288984399723508,0.02166603240808862,1.573510123882113,0.002251384363896054,0.04499999999999993,0.3608326944533831,0.0001076403215680926,2.1016660136450276,0,10.116881370544434
13.442872347000957,combined,3,2,follower_1,STRAIGHT_1,NONE,TRACK,1.5437143857475688,0.015570085510371107,0.04371438574756881,1.5996237044887467,-0.0020713314016055553,0.04499999999999993,0.390584431194394,-9.950835049771323e-05,2.123714351859735,0,10.393696784973145
13.442872347000957,combined,3,3,follower_2,STRAIGHT_1,NONE,TRACK,1.5146633994255487,0.027204808820455523,0.014663399425548729,1.561538639310097,-0.0035896868452037164,0.03999999999999915,0.34574383576815154,-0.00021184857399709844,2.0946633718873326,0,7.048295974731445
13.642532933998154,combined,3,1,leader,STRAIGHT_1,NONE,TRACK,1.5190737906821132,0.024228194807835158,0.019073790682113234,1.5728997162655676,-0.0037663627086551,0.03500000000000014,0.36252700893713996,-0.00016249408665373422,2.0990737667978894,0,13.66466236114502
13.642532933998154,combined,3,2,follower_1,STRAIGHT_1,NONE,TRACK,1.5387758430463352,0.015360873655170939,0.03877584304633519,1.5943852884563392,-0.0049976137475281545,0.11500000000000021,0.387145594399881,-0.00021123970609921098,2.1187758056372683,0,6.765452861785889
13.642532933998154,combined,3,3,follower_2,STRAIGHT_1,NONE,TRACK,1.522863255713471,0.036565377773740755,0.02286325571347092,1.5596514790804314,-0.005023693286662544,0.10500000000000043,0.34154416977335306,-0.00024545458573406594,2.102863206330512,0,9.806678771972656
13.842804156000057,combined,3,1,leader,STRAIGHT_1,NONE,PREDICT,1.5247242013006217,0.02913390609998865,0.024724201300621695,1.5712133226167229,-0.004729808196447153,0.23499999999999943,0.1986014658845921,-0.00019276161931955173,2.1047241676904633,0,7.57980489730835
13.842804156000057,combined,3,2,follower_1,STRAIGHT_1,NONE,TRACK,1.538343132904588,0.012652018509525782,0.03834313290458802,1.588434573881614,0.006128764912390479,0.10999999999999943,0.3804479613516217,0.0002525649692674648,2.1183430895281594,0,6.645738124847412
13.842804156000057,combined,3,3,follower_2,STRAIGHT_1,NONE,TRACK,1.515405426098056,0.03574712894117358,0.015405426098056063,1.5628974917907268,-0.018755778471023967,0.17499999999999893,0.34999481079300454,-0.0007855404732974961,2.0954053795223646,0,5.429382801055908
14.04270114099927,combined,3,1,leader,STRAIGHT_1,NONE,TRACK,1.522042809682271,0.027159792154784698,0.022042809682270903,1.5768271296445873,0.0015258388682943159,0.05000000000000071,0.36276700821406066,0.0001068495022079634,2.102042779553707,0,7.654428958892822
14.04270114099927,combined,3,2,follower_1,STRAIGHT_1,NONE,PREDICT,1.5567099319567752,0.008451760984558876,0.056709931956775206,1.5987769451118854,0.006852118963935144,0.3100000000000005,0.21408143729354384,0.00027528980701023616,2.136709900617361,0,6.645738124847412
14.04270114099927,combined,3,3,follower_2,STRAIGHT_1,NONE,TRACK,1.4970011620088675,0.028595992854150057,-0.0029988379911325413,1.5727667288626235,0.02110999242080034,0.030000000000001137,0.37449799942688244,0.0008204528019807094,2.077001132360389,0,5.727019786834717
14.242435691998253,combined,3,1,leader,STRAIGHT_1,NONE,TRACK,1.5204389835910457,0.02812194261720095,0.02043898359104568,1.5741054919063229,-0.0023909894316415958,0.05000000000000071,0.3600864479956323,-8.50494162898842e-05,2.1004389511964896,0,11.939870834350586
14.242435691998253,combined,3,2,follower_1,STRAIGHT_1,NONE,TRACK,1.5518545223738218,0.016410772777167754,0.05185452237382182,1.6070612430423008,-0.016597715797167338,0.03999999999999915,0.39006874478306175,-0.0006606616085992759,2.1318544841508613,0,20.923442840576172
14.242435691998253,combined,3,3,follower_2,STRAIGHT_1,NONE,TRACK,1.5062279257208735,0.028742111042631496,0.006227925720873495,1.5573273092474726,0.00847130777724801,0.03999999999999915,0.33630911498733923,0.0002776723970227952,2.086227890809555,0,12.858752250671387
14.442538831997808,combined,3,1,leader,STRAIGHT_1,NONE,TRACK,1.5183733806162951,0.021284589588052943,0.01837338061629512,1.5727282003262102,0.010785632213101968,0.054999999999999716,0.3599199737117191,0.00045715127859209984,2.0983733600329875,0,14.51484489440918
14.442538831997808,combined,3,2,follower_1,STRAIGHT_1,NONE,TRACK,1.548058275037154,0.025360567473366544,0.0480582750371541,1.6015183329292348,-0.019836247460244514,0.054999999999999716,0.38788423291718405,-0.0007731445640792512,2.128058236891109,0,9.030854225158691
14.442538831997808,combined,3,3,follower_2,STRAIGHT_1,NONE,TRACK,1.5160271569942012,0.03014680337681524,0.016027156994201208,1.553467416419407,0.0006741716652161546,0.04499999999999993,0.32661433596454176,-2.4184017484928037e-05,2.0960271052991377,0,6.16103982925415
14.642536839000968,combined,3,1,leader,STRAIGHT_1,NONE,TRACK,1.516865908926398,0.021539235697289227,0.016865908926398054,1.571459205055877,0.014395681426104067,0.1899999999999995,0.3596590995284601,0.0005849001998093609,2.096865887748903,0,17.698532104492188
14.642536839000968,combined,3,2,follower_1,STRAIGHT_1,NONE,TRACK,1.5480224190451086,0.024471152082784064,0.04802241904510862,1.598682239853451,-0.006999588402224926,0.04499999999999993,0.38844473842433264,-0.00024749021832116464,2.1280223822771402,0,13.797202110290527
14.642536839000968,combined,3,3,follower_2,STRAIGHT_1,NONE,TRACK,1.5181355815361033,0.0335467895601695,0.018135581536103285,1.5610429382956001,-0.004290137450155349,0.04499999999999993,0.34456811101911067,-0.0002158862198423537,2.0981355237118158,0,10.8511962890625
14.842906057998334,combined,3,1,leader,STRAIGHT_1,NONE,TRACK,1.5159926391602783,0.030710537041437124,0.015992639160278266,1.5682542862330244,-0.012217186066303492,0.054999999999999716,0.3543206122779631,-0.0004832439812940476,2.095992600366805,0,14.621875762939453
14.842906057998334,combined,3,2,follower_1,STRAIGHT_1,NONE,TRACK,1.5404880743235854,0.021031947476991,0.040488074323585366,1.598842003050892,0.013753620995113092,0.054999999999999716,0.391872150330648,0.0005755706068275963,2.120488027494929,0,14.252432823181152
14.842906057998334,combined,3,3,follower_2,STRAIGHT_1,NONE,TRACK,1.5248468208618626,0.0332734992021543,0.02484682086186263,1.565482297403684,-0.003424139298475562,0.04499999999999993,0.3557143823778981,-0.00014384044283370106,2.1048467700734887,0,8.88979434967041
15.042581441997754,combined,3,1,leader,STRAIGHT_1,NONE,TRACK,1.515060677244677,0.03546211065862295,0.015060677244677079,1.5675507780036662,-0.015060649903508031,0.06500000000000128,0.35441291505743816,-0.0005865465785925066,2.095060626502229,0,8.034897804260254
15.042581441997754,combined,3,2,follower_1,STRAIGHT_1,NONE,TRACK,1.534154453837803,0.014872477713540767,0.03415445383780291,1.594066328936918,0.0071732593101821425,0.11500000000000021,0.38933903316555285,0.0002948855794717621,2.1141544072996785,0,12.060752868652344
15.042581441997754,combined,3,3,follower_2,STRAIGHT_1,NONE,TRACK,1.5277668578637846,0.02812686343143174,0.027766857863784633,1.5704025927143057,0.008436520961420476,0.054999999999999716,0.36930239718683916,0.00034420441946952083,2.1077668245765255,0,6.251811981201172
15.242690338000102,combined,3,1,leader,STRAIGHT_1,NONE,TRACK,1.5143774453284027,0.0379360319739217,0.014377445328402683,1.5666269856197725,0.00024970342388245175,0.0600000000000005,0.35364961582586724,4.2731845874369065e-05,2.0943773873590965,0,11.653703689575195
15.242690338000102,combined,3,2,follower_1,STRAIGHT_1,NONE,TRACK,1.5321116053234745,0.00487247389086234,0.03211160532347446,1.5853281654321854,0.017270162311687716,0.0600000000000005,0.375521613699926,0.0006943433572596779,2.1121115641690973,0,11.229301452636719
15.242690338000102,combined,3,3,follower_2,STRAIGHT_1,NONE,TRACK,1.5248792107289884,0.02401231677402341,0.024879210728988355,1.57329904646906,0.005962048806717917,0.05000000000000071,0.37826742568361904,0.00023350414245448876,2.1048791896922325,0,16.337873458862305
15.442916853000497,combined,3,1,leader,STRAIGHT_1,NONE,TRACK,1.5137596013658512,0.04245786566161033,0.013759601365851193,1.5659902830023702,-0.007183204580254502,0.004999999999999005,0.35345291878197815,-0.0002745220580089233,2.09375952953975,0,8.076576232910156
15.442916853000497,combined,3,2,follower_1,STRAIGHT_1,NONE,PREDICT,1.542662153973725,0.002264958272903727,0.04266215397372508,1.5841796163551112,0.018700595386400034,0.2599999999999998,0.20599994084142714,0.0007392817376493587,2.122662107251626,0,10.091385841369629
15.442916853000497,combined,3,3,follower_2,STRAIGHT_1,NONE,TRACK,1.5096837563346834,0.023572418105983164,0.009683756334683435,1.5739160727555495,0.005747739620614398,0.054999999999999716,0.38160915804722484,0.00022295775876436804,2.089683736249584,0,10.598464012145996
15.643795349998982,combined,3,1,leader,STRAIGHT_1,NONE,TRACK,1.512912630726004,0.0437331998690035,0.012912630726003904,1.565613498750502,-0.00735938496819561,0.07000000000000028,0.35368087262574754,-0.00028197055999010863,2.0929125538786693,0,7.827716827392578
15.643795349998982,combined,3,2,follower_1,STRAIGHT_1,NONE,TRACK,1.5380983030487105,0.008008300311538818,0.038098303048710536,1.5914084431545679,-0.013513296164292626,0.054999999999999716,0.3769071334130383,-0.0005217478908814884,2.1180982572473663,0,16.531940460205078
15.643795349998982,combined,3,3,follower_2,STRAIGHT_1,NONE,TRACK,1.5127960381447167,0.02564407365197276,0.012796038144716748,1.5657483293296848,-0.005973171127866572,0.054999999999999716,0.3635828410423746,-0.0002538255266585129,2.0927960110736685,0,5.543572902679443
15.843391554997652,combined,3,1,leader,STRAIGHT_1,NONE,TRACK,1.5121088484569887,0.03370861272628906,0.012108848456988675,1.5653791742997263,0.016051766827160984,0.004999999999999005,0.3540513401898605,0.000659339225629436,2.0921087986172275,0,11.43936824798584
15.843391554997652,combined,3,2,follower_1,STRAIGHT_1,NONE,TRACK,1.534286203226826,0.004253855478982961,0.03428620322682607,1.5858844173454276,-0.0078105335753405804,0.05999999999999872,0.3709950982197624,-0.00028262333589253196,2.1142861842982565,0,8.932027816772461
15.843391554997652,combined,3,3,follower_2,STRAIGHT_1,NONE,TRACK,1.5152222703067186,0.028006793171626448,0.015222270306718633,1.5632249099901419,0.007175966416908166,0.05999999999999872,0.3579035484182131,0.0002922600586794244,2.09522223893811,0,9.655054092407227
16.042958075999195,combined,3,1,leader,STRAIGHT_1,SHORT_OCCLUSION,TRACK,1.5119411009301,0.02542784443518149,0.011941100930100035,1.5638247824399403,0.016919923700766056,0.07500000000000107,0.3512013117145347,0.0006765148064077884,2.091941068287718,0,7.038262844085693
16.042958075999195,combined,3,2,follower_1,STRAIGHT_1,SHORT_OCCLUSION,TRACK,1.5348179440740408,-0.0071376646114017315,0.03481794407404082,1.5826516096112004,0.016020765115620103,0.0600000000000005,0.3694329532776759,0.0007009457454490987,2.1148179362205317,0,9.863022804260254
16.042958075999195,combined,3,3,follower_2,STRAIGHT_1,SHORT_OCCLUSION,TRACK,1.5122426546349483,0.0320678999907459,0.012242654634948336,1.5645909840931376,-0.009224417556535872,0.125,0.36152674237665844,-0.0003835247105275542,2.0922426176137137,0,8.863107681274414
16.243463807997614,combined,3,1,leader,STRAIGHT_1,SHORT_OCCLUSION,TRACK,1.5120329224228033,0.025522117058531437,0.012032922422803294,1.5629628805511688,0.008996888309278318,0.07000000000000028,0.34970220754475306,0.0003488058897492931,2.092032889390818,0,13.98951244354248
16.243463807997614,combined,3,2,follower_1,STRAIGHT_1,SHORT_OCCLUSION,PREDICT,1.5625410829318096,-0.019771717649561812,0.0625410829318096,1.582613007138792,0.01974830186007839,0.2599999999999998,0.2031700776468708,0.0008180497659728604,2.142541063485765,0,13.045851707458496
16.243463807997614,combined,3,3,follower_2,STRAIGHT_1,SHORT_OCCLUSION,TRACK,1.4830069941312631,0.03350766317788081,-0.016993005868736866,1.5659782443821153,-0.007729681075431881,0.14000000000000057,0.3653550734273581,-0.00031065762910526657,2.0630069500345005,0,7.981421947479248
16.442907540000306,combined,3,1,leader,STRAIGHT_1,SHORT_OCCLUSION,TRACK,1.5121794520021463,0.030745901244407497,0.012179452002146318,1.5626119275997261,-0.014903686411965553,0.015000000000000568,0.349248940856335,-0.0006017542845661519,2.092179407989723,0,6.327915191650391
16.442907540000306,combined,3,2,follower_1,STRAIGHT_1,SHORT_OCCLUSION,PREDICT,1.5871154344242067,-0.03254130467332078,0.08711543442420666,1.6116371452279137,0.02200762141852511,0.46000000000000085,0.2167388622035352,0.0008890283832421399,2.1671153867573136,0,10.798088073730469
16.442907540000306,combined,3,3,follower_2,STRAIGHT_1,SHORT_OCCLUSION,TRACK,1.464921332805013,0.03322170357938771,-0.03507866719498698,1.5479675917643736,0.006564288344991619,0.005000000000000782,0.3212346334404095,0.00026701349767284025,2.0449212761723445,0,10.86526107788086
16.64292629600095,combined,3,1,leader,STRAIGHT_1,NONE,TRACK,1.5123164212135394,0.02607916155162541,0.012316421213539375,1.5625105020239018,0.0075873968151366445,0.009999999999999787,0.3493113886906683,0.00034398012900805947,2.0923163863509133,0,9.643957138061523
16.64292629600095,combined,3,2,follower_1,STRAIGHT_1,NONE,TRACK,1.5809314297594779,-0.016386985128539696,0.08093142975947787,1.6408658943447472,-0.05613263184112498,0.009999999999999787,0.4220672661223534,-0.001999109294999098,2.1609314169198,0,8.979022979736328
16.64292629600095,combined,3,3,follower_2,STRAIGHT_1,NONE,TRACK,1.485206228914729,0.05448760237786167,-0.014793771085271024,1.5358871239602325,-0.019185881001263012,0.07000000000000028,0.2886465758884074,-0.0008089530230734836,2.0652061223779503,0,6.671090126037598
16.842985002000205,combined,3,1,leader,STRAIGHT_1,NONE,TRACK,1.512406585811847,0.028675657881700907,0.012406585811846949,1.5625339085746242,-0.003969839091563953,0.014999999999998792,0.3496724124770804,-0.00019245480114278644,2.0924065454883713,0,9.124902725219727
16.842985002000205,combined,3,2,follower_1,STRAIGHT_1,NONE,TRACK,1.5665341561209067,0.02463490156791473,0.06653415612090674,1.634577874198513,-0.07358081214940022,0.009999999999999787,0.4179827778173642,-0.002756702846419149,2.1465341294996962,0,9.93166446685791
16.842985002000205,combined,3,3,follower_2,STRAIGHT_1,NONE,TRACK,1.5149209099392391,0.0544739870463744,0.014920909939239113,1.5334432788450905,0.013541989536672116,0.004999999999999005,0.2777869651599804,0.0006106859645524014,2.0949207378862504,0,11.286765098571777
17.04433362599957,combined,3,1,leader,STRAIGHT_1,NONE,TRACK,1.5124170212653785,0.03692403183365167,0.01241702126537847,1.5625520629846563,-0.013101656980994747,0.015000000000000568,0.34998753172480745,-0.0005502501804847911,2.092416960964201,0,9.94827938079834
17.04433362599957,combined,3,2,follower_1,STRAIGHT_1,NONE,TRACK,1.55735935735531,0.029979220574580703,0.05735935735530995,1.6211215522148226,-0.061039511723419954,0.14500000000000135,0.4036114861213932,-0.0022497449320741537,2.137359310538236,0,5.4859161376953125
17.04433362599957,combined,3,3,follower_2,STRAIGHT_1,NONE,TRACK,1.5305270416853916,0.04081242498305531,0.030527041685391554,1.5437953991189757,0.024217961163071643,0.07000000000000028,0.29805551993033774,0.000997512060289311,2.110526907130609,0,12.942891120910645
17.243472463000217,combined,3,1,leader,STRAIGHT_1,NONE,PREDICT,1.5271402035298838,0.04327912673119997,0.027140203529883777,1.5624163827904023,-0.015703889429068963,0.21499999999999986,0.19242971195783035,-0.0006320017239028205,2.107140124105615,0,9.94827938079834
17.243472463000217,combined,3,2,follower_1,STRAIGHT_1,NONE,TRACK,1.5349418211835304,0.015388209241934486,0.0349418211835304,1.6099760603153854,0.025958540748869326,0.07000000000000028,0.3914279900863734,0.0012550523940669397,2.114941788332498,0,21.061250686645508
17.243472463000217,combined,3,3,follower_2,STRAIGHT_1,NONE,TRACK,1.5364301017164417,0.023776242636584146,0.036430101716441676,1.5677219703106153,0.020482076321960387,0.004999999999999005,0.35480484423274783,0.0008024762327208628,2.116430051292584,0,9.51443099975586
17.49898700199992,combined,3,1,leader,STRAIGHT_1,NONE,PREDICT,1.524785372514244,0.03485140249076961,0.024785372514243953,1.56553061094658,-0.016044846836708874,0.26500000000000057,0.19388561362084347,-0.0006427132167731061,2.104785315821461,0,11.160361289978027
17.49898700199992,combined,3,2,follower_1,STRAIGHT_1,NONE,TRACK,1.5358651869072317,0.007202862824247358,0.03586518690723173,1.607248110763502,0.020436619822036026,0.05000000000000071,0.38809258433596133,0.0009910629479135064,2.115865175970718,0,8.042769432067871
17.49898700199992,combined,3,3,follower_2,STRAIGHT_1,NONE,TRACK,1.5300096343256397,0.00989210888166195,0.030009634325639745,1.5679099128896896,0.020298368302768165,0.054999999999999716,0.354964595424961,0.0007967048750858644,2.110009612826601,0,10.336896896362305
17.642805200997827,combined,3,1,leader,STRAIGHT_1,NONE,TRACK,1.5229895538011582,0.02777732151586006,0.02298955380115819,1.5750703443509493,0.020675731573703546,0.015000000000000568,0.3601421053020556,0.0008513194033006867,2.1029895126408156,0,10.736163139343262
17.642805200997827,combined,3,2,follower_1,STRAIGHT_1,NONE,TRACK,1.5376366224144404,0.0009368224809938355,0.037636622414440435,1.5845434966883465,-0.004999030250022311,0.019999999999999574,0.3500302082349482,-0.00019429034826227458,2.117636620104311,0,7.668641090393066
17.642805200997827,combined,3,3,follower_2,STRAIGHT_1,NONE,TRACK,1.5231430416042644,0.00625852522240506,0.02314304160426439,1.580382052373768,0.02208767150667455,0.08000000000000007,0.39024835214745773,0.0008578413519213416,2.1031430298397837,0,6.886692047119141
17.842910470997595,combined,3,1,leader,STRAIGHT_1,NONE,TRACK,1.5208281877699688,0.022178550856805496,0.020828187769968753,1.5737644468400989,0.009437475815699953,0.019999999999999574,0.3605783233248509,0.0003545453219150995,2.100828156489843,0,11.015456199645996
17.842910470997595,combined,3,2,follower_1,STRAIGHT_1,NONE,TRACK,1.5390130736412326,0.0004247564589677356,0.03901307364123263,1.5826625853364633,0.0022842019365191158,0.019999999999999574,0.35285414977366303,7.463707919820504e-05,2.119013073514839,0,8.172009468078613
17.842910470997595,combined,3,3,follower_2,STRAIGHT_1,NONE,TRACK,1.517072889414067,0.018644800324575272,0.01707288941406704,1.5765831526993024,-0.01794571671585086,0.010000000000001563,0.3842721048369061,-0.0007841807168292652,2.0970728659699005,0,10.376289367675781
18.042771870997967,combined,3,1,leader,STRAIGHT_1,NONE,TRACK,1.5191125239068382,0.018319822637587243,0.019112523906838152,1.5726205201359933,0.012879482109836462,0.019999999999999574,0.36081250530208225,0.0005006811280057805,2.0991124983393914,0,8.738703727722168
18.042771870997967,combined,3,2,follower_1,STRAIGHT_1,NONE,TRACK,1.5390233751309992,0.003362575194804277,0.03902337513099918,1.5831181025490726,-0.006846243427081993,0.010000000000001563,0.3604573884798662,-0.00028547722997604083,2.1190233745799985,0,11.334044456481934
18.042771870997967,combined,3,3,follower_2,STRAIGHT_1,NONE,TRACK,1.514799920823111,0.03012331914649932,0.014799920823111101,1.5728665496530805,-0.023547732271677585,0.004999999999999005,0.3774144936775999,-0.0009822736300107667,2.094799872137847,0,5.645624160766602
18.243673934997787,combined,3,1,leader,STRAIGHT_1,NONE,TRACK,1.5171182592575063,0.02897072382698077,0.01711825925750632,1.5714763138836827,-0.018060164628117856,0.015000000000000568,0.3607614333436771,-0.0007702524286434754,2.097118215461001,0,17.58317756652832
18.243673934997787,combined,3,2,follower_1,STRAIGHT_1,NONE,TRACK,1.5378711234909204,0.009201741385849192,0.037871123490920366,1.5831944962577706,-0.007065884983408605,0.019999999999999574,0.3666271892948185,-0.00028391345209111065,2.117871117558716,0,8.567605972290039
18.243673934997787,combined,3,3,follower_2,STRAIGHT_1,NONE,TRACK,1.5141012953993482,0.04041985300309073,0.014101295399348235,1.5696510767471943,-0.020508950456602736,0.07499999999999929,0.37122011733308563,-0.0008217131858183934,2.0941012130780794,0,9.791101455688477
18.442657649000466,combined,3,1,leader,STRAIGHT_1,NONE,TRACK,1.5156804410414038,0.03693113047670153,0.01568044104140376,1.5691047695179117,-0.012382676487496124,0.02499999999999858,0.35731793951779955,-0.0005051905564811478,2.0956803778216972,0,16.305885314941406
18.442657649000466,combined,3,2,follower_1,STRAIGHT_1,NONE,TRACK,1.5347222872194088,0.009173774745498875,0.03472228721940884,1.5833062719777082,-0.0070868451542450295,0.019999999999999574,0.37251691162915496,-0.00027894334847888147,2.114722274350546,0,10.412670135498047
18.442657649000466,combined,3,3,follower_2,STRAIGHT_1,NONE,TRACK,1.5156036995109554,0.04424073502124767,0.015603699510955416,1.5668906364660236,-0.007204929319923582,0.02499999999999858,0.3655964836074934,-0.00026919279899511765,2.0956036068420256,0,6.5110650062561035
18.642623627998546,combined,3,1,leader,STRAIGHT_1,NONE,TRACK,1.5144170433607713,0.039327197663068275,0.01441704336077132,1.56802297819997,-0.004478373141399706,0.019999999999999574,0.3566290137615618,-0.00015433925133229238,2.09441697273474,0,8.41598129272461
18.642623627998546,combined,3,2,follower_1,STRAIGHT_1,NONE,TRACK,1.530886155857569,0.010739802768092185,0.030886155857569042,1.5823309580937672,-0.004456276750659209,0.019999999999999574,0.3757120002730598,-0.0001784521970549775,2.1108861400975107,0,13.547211647033691
18.642623627998546,combined,3,3,follower_2,STRAIGHT_1,NONE,TRACK,1.5175728516250875,0.045108434264335646,0.017572851625087482,1.5663508801037966,-0.000843748632650706,0.019999999999999574,0.3650273726114257,-6.114104795634667e-06,2.0975727519014646,0,8.493157386779785
18.8429147679999,combined,3,1,leader,STRAIGHT_1,NONE,TRACK,1.5134989970791062,0.04308214148568187,0.013498997079106179,1.566684405422733,-0.005872023517033895,0.03500000000000014,0.3548465789246549,-0.0002272125090633918,2.0934989144225535,0,6.405655860900879
18.8429147679999,combined,3,2,follower_1,STRAIGHT_1,NONE,TRACK,1.5271439636278157,0.012567342200375564,0.02714396362781568,1.5800883022702064,-0.00208903709370561,0.09500000000000242,0.3749129289957517,-7.466659493532565e-05,2.1071439424069274,0,7.377338886260986
18.8429147679999,combined,3,3,follower_2,STRAIGHT_1,NONE,TRACK,1.5188223660382696,0.04367089411522229,0.01882236603826959,1.5669389115476313,0.0011059477497934885,0.08500000000000085,0.3670672715789924,6.193796456142631e-05,2.0988222664825495,0,16.717853546142578
19.042738365998957,combined,3,1,leader,STRAIGHT_1,LONG_OCCLUSION,TRACK,1.5126427379940015,0.03939233354406004,0.012642737994001507,1.5660283105525667,0.007609413600257464,0.03500000000000014,0.3545052050149922,0.00034431076667852277,2.092642665354153,0,10.822599411010742
19.042738365998957,combined,3,2,follower_1,STRAIGHT_1,LONG_OCCLUSION,TRACK,1.5253162966243097,0.0134403871693087,0.025316296624309675,1.5770809836735022,-0.004500303797786751,0.08500000000000085,0.3718154791891361,-0.00017420845738591576,2.1053162809251664,0,11.440240859985352
19.042738365998957,combined,3,3,follower_2,STRAIGHT_1,LONG_OCCLUSION,TRACK,1.5165341378306045,0.03116391551959849,0.016534137830604534,1.569818513446726,0.022809591073708557,0.02499999999999858,0.37459160759063176,0.0009186231781041431,2.0965340673314308,0,10.10297966003418
19.24282405199847,combined,3,1,leader,STRAIGHT_1,LONG_OCCLUSION,TRACK,1.5122129774503708,0.03079963125238436,0.012212977450370754,1.5656279324895397,0.015455665989236665,0.09999999999999787,0.35456836080703213,0.0006394385938488565,2.092212925965348,0,9.600452423095703
19.24282405199847,combined,3,2,follower_1,STRAIGHT_1,LONG_OCCLUSION,PREDICT,1.5524656676594533,0.013952417870565854,0.05246566765945326,1.5798865249341418,-0.004575875004101765,0.28500000000000014,0.20581010409337389,-0.0001765825968517374,2.132465659056831,0,8.462045669555664
19.24282405199847,combined,3,3,follower_2,STRAIGHT_1,LONG_OCCLUSION,TRACK,1.4849703105133356,0.029937296786148003,-0.015029689486664388,1.5702343818652251,0.0035743174856244704,0.03500000000000014,0.37660936591161603,6.489374716298866e-05,2.0649702368217002,0,5.745205879211426
19.443169039001077,combined,3,1,leader,STRAIGHT_1,LONG_OCCLUSION,TRACK,1.5123877891729922,0.02425365450662147,0.012387789172992214,1.563331369686204,0.017151010999279775,0.10500000000000043,0.3497038700307357,0.0006891089794665704,2.092387750577497,0,6.471625804901123
19.443169039001077,combined,3,2,follower_1,STRAIGHT_1,LONG_OCCLUSION,PREDICT,1.5802476610023457,0.01581073178531157,0.0802476610023457,1.609987011098783,-0.0045564181202473126,0.48499999999999943,0.21988208137534365,-0.00017597134081794843,2.1602476519459275,0,9.003877639770508
19.443169039001077,combined,3,3,follower_2,STRAIGHT_1,LONG_OCCLUSION,TRACK,1.4601009172122013,0.03330081378589027,-0.039899082787798745,1.5540737225935513,-0.001036802366035395,0.03500000000000014,0.33719902382552824,-8.205514921156301e-05,2.0401008286439817,0,7.169489860534668
19.642674769998848,combined,3,1,leader,STRAIGHT_1,LONG_OCCLUSION,TRACK,1.5124050985119823,-0.22096628451164918,0.012405098511982349,1.562705309774264,-0.013692303936393145,0.03500000000000014,0.34866999454628295,-0.0005803240921187471,2.092306081783741,0,10.03743839263916
19.642674769998848,combined,3,2,follower_1,STRAIGHT_1,LONG_OCCLUSION,PREDICT,1.619676390177566,0.018676332860486793,0.11967639017756593,1.6374742883445645,-0.004546976199161066,0.6850000000000023,0.2327323834877465,-0.00017567471411874516,2.199676374434271,0,5.831479072570801
19.642674769998848,combined,3,3,follower_2,STRAIGHT_1,LONG_OCCLUSION,TRACK,1.4336057848629664,0.04686262926326052,-0.06639421513703359,1.5399452271935223,-0.021417287166179327,0.09500000000000242,0.302386956459441,-0.0008883799926568544,2.013605652269589,0,11.582457542419434
19.84292952999749,combined,3,1,leader,TURN_HARD,LONG_OCCLUSION,TRACK,1.5124839921045203,-0.46696057926742895,0.012483992104520336,1.563301499402458,-0.08231573065784896,0.045000000000001705,0.35063621426811353,-0.0034805145949696414,2.0917999120108433,0,14.819974899291992
19.84292952999749,combined,3,2,follower_1,TURN_HARD,LONG_OCCLUSION,SAFE_STOP,1.6933481029385986,0.029916420638734065,0.1933481029385986,1.6838999884896761,-0.005391672539730986,0.8850000000000016,0.0,0.0,2.273347734117379,0,9.236302375793457
19.84292952999749,combined,3,3,follower_2,TURN_HARD,LONG_OCCLUSION,TRACK,1.3897473727080474,0.033878112833280245,-0.11025262729195262,1.5246687927450682,0.037103276405308576,0.03500000000000014,0.2596708921072954,0.0014634154062265086,1.9697472752765028,0,11.229667663574219
20.042674633998104,combined,3,1,leader,TURN_HARD,LONG_OCCLUSION,TRACK,1.5145070615734524,-0.4752879154354922,0.014507061573452384,1.5617085043906482,-0.3247728657923969,0.03500000000000014,0.3469193211410893,-0.013392310686125132,2.0929168197781776,0,17.262407302856445
20.042674633998104,combined,3,2,follower_1,TURN_HARD,LONG_OCCLUSION,SAFE_STOP,1.7550392294143848,0.05163015796351717,0.25503922941438484,1.755969786858302,-0.007272535067387027,1.0850000000000009,0.0,0.0,2.335036165761092,0,13.967427253723145
20.042674633998104,combined,3,3,follower_2,TURN_HARD,LONG_OCCLUSION,TRACK,1.3661748323598595,0.02371641024040364,-0.13382516764014052,1.4868138417278653,0.009888423389830505,0.030000000000001137,0.15574063230957394,0.00024532092369711076,1.9461747548077792,0,8.430134773254395
20.24266742100008,combined,3,1,leader,TURN_HARD,LONG_OCCLUSION,TRACK,1.5216367317234547,-0.3786943040836728,0.021636731723454705,1.557551758043516,-0.4092729812797392,0.11499999999999844,0.336585239025845,-0.01637887520920709,2.0986614674327617,0,17.115943908691406
20.24266742100008,combined,3,2,follower_1,TURN_HARD,LONG_OCCLUSION,SAFE_STOP,1.8188590344290196,0.0677132468275077,0.31885903442901964,1.8280395852269278,-0.009153397595043068,1.2850000000000001,0.0,0.0,2.398850285658078,0,10.612836837768555
20.24266742100008,combined,3,3,follower_2,TURN_HARD,LONG_OCCLUSION,TRACK,1.3565301737740503,0.02304383220228586,-0.14346982622594973,1.4543778722849072,0.006311829974718737,0.03999999999999915,0.061368312601459495,0.0001255532053633775,1.9365300970926613,0,12.232555389404297
20.44282314099837,combined,3,1,leader,TURN_HARD,NONE,TRACK,1.5344747001775414,-0.2521718244107903,0.034474700177541395,1.540208354465545,-0.2656698999349781,0.04499999999999815,0.29269455517882376,-0.010191429981597501,2.1097616415975677,0,8.55666732788086
20.44282314099837,combined,3,2,follower_1,TURN_HARD,NONE,TRACK,1.8082110569589949,0.0676628880198995,0.30821105695899487,1.8714692679669849,-0.0030538036470976033,0.03500000000000014,0.6,-0.00010540690641602168,2.3881978108327937,0,6.930596828460693
20.44282314099837,combined,3,3,follower_2,TURN_HARD,NONE,TRACK,1.4201256927320034,0.02571403121770981,-0.0798743072679966,1.452612796273302,-0.006263499328415258,0.16999999999999815,0.038989154785853755,-0.00032462781391859265,2.0001256249317136,0,12.232555389404297
20.64271475499845,combined,3,1,leader,TURN_HARD,NONE,TRACK,1.5514201050825944,-0.13921578079303104,0.051420105082594425,1.5383215147875515,-0.12841904933256584,0.11000000000000298,0.2845061120726746,-0.0045732416198058165,2.124604620541666,0,11.697832107543945
20.64271475499845,combined,3,2,follower_1,TURN_HARD,NONE,TRACK,1.742595416075802,0.05596876984949831,0.24259541607580193,1.8452428855472984,-0.0030226987945702897,0.0400000000000027,0.5945769930804046,-0.0001088884902357848,2.322582757838724,0,14.947792053222656
20.64271475499845,combined,3,3,follower_2,TURN_HARD,NONE,TRACK,1.5361797637057872,0.01765447528761073,0.03617976370578724,1.4442484988394029,0.01533268756499717,0.0400000000000027,0.001993425233234085,0.0006056696578663274,2.116179707697245,0,10.14560604095459
20.842974977000267,combined,3,1,leader,TURN_HARD,NONE,TRACK,1.5718142036740963,-0.0327572448468956,0.0718142036740963,1.5291379477291929,0.12708119725897019,0.045000000000001705,0.25799906355356095,0.005675000442840103,2.1424890785509074,0,8.58631420135498
20.842974977000267,combined,3,2,follower_1,TURN_HARD,NONE,TRACK,1.6804491566239217,0.04344333524065087,0.1804491566239217,1.8053846084181742,-0.02233715104808153,0.045000000000001705,0.5684168567869257,-0.0009368612339202897,2.260441689365748,0,10.30550765991211
20.842974977000267,combined,3,3,follower_2,TURN_HARD,NONE,TRACK,1.6171905534912507,0.016061757448099706,0.11719055349125074,1.4680827277069872,0.013554260341892806,0.1700000000000017,0.04464916484872987,0.0005081156068345765,2.1971904444204817,0,7.138599872589111
21.042602112000168,combined,3,1,leader,TURN_HARD,NONE,TRACK,1.5892784687995591,0.07559463683702895,0.08927846879955914,1.5321126686123696,0.2773519903859675,0.05999999999999872,0.2604435633001865,0.011615251872841445,2.157377975475177,0,7.0773420333862305
21.042602112000168,combined,3,2,follower_1,TURN_HARD,NONE,TRACK,1.6401102078188357,0.041400877176904737,0.14011020781883565,1.7572129781402384,-0.044952741940978175,0.11500000000000199,0.5110296081207228,-0.001823488917119259,2.2201080470966197,0,10.899771690368652
21.042602112000168,combined,3,3,follower_2,TURN_HARD,NONE,TRACK,1.628217614647462,0.045818340239512874,0.12821761464746206,1.599607009282242,-0.018046174765380823,0.05000000000000071,0.35388882740580124,-0.00080032177517096,2.2082172531873017,0,8.929727554321289
21.24312088499937,combined,3,1,leader,TURN_HARD,NONE,TRACK,1.6016385042205226,0.16550080853902646,0.10163850422052256,1.5391724201881514,0.4339025406968991,0.05000000000000071,0.2744076481376779,0.017726860639430696,2.1673924989499613,0,10.985548973083496
21.24312088499937,combined,3,2,follower_1,TURN_HARD,NONE,TRACK,1.6165049543430372,0.03896205438563083,0.1165049543430372,1.704675922033387,-0.08555252709741369,0.11499999999999844,0.4296897117409788,-0.0034515296871668807,2.196504897744392,0,7.317873954772949
21.24312088499937,combined,3,3,follower_2,TURN_HARD,NONE,TRACK,1.612079479937561,0.07985513351123351,0.11207947993756107,1.6486191744078325,-0.0791933309238753,0.03999999999999915,0.49061087714556395,-0.003289310446871859,2.192078679943421,0,13.162158966064453
21.442549359999248,combined,3,1,leader,TURN_HARD,NONE,TRACK,1.6134672448263943,0.2546639027878978,0.11346724482639425,1.5447169553081361,0.5933423801497908,0.125,0.2853413540131244,0.02380762507044818,2.1763787410240036,0,10.417367935180664
21.442549359999248,combined,3,2,follower_1,TURN_HARD,NONE,TRACK,1.5971425512394555,0.01798361719392829,0.09714255123945548,1.6729793307294147,-0.05515760977907989,0.054999999999999716,0.3910212465455626,-0.0021311038544397894,2.1771375404889275,0,10.915305137634277
21.442549359999248,combined,3,3,follower_2,TURN_HARD,NONE,TRACK,1.5845787137696734,0.09345027413633865,0.08457871376967341,1.6545428145778187,-0.04631883856750856,0.11999999999999744,0.524897299768523,-0.0018064264820270006,2.1645775378669208,0,7.972442150115967
21.642446232999646,combined,3,1,leader,TURN_HARD,NONE,TRACK,1.623375766582072,0.3170120032470445,0.12337576658207206,1.5501268970944166,0.8047465643343807,0.13000000000000256,0.29669340478132866,0.031879786435861514,2.182916179110361,0,8.106491088867188
21.642446232999646,combined,3,2,follower_1,TURN_HARD,NONE,TRACK,1.5820166741608719,-0.03389877122503215,0.08201667416087188,1.6535523934583278,-0.017616260655882884,0.060000000000002274,0.3751025747308451,-0.0005907454679811931,2.161987238313835,0,11.23129653930664
21.642446232999646,combined,3,3,follower_2,TURN_HARD,NONE,TRACK,1.5540602251865026,0.05190266933019898,0.05406022518650255,1.6454700387725307,0.04221070437485906,0.060000000000002274,0.5226227715585444,0.0018110674341795764,2.13405919178272,0,6.59519100189209
21.842663913997967,combined,3,1,leader,TURN_HARD,NONE,TRACK,1.629808668385827,0.3795252052538646,0.12980866838582705,1.5558782238903752,0.9814521718345871,0.060000000000002274,0.3095169545669205,0.03856834982425879,2.186239356163044,0,17.422107696533203
21.842663913997967,combined,3,2,follower_1,TURN_HARD,NONE,TRACK,1.5740305067557334,-0.058965529578577675,0.07403050675573342,1.634769889817141,-0.022075457411939718,0.060000000000002274,0.3562349832517373,-0.0008153047076653886,2.153956904316244,0,13.368037223815918
21.842663913997967,combined,3,3,follower_2,TURN_HARD,NONE,TRACK,1.5324384675186626,0.025952368526919217,0.03243846751866264,1.6218380589762507,0.056265760899679725,0.05000000000000071,0.4800289655621215,0.002244370120226902,2.1124372868580172,0,9.365277290344238
22.042773565997777,combined,3,1,leader,TURN_HARD,NONE,TRACK,1.634825271735708,0.4464668487974192,0.1348252717357079,1.5579529972303738,1.0991943839394895,0.06500000000000128,0.3151578674809855,0.0430904666859136,2.1880526926901225,0,11.489766120910645
22.042773565997777,combined,3,2,follower_1,TURN_HARD,NONE,TRACK,1.5683958441352546,-0.0645017118240242,0.06839584413525457,1.6208619528552939,-0.060295272149013465,0.05999999999999872,0.3444029248589719,-0.00239376893816215,2.14825147352699,0,8.346169471740723
22.042773565997777,combined,3,3,follower_2,TURN_HARD,NONE,TRACK,1.5174843672356408,0.015542100084912072,0.01748436723564084,1.5981749882527276,0.028352130882161743,0.054999999999999716,0.4313774786650913,0.0010796474290367783,2.097482843220617,0,7.349916934967041
22.242948376999266,combined,3,1,leader,TURN_HARD,NONE,TRACK,1.6385403997869799,0.4937538183119048,0.13854039978697985,1.5594742258627816,1.245654369709523,0.004999999999999005,0.3200253439459925,0.04885464901597661,2.1884053761219167,0,7.416745185852051
22.242948376999266,combined,3,2,follower_1,TURN_HARD,NONE,TRACK,1.563837132273441,-0.06899025179203999,0.06383713227344101,1.611942121892455,-0.045571085921555544,0.134999999999998,0.34135983432425393,-0.0017468891999146282,2.143582249112761,0,9.997556686401367
22.242948376999266,combined,3,3,follower_2,TURN_HARD,NONE,TRACK,1.5088937579766135,0.027231856826716347,0.008893757976613514,1.5813782019479106,-0.024699458396582535,0.054999999999999716,0.39489792643018284,-0.0011226411708785454,2.0888919564467057,0,8.811572074890137
22.44442526000057,combined,3,1,leader,TURN_HARD,NONE,TRACK,1.6408383948741543,0.5173026405067732,0.14083839487415428,1.560326928885729,1.3611816910823509,0.06499999999999773,0.32312386588287195,0.05318403099081908,2.187279527128883,0,16.74589729309082
22.44442526000057,combined,3,2,follower_1,TURN_HARD,NONE,TRACK,1.5585741169993736,-0.07154059939107676,0.05857411699937365,1.6064894369941878,-0.035639936892079505,0.134999999999998,0.34431094999548784,-0.0013494264283353268,2.138161419121096,0,9.79885482788086
22.44442526000057,combined,3,3,follower_2,TURN_HARD,NONE,TRACK,1.5058553524324247,0.021684021869357275,0.005855352432424743,1.569166323618122,-0.0015388606243320721,0.06499999999999773,0.3680181129851912,-8.350995359457494e-05,2.0858534980189405,0,8.249292373657227
22.642982558998483,combined,3,1,leader,TURN_HARD,NONE,TRACK,1.6421089266722326,0.5455499821776408,0.14210892667223263,1.5610140889209079,1.4788178730420964,0.060000000000002274,0.32595849448618364,0.05762774014376643,2.1851658348185143,0,18.940425872802734
22.642982558998483,combined,3,2,follower_1,TURN_HARD,NONE,TRACK,1.552872319986333,-0.06965830492347906,0.052872319986333016,1.6062872250735318,0.008666944485805503,0.005000000000002558,0.3576858748277726,0.0004559016714355637,2.132260259718999,0,6.172504901885986
22.642982558998483,combined,3,3,follower_2,TURN_HARD,NONE,TRACK,1.5079328048385574,0.015641743660076753,0.007932804838557406,1.5614036882968416,-0.00637200880192283,0.060000000000002274,0.350459311721227,-0.0002695554858527575,2.087931157725311,0,11.368435859680176
22.84275669300041,combined,3,1,leader,TURN_HARD,NONE,TRACK,1.6496673624125462,0.6100070840736207,0.1496673624125462,1.5606652416575646,1.548616756030141,0.14000000000000057,0.3261625622455323,0.06010319678716753,2.1892847022614887,0,14.610992431640625
22.84275669300041,combined,3,2,follower_1,TURN_HARD,NONE,TRACK,1.5419243116697603,-0.06111987286033605,0.041924311669760295,1.597159725082408,0.004892071239086745,0.005000000000002558,0.3482703253604986,0.00025266973329039213,2.1210698674752915,0,12.097640037536621
22.84275669300041,combined,3,3,follower_2,TURN_HARD,NONE,TRACK,1.5091085895748113,0.011999970282104658,0.00910858957481131,1.5574877205672448,-0.010904131493302105,0.005000000000002558,0.3410603340516732,-0.00045910525145049613,2.089107106966217,0,8.541753768920898
23.043042403998697,combined,3,1,leader,TURN_HARD,NONE,TRACK,1.6489508424786512,0.7085003411356257,0.1489508424786512,1.5683819283529774,1.6144608103575262,0.015000000000000568,0.33288257816142724,0.06252311419616852,2.1847698675332037,0,7.7041239738464355
23.043042403998697,combined,3,2,follower_1,TURN_HARD,NONE,PREDICT,1.5550332580941257,-0.011937565262916757,0.05503325809412574,1.5902692514531356,0.008002495978330304,0.20500000000000185,0.18832738252658934,0.00035038660839390725,2.1338702524192232,0,12.097640037536621
23.043042403998697,combined,3,3,follower_2,TURN_HARD,NONE,TRACK,1.493438420660654,0.005398626371377214,-0.006561579339346091,1.559069091908049,-0.004252433139252946,0.010000000000001563,0.34422799717969077,-0.00016054841529495543,2.0734373103182486,0,6.858421802520752
23.243447780998395,combined,3,1,leader,TURN_HARD,NONE,TRACK,1.6486574202047886,0.7866337653149206,0.14865742020478856,1.5650290532552678,1.7061434818936372,0.07000000000000028,0.3276964837298261,0.06603059178110116,2.1805831309237536,0,11.333596229553223
23.243447780998395,combined,3,2,follower_1,TURN_HARD,NONE,TRACK,1.5552552982926966,-0.0018735637552042173,0.0552552982926966,1.5904251633906246,0.11488750436681855,0.004999999999999005,0.3244655402835998,0.004546159780607843,2.133696728167083,0,13.30566692352295
23.243447780998395,combined,3,3,follower_2,TURN_HARD,NONE,TRACK,1.493495448654567,-0.0013943118254294798,-0.0065045513454329296,1.5542947809386054,-0.016263105393435676,0.054999999999999716,0.33086515131621796,-0.0006695238528862655,2.0734951584945116,0,9.477916717529297
23.443068325999775,combined,3,1,leader,TURN_HARD,NONE,TRACK,1.653462449475833,0.8450785962549696,0.15346244947583298,1.5519343520192885,1.8474744511838677,0.004999999999999005,0.2975639413021635,0.07151166717582248,2.1820007801383396,0,12.518207550048828
23.443068325999775,combined,3,2,follower_1,TURN_HARD,NONE,TRACK,1.55073166760739,-0.01509392726884839,0.050731667607389896,1.5837975119942589,0.15282663015713607,0.06499999999999773,0.31841659025143165,0.006068913992675618,2.1287579892491295,0,14.295611381530762
23.443068325999775,combined,3,3,follower_2,TURN_HARD,NONE,TRACK,1.494190166915699,-0.006180652307466432,-0.005809833084301053,1.5486059360337994,-0.021570514069158265,0.05999999999999872,0.314610524370115,-0.0008645078596457269,2.0741901652976127,0,8.061863899230957
23.6467505469991,combined,3,1,leader,TURN_HARD,NONE,TRACK,1.6657701591826293,0.94251263605449,0.16577015918262927,1.5475411555291028,1.8988931466516443,0.14000000000000057,0.2870494860093234,0.07341188840098786,2.1907038509507157,0,8.873804092407227
23.6467505469991,combined,3,2,follower_1,TURN_HARD,NONE,TRACK,1.540489996232153,-0.04657462606768767,0.04048999623215299,1.576257629100977,0.17155959121440068,0.005000000000002558,0.3082342639276009,0.006755958369889749,2.118018594828351,0,12.11657428741455
23.6467505469991,combined,3,3,follower_2,TURN_HARD,NONE,TRACK,1.4936818158236056,-0.009293825915697796,-0.0063181841763944036,1.5469856407326854,-0.020926361840684832,0.005000000000002558,0.30816205547699865,-0.0008225803234803061,2.0736814257380183,0,7.703883171081543
23.843044034998456,combined,3,1,leader,TURN_HARD,NONE,TRACK,1.6749964291699102,1.0011127526985475,0.1749964291699102,1.5475144352676504,1.980408925110296,0.07499999999999929,0.2764366801347765,0.07656126699697749,2.195976646588928,0,8.11528491973877
23.843044034998456,combined,3,2,follower_1,TURN_HARD,NONE,TRACK,1.5376309507833634,-0.04452276187403129,0.037630950783363426,1.5647221230171409,0.17337791412643622,0.004999999999999005,0.2864622400084116,0.006756391660316232,2.114509908129385,0,17.451929092407227
23.843044034998456,combined,3,3,follower_2,TURN_HARD,NONE,TRACK,1.4887285388284992,-0.006416268099455781,-0.011271461171500796,1.5479050310622073,-0.021087288235372877,0.120000000000001,0.3081737774871934,-0.0008213187693845273,2.068726915748726,0,14.91981315612793
24.042866118998063,combined,3,1,leader,TURN_HARD,NONE,TRACK,1.6861381268181181,1.029178080115922,0.18613812681811814,1.5432266984871719,2.1070128591731727,0.08500000000000085,0.26545897568985066,0.08157856576126371,2.203774771738464,0,7.879650115966797
24.042866118998063,combined,3,2,follower_1,TURN_HARD,NONE,TRACK,1.5343704547509252,-0.052633643664330605,0.03437045475092515,1.5561464843996584,0.17688504828594703,0.07499999999999929,0.27029746221696904,0.00686575934100106,2.110606121882938,0,10.014459609985352
24.042866118998063,combined,3,3,follower_2,TURN_HARD,NONE,TRACK,1.482743561491097,-0.000715276241557746,-0.017256438508902905,1.5455761605540932,-0.025827175360682658,0.010000000000001563,0.3001928088231722,-0.0010039760063118067,2.0627401600738327,0,10.502143859863281
24.243211183998937,combined,3,1,leader,TURN_HARD,NONE,TRACK,1.7043846179747664,1.062546598195701,0.20438461797476637,1.5281911252144262,2.19022229808024,0.004999999999999005,0.2260460665492169,0.08491656764936059,2.2178290126154594,0,10.463977813720703
24.243211183998937,combined,3,2,follower_1,TURN_HARD,NONE,TRACK,1.5317454354552236,-0.09157382404988254,0.03174543545522357,1.542776658693254,0.22323575435925655,0.00999999999999801,0.24068032002170192,0.008717789756124148,2.1070654914475195,0,14.993867874145508
24.243211183998937,combined,3,3,follower_2,TURN_HARD,NONE,TRACK,1.471885359648666,0.007834782725006031,-0.02811464035133393,1.541440972152485,-0.03138420286068828,0.00999999999999801,0.28760987527460896,-0.0012308646014473346,2.051878144222276,0,12.02065372467041
24.443396286998905,combined,3,1,leader,TURN_HARD,NONE,TRACK,1.716446315145267,1.101688256192307,0.2164463151452669,1.5288307247459338,2.2072447510151743,0.14999999999999858,0.2238529956515897,0.08548110785644598,2.226968492617046,0,8.552639961242676
24.443396286998905,combined,3,2,follower_1,TURN_HARD,NONE,TRACK,1.5320507452418302,-0.09595452550420651,0.03205074524183016,1.5390552163558784,0.22363312465316473,0.14999999999999858,0.23242543478765562,0.008692745317513607,2.1066844842531074,0,6.163908004760742
24.443396286998905,combined,3,3,follower_2,TURN_HARD,NONE,TRACK,1.4643372206997878,0.014652394751360442,-0.03566277930021222,1.53693361223835,-0.02929166776444623,0.0799999999999983,0.2745653647968768,-0.001135929110781737,2.044326652954975,0,5.966999053955078
24.642707504997816,combined,3,1,leader,TURN_HARD,NONE,TRACK,1.7288068047628031,1.1788153103119692,0.22880680476280313,1.5328437369495107,2.2198578735125083,0.030000000000001137,0.23042542264427657,0.08590797496563106,2.2358650087609315,0,6.998805046081543
24.642707504997816,combined,3,2,follower_1,TURN_HARD,NONE,TRACK,1.5404757380273146,-0.061811220809632174,0.040475738027314634,1.5316870475557667,0.21830834357777906,0.13000000000000256,0.21397233193167417,0.008459537065709325,2.1142622769688466,0,10.187789916992188
24.642707504997816,combined,3,3,follower_2,TURN_HARD,NONE,TRACK,1.4540169225882102,0.01970131798034709,-0.04598307741178975,1.5287969412845632,-0.018517927518508618,0.08500000000000085,0.25258904448345043,-0.0007037737164870745,2.0340017736950706,0,6.250744819641113
24.843333413999062,combined,3,1,leader,TURN_HARD,NONE,TRACK,1.736460956199915,1.2670852352238755,0.23646095619991492,1.5420627289114681,2.29422823118761,0.02500000000000213,0.25105078411631676,0.08891981028651674,2.239912106355544,0,16.167888641357422
24.843333413999062,combined,3,2,follower_1,TURN_HARD,NONE,TRACK,1.5534645963163696,0.014586278600057954,0.05346459631636957,1.5242056082285425,0.23402412492368327,0.019999999999999574,0.19003741592154327,0.009086660918500224,2.1263189114581054,0,13.657243728637695
24.843333413999062,combined,3,3,follower_2,TURN_HARD,NONE,TRACK,1.4482234828782774,0.01503799924453198,-0.0517765171217226,1.5180538376165162,-0.010348276697648328,0.015000000000000568,0.221601884732042,-0.0003390353081787754,2.028201613038628,0,9.10859203338623
25.04278944699763,combined,3,1,leader,TURN_HARD,NONE,TRACK,1.741887887942114,1.3072016506242585,0.24188788794211402,1.5474021509516225,2.389674598626789,0.019999999999999574,0.2639612912618524,0.0926909624627908,2.241416595695474,0,7.720603942871094
25.04278944699763,combined,3,2,follower_1,TURN_HARD,NONE,TRACK,1.5695076663515912,0.09230598809849858,0.06950766635159122,1.5251481667435967,0.3066475974974807,0.019999999999999574,0.1897745507713965,0.012165191499527805,2.141200913860843,0,12.81363296508789
25.04278944699763,combined,3,3,follower_2,TURN_HARD,NONE,TRACK,1.4459455966283252,-0.010846022936049124,-0.054054403371674775,1.5141253036927191,0.010350761415080246,0.019999999999999574,0.20469729002541007,0.0004870169380001793,2.025912049792862,0,6.237617015838623
25.242875244999595,combined,3,1,leader,TURN_HARD,NONE,TRACK,1.7443357354792812,1.352492042705093,0.24433573547928122,1.5482659541721946,2.441782617222181,0.09999999999999787,0.2662561363307399,0.09457084347225446,2.240688762256919,0,9.365660667419434
25.242875244999595,combined,3,2,follower_1,TURN_HARD,NONE,TRACK,1.5817949957441997,0.13030651775505556,0.08179499574419968,1.531104050327764,0.42938582939590014,0.02499999999999858,0.20210041654258845,0.017150571870782182,2.152493118843601,0,11.324775695800781
25.242875244999595,combined,3,3,follower_2,TURN_HARD,NONE,TRACK,1.4482948175982255,-0.03959567311863251,-0.05170518240177446,1.5107608007715168,0.027426680842637302,0.02499999999999858,0.1884195099776992,0.0011570125532611366,2.028244798452803,0,7.224548816680908
25.44252090200098,combined,3,1,leader,TURN_HARD,NONE,TRACK,1.746139704619432,1.3909635667862326,0.24613970461943202,1.5501947923570867,2.513378916527995,0.03500000000000014,0.27180001367401674,0.09731891892659303,2.2391736846422017,0,8.575359344482422
25.44252090200098,combined,3,2,follower_1,TURN_HARD,NONE,PREDICT,1.5974182411019677,0.10999711865245042,0.09741824110196773,1.532058673165033,0.4531972985322237,0.22499999999999787,0.11160151527484691,0.017898631235880723,2.166984229968094,0,10.71804141998291
25.44252090200098,combined,3,3,follower_2,TURN_HARD,NONE,TRACK,1.4498199215477945,-0.05714895450592178,-0.05018007845220551,1.5104681083441622,-0.013347466836017133,0.029999999999997584,0.1805709746209478,-0.0005681516077327379,2.029740551321049,0,7.514575958251953
25.64275252399966,combined,3,1,leader,TURN_HARD,NONE,TRACK,1.742588496051868,1.5865973524563182,0.24258849605186805,1.5491576051844569,2.5459953683958982,0.0400000000000027,0.2698641976591699,0.09844917493695207,2.2371921796763066,0,7.140646934509277
25.64275252399966,combined,3,2,follower_1,TURN_HARD,NONE,TRACK,1.6040363739189596,-0.03192358668110069,0.10403637391895959,1.5469162884153984,0.828985551454602,0.09500000000000242,0.23351974212081694,0.032729345422443525,2.172283216110123,0,11.475810050964355
25.64275252399966,combined,3,3,follower_2,TURN_HARD,NONE,TRACK,1.46250938953759,-0.07507687368419867,-0.03749061046240998,1.5114167152837166,-0.021348082893128194,0.030000000000001137,0.17604099679018492,-0.0008674637260833269,2.042371729203633,0,6.148921966552734
25.843146523999167,combined,3,1,leader,STRAIGHT_2,NONE,TRACK,1.7338322432941933,1.7938215836536668,0.23383224329419328,1.5523209060936132,2.7075654827088904,0.030000000000001137,0.2786915540433218,0.10514480936635553,2.2337767255553462,0,13.592090606689453
25.843146523999167,combined,3,2,follower_1,STRAIGHT_2,NONE,TRACK,1.609613455279411,-0.1475170137179053,0.10961345527941102,1.55430337657172,0.8341363395806911,0.03500000000000014,0.2529935863423616,0.03261609845914501,2.176413688711122,0,11.162137985229492
25.843146523999167,combined,3,3,follower_2,STRAIGHT_2,NONE,TRACK,1.4782599529246052,-0.05659202893248017,-0.021740047075394786,1.5142649537003443,-0.0443873198676116,0.02500000000000213,0.17728132218119536,-0.0017916568119861658,2.0580477593932436,0,8.417547225952148
26.042758692998177,combined,3,1,leader,STRAIGHT_2,NONE,TRACK,1.7232519163031366,1.842881208270951,0.22325191630313657,1.5612015489809143,2.9188494218613177,0.03999999999999915,0.30281946360339085,0.11352071394312252,2.227853461036243,0,15.540261268615723
26.042758692998177,combined,3,2,follower_1,STRAIGHT_2,NONE,TRACK,1.6166107434504133,0.05742809996996954,0.11661074345041333,1.5561884625850766,0.478694183931067,0.02499999999999858,0.26036414257726664,0.017360648851251496,2.181957505926351,0,13.081725120544434
26.042758692998177,combined,3,3,follower_2,STRAIGHT_2,NONE,TRACK,1.491661838677667,0.002752187359601155,-0.008338161322333004,1.5204025193030877,-0.04479194476739239,0.02499999999999858,0.18741165651802363,-0.0017358938093780842,2.0714215954099813,0,9.281940460205078
26.242651634998765,combined,3,1,leader,STRAIGHT_2,NONE,TRACK,1.714700576756154,1.7835898655659448,0.21470057675615406,1.5575583292473338,3.0472589744801097,0.03500000000000014,0.29551135834142533,0.11820083506779909,2.224201297638635,0,13.256368637084961
26.242651634998765,combined,3,2,follower_1,STRAIGHT_2,NONE,TRACK,1.620267317821675,0.24367178796491643,0.1202673178216751,1.5593527677659886,0.39254547186219535,0.03500000000000014,0.27136116432417606,0.014684074240785463,2.183835788963842,0,10.634718894958496
26.242651634998765,combined,3,3,follower_2,STRAIGHT_2,NONE,TRACK,1.5035972984881512,0.023553374675401365,0.003597298488151157,1.5316630861007352,0.029931102961277566,0.029999999999997584,0.21224430797446342,0.0013937581128702582,2.0833145702097204,0,10.06243896484375
26.442787947999022,combined,3,1,leader,STRAIGHT_2,NONE,TRACK,1.710094452361415,1.7171630999965042,0.210094452361415,1.5524402507225963,3.026752396234491,0.04999999999999716,0.28438075667236556,0.11688372880741009,2.2239967405992656,0,8.202545166015625
26.442787947999022,combined,3,2,follower_1,STRAIGHT_2,NONE,TRACK,1.620115216652207,0.2790158088543089,0.12011521665220704,1.560164370074103,0.7175444381372741,0.03999999999999915,0.2772269929252418,0.02844224146875562,2.181974855555291,0,11.000978469848633
26.442787947999022,combined,3,3,follower_2,STRAIGHT_2,NONE,TRACK,1.5109781619019742,0.009150922390979402,0.010978161901974204,1.5417716161569406,0.07560245660784372,0.03500000000000014,0.2363812601099061,0.0031805951999178054,2.0906175328318364,0,8.879509925842285
26.64296288100013,combined,3,1,leader,STRAIGHT_2,NONE,TRACK,1.7084479359232172,1.658991107906791,0.2084479359232172,1.547351833235546,2.9556097411956084,0.030000000000001137,0.27236288331326247,0.11379072848047786,2.226296826953045,0,17.270706176757812
26.64296288100013,combined,3,2,follower_1,STRAIGHT_2,NONE,TRACK,1.6179173110671934,0.2712804841152376,0.11791731106719339,1.5600090508178326,0.8552851859684876,0.09500000000000242,0.2804516498910155,0.033705396099995455,2.178174912762989,0,12.400992393493652
26.64296288100013,combined,3,3,follower_2,STRAIGHT_2,NONE,TRACK,1.514598429301628,0.008185542165478099,0.014598429301627913,1.5505066048541254,0.05300365007483178,0.019999999999999574,0.2581851679436896,0.0020991647256492826,2.094142490156822,0,9.03358268737793
26.84426842799803,combined,3,1,leader,STRAIGHT_2,NONE,TRACK,1.7028466840210432,1.6470797598157112,0.20284668402104322,1.5584908200821028,2.824905679730242,0.02500000000000213,0.2993986559779081,0.10838348914003862,2.2251228148953164,0,14.228093147277832
26.84426842799803,combined,3,2,follower_1,STRAIGHT_2,NONE,TRACK,1.6202897461557528,0.35796942888483685,0.12028974615575283,1.5560110322314804,0.8818929689474309,0.02500000000000213,0.27449268980873226,0.03440959860073768,2.1788954228073596,0,11.776667594909668
26.84426842799803,combined,3,3,follower_2,STRAIGHT_2,NONE,TRACK,1.5150013437029937,-0.044260810917744385,0.015001343702993664,1.5564652014953695,0.17528472016779836,0.02500000000000213,0.27520958420928837,0.007133043596209022,2.094415058158591,0,12.715639114379883
27.04261344800034,combined,3,1,leader,STRAIGHT_2,NONE,TRACK,1.695788283134018,1.6108144721916826,0.19578828313401808,1.5603364051667614,2.816491155562375,0.11499999999999844,0.30512051237306,0.10810474347289815,2.22170149659489,0,12.64574146270752
27.04261344800034,combined,3,2,follower_1,STRAIGHT_2,NONE,TRACK,1.6250792004431787,0.44699669499548667,0.12507920044317866,1.5550062311990516,0.9712241622987395,0.04499999999999815,0.273880224936382,0.03795527403486043,2.182333992671111,0,9.910595893859863
27.04261344800034,combined,3,3,follower_2,STRAIGHT_2,NONE,TRACK,1.5141686494063191,-0.09014731030714722,0.014168649406319123,1.556861479161848,0.18469936461020814,0.10500000000000043,0.2781145280468375,0.007378159780010804,2.093439148349878,0,10.310321807861328
27.242786118000367,combined,3,1,leader,STRAIGHT_2,NONE,TRACK,1.6864499790605978,1.5745658452548592,0.1864499790605978,1.5674918319209723,2.7835261858273457,0.04499999999999815,0.3254730767714556,0.10679232221400828,2.2156509864581166,0,20.720733642578125
27.242786118000367,combined,3,2,follower_1,STRAIGHT_2,NONE,TRACK,1.631731642686382,0.5545204870132453,0.13173164268638193,1.555951768685017,1.1038601163418442,0.04499999999999815,0.2784416894624306,0.04323028188460047,2.1878345999526148,0,12.644692420959473
27.242786118000367,combined,3,3,follower_2,STRAIGHT_2,NONE,TRACK,1.5143050418353892,-0.08654532095425833,0.014305041835389165,1.5564221316255948,0.15642689326336784,0.1750000000000007,0.2796708881799872,0.006110858310670028,2.093410526601129,0,9.232292175292969
27.44282908799869,combined,3,1,leader,STRAIGHT_2,NONE,TRACK,1.6750795151656082,1.48713676274842,0.17507951516560816,1.5709169273319643,2.752210679139559,0.04999999999999716,0.33742856563505746,0.10547700927113199,2.207739183106983,0,13.882988929748535
27.44282908799869,combined,3,2,follower_1,STRAIGHT_2,NONE,TRACK,1.6395872128930877,0.661662785379847,0.13958721289308773,1.5556486591267136,1.1655268772304888,0.17499999999999716,0.2798289077893988,0.045435603427262924,2.194445636629844,0,8.268515586853027
27.44282908799869,combined,3,3,follower_2,STRAIGHT_2,NONE,TRACK,1.5163105704991575,-0.02130399594586216,0.016310570499157517,1.554321612238813,0.01719716088910591,0.04999999999999716,0.2767724155672552,0.0005143262206582298,2.0951956893349104,0,8.959200859069824
27.642673187998298,combined,3,1,leader,STRAIGHT_2,NONE,TRACK,1.633303946456918,0.7793770253978699,0.1333039464569179,1.571908389134299,2.710229106225004,0.054999999999999716,0.343970383837781,0.10372525429328937,2.168152728103039,0,17.067907333374023
27.642673187998298,combined,3,2,follower_1,STRAIGHT_2,NONE,TRACK,1.6442176627027838,0.7181745187445706,0.1442176627027838,1.561668344296471,1.359194018889503,0.0400000000000027,0.29666795313552613,0.05302407419640077,2.197965776148367,0,12.713784217834473
27.642673187998298,combined,3,3,follower_2,STRAIGHT_2,NONE,TRACK,1.5219908520342214,0.04460995390144429,0.021990852034221353,1.551555116610169,0.015383809834779,0.03500000000000014,0.27171225364379825,0.0005585847916286631,2.1006128945467593,0,9.915966987609863
27.842662674000167,combined,3,1,leader,STOPPED,NONE,TRACK,1.5739264264393062,-0.26894203906630193,0.07392642643930625,1.5651656400545717,2.48370570560788,0.054999999999999716,0.3292261368076952,0.09405179513110037,2.1089942707232945,0,8.491159439086914
27.842662674000167,combined,3,2,follower_1,STOPPED,NONE,TRACK,1.639702037839432,0.6878509735017158,0.13970203783943203,1.565560002396784,1.46717444572411,0.05000000000000071,0.30846643730968915,0.0570918981825302,2.1929981806318244,0,8.240683555603027
27.842662674000167,combined,3,3,follower_2,STOPPED,NONE,TRACK,1.5289535264266005,0.08245381545669624,0.02895352642660054,1.550814818822247,0.09925566079906288,0.045000000000001705,0.2710425339399315,0.004051664630208459,2.107280165705163,0,5.562321186065674
28.042878468997515,combined,3,1,leader,STOPPED,NONE,TRACK,1.528050068022789,-0.8101665513367596,0.028050068022789088,1.5348642750823585,1.1748630751437807,0.05999999999999872,0.25123655792307303,0.04024023971081707,2.0632228010412503,0,9.780011177062988
28.042878468997515,combined,3,2,follower_1,STOPPED,NONE,PREDICT,1.6237826421362895,0.47775071590381607,0.12378264213628953,1.5636042561127736,1.500096769118228,0.25,0.16874222913255424,0.0581261834756709,2.177332009254793,0,14.606614112854004
28.042878468997515,combined,3,3,follower_2,STOPPED,NONE,TRACK,1.529883350503762,0.08691527896013937,0.029883350503761896,1.551875076987466,0.1838838282055226,0.054999999999999716,0.2746600729161886,0.007407249654299197,2.1078709838369414,0,5.900585174560547
28.242913802998373,combined,3,1,leader,STOPPED,NONE,TRACK,1.5091132967883243,-0.9507032959403352,0.009113296788324288,1.4937812354924123,0.44904262226219127,0.054999999999999716,0.13842508459253597,0.012193016901322165,2.044331072088458,0,11.498977661132812
28.242913802998373,combined,3,2,follower_1,STOPPED,NONE,TRACK,1.5843701883047232,0.05306131390853917,0.0843701883047232,1.5691798136391786,1.4655038458244116,0.11999999999999744,0.3114866240799474,0.05663524199501341,2.138253009875394,0,9.672918319702148
28.242913802998373,combined,3,3,follower_2,STOPPED,NONE,TRACK,1.5352324974621065,0.12847356170851468,0.03523249746210655,1.5492764545286812,0.2007801927402326,0.04499999999999815,0.2690951813258732,0.007970427941701073,2.1129485280902336,0,6.254036903381348
28.4426798530003,combined,3,1,leader,STOPPED,NONE,TRACK,1.5065243978291591,-1.0140318484299475,0.006524397829159145,1.4560407776888937,0.16924267448017583,0.134999999999998,0.035318226753825635,0.002887336862884989,2.04174350224307,0,16.219512939453125
28.4426798530003,combined,3,2,follower_1,STOPPED,NONE,TRACK,1.5289468192346474,-0.518482774018888,0.02894681923464737,1.551235487972596,1.0695248168957614,0.05999999999999872,0.27199366423862625,0.040252024458895926,2.0828682870260913,0,10.338112831115723
28.4426798530003,combined,3,3,follower_2,STOPPED,NONE,TRACK,1.5313137631035998,0.15395420377492913,0.03131376310359979,1.5506543892609006,0.25049549981834934,0.054999999999999716,0.2733432610979283,0.009945809115642489,2.108824389586391,0,8.079227447509766
28.642930119000084,combined,3,1,leader,STOPPED,NONE,TRACK,1.5065263733952823,-1.04112793631398,0.006526373395282281,1.4236321538212409,0.13945604577161996,0.060000000000002274,0.0,0.0031570667202802617,2.041743472312327,0,17.596384048461914
28.642930119000084,combined,3,2,follower_1,STOPPED,NONE,TRACK,1.4983663072355553,-0.7217593845955805,-0.0016336927644446941,1.519498232085644,0.5233832486101034,0.054999999999999716,0.1990551400428614,0.01862479774417108,2.0522717299298945,0,15.064634323120117
28.642930119000084,combined,3,3,follower_2,STOPPED,NONE,TRACK,1.5146798484964772,0.13462138818287742,0.014679848496477188,1.5506009539097914,0.27835441385305076,0.19000000000000128,0.2740006586027693,0.01096153717370642,2.0921651213063863,0,7.279751777648926
28.843875645998196,combined,3,1,leader,STOPPED,NONE,PREDICT,1.5065295568213868,-1.0828775190911522,0.006529556821386784,1.4257667030309549,0.04263113211372141,0.26000000000000156,0.0,0.00011522234595906077,2.0417434632178653,0,12.748385429382324
28.843875645998196,combined,3,2,follower_1,STOPPED,NONE,TRACK,1.4816940781909202,-0.8051066217653533,-0.01830592180907975,1.4975855648997694,0.24594418935534318,0.13500000000000156,0.14241891452507935,0.008046554138088524,2.035539489717522,0,16.40378189086914
28.843875645998196,combined,3,3,follower_2,STOPPED,NONE,TRACK,1.4807185857168628,0.04265562548199439,-0.019281414283137233,1.5425140629099094,0.3171773136869516,0.05000000000000071,0.2548886106920077,0.012412761476322693,2.0582159249579304,0,10.394221305847168
29.04356315699988,combined,3,1,leader,STOPPED,NONE,TRACK,1.5065328862378464,-1.1251313320500607,0.006532886237846425,1.4029713746427943,0.10841373745025593,0.004999999999999005,0.0,0.003200350407555351,2.0417434344328784,0,10.61574935913086
29.04356315699988,combined,3,2,follower_1,STOPPED,NONE,TRACK,1.4816282220875425,-0.8332308712776529,-0.018371777912457476,1.4387573292688187,0.0771241218782926,0.004999999999999005,0.0,0.001913244846354974,2.0353903034599963,0,7.721957206726074
29.04356315699988,combined,3,3,follower_2,STOPPED,NONE,TRACK,1.4426904126411075,-0.06315817576638759,-0.057309587358892466,1.527391018095352,0.23420945751807115,0.05999999999999872,0.21574657600005662,0.008866378334578089,2.0201827232402225,0,11.865681648254395
29.244712356998207,combined,3,1,leader,STOPPED,NONE,TRACK,1.5065341103741645,-1.1403987113745844,0.006534110374164515,1.4087575987469128,0.03892643686175518,0.05000000000000071,0.0,0.0008407852739035415,2.0417434122966687,0,16.32852554321289
29.244712356998207,combined,3,2,follower_1,STOPPED,NONE,TRACK,1.4816589006613594,-0.8508509320149947,-0.018341099338640587,1.4316286551883752,0.04122989651062938,0.05000000000000071,0.0,0.0008124802351585834,2.0353903054566955,0,9.685126304626465
29.244712356998207,combined,3,3,follower_2,STOPPED,NONE,TRACK,1.412599050306731,-0.13652949984257481,-0.08740094969326906,1.5150883002390476,0.11548743826438979,0.1750000000000007,0.1781509677009735,0.004267546202555632,1.9900872872291706,0,13.982362747192383
29.4430091289978,combined,3,1,leader,STOPPED,NONE,TRACK,1.5065335007246345,-1.132596892812911,0.0065335007246345445,1.4227206266208912,0.0029191748359713564,0.004999999999999005,0.0,-0.0003582031494145342,2.041743443824095,0,12.426547050476074
29.4430091289978,combined,3,2,follower_1,STOPPED,NONE,TRACK,1.4816446210096574,-0.8648982686681047,-0.018355378990342563,1.4299169023625686,0.0335080759431998,0.129999999999999,0.0,0.0008814434093931643,2.035390288657174,0,20.346988677978516
29.4430091289978,combined,3,3,follower_2,STOPPED,NONE,TRACK,1.4029757047992657,-0.20384605271348638,-0.0970242952007343,1.4851311612951545,0.14127563291592382,0.129999999999999,0.10110393274589095,0.0052598734443773075,1.9804555050206887,0,9.957842826843262
29.644346311000845,combined,3,1,leader,STOPPED,NONE,TRACK,1.5065330927994578,-1.1273176023213198,0.006533092799457796,1.4282653874649283,-0.0002351093185019255,0.07500000000000284,0.0,-0.0002913033372467946,2.0417434675299915,0,9.73119068145752
29.644346311000845,combined,3,2,follower_1,STOPPED,NONE,TRACK,1.4816347897802127,-0.8715529875158909,-0.01836521021978732,1.4268855571692196,0.022212850758396206,0.19000000000000128,0.0,0.0005890600969142809,2.035390276400982,0,20.346988677978516
29.644346311000845,combined,3,3,follower_2,STOPPED,NONE,TRACK,1.4029806298608938,-0.22445871221646493,-0.09701937013910622,1.437886019543328,0.05957310587749748,0.07000000000000028,0.0,0.0020600546216444915,1.9804555057882884,0,6.441666126251221
29.8429000670003,combined,3,1,leader,STOPPED,NONE,TRACK,1.506534208423205,-1.141188780713975,0.006534208423204957,1.4300839880432628,0.03541805451020028,0.010000000000001563,0.0,0.001265460229781529,2.0417434496113636,0,8.069404602050781
29.8429000670003,combined,3,2,follower_1,STOPPED,NONE,TRACK,1.4816623767599653,-0.8823582488245691,-0.01833762324003474,1.4216393150269901,0.021696236050120096,0.06500000000000128,0.0,0.0006705696825656765,2.0353902774974255,0,9.93065357208252
29.8429000670003,combined,3,3,follower_2,STOPPED,NONE,TRACK,1.4029862593079216,-0.24016095428466863,-0.09701374069207835,1.4270170238080098,0.03019417052788379,0.05999999999999872,0.0,0.0009706115583808502,1.980455506650256,0,8.729982376098633
30.043071672000224,combined,3,1,leader,STOPPED,NONE,TRACK,1.5065345434713173,-1.145589264353916,0.006534543471317322,1.4310374090112081,0.01147632945712928,0.07499999999999929,0.0,0.0003244311711522496,2.041743419507851,0,9.246272087097168
30.043071672000224,combined,3,2,follower_1,STOPPED,NONE,TRACK,1.4816718261316724,-0.8966224841452906,-0.018328173868327635,1.4200765258011192,0.02614057081944347,0.004999999999999005,0.0,0.0009258931312537946,2.0353902820494274,0,13.778491020202637
30.043071672000224,combined,3,3,follower_2,STOPPED,NONE,TRACK,1.4029946748549396,-0.23994076033789252,-0.09700532514506044,1.418562622118286,0.0014026559886108996,0.004999999999999005,0.0,-0.00018257330059977088,1.9804555076313277,0,9.543734550476074
30.24283311799809,combined,3,1,leader,STOPPED,NONE,TRACK,1.5065347699807334,-1.1486521987958405,0.006534769980733435,1.4291253771491406,0.008143974870985985,0.015000000000000568,0.0,0.0002436330065985804,2.041743390117529,0,7.709269046783447
30.24283311799809,combined,3,2,follower_1,STOPPED,NONE,PREDICT,1.481678514916861,-0.9081208888882061,-0.018321485083139022,1.418645457340572,0.022033644040717473,0.2049999999999983,0.0,0.0007968702212850267,2.035390286487569,0,13.778491020202637
30.24283311799809,combined,3,3,follower_2,STOPPED,NONE,TRACK,1.4030013886810804,-0.23223417761675705,-0.09699861131891963,1.4154345901115195,-0.010792123146142328,0.004999999999999005,0.0,-0.0005698224111523613,1.9804555085913227,0,5.775096893310547
30.44314142299845,combined,3,1,leader,STOPPED,NONE,TRACK,1.506535097302885,-1.1529080692034892,0.00653509730288504,1.4290692605459736,0.00893103755183856,0.015000000000000568,0.0,0.0003094736887263212,2.0417433621519123,0,8.558438301086426
30.44314142299845,combined,3,2,follower_1,STOPPED,NONE,TRACK,1.4816874583168145,-0.9185411054173983,-0.018312541683185524,1.4194087637658241,0.018396663736081457,0.005000000000002558,0.0,0.0006845021666042102,2.0353902907014296,0,15.975299835205078
30.44314142299845,combined,3,3,follower_2,STOPPED,NONE,TRACK,1.403007640677583,-0.2430961648708941,-0.0969923593224169,1.4142798018991167,0.020010658890005438,0.005000000000002558,0.0,0.0007764960523271027,1.9804555093639022,0,9.740492820739746
30.64296393499899,combined,3,1,leader,STOPPED,NONE,TRACK,1.5065354990444273,-1.158041953555568,0.006535499044427295,1.4280008767539325,0.00956201885084001,0.015000000000000568,0.0,0.00035090003624751895,2.04174333420447,0,10.467049598693848
30.64296393499899,combined,3,2,follower_1,STOPPED,NONE,TRACK,1.4816980313014854,-0.9276993993258852,-0.018301968698514637,1.4195479925369379,0.01908259129397681,0.015000000000000568,0.0,0.0007300899360886046,2.035390294903337,0,9.175398826599121
30.64296393499899,combined,3,3,follower_2,STOPPED,NONE,TRACK,1.4030128129690183,-0.24108198644573756,-0.09698718703098175,1.414296118282174,-0.002702079532362196,0.005000000000002558,0.0,-0.00021692710428307456,1.9804555102801447,0,9.192546844482422
30.843668779998552,combined,3,1,leader,STOPPED,NONE,TRACK,1.5065360128280074,-1.1645144083851946,0.00653601282800742,1.427615541842041,0.011013652434570703,0.019999999999999574,0.0,0.0004236257430181458,2.041743304123762,0,7.686240196228027
30.843668779998552,combined,3,2,follower_1,STOPPED,NONE,TRACK,1.481710904623177,-0.9322816781929248,-0.018289095376823106,1.4198058052253657,0.00708326976184141,0.07499999999999929,0.0,0.0002445498692486706,2.035390299415339,0,7.541362762451172
30.843668779998552,combined,3,3,follower_2,STOPPED,NONE,TRACK,1.4030149468349395,-0.23506623502756946,-0.09698505316506045,1.4143839697678893,-0.00918874543112453,0.010000000000001563,0.0,-0.00042977995478103893,1.980455511268531,0,7.625219821929932
31.043017585998314,combined,3,1,leader,STOPPED,NONE,TRACK,1.5065356930186746,-1.1606935075334885,0.0065356930186746265,1.4272082948227076,0.003873942672588568,0.030000000000001137,0.0,0.0001149017026885259,2.0417433037697967,0,6.565662860870361
31.043017585998314,combined,3,2,follower_1,STOPPED,NONE,TRACK,1.4817038100343864,-0.937181988622447,-0.018296189965613552,1.4200728588344147,0.009590807091990316,0.015000000000000568,0.0,0.0003703866572711492,2.035390293955886,0,7.070023059844971
31.043017585998314,combined,3,3,follower_2,STOPPED,NONE,TRACK,1.4030184276136888,-0.23895859670642555,-0.09698157238631122,1.414639116136047,-0.006604670733697467,0.00999999999999801,0.0,-0.00029182179343554925,1.980455512257549,0,6.980972766876221
31.242694552998728,combined,3,1,leader,STOPPED,NONE,TRACK,1.5065358707357064,-1.162962163692442,0.006535870735706384,1.4271598550010929,0.004913102359472448,0.02499999999999858,0.0,0.0001869181168042047,2.0417432904677635,0,11.863578796386719
31.242694552998728,combined,3,2,follower_1,STOPPED,NONE,TRACK,1.4817086557071852,-0.9437353286226117,-0.01829134429281476,1.420100843334835,0.011846156948537781,0.02499999999999858,0.0,0.00046468370735840294,2.0353902936292543,0,14.710122108459473
31.242694552998728,combined,3,3,follower_2,STOPPED,NONE,TRACK,1.4030224352254521,-0.24709260823407916,-0.09697756477454789,1.4152972127397137,0.02711691649026002,0.015000000000000568,0.0,0.00111437114582119,1.9804555131058885,0,10.628081321716309
31.442792773999827,combined,3,1,leader,STOPPED,NONE,PREDICT,1.5065358724129778,-1.1630399516222074,0.006535872412977817,1.4270254902777355,0.005567325299883654,0.22500000000000142,0.0,0.00020747113663826226,2.0417432850491175,0,12.937332153320312
31.442792773999827,combined,3,2,follower_1,STOPPED,NONE,TRACK,1.4817092936938698,-0.9509429884178348,-0.018290706306130167,1.4200997358553908,0.01292611364556134,0.020000000000003126,0.0,0.0005091008698235392,2.0353902902540484,0,7.473012924194336
31.442792773999827,combined,3,3,follower_2,STOPPED,NONE,TRACK,1.4030268560130834,-0.2432905505249886,-0.09697314398691659,1.4152951819276418,-0.006959328823488215,0.020000000000003126,0.0,-0.00035330996752064867,1.980455514026729,0,8.50965404510498
31.642711946999043,combined,3,1,leader,STOPPED,NONE,TRACK,1.5359368920709058,-0.4903259205608303,0.03593689207090578,1.4270883862838468,-0.007675298590923258,0.03500000000000014,0.0,-0.00029964647820647934,2.072736468866922,0,7.218589782714844
31.642711946999043,combined,3,2,follower_1,STOPPED,NONE,TRACK,1.4817034695933524,-0.9584853972200653,-0.018296530406647582,1.4200143554446907,0.013339903410091187,0.02500000000000213,0.0,0.0005258075755954319,2.0353902750334245,0,12.058150291442871
31.642711946999043,combined,3,3,follower_2,STOPPED,NONE,TRACK,1.4030318084571554,-0.23948156437157045,-0.09696819154284464,1.4152959178918032,-0.007617445993373416,0.02500000000000213,0.0,-0.0003397477064490044,1.9804555150198255,0,6.9218292236328125
31.842913574000704,combined,3,1,leader,STRAIGHT_3,NONE,TRACK,1.597679005578524,0.6848951610721702,0.09767900557852394,1.4286377937799395,0.018359422130849224,0.08999999999999986,0.0,0.0007736657762912924,2.1373712115174506,0,10.902777671813965
31.842913574000704,combined,3,2,follower_1,STRAIGHT_3,NONE,TRACK,1.4822621732353316,-0.998217515591898,-0.017737826764668396,1.4200535623042085,-0.005955542144893213,0.030000000000001137,0.0,-0.00026756462162531104,2.0353902857773076,0,12.52497386932373
31.842913574000704,combined,3,3,follower_2,STRAIGHT_3,NONE,TRACK,1.4030292557931217,-0.2301274230929892,-0.09697074420687835,1.4152718965438202,-0.012903879037964939,0.08999999999999986,0.0,-0.0005455458875244721,1.9804555144544924,0,7.104087829589844
32.04349278799782,combined,3,1,leader,STRAIGHT_3,NONE,TRACK,1.6418370222948533,1.122314063753065,0.1418370222948533,1.4500723226730765,0.7233326773489657,0.16499999999999915,0.0,0.02981069765758038,2.183875587788644,0,9.377720832824707
32.04349278799782,combined,3,2,follower_1,STRAIGHT_3,NONE,TRACK,1.4935312444582958,-0.8982223755592922,-0.00646875554170423,1.4202274606217613,-0.03147255137415757,0.03500000000000014,0.0,-0.0013354564919914427,2.0454382556278654,0,12.85507869720459
32.04349278799782,combined,3,3,follower_2,STRAIGHT_3,NONE,TRACK,1.4030134678462736,-0.21462095000052595,-0.09698653215372643,1.4152597383523704,-0.020918342499420293,0.030000000000001137,0.0,-0.0008548999667047319,1.9804555135805333,0,9.030899047851562
32.242497326999,combined,3,1,leader,STRAIGHT_3,NONE,TRACK,1.6639556138607288,1.1446830555650145,0.16395561386072877,1.5363961171035578,2.2327424847173387,0.03500000000000014,0.17852256894609633,0.08985786639684316,2.2085962010252636,0,7.376760005950928
32.242497326999,combined,3,2,follower_1,STRAIGHT_3,NONE,TRACK,1.5146011349184825,-1.4539282496621502,0.014601134918482472,1.4221631390854421,-0.01318948405773978,0.029999999999997584,0.0,-0.00046686621802738415,2.0647662547332497,0,13.816743850708008
32.242497326999,combined,3,3,follower_2,STRAIGHT_3,NONE,TRACK,1.4211367207018133,-0.12528847485969752,-0.0788632792981867,1.4154325870451432,-0.013346630860398657,0.02499999999999858,0.0,-0.0005224241246523306,1.9980992191994698,0,9.18939208984375
32.443021359998966,combined,3,1,leader,STRAIGHT_3,NONE,TRACK,1.6726219787501342,1.137163430348585,0.1726219787501342,1.5619581375121867,2.292752087058526,0.02500000000000213,0.2450701712479314,0.09066362886819532,2.219555311867018,0,15.267314910888672
32.443021359998966,combined,3,2,follower_1,STRAIGHT_3,NONE,TRACK,1.4486204413963912,-5.990206714944306,-0.051379558603608766,2.38138783974951,14.559773396964397,0.02500000000000213,0.6,0.6242256010962983,1.9963949329726967,0,9.695430755615234
32.443021359998966,combined,3,3,follower_2,STRAIGHT_3,NONE,TRACK,1.5376956570374358,-0.09864788446508721,0.037695657037435826,1.416953731017491,0.02904769282200312,0.02500000000000213,0.0,0.0013357473842515212,2.1110875498389063,0,11.064674377441406
32.642784869000025,combined,3,1,leader,STRAIGHT_3,NONE,TRACK,1.6741926421401796,1.1179564477741888,0.1741926421401796,1.5781459611269684,2.2199538107063472,0.03999999999999915,0.29406297337233767,0.08659294351026417,2.2233524207297024,0,6.896100997924805
32.642784869000025,combined,3,2,follower_1,STRAIGHT_3,NONE,TRACK,1.4164532127874467,-3.966483780092009,-0.08354678721255326,1.949818926021288,-1.7933684763759488,0.030000000000001137,0.6,-0.09296622786329958,1.9641706149893314,0,13.473908424377441
32.642784869000025,combined,3,3,follower_2,STRAIGHT_3,NONE,TRACK,1.6074840348354065,0.6309944639849515,0.10748403483540647,1.4602110925342184,0.09238856698150064,0.02500000000000213,0.039588967218432906,0.003988935832369608,2.1825160024456904,0,7.408074855804443
32.842750337000325,combined,3,1,leader,STRAIGHT_3,NONE,TRACK,1.670041694062313,1.12970859409724,0.17004169406231306,1.5863045976387589,2.137462016245672,0.03500000000000014,0.3242311152647512,0.08263027338461446,2.221302792800199,0,10.081710815429688
32.842750337000325,combined,3,2,follower_1,STRAIGHT_3,NONE,TRACK,1.4287818971323556,-2.3192719224383103,-0.0712181028676444,1.522394856232794,-4.615567123069727,0.03500000000000014,0.0,-0.19147715942652752,1.9762891213751443,0,7.685617923736572
32.842750337000325,combined,3,3,follower_2,STRAIGHT_3,NONE,TRACK,1.6108663755035195,0.8170591366927898,0.11086637550351952,1.5299214516587558,0.6727373309050283,0.030000000000001137,0.20532225501858817,0.028304342010866273,2.186844931971611,0,8.129281044006348
33.042691824997746,combined,3,1,leader,STRAIGHT_3,NONE,TRACK,1.663432973864148,1.1226642768829544,0.163432973864148,1.5915501073236717,2.0639643392965854,0.05000000000000071,0.34675049022024046,0.07939481075460093,2.216581125738982,0,15.777922630310059
33.042691824997746,combined,3,2,follower_1,STRAIGHT_3,NONE,TRACK,1.41456893046546,-2.281073382745143,-0.08543106953453994,1.8230846844160051,3.049758086371981,0.10999999999999943,0.6,0.12131661313687736,1.9622799713149284,0,12.495678901672363
33.042691824997746,combined,3,3,follower_2,STRAIGHT_3,NONE,TRACK,1.6217643949291969,0.42904379954021604,0.12176439492919688,1.5710921934372204,1.0525770254724744,0.04499999999999815,0.30531946691864276,0.04291297146256592,2.1970998442502716,0,12.607587814331055
33.24278138799855,combined,3,1,leader,STRAIGHT_3,NONE,TRACK,1.6553303786183884,1.0965858234238055,0.1553303786183884,1.5902828435929095,2.0332575294644992,0.04499999999999815,0.35334045541598114,0.07799117221475829,2.2104833967300657,0,15.767744064331055
33.24278138799855,combined,3,2,follower_1,STRAIGHT_3,NONE,TRACK,1.4834416587422714,-0.20099206379924048,-0.016558341257728593,1.44511185669838,-1.6474533934648972,0.03500000000000014,0.0,-0.07216012253597331,2.03123660536846,0,11.009218215942383
33.24278138799855,combined,3,3,follower_2,STRAIGHT_3,NONE,TRACK,1.5399900370786923,0.048506338669267936,0.03999003707869231,1.5976944401612,1.09625802868496,0.10500000000000043,0.37815483883424356,0.04356611503101484,2.116006040223054,0,11.30577278137207
33.4426425849997,combined,3,1,leader,STRAIGHT_3,NONE,TRACK,1.6491070790316629,1.0435047235106447,0.14910707903166287,1.5866015509221814,1.9960400503665703,0.11000000000000298,0.3527032069739028,0.07644832478789093,2.2058765252028074,0,8.257885932922363
33.4426425849997,combined,3,2,follower_1,STRAIGHT_3,NONE,TRACK,1.4757332188179408,-4.191709459852593,-0.02426678118205916,1.9461722488598014,10.75613165945136,0.0400000000000027,0.6,0.46510785956954154,2.0225274659996484,0,14.015091896057129
33.4426425849997,combined,3,3,follower_2,STRAIGHT_3,NONE,TRACK,1.5520768536958565,-0.233777195776374,0.05207685369585646,1.574960452017937,0.4136044578723733,0.0400000000000027,0.3311471151306169,0.0148696248066434,2.1241447389736186,0,8.922122955322266
33.64264383999762,combined,3,1,leader,STRAIGHT_3,NONE,TRACK,1.6435071028513173,0.992450929959771,0.1435071028513173,1.5816905587938532,1.9355380852409487,0.05000000000000071,0.3481150461698961,0.0739861988728111,2.2019505166471505,0,9.75344181060791
33.64264383999762,combined,3,2,follower_1,STRAIGHT_3,NONE,TRACK,1.4188281036921573,-5.750674950056893,-0.08117189630784272,2.4123255897085625,6.3779788894443605,0.03999999999999915,0.6,0.23371748182721724,1.9645912336680342,0,9.960277557373047
33.64264383999762,combined,3,3,follower_2,STRAIGHT_3,NONE,TRACK,1.6169683686630836,0.5266184031831372,0.11696836866308358,1.5574766952184809,0.27205682983472657,0.1750000000000007,0.2933227496293426,0.009563596798916033,2.1875859022876996,0,6.9633259773254395
33.84272563899867,combined,3,1,leader,STRAIGHT_3,NONE,TRACK,1.6390912447109305,0.9725016829402219,0.13909124471093048,1.577794740900823,1.8153118535184611,0.054999999999999716,0.344697193211056,0.06908989936260077,2.199055743601209,0,7.636569023132324
33.84272563899867,combined,3,2,follower_1,STRAIGHT_3,NONE,TRACK,1.4032207861249213,-2.776023216018587,-0.0967792138750787,2.1672129789143066,-2.0992137531612918,0.18499999999999517,0.6,-0.1035965035878336,1.9501153625634895,0,9.373379707336426
33.84272563899867,combined,3,3,follower_2,STRAIGHT_3,NONE,TRACK,1.6293941862147605,0.957277078188536,0.1293941862147605,1.5495636813578877,0.4389264604311672,0.0449999999999946,0.2745432823428566,0.01739628136677316,2.2025418179986085,0,7.835179805755615
34.042698731998826,combined,3,1,leader,STRAIGHT_3,NONE,TRACK,1.6351508912188657,0.9529506572679473,0.1351508912188657,1.5753314162366703,1.7715854180444226,0.054999999999999716,0.3438027112134267,0.06748515279165614,2.1964672962577376,0,11.288976669311523
34.042698731998826,combined,3,2,follower_1,STRAIGHT_3,NONE,TRACK,1.4138269225715117,-2.041912769687097,-0.08617307742848834,2.1244052897364094,8.242727830633015,0.045000000000001705,0.6,0.3467047617402801,1.9609917257436538,0,9.45685863494873
34.042698731998826,combined,3,3,follower_2,STRAIGHT_3,NONE,TRACK,1.6050375100251173,0.634175565748447,0.1050375100251173,1.5902949371621091,1.3819894354428386,0.03999999999999915,0.3789485973946385,0.056171986816649935,2.178295370841302,0,6.306703090667725
34.24260934199992,combined,3,1,leader,STRAIGHT_3,NONE,TRACK,1.6416795593181621,0.9147115874571317,0.14167955931816212,1.57385950111873,1.7229957780933198,0.12000000000000455,0.3446721870972345,0.0656679203580723,2.204402093329394,0,7.170874118804932
34.24260934199992,combined,3,2,follower_1,STRAIGHT_3,NONE,TRACK,1.4690304327373076,-0.44312118556190117,-0.0309695672626924,1.5687917303467027,-0.6280832034901727,0.05000000000000426,0.0,-0.04144320833077464,2.016236553153477,0,5.645593166351318
34.24260934199992,combined,3,3,follower_2,STRAIGHT_3,NONE,TRACK,1.5275559102060825,0.06644878054689271,0.0275559102060825,1.5894648091282229,1.2139428467783755,0.05000000000000426,0.38307281764866125,0.047607590567394206,2.101386111730661,0,8.802651405334473
34.44286045999979,combined,3,1,leader,STRAIGHT_3,NONE,TRACK,1.64259770640792,0.8993975296070534,0.14259770640792002,1.582144266510831,1.6257752799629688,0.0449999999999946,0.3486380534078901,0.06204715053100815,2.2065095774566053,0,11.431680679321289
34.44286045999979,combined,3,2,follower_1,STRAIGHT_3,NONE,TRACK,1.4838326075799562,-1.7960076729545136,-0.016167392420043836,1.374506467631985,-0.9009563069805824,0.11999999999999744,0.0,-0.04470673523262544,2.030818197889552,0,20.426464080810547
34.44286045999979,combined,3,3,follower_2,STRAIGHT_3,NONE,TRACK,1.515394502700995,-0.0011770318237816605,0.015394502700994961,1.5543788673234822,0.5518313613607096,0.03999999999999915,0.29862882127262413,0.019655033961926985,2.0874457935826167,0,14.667278289794922
34.6428676659998,combined,3,1,leader,STRAIGHT_3,NONE,TRACK,1.6387887424355683,0.8877506932593845,0.13878874243556827,1.5818300691476506,1.5703881434834082,0.05000000000000426,0.3490829877177575,0.059934432113794976,2.203792313362696,0,21.045597076416016
34.6428676659998,combined,3,2,follower_1,STRAIGHT_3,NONE,TRACK,1.4316669900425438,-6.63442166573569,-0.06833300995745617,2.649133200518588,18.219927194537384,0.05000000000000426,0.6,0.7389581324316462,1.9773216366075999,0,10.658656120300293
34.6428676659998,combined,3,3,follower_2,STRAIGHT_3,NONE,TRACK,1.5930932026315665,0.17994945418062266,0.09309320263156651,1.5163492298073762,0.3579732974299814,0.05000000000000426,0.2038937484025435,0.012466718255482527,2.1593680255343206,0,10.65523624420166
34.84265956499803,combined,3,1,leader,STRAIGHT_3,NONE,TRACK,1.634253186027603,0.8731425764712483,0.13425318602760306,1.5802245925066367,1.5478401731621076,0.05999999999999517,0.35153575938990866,0.05909707445727169,2.2003576285633075,0,6.642912864685059
34.84265956499803,combined,3,2,follower_1,STRAIGHT_3,NONE,TRACK,1.386947859732024,-3.7049618270578293,-0.11305214026797605,1.9333297806658973,-2.736108324233212,0.05999999999999517,0.6,-0.1403987618265671,1.9342617424055966,0,7.584170818328857
34.84265956499803,combined,3,3,follower_2,STRAIGHT_3,NONE,TRACK,1.6581492826906186,1.1539632266198216,0.15814928269061856,1.5100793745716694,0.2892368369927743,0.18999999999999773,0.1841947748355784,0.01019900122160751,2.227863876111544,0,10.65523624420166
35.042518337999354,combined,3,1,leader,STRAIGHT_3,NONE,TRACK,1.6291969076784891,0.857175571157494,0.12919690767848913,1.5794451617522778,1.4925675852371567,0.060000000000002274,0.35538723164466884,0.056919596254894844,2.196303534083478,0,14.477378845214844
35.042518337999354,combined,3,2,follower_1,STRAIGHT_3,NONE,TRACK,1.4477813453422061,0.2808097956037104,-0.05221865465779385,1.507710323326537,-4.393828088767707,0.06499999999999773,0.0,-0.1931666831132211,1.9962558130017398,0,9.749499320983887
35.042518337999354,combined,3,3,follower_2,STRAIGHT_3,NONE,TRACK,1.5939839337786048,0.7808242181415931,0.09398393377860481,1.552035507321151,1.2741209528672912,0.125,0.27479660216267987,0.04958323152302835,2.1667634614782862,0,7.571529865264893
35.24424841899963,combined,3,1,leader,STRAIGHT_3,NONE,TRACK,1.623443763743782,0.8342319136961515,0.12344376374378196,1.5783633307892564,1.4579611346750048,0.125,0.35808191508232645,0.05558847404308195,2.191575294378564,0,12.855830192565918
35.24424841899963,combined,3,2,follower_1,STRAIGHT_3,NONE,TRACK,1.4664844920820697,-0.9042616982391942,-0.03351550791793034,1.3865525194890744,-0.5521427701268015,0.060000000000002274,0.0,-0.027597130312945133,2.0153046646423474,0,8.394689559936523
35.24424841899963,combined,3,3,follower_2,STRAIGHT_3,NONE,TRACK,1.5714750570041536,0.3555728265696043,0.07147505700415357,1.5894112929720696,1.4025453027669506,0.060000000000002274,0.3630534074119352,0.053900170587898484,2.142413217279474,0,7.949316024780273
35.44282337799814,combined,3,1,leader,STRAIGHT_3,NONE,TRACK,1.618727027602845,0.826169761121521,0.11872702760284493,1.5776884689889812,1.3777203799287912,0.0049999999999954525,0.36128406740178415,0.05235762246027906,2.1876395578154906,0,6.610840797424316
35.44282337799814,combined,3,2,follower_1,STRAIGHT_3,NONE,TRACK,1.4178527996326404,-5.1382414755568755,-0.08214720036735956,2.319950254112849,14.372235653308632,0.06499999999999773,0.6,0.5855745240916552,1.966277799877073,0,7.191053867340088
35.44282337799814,combined,3,3,follower_2,STRAIGHT_3,NONE,TRACK,1.6325067419752837,0.33820937397780654,0.13250674197528367,1.5530650991967294,0.8162607175259305,0.05999999999999517,0.280233544149415,0.02976521167482044,2.1980702934641783,0,11.64041519165039
35.64270316599868,combined,3,1,leader,STRAIGHT_3,NONE,TRACK,1.613451652499871,0.8129107767916676,0.11345165249987099,1.5759414081672678,1.3442068616829816,0.07000000000000028,0.36117979650268656,0.051143412435187025,2.183214693171151,0,11.39380931854248
35.64270316599868,combined,3,2,follower_1,STRAIGHT_3,NONE,TRACK,1.4331429102045143,-2.8227637494374207,-0.06685708979548566,1.736872223859822,-2.7242935226143556,0.00999999999999801,0.17181248161028972,-0.13338365944527036,1.9830627549403557,0,7.396468162536621
35.64270316599868,combined,3,3,follower_2,STRAIGHT_3,NONE,TRACK,1.616940810540479,0.3124225941690522,0.116940810540479,1.5599263893036461,1.1107461946792894,0.005000000000002558,0.30099263617833044,0.043253621052676265,2.184547311492206,0,7.358177185058594
35.8444227559994,combined,3,1,leader,STRAIGHT_3,NONE,TRACK,1.6087094807846447,0.812098540563082,0.10870948078464471,1.5743721153187886,1.2729445622202489,0.00999999999999801,0.36103741638877096,0.04841163515764043,2.1792247303825025,0,7.776828765869141
35.8444227559994,combined,3,2,follower_1,STRAIGHT_3,NONE,TRACK,1.4984561956815765,0.1914781218416923,-0.0015438043184234918,1.5309766555910302,-4.64758810354934,0.134999999999998,0.0,-0.19944919543713782,2.049343850877012,0,7.787539005279541
35.8444227559994,combined,3,3,follower_2,STRAIGHT_3,NONE,TRACK,1.5495012917490782,-0.06884260637304751,0.04950129174907825,1.5717800556777757,1.3007163305702405,0.134999999999998,0.3340990627781262,0.05082960641931436,2.1194737106288324,0,10.929147720336914
36.0460732850006,combined,3,1,leader,STRAIGHT_3,NONE,PREDICT,1.6115622725838803,0.8725380071623027,0.1115622725838803,1.5723578032958032,1.2600828603231122,0.21000000000000085,0.19762888814307836,0.04800757287571337,2.1827829967139185,0,15.199117660522461
36.0460732850006,combined,3,2,follower_1,STRAIGHT_3,NONE,TRACK,1.5589208054444568,1.463724916705752,0.05892080544445677,1.3564008559092335,-1.4070847259270631,0.14000000000000057,0.0,-0.06176104947389538,2.1103057456316123,0,10.251184463500977
36.0460732850006,combined,3,3,follower_2,STRAIGHT_3,NONE,TRACK,1.4980331439710666,-0.4597890133796326,-0.001966856028933428,1.5395436632390362,0.7283308786511741,0.045000000000001705,0.25590698514860155,0.026854784544883974,2.0683113830626776,0,8.692071914672852
36.242663773999084,combined,3,1,leader,STRAIGHT_3,NONE,TRACK,1.60574635969648,0.8201370422909636,0.10574635969648005,1.5789917892470333,1.2817282589298318,0.005000000000002558,0.36939971672045696,0.04906938246874423,2.1775905909536926,0,16.971691131591797
36.242663773999084,combined,3,2,follower_1,STRAIGHT_3,NONE,TRACK,1.5778918514567692,-0.9114737736155033,0.07789185145676925,1.374942618923115,1.9759529352868892,0.07000000000000028,0.0,0.07753963773779853,2.1295848317755697,0,14.218517303466797
36.242663773999084,combined,3,3,follower_2,STRAIGHT_3,NONE,TRACK,1.5167544130854982,-0.4848397406801438,0.016754413085498188,1.5004160269871267,0.48656543563665655,0.005000000000002558,0.15128138106850086,0.01699552005804018,2.083591607914665,0,11.369937896728516
36.4431387859986,combined,3,1,leader,STRAIGHT_3,NONE,TRACK,1.5997324913469628,0.7816368891471888,0.09973249134696283,1.5775041828749372,1.2130934429683866,0.015000000000000568,0.37007505818187586,0.04609089779571683,2.1721863060304174,0,8.868239402770996
36.4431387859986,combined,3,2,follower_1,STRAIGHT_3,NONE,TRACK,1.558440289886965,-0.8290858265281776,0.058440289886964925,1.7789725327177923,1.8784478282405621,0.00999999999999801,0.4833986594181594,0.052334890168267145,2.1109152226554784,0,8.237391471862793
36.4431387859986,combined,3,3,follower_2,STRAIGHT_3,NONE,TRACK,1.5688499762944872,-0.5969664348618154,0.06884997629448719,1.4799638498438974,0.3034901588688998,0.06499999999999773,0.0902826179246022,0.010263120124152918,2.13530530872543,0,9.67081356048584
36.64318984199781,combined,3,1,leader,STRAIGHT_3,NONE,TRACK,1.5950718156073906,0.768904671414812,0.09507181560739064,1.5740676915956526,1.150300177777735,0.015000000000000568,0.36517364462696233,0.043623004237808335,2.1680893647242656,0,5.764113903045654
36.64318984199781,combined,3,2,follower_1,STRAIGHT_3,NONE,TRACK,1.6070597818271086,0.7161452220557254,0.10705978182710862,1.5896266851800134,-0.27793017523267655,0.00999999999999801,0.06165557438804586,-0.02713762179157992,2.160239160158644,0,11.29703140258789
36.64318984199781,combined,3,3,follower_2,STRAIGHT_3,NONE,TRACK,1.4686184778205813,-7.451926296454199,-0.0313815221794187,2.6200792524219816,7.641380506406918,0.07500000000000284,0.6,0.297317402724844,2.0338027263492426,0,18.39126205444336
36.84310719199857,combined,3,1,leader,STRAIGHT_3,NONE,TRACK,1.6072097498653855,0.8129244754526475,0.10720974986538545,1.5710944414779835,1.0995037642439855,0.15000000000000568,0.36076154044642555,0.041735194410583355,2.1807332991223958,0,5.764113903045654
36.84310719199857,combined,3,2,follower_1,STRAIGHT_3,NONE,PREDICT,1.6525696071075537,1.6470622618328483,0.15256960710755374,1.5686975403756487,-0.9483660166894329,0.21000000000000085,0.02412619071738473,-0.04819998493381829,2.2060160533234687,0,11.29703140258789
36.84310719199857,combined,3,3,follower_2,STRAIGHT_3,NONE,TRACK,1.3551526219237584,-5.4621695962700745,-0.1448473780762416,2.545329387687754,-3.2688223291612513,0.005000000000002558,0.6,-0.1791289716686045,1.921138074709712,0,9.809529304504395
37.04347863300063,combined,3,1,leader,STRAIGHT_3,NONE,TRACK,1.6016641386592914,0.7800243131608009,0.10166413865929136,1.5862439408616904,1.075616005190006,0.07499999999999574,0.3688469187971922,0.041017679022380626,2.1756980597092923,0,15.51907730102539
37.04347863300063,combined,3,2,follower_1,STRAIGHT_3,NONE,TRACK,1.7094322367236336,1.4942138146702237,0.20943223672363365,1.5688376270455193,2.2538322041354033,0.015000000000000568,0.05932386988118111,0.08197746180436671,2.2635499200060916,0,8.146382331848145
37.04347863300063,combined,3,3,follower_2,STRAIGHT_3,NONE,TRACK,1.3467312960724203,-1.967219154264326,-0.15326870392757974,1.7031823694609247,-6.201219023658117,0.00999999999999801,0.0,-0.2685958085053133,1.9121703290052188,0,7.15814208984375
37.24276251599804,combined,3,1,leader,STRAIGHT_3,NONE,TRACK,1.5964356040113463,0.7299396774805851,0.09643560401134632,1.5840161206107577,1.0910496325070205,0.015000000000000568,0.36943045820055553,0.0416171332595983,2.1709203052191572,0,8.806645393371582
37.24276251599804,combined,3,2,follower_1,STRAIGHT_3,NONE,TRACK,1.7494606038745069,1.2848880345875944,0.24946060387450686,1.5945992718660595,2.2712007260252918,0.015000000000000568,0.13791906305775165,0.08509134781605371,2.304195855633899,0,12.00272274017334
37.24276251599804,combined,3,3,follower_2,STRAIGHT_3,NONE,TRACK,1.2867241364943316,-3.9363374249533063,-0.2132758635056684,2.2468663186386455,5.555510479582525,0.015000000000000568,0.6,0.22226674960144632,1.8502524740361803,0,9.322190284729004
37.44422420800038,combined,3,1,leader,STRAIGHT_3,NONE,TRACK,1.5915984222052155,0.7049401273477558,0.09159842220521552,1.5808097063389652,1.01130566478965,0.015000000000000568,0.36735800560348586,0.03828974315465761,2.166509472480198,0,7.110630989074707
37.44422420800038,combined,3,2,follower_1,STRAIGHT_3,NONE,TRACK,1.7695290981353893,1.1875415015133155,0.2695290981353893,1.6264833049947423,1.999867579001722,0.00999999999999801,0.23733270980569884,0.07514206292457405,2.3249618312062923,0,12.99523639678955
37.44422420800038,combined,3,3,follower_2,STRAIGHT_3,NONE,TRACK,1.2142931521616074,-6.821945586950628,-0.2857068478383926,2.482647142639918,5.706626395471842,0.00999999999999801,0.6,0.21523153395808992,1.7756132428287104,0,12.36354923248291
37.64283119799802,combined,3,1,leader,STRAIGHT_3,NONE,TRACK,1.5873163710982132,0.6780437824628499,0.08731637109821322,1.5780213206227447,0.9764948689741985,0.0799999999999983,0.3654281459902167,0.03702167846429497,2.1626127241520563,0,16.70025634765625
37.64283119799802,combined,3,2,follower_1,STRAIGHT_3,NONE,TRACK,1.7673876785648224,1.1687706415861927,0.2673876785648224,1.6537694622058363,1.8358029419875552,0.020000000000003126,0.3283382016028461,0.06928825586072214,2.3235328292193547,0,9.632587432861328
37.64283119799802,combined,3,3,follower_2,STRAIGHT_3,NONE,TRACK,1.1640847960180032,-11.184310726439346,-0.3359152039819968,3.697381344098834,18.86047560735869,0.020000000000003126,0.6,0.7915420447574066,1.7217304435859686,0,7.525848865509033
37.84268852899913,combined,3,1,leader,STRAIGHT_3,NONE,TRACK,1.5839470736688246,0.6598619203078517,0.08394707366882459,1.5755538408827179,0.9305993526359295,0.020000000000003126,0.3635047402604663,0.03529484966203915,2.159565575205085,0,10.920354843139648
37.84268852899913,combined,3,2,follower_1,STRAIGHT_3,NONE,TRACK,1.7548229843422598,1.1720914031595608,0.2548229843422598,1.668375894021887,1.7674943393823912,0.020000000000003126,0.39781730208747645,0.06692161315041896,2.3116406959470885,0,8.124077796936035
37.84268852899913,combined,3,3,follower_2,STRAIGHT_3,NONE,TRACK,1.1236090962335887,-6.045932759592005,-0.37639090376641127,2.568268506514446,-6.783961796939983,0.07000000000000028,0.6,-0.3215933124924944,1.6838999122767748,0,11.063370704650879
38.04265352099901,combined,3,1,leader,STRAIGHT_3,NONE,TRACK,1.5802670635151237,0.6307365665857878,0.0802670635151237,1.573394534608148,0.9091429054025331,0.015000000000000568,0.36172254697194933,0.03453450162808095,2.156242641528825,0,17.430057525634766
38.04265352099901,combined,3,2,follower_1,STRAIGHT_3,NONE,TRACK,1.7350567891180226,1.1499658090942775,0.23505678911802264,1.666866606053319,1.7768229222901932,0.015000000000000568,0.42750225982927725,0.06763972208542439,2.2926823071734197,0,13.645216941833496
38.04265352099901,combined,3,3,follower_2,STRAIGHT_3,NONE,TRACK,1.1855679199762192,-0.602797696869506,-0.31443208002378076,1.80374267607719,-6.256819372096231,0.015000000000000568,0.0,-0.2759842377434254,1.7475129496111552,0,8.53454303741455
38.242581752998376,combined,3,1,leader,STRAIGHT_3,NONE,TRACK,1.576878261811392,0.6118067952580013,0.0768782618113919,1.5731604116627635,0.8659745387494819,0.030000000000001137,0.36414125120298213,0.032859638390456795,2.1531309476194944,0,10.017760276794434
38.242581752998376,combined,3,2,follower_1,STRAIGHT_3,NONE,TRACK,1.7195850080695791,1.1379938640643454,0.21958500806957915,1.6543295000462668,1.7689109540277397,0.0800000000000054,0.4254499224526278,0.0673512766394737,2.2779071569481926,0,7.2027058601379395
38.242581752998376,combined,3,3,follower_2,STRAIGHT_3,NONE,TRACK,1.1944778780927408,-3.1030472418733304,-0.30552212190725925,2.4093985946435117,13.546463490410037,0.020000000000003126,0.6,0.5960909376354413,1.7561778322095714,0,6.5155229568481445
38.44397936599853,combined,3,1,leader,STRAIGHT_3,NONE,TRACK,1.5719033049483744,0.5822887071288488,0.07190330494837438,1.5730485842136295,0.8529490006819157,0.01999999999999602,0.36655663252490583,0.03244420036000159,2.148477166320355,0,16.708696365356445
38.44397936599853,combined,3,2,follower_1,STRAIGHT_3,NONE,TRACK,1.7034146181051253,1.13587612951014,0.2034146181051253,1.640583526204903,1.7239941151946896,0.01999999999999602,0.41624711611918197,0.06554777080427641,2.2626082390630224,0,9.244694709777832
38.44397936599853,combined,3,3,follower_2,STRAIGHT_3,NONE,TRACK,1.1544364357067676,-13.80988541541268,-0.34556356429323243,4.135228892644474,26.38643885824174,0.01999999999999602,0.6,0.8,1.7094610595075228,0,8.19709300994873
38.642845931997726,combined,3,1,leader,STRAIGHT_3,NONE,TRACK,1.5675009056145248,0.5619790637782428,0.06750090561452482,1.572672697758729,0.8353494942275673,0.1600000000000037,0.3681482504394363,0.03180217657494371,2.1443187638916283,0,19.11556053161621
38.642845931997726,combined,3,2,follower_1,STRAIGHT_3,NONE,TRACK,1.6912570154083773,1.130876153528504,0.19125701540837725,1.6294784311002,1.7122759880132148,0.030000000000001137,0.4098390406532537,0.06516857138714366,2.2511772592884425,0,14.649018287658691
38.642845931997726,combined,3,3,follower_2,STRAIGHT_3,NONE,TRACK,1.1546557739930536,-8.035888462337521,-0.34534422600694636,2.533775805121148,-8.879771797078623,0.030000000000001137,0.6,-0.4242883630293619,1.713949629637241,0,11.352387428283691
38.84318533699843,combined,3,1,leader,STRAIGHT_3,NONE,TRACK,1.5625880456973285,0.5324505363704836,0.06258804569732845,1.5721579143811257,0.7833811851296684,0.1600000000000037,0.3692739013668438,0.029769392167729874,2.1396744557198155,0,12.416683197021484
38.84318533699843,combined,3,2,follower_1,STRAIGHT_3,NONE,TRACK,1.6766069988219707,1.0683492574960052,0.17660699882197073,1.6230019540200826,1.7577137504095453,0.025000000000005684,0.41184956229851494,0.06714504982891482,2.237374182603104,0,8.111593246459961
38.84318533699843,combined,3,3,follower_2,STRAIGHT_3,NONE,TRACK,1.238607038170462,0.5180427141560169,-0.2613929618295381,1.4018466861631167,-10.759057734564985,0.025000000000005684,0.0,-0.4567380129350091,1.8002705450267502,0,7.169940948486328
39.04265820499859,combined,3,1,leader,STRAIGHT_3,NONE,TRACK,1.5589464456217959,0.5089964951052269,0.05894644562179585,1.5701833738735278,0.7758357248084352,0.10499999999999687,0.3665939811744347,0.02952460007199836,2.136241250307429,0,9.491097450256348
39.04265820499859,combined,3,2,follower_1,STRAIGHT_3,NONE,TRACK,1.6647539152578394,0.9914867598833041,0.16475391525783945,1.6161223627838124,1.8292520979239935,0.030000000000001137,0.41027882529181037,0.07002475334724233,2.2262182078134756,0,11.21982479095459
39.04265820499859,combined,3,3,follower_2,STRAIGHT_3,NONE,TRACK,1.238359618488105,-3.023482871949061,-0.26164038151189506,2.3858206168999345,14.301184309215053,0.02499999999999858,0.6,0.6205668452021655,1.7997021482572846,0,8.419564247131348
39.24301459900016,combined,3,1,leader,STRAIGHT_3,NONE,TRACK,1.5546782183695993,0.5004285142940782,0.054678218369599296,1.568652255363472,0.7028618884748179,0.035000000000003695,0.3645437940402119,0.02661785367679903,2.1322212455535694,0,19.210168838500977
39.24301459900016,combined,3,2,follower_1,STRAIGHT_3,NONE,TRACK,1.6517162757360646,0.9337488132505356,0.1517162757360646,1.6069341016183813,1.7645024649437195,0.10500000000000398,0.4009457050584247,0.067242079154473,2.2140881328102586,0,16.529254913330078
39.24301459900016,combined,3,3,follower_2,STRAIGHT_3,NONE,TRACK,1.1897636589624452,-10.496211086363635,-0.3102363410375548,4.512968537154338,27.87187888340445,0.030000000000001137,0.6,0.8,1.7470971228951224,0,14.015559196472168
39.443966020000516,combined,3,1,leader,STRAIGHT_3,NONE,TRACK,1.5516170449089182,0.484253907942652,0.051617044908918164,1.5675000393888006,0.6846798928412503,0.01999999999999602,0.36302715951848724,0.025993018437381617,2.1293547462091227,0,9.342416763305664
39.443966020000516,combined,3,2,follower_1,STRAIGHT_3,NONE,TRACK,1.6431484167628396,0.9224830045128797,0.14314841676283963,1.5981027484522174,1.6693576647833313,0.09499999999999886,0.39018369308794293,0.063428686489885,2.2062486417834397,0,10.968393325805664
39.443966020000516,combined,3,3,follower_2,STRAIGHT_3,NONE,TRACK,1.211973935566321,-4.2837125824040765,-0.28802606443367895,2.862076720045149,-4.435283947366713,0.015000000000000568,0.6,-0.2670034164805327,1.7726950450000638,0,11.00650405883789
39.643304844998056,combined,3,1,leader,STRAIGHT_3,NONE,TRACK,1.572759523837806,0.49210063206319793,0.07275952383780604,1.5663599971099256,0.6767449330472761,0.1700000000000017,0.36126515935826004,0.025751149339115875,2.150650293843812,0,9.342416763305664
39.643304844998056,combined,3,2,follower_1,STRAIGHT_3,NONE,TRACK,1.6155511066717856,0.6593706299953707,0.11555110667178559,1.587480977398054,1.5555269707776511,0.020000000000003126,0.37296145714439566,0.0589624935457295,2.1790325239354438,0,10.678940773010254
39.643304844998056,combined,3,3,follower_2,STRAIGHT_3,NONE,TRACK,1.2667938579972535,1.8652020143916423,-0.23320614200274647,1.700705679268837,-8.619036237978698,0.020000000000003126,0.0,-0.38768847245906163,1.8280628202242204,0,8.953981399536133
39.84313450699847,combined,3,1,leader,STRAIGHT_3,NONE,PREDICT,1.5737273906276532,0.5056694580406489,0.07372739062765321,1.5883462355995992,0.6612777889417496,0.37000000000000455,0.20897440414096546,0.025265234676176508,2.1517926574665225,0,13.469626426696777
39.84313450699847,combined,3,2,follower_1,STRAIGHT_3,NONE,TRACK,1.6105029320589748,0.7013166292405524,0.11050293205897477,1.5810625007034103,1.534226339851147,0.09500000000000597,0.3638830606990747,0.058312740396125724,2.174656305253544,0,18.770771026611328
39.84313450699847,combined,3,3,follower_2,STRAIGHT_3,NONE,TRACK,1.2207735072255512,-7.0380583993300805,-0.2792264927744488,3.782232341615938,23.976966071163254,0.025000000000005684,0.6,0.8,1.7807114033284095,0,7.500431060791016
40.0439506349976,combined,3,1,leader,STRAIGHT_3,NONE,TRACK,1.5818932149331837,0.46952360971725315,0.08189321493318369,1.5965462757602822,0.6925962642357433,0.10499999999999687,0.38532386003654473,0.026555926314553203,2.1600811547831076,0,15.888198852539062
40.0439506349976,combined,3,2,follower_1,STRAIGHT_3,NONE,TRACK,1.6208941108468078,0.6605941836308235,0.12089411084680779,1.5712856589082684,1.3292824818940374,0.15500000000000114,0.34404180404917606,0.0501128296378152,2.1854648429213293,0,18.770771026611328
40.0439506349976,combined,3,3,follower_2,STRAIGHT_3,NONE,TRACK,1.1628440830588367,-17.479853243882697,-0.3371559169411633,4.632088686609276,24.89215167082441,0.030000000000001137,0.6,0.8,1.7129461531062586,0,7.867607116699219
40.259254011998564,combined,3,1,leader,STRAIGHT_3,NONE,PREDICT,1.5978338160511738,0.4396844454310535,0.0978338160511738,1.6013861843607142,0.6917694659125653,0.3049999999999997,0.2141907802908016,0.02652995167917224,2.176213739283553,0,15.888198852539062
40.259254011998564,combined,3,2,follower_1,STRAIGHT_3,NONE,PREDICT,1.6392214702619659,0.5978376567328308,0.13922147026196585,1.5883675519773666,1.279149240587757,0.355000000000004,0.1972087772368502,0.04853784741193065,2.2043408621928187,0,18.770771026611328
40.259254011998564,combined,3,3,follower_2,STRAIGHT_3,NONE,TRACK,1.1002654803467649,-13.963720030088231,-0.39973451965323514,5.332726603771081,22.717300987530624,0.1600000000000037,0.6,0.8,1.652294824115388,0,12.493707656860352
40.49058699300076,combined,3,1,leader,STRAIGHT_3,NONE,PREDICT,1.5903050769421032,0.4069616659579169,0.09030507694210321,1.6086528006349579,0.6888385234082799,0.3549999999999969,0.2175879233990105,0.02643787340477667,2.1687831136732005,0,9.903597831726074
40.49058699300076,combined,3,2,follower_1,STRAIGHT_3,NONE,PREDICT,1.648827702571199,0.8344579354301153,0.14882770257119904,1.595298328962612,1.266745497799836,0.40500000000000114,0.20044891547745244,0.04814817233973516,2.214474337891011,0,12.905707359313965
40.49058699300076,combined,3,3,follower_2,STRAIGHT_3,NONE,TRACK,1.1399129068955247,-4.12593218161778,-0.3600870931044753,3.44710858859073,-9.913189572964365,0.01999999999999602,0.6,-0.4903158009162501,1.6984649272914905,0,8.982527732849121
40.65590810700087,combined,3,1,leader,STRAIGHT_3,NONE,TRACK,1.6051481748873442,0.3845686607174171,0.10514817488734418,1.6129015152132693,0.5983490318853398,0.17499999999999716,0.3935098911820871,0.023067791027253644,2.183707475190759,0,11.012234687805176
40.65590810700087,combined,3,2,follower_1,STRAIGHT_3,NONE,TRACK,1.6352497250459412,0.6928598326605653,0.13524972504594124,1.5865017353897632,1.1639074390445139,0.030000000000001137,0.3174536058248426,0.04527413546452631,2.2012018773301416,0,17.999332427978516
40.65590810700087,combined,3,3,follower_2,STRAIGHT_3,NONE,TRACK,1.1870656696172075,-0.03188929733960688,-0.3129343303827925,1.446167956261096,-12.407645276461897,0.02499999999999858,0.0,-0.5082277899307308,1.7464431585633873,0,9.059592247009277
40.85566154999833,combined,3,1,leader,STRAIGHT_3,NONE,PREDICT,1.608029589055988,0.4099831741846192,0.10802958905598792,1.6254160342270008,0.5994857629563551,0.375,0.2222809777890674,0.023103502487071735,2.186694488116545,0,16.654327392578125
40.85566154999833,combined,3,2,follower_1,STRAIGHT_3,NONE,TRACK,1.633784144796823,0.48117093989245535,0.1337841447968231,1.589276200668614,1.41172155065162,0.04000000000000625,0.3324067275055895,0.05521546708240592,2.2002702200703093,0,9.846120834350586
40.85566154999833,combined,3,3,follower_2,STRAIGHT_3,NONE,TRACK,1.2027182517660604,-0.3157234298568594,-0.2972817482339396,0.7710568283437133,-4.5195859819641075,0.10500000000000398,0.0,-0.17740724497294913,1.7619250770706267,0,9.896413803100586
41.05584827699931,combined,3,1,leader,STRAIGHT_3,ACTUATOR_BIAS,TRACK,1.6046666639867087,0.4699025091551783,0.10466666398670865,1.6278943757260267,0.5149770924428261,0.17999999999999972,0.4078515562362216,0.01982899454642659,2.183434331132513,0,16.654327392578125
41.05584827699931,combined,3,2,follower_1,STRAIGHT_3,ACTUATOR_BIAS,TRACK,1.6395159360274634,-1.3028364849184872,0.13951593602746337,1.5789491256528752,0.8532883212881551,0.04999999999999716,0.31563736834175193,0.1845446303565066,2.2066275654712695,0,10.180072784423828
41.05584827699931,combined,3,3,follower_2,STRAIGHT_3,ACTUATOR_BIAS,TRACK,1.1505856831112995,-11.823440437871156,-0.3494143168887005,4.0503511271173185,29.2208667485652,0.04999999999999716,0.6,0.8,1.701712018118141,0,7.918316841125488
41.2557977510005,combined,3,1,leader,STRAIGHT_3,ACTUATOR_BIAS,TRACK,1.5921117377524394,0.4198911062731682,0.09211173775243942,1.6289432930758754,0.5086928730720942,0.125,0.41330997012713017,0.019547065708858002,2.1709723397554863,0,10.591618537902832
41.2557977510005,combined,3,2,follower_1,STRAIGHT_3,ACTUATOR_BIAS,TRACK,1.65085861111474,-2.206603868018402,0.15085861111474008,1.5802032938716606,-0.8061644198744612,0.054999999999999716,0.32751003683150126,0.1308288183555386,2.2183732777710583,0,7.94347620010376
41.2557977510005,combined,3,3,follower_2,STRAIGHT_3,ACTUATOR_BIAS,TRACK,1.113581738977007,-11.51220767696411,-0.3864182610229929,3.93257119592504,5.52337250039635,0.05000000000000426,0.6,0.12675514891962378,1.6629442498954286,0,11.450786590576172
41.45570752899948,combined,3,1,leader,STRAIGHT_3,ACTUATOR_BIAS,TRACK,1.5797005491010874,0.35911692096127756,0.07970054910108737,1.620935918196134,0.5694251268476516,0.06499999999999773,0.41033137664488367,0.021821972353747172,2.15865558660482,0,9.558395385742188
41.45570752899948,combined,3,2,follower_1,STRAIGHT_3,ACTUATOR_BIAS,TRACK,1.6558167190659063,-1.4950497397062883,0.15581671906590633,1.5853025874383004,-2.049409326262092,0.11999999999999744,0.3493823202184003,0.090360563245936,2.223938630660457,0,8.590688705444336
41.45570752899948,combined,3,3,follower_2,STRAIGHT_3,ACTUATOR_BIAS,TRACK,1.174252927800331,-1.8486514754092462,-0.3257470721996689,1.9149135368220276,-13.742785494207084,0.054999999999999716,0.0,-0.6243693494808409,1.7303387338000908,0,6.731194019317627
41.655812162000075,combined,3,1,leader,STRAIGHT_3,NONE,TRACK,1.5783867305794552,0.39629108705445715,0.07838673057945522,1.6110860442295398,0.5300528526005759,0.19500000000000028,0.40103328716962355,0.020180080317963398,2.1574190963158215,0,9.558395385742188
41.655812162000075,combined,3,2,follower_1,STRAIGHT_3,NONE,TRACK,1.6416837630858905,-0.5419251684881246,0.14168376308589048,1.6062146040212966,-1.4542686979258228,0.060000000000002274,0.40887464071741153,-0.036770860582318786,2.2103985881247605,0,7.462495803833008
41.655812162000075,combined,3,3,follower_2,STRAIGHT_3,NONE,TRACK,1.1761713270491307,-8.246407650484855,-0.32382867295086926,2.2394121974943113,9.353353138894523,0.060000000000002274,0.1968894320231021,0.4032452553956836,1.7324740632491198,0,9.085972785949707
41.8566800669978,combined,3,1,leader,STRAIGHT_3,NONE,TRACK,1.5665826866560661,0.36285028998859753,0.06658268665606615,1.6132463242199544,0.45196428166547237,0.060000000000002274,0.4036018379860294,0.01721467405059036,2.1456990971849357,0,15.276618003845215
41.8566800669978,combined,3,2,follower_1,STRAIGHT_3,NONE,TRACK,1.6376980734250624,0.0702424734946039,0.13769807342506235,1.6030565234726881,-0.2021728421698132,0.060000000000002274,0.4114844075806485,0.0067756048413527645,2.207039983260766,0,11.804970741271973
41.8566800669978,combined,3,3,follower_2,STRAIGHT_3,NONE,TRACK,1.1334154390185789,-14.630100250197454,-0.3665845609814211,4.360869782645528,23.30355351549324,0.05000000000000426,0.6,0.8,1.6853800237678263,0,9.307877540588379
42.05568455499815,combined,3,1,leader,STRAIGHT_3,NONE,TRACK,1.5572150729789453,0.32229457539579504,0.05721507297894535,1.606191590221134,0.47839956085776664,0.06499999999999773,0.3992200922788661,0.018285807302470536,2.136400072780525,0,11.82956314086914
42.05568455499815,combined,3,2,follower_1,STRAIGHT_3,NONE,TRACK,1.635255262280411,0.3121401030018627,0.13525526228041107,1.5930264765896027,0.543360373462787,0.0049999999999954525,0.39605095913083765,0.03134512932324236,2.2051093756031004,0,6.410429954528809
42.05568455499815,combined,3,3,follower_2,STRAIGHT_3,NONE,TRACK,1.1395214870068482,-6.279183044367082,-0.3604785129931518,3.0255357836587833,-10.288903151502119,0.054999999999999716,0.6,-0.4922516748231256,1.6981567746324309,0,8.368671417236328
42.256097194000176,combined,3,1,leader,STRAIGHT_3,NONE,TRACK,1.5497073969297246,0.2906307212084742,0.04970739692972459,1.5986604014826489,0.45533644651662397,0.06500000000000483,0.39174882818095846,0.017343705214804946,2.128952260138832,0,15.828164100646973
42.256097194000176,combined,3,2,follower_1,STRAIGHT_3,NONE,TRACK,1.633459777973155,0.37999599018027264,0.133459777973155,1.5875536433597592,0.893755414331554,0.06500000000000483,0.389280107328595,0.041360969462522996,2.2037825260687884,0,11.305747985839844
42.256097194000176,combined,3,3,follower_2,STRAIGHT_3,NONE,PREDICT,1.2030623431401852,0.7770497925582528,-0.29693765685981477,2.1804309557343005,-17.317691156201615,0.20000000000000284,0.0,-0.7431893417156461,1.7636879533553163,0,13.762431144714355
42.456651996999426,combined,3,1,leader,STRAIGHT_3,NONE,TRACK,1.543415518028643,0.267670761214341,0.043415518028643074,1.5909766668374412,0.41843524787850805,0.05999999999999517,0.38165295594277066,0.015845821294310593,2.1227254079586264,0,19.817020416259766
42.456651996999426,combined,3,2,follower_1,STRAIGHT_3,NONE,TRACK,1.6281684624793977,0.36895104997244876,0.12816846247939773,1.5825706561685093,1.1581288349736232,0.05999999999999517,0.3826941039518094,0.049083962361473124,2.1990229007548807,0,11.961352348327637
42.456651996999426,combined,3,3,follower_2,STRAIGHT_3,NONE,TRACK,1.1697102027171935,-5.376162120151418,-0.3302897972828065,2.494713727488113,13.224616946088101,0.05999999999999517,0.6,0.5506742072047364,1.7298648369869427,0,7.4503960609436035
42.65688655299891,combined,3,1,leader,STRAIGHT_3,NONE,TRACK,1.5393159234008187,0.2650760473184872,0.039315923400818686,1.5842321396402699,0.3635169934038261,0.00999999999999801,0.372183282458346,0.013609664343252961,2.1186758673384882,0,6.54562520980835
42.65688655299891,combined,3,2,follower_1,STRAIGHT_3,NONE,TRACK,1.6237334747035923,0.3886791637231584,0.1237334747035923,1.5889623393986352,1.1297834767232529,0.06499999999999773,0.40386025648609986,0.0459711350799103,2.195023195917138,0,12.931868553161621
42.65688655299891,combined,3,3,follower_2,STRAIGHT_3,NONE,TRACK,1.2045854661536568,-4.48227130681401,-0.2954145338463432,2.107866992938117,-0.35374362973475865,0.005000000000002558,0.0,-0.05386605191283435,1.7658411147778554,0,6.6175031661987305
42.855836132999684,combined,3,1,leader,STRAIGHT_3,NONE,TRACK,1.5437899310512013,0.33022890479837425,0.043789931051201325,1.5806419532130576,0.34974392114003877,0.14000000000000057,0.3690920677693865,0.013177073280015366,2.123196389488425,0,13.384243965148926
42.855836132999684,combined,3,2,follower_1,STRAIGHT_3,NONE,TRACK,1.6115989270935416,0.360689591644902,0.11159892709354158,1.5903400813406507,1.1100628365951377,0.005000000000002558,0.4053930443226849,0.04408628464621196,2.183342141869118,0,6.949409008026123
42.855836132999684,combined,3,3,follower_2,STRAIGHT_3,NONE,TRACK,1.2715589837808488,-0.5633168561364081,-0.22844101621915125,1.301941663156746,-4.612908396717013,0.005000000000002558,0.0,-0.20703468057221952,1.8340154644549553,0,7.152609825134277
43.05663784599892,combined,3,1,leader,STRAIGHT_3,NONE,TRACK,1.5393270672498698,0.29643977062379345,0.039327067249869785,1.5837017401969788,0.39511864424866205,0.00999999999999801,0.3734733211165507,0.01512627080956079,2.118780385019783,0,10.979007720947266
43.05663784599892,combined,3,2,follower_1,STRAIGHT_3,NONE,TRACK,1.6038825662254528,0.3749258265084715,0.10388256622545278,1.5880035520143672,1.0970736833667898,0.00999999999999801,0.40325411240496767,0.04262763290991671,2.1760176975713414,0,8.191961288452148
43.05663784599892,combined,3,3,follower_2,STRAIGHT_3,NONE,TRACK,1.2456211162482917,-6.61163134662811,-0.25437888375170825,2.257009368092362,12.32276961620675,0.07000000000000028,0.6,0.5261547453889072,1.8068883585331679,0,7.852521896362305
43.25540540699876,combined,3,1,leader,STRAIGHT_3,NONE,TRACK,1.5342693378848142,0.2504482264863284,0.03426933788481423,1.5814839373400604,0.39081815732769354,0.020000000000003126,0.373116244806472,0.014896192473372448,2.1137707620948984,0,7.006126880645752
43.25540540699876,combined,3,2,follower_1,STRAIGHT_3,NONE,TRACK,1.5984964355573041,0.42582917428742345,0.09849643555730414,1.5816084234005339,1.0641558206223707,0.14500000000000313,0.3930799182283909,0.04100257867729478,2.171050290242077,0,13.437950134277344
43.25540540699876,combined,3,3,follower_2,STRAIGHT_3,NONE,TRACK,1.210432522908617,-18.56387823628916,-0.289567477091383,4.317262863292568,21.918406761739124,0.0799999999999983,0.6,0.8,1.7611737471877258,0,5.9237518310546875
43.45552185300039,combined,3,1,leader,STRAIGHT_3,NONE,TRACK,1.5307284733620004,0.23952171218293755,0.030728473362000353,1.5779681932513308,0.32946331042930577,0.01999999999999602,0.3693059256315694,0.012378021945064988,2.1102664828650743,0,7.3668599128723145
43.45552185300039,combined,3,2,follower_1,STRAIGHT_3,NONE,TRACK,1.5981841121869953,0.49026655050727685,0.0981841121869953,1.5713986943645206,0.9568533797292126,0.07000000000000028,0.3721398926218053,0.036624056659197796,2.1710926789453704,0,12.830645561218262
43.45552185300039,combined,3,3,follower_2,STRAIGHT_3,NONE,TRACK,1.194457360627605,-15.55208329840944,-0.305542639372395,3.0369338942576602,-11.562687215798912,0.0049999999999954525,0.6,-0.4976690423563934,1.748201795748119,0,8.66586971282959
43.6556949299993,combined,3,1,leader,STRAIGHT_3,NONE,TRACK,1.5275273759236,0.21978256393171633,0.027527375923600106,1.5749016493398378,0.32516702673299863,0.00999999999999801,0.3656722831239715,0.012360847100725648,2.1071020609805484,0,5.874882221221924
43.6556949299993,combined,3,2,follower_1,STRAIGHT_3,NONE,TRACK,1.601320398589138,0.5524969547721484,0.101320398589138,1.5721727647565495,0.9600376506311455,0.00999999999999801,0.369223699617625,0.036761823737500574,2.1745905852051,0,12.84618091583252
43.6556949299993,combined,3,3,follower_2,STRAIGHT_3,NONE,TRACK,1.250349470826481,-4.106706352208188,-0.24965052917351893,1.5634410160603607,-17.526632181229196,0.00999999999999801,0.0,-0.6993723785321144,1.8123832876652408,0,9.284590721130371
43.855995592999534,combined,3,1,leader,STRAIGHT_3,NONE,TRACK,1.5247025248239163,0.19722838327058692,0.024702524823916328,1.5729252760917656,0.32856365201273996,0.09000000000000341,0.3640549941868787,0.012522170767720293,2.104310141952333,0,9.201606750488281
43.855995592999534,combined,3,2,follower_1,STRAIGHT_3,NONE,PREDICT,1.6142021301467768,0.678382774727737,0.11420213014677683,1.576732219994323,0.959110447703995,0.21000000000000085,0.20520458011335285,0.03673269479845734,2.1877915655108984,0,12.84618091583252
43.855995592999534,combined,3,3,follower_2,STRAIGHT_3,NONE,TRACK,1.3031062415395123,-0.3873176142473853,-0.19689375846048773,1.1457564287166344,-6.143125437695229,0.015000000000000568,0.0,-0.21804071706821335,1.8661424614828936,0,6.413947105407715
44.05766122999921,combined,3,1,leader,STRAIGHT_3,NONE,TRACK,1.5216219479739896,0.185776377364057,0.02162194797398964,1.5709910737224626,0.2862483350238607,0.07500000000000284,0.36292943783833725,0.010885887001303557,2.101265647685137,0,8.783402442932129
44.05766122999921,combined,3,2,follower_1,STRAIGHT_3,NONE,TRACK,1.6062351528246257,0.6847518412573554,0.1062351528246257,1.5924609761464608,0.9958190214629387,0.005000000000002558,0.3877661237383511,0.03790788514670995,2.1802283443269714,0,8.830035209655762
44.05766122999921,combined,3,3,follower_2,STRAIGHT_3,NONE,TRACK,1.3895071774583423,0.22303767084823692,-0.11049282254165771,0.956808971893651,0.42219802281336904,0.06500000000000483,0.0,0.02878494940169047,1.9531856002990318,0,5.874186992645264
44.25600884699816,combined,3,1,leader,STRAIGHT_3,NONE,TRACK,1.5181956691766458,0.18454864325932938,0.018195669176645834,1.5698994185851012,0.25986348795194825,0.08500000000000085,0.36158540059406696,0.009772237689612905,2.097883808617093,0,7.784823894500732
44.25600884699816,combined,3,2,follower_1,STRAIGHT_3,NONE,TRACK,1.596215071335885,0.6861898277360668,0.09621507133588492,1.589598216016662,0.9804288742915092,0.015000000000000568,0.3874384856482787,0.03751074215253304,2.170740340681862,0,13.50374984741211
44.25600884699816,combined,3,3,follower_2,STRAIGHT_3,NONE,TRACK,1.3566706871324452,-2.128487738439665,-0.1433293128675548,2.284303485762684,12.448484663425768,0.015000000000000568,0.6,0.5615869654566058,1.9208069079993937,0,9.736449241638184
44.54125513300096,combined,3,1,leader,STRAIGHT_3,NONE,TRACK,1.5170893918615522,0.1843192873193255,0.017089391861552228,1.5693352571040633,0.2574816151517404,0.00999999999999801,0.3606778667160461,0.009695623807575101,2.0967961602820755,0,8.67318344116211
44.54125513300096,combined,3,2,follower_1,STRAIGHT_3,NONE,TRACK,1.5922339976659323,0.6794375032284381,0.09223399766593232,1.5885173402433053,0.9807952342745726,0.06499999999999773,0.38651974124092553,0.03752225169084666,2.166988981334987,0,8.835785865783691
44.54125513300096,combined,3,3,follower_2,STRAIGHT_3,NONE,TRACK,1.4050616450957525,-0.8122092882894372,-0.09493835490424751,2.3555175958689554,13.698134394259919,0.06499999999999773,0.6,0.6008458695960961,1.9697215338519523,0,6.988653182983398
44.687795695001114,combined,3,1,leader,STRAIGHT_3,NONE,TRACK,1.516330679841976,0.18569876829773854,0.016330679841976004,1.569028439994795,0.25557135479515214,0.060000000000002274,0.360417072173168,0.009635611208548084,2.0960538352314844,0,13.759918212890625
44.687795695001114,combined,3,2,follower_1,STRAIGHT_3,NONE,TRACK,1.5887166567081925,0.66738293879463,0.08871665670819251,1.5874818077650992,0.9813732030381624,0.11500000000000199,0.38563953863445033,0.037540409115063636,2.1636786124058816,0,19.995529174804688
44.687795695001114,combined,3,3,follower_2,STRAIGHT_3,NONE,TRACK,1.4548226456986193,0.14303227857568795,-0.0451773543013807,2.103690482830288,6.459306404511936,0.045000000000001705,0.6,0.2804305059266706,2.019784582870606,0,14.674644470214844
44.855976627997734,combined,3,1,leader,STRAIGHT_3,NONE,TRACK,1.5157836433481935,0.17939481996180215,0.015783643348193488,1.5649410582250687,0.23613645686601803,0.035000000000003695,0.3538764674179793,0.008980390312101093,2.095524518343034,0,11.036494255065918
44.855976627997734,combined,3,2,follower_1,STRAIGHT_3,NONE,TRACK,1.5851592966218788,0.6459249636196346,0.08515929662187882,1.5765568651420079,0.9442259704523013,0.0800000000000054,0.3714064774246459,0.036044349377569646,2.1603409706667707,0,11.891141891479492
44.855976627997734,combined,3,3,follower_2,STRAIGHT_3,NONE,TRACK,1.5111151502155602,0.6066564642556882,0.011115150215560199,1.353565799748807,-0.35484574128511254,0.07000000000000028,0.0,-0.011296021492963128,2.07634159732057,0,8.292614936828613
45.057108871998935,combined,3,1,leader,STRAIGHT_3,NONE,TRACK,1.5191461204831191,0.1777305862083089,0.019146120483119144,1.5639746686427998,0.24212638643410608,0.08500000000000085,0.35222250187449305,0.009249433062434954,2.098905983537448,0,14.711461067199707
45.057108871998935,combined,3,2,follower_1,STRAIGHT_3,NONE,TRACK,1.577352963515523,0.6104227261212428,0.07735296351552301,1.5726083148370344,0.9110819069515984,0.02499999999999858,0.3650393184542264,0.03470426521649878,2.1528191960518597,0,9.060356140136719
45.057108871998935,combined,3,3,follower_2,STRAIGHT_3,NONE,TRACK,1.5842234593570466,0.7027661536811463,0.08422345935704656,1.3637961902898619,1.069767726519251,0.08500000000000085,0.0,0.04681788205150646,2.149766919223865,0,7.403686046600342
45.256172830999276,combined,3,1,leader,STRAIGHT_3,NONE,PREDICT,1.5298980378528828,0.21778231549027205,0.02989803785288281,1.5691697337273915,0.24038530548981518,0.2850000000000037,0.19615106895801784,0.009194735391396059,2.109677399550341,0,21.123273849487305
45.256172830999276,combined,3,2,follower_1,STRAIGHT_3,NONE,TRACK,1.5644984314768409,0.5268318318765156,0.06449843147684087,1.5704101738634317,0.8691003257048298,0.020000000000003126,0.36236015267974153,0.03306345780892372,2.1401704650273587,0,13.628158569335938
45.256172830999276,combined,3,3,follower_2,STRAIGHT_3,NONE,TRACK,1.6348411728188992,0.6856705151058059,0.13484117281889918,1.458081044434262,1.2409253165875203,0.00999999999999801,0.018023375061231965,0.05185918768953839,2.200679791382709,0,10.150248527526855
45.45623964799961,combined,3,1,leader,STRAIGHT_3,NONE,TRACK,1.5276651077588455,0.18333471700479018,0.027665107758845453,1.5758308474120943,0.27265014363596496,0.03999999999999915,0.3603191645377096,0.010540891685423806,2.1074633234262503,0,8.398303985595703
45.45623964799961,combined,3,2,follower_1,STRAIGHT_3,NONE,TRACK,1.5676841815183193,0.5674741813525163,0.06768418151831934,1.5600480189514847,0.7700028876626199,0.02999999999999403,0.33941794688720733,0.029070988215982006,2.1435878009843274,0,8.586224555969238
45.45623964799961,combined,3,3,follower_2,STRAIGHT_3,NONE,TRACK,1.6544834888004438,0.6705639869281914,0.15448348880044382,1.5387982132085105,1.3331519772098133,0.02499999999999858,0.20775806946176592,0.05422616876296723,2.2206838450364725,0,5.732838153839111
45.6567534120004,combined,3,1,leader,STRAIGHT_3,NONE,TRACK,1.5254236074593837,0.1682555212410282,0.025423607459383657,1.5742210607845677,0.24195379345137097,0.10499999999999687,0.36016696250335434,0.009200527303223984,2.1052376062644855,0,6.612009048461914
45.6567534120004,combined,3,2,follower_1,STRAIGHT_3,NONE,TRACK,1.5708347600187498,0.5776043850663474,0.07083476001874978,1.559822327163604,0.804802986791167,0.030000000000001137,0.3391013203232848,0.030677858971923745,2.1469580231038377,0,13.757209777832031
45.6567534120004,combined,3,3,follower_2,STRAIGHT_3,NONE,TRACK,1.6551416190931347,0.7211941984386617,0.15514161909313473,1.58614370706421,1.1755962608931334,0.00999999999999801,0.30810904813376205,0.04682233911330528,2.221654732101888,0,7.09985876083374
45.85628126799929,combined,3,1,leader,STRAIGHT_3,NONE,TRACK,1.522927677266735,0.16395279202555377,0.022927677266735058,1.5737154349500964,0.19686246561401705,0.04000000000000625,0.36228763585278617,0.007378484580465506,2.1027568298880768,0,9.68451976776123
45.85628126799929,combined,3,2,follower_1,STRAIGHT_3,NONE,TRACK,1.5728537364401756,0.5746605231733379,0.07285373644017556,1.56243124492369,0.8125740695166715,0.10000000000000142,0.3454592693295081,0.031055033669772355,2.1492059791932725,0,11.867965698242188
45.85628126799929,combined,3,3,follower_2,STRAIGHT_3,NONE,TRACK,1.6503562023671714,0.7821743747374962,0.1503562023671714,1.5943380485932537,1.1938514768283641,0.030000000000001137,0.3570599212809848,0.04664756010672909,2.2172095361006523,0,5.763384819030762
46.056186451998656,combined,3,1,leader,STRAIGHT_3,NONE,TRACK,1.5206596824661298,0.15952587938261756,0.020659682466129814,1.5723646490818577,0.18837136186863665,0.10000000000000142,0.36192843579597134,0.007099807864285139,2.1005018106634976,0,16.254188537597656
46.056186451998656,combined,3,2,follower_1,STRAIGHT_3,NONE,TRACK,1.571452133457952,0.5727771355022273,0.0714521334579521,1.56910585882292,0.7899872591163053,0.03499999999999659,0.3616169181224085,0.03018900049172424,2.1480063683835184,0,14.875134468078613
46.056186451998656,combined,3,3,follower_2,STRAIGHT_3,NONE,TRACK,1.6457635834905895,0.8499244498761909,0.1457635834905895,1.5966036401971349,1.2472300492898827,0.03499999999999659,0.3722485302717214,0.04846184095707834,2.212981493765274,0,9.24942398071289
46.25552234099814,combined,3,1,leader,STRAIGHT_3,NONE,TRACK,1.518458555010941,0.1550347018026678,0.01845855501094107,1.5709181122563827,0.18574451334404876,0.10500000000000398,0.3610087974633668,0.0070354109095805955,2.09831359542416,0,16.836833953857422
46.25552234099814,combined,3,2,follower_1,STRAIGHT_3,NONE,TRACK,1.5687730109879046,0.5556873164713132,0.06877301098790456,1.5717988496605158,0.7890312093521111,0.035000000000003695,0.3699143949551813,0.030157280724903042,2.145534199752787,0,15.09652042388916
46.25552234099814,combined,3,3,follower_2,STRAIGHT_3,NONE,TRACK,1.640447040308458,0.8267506877247845,0.1404470403084579,1.5958754343385533,1.427910912095725,0.03999999999999915,0.3799979836941465,0.055675412916221655,2.2080589735069145,0,7.941554069519043
46.45615363699835,combined,3,1,leader,STRAIGHT_3,NONE,TRACK,1.516740450248465,0.1434492762124679,0.016740450248464933,1.5694470151151247,0.17454168359293448,0.1699999999999946,0.3596126344955969,0.006612589033862109,2.0966068752999942,0,13.244874000549316
46.45615363699835,combined,3,2,follower_1,STRAIGHT_3,NONE,TRACK,1.5652437525726448,0.522586175579559,0.06524375257264481,1.5719331728493993,0.8033298106815414,0.03999999999999915,0.37220634812283865,0.030749777265607084,2.1421859568213626,0,14.081809997558594
46.45615363699835,combined,3,3,follower_2,STRAIGHT_3,NONE,TRACK,1.6356047055133058,0.7980110289262718,0.13560470551330583,1.5935375232063902,1.487368081431216,0.09999999999999432,0.38295567455361507,0.05757077031927971,2.2035789848467155,0,12.536578178405762
46.65578848899895,combined,3,1,leader,STRAIGHT_3,NONE,TRACK,1.515383721501616,0.1338685841593385,0.015383721501615932,1.5677215460984892,0.19155180661873128,0.10999999999999943,0.3572593729794984,0.007315424135196674,2.0952613466910655,0,10.93089771270752
46.65578848899895,combined,3,2,follower_1,STRAIGHT_3,NONE,TRACK,1.5611424116568149,0.4937380788682401,0.06114241165681489,1.571547014026418,0.7856247004539914,0.10499999999999687,0.3730688377264081,0.02999400249578902,2.138269335612776,0,14.976296424865723
46.65578848899895,combined,3,3,follower_2,STRAIGHT_3,NONE,TRACK,1.6317299468091322,0.794287354868493,0.1317299468091322,1.5906671305740336,1.4070515767844387,0.10499999999999687,0.383963251365871,0.05405002027940435,2.200098831196881,0,7.180025100708008
46.85555413199836,combined,3,1,leader,STRAIGHT_3,NONE,TRACK,1.5145792298892808,0.12806286661634897,0.014579229889280843,1.5660700924484536,0.16562482811867044,0.045000000000001705,0.35466286719647583,0.006277711952104613,2.094465919621715,0,7.419858932495117
46.85555413199836,combined,3,2,follower_1,STRAIGHT_3,NONE,TRACK,1.5576574273380261,0.48725155537318476,0.057657427338026146,1.5695528366283125,0.7075667313095441,0.045000000000001705,0.369900754808254,0.026851877300747572,2.134938450595918,0,10.731382369995117
46.85555413199836,combined,3,3,follower_2,STRAIGHT_3,NONE,TRACK,1.6291474471596403,0.8036936727934698,0.12914744715964033,1.5809765037725265,1.3628557161449726,0.035000000000003695,0.36704108868943286,0.05212436450672578,2.1978785596119783,0,8.85619831085205
47.05552960999921,combined,3,1,leader,STRAIGHT_3,NONE,TRACK,1.5139160889585015,0.12640884852205492,0.013916088958501494,1.5650761000574613,0.15033276692959874,0.03999999999999915,0.3532650865837103,0.005641216442017181,2.0938122219538142,0,12.436716079711914
47.05552960999921,combined,3,2,follower_1,STRAIGHT_3,NONE,TRACK,1.5540074944436033,0.48530570469153755,0.05400749444360331,1.5682433517248824,0.6765920282166787,0.045000000000001705,0.36798960357975874,0.025654886889593612,2.1314565675493613,0,13.487051963806152
47.05552960999921,combined,3,3,follower_2,STRAIGHT_3,NONE,TRACK,1.623678079365361,0.81809588867369,0.1236780793653609,1.5837997695217316,1.2875796589425768,0.03999999999999915,0.37903622345177324,0.04902767399964188,2.1928190269508585,0,9.882811546325684
47.25559717299984,combined,3,1,leader,STRAIGHT_3,NONE,TRACK,1.5134103484018375,0.12200513810124082,0.013410348401837524,1.5643653765845797,0.14613219148897275,0.05000000000000426,0.3523412621815462,0.005520238557170276,2.0933157628507515,0,18.559587478637695
47.25559717299984,combined,3,2,follower_1,STRAIGHT_3,NONE,TRACK,1.5512822528918517,0.47601849336122626,0.05128225289185173,1.5659685841707884,0.6671112282772493,0.05000000000000426,0.3633974061903615,0.02536184641649618,2.128898808141576,0,13.314457893371582
47.25559717299984,combined,3,3,follower_2,STRAIGHT_3,NONE,TRACK,1.6162133175210065,0.7934535316730235,0.1162133175210065,1.5830135453226706,1.2794805423645976,0.03999999999999915,0.38230203701954746,0.04880671626743046,2.1857688109768634,0,14.696748733520508
47.45565955499842,combined,3,1,leader,STRAIGHT_3,NONE,TRACK,1.513078799462397,0.11944346153270861,0.013078799462397095,1.5638275695723132,0.1457277934296596,0.03999999999999915,0.35167921539307156,0.005534828333441861,2.0929912160396795,0,13.443191528320312
47.45565955499842,combined,3,2,follower_1,STRAIGHT_3,NONE,TRACK,1.5498538201221115,0.46330129419494354,0.04985382012211148,1.5635216265655123,0.6514679975965066,0.03999999999999915,0.35783823662754033,0.02477714401654874,2.127600809379874,0,13.439016342163086
47.45565955499842,combined,3,3,follower_2,STRAIGHT_3,NONE,TRACK,1.6099038597059177,0.7710501354258265,0.10990385970591765,1.580405298690491,1.2846333772724303,0.03999999999999915,0.3806687940729012,0.049047221298185166,2.1797804826694644,0,11.966357231140137
47.65641140799926,combined,3,1,leader,STRAIGHT_3,NONE,TRACK,1.4702227704133368,0.16677432556298954,-0.02977722958666318,1.5635726175009903,0.1334610854932211,0.03999999999999915,0.3516212088804456,0.005050561332230682,2.050157659879944,0,22.301063537597656
47.65641140799926,combined,3,2,follower_1,STRAIGHT_3,NONE,TRACK,1.547756541747793,0.4436299283176168,0.04775654174779298,1.562705205520424,0.6413029159038421,0.03999999999999915,0.3558997815084005,0.024417816991206577,2.125639577751372,0,14.935916900634766
47.65641140799926,combined,3,3,follower_2,STRAIGHT_3,NONE,TRACK,1.603837592826822,0.7518542770150076,0.10383759282682203,1.5765293099431594,1.2340430374480866,0.03499999999999659,0.37490493048535445,0.046977683465484366,2.174069895733973,0,11.848533630371094
47.85619989599945,combined,3,1,leader,COMPLETE,NONE,TRACK,1.4105031239349792,0.10103161341562089,-0.08949687606502077,1.5585000114508107,0.16740988535472096,0.054999999999999716,0.33885671689332375,0.006509584293035933,1.9904391251023463,0,11.072307586669922
47.85619989599945,combined,3,2,follower_1,COMPLETE,NONE,TRACK,1.5375860108905035,0.4015217601693694,0.03758601089050351,1.5627334668237047,0.6255478765474222,0.12000000000000455,0.3559340165650155,0.023820933380943796,2.115577442194875,0,7.477924823760986
47.85619989599945,combined,3,3,follower_2,COMPLETE,NONE,TRACK,1.5992257315069167,0.7307067882475359,0.09922573150691671,1.5734093331884171,1.2326638545121409,0.045000000000001705,0.37017696268457356,0.047012837807070953,2.169794150472537,0,11.386966705322266
48.05567040800088,combined,3,1,leader,COMPLETE,NONE,TRACK,1.3682519779461968,0.02658204595163683,-0.1317480220538032,1.525239538291278,0.12767494921265815,0.054999999999999716,0.2514855595720809,0.004791714704807226,1.9481883329596208,0,9.195980072021484
48.05567040800088,combined,3,2,follower_1,COMPLETE,NONE,TRACK,1.511975621428567,0.2920985509244986,0.011975621428566896,1.5628302598671708,0.5851527215356782,0.10999999999999943,0.35615072495804484,0.022240730676197966,2.0900349812265073,0,19.66944694519043
48.05567040800088,combined,3,3,follower_2,COMPLETE,NONE,TRACK,1.5939522253651681,0.6879127508829878,0.09395222536516812,1.5705513478437092,1.1998446673586602,0.045000000000001705,0.3654922967061698,0.04569119922443039,2.164844690722925,0,12.130101203918457
48.25569617899964,combined,3,1,leader,COMPLETE,NONE,TRACK,1.348766783851689,-0.018145150836189512,-0.15123321614831098,1.4969000461400264,0.1338580468315356,0.12000000000000455,0.17425091576922877,0.005099485580213644,1.9287027967442991,0,9.525484085083008
48.25569617899964,combined,3,2,follower_1,COMPLETE,NONE,TRACK,1.4689737273914185,0.1212364398776974,-0.031026272608581484,1.553441720084674,0.5407842897984665,0.054999999999999716,0.33196547827049194,0.020443009934522957,2.047069592050896,0,8.550101280212402
48.25569617899964,combined,3,3,follower_2,COMPLETE,NONE,TRACK,1.5848495303847263,0.5800050903896837,0.08484953038472631,1.5679356619966593,1.2213273065930856,0.10999999999999943,0.36071647461234857,0.04668408450271416,2.1560551186862043,0,16.022348403930664
48.45557294600076,combined,3,1,leader,COMPLETE,NONE,TRACK,1.347549922653303,0.0021261697269792956,-0.15245007734669702,1.4355024081168983,-0.012052591337246482,0.04999999999999716,0.013474807426665993,-0.0008587083850694963,1.927485949893471,0,13.273774147033691
48.45557294600076,combined,3,2,follower_1,COMPLETE,NONE,TRACK,1.4223433835576533,-0.024418620377551867,-0.07765661644234667,1.5320994746856618,0.3778716772207055,0.0449999999999946,0.27604780551290337,0.013820625757716599,2.000461143221393,0,11.62218189239502
48.45557294600076,combined,3,3,follower_2,COMPLETE,NONE,TRACK,1.5629093192648456,0.35799287810316693,0.06290931926484555,1.5615714093630044,1.213012299147404,0.0449999999999946,0.34600989569084595,0.04635296290727115,2.134417613506529,0,7.314479827880859
48.657396752998466,combined,3,1,leader,COMPLETE,NONE,TRACK,1.3475497018767046,0.019337706787212538,-0.15245029812329536,1.4261839505042402,-0.0468687724676301,0.134999999999998,0.0,-0.0021313192778904446,1.9274857162812749,0,6.920464038848877
48.657396752998466,combined,3,2,follower_1,COMPLETE,NONE,TRACK,1.3881455922641592,-0.0857389630948214,-0.11185440773584077,1.496125499820561,0.17661283800511957,0.06499999999999773,0.1791142233572684,0.005823902362132679,1.9662758734305759,0,6.607036113739014
48.657396752998466,combined,3,3,follower_2,COMPLETE,NONE,TRACK,1.537894873420673,0.06363899017466232,0.03789487342067299,1.5584907088419333,1.1560125289822325,0.18500000000000227,0.33860817974379254,0.044100731287371436,2.1096728215098737,0,7.314479827880859
48.85784845699891,combined,3,1,leader,COMPLETE,NONE,TRACK,1.3475497438396145,0.01777626998856433,-0.15245025616038554,1.4097475926849652,-0.010490042111412155,0.07500000000000284,0.0,-0.0005298201782730726,1.9274857602591933,0,15.8294038772583
48.85784845699891,combined,3,2,follower_1,COMPLETE,NONE,PREDICT,1.3777307886694756,-0.15815502953147917,-0.12226921133052437,1.50619111126275,0.13338959715617238,0.26500000000000057,0.10321849619572092,0.004466004202978731,1.9558602354289218,0,8.897133827209473
48.85784845699891,combined,3,3,follower_2,COMPLETE,NONE,TRACK,1.494686801298891,-0.20189470950275787,-0.005313198701109023,1.5372221365984209,0.6878635752521988,0.060000000000002274,0.27761154177101927,0.025562044676492406,2.066509259221863,0,7.135824203491211
49.055714541998896,combined,3,1,leader,COMPLETE,NONE,TRACK,1.3475499572558602,0.013265924911158623,-0.15245004274413976,1.4026116561976307,0.01508945302438725,0.05999999999999517,0.0,0.0005744279260555634,1.927485978519801,0,18.832319259643555
49.055714541998896,combined,3,2,follower_1,COMPLETE,NONE,TRACK,1.3777333963436338,-0.1927433984110508,-0.12226660365636621,1.4264649458460392,0.09771683229319332,0.054999999999999716,0.0,0.003206673295431082,1.9558600445084096,0,12.329814910888672
49.055714541998896,combined,3,3,follower_2,COMPLETE,NONE,TRACK,1.4617466049675563,-0.3562764477818703,-0.03825339503244374,1.5134630343952526,0.4321185261194697,0.05999999999999517,0.2190328284415353,0.01554512589049701,2.033546258140227,0,9.370333671569824
49.25556924400007,combined,3,1,leader,COMPLETE,NONE,TRACK,1.347549695918646,0.0174502892383482,-0.15245030408135407,1.3995630673026467,-0.004624010668841385,0.0799999999999983,0.0,-0.0002480855824345355,1.9274857128737894,0,7.679977893829346
49.25556924400007,combined,3,2,follower_1,COMPLETE,NONE,TRACK,1.3777317185979514,-0.20763425218567894,-0.1222682814020486,1.408901548110714,0.040252187547693156,0.07000000000000028,0.0,0.0010813792710652702,1.9558603493381979,0,13.245955467224121
49.25556924400007,combined,3,3,follower_2,COMPLETE,NONE,TRACK,1.4416907637198813,-0.4048619923824182,-0.05830923628011875,1.4769012308124485,0.1258137853485422,0.06500000000000483,0.12353788216057143,0.0035095083940485995,2.013481765819888,0,7.961950778961182
49.457361092998326,combined,3,1,leader,COMPLETE,NONE,TRACK,1.347549591673476,0.01755043094547638,-0.1524504083265239,1.3987253612505728,-0.007244326537516402,0.07000000000000028,0.0,-0.0003273885872559165,1.9274856085616991,0,6.733006000518799
49.457361092998326,combined,3,2,follower_1,COMPLETE,NONE,TRACK,1.3777319052926407,-0.21460231399466226,-0.12226809470735933,1.4046808141753364,0.022939889742861385,0.19999999999999574,0.0,0.0005737827005096441,1.9558604829941273,0,13.245955467224121
49.457361092998326,combined,3,3,follower_2,COMPLETE,NONE,TRACK,1.437775108276322,-0.4251514925341499,-0.062224891723678066,1.4468394481049471,0.06915789522486962,0.0,0.029789709157058544,0.001800112334601025,2.009559748115561,0,6.0552191734313965
49.65694272899782,combined,3,1,leader,COMPLETE,NONE,TRACK,1.3475495786825957,0.0134926304132564,-0.15245042131740427,1.3995091447335677,0.0162694447211897,0.015000000000000568,0.0,0.0006507888791396853,1.9274856000859442,0,6.413957118988037
49.65694272899782,combined,3,2,follower_1,COMPLETE,NONE,TRACK,1.377734163727852,-0.221718570716235,-0.12226583627214804,1.397379261482175,0.018865821549807513,0.005000000000002558,0.0,0.0005400641305436286,1.9558604998676532,0,11.564977645874023
49.65694272899782,combined,3,3,follower_2,COMPLETE,NONE,TRACK,1.4377823453841319,-0.42967436449449253,-0.062217654615868145,1.4302649102437461,0.018525024201673616,0.04999999999999716,0.0,0.00012587370033039988,2.009559861080725,0,10.376913070678711
49.855686332000914,combined,3,1,leader,COMPLETE,NONE,TRACK,1.3475495994887803,0.017461079350551093,-0.15245040051121972,1.399948395897539,-0.005847609214807415,0.020000000000003126,0.0,-0.0002894931248161472,1.927485616425442,0,6.21980619430542
49.855686332000914,combined,3,2,follower_1,COMPLETE,NONE,PREDICT,1.3777320737850138,-0.22459922811858452,-0.12226792621498617,1.3945353615029767,0.010582650099509835,0.2050000000000054,0.0,0.0002798406247768295,1.9558604504041526,0,11.564977645874023
49.855686332000914,combined,3,3,follower_2,COMPLETE,NONE,TRACK,1.4377865911873784,-0.43613281934891907,-0.06221340881262161,1.424082144279666,0.017839485314684777,0.07500000000000284,0.0,0.0003251252400804849,2.0095599735152607,0,6.389362812042236
