wall_elapsed_s,sim_time_s,follower_index,stage,source_stamp_s,latency_ms,valid_measurement
1.814975191,0.0,2,controller_to_actual_cmd,,0.529089,
1.865268973,0.0,2,controller_to_actual_cmd,,0.624451,
1.8654397210000002,0.0,2,control_period,0.1,50.0,
1.917358689,0.0,2,controller_to_actual_cmd,,0.445969,
1.9175967310000002,0.0,2,control_period,0.15000000000000002,50.000000000000014,
1.9661906630000001,0.0,2,control_period,0.2,49.999999999999986,
1.967685549,0.0,2,controller_to_actual_cmd,,2.7099699999999998,
2.014582202,0.0,2,control_period,0.25,49.999999999999986,
2.015189174,0.0,2,controller_to_actual_cmd,,0.725811,
2.065003322,0.0,2,control_period,0.30000000000000004,50.00000000000004,
2.0654331790000002,0.0,2,controller_to_actual_cmd,,0.9017569999999999,
2.116243185,0.0,2,controller_to_actual_cmd,,0.606023,
2.116348376,0.0,2,control_period,0.35000000000000003,49.999999999999986,
2.1651836810000002,0.0,2,controller_to_actual_cmd,,0.554326,
2.1652654520000003,0.0,2,control_period,0.4,49.999999999999986,
2.214708372,0.0,2,controller_to_actual_cmd,,0.520551,
2.2148402280000004,0.0,2,control_period,0.45,49.999999999999986,
2.2651598130000004,0.0,2,controller_to_actual_cmd,,0.6575829999999999,
2.2653034130000003,0.0,2,control_period,0.5,49.999999999999986,
2.317842857,0.0,2,controller_to_actual_cmd,,1.759404,
2.3180175060000003,0.0,2,control_period,0.55,50.00000000000004,
2.365703151,0.0,2,controller_to_actual_cmd,,0.983788,
2.365894174,0.0,2,control_period,0.6000000000000001,50.00000000000004,
2.4152678990000003,0.0,2,controller_to_actual_cmd,,0.748935,
2.415414467,0.0,2,control_period,0.65,49.999999999999936,
2.465617013,0.0,2,controller_to_actual_cmd,,0.7659659999999999,
2.465772586,0.0,2,control_period,0.7000000000000001,50.00000000000004,
2.5154034160000003,0.0,2,control_period,0.75,49.999999999999936,
2.516048193,0.0,2,controller_to_actual_cmd,,0.800982,
2.566029425,0.0,2,controller_to_actual_cmd,,0.9059969999999999,
2.566215531,0.0,2,control_period,0.8,50.00000000000004,
2.615425742,0.0,2,controller_to_actual_cmd,,0.717498,
2.615621491,0.0,2,control_period,0.8500000000000001,50.00000000000004,
2.665552458,0.0,2,controller_to_actual_cmd,,0.716615,
2.6657136620000004,0.0,2,control_period,0.9,49.999999999999936,
2.715178571,0.0,2,controller_to_actual_cmd,,0.430867,
2.715311411,0.0,2,control_period,0.9500000000000001,50.00000000000004,
2.767017124,0.0,2,controller_to_actual_cmd,,0.085161,
2.767163807,0.0,2,control_period,1.0,49.999999999999936,
2.815037928,0.0,2,controller_to_actual_cmd,,0.514363,
2.815133963,0.0,2,control_period,1.05,50.00000000000004,
2.8655135890000003,0.0,2,controller_to_actual_cmd,,0.659779,
2.865669871,0.0,2,control_period,1.1,50.00000000000004,
3.205142237,0.0,2,control_period,1.15,49.99999999999982,
3.2060291110000003,1.4400000000000002,2,control_period,1.2,50.00000000000004,
3.206552646,1.4400000000000002,2,control_period,1.25,50.00000000000004,
3.2072433260000004,1.4400000000000002,2,control_period,1.3,50.00000000000004,
3.208059591,1.4400000000000002,2,control_period,1.35,50.00000000000004,
3.209029269,1.4400000000000002,2,control_period,1.4,49.99999999999982,
3.209158388,1.4400000000000002,3,controller_to_actual_cmd,,0.9736969999999999,
3.2113774430000004,1.445,1,controller_to_actual_cmd,,0.750972,
3.215993081,1.4500000000000002,1,controller_to_actual_cmd,,0.062032,
3.216100255,1.4500000000000002,1,control_period,1.45,4.999999999999893,
3.2161983390000004,1.4500000000000002,2,control_period,1.45,50.00000000000004,
3.216365815,1.4500000000000002,3,controller_to_actual_cmd,,0.034401999999999995,
3.2164172090000003,1.4500000000000002,3,control_period,1.45,10.000000000000009,
3.2663464990000004,1.5,1,controller_to_actual_cmd,,0.09243799999999999,
3.26651449,1.5,1,control_period,1.5,50.00000000000004,
3.2667232090000002,1.5,3,controller_to_actual_cmd,,0.085266,
3.266852076,1.5,3,control_period,1.5,50.00000000000004,
3.2705182870000002,1.5050000000000001,2,control_period,1.5,50.00000000000004,
3.2793761640000003,1.5150000000000001,2,controller_to_actual_cmd,,9.014088,
3.3154417150000004,1.55,1,control_period,1.55,50.00000000000004,
3.3160004180000002,1.55,1,controller_to_actual_cmd,,1.230734,
3.3162455480000004,1.55,3,control_period,1.55,50.00000000000004,
3.3167361900000003,1.55,2,controller_to_actual_cmd,,0.643879,
3.3168495200000003,1.55,2,control_period,1.55,50.00000000000004,
3.3169031990000004,1.55,3,controller_to_actual_cmd,,0.7559089999999999,
3.367172855,1.6,2,control_period,1.6,50.00000000000004,
3.367268193,1.6,3,controller_to_actual_cmd,,1.18942,
3.36732426,1.6,3,control_period,1.6,50.00000000000004,
3.3677455220000003,1.6,1,controller_to_actual_cmd,,1.733169,
3.3681136100000004,1.6,1,control_period,1.6,50.00000000000004,
3.3688458220000004,1.6,2,controller_to_actual_cmd,,2.2892319999999997,
3.415018576,1.6500000000000001,1,control_period,1.65,49.99999999999982,
3.415143193,1.6500000000000001,3,controller_to_actual_cmd,,0.049628,
3.415208889,1.6500000000000001,3,control_period,1.65,49.99999999999982,
3.415663372,1.6500000000000001,1,controller_to_actual_cmd,,0.710321,
3.415773964,1.6500000000000001,2,controller_to_actual_cmd,,0.033782,
3.4158320430000004,1.6500000000000001,2,control_period,1.65,49.99999999999982,
3.465663999,1.7000000000000002,2,control_period,1.7000000000000002,50.00000000000027,
3.4658957260000003,1.7000000000000002,3,control_period,1.7000000000000002,50.00000000000027,
3.466683118,1.7000000000000002,1,controller_to_actual_cmd,,0.09772299999999999,
3.4668427380000004,1.7000000000000002,1,control_period,1.7000000000000002,50.00000000000027,
3.466963606,1.7000000000000002,2,controller_to_actual_cmd,,1.447536,
3.4670597520000004,1.7000000000000002,3,controller_to_actual_cmd,,1.263935,
3.516642768,1.75,1,control_period,1.75,49.99999999999982,
3.51833089,1.75,1,controller_to_actual_cmd,,2.625216,
3.518885113,1.75,2,control_period,1.75,49.99999999999982,
3.519021748,1.75,3,controller_to_actual_cmd,,2.178827,
3.519157217,1.75,3,control_period,1.75,49.99999999999982,
3.5211243860000003,1.7550000000000001,2,controller_to_actual_cmd,,2.3953889999999998,
3.5677643540000004,1.8,1,controller_to_actual_cmd,,0.9991979999999999,
3.5679306590000004,1.8,2,control_period,1.8,50.00000000000004,
3.568056862,1.8,3,controller_to_actual_cmd,,1.090811,
3.568186482,1.8,3,control_period,1.8,50.00000000000004,
3.569001531,1.8,1,control_period,1.8,50.00000000000004,
3.5691563000000004,1.8,2,controller_to_actual_cmd,,2.281471,
3.616016123,1.85,1,controller_to_actual_cmd,,0.088263,
3.616159069,1.85,1,control_period,1.85,50.00000000000004,
3.616359611,1.85,3,control_period,1.85,50.00000000000004,
3.6171028450000002,1.85,2,controller_to_actual_cmd,,0.08050199999999999,
3.6172347670000002,1.85,2,control_period,1.85,50.00000000000004,
3.6178874110000003,1.85,3,controller_to_actual_cmd,,1.6213739999999999,
3.666992484,1.9000000000000001,1,controller_to_actual_cmd,,0.095706,
3.6671479760000003,1.9000000000000001,1,control_period,1.9,49.99999999999982,
3.667346777,1.9000000000000001,2,control_period,1.9,49.99999999999982,
3.667541002,1.9000000000000001,3,controller_to_actual_cmd,,0.09332599999999999,
3.6676521940000004,1.9000000000000001,3,control_period,1.9,49.99999999999982,
3.668341926,1.9000000000000001,2,controller_to_actual_cmd,,1.092031,
3.7176016680000004,1.9500000000000002,1,controller_to_actual_cmd,,0.08668,
3.7177709350000003,1.9500000000000002,2,controller_to_actual_cmd,,0.056137,
3.7178955200000003,1.9500000000000002,2,control_period,1.9500000000000002,50.00000000000027,
3.7180260960000004,1.9500000000000002,3,controller_to_actual_cmd,,0.052343999999999995,
3.718129309,1.9500000000000002,3,control_period,1.9500000000000002,50.00000000000027,
3.71890403,1.9500000000000002,1,control_period,1.9500000000000002,50.00000000000027,
3.7670991220000003,2.0,2,control_period,2.0,49.99999999999982,
3.7672942000000003,2.0,3,control_period,2.0,49.99999999999982,
3.7681016290000002,2.0,2,controller_to_actual_cmd,,1.152148,
3.7706380050000003,2.0,3,controller_to_actual_cmd,,3.421281,
3.7810769270000004,2.0050000000000003,1,control_period,2.0,49.99999999999982,
3.781965903,2.015,1,controller_to_actual_cmd,,1.095431,
3.8150843,2.0500000000000003,2,controller_to_actual_cmd,,0.04942,
3.8151938800000003,2.0500000000000003,2,control_period,2.05,49.99999999999982,
3.8161633910000003,2.0500000000000003,1,controller_to_actual_cmd,,0.047817,
3.816255336,2.0500000000000003,1,control_period,2.05,49.99999999999982,
3.818305919,2.0500000000000003,3,control_period,2.05,49.99999999999982,
3.819417005,2.0500000000000003,3,controller_to_actual_cmd,,1.238191,
3.8675334980000002,2.1,1,control_period,2.1,50.00000000000027,
3.867773033,2.1,2,control_period,2.1,50.00000000000027,
3.867970671,2.1,3,controller_to_actual_cmd,,0.086118,
3.8680940140000004,2.1,3,control_period,2.1,50.00000000000027,
3.869129397,2.105,1,controller_to_actual_cmd,,1.7464009999999999,
3.8709830700000003,2.105,2,controller_to_actual_cmd,,3.317983,
3.9172963930000004,2.1500000000000004,2,controller_to_actual_cmd,,0.03906,
3.9173917560000002,2.1500000000000004,2,control_period,2.15,49.99999999999982,
3.9175345100000003,2.1500000000000004,3,controller_to_actual_cmd,,0.06484999999999999,
3.9176137960000004,2.1500000000000004,3,control_period,2.15,49.99999999999982,
3.918220895,2.1500000000000004,1,controller_to_actual_cmd,,0.068378,
3.9183379040000004,2.1500000000000004,1,control_period,2.15,49.99999999999982,
3.966416698,2.2,1,control_period,2.2,50.00000000000027,
3.9666011580000005,2.2,2,control_period,2.2,50.00000000000027,
3.967238807,2.2,1,controller_to_actual_cmd,,0.92389,
3.9708219490000003,2.2,3,control_period,2.2,50.00000000000027,
3.9722469910000004,2.205,3,controller_to_actual_cmd,,3.3814659999999996,
3.973776007,2.205,2,controller_to_actual_cmd,,7.242083,
4.006746509,2.24,3,detector_inference,,2083.904296875,
4.0155311430000005,2.245,2,control_period,2.25,49.99999999999982,
4.018829129,2.25,1,controller_to_actual_cmd,,0.074393,
4.018978236000001,2.25,1,control_period,2.25,49.99999999999982,
4.019080339,2.25,2,controller_to_actual_cmd,,4.00033,
4.019169519,2.25,3,measurement_to_controller_cmd,,12.531868999999999,True
4.019255038,2.25,3,controller_to_actual_cmd,,0.085519,
4.019359553,2.25,3,control_period,2.25,49.99999999999982,
4.026065968,2.2600000000000002,3,camera_to_measurement,1.7850000000000001,438.382879,True
4.026221929,2.2600000000000002,3,detector_inference,,12.35862922668457,
4.058384703000001,2.29,3,detector_inference,,27.41320037841797,
4.066045175,2.3000000000000003,2,control_period,2.3,49.99999999999982,
4.066145287,2.3000000000000003,3,measurement_to_controller_cmd,,7.034250999999999,True
4.066217047,2.3000000000000003,3,controller_to_actual_cmd,,0.07175999999999999,
4.066299002,2.3000000000000003,3,control_period,2.3,49.99999999999982,
4.0674556410000005,2.3000000000000003,2,controller_to_actual_cmd,,1.533012,
4.068387927,2.3000000000000003,1,control_period,2.3,49.99999999999982,
4.069169185000001,2.3000000000000003,1,controller_to_actual_cmd,,0.9364309999999999,
4.076061056,2.31,3,detector_inference,,13.140605926513672,
4.076637242,2.31,3,camera_to_measurement,1.985,288.690809,True
4.086557613,2.3200000000000003,2,detector_inference,,2039.161376953125,
4.0874264160000005,2.3200000000000003,2,camera_to_measurement,0.265,2045.792005,True
4.0887479650000005,2.3200000000000003,3,camera_to_measurement,2.115,176.827376,True
4.088906998000001,2.3200000000000003,3,detector_inference,,9.446223258972168,
4.1060345400000005,2.3400000000000003,1,detector_inference,,2192.508544921875,
4.106326859,2.3400000000000003,2,detector_inference,,11.970335006713867,
4.106455354,2.3400000000000003,3,camera_to_measurement,2.18,119.907856,True
4.106826145,2.3400000000000003,3,detector_inference,,12.359284400939941,
4.116424516,2.35,1,measurement_to_controller_cmd,,6.1941489999999995,True
4.11724259,2.35,1,controller_to_actual_cmd,,0.818074,
4.117377377,2.35,2,measurement_to_controller_cmd,,11.149174,True
4.117452023,2.35,3,measurement_to_controller_cmd,,10.996668999999999,True
4.118202214,2.35,1,control_period,2.35,50.00000000000027,
4.120921942,2.35,2,controller_to_actual_cmd,,3.544565,
4.121117496,2.35,2,control_period,2.35,50.00000000000027,
4.121636626,2.355,3,controller_to_actual_cmd,,4.184603,
4.121726933000001,2.355,3,control_period,2.35,50.00000000000027,
4.122181546,2.355,2,detector_inference,,13.181317329406738,
4.1266026590000005,2.3600000000000003,1,detector_inference,,13.53203296661377,
4.127151306,2.3600000000000003,1,camera_to_measurement,1.52,828.268887,True
4.14084288,2.375,2,detector_inference,,14.573616981506348,
4.141444357,2.375,1,camera_to_measurement,1.655,708.864189,True
4.141566594,2.375,1,detector_inference,,10.949298858642578,
4.141676673,2.375,2,camera_to_measurement,2.05,302.25713099999996,True
4.155049509,2.3850000000000002,2,detector_inference,,10.85135269165039,
4.156286447,2.39,1,camera_to_measurement,1.7200000000000002,658.568571,True
4.156423993000001,2.39,1,detector_inference,,10.898226737976074,
4.15665158,2.39,2,camera_to_measurement,2.115,253.779386,True
4.165832397,2.4000000000000004,1,measurement_to_controller_cmd,,9.54595,True
4.165916167000001,2.4000000000000004,2,measurement_to_controller_cmd,,9.264586999999999,True
4.167261832,2.4000000000000004,1,control_period,2.4,49.99999999999982,
4.167391198000001,2.4000000000000004,2,control_period,2.4,49.99999999999982,
4.167497095,2.4000000000000004,3,control_period,2.4,49.99999999999982,
4.1679638500000005,2.4000000000000004,1,controller_to_actual_cmd,,2.131453,
4.168029845,2.4000000000000004,2,controller_to_actual_cmd,,2.1136779999999997,
4.168090235,2.4000000000000004,3,controller_to_actual_cmd,,2.112438,
4.170871568,2.4050000000000002,2,detector_inference,,11.188987731933594,
4.17740694,2.41,1,camera_to_measurement,1.85,542.827554,True
4.177537869,2.41,1,detector_inference,,14.907373428344727,
4.192710352000001,2.4250000000000003,2,detector_inference,,18.622106552124023,
4.192806925,2.4250000000000003,3,detector_inference,,12.889350891113281,
4.1933545180000005,2.4250000000000003,1,camera_to_measurement,2.05,363.568452,True
4.193441424,2.4250000000000003,1,detector_inference,,12.024209976196289,
4.206355232,2.44,1,detector_inference,,9.979757308959961,
4.207164715,2.44,1,camera_to_measurement,2.38,46.395554,True
4.214863385,2.45,1,measurement_to_controller_cmd,,7.69867,True
4.214979425,2.45,3,measurement_to_controller_cmd,,21.365292,True
4.215614746,2.45,1,controller_to_actual_cmd,,0.751361,
4.215770305,2.45,1,control_period,2.45,50.00000000000027,
4.215843413,2.45,3,controller_to_actual_cmd,,0.863988,
4.215890604,2.45,3,control_period,2.45,50.00000000000027,
4.216444908000001,2.45,2,measurement_to_controller_cmd,,22.906147999999998,True
4.216547385,2.45,2,control_period,2.45,50.00000000000027,
4.2169282610000005,2.45,2,controller_to_actual_cmd,,0.483353,
4.246803424,2.48,2,detector_inference,,15.674525260925293,
4.247435607,2.48,2,camera_to_measurement,2.445,18.732637999999998,True
4.248077526,2.48,3,camera_to_measurement,2.445,13.872276,True
4.248181759,2.48,3,detector_inference,,10.714095115661621,
4.265397244,2.5,1,controller_to_actual_cmd,,0.09665599999999999,
4.265564466,2.5,1,control_period,2.5,49.99999999999982,
4.265664955,2.5,2,measurement_to_controller_cmd,,18.229347999999998,True
4.265754334,2.5,2,controller_to_actual_cmd,,0.089379,
4.265858720000001,2.5,2,control_period,2.5,49.99999999999982,
4.2659550170000005,2.5,3,measurement_to_controller_cmd,,17.877491,True
4.2665135450000005,2.5,3,controller_to_actual_cmd,,0.558528,
4.266617117,2.5,3,control_period,2.5,49.99999999999982,
4.292920328,2.5250000000000004,1,detector_inference,,8.06485366821289,
4.300526615,2.535,2,detector_inference,,8.333291053771973,
4.300858657,2.535,2,camera_to_measurement,2.51,10.983577,True
4.315525691,2.5500000000000003,2,measurement_to_controller_cmd,,14.667034,True
4.316011757,2.5500000000000003,1,measurement_to_controller_cmd,,22.314370999999998,True
4.316074922,2.5500000000000003,1,controller_to_actual_cmd,,0.063165,
4.316143577,2.5500000000000003,1,control_period,2.55,49.99999999999982,
4.3161866490000005,2.5500000000000003,2,controller_to_actual_cmd,,0.6609579999999999,
4.316232540000001,2.5500000000000003,2,control_period,2.55,49.99999999999982,
4.316342746,2.5500000000000003,3,control_period,2.55,49.99999999999982,
4.3166985470000006,2.5500000000000003,3,controller_to_actual_cmd,,0.404479,
4.357246745,2.5900000000000003,1,detector_inference,,7.689933776855469,
4.366205049,2.6,2,controller_to_actual_cmd,,0.623979,
4.3663234520000005,2.6,2,control_period,2.6,50.00000000000027,
4.366750133,2.6,1,measurement_to_controller_cmd,,9.562156,True
4.366820784000001,2.6,1,control_period,2.6,50.00000000000027,
4.36686189,2.6,3,controller_to_actual_cmd,,0.490241,
4.367159898000001,2.6,1,controller_to_actual_cmd,,0.409765,
4.367211232,2.6,3,control_period,2.6,50.00000000000027,
4.369965294,2.605,2,camera_to_measurement,2.575,18.122127,True
4.3700693180000005,2.605,2,detector_inference,,15.27582836151123,
4.3701376750000005,2.605,3,camera_to_measurement,2.575,14.499347,True
4.370178287,2.605,3,detector_inference,,12.646230697631836,
4.415523504,2.6500000000000004,2,measurement_to_controller_cmd,,45.558209999999995,True
4.4156043700000005,2.6500000000000004,3,measurement_to_controller_cmd,,45.466695,True
4.4160123680000005,2.6500000000000004,1,control_period,2.65,49.99999999999982,
4.416105776,2.6500000000000004,2,control_period,2.65,49.99999999999982,
4.416168733,2.6500000000000004,3,controller_to_actual_cmd,,0.564363,
4.416232396,2.6500000000000004,3,control_period,2.65,49.99999999999982,
4.416699965,2.6500000000000004,2,controller_to_actual_cmd,,1.176461,
4.420343008000001,2.6550000000000002,1,controller_to_actual_cmd,,4.4267769999999995,
4.429937787,2.665,1,camera_to_measurement,2.645,10.774985,True
4.430030737,2.665,1,detector_inference,,8.187666893005371,
4.438795099,2.6700000000000004,2,detector_inference,,12.40965747833252,
4.438947865,2.6700000000000004,3,detector_inference,,7.441691875457764,
4.439731066,2.6700000000000004,2,camera_to_measurement,2.645,16.770744,True
4.439884683000001,2.6700000000000004,3,camera_to_measurement,2.645,11.306600999999999,True
4.465584397000001,2.7,1,measurement_to_controller_cmd,,35.646609999999995,True
4.465727951,2.7,2,measurement_to_controller_cmd,,25.996885,True
4.465880305000001,2.7,2,control_period,2.7,50.00000000000027,
4.465989182,2.7,3,measurement_to_controller_cmd,,26.104499,True
4.4661157750000005,2.7,3,control_period,2.7,50.00000000000027,
4.466754597,2.7,1,controller_to_actual_cmd,,1.1702,
4.466847298,2.7,1,control_period,2.7,50.00000000000027,
4.466922962,2.7,2,controller_to_actual_cmd,,1.195011,
4.466997389,2.7,3,controller_to_actual_cmd,,1.0082069999999999,
4.50052741,2.7350000000000003,1,camera_to_measurement,2.71,16.593401999999998,True
4.500656956,2.7350000000000003,1,detector_inference,,14.422021865844727,
4.501121847,2.7350000000000003,2,camera_to_measurement,2.71,10.739163999999999,True
4.501189372000001,2.7350000000000003,2,detector_inference,,9.815760612487793,
4.515182515,2.75,1,measurement_to_controller_cmd,,14.655104999999999,True
4.515268406000001,2.75,1,control_period,2.75,49.99999999999982,
4.515314368,2.75,2,measurement_to_controller_cmd,,14.192521,True
4.515368208,2.75,2,control_period,2.75,49.99999999999982,
4.515442933,2.75,3,control_period,2.75,49.99999999999982,
4.515960401,2.75,1,controller_to_actual_cmd,,0.777886,
4.516023649,2.75,2,controller_to_actual_cmd,,0.7092809999999999,
4.5160651860000005,2.75,3,controller_to_actual_cmd,,0.658123,
4.562823221,2.7950000000000004,2,camera_to_measurement,2.775,13.039812,True
4.5629002750000005,2.7950000000000004,2,detector_inference,,10.969064712524414,
4.564904224,2.8000000000000003,3,camera_to_measurement,2.775,11.994067,True
4.565015773000001,2.8000000000000003,3,detector_inference,,9.09176254272461,
4.565981372,2.8000000000000003,1,controller_to_actual_cmd,,0.088791,
4.56614124,2.8000000000000003,1,control_period,2.8,49.99999999999982,
4.566250796,2.8000000000000003,2,measurement_to_controller_cmd,,3.427575,True
4.566345095,2.8000000000000003,2,controller_to_actual_cmd,,0.094299,
4.566448235,2.8000000000000003,2,control_period,2.8,49.99999999999982,
4.566552528,2.8000000000000003,3,measurement_to_controller_cmd,,1.648304,True
4.566646508000001,2.8000000000000003,3,control_period,2.8,49.99999999999982,
4.567283335,2.8000000000000003,3,controller_to_actual_cmd,,0.730807,
4.616957254,2.85,1,controller_to_actual_cmd,,0.634856,
4.6170564910000005,2.85,1,control_period,2.85,50.00000000000027,
4.617107098,2.85,2,control_period,2.85,50.00000000000027,
4.617149139,2.85,3,controller_to_actual_cmd,,0.691247,
4.617194358,2.85,3,control_period,2.85,50.00000000000027,
4.6175296800000005,2.85,2,controller_to_actual_cmd,,1.120693,
4.632793866,2.865,3,camera_to_measurement,2.84,10.227561,True
4.632951352,2.865,3,detector_inference,,8.892979621887207,
4.636207218,2.87,2,detector_inference,,15.21065902709961,
4.665666786,2.9000000000000004,1,control_period,2.9,49.99999999999982,
4.665803395,2.9000000000000004,2,measurement_to_controller_cmd,,28.852560999999998,True
4.665922153,2.9000000000000004,2,controller_to_actual_cmd,,0.11875799999999999,
4.666056831000001,2.9000000000000004,2,control_period,2.9,49.99999999999982,
4.6661565540000005,2.9000000000000004,3,measurement_to_controller_cmd,,33.362688,True
4.666248618,2.9000000000000004,3,controller_to_actual_cmd,,0.092064,
4.666345077,2.9000000000000004,3,control_period,2.9,49.99999999999982,
4.667014180000001,2.9000000000000004,1,controller_to_actual_cmd,,1.472499,
4.700164926,2.935,3,detector_inference,,7.321030139923096,
4.700625147,2.935,3,camera_to_measurement,2.9050000000000002,9.395946,True
4.714865024000001,2.95,1,control_period,2.95,50.00000000000027,
4.714987507,2.95,2,control_period,2.95,50.00000000000027,
4.715571001000001,2.95,1,controller_to_actual_cmd,,0.771349,
4.715680709,2.95,2,controller_to_actual_cmd,,0.7416229999999999,
4.71576809,2.95,3,measurement_to_controller_cmd,,15.142942999999999,True
4.715841687,2.95,3,controller_to_actual_cmd,,0.073597,
4.71595407,2.95,3,control_period,2.95,50.00000000000027,
4.759623123,2.995,3,detector_inference,,6.206172943115234,
4.760293042000001,2.995,3,camera_to_measurement,2.975,9.014892999999999,True
4.765941862,3.0,1,controller_to_actual_cmd,,0.6516689999999999,
4.76608195,3.0,1,control_period,3.0,49.99999999999982,
4.766146829,3.0,2,controller_to_actual_cmd,,0.762736,
4.766200755000001,3.0,2,control_period,3.0,49.99999999999982,
4.76623508,3.0,3,measurement_to_controller_cmd,,5.942038,True
4.7662671020000005,3.0,3,controller_to_actual_cmd,,0.032022,
4.766303191,3.0,3,control_period,3.0,49.99999999999982,
4.816492782,3.0500000000000003,2,control_period,3.05,49.99999999999982,
4.817419790000001,3.0500000000000003,1,controller_to_actual_cmd,,0.082854,
4.817590271,3.0500000000000003,1,control_period,3.05,49.99999999999982,
4.817718731,3.0500000000000003,3,controller_to_actual_cmd,,1.08823,
4.817850237,3.0500000000000003,3,control_period,3.05,49.99999999999982,
4.8199089950000005,3.055,2,controller_to_actual_cmd,,4.072149,
4.822191718,3.055,1,detector_inference,,7.456841945648193,
4.8225923790000005,3.055,1,camera_to_measurement,3.04,8.567102,True
4.835980094,3.0700000000000003,2,detector_inference,,13.35285758972168,
4.837629351,3.0700000000000003,3,camera_to_measurement,3.04,12.761185999999999,True
4.837768501,3.0700000000000003,3,detector_inference,,10.7872314453125,
4.86528013,3.1,2,measurement_to_controller_cmd,,28.378854999999998,True
4.8653550160000005,3.1,2,control_period,3.1,50.00000000000027,
4.865406884,3.1,3,measurement_to_controller_cmd,,27.777533,True
4.865479860000001,3.1,3,control_period,3.1,50.00000000000027,
4.865864763,3.1,1,measurement_to_controller_cmd,,43.272383999999995,True
4.865918432,3.1,3,controller_to_actual_cmd,,0.511548,
4.866329734000001,3.1,1,controller_to_actual_cmd,,0.46497099999999997,
4.8663966620000005,3.1,1,control_period,3.1,50.00000000000027,
4.8664380860000005,3.1,2,controller_to_actual_cmd,,1.157956,
4.8977957110000006,3.1300000000000003,2,detector_inference,,11.244595527648926,
4.898696362,3.1300000000000003,2,camera_to_measurement,3.105,12.795171,True
4.899617503,3.1350000000000002,1,camera_to_measurement,3.105,21.012594999999997,True
4.899795128,3.1350000000000002,1,detector_inference,,18.757007598876953,
4.914747882,3.1500000000000004,1,measurement_to_controller_cmd,,15.130379,True
4.914846908,3.1500000000000004,1,control_period,3.15,49.99999999999982,
4.914908638,3.1500000000000004,2,measurement_to_controller_cmd,,16.212276,True
4.91503055,3.1500000000000004,2,control_period,3.15,49.99999999999982,
4.915601911,3.1500000000000004,1,controller_to_actual_cmd,,0.8540289999999999,
4.915675444000001,3.1500000000000004,2,controller_to_actual_cmd,,0.766806,
4.916157993000001,3.1500000000000004,3,controller_to_actual_cmd,,0.426714,
4.916221308,3.1500000000000004,3,control_period,3.15,49.99999999999982,
4.955208172000001,3.1900000000000004,1,camera_to_measurement,3.17,10.965202,True
4.955270269000001,3.1900000000000004,1,detector_inference,,9.530919075012207,
4.958154132000001,3.1900000000000004,3,detector_inference,,6.405585765838623,
4.959097295,3.1950000000000003,3,camera_to_measurement,3.17,9.131205999999999,True
4.965349753,3.2,2,control_period,3.2,50.00000000000027,
4.965870758,3.2,1,measurement_to_controller_cmd,,10.662586,True
4.9659399120000005,3.2,1,controller_to_actual_cmd,,0.069154,
4.966018988,3.2,1,control_period,3.2,50.00000000000027,
4.966061505,3.2,2,controller_to_actual_cmd,,0.801361,
4.966101676,3.2,3,measurement_to_controller_cmd,,7.0043809999999995,True
4.966138681,3.2,3,controller_to_actual_cmd,,0.037004999999999996,
4.966182643000001,3.2,3,control_period,3.2,50.00000000000027,
5.01525947,3.25,1,control_period,3.25,49.99999999999982,
5.015350605,3.25,2,control_period,3.25,49.99999999999982,
5.015437074,3.25,3,control_period,3.25,49.99999999999982,
5.015840431,3.25,1,controller_to_actual_cmd,,0.661544,
5.016458741,3.25,2,controller_to_actual_cmd,,1.143362,
5.016533282,3.25,3,controller_to_actual_cmd,,1.145356,
5.029922268,3.265,2,camera_to_measurement,3.235,16.825129,True
5.030011025,3.265,2,detector_inference,,13.499418258666992,
5.03017701,3.265,3,detector_inference,,9.664177894592285,
5.0307859630000005,3.265,1,camera_to_measurement,3.235,19.765756,True
5.030863462,3.265,1,detector_inference,,17.53108787536621,
5.065222231,3.3000000000000003,1,measurement_to_controller_cmd,,34.436268,True
5.065309930000001,3.3000000000000003,1,controller_to_actual_cmd,,0.087699,
5.0654158350000005,3.3000000000000003,1,control_period,3.3,49.99999999999982,
5.065554575,3.3000000000000003,3,measurement_to_controller_cmd,,35.438654,True
5.065686675,3.3000000000000003,3,controller_to_actual_cmd,,0.1321,
5.065803487,3.3000000000000003,3,control_period,3.3,49.99999999999982,
5.06619756,3.3000000000000003,2,measurement_to_controller_cmd,,36.275292,True
5.066252339,3.3000000000000003,2,controller_to_actual_cmd,,0.054778999999999994,
5.0663051370000005,3.3000000000000003,2,control_period,3.3,49.99999999999982,
5.097793719,3.33,1,camera_to_measurement,3.305,18.876072999999998,True
5.097913881,3.33,1,detector_inference,,16.843015670776367,
5.098644205,3.33,2,detector_inference,,12.849311828613281,
5.0987338950000005,3.33,3,detector_inference,,10.036070823669434,
5.09943562,3.33,2,camera_to_measurement,3.305,14.677303,True
5.099535275,3.33,3,camera_to_measurement,3.305,11.374862,True
5.115539184,3.35,1,measurement_to_controller_cmd,,17.745465,True
5.1156319450000005,3.35,1,control_period,3.35,50.00000000000027,
5.115671461000001,3.35,2,measurement_to_controller_cmd,,16.235841,True
5.1157061310000005,3.35,2,controller_to_actual_cmd,,0.03467,
5.115744692000001,3.35,2,control_period,3.35,50.00000000000027,
5.115779252,3.35,3,measurement_to_controller_cmd,,16.243977,True
5.11581125,3.35,3,controller_to_actual_cmd,,0.031998,
5.115849014,3.35,3,control_period,3.35,50.00000000000027,
5.116134403,3.35,1,controller_to_actual_cmd,,0.5952189999999999,
5.159392372,3.395,1,detector_inference,,16.04472541809082,
5.159466774,3.395,2,detector_inference,,10.568184852600098,
5.160661301,3.395,1,camera_to_measurement,3.37,19.42956,True
5.160792934000001,3.395,2,camera_to_measurement,3.37,14.642239,True
5.165415245,3.4000000000000004,1,measurement_to_controller_cmd,,4.753944,True
5.165840375,3.4000000000000004,1,controller_to_actual_cmd,,0.42513,
5.165971359,3.4000000000000004,1,control_period,3.4,49.99999999999982,
5.166023554000001,3.4000000000000004,2,measurement_to_controller_cmd,,5.23062,True
5.1660843530000005,3.4000000000000004,2,control_period,3.4,49.99999999999982,
5.166149590000001,3.4000000000000004,3,camera_to_measurement,3.37,17.453927,True
5.166205923000001,3.4000000000000004,3,detector_inference,,15.324386596679688,
5.166253528,3.4000000000000004,3,measurement_to_controller_cmd,,0.10393799999999999,True
5.166297935,3.4000000000000004,3,control_period,3.4,49.99999999999982,
5.166651522,3.4000000000000004,2,controller_to_actual_cmd,,0.627968,
5.166701858000001,3.4000000000000004,3,controller_to_actual_cmd,,0.44833,
5.216371916,3.45,1,control_period,3.45,50.00000000000027,
5.216534431,3.45,2,control_period,3.45,50.00000000000027,
5.217101804,3.45,1,controller_to_actual_cmd,,0.8501909999999999,
5.217164541000001,3.45,2,controller_to_actual_cmd,,0.700622,
5.217205506,3.45,3,controller_to_actual_cmd,,0.611893,
5.217266787000001,3.45,3,control_period,3.45,50.00000000000027,
5.225055978,3.4600000000000004,1,detector_inference,,11.307912826538086,
5.239006431,3.47,3,detector_inference,,12.242539405822754,
5.239960935,3.475,3,camera_to_measurement,3.435,16.191710999999998,True
5.265016344,3.5,2,controller_to_actual_cmd,,0.049859999999999995,
5.265122414,3.5,2,control_period,3.5,49.99999999999982,
5.265718942,3.5,1,measurement_to_controller_cmd,,40.358413,True
5.265849831000001,3.5,1,control_period,3.5,49.99999999999982,
5.265922568000001,3.5,3,measurement_to_controller_cmd,,25.961633,True
5.265983724000001,3.5,3,controller_to_actual_cmd,,0.061155999999999995,
5.266059195,3.5,3,control_period,3.5,49.99999999999982,
5.266747932,3.5,1,controller_to_actual_cmd,,1.0289899999999998,
5.28730468,3.52,1,detector_inference,,9.49220085144043,
5.288151718,3.52,1,camera_to_measurement,3.5,11.354828999999999,True
5.292206162,3.5250000000000004,3,detector_inference,,6.264525890350342,
5.315289856000001,3.5500000000000003,2,controller_to_actual_cmd,,0.21945699999999999,
5.315439725,3.5500000000000003,2,control_period,3.55,49.99999999999982,
5.3155500380000005,3.5500000000000003,3,measurement_to_controller_cmd,,22.668879999999998,True
5.315662217000001,3.5500000000000003,3,control_period,3.55,49.99999999999982,
5.3161911,3.5500000000000003,1,measurement_to_controller_cmd,,28.039382,True
5.316270087,3.5500000000000003,1,controller_to_actual_cmd,,0.078987,
5.316343659,3.5500000000000003,1,control_period,3.55,49.99999999999982,
5.316388460000001,3.5500000000000003,3,controller_to_actual_cmd,,0.838422,
5.353714336,3.5850000000000004,1,detector_inference,,15.203226089477539,
5.3545947720000004,3.5900000000000003,1,camera_to_measurement,3.565,16.886198999999998,True
5.354745343,3.5900000000000003,2,camera_to_measurement,3.565,13.733868999999999,True
5.354913037,3.5900000000000003,2,detector_inference,,11.977874755859375,
5.3549987670000005,3.5900000000000003,3,camera_to_measurement,3.565,10.979080999999999,True
5.355041593,3.5900000000000003,3,detector_inference,,9.563058853149414,
5.364954003,3.6,2,measurement_to_controller_cmd,,10.20866,True
5.365838074,3.6,1,measurement_to_controller_cmd,,11.243302,True
5.365988079,3.6,1,control_period,3.6,50.00000000000027,
5.366083290000001,3.6,2,controller_to_actual_cmd,,1.129287,
5.3661777740000005,3.6,2,control_period,3.6,50.00000000000027,
5.366729966,3.6,1,controller_to_actual_cmd,,0.8918919999999999,
5.366823521000001,3.6,3,measurement_to_controller_cmd,,11.824753999999999,True
5.366906521000001,3.6,3,controller_to_actual_cmd,,0.08299999999999999,
5.366995198000001,3.6,3,control_period,3.6,50.00000000000027,
5.4153701750000005,3.6500000000000004,2,control_period,3.65,49.99999999999982,
5.415847669000001,3.6500000000000004,1,control_period,3.65,49.99999999999982,
5.415896567000001,3.6500000000000004,2,controller_to_actual_cmd,,0.7127789999999999,
5.417563381,3.6500000000000004,1,controller_to_actual_cmd,,1.7791169999999998,
5.417641706,3.6500000000000004,3,controller_to_actual_cmd,,0.027330999999999998,
5.4176910330000005,3.6500000000000004,3,control_period,3.65,49.99999999999982,
5.4207319830000005,3.6550000000000002,2,detector_inference,,6.498556137084961,
5.42110863,3.6550000000000002,2,camera_to_measurement,3.635,7.5810569999999995,True
5.4255517520000005,3.66,3,camera_to_measurement,3.635,8.451175,True
5.425662374000001,3.66,3,detector_inference,,6.503990173339844,
5.464968898,3.7,1,control_period,3.7,50.00000000000027,
5.465050292,3.7,2,measurement_to_controller_cmd,,43.941662,True
5.465103195,3.7,2,control_period,3.7,50.00000000000027,
5.465145486,3.7,3,measurement_to_controller_cmd,,39.593734,True
5.465202301000001,3.7,3,control_period,3.7,50.00000000000027,
5.465833356,3.7,1,controller_to_actual_cmd,,0.9437439999999999,
5.465946244,3.7,2,controller_to_actual_cmd,,0.895952,
5.466031,3.7,3,controller_to_actual_cmd,,0.8855139999999999,
5.489074733000001,3.725,1,camera_to_measurement,3.7,15.585450999999999,True
5.489189382,3.725,1,detector_inference,,13.083128929138184,
5.492858147000001,3.725,2,detector_inference,,13.963569641113281,
5.493214275000001,3.725,2,camera_to_measurement,3.7,15.470946,True
5.500025507,3.7350000000000003,3,camera_to_measurement,3.7,11.9874,True
5.500142998,3.7350000000000003,3,detector_inference,,10.072339057922363,
5.515447496,3.7500000000000004,2,measurement_to_controller_cmd,,22.233221,True
5.5155448730000005,3.7500000000000004,2,controller_to_actual_cmd,,0.09737699999999999,
5.515632878,3.7500000000000004,2,control_period,3.75,49.99999999999982,
5.515677094,3.7500000000000004,3,measurement_to_controller_cmd,,15.651587,True
5.515714413,3.7500000000000004,3,controller_to_actual_cmd,,0.037319,
5.5157549480000005,3.7500000000000004,3,control_period,3.75,49.99999999999982,
5.516127526,3.7500000000000004,1,measurement_to_controller_cmd,,27.052792999999998,True
5.516184536,3.7500000000000004,1,control_period,3.75,49.99999999999982,
5.516523135,3.7500000000000004,1,controller_to_actual_cmd,,0.395609,
5.551562548000001,3.785,2,detector_inference,,8.053114891052246,
5.551895025,3.785,2,camera_to_measurement,3.765,9.62265,True
5.552329914,3.785,1,camera_to_measurement,3.765,14.028519999999999,True
5.552378273,3.785,1,detector_inference,,13.012994766235352,
5.565049763,3.8000000000000003,1,measurement_to_controller_cmd,,12.719849,True
5.565162931000001,3.8000000000000003,1,control_period,3.8,49.99999999999982,
5.56522405,3.8000000000000003,2,measurement_to_controller_cmd,,13.329025,True
5.565284154,3.8000000000000003,2,control_period,3.8,49.99999999999982,
5.56574669,3.8000000000000003,1,controller_to_actual_cmd,,0.696927,
5.565804588000001,3.8000000000000003,2,controller_to_actual_cmd,,0.580538,
5.565865938,3.8000000000000003,3,camera_to_measurement,3.765,16.311367999999998,True
5.565908891,3.8000000000000003,3,detector_inference,,13.655198097229004,
5.566200609,3.8000000000000003,3,measurement_to_controller_cmd,,0.334671,True
5.566246844,3.8000000000000003,3,control_period,3.8,49.99999999999982,
5.56650163,3.8000000000000003,3,controller_to_actual_cmd,,0.301021,
5.616484816000001,3.85,1,controller_to_actual_cmd,,0.073103,
5.6167194,3.85,1,control_period,3.85,50.00000000000027,
5.616940101,3.85,2,controller_to_actual_cmd,,0.09133999999999999,
5.617069387,3.85,2,control_period,3.85,50.00000000000027,
5.617260357,3.85,3,controller_to_actual_cmd,,0.083287,
5.617376492,3.85,3,control_period,3.85,50.00000000000027,
5.618638842,3.85,2,camera_to_measurement,3.83,9.190199,True
5.6187699030000005,3.85,2,detector_inference,,7.996393203735352,
5.629297612,3.865,3,camera_to_measurement,3.83,16.202828,True
5.629360771,3.865,3,detector_inference,,14.066363334655762,
5.665821437,3.9000000000000004,2,measurement_to_controller_cmd,,47.182595,True
5.665892701000001,3.9000000000000004,2,controller_to_actual_cmd,,0.071264,
5.665971582,3.9000000000000004,2,control_period,3.9,49.99999999999982,
5.666017565000001,3.9000000000000004,3,measurement_to_controller_cmd,,36.719953,True
5.666061988,3.9000000000000004,3,control_period,3.9,49.99999999999982,
5.6679833330000005,3.9000000000000004,1,control_period,3.9,49.99999999999982,
5.668081197,3.9000000000000004,3,controller_to_actual_cmd,,2.0636319999999997,
5.668530727,3.9000000000000004,1,controller_to_actual_cmd,,0.6332139999999999,
5.686037445,3.9200000000000004,2,detector_inference,,11.11599063873291,
5.686688791000001,3.9200000000000004,2,camera_to_measurement,3.895,13.783272,True
5.686809801000001,3.9200000000000004,3,camera_to_measurement,3.895,10.591289999999999,True
5.686887863,3.9200000000000004,3,detector_inference,,8.925833702087402,
5.71465448,3.95,1,controller_to_actual_cmd,,0.052862,
5.714745982,3.95,1,control_period,3.95,50.00000000000027,
5.714791131,3.95,2,measurement_to_controller_cmd,,28.102339999999998,True
5.71482865,3.95,2,control_period,3.95,50.00000000000027,
5.715139564,3.95,2,controller_to_actual_cmd,,0.348433,
5.715173770000001,3.95,3,measurement_to_controller_cmd,,28.363968999999997,True
5.715201615000001,3.95,3,controller_to_actual_cmd,,0.027844999999999998,
5.7152458710000005,3.95,3,control_period,3.95,50.00000000000027,
5.752826484000001,3.9850000000000003,1,detector_inference,,13.480718612670898,
5.753605412000001,3.9850000000000003,1,camera_to_measurement,3.965,15.970652,True
5.754542578000001,3.99,2,camera_to_measurement,3.965,14.132824999999999,True
5.7546728620000005,3.99,2,detector_inference,,11.739021301269531,
5.754810906,3.99,3,camera_to_measurement,3.965,11.545679,True
5.754926329000001,3.99,3,detector_inference,,8.689665794372559,
5.765302513,4.0,1,measurement_to_controller_cmd,,11.697101,True
5.765420577,4.0,1,controller_to_actual_cmd,,0.11806399999999999,
5.765568955,4.0,1,control_period,4.0,49.99999999999982,
5.765674290000001,4.0,3,measurement_to_controller_cmd,,10.863384,True
5.765782608,4.0,3,control_period,4.0,49.99999999999982,
5.7664012190000005,4.0,2,measurement_to_controller_cmd,,11.858640999999999,True
5.766453659000001,4.0,3,controller_to_actual_cmd,,0.779369,
5.7668005970000005,4.0,2,control_period,4.0,49.99999999999982,
5.767404411,4.0,2,controller_to_actual_cmd,,1.0031919999999999,
5.81531881,4.05,2,control_period,4.05,49.99999999999982,
5.815930853,4.05,1,controller_to_actual_cmd,,0.8144429999999999,
5.816062259000001,4.05,1,control_period,4.05,49.99999999999982,
5.816180909000001,4.05,2,controller_to_actual_cmd,,0.971158,
5.816924475,4.05,3,controller_to_actual_cmd,,0.077569,
5.817046508000001,4.05,3,control_period,4.05,49.99999999999982,
5.817623709,4.05,2,detector_inference,,8.120219230651855,
5.818327117,4.05,1,detector_inference,,11.093208312988281,
5.818455879,4.05,2,camera_to_measurement,4.03,9.581339,True
5.824118327000001,4.0600000000000005,3,camera_to_measurement,4.03,10.068861,True
5.824231581,4.0600000000000005,3,detector_inference,,7.18650484085083,
5.866583256,4.1000000000000005,2,measurement_to_controller_cmd,,48.127376999999996,True
5.867149311,4.1000000000000005,1,measurement_to_controller_cmd,,48.90783,True
5.867372264,4.1000000000000005,1,control_period,4.1,49.99999999999982,
5.867495910000001,4.1000000000000005,2,controller_to_actual_cmd,,0.912654,
5.867609585,4.1000000000000005,2,control_period,4.1,49.99999999999982,
5.867703909,4.1000000000000005,3,measurement_to_controller_cmd,,43.585581999999995,True
5.867893819000001,4.1000000000000005,3,controller_to_actual_cmd,,0.18991,
5.868046211,4.1000000000000005,3,control_period,4.1,49.99999999999982,
5.870952699,4.1000000000000005,1,controller_to_actual_cmd,,3.803388,
5.886010017,4.12,1,camera_to_measurement,4.095,15.36858,True
5.886060476,4.12,1,detector_inference,,15.067756652832031,
5.886102204,4.12,2,camera_to_measurement,4.095,11.743988,True
5.886133623,4.12,2,detector_inference,,8.700430870056152,
5.892511355000001,4.125,3,camera_to_measurement,4.095,7.071152,True
5.8925764890000005,4.125,3,detector_inference,,5.521306037902832,
5.9143279820000005,4.15,3,measurement_to_controller_cmd,,21.816627,True
5.914815671,4.15,1,measurement_to_controller_cmd,,28.805653999999997,True
5.914877008,4.15,1,controller_to_actual_cmd,,0.061336999999999996,
5.9149504550000005,4.15,1,control_period,4.15,50.00000000000071,
5.915002960000001,4.15,2,measurement_to_controller_cmd,,28.900755999999998,True
5.915049001000001,4.15,2,controller_to_actual_cmd,,0.046041,
5.9151068360000005,4.15,2,control_period,4.15,50.00000000000071,
5.915149459,4.15,3,controller_to_actual_cmd,,0.821477,
5.915183514000001,4.15,3,control_period,4.15,50.00000000000071,
5.946300875,4.180000000000001,1,camera_to_measurement,4.16,13.920997999999999,True
5.9464247850000005,4.180000000000001,1,detector_inference,,11.8045072555542,
5.946525728,4.180000000000001,2,detector_inference,,9.720074653625488,
5.946976193,4.180000000000001,2,camera_to_measurement,4.16,11.384981,True
5.965424412,4.2,1,measurement_to_controller_cmd,,19.123537,True
5.965496052000001,4.2,2,measurement_to_controller_cmd,,18.519859,True
5.965531376,4.2,2,controller_to_actual_cmd,,0.035324,
5.9655917700000005,4.2,2,control_period,4.2,49.99999999999982,
5.965867202,4.2,1,controller_to_actual_cmd,,0.44278999999999996,
5.965906990000001,4.2,1,control_period,4.2,49.99999999999982,
5.965961522000001,4.2,3,controller_to_actual_cmd,,0.023849,
5.9659947970000005,4.2,3,control_period,4.2,49.99999999999982,
6.007191241,4.24,1,detector_inference,,7.6085028648376465,
6.007721212000001,4.24,1,camera_to_measurement,4.225,9.065669999999999,True
6.014959106,4.25,1,measurement_to_controller_cmd,,7.237894,True
6.015074764,4.25,1,control_period,4.25,49.99999999999982,
6.015215787000001,4.25,2,control_period,4.25,49.99999999999982,
6.015336402,4.25,3,control_period,4.25,49.99999999999982,
6.015689589,4.25,1,controller_to_actual_cmd,,0.730483,
6.015737172000001,4.25,2,controller_to_actual_cmd,,0.587005,
6.016224775,4.25,3,controller_to_actual_cmd,,0.945583,
6.017051975,4.25,2,detector_inference,,10.768600463867188,
6.017341490000001,4.25,2,camera_to_measurement,4.225,13.116757999999999,True
6.017659324,4.25,3,camera_to_measurement,4.225,7.106468,True
6.017701304,4.25,3,detector_inference,,6.278535842895508,
6.066141237,4.300000000000001,2,measurement_to_controller_cmd,,48.799746999999996,True
6.066216185,4.300000000000001,2,controller_to_actual_cmd,,0.074948,
6.066305224000001,4.300000000000001,2,control_period,4.3,49.99999999999982,
6.067012640000001,4.300000000000001,3,measurement_to_controller_cmd,,49.353316,True
6.067148814,4.300000000000001,3,controller_to_actual_cmd,,0.136174,
6.067398053000001,4.300000000000001,3,control_period,4.3,49.99999999999982,
6.069834547,4.300000000000001,1,controller_to_actual_cmd,,0.038391,
6.06991933,4.300000000000001,1,control_period,4.3,49.99999999999982,
6.090140440000001,4.325,2,camera_to_measurement,4.295,16.87455,True
6.090252912,4.325,2,detector_inference,,13.946911811828613,
6.0908309460000005,4.325,3,camera_to_measurement,4.295,10.278585999999999,True
6.090919067000001,4.325,3,detector_inference,,7.6582818031311035,
6.091450003,4.325,1,camera_to_measurement,4.295,21.877864,True
6.091544432,4.325,1,detector_inference,,20.04613494873047,
6.115010299000001,4.3500000000000005,1,measurement_to_controller_cmd,,23.560295999999997,True
6.115058283000001,4.3500000000000005,1,controller_to_actual_cmd,,0.047984,
6.115118383,4.3500000000000005,1,control_period,4.35,49.99999999999982,
6.115163456,4.3500000000000005,2,measurement_to_controller_cmd,,25.023016,True
6.115192948000001,4.3500000000000005,2,controller_to_actual_cmd,,0.029491999999999997,
6.115236138,4.3500000000000005,2,control_period,4.35,49.99999999999982,
6.115501609000001,4.3500000000000005,3,measurement_to_controller_cmd,,24.670662999999998,True
6.115543475,4.3500000000000005,3,controller_to_actual_cmd,,0.041866,
6.115584216,4.3500000000000005,3,control_period,4.35,49.99999999999982,
6.140990262000001,4.375,2,detector_inference,,5.353166103363037,
6.141274645,4.375,2,camera_to_measurement,4.36,6.136506,True
6.1648741750000005,4.4,1,control_period,4.4,50.00000000000071,
6.164934866,4.4,2,measurement_to_controller_cmd,,23.660221,True
6.164998255,4.4,2,control_period,4.4,50.00000000000071,
6.165036841,4.4,3,controller_to_actual_cmd,,0.571759,
6.1650720450000005,4.4,3,control_period,4.4,50.00000000000071,
6.165380793000001,4.4,1,controller_to_actual_cmd,,0.9512539999999999,
6.165613931,4.4,2,controller_to_actual_cmd,,0.6790649999999999,
6.211195441,4.445,1,detector_inference,,9.736799240112305,
6.215156027000001,4.45,2,control_period,4.45,49.99999999999982,
6.215676761,4.45,1,measurement_to_controller_cmd,,4.5284699999999996,True
6.215732999,4.45,1,controller_to_actual_cmd,,0.056237999999999996,
6.215792848,4.45,1,control_period,4.45,49.99999999999982,
6.215834043,4.45,2,controller_to_actual_cmd,,0.7686609999999999,
6.216176582,4.45,3,controller_to_actual_cmd,,0.037228,
6.216225945000001,4.45,3,control_period,4.45,49.99999999999982,
6.217739966000001,4.45,2,detector_inference,,12.004592895507812,
6.218061882000001,4.45,2,camera_to_measurement,4.425,14.439701,True
6.222149653000001,4.455,3,detector_inference,,10.245526313781738,
6.222535388000001,4.455,3,camera_to_measurement,4.425,12.335771,True
6.265223791,4.5,3,measurement_to_controller_cmd,,42.688403,True
6.265899502000001,4.5,2,measurement_to_controller_cmd,,47.83762,True
6.265959575,4.5,2,controller_to_actual_cmd,,0.060072999999999994,
6.266001422,4.5,3,controller_to_actual_cmd,,0.777631,
6.266165050000001,4.5,3,control_period,4.5,49.99999999999982,
6.2665696440000005,4.5,2,control_period,4.5,49.99999999999982,
6.267265707,4.5,1,controller_to_actual_cmd,,0.43501,
6.267550893,4.5,1,control_period,4.5,49.99999999999982,
6.272689891000001,4.505,2,detector_inference,,5.981605052947998,
6.279522709,4.515000000000001,3,detector_inference,,6.832245826721191,
6.280160668000001,4.515000000000001,3,camera_to_measurement,4.49,9.720551,True
6.314870001,4.550000000000001,2,measurement_to_controller_cmd,,41.846257,True
6.314916225,4.550000000000001,3,measurement_to_controller_cmd,,34.755556999999996,True
6.315162852,4.550000000000001,1,controller_to_actual_cmd,,0.32192299999999996,
6.3152376630000004,4.550000000000001,1,control_period,4.55,49.99999999999982,
6.31526919,4.550000000000001,2,controller_to_actual_cmd,,0.39918899999999996,
6.31530242,4.550000000000001,2,control_period,4.55,49.99999999999982,
6.315330656,4.550000000000001,3,controller_to_actual_cmd,,0.414431,
6.315361275000001,4.550000000000001,3,control_period,4.55,49.99999999999982,
6.340858105000001,4.575,2,camera_to_measurement,4.555,9.815455,True
6.340936317000001,4.575,2,detector_inference,,9.23769474029541,
6.345420959,4.58,3,camera_to_measurement,4.555,11.061805999999999,True
6.345496983,4.58,3,detector_inference,,9.45472526550293,
6.3651096460000005,4.6000000000000005,3,measurement_to_controller_cmd,,19.688686999999998,True
6.3651719600000005,4.6000000000000005,3,controller_to_actual_cmd,,0.062313999999999994,
6.365258280000001,4.6000000000000005,3,control_period,4.6,49.99999999999982,
6.365538784000001,4.6000000000000005,1,controller_to_actual_cmd,,0.47868499999999997,
6.365591002,4.6000000000000005,1,control_period,4.6,49.99999999999982,
6.365622231000001,4.6000000000000005,2,measurement_to_controller_cmd,,24.764125999999997,True
6.365650074,4.6000000000000005,2,controller_to_actual_cmd,,0.027843,
6.365679868,4.6000000000000005,2,control_period,4.6,49.99999999999982,
6.409034915,4.6450000000000005,1,detector_inference,,6.979948043823242,
6.4096378640000005,4.6450000000000005,1,camera_to_measurement,4.625,9.405797,True
6.41523369,4.65,2,controller_to_actual_cmd,,0.104928,
6.415383183,4.65,2,control_period,4.65,50.00000000000071,
6.415588685,4.65,3,controller_to_actual_cmd,,0.083381,
6.415734156,4.65,3,control_period,4.65,50.00000000000071,
6.416317399,4.65,1,measurement_to_controller_cmd,,6.679535,True
6.416412705000001,4.65,1,controller_to_actual_cmd,,0.095306,
6.4165309200000005,4.65,1,control_period,4.65,50.00000000000071,
6.417806526000001,4.65,3,detector_inference,,8.794523239135742,
6.418336066,4.65,3,camera_to_measurement,4.625,10.873828,True
6.465346305000001,4.7,1,control_period,4.7,49.99999999999982,
6.466093404,4.7,1,controller_to_actual_cmd,,0.875251,
6.468233285,4.7,2,control_period,4.7,49.99999999999982,
6.469056937,4.705,2,controller_to_actual_cmd,,3.608719,
6.470793048,4.705,3,measurement_to_controller_cmd,,52.456981999999996,True
6.47085517,4.705,3,controller_to_actual_cmd,,0.062122,
6.470919579,4.705,3,control_period,4.7,49.99999999999982,
6.471555551000001,4.705,1,detector_inference,,8.563440322875977,
6.4718507380000005,4.705,1,camera_to_measurement,4.69,9.668121,True
6.478893012,4.71,3,camera_to_measurement,4.69,8.316614,True
6.479056557000001,4.71,3,detector_inference,,7.921977996826172,
6.5145114280000005,4.75,1,measurement_to_controller_cmd,,42.660689999999995,True
6.514623503,4.75,3,measurement_to_controller_cmd,,35.730491,True
6.514971953000001,4.75,1,control_period,4.75,49.99999999999982,
6.515014724,4.75,2,controller_to_actual_cmd,,0.43477,
6.515048894,4.75,2,control_period,4.75,49.99999999999982,
6.515078194,4.75,3,controller_to_actual_cmd,,0.45469099999999996,
6.515109635000001,4.75,3,control_period,4.75,49.99999999999982,
6.515650002,4.75,1,controller_to_actual_cmd,,1.138574,
6.534927835,4.7700000000000005,1,detector_inference,,6.081328868865967,
6.535509543000001,4.7700000000000005,1,camera_to_measurement,4.755,8.616227,True
6.5403063470000005,4.775,3,camera_to_measurement,4.755,7.049105,True
6.5403634760000005,4.775,3,detector_inference,,5.97526216506958,
6.565142881000001,4.800000000000001,2,controller_to_actual_cmd,,0.043189,
6.565228169,4.800000000000001,2,control_period,4.8,49.99999999999982,
6.565685785,4.800000000000001,1,measurement_to_controller_cmd,,30.176242,True
6.565754060000001,4.800000000000001,1,controller_to_actual_cmd,,0.068275,
6.565825441,4.800000000000001,1,control_period,4.8,49.99999999999982,
6.565880235000001,4.800000000000001,3,measurement_to_controller_cmd,,25.573888,True
6.565936939,4.800000000000001,3,control_period,4.8,49.99999999999982,
6.56619793,4.800000000000001,3,controller_to_actual_cmd,,0.317695,
6.60425706,4.84,1,camera_to_measurement,4.82,13.13533,True
6.604316345,4.84,1,detector_inference,,11.139334678649902,
6.614960112,4.8500000000000005,2,detector_inference,,15.132868766784668,
6.615016989000001,4.8500000000000005,2,measurement_to_controller_cmd,,0.102591,True
6.6153993390000005,4.8500000000000005,1,measurement_to_controller_cmd,,11.142279,True
6.615487643000001,4.8500000000000005,2,controller_to_actual_cmd,,0.47065399999999996,
6.615578921,4.8500000000000005,2,control_period,4.85,49.99999999999982,
6.615669185000001,4.8500000000000005,3,control_period,4.85,49.99999999999982,
6.615984919000001,4.8500000000000005,1,controller_to_actual_cmd,,0.58558,
6.616036931,4.8500000000000005,1,control_period,4.85,49.99999999999982,
6.616080396,4.8500000000000005,3,controller_to_actual_cmd,,0.456015,
6.618398847000001,4.8500000000000005,3,detector_inference,,13.122438430786133,
6.619143416,4.855,3,camera_to_measurement,4.82,15.794106,True
6.6654627280000005,4.9,1,control_period,4.9,50.00000000000071,
6.6656104030000005,4.9,3,measurement_to_controller_cmd,,46.466986999999996,True
6.665734605000001,4.9,3,control_period,4.9,50.00000000000071,
6.666355822000001,4.9,1,controller_to_actual_cmd,,1.037275,
6.666596256,4.9,2,control_period,4.9,50.00000000000071,
6.667160078,4.9,1,detector_inference,,7.075209140777588,
6.667263096,4.9,2,controller_to_actual_cmd,,0.802398,
6.6673578970000005,4.9,3,controller_to_actual_cmd,,1.7474939999999999,
6.667999202000001,4.9,1,camera_to_measurement,4.885,9.471069,True
6.682020632,4.915,3,detector_inference,,10.41708755493164,
6.682404534000001,4.915,3,camera_to_measurement,4.885,12.254969,True
6.714921986,4.95,1,measurement_to_controller_cmd,,46.922784,True
6.714966654,4.95,1,controller_to_actual_cmd,,0.044668,
6.715032150000001,4.95,1,control_period,4.95,49.99999999999982,
6.715095262,4.95,2,controller_to_actual_cmd,,0.02468,
6.715368366000001,4.95,2,control_period,4.95,49.99999999999982,
6.715408073000001,4.95,3,measurement_to_controller_cmd,,33.003538999999996,True
6.715443275,4.95,3,control_period,4.95,49.99999999999982,
6.715681608000001,4.95,3,controller_to_actual_cmd,,0.273535,
6.734043547000001,4.965000000000001,1,detector_inference,,5.833765983581543,
6.764896809000001,5.0,1,measurement_to_controller_cmd,,30.971186999999997,True
6.764942531,5.0,1,controller_to_actual_cmd,,0.045722,
6.764995198,5.0,1,control_period,5.0,49.99999999999982,
6.765028775,5.0,3,controller_to_actual_cmd,,0.633635,
6.765066533000001,5.0,3,control_period,5.0,49.99999999999982,
6.765366354,5.0,2,controller_to_actual_cmd,,0.027871999999999997,
6.765409144,5.0,2,control_period,5.0,49.99999999999982,
6.806228880000001,5.04,1,detector_inference,,11.292257308959961,
6.80684018,5.04,1,camera_to_measurement,5.02,14.19885,True
6.814678031000001,5.050000000000001,3,detector_inference,,10.269904136657715,
6.8154399130000005,5.050000000000001,3,camera_to_measurement,5.02,11.779971,True
6.815549979,5.050000000000001,3,measurement_to_controller_cmd,,0.110066,True
6.816063012000001,5.050000000000001,1,measurement_to_controller_cmd,,9.222832,True
6.81611129,5.050000000000001,1,controller_to_actual_cmd,,0.048277999999999995,
6.81616899,5.050000000000001,1,control_period,5.05,49.99999999999982,
6.816211063000001,5.050000000000001,2,controller_to_actual_cmd,,0.8790979999999999,
6.816250464,5.050000000000001,2,control_period,5.05,49.99999999999982,
6.816288407,5.050000000000001,3,controller_to_actual_cmd,,0.738428,
6.8163287200000005,5.050000000000001,3,control_period,5.05,49.99999999999982,
6.865356728,5.1000000000000005,1,controller_to_actual_cmd,,0.033408,
6.865428186000001,5.1000000000000005,1,control_period,5.1,49.99999999999982,
6.8660770630000005,5.1000000000000005,2,control_period,5.1,49.99999999999982,
6.866710564000001,5.1000000000000005,2,controller_to_actual_cmd,,0.711081,
6.867178363000001,5.1000000000000005,3,control_period,5.1,49.99999999999982,
6.867554961000001,5.1000000000000005,3,controller_to_actual_cmd,,0.449856,
6.8692222670000005,5.1000000000000005,1,detector_inference,,7.71842622756958,
6.869682480000001,5.105,1,camera_to_measurement,5.085,10.021996,True
6.875501119000001,5.11,2,camera_to_measurement,5.085,10.948115999999999,True
6.875617475,5.11,2,detector_inference,,9.48422622680664,
6.883449075000001,5.115,3,camera_to_measurement,5.085,9.855158999999999,True
6.883585490000001,5.115,3,detector_inference,,7.862671852111816,
6.914407476,5.15,1,measurement_to_controller_cmd,,44.724996,True
6.914515542,5.15,1,control_period,5.15,50.00000000000071,
6.914572524,5.15,3,measurement_to_controller_cmd,,31.123448999999997,True
6.914625495,5.15,3,control_period,5.15,50.00000000000071,
6.914930577000001,5.15,1,controller_to_actual_cmd,,0.5231009999999999,
6.914965818000001,5.15,2,measurement_to_controller_cmd,,39.464698999999996,True
6.914997757,5.15,3,controller_to_actual_cmd,,0.42523299999999997,
6.915268477000001,5.15,2,controller_to_actual_cmd,,0.302659,
6.9153327540000005,5.15,2,control_period,5.15,50.00000000000071,
6.940575228,5.175000000000001,2,detector_inference,,12.230880737304688,
6.941207854000001,5.175000000000001,1,camera_to_measurement,5.15,18.334091,True
6.941317312000001,5.175000000000001,1,detector_inference,,17.66017723083496,
6.941434624,5.175000000000001,2,camera_to_measurement,5.15,13.655859,True
6.942052849,5.175000000000001,3,camera_to_measurement,5.15,9.754980999999999,True
6.942153006000001,5.175000000000001,3,detector_inference,,7.855784893035889,
6.964944248,5.2,2,measurement_to_controller_cmd,,23.509624,True
6.964988441,5.2,3,measurement_to_controller_cmd,,22.935592,True
6.965230733,5.2,1,measurement_to_controller_cmd,,24.022879,True
6.965298144,5.2,1,control_period,5.2,49.99999999999982,
6.965334514,5.2,2,control_period,5.2,49.99999999999982,
6.965369732,5.2,3,control_period,5.2,49.99999999999982,
6.965672827000001,5.2,1,controller_to_actual_cmd,,0.442094,
6.965712212000001,5.2,2,controller_to_actual_cmd,,0.767964,
6.965740961000001,5.2,3,controller_to_actual_cmd,,0.75252,
7.005456507000001,5.24,2,camera_to_measurement,5.215,15.210379999999999,True
7.005607113000001,5.24,2,detector_inference,,13.781064987182617,
7.005734156000001,5.24,3,camera_to_measurement,5.215,12.499013,True
7.005833862,5.24,3,detector_inference,,8.99425983428955,
7.015489081,5.25,2,measurement_to_controller_cmd,,10.032574,True
7.015615136,5.25,3,measurement_to_controller_cmd,,9.88098,True
7.015702538,5.25,3,controller_to_actual_cmd,,0.087402,
7.015814673,5.25,3,control_period,5.25,49.99999999999982,
7.016392625000001,5.25,2,controller_to_actual_cmd,,0.903544,
7.016515043,5.25,2,control_period,5.25,49.99999999999982,
7.017158574000001,5.25,1,controller_to_actual_cmd,,0.07138,
7.017259385,5.25,1,control_period,5.25,49.99999999999982,
7.065936314000001,5.300000000000001,1,controller_to_actual_cmd,,0.081757,
7.066084003,5.300000000000001,1,control_period,5.3,49.99999999999982,
7.066280591000001,5.300000000000001,2,controller_to_actual_cmd,,0.081943,
7.066396978,5.300000000000001,2,control_period,5.3,49.99999999999982,
7.067314489,5.300000000000001,3,controller_to_actual_cmd,,0.08201499999999999,
7.067462871,5.300000000000001,3,control_period,5.3,49.99999999999982,
7.073202217,5.305000000000001,1,camera_to_measurement,5.285,14.860016,True
7.073264198,5.305000000000001,1,detector_inference,,13.100783348083496,
7.07330752,5.305000000000001,2,camera_to_measurement,5.285,11.111015,True
7.073339754,5.305000000000001,2,detector_inference,,8.740900039672852,
7.0799830880000005,5.315,3,camera_to_measurement,5.285,7.3006459999999995,True
7.080098775000001,5.315,3,detector_inference,,5.847592830657959,
7.115213353000001,5.3500000000000005,2,measurement_to_controller_cmd,,41.905833,True
7.11533995,5.3500000000000005,2,controller_to_actual_cmd,,0.126597,
7.115464796,5.3500000000000005,2,control_period,5.35,49.99999999999982,
7.116023128,5.3500000000000005,1,measurement_to_controller_cmd,,42.820910999999995,True
7.116116771000001,5.3500000000000005,1,controller_to_actual_cmd,,0.09364299999999999,
7.116234579,5.3500000000000005,1,control_period,5.35,49.99999999999982,
7.116329294000001,5.3500000000000005,3,measurement_to_controller_cmd,,36.346205999999995,True
7.116434788,5.3500000000000005,3,controller_to_actual_cmd,,0.10549399999999999,
7.116547714,5.3500000000000005,3,control_period,5.35,49.99999999999982,
7.138869383,5.37,1,camera_to_measurement,5.35,14.510660999999999,True
7.139019301,5.37,1,detector_inference,,10.407574653625488,
7.147308134,5.38,3,detector_inference,,7.470242977142334,
7.148007763000001,5.38,2,camera_to_measurement,5.35,18.960254,True
7.1480795850000005,5.38,2,detector_inference,,17.163976669311523,
7.1481435620000005,5.38,3,camera_to_measurement,5.35,10.165092,True
7.165307998,5.4,1,measurement_to_controller_cmd,,26.438615,True
7.165426264000001,5.4,1,control_period,5.4,50.00000000000071,
7.1655205650000005,5.4,2,measurement_to_controller_cmd,,17.512802,True
7.165597384000001,5.4,2,controller_to_actual_cmd,,0.076819,
7.165688087,5.4,2,control_period,5.4,50.00000000000071,
7.165775456,5.4,3,measurement_to_controller_cmd,,17.631894,True
7.165862776000001,5.4,3,control_period,5.4,50.00000000000071,
7.166375307,5.4,1,controller_to_actual_cmd,,1.0673089999999998,
7.166467063000001,5.4,3,controller_to_actual_cmd,,0.691607,
7.200444689,5.4350000000000005,1,detector_inference,,10.691620826721191,
7.200944659,5.4350000000000005,1,camera_to_measurement,5.415,12.379577999999999,True
7.210864127000001,5.445,3,detector_inference,,8.134718894958496,
7.21145234,5.445,2,camera_to_measurement,5.415,18.333233,True
7.211550532,5.445,2,detector_inference,,14.89698600769043,
7.215070456,5.45,1,measurement_to_controller_cmd,,14.125796999999999,True
7.215221598,5.45,1,control_period,5.45,49.99999999999982,
7.215319620000001,5.45,2,measurement_to_controller_cmd,,3.8672799999999996,True
7.215438764000001,5.45,2,control_period,5.45,49.99999999999982,
7.2155440330000005,5.45,3,measurement_to_controller_cmd,,4.7707559999999996,True
7.216099328,5.45,1,controller_to_actual_cmd,,1.028872,
7.216184652000001,5.45,2,controller_to_actual_cmd,,0.8650319999999999,
7.216261424000001,5.45,3,controller_to_actual_cmd,,0.717391,
7.216351621,5.45,3,control_period,5.45,49.99999999999982,
7.263236696000001,5.495,1,detector_inference,,6.219494819641113,
7.265353611,5.5,1,measurement_to_controller_cmd,,2.2286639999999998,True
7.265511019000001,5.5,1,control_period,5.5,49.99999999999982,
7.265685331,5.5,3,controller_to_actual_cmd,,0.067337,
7.265782908,5.5,3,control_period,5.5,49.99999999999982,
7.266341959,5.5,1,controller_to_actual_cmd,,0.988348,
7.266531503,5.5,2,controller_to_actual_cmd,,0.08416499999999999,
7.266636666,5.5,2,control_period,5.5,49.99999999999982,
7.269516036000001,5.505000000000001,3,camera_to_measurement,5.48,7.513984,True
7.269619704,5.505000000000001,3,detector_inference,,5.9813032150268555,
7.315143721,5.550000000000001,2,controller_to_actual_cmd,,0.09117199999999999,
7.315285360000001,5.550000000000001,2,control_period,5.55,49.99999999999982,
7.315385796,5.550000000000001,3,measurement_to_controller_cmd,,45.86976,True
7.3154722880000005,5.550000000000001,3,controller_to_actual_cmd,,0.086492,
7.315581826000001,5.550000000000001,3,control_period,5.55,49.99999999999982,
7.316234044000001,5.550000000000001,1,controller_to_actual_cmd,,0.055403999999999995,
7.316331051000001,5.550000000000001,1,control_period,5.55,49.99999999999982,
7.331996232000001,5.565,2,detector_inference,,11.961190223693848,
7.332120545,5.565,3,camera_to_measurement,5.545,7.714662,True
7.332167495,5.565,3,detector_inference,,6.797451972961426,
7.3325788990000005,5.565,2,camera_to_measurement,5.545,13.681256,True
7.364602072,5.6000000000000005,1,control_period,5.6,49.99999999999982,
7.364646299,5.6000000000000005,3,measurement_to_controller_cmd,,32.525754,True
7.365036163,5.6000000000000005,1,controller_to_actual_cmd,,0.48496399999999995,
7.365105726,5.6000000000000005,2,measurement_to_controller_cmd,,32.526827,True
7.365182851,5.6000000000000005,2,control_period,5.6,49.99999999999982,
7.365244554,5.6000000000000005,3,control_period,5.6,49.99999999999982,
7.3655350330000005,5.6000000000000005,2,controller_to_actual_cmd,,0.429307,
7.365570893,5.6000000000000005,3,controller_to_actual_cmd,,0.9245939999999999,
7.40156946,5.635000000000001,1,camera_to_measurement,5.615,13.409447,True
7.4016286430000005,5.635000000000001,1,detector_inference,,10.33024787902832,
7.410407128,5.6450000000000005,2,detector_inference,,16.1776065826416,
7.410877693000001,5.6450000000000005,2,camera_to_measurement,5.615,18.824319,True
7.411900041000001,5.6450000000000005,3,detector_inference,,9.984007835388184,
7.4122569170000006,5.6450000000000005,3,camera_to_measurement,5.615,11.654622999999999,True
7.415124582000001,5.65,1,measurement_to_controller_cmd,,13.555121999999999,True
7.415210650000001,5.65,2,measurement_to_controller_cmd,,4.3329569999999995,True
7.4153077530000004,5.65,2,control_period,5.65,50.00000000000071,
7.415380873,5.65,3,measurement_to_controller_cmd,,3.1239559999999997,True
7.415923355,5.65,1,controller_to_actual_cmd,,0.798773,
7.415986976,5.65,1,control_period,5.65,50.00000000000071,
7.416026348000001,5.65,2,controller_to_actual_cmd,,0.8156979999999999,
7.4160649130000005,5.65,3,controller_to_actual_cmd,,0.68404,
7.416106749000001,5.65,3,control_period,5.65,50.00000000000071,
7.465704199,5.7,2,control_period,5.7,49.99999999999982,
7.465769215000001,5.7,3,controller_to_actual_cmd,,0.58375,
7.465829603,5.7,3,control_period,5.7,49.99999999999982,
7.466184950000001,5.7,1,controller_to_actual_cmd,,0.563005,
7.466242911,5.7,1,control_period,5.7,49.99999999999982,
7.466281718,5.7,2,detector_inference,,8.08692455291748,
7.466318697,5.7,2,controller_to_actual_cmd,,1.173552,
7.466626358,5.7,2,camera_to_measurement,5.68,9.638091,True
7.471301540000001,5.705,3,detector_inference,,7.714859962463379,
7.471683008,5.705,3,camera_to_measurement,5.68,10.082792999999999,True
7.515106523,5.75,1,controller_to_actual_cmd,,0.109682,
7.515238599000001,5.75,1,control_period,5.75,49.99999999999982,
7.5153343580000005,5.75,2,measurement_to_controller_cmd,,48.708,True
7.515430445000001,5.75,2,control_period,5.75,49.99999999999982,
7.515524534000001,5.75,3,measurement_to_controller_cmd,,43.841525999999995,True
7.515612139000001,5.75,3,control_period,5.75,49.99999999999982,
7.516152476,5.75,2,controller_to_actual_cmd,,0.818118,
7.516202796000001,5.75,3,controller_to_actual_cmd,,0.6782619999999999,
7.530387264000001,5.765000000000001,3,detector_inference,,5.769101142883301,
7.5307961830000005,5.765000000000001,3,camera_to_measurement,5.745,7.775829,True
7.565079908,5.800000000000001,3,measurement_to_controller_cmd,,34.283725,True
7.565450345,5.800000000000001,1,controller_to_actual_cmd,,0.45774499999999996,
7.565521536,5.800000000000001,1,control_period,5.8,49.99999999999982,
7.565554078000001,5.800000000000001,2,controller_to_actual_cmd,,0.512743,
7.565587097000001,5.800000000000001,2,control_period,5.8,49.99999999999982,
7.565615903,5.800000000000001,3,controller_to_actual_cmd,,0.535995,
7.565647509000001,5.800000000000001,3,control_period,5.8,49.99999999999982,
7.601037273,5.835,2,detector_inference,,13.077654838562012,
7.602026904000001,5.835,1,camera_to_measurement,5.8100000000000005,19.341312,True
7.602166524,5.835,1,detector_inference,,17.684133529663086,
7.6022993,5.835,2,camera_to_measurement,5.8100000000000005,15.672125,True
7.602424835000001,5.835,3,camera_to_measurement,5.8100000000000005,10.16429,True
7.602541379000001,5.835,3,detector_inference,,9.630851745605469,
7.615282451000001,5.8500000000000005,1,measurement_to_controller_cmd,,13.255547,True
7.615380556000001,5.8500000000000005,1,controller_to_actual_cmd,,0.098105,
7.615460408000001,5.8500000000000005,1,control_period,5.85,49.99999999999982,
7.615516628000001,5.8500000000000005,2,measurement_to_controller_cmd,,13.217328,True
7.615554406,5.8500000000000005,2,controller_to_actual_cmd,,0.037778,
7.615608746,5.8500000000000005,2,control_period,5.85,49.99999999999982,
7.615657925000001,5.8500000000000005,3,measurement_to_controller_cmd,,13.233089999999999,True
7.61570076,5.8500000000000005,3,control_period,5.85,49.99999999999982,
7.616089838000001,5.8500000000000005,3,controller_to_actual_cmd,,0.431913,
7.657024000000001,5.890000000000001,1,detector_inference,,6.943227767944336,
7.657446277000001,5.890000000000001,1,camera_to_measurement,5.875,9.094643999999999,True
7.665150388000001,5.9,1,measurement_to_controller_cmd,,7.704110999999999,True
7.6653070780000006,5.9,1,control_period,5.9,50.00000000000071,
7.665488171000001,5.9,2,control_period,5.9,50.00000000000071,
7.665676199000001,5.9,3,control_period,5.9,50.00000000000071,
7.666232154,5.9,1,controller_to_actual_cmd,,1.081766,
7.6663143080000005,5.9,2,controller_to_actual_cmd,,0.913879,
7.666387523,5.9,3,controller_to_actual_cmd,,0.806547,
7.668601278000001,5.9,3,camera_to_measurement,5.875,7.236058,True
7.668723682,5.9,3,detector_inference,,6.713187217712402,
7.71738234,5.95,1,control_period,5.95,49.99999999999982,
7.717489192,5.95,2,control_period,5.95,49.99999999999982,
7.7175423190000005,5.95,3,measurement_to_controller_cmd,,48.941041,True
7.7176129940000004,5.95,3,control_period,5.95,49.99999999999982,
7.718158821,5.95,1,controller_to_actual_cmd,,0.848694,
7.718204298000001,5.95,2,controller_to_actual_cmd,,0.7645109999999999,
7.718236604,5.95,3,controller_to_actual_cmd,,0.6942849999999999,
7.730179496000001,5.965000000000001,1,detector_inference,,11.847311019897461,
7.730848946,5.965000000000001,1,camera_to_measurement,5.945,13.772165,True
7.731322081,5.965000000000001,2,camera_to_measurement,5.945,11.187702999999999,True
7.731416839,5.965000000000001,2,detector_inference,,9.412236213684082,
7.764520309000001,6.0,1,measurement_to_controller_cmd,,33.671363,True
7.764828025000001,6.0,1,control_period,6.0,49.99999999999982,
7.765629112,6.0,1,controller_to_actual_cmd,,1.108803,
7.765674367000001,6.0,2,measurement_to_controller_cmd,,34.352286,True
7.7657049350000005,6.0,2,controller_to_actual_cmd,,0.030567999999999998,
7.765755288,6.0,2,control_period,6.0,49.99999999999982,
7.765803427000001,6.0,3,controller_to_actual_cmd,,0.020336,
7.7658361430000005,6.0,3,control_period,6.0,49.99999999999982,
7.8008815600000005,6.035,2,detector_inference,,12.202713966369629,
7.801600628,6.035,2,camera_to_measurement,6.01,13.620624999999999,True
7.802437830000001,6.035,3,detector_inference,,7.618581771850586,
7.803098536,6.035,3,camera_to_measurement,6.01,9.803970999999999,True
7.803987567,6.035,1,camera_to_measurement,6.01,20.031129999999997,True
7.804082362000001,6.035,1,detector_inference,,18.376497268676758,
7.814884568,6.050000000000001,2,measurement_to_controller_cmd,,13.28394,True
7.815563612,6.050000000000001,1,measurement_to_controller_cmd,,11.576044999999999,True
7.815698538,6.050000000000001,2,controller_to_actual_cmd,,0.81397,
7.8158416310000005,6.050000000000001,2,control_period,6.05,49.99999999999982,
7.8159374,6.050000000000001,3,measurement_to_controller_cmd,,12.838864,True
7.816048437,6.050000000000001,3,control_period,6.05,49.99999999999982,
7.816613077,6.050000000000001,1,controller_to_actual_cmd,,1.0494649999999999,
7.816736531,6.050000000000001,1,control_period,6.05,49.99999999999982,
7.8168344,6.050000000000001,3,controller_to_actual_cmd,,0.8969999999999999,
7.864853310000001,6.1000000000000005,3,detector_inference,,8.57062816619873,
7.86574968,6.1000000000000005,1,controller_to_actual_cmd,,0.089984,
7.865898363,6.1000000000000005,1,control_period,6.1,49.99999999999982,
7.8660784,6.1000000000000005,2,controller_to_actual_cmd,,0.07704,
7.866186584,6.1000000000000005,2,control_period,6.1,49.99999999999982,
7.866286647000001,6.1000000000000005,3,camera_to_measurement,6.075,12.239189999999999,True
7.866378010000001,6.1000000000000005,3,measurement_to_controller_cmd,,0.091363,True
7.86646481,6.1000000000000005,3,controller_to_actual_cmd,,0.0868,
7.866586724,6.1000000000000005,3,control_period,6.1,49.99999999999982,
7.917158808000001,6.15,1,controller_to_actual_cmd,,0.088277,
7.917337999000001,6.15,1,control_period,6.15,50.00000000000071,
7.917555136000001,6.15,2,controller_to_actual_cmd,,0.108249,
7.917694265000001,6.15,2,control_period,6.15,50.00000000000071,
7.920323312000001,6.15,3,control_period,6.15,50.00000000000071,
7.921208829,6.155,3,controller_to_actual_cmd,,4.806728,
7.9277122250000005,6.16,2,camera_to_measurement,6.14,13.825425,True
7.927841701,6.16,2,detector_inference,,12.5397310256958,
7.928527326,6.16,1,camera_to_measurement,6.14,17.202443,True
7.92864841,6.16,1,detector_inference,,14.638303756713867,
7.929402487000001,6.165,3,camera_to_measurement,6.14,9.443748,True
7.929520355,6.165,3,detector_inference,,7.673123836517334,
7.965038957000001,6.2,1,measurement_to_controller_cmd,,36.511631,True
7.965141934000001,6.2,1,control_period,6.2,49.99999999999982,
7.965200341,6.2,2,measurement_to_controller_cmd,,37.488116,True
7.965347136,6.2,2,control_period,6.2,49.99999999999982,
7.965455758,6.2,3,measurement_to_controller_cmd,,36.053270999999995,True
7.965552496000001,6.2,3,control_period,6.2,49.99999999999982,
7.966109390000001,6.2,1,controller_to_actual_cmd,,1.070433,
7.966181575,6.2,2,controller_to_actual_cmd,,0.9812339999999999,
7.966246498,6.2,3,controller_to_actual_cmd,,0.79074,
7.996972394,6.23,2,detector_inference,,13.233839988708496,
7.9974040650000005,6.23,2,camera_to_measurement,6.205,15.125681,True
7.99794415,6.23,3,camera_to_measurement,6.205,12.912144999999999,True
7.998041690000001,6.23,3,detector_inference,,11.489157676696777,
7.998624728,6.23,1,detector_inference,,18.391525268554688,
7.999187796,6.23,1,camera_to_measurement,6.205,21.667312,True
8.015285495,6.25,1,measurement_to_controller_cmd,,16.097699,True
8.015385744000001,6.25,1,control_period,6.25,49.99999999999982,
8.015431612,6.25,2,measurement_to_controller_cmd,,18.027547,True
8.015468697000001,6.25,2,controller_to_actual_cmd,,0.037085,
8.015513836,6.25,3,measurement_to_controller_cmd,,17.569686,True
8.015555391000001,6.25,3,control_period,6.25,49.99999999999982,
8.015868174000001,6.25,1,controller_to_actual_cmd,,0.582679,
8.015924523,6.25,2,control_period,6.25,49.99999999999982,
8.015965455,6.25,3,controller_to_actual_cmd,,0.451619,
8.061571234,6.295000000000001,1,detector_inference,,11.494544982910156,
8.061788007,6.295000000000001,2,camera_to_measurement,6.275,9.686594999999999,True
8.061914712,6.295000000000001,2,detector_inference,,8.448719024658203,
8.065132427,6.300000000000001,1,camera_to_measurement,6.275,16.632901999999998,True
8.066364741000001,6.300000000000001,1,measurement_to_controller_cmd,,1.232314,True
8.066537196,6.300000000000001,1,control_period,6.3,49.99999999999982,
8.066653357,6.300000000000001,2,measurement_to_controller_cmd,,4.865349999999999,True
8.066789713,6.300000000000001,2,control_period,6.3,49.99999999999982,
8.067025554,6.300000000000001,3,controller_to_actual_cmd,,0.133677,
8.067148794000001,6.300000000000001,3,control_period,6.3,49.99999999999982,
8.067819873000001,6.300000000000001,1,controller_to_actual_cmd,,1.4551319999999999,
8.067929818,6.300000000000001,2,controller_to_actual_cmd,,1.2764609999999998,
8.072148857,6.305000000000001,3,detector_inference,,7.292305946350098,
8.072757135,6.305000000000001,3,camera_to_measurement,6.275,9.048145,True
8.117898055000001,6.3500000000000005,2,controller_to_actual_cmd,,0.09439199999999999,
8.118068097,6.3500000000000005,2,control_period,6.35,49.99999999999982,
8.120248475,6.3500000000000005,3,measurement_to_controller_cmd,,47.49134,True
8.120338435,6.3500000000000005,3,control_period,6.35,49.99999999999982,
8.121210475,6.355,1,controller_to_actual_cmd,,3.497927,
8.121381777,6.355,1,control_period,6.35,49.99999999999982,
8.121521429000001,6.355,3,controller_to_actual_cmd,,1.272954,
8.122751202,6.355,1,camera_to_measurement,6.34,10.761122,True
8.12287309,6.355,1,detector_inference,,9.27102279663086,
8.130056266,6.365,3,detector_inference,,10.076262474060059,
8.130726422,6.365,2,camera_to_measurement,6.34,14.123873,True
8.130808895000001,6.365,2,detector_inference,,12.548277854919434,
8.130888261,6.365,3,camera_to_measurement,6.34,10.856031,True
8.164667908,6.4,2,measurement_to_controller_cmd,,33.941486,True
8.164736539,6.4,3,measurement_to_controller_cmd,,33.848278,True
8.165163659000001,6.4,1,measurement_to_controller_cmd,,42.412456999999996,True
8.165254393,6.4,1,control_period,6.4,50.00000000000071,
8.165310723000001,6.4,2,control_period,6.4,50.00000000000071,
8.165368036,6.4,3,control_period,6.4,50.00000000000071,
8.165979792,6.4,1,controller_to_actual_cmd,,0.816133,
8.166067510000001,6.4,2,controller_to_actual_cmd,,1.399602,
8.166141593,6.4,3,controller_to_actual_cmd,,1.405054,
8.188354541,6.420000000000001,1,detector_inference,,7.096103191375732,
8.18920476,6.425000000000001,1,camera_to_measurement,6.405,9.352171,True
8.195550818000001,6.430000000000001,3,camera_to_measurement,6.405,9.185576,True
8.195714076,6.430000000000001,3,detector_inference,,6.487058162689209,
8.216371217,6.45,2,control_period,6.45,49.99999999999982,
8.216515448,6.45,3,measurement_to_controller_cmd,,20.96463,True
8.216628677000001,6.45,3,controller_to_actual_cmd,,0.113229,
8.216756141000001,6.45,3,control_period,6.45,49.99999999999982,
8.217439486,6.45,1,measurement_to_controller_cmd,,28.234726,True
8.217600841000001,6.45,1,controller_to_actual_cmd,,0.161355,
8.217695814,6.45,1,control_period,6.45,49.99999999999982,
8.218037455000001,6.45,2,controller_to_actual_cmd,,1.8147199999999999,
8.260848954,6.495,1,camera_to_measurement,6.47,15.770301,True
8.260944535,6.495,1,detector_inference,,13.825779914855957,
8.261633632,6.495,2,camera_to_measurement,6.47,10.537106999999999,True
8.261690836,6.495,2,detector_inference,,9.514531135559082,
8.265464778,6.5,1,measurement_to_controller_cmd,,4.615824,True
8.265521080000001,6.5,1,controller_to_actual_cmd,,0.056302,
8.265592776,6.5,1,control_period,6.5,49.99999999999982,
8.265642809000001,6.5,2,measurement_to_controller_cmd,,4.009177,True
8.265686634,6.5,2,control_period,6.5,49.99999999999982,
8.265723086000001,6.5,3,controller_to_actual_cmd,,0.681514,
8.265761784,6.5,3,control_period,6.5,49.99999999999982,
8.266085088,6.5,2,controller_to_actual_cmd,,0.442279,
8.317607967,6.550000000000001,1,controller_to_actual_cmd,,0.7711859999999999,
8.317830142,6.550000000000001,1,control_period,6.55,49.99999999999982,
8.317976845,6.550000000000001,2,controller_to_actual_cmd,,1.05257,
8.318153766,6.550000000000001,2,control_period,6.55,49.99999999999982,
8.321722978,6.550000000000001,3,control_period,6.55,49.99999999999982,
8.322596744,6.555000000000001,3,controller_to_actual_cmd,,1.001309,
8.330783818,6.565,2,detector_inference,,15.273319244384766,
8.331412708,6.565,2,camera_to_measurement,6.535,17.580247,True
8.331552738000001,6.565,3,camera_to_measurement,6.535,10.288459999999999,True
8.331646756000001,6.565,3,detector_inference,,8.562928199768066,
8.365273944,6.6000000000000005,1,control_period,6.6,49.99999999999982,
8.365383611,6.6000000000000005,3,measurement_to_controller_cmd,,33.830873,True
8.365464518000001,6.6000000000000005,3,controller_to_actual_cmd,,0.08090699999999999,
8.365562053,6.6000000000000005,3,control_period,6.6,49.99999999999982,
8.366019851,6.6000000000000005,1,controller_to_actual_cmd,,0.8710829999999999,
8.366088632,6.6000000000000005,2,measurement_to_controller_cmd,,34.675924,True
8.366148242000001,6.6000000000000005,2,controller_to_actual_cmd,,0.059609999999999996,
8.366233044000001,6.6000000000000005,2,control_period,6.6,49.99999999999982,
8.385976817000001,6.62,1,camera_to_measurement,6.605,7.405831999999999,True
8.386070234,6.62,1,detector_inference,,6.780953884124756,
8.394142888000001,6.630000000000001,3,detector_inference,,6.838682174682617,
8.394773164,6.630000000000001,3,camera_to_measurement,6.605,9.963885,True
8.415118057,6.65,1,measurement_to_controller_cmd,,29.14124,True
8.415875793,6.65,1,controller_to_actual_cmd,,0.757736,
8.416009925000001,6.65,1,control_period,6.65,50.00000000000071,
8.416182798000001,6.65,2,controller_to_actual_cmd,,0.07070499999999999,
8.416280801000001,6.65,2,control_period,6.65,50.00000000000071,
8.416374268,6.65,3,measurement_to_controller_cmd,,21.601104,True
8.416452622000001,6.65,3,controller_to_actual_cmd,,0.078354,
8.416554175,6.65,3,control_period,6.65,50.00000000000071,
8.462642174,6.695,3,camera_to_measurement,6.67,8.462634,True
8.462726944,6.695,3,detector_inference,,6.420967102050781,
8.464464493000001,6.7,1,camera_to_measurement,6.67,20.011862999999998,True
8.464559512000001,6.7,1,detector_inference,,17.87444496154785,
8.464639585,6.7,3,measurement_to_controller_cmd,,1.9974109999999998,True
8.465154144000001,6.7,1,measurement_to_controller_cmd,,0.689651,True
8.465193788,6.7,1,controller_to_actual_cmd,,0.039644,
8.465246571,6.7,1,control_period,6.7,49.99999999999982,
8.465306973,6.7,2,controller_to_actual_cmd,,0.025634999999999998,
8.465344081000001,6.7,2,control_period,6.7,49.99999999999982,
8.465376701,6.7,3,controller_to_actual_cmd,,0.737116,
8.465409815000001,6.7,3,control_period,6.7,49.99999999999982,
8.515699659000001,6.75,1,controller_to_actual_cmd,,0.08040699999999999,
8.515839587,6.75,1,control_period,6.75,49.99999999999982,
8.516041075,6.75,2,controller_to_actual_cmd,,0.09292299999999999,
8.516180366,6.75,2,control_period,6.75,49.99999999999982,
8.516366297000001,6.75,3,control_period,6.75,49.99999999999982,
8.51706207,6.75,3,controller_to_actual_cmd,,0.7850429999999999,
8.521249242,6.755000000000001,2,detector_inference,,7.435747146606445,
8.521914579,6.755000000000001,2,camera_to_measurement,6.735,8.940847999999999,True
8.565040229000001,6.800000000000001,2,measurement_to_controller_cmd,,43.12565,True
8.565583286,6.800000000000001,2,controller_to_actual_cmd,,0.543057,
8.565680199,6.800000000000001,2,control_period,6.8,49.99999999999982,
8.565722497000001,6.800000000000001,3,controller_to_actual_cmd,,0.6107,
8.565835681000001,6.800000000000001,3,control_period,6.8,49.99999999999982,
8.566336969,6.800000000000001,1,controller_to_actual_cmd,,0.044472,
8.566406241000001,6.800000000000001,1,control_period,6.8,49.99999999999982,
8.59111303,6.825,1,detector_inference,,15.37425422668457,
8.591461394000001,6.825,1,camera_to_measurement,6.8,16.874066,True
8.593239009000001,6.825,2,detector_inference,,10.350357055664062,
8.593705715,6.825,2,camera_to_measurement,6.8,11.663613,True
8.614557126000001,6.8500000000000005,1,measurement_to_controller_cmd,,23.095731999999998,True
8.615327994000001,6.8500000000000005,1,controller_to_actual_cmd,,0.770868,
8.615439148,6.8500000000000005,1,control_period,6.85,49.99999999999982,
8.615571008,6.8500000000000005,2,measurement_to_controller_cmd,,21.865292999999998,True
8.615631086,6.8500000000000005,2,controller_to_actual_cmd,,0.060078,
8.615682761,6.8500000000000005,2,control_period,6.85,49.99999999999982,
8.61572011,6.8500000000000005,3,controller_to_actual_cmd,,1.026777,
8.615756904000001,6.8500000000000005,3,control_period,6.85,49.99999999999982,
8.652247322000001,6.885000000000001,1,detector_inference,,8.796627044677734,
8.652981072000001,6.885000000000001,1,camera_to_measurement,6.865,11.10281,True
8.657086135,6.890000000000001,3,detector_inference,,6.185029983520508,
8.657851182,6.890000000000001,3,camera_to_measurement,6.865,7.89133,True
8.665699181,6.9,1,measurement_to_controller_cmd,,12.718109,True
8.665827479,6.9,1,control_period,6.9,50.00000000000071,
8.665928446,6.9,2,control_period,6.9,50.00000000000071,
8.665973902000001,6.9,3,measurement_to_controller_cmd,,8.12272,True
8.666024524000001,6.9,3,controller_to_actual_cmd,,0.050622,
8.666072541,6.9,3,control_period,6.9,50.00000000000071,
8.666448077,6.9,1,controller_to_actual_cmd,,0.748896,
8.666518282,6.9,2,controller_to_actual_cmd,,0.6349659999999999,
8.715576429,6.95,2,controller_to_actual_cmd,,0.12815,
8.715741518,6.95,2,control_period,6.95,49.99999999999982,
8.71599934,6.95,3,control_period,6.95,49.99999999999982,
8.716841305,6.95,1,camera_to_measurement,6.9350000000000005,9.679333999999999,True
8.716973179,6.95,1,detector_inference,,7.918175220489502,
8.717078324000001,6.95,1,measurement_to_controller_cmd,,0.23701899999999998,True
8.717177145,6.95,1,controller_to_actual_cmd,,0.09882099999999999,
8.717296354,6.95,1,control_period,6.95,49.99999999999982,
8.717404995,6.95,3,controller_to_actual_cmd,,1.530748,
8.722713012,6.955,3,camera_to_measurement,6.9350000000000005,8.483910999999999,True
8.722793614,6.955,3,detector_inference,,7.289371967315674,
8.765076609000001,7.0,3,measurement_to_controller_cmd,,42.363597,True
8.765154581000001,7.0,3,controller_to_actual_cmd,,0.077972,
8.765261413000001,7.0,3,control_period,7.0,49.99999999999982,
8.765707240000001,7.0,1,control_period,7.0,49.99999999999982,
8.765769553,7.0,2,controller_to_actual_cmd,,0.024482,
8.765807351000001,7.0,2,control_period,7.0,49.99999999999982,
8.766074375,7.0,1,controller_to_actual_cmd,,0.420261,
8.781672863,7.015000000000001,1,detector_inference,,7.3625969886779785,
8.782208345,7.015000000000001,1,camera_to_measurement,7.0,8.588041,True
8.798872219,7.03,2,detector_inference,,10.975921630859375,
8.799786485,7.035,2,camera_to_measurement,7.0,13.063203999999999,True
8.799867776000001,7.035,3,camera_to_measurement,7.0,10.370998,True
8.79991457,7.035,3,detector_inference,,8.266630172729492,
8.814806149,7.050000000000001,2,measurement_to_controller_cmd,,15.019663999999999,True
8.815517526,7.050000000000001,1,measurement_to_controller_cmd,,33.309180999999995,True
8.815633494,7.050000000000001,1,controller_to_actual_cmd,,0.115968,
8.815761092,7.050000000000001,1,control_period,7.05,49.99999999999982,
8.815850797000001,7.050000000000001,2,controller_to_actual_cmd,,1.044648,
8.815943658,7.050000000000001,2,control_period,7.05,49.99999999999982,
8.816025181,7.050000000000001,3,measurement_to_controller_cmd,,16.157405,True
8.81610406,7.050000000000001,3,controller_to_actual_cmd,,0.07887899999999999,
8.816191233000001,7.050000000000001,3,control_period,7.05,49.99999999999982,
8.847543341,7.08,1,detector_inference,,6.928234100341797,
8.848351741,7.08,1,camera_to_measurement,7.065,8.611027,True
8.852652229,7.085000000000001,2,camera_to_measurement,7.065,7.7534149999999995,True
8.852723307,7.085000000000001,2,detector_inference,,6.012659072875977,
8.860302042,7.095000000000001,3,detector_inference,,8.606842994689941,
8.860912651000001,7.095000000000001,3,camera_to_measurement,7.065,10.680042,True
8.86479621,7.1000000000000005,1,measurement_to_controller_cmd,,16.444468999999998,True
8.864904792,7.1000000000000005,2,measurement_to_controller_cmd,,12.252563,True
8.865417666,7.1000000000000005,1,controller_to_actual_cmd,,0.621456,
8.865517610000001,7.1000000000000005,1,control_period,7.1,49.99999999999982,
8.865561901000001,7.1000000000000005,2,controller_to_actual_cmd,,0.6571089999999999,
8.865602301000001,7.1000000000000005,2,control_period,7.1,49.99999999999982,
8.865635000000001,7.1000000000000005,3,measurement_to_controller_cmd,,4.7223489999999995,True
8.865666722,7.1000000000000005,3,controller_to_actual_cmd,,0.031722,
8.865706607,7.1000000000000005,3,control_period,7.1,49.99999999999982,
8.915089025,7.15,3,control_period,7.15,50.00000000000071,
8.915791499000001,7.15,2,camera_to_measurement,7.13,10.725309,True
8.915912403,7.15,2,detector_inference,,9.854186058044434,
8.916023467,7.15,2,measurement_to_controller_cmd,,0.23196799999999998,True
8.916125336,7.15,2,controller_to_actual_cmd,,0.101869,
8.916255143,7.15,2,control_period,7.15,50.00000000000071,
8.9163572,7.15,3,controller_to_actual_cmd,,1.3516089999999998,
8.916875697,7.15,1,controller_to_actual_cmd,,0.042629,
8.916942248,7.15,1,control_period,7.15,50.00000000000071,
8.916989483,7.15,3,camera_to_measurement,7.13,9.860908,True
8.917030364,7.15,3,detector_inference,,7.540935039520264,
8.965728063,7.2,1,controller_to_actual_cmd,,0.047019,
8.965821762000001,7.2,1,control_period,7.2,49.99999999999982,
8.965898853,7.2,2,controller_to_actual_cmd,,0.025929999999999998,
8.965939556,7.2,2,control_period,7.2,49.99999999999982,
8.965969804,7.2,3,measurement_to_controller_cmd,,48.980320999999996,True
8.966002935,7.2,3,control_period,7.2,49.99999999999982,
8.966324453,7.2,3,controller_to_actual_cmd,,0.354649,
8.986602608,7.220000000000001,3,detector_inference,,8.158266067504883,
8.990214493,7.2250000000000005,2,camera_to_measurement,7.195,17.353543,True
8.990345076,7.2250000000000005,2,detector_inference,,14.74759292602539,
9.015262065,7.250000000000001,3,measurement_to_controller_cmd,,28.189935,True
9.015949686,7.250000000000001,1,control_period,7.25,49.99999999999982,
9.016032986,7.250000000000001,2,measurement_to_controller_cmd,,25.818493,True
9.016083073,7.250000000000001,3,controller_to_actual_cmd,,0.821008,
9.016133244,7.250000000000001,3,control_period,7.25,49.99999999999982,
9.016461086000001,7.250000000000001,1,controller_to_actual_cmd,,0.623011,
9.016520559,7.250000000000001,2,controller_to_actual_cmd,,0.487573,
9.016569921,7.250000000000001,2,control_period,7.25,49.99999999999982,
9.049683167000001,7.285,1,detector_inference,,8.624266624450684,
9.050184268,7.285,1,camera_to_measurement,7.265,11.206902,True
9.06249041,7.295000000000001,3,detector_inference,,8.831734657287598,
9.065324398000001,7.300000000000001,1,measurement_to_controller_cmd,,15.14013,True
9.065450071,7.300000000000001,1,control_period,7.3,49.99999999999982,
9.065539405,7.300000000000001,3,measurement_to_controller_cmd,,2.487037,True
9.066178153000001,7.300000000000001,1,controller_to_actual_cmd,,0.8537549999999999,
9.066333561,7.300000000000001,2,control_period,7.3,49.99999999999982,
9.066402249000001,7.300000000000001,3,controller_to_actual_cmd,,0.8628439999999999,
9.066461415000001,7.300000000000001,3,control_period,7.3,49.99999999999982,
9.066846634000001,7.300000000000001,2,controller_to_actual_cmd,,0.600011,
9.115371803,7.3500000000000005,1,control_period,7.35,49.99999999999982,
9.115446403,7.3500000000000005,2,controller_to_actual_cmd,,0.025924,
9.115502372,7.3500000000000005,2,control_period,7.35,49.99999999999982,
9.115538057,7.3500000000000005,3,camera_to_measurement,7.33,7.282203999999999,True
9.115573600000001,7.3500000000000005,3,detector_inference,,5.718616962432861,
9.11560298,7.3500000000000005,3,measurement_to_controller_cmd,,0.064923,True
9.115632205,7.3500000000000005,3,controller_to_actual_cmd,,0.029224999999999998,
9.115665444000001,7.3500000000000005,3,control_period,7.35,49.99999999999982,
9.115928771,7.3500000000000005,1,controller_to_actual_cmd,,0.625804,
9.165774078,7.4,1,control_period,7.4,50.00000000000071,
9.165998852000001,7.4,2,control_period,7.4,50.00000000000071,
9.166166893,7.4,3,control_period,7.4,50.00000000000071,
9.168979102,7.4,2,controller_to_actual_cmd,,3.08393,
9.169209841,7.4,3,controller_to_actual_cmd,,3.1177259999999998,
9.170126276000001,7.405,1,controller_to_actual_cmd,,4.467652999999999,
9.178986957000001,7.415,1,detector_inference,,10.26703929901123,
9.179639713,7.415,1,camera_to_measurement,7.395,11.065465,True
9.184985799000001,7.420000000000001,2,detector_inference,,10.155633926391602,
9.185668345,7.420000000000001,2,camera_to_measurement,7.395,12.509141,True
9.191178833,7.425000000000001,3,detector_inference,,6.634708881378174,
9.191864569,7.425000000000001,3,camera_to_measurement,7.395,9.848697,True
9.215246108,7.45,3,measurement_to_controller_cmd,,23.381539,True
9.215410798,7.45,3,control_period,7.45,49.99999999999982,
9.215964302,7.45,1,measurement_to_controller_cmd,,36.324588999999996,True
9.216025996,7.45,1,controller_to_actual_cmd,,0.061694,
9.216083059,7.45,1,control_period,7.45,49.99999999999982,
9.216122965,7.45,2,measurement_to_controller_cmd,,30.45462,True
9.216165143000001,7.45,2,control_period,7.45,49.99999999999982,
9.216213336000001,7.45,3,controller_to_actual_cmd,,0.967228,
9.216663781000001,7.45,2,controller_to_actual_cmd,,0.540816,
9.251116913,7.485,1,detector_inference,,16.376256942749023,
9.251824586000001,7.485,1,camera_to_measurement,7.46,18.811695,True
9.251977041,7.485,2,camera_to_measurement,7.46,13.870111999999999,True
9.252081321,7.485,2,detector_inference,,10.70214557647705,
9.265433207000001,7.500000000000001,1,measurement_to_controller_cmd,,13.608621,True
9.265494095000001,7.500000000000001,1,controller_to_actual_cmd,,0.060888,
9.265564487,7.500000000000001,1,control_period,7.5,49.99999999999982,
9.265602795000001,7.500000000000001,2,measurement_to_controller_cmd,,13.625753999999999,True
9.265639073000001,7.500000000000001,2,controller_to_actual_cmd,,0.036278,
9.265680057,7.500000000000001,2,control_period,7.5,49.99999999999982,
9.26610329,7.500000000000001,3,controller_to_actual_cmd,,0.042954,
9.266157069,7.500000000000001,3,control_period,7.5,49.99999999999982,
9.315345252,7.550000000000001,1,controller_to_actual_cmd,,0.093494,
9.31549436,7.550000000000001,1,control_period,7.55,49.99999999999982,
9.315740315000001,7.550000000000001,3,controller_to_actual_cmd,,0.066651,
9.315846345,7.550000000000001,3,control_period,7.55,49.99999999999982,
9.316482554,7.550000000000001,2,controller_to_actual_cmd,,0.883614,
9.31659773,7.550000000000001,2,control_period,7.55,49.99999999999982,
9.317203341,7.550000000000001,1,detector_inference,,18.396102905273438,
9.317945252000001,7.550000000000001,1,camera_to_measurement,7.525,21.22306,True
9.318089236,7.550000000000001,2,detector_inference,,13.335583686828613,
9.318206849000001,7.550000000000001,3,detector_inference,,9.298650741577148,
9.318909175,7.550000000000001,2,camera_to_measurement,7.525,16.497249999999998,True
9.31904853,7.550000000000001,3,camera_to_measurement,7.525,11.333008999999999,True
9.366108457000001,7.6000000000000005,1,measurement_to_controller_cmd,,48.163205,True
9.366266328,7.6000000000000005,1,control_period,7.6,49.99999999999982,
9.369209792000001,7.6000000000000005,2,measurement_to_controller_cmd,,50.300616999999995,True
9.369382511000001,7.6000000000000005,2,control_period,7.6,49.99999999999982,
9.369501794000001,7.6000000000000005,3,measurement_to_controller_cmd,,50.453264,True
9.369624025,7.6000000000000005,3,control_period,7.6,49.99999999999982,
9.370422685000001,7.605,1,controller_to_actual_cmd,,4.314228,
9.370539783,7.605,2,controller_to_actual_cmd,,1.329991,
9.370631026,7.605,3,controller_to_actual_cmd,,1.129232,
9.377383258,7.61,1,detector_inference,,7.989699840545654,
9.377855411,7.61,1,camera_to_measurement,7.595,9.03122,True
9.391446918,7.625000000000001,2,detector_inference,,14.963271141052246,
9.391657715000001,7.625000000000001,3,camera_to_measurement,7.595,11.109097,True
9.391767174,7.625000000000001,3,detector_inference,,8.360823631286621,
9.392431133,7.625000000000001,2,camera_to_measurement,7.595,19.177595,True
9.415048255,7.65,2,measurement_to_controller_cmd,,22.617122,True
9.415255703,7.65,2,control_period,7.65,50.00000000000071,
9.415377579000001,7.65,3,measurement_to_controller_cmd,,23.719863999999998,True
9.415481862,7.65,3,controller_to_actual_cmd,,0.104283,
9.415582351000001,7.65,3,control_period,7.65,50.00000000000071,
9.416128373000001,7.65,1,measurement_to_controller_cmd,,38.272962,True
9.416223341,7.65,1,controller_to_actual_cmd,,0.094968,
9.416318075000001,7.65,1,control_period,7.65,50.00000000000071,
9.416395435,7.65,2,controller_to_actual_cmd,,1.34718,
9.448049777000001,7.680000000000001,1,detector_inference,,11.404462814331055,
9.448689247,7.680000000000001,2,camera_to_measurement,7.66,10.040382,True
9.448797375,7.680000000000001,2,detector_inference,,8.035497665405273,
9.45403635,7.69,3,detector_inference,,5.676813125610352,
9.454646372000001,7.69,3,camera_to_measurement,7.66,7.480868999999999,True
9.465236183,7.7,1,measurement_to_controller_cmd,,17.268091,True
9.465278701,7.7,1,controller_to_actual_cmd,,0.042518,
9.465328531,7.7,1,control_period,7.7,49.99999999999982,
9.465362921,7.7,2,measurement_to_controller_cmd,,16.673674,True
9.465391745,7.7,2,controller_to_actual_cmd,,0.028824,
9.465427231000001,7.7,2,control_period,7.7,49.99999999999982,
9.465457402,7.7,3,measurement_to_controller_cmd,,10.811029999999999,True
9.465508869,7.7,3,controller_to_actual_cmd,,0.051467,
9.4655492,7.7,3,control_period,7.7,49.99999999999982,
9.512025844,7.745,1,detector_inference,,14.547624588012695,
9.512828549,7.745,3,camera_to_measurement,7.725,9.741966999999999,True
9.512924444000001,7.745,3,detector_inference,,8.30517578125,
9.515158278000001,7.750000000000001,1,measurement_to_controller_cmd,,2.435877,True
9.515279751000001,7.750000000000001,1,controller_to_actual_cmd,,0.121473,
9.515405238000001,7.750000000000001,1,control_period,7.75,49.99999999999982,
9.515679934000001,7.750000000000001,2,control_period,7.75,49.99999999999982,
9.515765868,7.750000000000001,3,measurement_to_controller_cmd,,2.937319,True
9.515859259,7.750000000000001,3,control_period,7.75,49.99999999999982,
9.516523488,7.750000000000001,2,controller_to_actual_cmd,,0.941171,
9.516623584000001,7.750000000000001,3,controller_to_actual_cmd,,0.8577159999999999,
9.565726228,7.800000000000001,1,control_period,7.8,49.99999999999982,
9.566917993,7.800000000000001,1,controller_to_actual_cmd,,1.25803,
9.56976058,7.800000000000001,3,controller_to_actual_cmd,,0.039186,
9.569845759000001,7.800000000000001,3,control_period,7.8,49.99999999999982,
9.570589671,7.805000000000001,2,controller_to_actual_cmd,,0.042429999999999995,
9.57067907,7.805000000000001,2,control_period,7.8,49.99999999999982,
9.572455249,7.805000000000001,1,camera_to_measurement,7.79,9.922297,True
9.572530092000001,7.805000000000001,1,detector_inference,,9.09679126739502,
9.576832923000001,7.8100000000000005,2,detector_inference,,7.207053184509277,
9.577247362000001,7.8100000000000005,2,camera_to_measurement,7.79,7.829270999999999,True
9.587346523,7.82,3,camera_to_measurement,7.79,15.439335999999999,True
9.587422617000001,7.82,3,detector_inference,,13.986184120178223,
9.614882987000001,7.8500000000000005,1,measurement_to_controller_cmd,,42.427738,True
9.615016318,7.8500000000000005,1,control_period,7.85,49.99999999999982,
9.615080872,7.8500000000000005,3,measurement_to_controller_cmd,,27.734348999999998,True
9.615124872,7.8500000000000005,3,controller_to_actual_cmd,,0.044,
9.615172775000001,7.8500000000000005,3,control_period,7.85,49.99999999999982,
9.615558452,7.8500000000000005,1,controller_to_actual_cmd,,0.675465,
9.615616637,7.8500000000000005,2,measurement_to_controller_cmd,,38.369275,True
9.615659283000001,7.8500000000000005,2,controller_to_actual_cmd,,0.042645999999999996,
9.615712616,7.8500000000000005,2,control_period,7.85,49.99999999999982,
9.640308751000001,7.875000000000001,3,detector_inference,,6.276402950286865,
9.640691228000001,7.875000000000001,3,camera_to_measurement,7.855,7.874286,True
9.665323712000001,7.9,3,measurement_to_controller_cmd,,24.632483999999998,True
9.666085173,7.9,1,controller_to_actual_cmd,,0.14288399999999998,
9.666200922,7.9,1,control_period,7.9,50.00000000000071,
9.66629567,7.9,2,controller_to_actual_cmd,,1.0688469999999999,
9.666384401,7.9,2,control_period,7.9,50.00000000000071,
9.666461008,7.9,3,controller_to_actual_cmd,,1.1372959999999999,
9.666615787000001,7.9,3,control_period,7.9,50.00000000000071,
9.710615316,7.945,1,detector_inference,,10.359620094299316,
9.711181781,7.945,1,camera_to_measurement,7.925,12.824430999999999,True
9.711350538000001,7.945,2,detector_inference,,8.556892395019531,
9.714492802,7.95,1,measurement_to_controller_cmd,,3.3110209999999998,True
9.714556296000001,7.95,2,measurement_to_controller_cmd,,3.2671159999999997,True
9.714894048000001,7.95,1,controller_to_actual_cmd,,0.401246,
9.714959572000001,7.95,1,control_period,7.95,49.99999999999982,
9.715000498,7.95,2,controller_to_actual_cmd,,0.444202,
9.715040323,7.95,2,control_period,7.95,49.99999999999982,
9.715127885000001,7.95,3,control_period,7.95,49.99999999999982,
9.715443004,7.95,3,controller_to_actual_cmd,,0.35818,
9.765809793,8.0,1,control_period,8.0,49.99999999999982,
9.765953795000001,8.0,2,control_period,8.0,49.99999999999982,
9.766078,8.0,3,controller_to_actual_cmd,,0.049608,
9.766144939,8.0,3,control_period,8.0,49.99999999999982,
9.76665534,8.0,1,controller_to_actual_cmd,,0.933013,
9.766714700000001,8.0,2,controller_to_actual_cmd,,0.8283419999999999,
9.773693451,8.005,1,detector_inference,,10.51869010925293,
9.774406925000001,8.01,1,camera_to_measurement,7.99,12.607023,True
9.815297749,8.05,1,measurement_to_controller_cmd,,40.890823999999995,True
9.815349608,8.05,1,controller_to_actual_cmd,,0.051858999999999995,
9.815406993,8.05,1,control_period,8.05,50.00000000000071,
9.81546529,8.05,2,controller_to_actual_cmd,,0.023738,
9.815510133,8.05,2,control_period,8.05,50.00000000000071,
9.815566070000001,8.05,3,controller_to_actual_cmd,,0.023583,
9.815602676000001,8.05,3,control_period,8.05,50.00000000000071,
9.83901346,8.07,1,detector_inference,,9.537041664123535,
9.840051872,8.075000000000001,1,camera_to_measurement,8.055,11.885665,True
9.843126342000001,8.075000000000001,2,camera_to_measurement,8.055,9.918762,True
9.843278058000001,8.075000000000001,2,detector_inference,,9.257610321044922,
9.865510883,8.1,1,measurement_to_controller_cmd,,25.459011,True
9.865671503,8.1,1,control_period,8.1,49.999999999998934,
9.865859773,8.1,3,control_period,8.1,49.999999999998934,
9.866520193000001,8.1,1,controller_to_actual_cmd,,1.00931,
9.866629701,8.1,2,measurement_to_controller_cmd,,23.503359,True
9.866739481,8.1,2,controller_to_actual_cmd,,0.10977999999999999,
9.866855925000001,8.1,2,control_period,8.1,49.999999999998934,
9.866940343000001,8.1,3,controller_to_actual_cmd,,1.1673449999999999,
9.905484035,8.14,2,detector_inference,,9.984554290771484,
9.906041017000002,8.14,2,camera_to_measurement,8.12,11.435772,True
9.906131989,8.14,3,camera_to_measurement,8.12,8.542081,True
9.906184496,8.14,3,detector_inference,,6.967588901519775,
9.914788551000001,8.15,1,controller_to_actual_cmd,,0.042766,
9.914859236,8.15,1,control_period,8.15,50.00000000000071,
9.914893501,8.15,2,measurement_to_controller_cmd,,8.852484,True
9.914928759,8.15,2,control_period,8.15,50.00000000000071,
9.914958946,8.15,3,measurement_to_controller_cmd,,8.826957,True
9.914994336000001,8.15,3,control_period,8.15,50.00000000000071,
9.915291409,8.15,2,controller_to_actual_cmd,,0.397908,
9.915328846000001,8.15,3,controller_to_actual_cmd,,0.3699,
9.96526659,8.200000000000001,3,controller_to_actual_cmd,,0.032917999999999996,
9.965333004000001,8.200000000000001,3,control_period,8.2,49.999999999998934,
9.965773525000001,8.200000000000001,1,controller_to_actual_cmd,,0.042087,
9.96583464,8.200000000000001,1,control_period,8.2,49.999999999998934,
9.965904865,8.200000000000001,2,control_period,8.2,49.999999999998934,
9.966275227,8.200000000000001,2,controller_to_actual_cmd,,0.403317,
9.971210502,8.205,1,detector_inference,,13.850445747375488,
9.971631751,8.205,1,camera_to_measurement,8.185,15.712567,True
9.972055652,8.205,3,camera_to_measurement,8.185,9.316352,True
9.972113586,8.205,3,detector_inference,,7.653049945831299,
10.014842427000001,8.25,2,controller_to_actual_cmd,,0.067762,
10.014957337,8.25,2,control_period,8.25,50.00000000000071,
10.015410301000001,8.25,1,measurement_to_controller_cmd,,43.778549999999996,True
10.01549454,8.25,1,controller_to_actual_cmd,,0.084239,
10.015606926,8.25,1,control_period,8.25,50.00000000000071,
10.015662131000001,8.25,3,measurement_to_controller_cmd,,43.606479,True
10.015695768,8.25,3,controller_to_actual_cmd,,0.033637,
10.015731005000001,8.25,3,control_period,8.25,50.00000000000071,
10.04403781,8.280000000000001,2,detector_inference,,8.962493896484375,
10.044692268,8.280000000000001,1,camera_to_measurement,8.255,16.292202,True
10.044791967,8.280000000000001,1,detector_inference,,12.763628005981445,
10.044895569000001,8.280000000000001,2,camera_to_measurement,8.255,12.521116,True
10.065255336,8.3,1,measurement_to_controller_cmd,,20.563067999999998,True
10.065316049,8.3,1,controller_to_actual_cmd,,0.060712999999999996,
10.065391887,8.3,1,control_period,8.3,50.00000000000071,
10.065431433,8.3,2,measurement_to_controller_cmd,,20.535864,True
10.065466262000001,8.3,2,controller_to_actual_cmd,,0.034829,
10.065515804,8.3,2,control_period,8.3,50.00000000000071,
10.065585319,8.3,3,control_period,8.3,50.00000000000071,
10.066178594,8.3,3,controller_to_actual_cmd,,0.6269399999999999,
10.103233580000001,8.335,1,camera_to_measurement,8.32,11.365632999999999,True
10.103304688000001,8.335,1,detector_inference,,8.907593727111816,
10.112865283000001,8.345,3,detector_inference,,7.6543731689453125,
10.113462594000001,8.345,3,camera_to_measurement,8.32,10.836267999999999,True
10.11408173,8.35,2,camera_to_measurement,8.32,17.658286999999998,True
10.11414729,8.35,2,detector_inference,,15.376190185546875,
10.11472953,8.35,1,measurement_to_controller_cmd,,11.495949999999999,True
10.114801047,8.35,3,measurement_to_controller_cmd,,1.338453,True
10.11487718,8.35,3,control_period,8.35,49.999999999998934,
10.115409641000001,8.35,1,controller_to_actual_cmd,,0.680111,
10.11549284,8.35,1,control_period,8.35,49.999999999998934,
10.115534352000001,8.35,2,measurement_to_controller_cmd,,1.4526219999999999,True
10.115567218,8.35,2,controller_to_actual_cmd,,0.032866,
10.115604029,8.35,2,control_period,8.35,49.999999999998934,
10.115641878,8.35,3,controller_to_actual_cmd,,0.840831,
10.166976929,8.4,1,controller_to_actual_cmd,,0.10073599999999999,
10.167149618,8.4,1,control_period,8.4,50.00000000000071,
10.167392940000001,8.4,2,control_period,8.4,50.00000000000071,
10.167525128000001,8.4,3,controller_to_actual_cmd,,1.5323289999999998,
10.168313052,8.4,2,controller_to_actual_cmd,,1.036694,
10.168471226000001,8.4,3,control_period,8.4,50.00000000000071,
10.175807238,8.41,1,detector_inference,,16.9709415435791,
10.17661374,8.41,1,camera_to_measurement,8.385,20.386893999999998,True
10.176724712,8.41,3,camera_to_measurement,8.385,11.961527,True
10.176776262,8.41,3,detector_inference,,10.180116653442383,
10.178030034,8.41,2,camera_to_measurement,8.385,17.693594,True
10.17808915,8.41,2,detector_inference,,16.378398895263672,
10.2149253,8.450000000000001,1,measurement_to_controller_cmd,,38.31156,True
10.215020690000001,8.450000000000001,3,measurement_to_controller_cmd,,38.295978,True
10.21539607,8.450000000000001,1,controller_to_actual_cmd,,0.47076999999999997,
10.215487423,8.450000000000001,1,control_period,8.45,49.999999999998934,
10.215539114,8.450000000000001,2,measurement_to_controller_cmd,,37.50908,True
10.215579669,8.450000000000001,2,controller_to_actual_cmd,,0.040555,
10.215760765,8.450000000000001,2,control_period,8.45,49.999999999998934,
10.215885457,8.450000000000001,3,control_period,8.45,49.999999999998934,
10.21651138,8.450000000000001,3,controller_to_actual_cmd,,1.4906899999999998,
10.23302215,8.465,1,detector_inference,,7.679874897003174,
10.233999501000001,8.465,1,camera_to_measurement,8.45,10.320489,True
10.242747329,8.475,3,camera_to_measurement,8.45,6.638724,True
10.242864186,8.475,3,detector_inference,,5.712691783905029,
10.264618567000001,8.5,1,measurement_to_controller_cmd,,30.619066,True
10.265103956,8.5,1,controller_to_actual_cmd,,0.48538899999999996,
10.265201211,8.5,1,control_period,8.5,50.00000000000071,
10.265259528000001,8.5,2,controller_to_actual_cmd,,0.023839,
10.265296278000001,8.5,2,control_period,8.5,50.00000000000071,
10.265327404,8.5,3,measurement_to_controller_cmd,,22.580074999999997,True
10.265361104,8.5,3,control_period,8.5,50.00000000000071,
10.265624315,8.5,3,controller_to_actual_cmd,,0.296911,
10.298882988,8.530000000000001,1,camera_to_measurement,8.515,11.777474,True
10.299006605,8.530000000000001,1,detector_inference,,9.165603637695312,
10.306625986,8.540000000000001,2,detector_inference,,13.89126968383789,
10.306972376000001,8.540000000000001,2,camera_to_measurement,8.515,15.118808,True
10.307036119000001,8.540000000000001,3,camera_to_measurement,8.515,8.851863999999999,True
10.307082645000001,8.540000000000001,3,detector_inference,,7.871784210205078,
10.315087980000001,8.55,3,measurement_to_controller_cmd,,8.051860999999999,True
10.315379748,8.55,1,measurement_to_controller_cmd,,16.49676,True
10.315419444,8.55,1,controller_to_actual_cmd,,0.039695999999999995,
10.315485251,8.55,1,control_period,8.55,50.00000000000071,
10.315522591,8.55,2,measurement_to_controller_cmd,,8.550215,True
10.315554173,8.55,2,controller_to_actual_cmd,,0.031582,
10.315590498,8.55,2,control_period,8.55,50.00000000000071,
10.315622539000001,8.55,3,controller_to_actual_cmd,,0.534559,
10.315657163000001,8.55,3,control_period,8.55,50.00000000000071,
10.366302047000001,8.600000000000001,1,camera_to_measurement,8.585,9.847952,True
10.366403481,8.600000000000001,1,detector_inference,,6.747741222381592,
10.366511567,8.600000000000001,1,measurement_to_controller_cmd,,0.20951999999999998,True
10.366594846,8.600000000000001,1,controller_to_actual_cmd,,0.08327899999999999,
10.366688718,8.600000000000001,1,control_period,8.6,49.999999999998934,
10.366841041,8.600000000000001,2,controller_to_actual_cmd,,0.066039,
10.366938932,8.600000000000001,2,control_period,8.6,49.999999999998934,
10.36708433,8.600000000000001,3,controller_to_actual_cmd,,0.061207,
10.367171966,8.600000000000001,3,control_period,8.6,49.999999999998934,
10.37184959,8.605,3,detector_inference,,5.816691875457764,
10.37239108,8.605,3,camera_to_measurement,8.585,7.8049539999999995,True
10.415312834,8.65,1,controller_to_actual_cmd,,0.037931,
10.415391347,8.65,1,control_period,8.65,50.00000000000071,
10.415433202000001,8.65,2,controller_to_actual_cmd,,0.7282219999999999,
10.415490279,8.65,2,control_period,8.65,50.00000000000071,
10.416188287,8.65,3,measurement_to_controller_cmd,,43.797207,True
10.416579760000001,8.65,3,control_period,8.65,50.00000000000071,
10.416902006,8.65,3,controller_to_actual_cmd,,0.713719,
10.433172159000001,8.665000000000001,1,detector_inference,,6.92368221282959,
10.433945645000001,8.665000000000001,1,camera_to_measurement,8.65,9.031203999999999,True
10.440065217,8.675,2,camera_to_measurement,8.65,10.299683,True
10.440210779000001,8.675,2,detector_inference,,7.533201217651367,
10.450452294000002,8.685,3,detector_inference,,11.386510848999023,
10.450829657,8.685,3,camera_to_measurement,8.65,12.958464999999999,True
10.465058156000001,8.700000000000001,2,measurement_to_controller_cmd,,24.992939,True
10.465224869,8.700000000000001,2,control_period,8.7,49.999999999998934,
10.465344163000001,8.700000000000001,3,measurement_to_controller_cmd,,14.514505999999999,True
10.465483208,8.700000000000001,3,control_period,8.7,49.999999999998934,
10.465961884,8.700000000000001,1,measurement_to_controller_cmd,,32.016239,True
10.466017970000001,8.700000000000001,1,controller_to_actual_cmd,,0.056086,
10.466072299,8.700000000000001,1,control_period,8.7,49.999999999998934,
10.466108975000001,8.700000000000001,2,controller_to_actual_cmd,,1.050819,
10.466143075000002,8.700000000000001,3,controller_to_actual_cmd,,0.798912,
10.505694707,8.74,1,camera_to_measurement,8.715,17.401650999999998,True
10.50580129,8.74,1,detector_inference,,15.756060600280762,
10.506662072000001,8.74,3,detector_inference,,7.594077110290527,
10.514860812,8.75,1,measurement_to_controller_cmd,,9.166105,True
10.514995384,8.75,1,control_period,8.75,50.00000000000071,
10.515199154000001,8.75,2,control_period,8.75,50.00000000000071,
10.515294650000001,8.75,3,measurement_to_controller_cmd,,8.666096999999999,True
10.515391172000001,8.75,3,control_period,8.75,50.00000000000071,
10.515788370000001,8.75,1,controller_to_actual_cmd,,0.927558,
10.515840062,8.75,2,controller_to_actual_cmd,,0.72808,
10.515876582,8.75,3,controller_to_actual_cmd,,0.581932,
10.566508675000001,8.8,1,controller_to_actual_cmd,,0.051771,
10.566590139,8.8,1,control_period,8.8,50.00000000000071,
10.566654416,8.8,2,controller_to_actual_cmd,,0.02677,
10.566699585,8.8,2,control_period,8.8,50.00000000000071,
10.566769772,8.8,3,controller_to_actual_cmd,,0.027174999999999998,
10.56680873,8.8,3,control_period,8.8,50.00000000000071,
10.567861070000001,8.8,2,detector_inference,,12.080696105957031,
10.568592908000001,8.8,2,camera_to_measurement,8.78,14.422556,True
10.569329486,8.8,3,detector_inference,,8.856222152709961,
10.615365786,8.850000000000001,1,control_period,8.85,49.999999999998934,
10.615450608000002,8.850000000000001,2,measurement_to_controller_cmd,,46.8577,True
10.61552788,8.850000000000001,3,measurement_to_controller_cmd,,46.250222,True
10.615604628,8.850000000000001,3,control_period,8.85,49.999999999998934,
10.616028426000002,8.850000000000001,1,controller_to_actual_cmd,,0.757876,
10.616099086,8.850000000000001,2,control_period,8.85,49.999999999998934,
10.616143672000002,8.850000000000001,3,controller_to_actual_cmd,,0.615792,
10.61672967,8.850000000000001,2,controller_to_actual_cmd,,1.279062,
10.630359377000001,8.865,1,camera_to_measurement,8.845,9.262189,True
10.630492239,8.865,1,detector_inference,,8.019200325012207,
10.641404973,8.875,3,camera_to_measurement,8.845,7.949894,True
10.64149396,8.875,3,detector_inference,,7.320611953735352,
10.665290511,8.9,1,measurement_to_controller_cmd,,34.931134,True
10.665398467000001,8.9,1,controller_to_actual_cmd,,0.107956,
10.66554982,8.9,1,control_period,8.9,50.00000000000071,
10.665658481000001,8.9,3,measurement_to_controller_cmd,,24.253508,True
10.665695849,8.9,3,controller_to_actual_cmd,,0.037368,
10.665740809,8.9,3,control_period,8.9,50.00000000000071,
10.666068583000001,8.9,2,controller_to_actual_cmd,,0.443056,
10.666123477000001,8.9,2,control_period,8.9,50.00000000000071,
10.715147984000001,8.950000000000001,1,control_period,8.95,49.999999999998934,
10.715275962000002,8.950000000000001,2,controller_to_actual_cmd,,0.038978,
10.715329742000002,8.950000000000001,2,control_period,8.95,49.999999999998934,
10.715385224,8.950000000000001,3,controller_to_actual_cmd,,0.023353,
10.715417853,8.950000000000001,3,control_period,8.95,49.999999999998934,
10.715706280000001,8.950000000000001,1,controller_to_actual_cmd,,0.913381,
10.761361697,8.995000000000001,1,camera_to_measurement,8.98,9.602121,True
10.761492227000002,8.995000000000001,1,detector_inference,,8.664159774780273,
10.765449419000001,9.0,1,measurement_to_controller_cmd,,4.087721999999999,True
10.765667734,9.0,1,control_period,9.0,50.00000000000071,
10.766024001,9.0,3,control_period,9.0,50.00000000000071,
10.766756221000001,9.0,1,controller_to_actual_cmd,,1.306802,
10.766868251,9.0,2,controller_to_actual_cmd,,1.058436,
10.766974555000001,9.0,2,control_period,9.0,50.00000000000071,
10.767066905,9.0,3,controller_to_actual_cmd,,1.1681629999999998,
10.770940954,9.005,2,detector_inference,,11.373248100280762,
10.771576054,9.005,2,camera_to_measurement,8.98,12.577929,True
10.815436319,9.05,1,control_period,9.05,50.00000000000071,
10.815516776,9.05,2,measurement_to_controller_cmd,,43.940722,True
10.815575703,9.05,2,control_period,9.05,50.00000000000071,
10.815686945000001,9.05,3,control_period,9.05,50.00000000000071,
10.81624934,9.05,1,controller_to_actual_cmd,,0.894247,
10.816312455,9.05,2,controller_to_actual_cmd,,0.7956789999999999,
10.816352651,9.05,3,controller_to_actual_cmd,,0.715221,
10.829812515,9.065000000000001,1,camera_to_measurement,9.045,9.252737999999999,True
10.829870770000001,9.065000000000001,1,detector_inference,,6.501567840576172,
10.865682168000001,9.100000000000001,1,measurement_to_controller_cmd,,35.869653,True
10.865754625000001,9.100000000000001,1,controller_to_actual_cmd,,0.072457,
10.865838926,9.100000000000001,1,control_period,9.1,49.999999999998934,
10.865918819000001,9.100000000000001,2,control_period,9.1,49.999999999998934,
10.865955796000001,9.100000000000001,3,control_period,9.1,49.999999999998934,
10.866221142,9.100000000000001,2,controller_to_actual_cmd,,0.336598,
10.866257984,9.100000000000001,3,controller_to_actual_cmd,,0.8922749999999999,
10.895341787000001,9.13,1,camera_to_measurement,9.11,9.383288,True
10.895512916000001,9.13,1,detector_inference,,8.55681324005127,
10.914786553,9.15,1,measurement_to_controller_cmd,,19.444765999999998,True
10.914871003,9.15,1,control_period,9.15,50.00000000000071,
10.914944477,9.15,2,controller_to_actual_cmd,,0.023993999999999998,
10.914979867000001,9.15,2,control_period,9.15,50.00000000000071,
10.915035615,9.15,3,controller_to_actual_cmd,,0.02332,
10.915071065000001,9.15,3,control_period,9.15,50.00000000000071,
10.915329991,9.15,1,controller_to_actual_cmd,,0.543438,
10.963875381000001,9.195,3,detector_inference,,8.661810874938965,
10.964804532,9.200000000000001,2,camera_to_measurement,9.175,13.189129,True
10.964925778000001,9.200000000000001,2,detector_inference,,11.348959922790527,
10.96505378,9.200000000000001,3,camera_to_measurement,9.175,10.157089,True
10.966095926000001,9.200000000000001,1,control_period,9.2,49.999999999998934,
10.966185535000001,9.200000000000001,2,measurement_to_controller_cmd,,1.381003,True
10.966265705000001,9.200000000000001,2,controller_to_actual_cmd,,0.08016999999999999,
10.966363316,9.200000000000001,2,control_period,9.2,49.999999999998934,
10.966449752,9.200000000000001,3,measurement_to_controller_cmd,,1.395972,True
10.966566086,9.200000000000001,3,control_period,9.2,49.999999999998934,
10.967203406000001,9.200000000000001,1,controller_to_actual_cmd,,1.222043,
10.967323322,9.200000000000001,3,controller_to_actual_cmd,,0.87357,
11.016647252,9.25,2,controller_to_actual_cmd,,0.09282699999999999,
11.016833814,9.25,2,control_period,9.25,50.00000000000071,
11.017002036000001,9.25,3,controller_to_actual_cmd,,0.069966,
11.017101458,9.25,3,control_period,9.25,50.00000000000071,
11.017676748000001,9.25,1,control_period,9.25,50.00000000000071,
11.020889556,9.255,1,controller_to_actual_cmd,,3.2945919999999997,
11.035375105,9.270000000000001,2,camera_to_measurement,9.245,9.551067999999999,True
11.035447298000001,9.270000000000001,2,detector_inference,,8.504579544067383,
11.036894419000001,9.270000000000001,1,detector_inference,,16.26044464111328,
11.037517552,9.270000000000001,1,camera_to_measurement,9.245,17.786556,True
11.045547070000001,9.280000000000001,3,camera_to_measurement,9.245,13.915638999999999,True
11.045641726000001,9.280000000000001,3,detector_inference,,11.101421356201172,
11.06545889,9.3,2,measurement_to_controller_cmd,,30.083785,True
11.065551162,9.3,2,control_period,9.3,50.00000000000071,
11.065600509000001,9.3,3,measurement_to_controller_cmd,,20.053438999999997,True
11.065648251,9.3,3,control_period,9.3,50.00000000000071,
11.066261054,9.3,1,measurement_to_controller_cmd,,28.743502,True
11.066384801,9.3,1,control_period,9.3,50.00000000000071,
11.066480302,9.3,2,controller_to_actual_cmd,,1.021412,
11.066535105,9.3,3,controller_to_actual_cmd,,0.934596,
11.066869597,9.3,1,controller_to_actual_cmd,,0.608543,
11.091948926,9.325000000000001,1,detector_inference,,7.759352207183838,
11.092592354,9.325000000000001,1,camera_to_measurement,9.31,8.581991,True
11.114678025,9.350000000000001,1,measurement_to_controller_cmd,,22.085670999999998,True
11.114832516,9.350000000000001,1,controller_to_actual_cmd,,0.154491,
11.114963227,9.350000000000001,1,control_period,9.35,49.999999999998934,
11.115072899000001,9.350000000000001,2,control_period,9.35,49.999999999998934,
11.115131183,9.350000000000001,3,controller_to_actual_cmd,,0.023552,
11.115164678000001,9.350000000000001,3,control_period,9.35,49.999999999998934,
11.115423406000001,9.350000000000001,2,controller_to_actual_cmd,,0.389461,
11.162647335,9.395000000000001,3,detector_inference,,6.492283821105957,
11.16516679,9.4,1,controller_to_actual_cmd,,0.050628,
11.165275677,9.4,1,control_period,9.4,50.00000000000071,
11.165341619000001,9.4,2,control_period,9.4,50.00000000000071,
11.165855856,9.4,2,controller_to_actual_cmd,,1.165195,
11.165912319,9.4,3,measurement_to_controller_cmd,,3.3417619999999997,True
11.165956356,9.4,3,controller_to_actual_cmd,,0.044037,
11.166021265000001,9.4,3,control_period,9.4,50.00000000000071,
11.218110758,9.450000000000001,1,controller_to_actual_cmd,,0.044337999999999995,
11.218186726,9.450000000000001,1,control_period,9.45,49.999999999998934,
11.218257971,9.450000000000001,2,controller_to_actual_cmd,,0.029793999999999998,
11.218302731000001,9.450000000000001,2,control_period,9.45,49.999999999998934,
11.218372853,9.450000000000001,3,controller_to_actual_cmd,,0.028945,
11.218416057,9.450000000000001,3,control_period,9.45,49.999999999998934,
11.236174307,9.47,1,detector_inference,,19.937599182128906,
11.236650697,9.47,1,camera_to_measurement,9.44,19.781661,True
11.236733375,9.47,3,camera_to_measurement,9.44,10.567953,True
11.23677748,9.47,3,detector_inference,,8.241595268249512,
11.265448311,9.5,3,measurement_to_controller_cmd,,28.714935999999998,True
11.266083997,9.5,1,measurement_to_controller_cmd,,29.4333,True
11.266147386,9.5,1,controller_to_actual_cmd,,0.063389,
11.266216291000001,9.5,1,control_period,9.5,50.00000000000071,
11.266255442,9.5,2,controller_to_actual_cmd,,0.9011939999999999,
11.26630648,9.5,2,control_period,9.5,50.00000000000071,
11.266342620000001,9.5,3,controller_to_actual_cmd,,0.8943089999999999,
11.26639667,9.5,3,control_period,9.5,50.00000000000071,
11.296233213,9.530000000000001,1,detector_inference,,13.159846305847168,
11.296297541000001,9.530000000000001,2,detector_inference,,8.729971885681152,
11.296678316000001,9.530000000000001,1,camera_to_measurement,9.505,15.743086,True
11.296741304000001,9.530000000000001,2,camera_to_measurement,9.505,10.065987,True
11.314994776,9.55,3,controller_to_actual_cmd,,0.349865,
11.315102404000001,9.55,3,control_period,9.55,50.00000000000071,
11.315635173,9.55,1,measurement_to_controller_cmd,,18.956857,True
11.315719003,9.55,1,controller_to_actual_cmd,,0.08383,
11.315895083000001,9.55,1,control_period,9.55,50.00000000000071,
11.31601008,9.55,2,measurement_to_controller_cmd,,19.268776,True
11.316102459000001,9.55,2,controller_to_actual_cmd,,0.09237899999999999,
11.316205725000001,9.55,2,control_period,9.55,50.00000000000071,
11.365686054000001,9.600000000000001,1,controller_to_actual_cmd,,0.038405999999999996,
11.365768212,9.600000000000001,1,control_period,9.6,49.999999999998934,
11.366245043000001,9.600000000000001,2,controller_to_actual_cmd,,0.040698,
11.366295104,9.600000000000001,3,controller_to_actual_cmd,,0.482338,
11.366370423000001,9.600000000000001,3,control_period,9.6,49.999999999998934,
11.366729932,9.600000000000001,2,control_period,9.6,49.999999999998934,
11.368176235,9.600000000000001,1,detector_inference,,19.875892639160156,
11.36853237,9.600000000000001,1,camera_to_measurement,9.575,20.969786,True
11.370078745,9.605,3,detector_inference,,8.756888389587402,
11.37042944,9.605,3,camera_to_measurement,9.575,8.854034,True
11.416310998,9.65,3,measurement_to_controller_cmd,,45.881558,True
11.417246186,9.65,1,measurement_to_controller_cmd,,48.713816,True
11.419746454,9.65,2,control_period,9.65,50.00000000000071,
11.419835491,9.65,3,controller_to_actual_cmd,,3.5244929999999997,
11.41988697,9.65,3,control_period,9.65,50.00000000000071,
11.420490337,9.655000000000001,1,controller_to_actual_cmd,,3.244151,
11.420581662,9.655000000000001,1,control_period,9.65,50.00000000000071,
11.420645731,9.655000000000001,2,controller_to_actual_cmd,,4.374365,
11.436516241000001,9.67,3,detector_inference,,9.574867248535156,
11.437227775,9.67,3,camera_to_measurement,9.64,12.090591,True
11.438004541000002,9.67,2,camera_to_measurement,9.64,18.638876,True
11.438112219,9.67,2,detector_inference,,15.867140769958496,
11.465255993000001,9.700000000000001,1,controller_to_actual_cmd,,0.039358,
11.465326756000001,9.700000000000001,1,control_period,9.7,49.999999999998934,
11.465363835000002,9.700000000000001,2,measurement_to_controller_cmd,,27.359294,True
11.465413053,9.700000000000001,2,control_period,9.7,49.999999999998934,
11.465734577000001,9.700000000000001,2,controller_to_actual_cmd,,0.37074199999999996,
11.465776954,9.700000000000001,3,measurement_to_controller_cmd,,28.549179,True
11.465825411,9.700000000000001,3,control_period,9.7,49.999999999998934,
11.466089796,9.700000000000001,3,controller_to_actual_cmd,,0.312842,
11.492347800000001,9.725000000000001,3,camera_to_measurement,9.705,7.692734,True
11.492413321,9.725000000000001,3,detector_inference,,5.653141975402832,
11.514970686,9.75,2,controller_to_actual_cmd,,0.048109,
11.515072931,9.75,2,control_period,9.75,50.00000000000071,
11.515561558,9.75,1,controller_to_actual_cmd,,0.032368,
11.515617669000001,9.75,1,control_period,9.75,50.00000000000071,
11.515653426,9.75,3,measurement_to_controller_cmd,,23.305626,True
11.515684766000001,9.75,3,controller_to_actual_cmd,,0.03134,
11.515721768,9.75,3,control_period,9.75,50.00000000000071,
11.561301067,9.795,2,detector_inference,,11.477703094482422,
11.561372807000001,9.795,3,detector_inference,,8.967060089111328,
11.561795689,9.795,2,camera_to_measurement,9.77,14.159745,True
11.561874576000001,9.795,3,camera_to_measurement,9.77,11.141765999999999,True
11.565443479,9.8,2,measurement_to_controller_cmd,,3.6477899999999996,True
11.565601345000001,9.8,2,control_period,9.8,50.00000000000071,
11.565697773,9.8,3,measurement_to_controller_cmd,,3.823197,True
11.565767237000001,9.8,3,control_period,9.8,50.00000000000071,
11.566689270000001,9.8,1,controller_to_actual_cmd,,0.11779099999999999,
11.566848939000002,9.8,1,control_period,9.8,50.00000000000071,
11.566904545,9.8,2,controller_to_actual_cmd,,1.461066,
11.566947686,9.8,3,controller_to_actual_cmd,,1.249913,
11.616882331000001,9.850000000000001,1,control_period,9.85,49.999999999998934,
11.617102240000001,9.850000000000001,3,control_period,9.85,49.999999999998934,
11.617949382,9.850000000000001,1,controller_to_actual_cmd,,1.202777,
11.618040431,9.850000000000001,2,controller_to_actual_cmd,,0.034265,
11.618104126,9.850000000000001,2,control_period,9.85,49.999999999998934,
11.618158156000002,9.850000000000001,3,controller_to_actual_cmd,,1.139006,
11.62602271,9.860000000000001,1,detector_inference,,14.0864896774292,
11.626497664,9.860000000000001,1,camera_to_measurement,9.835,16.745303,True
11.665133664,9.9,1,measurement_to_controller_cmd,,38.635999999999996,True
11.665283885000001,9.9,1,control_period,9.9,50.00000000000071,
11.665461991,9.9,2,controller_to_actual_cmd,,0.077123,
11.665586636,9.9,2,control_period,9.9,50.00000000000071,
11.666246395,9.9,1,controller_to_actual_cmd,,1.112731,
11.666340416,9.9,3,controller_to_actual_cmd,,0.6569419999999999,
11.666436236000001,9.9,3,control_period,9.9,50.00000000000071,
11.691412958,9.925,1,detector_inference,,8.906721115112305,
11.695591203000001,9.930000000000001,2,detector_inference,,6.424755096435547,
11.696137465000001,9.930000000000001,2,camera_to_measurement,9.905,8.176247,True
11.714712241,9.950000000000001,1,measurement_to_controller_cmd,,23.405768,True
11.714795700000002,9.950000000000001,1,control_period,9.95,49.999999999998934,
11.714854476000001,9.950000000000001,2,measurement_to_controller_cmd,,18.717011,True
11.715511031,9.950000000000001,1,controller_to_actual_cmd,,0.79879,
11.715606939,9.950000000000001,2,controller_to_actual_cmd,,0.752463,
11.715707806000001,9.950000000000001,2,control_period,9.95,49.999999999998934,
11.715784176000001,9.950000000000001,3,controller_to_actual_cmd,,0.829828,
11.715871210000001,9.950000000000001,3,control_period,9.95,49.999999999998934,
11.756266744000001,9.99,2,detector_inference,,8.071730613708496,
11.756658713,9.99,2,camera_to_measurement,9.97,9.957963,True
11.765371146000001,10.0,1,controller_to_actual_cmd,,0.033783,
11.765437902,10.0,1,control_period,10.0,50.00000000000071,
11.765481336,10.0,2,measurement_to_controller_cmd,,8.822623,True
11.765516824,10.0,2,controller_to_actual_cmd,,0.035488,
11.765552523,10.0,2,control_period,10.0,50.00000000000071,
11.765609296000001,10.0,3,controller_to_actual_cmd,,0.024735,
11.765645057,10.0,3,control_period,10.0,50.00000000000071,
11.81578327,10.05,1,control_period,10.05,50.00000000000071,
11.818232351,10.05,2,control_period,10.05,50.00000000000071,
11.818363034,10.05,3,control_period,10.05,50.00000000000071,
11.819007542000001,10.05,1,controller_to_actual_cmd,,4.200253,
11.819098784000001,10.05,2,controller_to_actual_cmd,,0.967586,
11.819169688,10.05,3,controller_to_actual_cmd,,0.8539089999999999,
11.830078411,10.065000000000001,3,detector_inference,,6.598689079284668,
11.830487565,10.065000000000001,3,camera_to_measurement,10.035,8.442584,True
11.864860833000002,10.100000000000001,1,control_period,10.1,49.999999999998934,
11.864937591,10.100000000000001,2,control_period,10.1,49.999999999998934,
11.864994113000002,10.100000000000001,3,measurement_to_controller_cmd,,34.506547999999995,True
11.865038131,10.100000000000001,3,control_period,10.1,49.999999999998934,
11.865388564,10.100000000000001,1,controller_to_actual_cmd,,0.5843229999999999,
11.865431556,10.100000000000001,2,controller_to_actual_cmd,,0.532669,
11.865466884,10.100000000000001,3,controller_to_actual_cmd,,0.472771,
11.885674992,10.120000000000001,1,detector_inference,,10.690114974975586,
11.886442032000001,10.120000000000001,1,camera_to_measurement,10.1,13.21139,True
11.897371761,10.13,3,detector_inference,,7.0682830810546875,
11.897834407000001,10.13,3,camera_to_measurement,10.1,9.609966,True
11.914809473,10.15,1,measurement_to_controller_cmd,,28.367441,True
11.914969932,10.15,1,control_period,10.15,50.00000000000071,
11.915069200000001,10.15,3,measurement_to_controller_cmd,,17.234793,True
11.915111234000001,10.15,3,controller_to_actual_cmd,,0.042033999999999995,
11.915155963,10.15,3,control_period,10.15,50.00000000000071,
11.915434459,10.15,1,controller_to_actual_cmd,,0.6249859999999999,
11.915512454,10.15,2,controller_to_actual_cmd,,0.040972,
11.915565312,10.15,2,control_period,10.15,50.00000000000071,
11.946148506,10.180000000000001,1,camera_to_measurement,10.165,9.400457,True
11.946283439,10.180000000000001,1,detector_inference,,7.069087982177734,
11.956709138,10.190000000000001,3,detector_inference,,5.9079389572143555,
11.957152785,10.190000000000001,3,camera_to_measurement,10.165,7.2186639999999995,True
11.965638238,10.200000000000001,1,measurement_to_controller_cmd,,19.489732,True
11.965734398,10.200000000000001,1,controller_to_actual_cmd,,0.09616,
11.965823983,10.200000000000001,1,control_period,10.2,49.999999999998934,
11.965911929,10.200000000000001,2,control_period,10.2,49.999999999998934,
11.965953461000002,10.200000000000001,3,measurement_to_controller_cmd,,8.800676,True
11.965998186,10.200000000000001,3,control_period,10.2,49.999999999998934,
11.966310047,10.200000000000001,2,controller_to_actual_cmd,,0.44207399999999997,
11.966621834000001,10.200000000000001,3,controller_to_actual_cmd,,0.668373,
12.01557707,10.25,1,controller_to_actual_cmd,,0.054605999999999995,
12.015690851,10.25,1,control_period,10.25,50.00000000000071,
12.016472437000001,10.25,3,controller_to_actual_cmd,,0.706105,
12.016595829,10.25,3,control_period,10.25,50.00000000000071,
12.017128425000001,10.25,2,controller_to_actual_cmd,,0.053237,
12.017222508000001,10.25,2,control_period,10.25,50.00000000000071,
12.025258840000001,10.26,2,detector_inference,,11.699524879455566,
12.025452547,10.26,3,detector_inference,,8.338113784790039,
12.065025743000001,10.3,2,measurement_to_controller_cmd,,39.86114,True
12.065154285,10.3,2,control_period,10.3,50.00000000000071,
12.065866252000001,10.3,1,controller_to_actual_cmd,,0.922909,
12.065937553000001,10.3,1,control_period,10.3,50.00000000000071,
12.065994066,10.3,2,controller_to_actual_cmd,,0.9683229999999999,
12.066039658000001,10.3,3,measurement_to_controller_cmd,,40.656908,True
12.066091941000002,10.3,3,control_period,10.3,50.00000000000071,
12.066527686,10.3,3,controller_to_actual_cmd,,0.48802799999999996,
12.089856016,10.325000000000001,1,camera_to_measurement,10.3,15.624647,True
12.089959348,10.325000000000001,1,detector_inference,,12.911564826965332,
12.099879008,10.335,3,detector_inference,,10.3849515914917,
12.100199924,10.335,3,camera_to_measurement,10.3,11.488425999999999,True
12.114746731,10.350000000000001,1,measurement_to_controller_cmd,,24.890715,True
12.114862516,10.350000000000001,1,controller_to_actual_cmd,,0.115785,
12.114968422,10.350000000000001,1,control_period,10.35,49.999999999998934,
12.115137877,10.350000000000001,2,control_period,10.35,49.999999999998934,
12.115242649,10.350000000000001,3,measurement_to_controller_cmd,,15.042724999999999,True
12.115322162,10.350000000000001,3,controller_to_actual_cmd,,0.079513,
12.115370496,10.350000000000001,3,control_period,10.35,49.999999999998934,
12.115763921000001,10.350000000000001,2,controller_to_actual_cmd,,0.710209,
12.146357493,10.38,1,camera_to_measurement,10.365,8.509611,True
12.146423602,10.38,1,detector_inference,,7.793677806854248,
12.153387235,10.385,3,camera_to_measurement,10.365,8.300120999999999,True
12.153466748000001,10.385,3,detector_inference,,6.734121799468994,
12.165469798,10.4,1,measurement_to_controller_cmd,,19.112305,True
12.16560359,10.4,2,control_period,10.4,50.00000000000071,
12.165664663000001,10.4,3,measurement_to_controller_cmd,,12.277427999999999,True
12.165731498000001,10.4,3,control_period,10.4,50.00000000000071,
12.166038891000001,10.4,1,controller_to_actual_cmd,,0.569093,
12.16608935,10.4,1,control_period,10.4,50.00000000000071,
12.166131973,10.4,2,controller_to_actual_cmd,,1.225978,
12.166167214000001,10.4,3,controller_to_actual_cmd,,0.502551,
12.215429153,10.450000000000001,2,controller_to_actual_cmd,,0.100947,
12.215606698,10.450000000000001,2,control_period,10.45,49.999999999998934,
12.216553751000001,10.450000000000001,3,control_period,10.45,49.999999999998934,
12.217322983,10.450000000000001,1,controller_to_actual_cmd,,0.087181,
12.217496055000002,10.450000000000001,1,control_period,10.45,49.999999999998934,
12.220955195,10.455,3,controller_to_actual_cmd,,4.579682,
12.265432935000002,10.5,1,control_period,10.5,50.00000000000071,
12.268680665000002,10.5,3,control_period,10.5,50.00000000000071,
12.269689457,10.505,1,controller_to_actual_cmd,,4.356491999999999,
12.269818058,10.505,2,controller_to_actual_cmd,,1.423384,
12.269966332000001,10.505,2,control_period,10.5,50.00000000000071,
12.270084652000001,10.505,3,controller_to_actual_cmd,,1.554171,
12.280489220000002,10.515,1,camera_to_measurement,10.495,12.526038999999999,True
12.280688308,10.515,1,detector_inference,,9.990621566772461,
12.285564423,10.520000000000001,2,camera_to_measurement,10.495,9.623595,True
12.285709575,10.520000000000001,2,detector_inference,,8.498645782470703,
12.292228308,10.525,3,camera_to_measurement,10.495,8.590577,True
12.292322836,10.525,3,detector_inference,,7.729724884033203,
12.314624193,10.55,1,measurement_to_controller_cmd,,34.134972999999995,True
12.314695386,10.55,1,control_period,10.55,50.00000000000071,
12.314760944000001,10.55,3,measurement_to_controller_cmd,,22.532636,True
12.314803847,10.55,3,control_period,10.55,50.00000000000071,
12.31518795,10.55,1,controller_to_actual_cmd,,0.563757,
12.315248285000001,10.55,2,measurement_to_controller_cmd,,29.683861999999998,True
12.315286701000002,10.55,2,controller_to_actual_cmd,,0.038416,
12.315334251000001,10.55,2,control_period,10.55,50.00000000000071,
12.315363771000001,10.55,3,controller_to_actual_cmd,,0.602827,
12.345568417,10.58,1,detector_inference,,8.06949234008789,
12.346150876000001,10.58,1,camera_to_measurement,10.565,9.338405,True
12.365091331,10.600000000000001,1,measurement_to_controller_cmd,,18.940455,True
12.365969922000001,10.600000000000001,1,control_period,10.6,49.999999999998934,
12.366108308000001,10.600000000000001,3,control_period,10.6,49.999999999998934,
12.366684243,10.600000000000001,1,controller_to_actual_cmd,,1.5929119999999999,
12.366878764,10.600000000000001,2,controller_to_actual_cmd,,0.073476,
12.366992433,10.600000000000001,2,control_period,10.6,49.999999999998934,
12.367082035000001,10.600000000000001,3,controller_to_actual_cmd,,1.868444,
12.416169511000001,10.65,2,controller_to_actual_cmd,,0.15537399999999998,
12.416376167000001,10.65,2,control_period,10.65,50.00000000000071,
12.416653863,10.65,3,control_period,10.65,50.00000000000071,
12.418188566000001,10.65,1,controller_to_actual_cmd,,0.646065,
12.418371033000001,10.65,1,control_period,10.65,50.00000000000071,
12.418587806000001,10.65,3,controller_to_actual_cmd,,2.0600739999999997,
12.428175864,10.66,3,detector_inference,,8.189577102661133,
12.429492277000001,10.665000000000001,2,camera_to_measurement,10.63,17.692663,True
12.429553909000001,10.665000000000001,2,detector_inference,,15.33516788482666,
12.465737032000002,10.700000000000001,1,controller_to_actual_cmd,,0.054962,
12.465849626,10.700000000000001,1,control_period,10.7,49.999999999998934,
12.465917077,10.700000000000001,2,measurement_to_controller_cmd,,36.4248,True
12.46597945,10.700000000000001,2,control_period,10.7,49.999999999998934,
12.466045947000001,10.700000000000001,3,measurement_to_controller_cmd,,37.925668,True
12.466107782,10.700000000000001,3,controller_to_actual_cmd,,0.061834999999999994,
12.466173984000001,10.700000000000001,3,control_period,10.7,49.999999999998934,
12.466837198,10.700000000000001,2,controller_to_actual_cmd,,0.920121,
12.489586428,10.72,2,detector_inference,,11.11584758758545,
12.490654523,10.725000000000001,2,camera_to_measurement,10.695,11.673487,True
12.492368637,10.725000000000001,3,detector_inference,,7.360689163208008,
12.493027274000001,10.725000000000001,3,camera_to_measurement,10.695,9.27484,True
12.514352385,10.75,3,measurement_to_controller_cmd,,21.325111,True
12.514693499000002,10.75,2,measurement_to_controller_cmd,,24.038975999999998,True
12.51506142,10.75,1,controller_to_actual_cmd,,0.029949999999999997,
12.515125533,10.75,1,control_period,10.75,50.00000000000071,
12.515157599,10.75,2,controller_to_actual_cmd,,0.46409999999999996,
12.515192566000001,10.75,2,control_period,10.75,50.00000000000071,
12.515222821,10.75,3,controller_to_actual_cmd,,0.870436,
12.515271618000002,10.75,3,control_period,10.75,50.00000000000071,
12.547014039,10.780000000000001,1,detector_inference,,13.513833045959473,
12.547402142000001,10.780000000000001,1,camera_to_measurement,10.76,15.471214999999999,True
12.564965286000001,10.8,1,measurement_to_controller_cmd,,17.563143999999998,True
12.565041594,10.8,1,controller_to_actual_cmd,,0.076308,
12.565123277000001,10.8,1,control_period,10.8,50.00000000000071,
12.565190952,10.8,2,control_period,10.8,50.00000000000071,
12.565469042,10.8,2,controller_to_actual_cmd,,0.31034999999999996,
12.566321923,10.8,3,control_period,10.8,50.00000000000071,
12.566586272,10.8,3,controller_to_actual_cmd,,0.5504439999999999,
12.616278902000001,10.850000000000001,1,control_period,10.85,49.999999999998934,
12.616544492000001,10.850000000000001,3,controller_to_actual_cmd,,0.113191,
12.616707091,10.850000000000001,3,control_period,10.85,49.999999999998934,
12.617211627000001,10.850000000000001,1,controller_to_actual_cmd,,1.0777489999999998,
12.617353757,10.850000000000001,2,controller_to_actual_cmd,,0.057848,
12.617440687,10.850000000000001,2,control_period,10.85,49.999999999998934,
12.665746357000002,10.9,2,control_period,10.9,50.00000000000071,
12.665858953,10.9,3,control_period,10.9,50.00000000000071,
12.666320593,10.9,2,controller_to_actual_cmd,,0.659642,
12.666372121,10.9,3,controller_to_actual_cmd,,0.5709179999999999,
12.666811471,10.9,1,controller_to_actual_cmd,,0.534036,
12.666897974000001,10.9,1,control_period,10.9,50.00000000000071,
12.692263211,10.925,1,detector_inference,,17.598628997802734,
12.692392108,10.925,3,detector_inference,,9.900350570678711,
12.693072091000001,10.925,1,camera_to_measurement,10.895,20.563546,True
12.693195576,10.925,3,camera_to_measurement,10.895,13.055536,True
12.714886923000002,10.950000000000001,1,measurement_to_controller_cmd,,21.814832,True
12.714969735,10.950000000000001,1,controller_to_actual_cmd,,0.082812,
12.715066676000001,10.950000000000001,1,control_period,10.95,49.999999999998934,
12.71520879,10.950000000000001,2,controller_to_actual_cmd,,0.061378999999999996,
12.715298729,10.950000000000001,2,control_period,10.95,49.999999999998934,
12.715371248,10.950000000000001,3,measurement_to_controller_cmd,,22.175672,True
12.715449335,10.950000000000001,3,controller_to_actual_cmd,,0.07808699999999999,
12.715555797,10.950000000000001,3,control_period,10.95,49.999999999998934,
12.740648749,10.975000000000001,1,detector_inference,,6.5286078453063965,
12.747010245,10.98,3,camera_to_measurement,10.96,8.553917,True
12.747178005,10.98,3,detector_inference,,6.90594482421875,
12.76520614,11.0,1,measurement_to_controller_cmd,,23.763942,True
12.765405897,11.0,2,controller_to_actual_cmd,,0.090777,
12.765544093,11.0,2,control_period,11.0,50.00000000000071,
12.765637305,11.0,3,measurement_to_controller_cmd,,18.62706,True
12.765739697,11.0,3,control_period,11.0,50.00000000000071,
12.766308472,11.0,1,controller_to_actual_cmd,,1.1023319999999999,
12.766366314,11.0,1,control_period,11.0,50.00000000000071,
12.766402506,11.0,3,controller_to_actual_cmd,,0.765201,
12.816568395000001,11.05,3,controller_to_actual_cmd,,0.8745219999999999,
12.816723166000001,11.05,3,control_period,11.05,50.00000000000071,
12.817399617000001,11.05,1,controller_to_actual_cmd,,0.073918,
12.817522788000002,11.05,1,control_period,11.05,50.00000000000071,
12.817609928000001,11.05,2,controller_to_actual_cmd,,1.140836,
12.817702644,11.05,2,control_period,11.05,50.00000000000071,
12.81840258,11.05,2,detector_inference,,9.747122764587402,
12.866213357000001,11.100000000000001,1,control_period,11.1,49.999999999998934,
12.866354064000001,11.100000000000001,2,measurement_to_controller_cmd,,48.057300999999995,True
12.866470453000002,11.100000000000001,2,controller_to_actual_cmd,,0.11638899999999999,
12.866610285,11.100000000000001,2,control_period,11.1,49.999999999998934,
12.866794543000001,11.100000000000001,3,control_period,11.1,49.999999999998934,
12.867428076000001,11.100000000000001,1,controller_to_actual_cmd,,1.3723159999999999,
12.867539661,11.100000000000001,3,controller_to_actual_cmd,,0.8334739999999999,
12.883405455,11.115,2,camera_to_measurement,11.09,13.733818999999999,True
12.883552504,11.115,2,detector_inference,,12.083185195922852,
12.890421838,11.125,3,detector_inference,,8.661681175231934,
12.914831588,11.15,2,measurement_to_controller_cmd,,31.426133,True
12.914937441000001,11.15,2,controller_to_actual_cmd,,0.10585299999999999,
12.915021813000001,11.15,2,control_period,11.15,50.00000000000071,
12.915904138,11.15,1,controller_to_actual_cmd,,0.063581,
12.916025007,11.15,1,control_period,11.15,50.00000000000071,
12.916105545,11.15,3,measurement_to_controller_cmd,,25.047905999999998,True
12.916174463,11.15,3,controller_to_actual_cmd,,0.068918,
12.916251322,11.15,3,control_period,11.15,50.00000000000071,
12.937011908,11.17,1,detector_inference,,7.3135881423950195,
12.937873166000001,11.17,1,camera_to_measurement,11.155,8.970434,True
12.965405343,11.200000000000001,2,controller_to_actual_cmd,,0.5307459999999999,
12.965537898000001,11.200000000000001,2,control_period,11.2,49.999999999998934,
12.965605101000001,11.200000000000001,3,controller_to_actual_cmd,,0.6800689999999999,
12.965671478,11.200000000000001,3,control_period,11.2,49.999999999998934,
12.966086333000002,11.200000000000001,1,measurement_to_controller_cmd,,28.213167,True
12.966250216,11.200000000000001,1,controller_to_actual_cmd,,0.163883,
12.966362012000001,11.200000000000001,1,control_period,11.2,49.999999999998934,
13.013559673000001,11.245000000000001,1,detector_inference,,11.825665473937988,
13.014387555,11.25,1,camera_to_measurement,11.225,15.456424,True
13.015258059,11.25,1,measurement_to_controller_cmd,,0.870504,True
13.015397720000001,11.25,2,control_period,11.25,50.00000000000071,
13.015466484000001,11.25,3,controller_to_actual_cmd,,0.027156999999999997,
13.015520344,11.25,3,control_period,11.25,50.00000000000071,
13.016158689000001,11.25,1,controller_to_actual_cmd,,0.9006299999999999,
13.016292702000001,11.25,1,control_period,11.25,50.00000000000071,
13.016359987000001,11.25,2,controller_to_actual_cmd,,1.034276,
13.01792468,11.25,2,detector_inference,,10.428035736083984,
13.018241323000002,11.25,2,camera_to_measurement,11.225,11.135085,True
13.067670982000001,11.3,1,controller_to_actual_cmd,,0.039698,
13.067750221,11.3,1,control_period,11.3,50.00000000000071,
13.067801146,11.3,2,measurement_to_controller_cmd,,49.559822999999994,True
13.067839121,11.3,2,controller_to_actual_cmd,,0.037974999999999995,
13.067882356,11.3,2,control_period,11.3,50.00000000000071,
13.067945377000001,11.3,3,controller_to_actual_cmd,,0.027325,
13.067984292,11.3,3,control_period,11.3,50.00000000000071,
13.080512887000001,11.315000000000001,2,detector_inference,,9.79423713684082,
13.086451941,11.32,1,detector_inference,,20.3396053314209,
13.086887158000001,11.32,1,camera_to_measurement,11.29,22.159057999999998,True
13.088581238000002,11.32,3,detector_inference,,8.686637878417969,
13.089170020000001,11.32,3,camera_to_measurement,11.29,10.645009,True
13.114907333000001,11.350000000000001,1,measurement_to_controller_cmd,,28.020175,True
13.115048033,11.350000000000001,1,control_period,11.35,49.999999999998934,
13.115146266,11.350000000000001,3,measurement_to_controller_cmd,,25.976246,True
13.115235496,11.350000000000001,3,controller_to_actual_cmd,,0.08922999999999999,
13.115328833000001,11.350000000000001,3,control_period,11.35,49.999999999998934,
13.115884899000001,11.350000000000001,1,controller_to_actual_cmd,,0.9775659999999999,
13.115960282000001,11.350000000000001,2,measurement_to_controller_cmd,,35.522656,True
13.116027898,11.350000000000001,2,controller_to_actual_cmd,,0.067616,
13.116149706000002,11.350000000000001,2,control_period,11.35,49.999999999998934,
13.137086159,11.370000000000001,1,camera_to_measurement,11.355,9.426259,True
13.137219018000001,11.370000000000001,1,detector_inference,,7.683154106140137,
13.145306541,11.38,2,camera_to_measurement,11.355,12.947445,True
13.145441956,11.38,2,detector_inference,,11.386125564575195,
13.146336379000001,11.38,3,camera_to_measurement,11.355,10.054388999999999,True
13.146490274000001,11.38,3,detector_inference,,8.240803718566895,
13.165295861,11.4,2,measurement_to_controller_cmd,,19.98932,True
13.165398927,11.4,2,controller_to_actual_cmd,,0.10306599999999999,
13.165535643,11.4,2,control_period,11.4,50.00000000000071,
13.165623731,11.4,3,measurement_to_controller_cmd,,19.287352,True
13.166124643000002,11.4,1,measurement_to_controller_cmd,,29.038484,True
13.166175886000001,11.4,1,controller_to_actual_cmd,,0.051243,
13.166230116000001,11.4,1,control_period,11.4,50.00000000000071,
13.166266196,11.4,3,controller_to_actual_cmd,,0.642465,
13.166302832000001,11.4,3,control_period,11.4,50.00000000000071,
13.211013995,11.445,1,camera_to_measurement,11.42,15.819968,True
13.211190098000001,11.445,1,detector_inference,,13.13406753540039,
13.212513933,11.445,2,detector_inference,,11.584476470947266,
13.213290330000001,11.445,2,camera_to_measurement,11.42,13.500363,True
13.21478336,11.450000000000001,2,measurement_to_controller_cmd,,1.4930299999999999,True
13.215751866000002,11.450000000000001,1,measurement_to_controller_cmd,,4.737871,True
13.215855171000001,11.450000000000001,2,controller_to_actual_cmd,,1.0718109999999998,
13.215958973000001,11.450000000000001,2,control_period,11.45,49.999999999998934,
13.216096234,11.450000000000001,3,control_period,11.45,49.999999999998934,
13.216457567,11.450000000000001,1,controller_to_actual_cmd,,0.705701,
13.216528061,11.450000000000001,1,control_period,11.45,49.999999999998934,
13.216572273,11.450000000000001,3,controller_to_actual_cmd,,0.544594,
13.223082453,11.455,3,detector_inference,,12.900971412658691,
13.22388682,11.455,3,camera_to_measurement,11.42,14.741888999999999,True
13.265854792,11.5,1,camera_to_measurement,11.485,9.142396,True
13.265945038000002,11.5,1,detector_inference,,6.8040452003479,
13.26602107,11.5,1,measurement_to_controller_cmd,,0.16627799999999998,True
13.266068099,11.5,1,controller_to_actual_cmd,,0.047028999999999994,
13.266119437,11.5,1,control_period,11.5,50.00000000000071,
13.266190714,11.5,2,controller_to_actual_cmd,,0.030056999999999997,
13.266239228000002,11.5,2,control_period,11.5,50.00000000000071,
13.266281535000001,11.5,3,measurement_to_controller_cmd,,42.394715,True
13.266696245,11.5,3,controller_to_actual_cmd,,0.41470999999999997,
13.266766477000001,11.5,3,control_period,11.5,50.00000000000071,
13.314834486,11.55,2,control_period,11.55,50.00000000000071,
13.315085555000001,11.55,2,controller_to_actual_cmd,,0.300419,
13.315404762,11.55,3,control_period,11.55,50.00000000000071,
13.315701665,11.55,1,control_period,11.55,50.00000000000071,
13.315737643,11.55,3,controller_to_actual_cmd,,0.376787,
13.315949713,11.55,1,controller_to_actual_cmd,,0.286646,
13.365348736000001,11.600000000000001,1,controller_to_actual_cmd,,0.33494599999999997,
13.365427599,11.600000000000001,1,control_period,11.6,49.999999999998934,
13.365470779,11.600000000000001,2,controller_to_actual_cmd,,0.41697599999999996,
13.365515324,11.600000000000001,2,control_period,11.6,49.999999999998934,
13.365573776000002,11.600000000000001,3,control_period,11.6,49.999999999998934,
13.36582882,11.600000000000001,3,controller_to_actual_cmd,,0.28379299999999996,
13.416053372,11.65,1,controller_to_actual_cmd,,0.055205,
13.416170355,11.65,1,control_period,11.65,50.00000000000071,
13.416284533,11.65,2,controller_to_actual_cmd,,0.045828,
13.416349771,11.65,2,control_period,11.65,50.00000000000071,
13.416432583,11.65,3,controller_to_actual_cmd,,0.030681999999999997,
13.416488903000001,11.65,3,control_period,11.65,50.00000000000071,
13.417235504,11.65,2,detector_inference,,18.78665542602539,
13.417661241000001,11.65,2,camera_to_measurement,11.62,19.789181,True
13.418009141,11.65,3,camera_to_measurement,11.62,14.372751,True
13.418064280000001,11.65,3,detector_inference,,10.84220027923584,
13.466584161,11.700000000000001,1,controller_to_actual_cmd,,0.054125,
13.466695165,11.700000000000001,1,control_period,11.7,49.999999999998934,
13.466756772,11.700000000000001,2,measurement_to_controller_cmd,,49.095531,True
13.466810402,11.700000000000001,2,control_period,11.7,49.999999999998934,
13.466853708,11.700000000000001,3,measurement_to_controller_cmd,,48.844567,True
13.466904873,11.700000000000001,3,controller_to_actual_cmd,,0.051164999999999995,
13.467326218,11.700000000000001,2,controller_to_actual_cmd,,0.569446,
13.467382996000001,11.700000000000001,3,control_period,11.7,49.999999999998934,
13.468239954000001,11.700000000000001,1,detector_inference,,8.690457344055176,
13.468624404000002,11.700000000000001,1,camera_to_measurement,11.685,10.030488,True
13.514566418000001,11.75,1,measurement_to_controller_cmd,,45.942014,True
13.514889973,11.75,1,controller_to_actual_cmd,,0.323555,
13.514948960000002,11.75,1,control_period,11.75,50.00000000000071,
13.514985856000001,11.75,2,controller_to_actual_cmd,,0.356174,
13.515022967,11.75,2,control_period,11.75,50.00000000000071,
13.515292001,11.75,3,control_period,11.75,50.00000000000071,
13.515586930000001,11.75,3,controller_to_actual_cmd,,0.329109,
13.536472197,11.770000000000001,3,detector_inference,,5.551577091217041,
13.536833405000001,11.770000000000001,3,camera_to_measurement,11.75,6.764645,True
13.565092202,11.8,2,control_period,11.8,50.00000000000071,
13.565233285000001,11.8,3,measurement_to_controller_cmd,,28.39988,True
13.565300561,11.8,3,control_period,11.8,50.00000000000071,
13.565719998,11.8,1,controller_to_actual_cmd,,0.838799,
13.565764838000002,11.8,1,control_period,11.8,50.00000000000071,
13.565796591000002,11.8,2,controller_to_actual_cmd,,0.825105,
13.565826019000001,11.8,3,controller_to_actual_cmd,,0.592734,
13.610922030000001,11.845,2,detector_inference,,14.937344551086426,
13.611614653,11.845,1,camera_to_measurement,11.815,23.771957,True
13.611695708000001,11.845,1,detector_inference,,21.838504791259766,
13.611780963000001,11.845,2,camera_to_measurement,11.815,18.14254,True
13.611849621000001,11.845,3,camera_to_measurement,11.815,13.837242999999999,True
13.611890387,11.845,3,detector_inference,,12.353462219238281,
13.615740422,11.850000000000001,2,measurement_to_controller_cmd,,3.959459,True
13.616144881,11.850000000000001,1,measurement_to_controller_cmd,,4.530228,True
13.616199684000001,11.850000000000001,1,controller_to_actual_cmd,,0.054803,
13.616270391,11.850000000000001,1,control_period,11.85,49.999999999998934,
13.616313571000001,11.850000000000001,2,controller_to_actual_cmd,,0.573149,
13.616365398000001,11.850000000000001,2,control_period,11.85,49.999999999998934,
13.616403442000001,11.850000000000001,3,measurement_to_controller_cmd,,4.553821,True
13.616441526000001,11.850000000000001,3,controller_to_actual_cmd,,0.038084,
13.616494944000001,11.850000000000001,3,control_period,11.85,49.999999999998934,
13.665614164,11.9,1,controller_to_actual_cmd,,0.058762999999999996,
13.665732453,11.9,1,control_period,11.9,50.00000000000071,
13.665858858,11.9,2,control_period,11.9,50.00000000000071,
13.66914303,11.905000000000001,2,controller_to_actual_cmd,,3.3449839999999997,
13.669268972000001,11.905000000000001,3,controller_to_actual_cmd,,0.036219,
13.669352883,11.905000000000001,3,control_period,11.9,50.00000000000071,
13.675587273000001,11.91,1,camera_to_measurement,11.885,17.409672999999998,True
13.675662226,11.91,1,detector_inference,,15.222891807556152,
13.676097547000001,11.91,2,camera_to_measurement,11.885,11.715767,True
13.676151327000001,11.91,2,detector_inference,,10.494282722473145,
13.683058564000001,11.915000000000001,3,camera_to_measurement,11.885,14.906106,True
13.683131217000001,11.915000000000001,3,detector_inference,,11.921316146850586,
13.714772309,11.950000000000001,1,measurement_to_controller_cmd,,39.185036,True
13.714862685000002,11.950000000000001,1,control_period,11.95,49.999999999998934,
13.714916857,11.950000000000001,3,measurement_to_controller_cmd,,31.858293,True
13.714954517,11.950000000000001,3,controller_to_actual_cmd,,0.03766,
13.715015404,11.950000000000001,3,control_period,11.95,49.999999999998934,
13.715387452000002,11.950000000000001,1,controller_to_actual_cmd,,0.615143,
13.715430199,11.950000000000001,2,measurement_to_controller_cmd,,39.332651999999996,True
13.715458133,11.950000000000001,2,controller_to_actual_cmd,,0.027933999999999997,
13.715514688,11.950000000000001,2,control_period,11.95,49.999999999998934,
13.733318418000001,11.965,1,detector_inference,,8.367890357971191,
13.734264434000002,11.97,1,camera_to_measurement,11.95,10.883474,True
13.746074241,11.98,2,camera_to_measurement,11.95,16.381943,True
13.746148817000002,11.98,2,detector_inference,,13.823026657104492,
13.746201247,11.98,3,camera_to_measurement,11.95,9.745038,True
13.746239713000001,11.98,3,detector_inference,,9.237081527709961,
13.764536459,12.0,2,measurement_to_controller_cmd,,18.462218,True
13.764602058000001,12.0,3,measurement_to_controller_cmd,,18.400811,True
13.764943381,12.0,1,measurement_to_controller_cmd,,30.678946999999997,True
13.764981968,12.0,1,controller_to_actual_cmd,,0.038586999999999996,
13.765043948,12.0,1,control_period,12.0,50.00000000000071,
13.765091055000001,12.0,2,controller_to_actual_cmd,,0.554596,
13.765150625,12.0,2,control_period,12.0,50.00000000000071,
13.765186007,12.0,3,controller_to_actual_cmd,,0.5839489999999999,
13.765241445000001,12.0,3,control_period,12.0,50.00000000000071,
13.807815326,12.040000000000001,2,detector_inference,,14.301361083984375,
13.808721775,12.040000000000001,1,camera_to_measurement,12.015,20.449149,True
13.80891671,12.040000000000001,1,detector_inference,,17.55370330810547,
13.809073529,12.040000000000001,2,camera_to_measurement,12.015,16.493115,True
13.810164578,12.045,3,detector_inference,,7.965583801269531,
13.815640444000001,12.05,1,measurement_to_controller_cmd,,6.9186689999999995,True
13.815724625000001,12.05,1,controller_to_actual_cmd,,0.08418099999999999,
13.815804584,12.05,1,control_period,12.05,50.00000000000071,
13.815844462000001,12.05,2,measurement_to_controller_cmd,,6.770932999999999,True
13.815878153000002,12.05,2,controller_to_actual_cmd,,0.033691,
13.815917315,12.05,2,control_period,12.05,50.00000000000071,
13.815951024,12.05,3,measurement_to_controller_cmd,,5.907757999999999,True
13.816005072000001,12.05,3,controller_to_actual_cmd,,0.054048,
13.816041796,12.05,3,control_period,12.05,50.00000000000071,
13.865872318000001,12.100000000000001,1,camera_to_measurement,12.08,14.220782999999999,True
13.865986904000001,12.100000000000001,1,detector_inference,,11.966973304748535,
13.866096834,12.100000000000001,2,camera_to_measurement,12.08,11.002407,True
13.86617342,12.100000000000001,2,detector_inference,,8.508651733398438,
13.866980646,12.100000000000001,1,measurement_to_controller_cmd,,1.108328,True
13.867133441,12.100000000000001,1,controller_to_actual_cmd,,0.152795,
13.86727353,12.100000000000001,1,control_period,12.1,49.999999999998934,
13.867377842000002,12.100000000000001,2,measurement_to_controller_cmd,,1.281008,True
13.867471409,12.100000000000001,2,controller_to_actual_cmd,,0.093567,
13.867639789,12.100000000000001,2,control_period,12.1,49.999999999998934,
13.867757175000001,12.100000000000001,3,controller_to_actual_cmd,,0.040383999999999996,
13.867812843000001,12.100000000000001,3,control_period,12.1,49.999999999998934,
13.915001909,12.15,1,control_period,12.15,50.00000000000071,
13.915759315,12.15,1,controller_to_actual_cmd,,0.830336,
13.91588194,12.15,2,controller_to_actual_cmd,,0.7669509999999999,
13.916014404,12.15,2,control_period,12.15,50.00000000000071,
13.916600243000001,12.15,3,controller_to_actual_cmd,,0.492079,
13.916722678000001,12.15,3,control_period,12.15,50.00000000000071,
13.927669929,12.16,2,detector_inference,,6.465534210205078,
13.935577131,12.17,3,detector_inference,,9.02451229095459,
13.93620111,12.17,3,camera_to_measurement,12.145,10.613403,True
13.965128811000001,12.200000000000001,2,measurement_to_controller_cmd,,36.784724,True
13.965228352,12.200000000000001,3,measurement_to_controller_cmd,,29.027241999999998,True
13.965701555,12.200000000000001,1,controller_to_actual_cmd,,0.6698649999999999,
13.965789378,12.200000000000001,1,control_period,12.2,49.999999999998934,
13.965841282000001,12.200000000000001,2,controller_to_actual_cmd,,0.712471,
13.965893302000001,12.200000000000001,2,control_period,12.2,49.999999999998934,
13.965932351000001,12.200000000000001,3,controller_to_actual_cmd,,0.7039989999999999,
13.965971387000002,12.200000000000001,3,control_period,12.2,49.999999999998934,
14.010280241,12.245000000000001,1,camera_to_measurement,12.215,18.970852999999998,True
14.010413279000002,12.245000000000001,1,detector_inference,,16.959325790405273,
14.014980064000001,12.25,1,measurement_to_controller_cmd,,4.699822999999999,True
14.015069763000001,12.25,1,controller_to_actual_cmd,,0.089699,
14.015173582000001,12.25,1,control_period,12.25,50.00000000000071,
14.015238066,12.25,2,camera_to_measurement,12.215,20.807805,True
14.015302953,12.25,2,detector_inference,,17.68039894104004,
14.015366738,12.25,2,measurement_to_controller_cmd,,0.12867199999999998,True
14.015447861,12.25,2,control_period,12.25,50.00000000000071,
14.016207999,12.25,2,controller_to_actual_cmd,,0.8412609999999999,
14.017072616,12.25,3,detector_inference,,13.352277755737305,
14.017183532,12.25,3,controller_to_actual_cmd,,0.8576819999999999,
14.017303636000001,12.25,3,control_period,12.25,50.00000000000071,
14.066557271,12.3,2,controller_to_actual_cmd,,0.041148,
14.066636045000001,12.3,2,control_period,12.3,50.00000000000071,
14.066690911,12.3,3,measurement_to_controller_cmd,,49.716004999999996,True
14.066737247,12.3,3,control_period,12.3,50.00000000000071,
14.068017238000001,12.3,1,camera_to_measurement,12.28,14.888359,True
14.068075861,12.3,1,detector_inference,,12.170757293701172,
14.06812464,12.3,1,control_period,12.3,50.00000000000071,
14.068180606,12.3,3,controller_to_actual_cmd,,1.489695,
14.068646949000001,12.3,1,controller_to_actual_cmd,,1.043968,
14.069565486,12.305000000000001,2,camera_to_measurement,12.28,13.136432,True
14.069614952,12.305000000000001,2,detector_inference,,10.559433937072754,
14.072006195,12.305000000000001,3,detector_inference,,10.65746784210205,
14.072826301000001,12.305000000000001,3,camera_to_measurement,12.28,12.577995999999999,True
14.115576389000001,12.350000000000001,3,measurement_to_controller_cmd,,42.750088,True
14.115727752000002,12.350000000000001,3,control_period,12.35,49.999999999998934,
14.116360995,12.350000000000001,1,measurement_to_controller_cmd,,48.343757,True
14.116468256000001,12.350000000000001,1,controller_to_actual_cmd,,0.107261,
14.116598185,12.350000000000001,1,control_period,12.35,49.999999999998934,
14.116686894,12.350000000000001,2,measurement_to_controller_cmd,,47.121407999999995,True
14.116765676000002,12.350000000000001,2,controller_to_actual_cmd,,0.07878199999999999,
14.116851912000001,12.350000000000001,2,control_period,12.35,49.999999999998934,
14.116934417000001,12.350000000000001,3,controller_to_actual_cmd,,1.358028,
14.125493629000001,12.360000000000001,1,detector_inference,,8.054097175598145,
14.164879310000002,12.4,1,measurement_to_controller_cmd,,39.033715,True
14.165001188000002,12.4,1,control_period,12.4,50.00000000000071,
14.165177779,12.4,2,control_period,12.4,50.00000000000071,
14.16578127,12.4,1,controller_to_actual_cmd,,0.90196,
14.165818575000001,12.4,2,controller_to_actual_cmd,,0.724011,
14.16589111,12.4,3,control_period,12.4,50.00000000000071,
14.166135477000001,12.4,3,controller_to_actual_cmd,,0.285139,
14.200080576000001,12.435,2,detector_inference,,11.092235565185547,
14.202143704000001,12.435,3,detector_inference,,10.387275695800781,
14.202965051000001,12.435,3,camera_to_measurement,12.41,12.427862,True
14.217484597,12.450000000000001,1,control_period,12.45,49.999999999998934,
14.217636249000002,12.450000000000001,2,measurement_to_controller_cmd,,17.65132,True
14.217753111,12.450000000000001,2,controller_to_actual_cmd,,0.116862,
14.217875972000002,12.450000000000001,2,control_period,12.45,49.999999999998934,
14.217993367,12.450000000000001,3,measurement_to_controller_cmd,,15.028315999999998,True
14.218110357,12.450000000000001,3,controller_to_actual_cmd,,0.11699,
14.218231800000002,12.450000000000001,3,control_period,12.45,49.999999999998934,
14.218987817,12.450000000000001,1,controller_to_actual_cmd,,1.661875,
14.264944501,12.5,1,control_period,12.5,50.00000000000071,
14.26500094,12.5,2,camera_to_measurement,12.475,11.870593999999999,True
14.265051032,12.5,2,detector_inference,,8.408063888549805,
14.265099266000002,12.5,2,measurement_to_controller_cmd,,0.098326,True
14.265162336000001,12.5,2,control_period,12.5,50.00000000000071,
14.265752207,12.5,1,controller_to_actual_cmd,,0.872497,
14.266247184000001,12.5,2,controller_to_actual_cmd,,1.147918,
14.266608278000001,12.5,3,controller_to_actual_cmd,,0.308231,
14.266693042000002,12.5,3,control_period,12.5,50.00000000000071,
14.271646696000001,12.505,3,detector_inference,,13.42527961730957,
14.272076137,12.505,3,camera_to_measurement,12.475,15.966489,True
14.315673225000001,12.55,3,measurement_to_controller_cmd,,43.597088,True
14.315789680000002,12.55,3,control_period,12.55,50.00000000000071,
14.318989004,12.55,1,control_period,12.55,50.00000000000071,
14.319310516000002,12.55,2,controller_to_actual_cmd,,0.11777399999999999,
14.320613115,12.55,2,control_period,12.55,50.00000000000071,
14.320758953,12.55,3,controller_to_actual_cmd,,5.085728,
14.321699317,12.555000000000001,1,controller_to_actual_cmd,,6.095262,
14.332661913,12.565000000000001,1,camera_to_measurement,12.545,14.384329,True
14.332791733,12.565000000000001,1,detector_inference,,13.546565055847168,
14.336765143000001,12.57,2,detector_inference,,8.147880554199219,
14.337115226000002,12.57,2,camera_to_measurement,12.545,9.922718,True
14.342805890000001,12.575000000000001,3,detector_inference,,6.269820213317871,
14.343619773,12.575000000000001,3,camera_to_measurement,12.545,8.542821,True
14.365120428,12.600000000000001,1,measurement_to_controller_cmd,,32.458515,True
14.365187172,12.600000000000001,1,control_period,12.6,49.999999999998934,
14.365219860000002,12.600000000000001,2,measurement_to_controller_cmd,,28.104633999999997,True
14.365250353,12.600000000000001,3,measurement_to_controller_cmd,,21.63058,True
14.365506351,12.600000000000001,1,controller_to_actual_cmd,,0.38592299999999996,
14.365542528,12.600000000000001,2,controller_to_actual_cmd,,0.322668,
14.365590950000001,12.600000000000001,2,control_period,12.6,49.999999999998934,
14.365631992,12.600000000000001,3,controller_to_actual_cmd,,0.381639,
14.365666240000001,12.600000000000001,3,control_period,12.6,49.999999999998934,
14.391611192000001,12.625,1,detector_inference,,7.893531799316406,
14.392254829,12.625,1,camera_to_measurement,12.61,9.495194999999999,True
14.409079927,12.64,3,detector_inference,,10.902280807495117,
14.410369934,12.645000000000001,3,camera_to_measurement,12.61,15.057445999999999,True
14.415837499,12.65,2,controller_to_actual_cmd,,0.033215,
14.415902403,12.65,2,control_period,12.65,50.00000000000071,
14.415947926000001,12.65,3,measurement_to_controller_cmd,,5.577992,True
14.415981536,12.65,3,controller_to_actual_cmd,,0.03361,
14.416019807000001,12.65,3,control_period,12.65,50.00000000000071,
14.416346723,12.65,1,measurement_to_controller_cmd,,24.091894,True
14.416388538000001,12.65,1,controller_to_actual_cmd,,0.041815,
14.416434028000001,12.65,1,control_period,12.65,50.00000000000071,
14.461433852,12.695,1,camera_to_measurement,12.675,12.443726999999999,True
14.461515932000001,12.695,1,detector_inference,,11.16423225402832,
14.461886748000001,12.695,2,detector_inference,,9.08721923828125,
14.465324877,12.700000000000001,1,measurement_to_controller_cmd,,3.891025,True
14.465394657000001,12.700000000000001,1,controller_to_actual_cmd,,0.06978,
14.465492898,12.700000000000001,1,control_period,12.7,49.999999999998934,
14.465540278,12.700000000000001,2,measurement_to_controller_cmd,,3.689899,True
14.465584770000001,12.700000000000001,2,controller_to_actual_cmd,,0.044492,
14.465632815000001,12.700000000000001,2,control_period,12.7,49.999999999998934,
14.465729107000001,12.700000000000001,3,control_period,12.7,49.999999999998934,
14.466136785000002,12.700000000000001,3,controller_to_actual_cmd,,0.46368,
14.515780235000001,12.75,2,control_period,12.75,50.00000000000071,
14.515867876000002,12.75,3,control_period,12.75,50.00000000000071,
14.516444622000002,12.75,2,controller_to_actual_cmd,,0.737038,
14.519925065,12.755,1,controller_to_actual_cmd,,0.034651,
14.519999068,12.755,1,control_period,12.75,50.00000000000071,
14.520048479000002,12.755,3,controller_to_actual_cmd,,4.217846,
14.520935089000002,12.755,1,detector_inference,,8.465980529785156,
14.521284568,12.755,1,camera_to_measurement,12.74,9.361803,True
14.526243024000001,12.760000000000002,3,detector_inference,,6.293033123016357,
14.526615560000002,12.760000000000002,3,camera_to_measurement,12.74,7.9422939999999995,True
14.565175483,12.8,1,measurement_to_controller_cmd,,43.890915,True
14.565345011000002,12.8,1,control_period,12.8,50.00000000000071,
14.565431368,12.8,3,measurement_to_controller_cmd,,38.815808,True
14.565488808000001,12.8,3,control_period,12.8,50.00000000000071,
14.565764192000001,12.8,1,controller_to_actual_cmd,,0.5887089999999999,
14.565804303,12.8,2,controller_to_actual_cmd,,0.402204,
14.565846871000002,12.8,2,control_period,12.8,50.00000000000071,
14.565879341,12.8,3,controller_to_actual_cmd,,0.44797299999999995,
14.594655513000001,12.83,1,camera_to_measurement,12.805,17.247104,True
14.594730689,12.83,1,detector_inference,,14.893065452575684,
14.595413390000001,12.83,2,camera_to_measurement,12.805,13.318968,True
14.595471808000001,12.83,2,detector_inference,,11.0164155960083,
14.604716729000002,12.840000000000002,3,detector_inference,,15.422398567199707,
14.605174374,12.840000000000002,3,camera_to_measurement,12.805,17.999602,True
14.615471664000001,12.850000000000001,1,measurement_to_controller_cmd,,20.816150999999998,True
14.615558152,12.850000000000001,2,measurement_to_controller_cmd,,20.144762,True
14.615626017,12.850000000000001,3,measurement_to_controller_cmd,,10.451642999999999,True
14.61602455,12.850000000000001,1,controller_to_actual_cmd,,0.552886,
14.616117211,12.850000000000001,1,control_period,12.85,49.999999999998934,
14.616169816000001,12.850000000000001,2,controller_to_actual_cmd,,0.611664,
14.616224335,12.850000000000001,2,control_period,12.85,49.999999999998934,
14.616267693000001,12.850000000000001,3,controller_to_actual_cmd,,0.641676,
14.616310351000001,12.850000000000001,3,control_period,12.85,49.999999999998934,
14.663054191,12.895000000000001,1,detector_inference,,10.942972183227539,
14.663524885000001,12.895000000000001,2,camera_to_measurement,12.875,9.7118,True
14.663586987,12.895000000000001,2,detector_inference,,8.391611099243164,
14.664948892000002,12.9,2,measurement_to_controller_cmd,,1.424007,True
14.665134139000001,12.9,2,control_period,12.9,50.00000000000071,
14.665361334000002,12.9,3,control_period,12.9,50.00000000000071,
14.666077615,12.9,1,measurement_to_controller_cmd,,2.6191429999999998,True
14.666162960000001,12.9,1,controller_to_actual_cmd,,0.08534499999999999,
14.666273558,12.9,1,control_period,12.9,50.00000000000071,
14.666351400000002,12.9,2,controller_to_actual_cmd,,1.4025079999999999,
14.666426608,12.9,3,controller_to_actual_cmd,,1.17746,
14.715907362000001,12.950000000000001,1,controller_to_actual_cmd,,0.045398,
14.716012489,12.950000000000001,1,control_period,12.95,49.999999999998934,
14.716063177,12.950000000000001,2,control_period,12.95,49.999999999998934,
14.717618098,12.950000000000001,3,control_period,12.95,49.999999999998934,
14.717985059,12.950000000000001,2,controller_to_actual_cmd,,2.446564,
14.718034133000002,12.950000000000001,3,controller_to_actual_cmd,,0.477579,
14.725050929000002,12.96,3,detector_inference,,6.827147960662842,
14.725429887,12.96,3,camera_to_measurement,12.94,8.12989,True
14.765278327,13.0,2,control_period,13.0,50.00000000000071,
14.765321182000001,13.0,3,measurement_to_controller_cmd,,39.891295,True
14.765352965000002,13.0,3,controller_to_actual_cmd,,0.031783,
14.765389079,13.0,3,control_period,13.0,50.00000000000071,
14.765716088000001,13.0,1,controller_to_actual_cmd,,0.029429,
14.765764645,13.0,1,control_period,13.0,50.00000000000071,
14.765796961000001,13.0,2,controller_to_actual_cmd,,0.568663,
14.786866099000001,13.020000000000001,1,detector_inference,,7.498989105224609,
14.78768348,13.020000000000001,1,camera_to_measurement,13.005,10.672982,True
14.792375283,13.025,2,camera_to_measurement,13.005,9.66714,True
14.792456005000002,13.025,2,detector_inference,,7.396866798400879,
14.801591160000001,13.035,3,detector_inference,,9.322086334228516,
14.801973440000001,13.035,3,camera_to_measurement,13.005,11.305712999999999,True
14.815393676000001,13.05,1,measurement_to_controller_cmd,,27.710196,True
14.815439190000001,13.05,1,controller_to_actual_cmd,,0.045514,
14.815512885,13.05,1,control_period,13.05,50.00000000000071,
14.815556001000001,13.05,2,measurement_to_controller_cmd,,23.180718,True
14.815589207,13.05,2,controller_to_actual_cmd,,0.033206,
14.815627117000002,13.05,2,control_period,13.05,50.00000000000071,
14.815659685000002,13.05,3,measurement_to_controller_cmd,,13.686245,True
14.815691332,13.05,3,controller_to_actual_cmd,,0.031647,
14.815726676,13.05,3,control_period,13.05,50.00000000000071,
14.856384672,13.090000000000002,1,detector_inference,,6.9740729331970215,
14.857100953000002,13.090000000000002,1,camera_to_measurement,13.07,8.802899,True
14.8651008,13.100000000000001,2,control_period,13.1,49.999999999998934,
14.866026830000001,13.100000000000001,1,measurement_to_controller_cmd,,8.925877,True
14.86622462,13.100000000000001,1,control_period,13.1,49.999999999998934,
14.866345832,13.100000000000001,2,controller_to_actual_cmd,,1.3578999999999999,
14.866611083,13.100000000000001,3,control_period,13.1,49.999999999998934,
14.867224513000002,13.100000000000001,1,controller_to_actual_cmd,,1.197683,
14.867324559,13.100000000000001,3,controller_to_actual_cmd,,0.856123,
14.870284680000001,13.105,3,detector_inference,,7.491114139556885,
14.914826724000001,13.15,1,control_period,13.15,50.00000000000071,
14.914959652,13.15,2,control_period,13.15,50.00000000000071,
14.91559576,13.15,1,camera_to_measurement,13.135,7.862069999999999,True
14.915686341,13.15,1,detector_inference,,6.662758827209473,
14.915760617,13.15,2,controller_to_actual_cmd,,0.8627699999999999,
14.915822887000001,13.15,3,measurement_to_controller_cmd,,45.005252,True
14.915864587000002,13.15,3,controller_to_actual_cmd,,0.0417,
14.915916842000001,13.15,3,control_period,13.15,50.00000000000071,
14.916239172000001,13.15,1,controller_to_actual_cmd,,1.475858,
14.923302864,13.155000000000001,3,camera_to_measurement,13.135,9.685879,True
14.923404712000002,13.155000000000001,3,detector_inference,,7.615871906280518,
14.964924243,13.200000000000001,2,controller_to_actual_cmd,,0.043970999999999996,
14.965022515000001,13.200000000000001,2,control_period,13.2,49.999999999998934,
14.965087886000001,13.200000000000001,3,measurement_to_controller_cmd,,41.785022,True
14.965151406,13.200000000000001,3,control_period,13.2,49.999999999998934,
14.965675402,13.200000000000001,1,measurement_to_controller_cmd,,50.079642,True
14.965755341000001,13.200000000000001,1,control_period,13.2,49.999999999998934,
14.965806866000001,13.200000000000001,3,controller_to_actual_cmd,,0.71898,
14.966163915000001,13.200000000000001,1,controller_to_actual_cmd,,0.488513,
14.991446776,13.225000000000001,1,camera_to_measurement,13.205,13.030612,True
14.991597719000001,13.225000000000001,1,detector_inference,,8.338871002197266,
15.000791786,13.235000000000001,3,detector_inference,,9.310005187988281,
15.001653656,13.235000000000001,3,camera_to_measurement,13.205,11.401257,True
15.002351413000001,13.235000000000001,2,camera_to_measurement,13.205,18.484713,False
15.002418904,13.235000000000001,2,detector_inference,,18.04298973083496,
15.015223871000002,13.25,1,measurement_to_controller_cmd,,23.777095,True
15.015368058000002,13.25,1,control_period,13.25,50.00000000000071,
15.015521239000002,13.25,2,controller_to_actual_cmd,,0.079125,
15.015623124000001,13.25,2,control_period,13.25,50.00000000000071,
15.015685746,13.25,3,measurement_to_controller_cmd,,14.03209,True
15.015748438000001,13.25,3,control_period,13.25,50.00000000000071,
15.016106019,13.25,3,controller_to_actual_cmd,,0.420273,
15.016460114000001,13.25,1,controller_to_actual_cmd,,1.236243,
15.059441996,13.295000000000002,3,camera_to_measurement,13.27,5.630679,True
15.059520641,13.295000000000002,3,detector_inference,,5.635598182678223,
15.065047853000001,13.3,3,measurement_to_controller_cmd,,5.605856999999999,True
15.065688111000002,13.3,1,controller_to_actual_cmd,,0.034801,
15.065756697000001,13.3,1,control_period,13.3,50.00000000000071,
15.065815351000001,13.3,2,controller_to_actual_cmd,,0.023974,
15.065850666000001,13.3,2,control_period,13.3,50.00000000000071,
15.065887255000002,13.3,3,control_period,13.3,50.00000000000071,
15.066167055000001,13.3,3,controller_to_actual_cmd,,1.119202,
15.117067543000001,13.350000000000001,1,controller_to_actual_cmd,,0.08809399999999999,
15.117215776,13.350000000000001,1,control_period,13.35,49.999999999998934,
15.117404897,13.350000000000001,2,controller_to_actual_cmd,,0.085399,
15.117590109000002,13.350000000000001,2,control_period,13.35,49.999999999998934,
15.117819076000002,13.350000000000001,3,controller_to_actual_cmd,,0.10259299999999999,
15.117961945000001,13.350000000000001,3,control_period,13.35,49.999999999998934,
15.126644875,13.360000000000001,3,detector_inference,,9.960476875305176,
15.127389805000002,13.360000000000001,3,camera_to_measurement,13.335,11.366613,True
15.12835596,13.360000000000001,1,detector_inference,,16.876951217651367,
15.128984831,13.360000000000001,1,camera_to_measurement,13.335,20.221166,True
15.130816965000001,13.365,2,detector_inference,,16.266971588134766,
15.131561027000002,13.365,2,camera_to_measurement,13.335,18.66899,False
15.165313097,13.4,1,measurement_to_controller_cmd,,36.328266,True
15.165385028000001,13.4,1,control_period,13.4,50.00000000000071,
15.165472094,13.4,2,control_period,13.4,50.00000000000071,
15.165526786000001,13.4,3,measurement_to_controller_cmd,,38.136981,True
15.165565976000002,13.4,3,control_period,13.4,50.00000000000071,
15.165850954000001,13.4,1,controller_to_actual_cmd,,0.537857,
15.165889918000001,13.4,2,controller_to_actual_cmd,,0.45743999999999996,
15.165922462000001,13.4,3,controller_to_actual_cmd,,0.39567599999999997,
15.190676737,13.425,2,camera_to_measurement,13.4,8.610135,False
15.190748347000001,13.425,2,detector_inference,,7.469494819641113,
15.192385454,13.425,1,detector_inference,,15.601359367370605,
15.192754094000001,13.425,1,camera_to_measurement,13.4,17.846329,True
15.215443907000001,13.450000000000001,1,measurement_to_controller_cmd,,22.689812999999997,True
15.215585487,13.450000000000001,1,controller_to_actual_cmd,,0.14157999999999998,
15.215714609,13.450000000000001,1,control_period,13.45,49.999999999998934,
15.215906467000002,13.450000000000001,2,controller_to_actual_cmd,,0.084967,
15.216013494,13.450000000000001,2,control_period,13.45,49.999999999998934,
15.216734967,13.450000000000001,3,controller_to_actual_cmd,,0.07399599999999999,
15.216846833000002,13.450000000000001,3,control_period,13.45,49.999999999998934,
15.255748711,13.49,2,detector_inference,,9.456249237060547,
15.256352056,13.49,2,camera_to_measurement,13.465,10.433028,False
15.256911414000001,13.49,3,camera_to_measurement,13.465,7.1339939999999995,True
15.257000769000001,13.49,3,detector_inference,,6.1934919357299805,
15.265319728000001,13.5,1,controller_to_actual_cmd,,0.078114,
15.26546225,13.5,1,control_period,13.5,50.00000000000071,
15.265652109000001,13.5,3,measurement_to_controller_cmd,,8.740694999999999,True
15.26574961,13.5,3,controller_to_actual_cmd,,0.09750099999999999,
15.265907701000001,13.5,3,control_period,13.5,50.00000000000071,
15.266301433,13.5,2,controller_to_actual_cmd,,0.7290749999999999,
15.266373695,13.5,2,control_period,13.5,50.00000000000071,
15.314893648000002,13.55,1,controller_to_actual_cmd,,0.034626,
15.314967611,13.55,1,control_period,13.55,50.00000000000071,
15.315039239,13.55,2,control_period,13.55,50.00000000000071,
15.315118928,13.55,3,control_period,13.55,50.00000000000071,
15.315482634,13.55,2,controller_to_actual_cmd,,0.47678,
15.316037992000002,13.55,3,controller_to_actual_cmd,,0.9628939999999999,
15.318770741000002,13.55,2,detector_inference,,5.5958170890808105,
15.319656409,13.555000000000001,2,camera_to_measurement,13.535,7.812907,False
15.3651897,13.600000000000001,1,controller_to_actual_cmd,,0.031455,
15.36528168,13.600000000000001,1,control_period,13.6,49.999999999998934,
15.365358709,13.600000000000001,2,control_period,13.6,49.999999999998934,
15.365431753000001,13.600000000000001,3,controller_to_actual_cmd,,0.031535,
15.365471365000001,13.600000000000001,3,control_period,13.6,49.999999999998934,
15.365789672000002,13.600000000000001,2,controller_to_actual_cmd,,0.46345,
15.390193833000001,13.625,1,camera_to_measurement,13.6,16.179736,True
15.390331252000001,13.625,1,detector_inference,,13.194650650024414,
15.392762184,13.625,2,camera_to_measurement,13.6,12.709653,True
15.392896497,13.625,2,detector_inference,,11.294098854064941,
15.393772772,13.625,3,detector_inference,,7.165143013000488,
15.41548721,13.65,1,measurement_to_controller_cmd,,25.293377,True
15.415622808,13.65,1,control_period,13.65,50.00000000000071,
15.415698441000002,13.65,2,measurement_to_controller_cmd,,22.936256999999998,True
15.415775783,13.65,2,control_period,13.65,50.00000000000071,
15.415845314,13.65,3,measurement_to_controller_cmd,,22.177766,True
15.415922249000001,13.65,3,control_period,13.65,50.00000000000071,
15.416550146,13.65,1,controller_to_actual_cmd,,1.0629359999999999,
15.416616808,13.65,2,controller_to_actual_cmd,,0.9183669999999999,
15.416660745000001,13.65,3,controller_to_actual_cmd,,0.815431,
15.453692550000001,13.685,1,camera_to_measurement,13.665,12.720122,True
15.453838071000002,13.685,1,detector_inference,,10.683541297912598,
15.465380382000001,13.700000000000001,3,controller_to_actual_cmd,,0.359664,
15.465484831000001,13.700000000000001,3,control_period,13.7,49.999999999998934,
15.465814470000002,13.700000000000001,1,measurement_to_controller_cmd,,12.12192,True
15.465871581000002,13.700000000000001,1,controller_to_actual_cmd,,0.057110999999999995,
15.465966416,13.700000000000001,1,control_period,13.7,49.999999999998934,
15.466090185,13.700000000000001,2,control_period,13.7,49.999999999998934,
15.466421559,13.700000000000001,2,controller_to_actual_cmd,,0.389352,
15.515224056000001,13.75,2,controller_to_actual_cmd,,0.101973,
15.515401416000001,13.75,2,control_period,13.75,50.00000000000071,
15.515663731000002,13.75,3,control_period,13.75,50.00000000000071,
15.51637679,13.75,1,camera_to_measurement,13.73,13.145555,True
15.516518831,13.75,1,detector_inference,,11.246822357177734,
15.516645632000001,13.75,1,measurement_to_controller_cmd,,0.26884199999999997,True
15.516785158000001,13.75,1,control_period,13.75,50.00000000000071,
15.521023327000002,13.755,1,controller_to_actual_cmd,,4.377695,
15.521181208000002,13.755,2,camera_to_measurement,13.73,13.17274,True
15.521262079000001,13.755,2,detector_inference,,8.708763122558594,
15.521308326000002,13.755,3,controller_to_actual_cmd,,5.76598,
15.52652203,13.760000000000002,3,detector_inference,,7.2626237869262695,
15.527112356000002,13.760000000000002,3,camera_to_measurement,13.73,8.215093999999999,True
15.569363585000001,13.8,1,control_period,13.8,50.00000000000071,
15.569440903,13.8,2,measurement_to_controller_cmd,,48.259695,True
15.569491065000001,13.8,2,controller_to_actual_cmd,,0.050162,
15.569536559000001,13.8,2,control_period,13.8,50.00000000000071,
15.569574232,13.8,3,measurement_to_controller_cmd,,42.461876,True
15.570065864000002,13.8,1,controller_to_actual_cmd,,0.796978,
15.570134608000002,13.8,3,controller_to_actual_cmd,,0.560376,
15.570197147000002,13.8,3,control_period,13.8,50.00000000000071,
15.586443896,13.82,3,detector_inference,,7.52338981628418,
15.587132786000002,13.82,1,camera_to_measurement,13.795,18.254203999999998,True
15.587220570000001,13.82,1,detector_inference,,16.525733947753906,
15.587306023000002,13.82,3,camera_to_measurement,13.795,9.556422999999999,True
15.615163223000001,13.850000000000001,1,measurement_to_controller_cmd,,28.030437,True
15.615368368,13.850000000000001,3,measurement_to_controller_cmd,,28.062344999999997,True
15.615976015000001,13.850000000000001,1,control_period,13.85,49.999999999998934,
15.616066415,13.850000000000001,2,controller_to_actual_cmd,,0.776801,
15.616154715,13.850000000000001,2,control_period,13.85,49.999999999998934,
15.616231323000001,13.850000000000001,3,controller_to_actual_cmd,,0.8629549999999999,
15.616332936000001,13.850000000000001,3,control_period,13.85,49.999999999998934,
15.617689102000002,13.850000000000001,1,controller_to_actual_cmd,,2.5258789999999998,
15.656914551000002,13.89,1,camera_to_measurement,13.865,17.12579,True
15.657038168000001,13.89,1,detector_inference,,15.428609848022461,
15.657133124000001,13.89,3,detector_inference,,6.303424835205078,
15.657756199000001,13.89,3,camera_to_measurement,13.865,8.004707,True
15.666118932000002,13.9,2,control_period,13.9,50.00000000000071,
15.666209291000001,13.9,3,measurement_to_controller_cmd,,8.453092,True
15.666269729000001,13.9,3,controller_to_actual_cmd,,0.060438,
15.666353519000001,13.9,3,control_period,13.9,50.00000000000071,
15.666792252,13.9,1,measurement_to_controller_cmd,,9.877701,True
15.666839803,13.9,1,controller_to_actual_cmd,,0.047550999999999996,
15.666890654000001,13.9,1,control_period,13.9,50.00000000000071,
15.666929360000001,13.9,2,controller_to_actual_cmd,,0.924051,
15.715828009,13.950000000000001,2,control_period,13.95,49.999999999998934,
15.715924432000001,13.950000000000001,3,controller_to_actual_cmd,,0.034821,
15.715973597000001,13.950000000000001,3,control_period,13.95,49.999999999998934,
15.716694606,13.950000000000001,1,controller_to_actual_cmd,,0.058287,
15.716797203,13.950000000000001,1,control_period,13.95,49.999999999998934,
15.716868417,13.950000000000001,2,controller_to_actual_cmd,,1.119408,
15.721921206000001,13.955,1,detector_inference,,17.349903106689453,
15.722649664,13.955,1,camera_to_measurement,13.93,19.294131,True
15.722785506000001,13.955,2,camera_to_measurement,13.93,15.905484999999999,True
15.722879807000002,13.955,2,detector_inference,,13.92054271697998,
15.722986120000002,13.955,3,camera_to_measurement,13.93,12.893925,True
15.723070135,13.955,3,detector_inference,,11.367206573486328,
15.765047155000001,14.0,3,measurement_to_controller_cmd,,42.061035,True
15.765668449000001,14.0,1,measurement_to_controller_cmd,,43.018785,True
15.765717428,14.0,1,controller_to_actual_cmd,,0.048978999999999995,
15.765801875000001,14.0,1,control_period,14.0,50.00000000000071,
15.765855613000001,14.0,2,measurement_to_controller_cmd,,43.070107,True
15.765901844000002,14.0,2,controller_to_actual_cmd,,0.046231,
15.765952969,14.0,2,control_period,14.0,50.00000000000071,
15.765998598000001,14.0,3,controller_to_actual_cmd,,0.9514429999999999,
15.766045000000002,14.0,3,control_period,14.0,50.00000000000071,
15.782928477,14.015,3,detector_inference,,6.676041126251221,
15.783785197,14.015,2,camera_to_measurement,13.995000000000001,13.304464999999999,True
15.783906418,14.015,2,detector_inference,,11.991531372070312,
15.784032971,14.015,3,camera_to_measurement,13.995000000000001,9.153324,True
15.815502738000001,14.05,1,controller_to_actual_cmd,,0.055465999999999994,
15.815588325,14.05,1,control_period,14.05,50.00000000000071,
15.815654601,14.05,2,measurement_to_controller_cmd,,31.869404,True
15.815708348000001,14.05,2,controller_to_actual_cmd,,0.053746999999999996,
15.815757817000001,14.05,2,control_period,14.05,50.00000000000071,
15.815796539,14.05,3,measurement_to_controller_cmd,,31.763568,True
15.815832599,14.05,3,controller_to_actual_cmd,,0.03606,
15.815877541,14.05,3,control_period,14.05,50.00000000000071,
15.851731656,14.085,1,detector_inference,,18.15656089782715,
15.852078395000001,14.085,1,camera_to_measurement,14.06,18.774608999999998,True
15.853549138000002,14.085,3,detector_inference,,8.00944995880127,
15.853996570000001,14.090000000000002,3,camera_to_measurement,14.06,11.137869,True
15.865481844000001,14.100000000000001,1,measurement_to_controller_cmd,,13.403449,True
15.865633942,14.100000000000001,1,controller_to_actual_cmd,,0.15209799999999998,
15.865783036000002,14.100000000000001,1,control_period,14.1,49.999999999998934,
15.86585196,14.100000000000001,2,controller_to_actual_cmd,,0.876988,
15.865903662000001,14.100000000000001,2,control_period,14.1,49.999999999998934,
15.865939591000002,14.100000000000001,3,measurement_to_controller_cmd,,11.943021,True
15.865977929000001,14.100000000000001,3,control_period,14.1,49.999999999998934,
15.86627093,14.100000000000001,3,controller_to_actual_cmd,,0.331339,
15.904209055,14.14,1,camera_to_measurement,14.125,7.460971,True
15.904287338000001,14.14,1,detector_inference,,6.692609786987305,
15.910787330000002,14.145000000000001,3,detector_inference,,5.581833839416504,
15.911392586000002,14.145000000000001,3,camera_to_measurement,14.125,7.979082,True
15.914810695000002,14.15,1,measurement_to_controller_cmd,,10.60164,True
15.91486605,14.15,1,controller_to_actual_cmd,,0.055354999999999994,
15.914923923000002,14.15,1,control_period,14.15,50.00000000000071,
15.915012381,14.15,2,control_period,14.15,50.00000000000071,
15.915309645,14.15,2,controller_to_actual_cmd,,0.34950699999999996,
15.915352131,14.15,3,measurement_to_controller_cmd,,3.959545,True
15.915385497,14.15,3,controller_to_actual_cmd,,0.033366,
15.915426256000002,14.15,3,control_period,14.15,50.00000000000071,
15.965744151,14.200000000000001,1,control_period,14.2,49.999999999998934,
15.966128188,14.200000000000001,2,control_period,14.2,49.999999999998934,
15.968379522000001,14.200000000000001,2,controller_to_actual_cmd,,2.432554,
15.968463778,14.200000000000001,3,controller_to_actual_cmd,,2.228863,
15.96862847,14.200000000000001,3,control_period,14.2,49.999999999998934,
15.969297055,14.205,1,controller_to_actual_cmd,,3.644652,
15.987616647000001,14.22,2,detector_inference,,13.814360618591309,
15.988265564,14.22,2,camera_to_measurement,14.195,17.052488,True
15.988462202000001,14.22,3,detector_inference,,10.687385559082031,
15.990070819000001,14.225000000000001,1,camera_to_measurement,14.195,21.935800999999998,True
15.990167260000002,14.225000000000001,1,detector_inference,,18.724119186401367,
16.014822839,14.25,1,measurement_to_controller_cmd,,24.752019999999998,True
16.014944571,14.25,2,measurement_to_controller_cmd,,26.679007,True
16.015085228,14.25,2,control_period,14.25,50.00000000000071,
16.01566914,14.25,1,controller_to_actual_cmd,,0.846301,
16.015744219000002,14.25,1,control_period,14.25,50.00000000000071,
16.015788451000002,14.25,2,controller_to_actual_cmd,,0.84388,
16.015828605,14.25,3,measurement_to_controller_cmd,,26.419707,True
16.015864291,14.25,3,controller_to_actual_cmd,,0.035685999999999996,
16.015905571,14.25,3,control_period,14.25,50.00000000000071,
16.049612194,14.285,3,detector_inference,,6.98134183883667,
16.050248934000003,14.285,3,camera_to_measurement,14.26,9.58333,True
16.065195214000003,14.3,2,control_period,14.3,50.00000000000071,
16.065274339000002,14.3,3,measurement_to_controller_cmd,,15.025405,True
16.065860657,14.3,1,controller_to_actual_cmd,,0.03609,
16.065929552,14.3,1,control_period,14.3,50.00000000000071,
16.065967156,14.3,2,controller_to_actual_cmd,,0.8714569999999999,
16.066011756,14.3,3,controller_to_actual_cmd,,0.737417,
16.066051054000003,14.3,3,control_period,14.3,50.00000000000071,
16.111560052,14.345,2,detector_inference,,11.281085014343262,
16.111669253000002,14.345,3,detector_inference,,8.002410888671875,
16.112323566,14.345,2,camera_to_measurement,14.325,13.962430999999999,True
16.112458716000003,14.345,3,camera_to_measurement,14.325,9.774771999999999,True
16.114929643,14.350000000000001,1,control_period,14.35,49.999999999998934,
16.114992347,14.350000000000001,2,measurement_to_controller_cmd,,2.668781,True
16.115058790000003,14.350000000000001,2,control_period,14.35,49.999999999998934,
16.115551214,14.350000000000001,1,controller_to_actual_cmd,,0.717224,
16.1156113,14.350000000000001,2,controller_to_actual_cmd,,0.618953,
16.115655339,14.350000000000001,3,measurement_to_controller_cmd,,3.1966229999999998,True
16.115695099,14.350000000000001,3,controller_to_actual_cmd,,0.03976,
16.115750655,14.350000000000001,3,control_period,14.35,49.999999999998934,
16.166614852000002,14.4,1,control_period,14.4,50.00000000000071,
16.169590504000002,14.4,2,control_period,14.4,50.00000000000071,
16.170086164,14.4,3,control_period,14.4,50.00000000000071,
16.171321393,14.405000000000001,1,controller_to_actual_cmd,,4.8501009999999996,
16.171466248,14.405000000000001,2,controller_to_actual_cmd,,2.14725,
16.171637614,14.405000000000001,3,controller_to_actual_cmd,,1.763942,
16.17852556,14.41,2,detector_inference,,9.976249694824219,
16.179410386,14.415000000000001,1,camera_to_measurement,14.39,16.161036,True
16.179555446000002,14.415000000000001,1,detector_inference,,14.49067497253418,
16.179698292,14.415000000000001,2,camera_to_measurement,14.39,11.066956,True
16.189612086,14.425,3,camera_to_measurement,14.39,13.825303,True
16.189711017,14.425,3,detector_inference,,11.259285926818848,
16.214801588,14.450000000000001,1,measurement_to_controller_cmd,,35.391202,True
16.214956141000002,14.450000000000001,2,measurement_to_controller_cmd,,35.257849,True
16.215087416,14.450000000000001,3,measurement_to_controller_cmd,,25.47533,True
16.215852601,14.450000000000001,1,controller_to_actual_cmd,,1.051013,
16.215977820000003,14.450000000000001,1,control_period,14.45,49.999999999998934,
16.216070642000002,14.450000000000001,2,controller_to_actual_cmd,,1.114501,
16.216182969000002,14.450000000000001,2,control_period,14.45,49.999999999998934,
16.21629057,14.450000000000001,3,controller_to_actual_cmd,,1.2031539999999998,
16.216408774,14.450000000000001,3,control_period,14.45,49.999999999998934,
16.246396155,14.48,1,camera_to_measurement,14.455,15.662071999999998,True
16.246528662,14.48,1,detector_inference,,11.40643310546875,
16.250092212000002,14.485000000000001,2,detector_inference,,13.006994247436523,
16.250553201000002,14.485000000000001,2,camera_to_measurement,14.455,15.368431,True
16.256874345,14.49,3,camera_to_measurement,14.455,11.682281,True
16.25701631,14.49,3,detector_inference,,9.959033012390137,
16.26574411,14.500000000000002,1,measurement_to_controller_cmd,,19.347955,True
16.265807967,14.500000000000002,2,measurement_to_controller_cmd,,15.254766,True
16.26585218,14.500000000000002,2,controller_to_actual_cmd,,0.044212999999999995,
16.265942915,14.500000000000002,2,control_period,14.5,50.00000000000071,
16.266341809,14.500000000000002,1,controller_to_actual_cmd,,0.597699,
16.266392336000003,14.500000000000002,1,control_period,14.5,50.00000000000071,
16.266433766000002,14.500000000000002,3,measurement_to_controller_cmd,,9.559421,True
16.2664701,14.500000000000002,3,controller_to_actual_cmd,,0.036334,
16.266534156000002,14.500000000000002,3,control_period,14.5,50.00000000000071,
16.315411373,14.55,1,control_period,14.55,50.00000000000071,
16.315494213,14.55,2,controller_to_actual_cmd,,0.519506,
16.315546666,14.55,2,control_period,14.55,50.00000000000071,
16.315601858,14.55,3,camera_to_measurement,14.525,11.048757,True
16.315653774,14.55,3,detector_inference,,9.384318351745605,
16.316131944000002,14.55,1,controller_to_actual_cmd,,1.206956,
16.316210864000002,14.55,3,measurement_to_controller_cmd,,0.6090059999999999,True
16.316253197,14.55,3,controller_to_actual_cmd,,0.042332999999999996,
16.316335374,14.55,3,control_period,14.55,50.00000000000071,
16.316720935,14.55,2,camera_to_measurement,14.525,15.882748999999999,True
16.31679061,14.55,2,detector_inference,,13.403392791748047,
16.365091932000002,14.600000000000001,2,measurement_to_controller_cmd,,48.370996999999996,True
16.366338193,14.600000000000001,2,control_period,14.6,49.999999999998934,
16.367163132,14.600000000000001,3,controller_to_actual_cmd,,0.7096549999999999,
16.367359083,14.600000000000001,3,control_period,14.6,49.999999999998934,
16.368246471000003,14.600000000000001,1,control_period,14.6,49.999999999998934,
16.368353636000002,14.600000000000001,2,controller_to_actual_cmd,,3.261704,
16.369117941000003,14.600000000000001,1,controller_to_actual_cmd,,1.00467,
16.374636943000002,14.610000000000001,1,camera_to_measurement,14.59,12.079766999999999,True
16.374745288,14.610000000000001,1,detector_inference,,10.106551170349121,
16.378908339000002,14.610000000000001,2,detector_inference,,10.164981842041016,
16.381585568000002,14.615,3,detector_inference,,6.462331771850586,
16.382302744,14.615,3,camera_to_measurement,14.59,8.7484,True
16.415024014,14.65,1,measurement_to_controller_cmd,,40.387071,True
16.41514063,14.65,1,control_period,14.65,50.00000000000071,
16.415215542000002,14.65,3,measurement_to_controller_cmd,,32.912797999999995,True
16.415570255000002,14.65,1,controller_to_actual_cmd,,0.546241,
16.415617015000002,14.65,2,measurement_to_controller_cmd,,35.209379999999996,True
16.415659926,14.65,2,controller_to_actual_cmd,,0.042911,
16.415714019,14.65,2,control_period,14.65,50.00000000000071,
16.415754283000002,14.65,3,controller_to_actual_cmd,,0.538741,
16.415794704,14.65,3,control_period,14.65,50.00000000000071,
16.438093267,14.670000000000002,1,detector_inference,,8.402116775512695,
16.438748599,14.670000000000002,1,camera_to_measurement,14.655,11.187921,True
16.449945395,14.685,2,camera_to_measurement,14.655,16.943220999999998,True
16.450071049,14.685,2,detector_inference,,13.759140014648438,
16.450287665,14.685,3,detector_inference,,7.568648815155029,
16.465595057,14.700000000000001,1,measurement_to_controller_cmd,,26.846458,True
16.465748317000003,14.700000000000001,1,control_period,14.7,49.999999999998934,
16.46585044,14.700000000000001,2,measurement_to_controller_cmd,,15.905045,True
16.465943279,14.700000000000001,2,controller_to_actual_cmd,,0.09283899999999999,
16.466051209,14.700000000000001,2,control_period,14.7,49.999999999998934,
16.466146085000002,14.700000000000001,3,measurement_to_controller_cmd,,15.944968,True
16.466233389000003,14.700000000000001,3,controller_to_actual_cmd,,0.08730399999999999,
16.466330099,14.700000000000001,3,control_period,14.7,49.999999999998934,
16.466855386000002,14.700000000000001,1,controller_to_actual_cmd,,1.260329,
16.505910162,14.74,1,camera_to_measurement,14.72,10.832305,True
16.506109476000002,14.74,1,detector_inference,,8.921180725097656,
16.513601978,14.745000000000001,2,detector_inference,,13.664217948913574,
16.513724118000003,14.745000000000001,3,detector_inference,,8.295976638793945,
16.514529655,14.750000000000002,2,camera_to_measurement,14.72,17.096995,True
16.51465672,14.750000000000002,3,camera_to_measurement,14.72,9.886063,True
16.515395699000003,14.750000000000002,1,measurement_to_controller_cmd,,9.485536999999999,True
16.515513851,14.750000000000002,2,measurement_to_controller_cmd,,0.984196,True
16.515611347,14.750000000000002,2,controller_to_actual_cmd,,0.097496,
16.515736701,14.750000000000002,2,control_period,14.75,50.00000000000071,
16.515834026,14.750000000000002,3,measurement_to_controller_cmd,,1.177306,True
16.515919045,14.750000000000002,3,controller_to_actual_cmd,,0.085019,
16.516014447,14.750000000000002,3,control_period,14.75,50.00000000000071,
16.51659944,14.750000000000002,1,controller_to_actual_cmd,,1.203741,
16.516703405,14.750000000000002,1,control_period,14.75,50.00000000000071,
16.565619187,14.8,1,camera_to_measurement,14.785,7.981122,True
16.565670830000002,14.8,1,detector_inference,,6.662511825561523,
16.565722366000003,14.8,1,measurement_to_controller_cmd,,0.10317899999999999,True
16.565770332,14.8,1,control_period,14.8,50.00000000000071,
16.565813393000003,14.8,2,control_period,14.8,50.00000000000071,
16.56585355,14.8,3,controller_to_actual_cmd,,0.6892199999999999,
16.565901866,14.8,3,control_period,14.8,50.00000000000071,
16.566233285000003,14.8,2,controller_to_actual_cmd,,1.129535,
16.566580485,14.8,1,controller_to_actual_cmd,,0.858119,
16.572493310000002,14.805000000000001,3,detector_inference,,7.9862189292907715,
16.572914812,14.805000000000001,3,camera_to_measurement,14.785,9.392591999999999,True
16.615541977,14.850000000000001,1,control_period,14.85,49.999999999998934,
16.615739068,14.850000000000001,2,control_period,14.85,49.999999999998934,
16.615827854000003,14.850000000000001,3,measurement_to_controller_cmd,,42.913042,True
16.616459317,14.850000000000001,1,controller_to_actual_cmd,,1.044511,
16.616581719000003,14.850000000000001,2,controller_to_actual_cmd,,0.928383,
16.616674587000002,14.850000000000001,3,controller_to_actual_cmd,,0.846733,
16.616781187,14.850000000000001,3,control_period,14.85,49.999999999998934,
16.645087863,14.88,1,detector_inference,,13.379888534545898,
16.645434329,14.88,1,camera_to_measurement,14.855,13.495801,True
16.647944924,14.88,2,detector_inference,,11.259501457214355,
16.648311064,14.88,2,camera_to_measurement,14.855,11.288020999999999,True
16.665471665000002,14.9,1,measurement_to_controller_cmd,,20.037336,True
16.665594117,14.9,1,control_period,14.9,50.00000000000071,
16.665641779,14.9,2,measurement_to_controller_cmd,,17.330714999999998,True
16.665701283,14.9,2,control_period,14.9,50.00000000000071,
16.66577694,14.9,3,control_period,14.9,50.00000000000071,
16.666097608,14.9,1,controller_to_actual_cmd,,0.625943,
16.666143858,14.9,2,controller_to_actual_cmd,,0.5020789999999999,
16.666182835,14.9,3,controller_to_actual_cmd,,0.441526,
16.712989914,14.945,2,detector_inference,,13.171065330505371,
16.713776147,14.945,1,camera_to_measurement,14.92,21.075287,True
16.713900159,14.945,1,detector_inference,,18.64665985107422,
16.714042105,14.945,2,camera_to_measurement,14.92,15.377424999999999,True
16.714907737,14.950000000000001,2,measurement_to_controller_cmd,,0.865632,True
16.715175032,14.950000000000001,2,control_period,14.95,49.999999999998934,
16.715308358,14.950000000000001,3,camera_to_measurement,14.92,13.388988,True
16.715412688,14.950000000000001,3,detector_inference,,10.56735610961914,
16.716189451,14.950000000000001,1,measurement_to_controller_cmd,,2.4133039999999997,True
16.716337428000003,14.950000000000001,1,control_period,14.95,49.999999999998934,
16.716440911,14.950000000000001,2,controller_to_actual_cmd,,1.533174,
16.716560022,14.950000000000001,3,measurement_to_controller_cmd,,1.2516639999999999,True
16.716657004,14.950000000000001,3,controller_to_actual_cmd,,0.096982,
16.716767733,14.950000000000001,3,control_period,14.95,49.999999999998934,
16.717467984000002,14.950000000000001,1,controller_to_actual_cmd,,1.278533,
16.76735665,15.000000000000002,1,controller_to_actual_cmd,,0.038359,
16.767441121,15.000000000000002,1,control_period,15.0,50.00000000000071,
16.767522469,15.000000000000002,2,controller_to_actual_cmd,,0.029939999999999998,
16.767567299,15.000000000000002,2,control_period,15.0,50.00000000000071,
16.76763133,15.000000000000002,3,controller_to_actual_cmd,,0.028527999999999998,
16.767675178,15.000000000000002,3,control_period,15.0,50.00000000000071,
16.776788848000002,15.010000000000002,1,detector_inference,,16.85579490661621,
16.777525814,15.010000000000002,1,camera_to_measurement,14.985,19.50031,True
16.777679651,15.010000000000002,2,detector_inference,,15.186413764953613,
16.778362505,15.010000000000002,2,camera_to_measurement,14.985,17.521924,True
16.814969422,15.05,1,measurement_to_controller_cmd,,37.443608,True
16.815084423000002,15.05,1,control_period,15.05,50.00000000000071,
16.81515922,15.05,2,measurement_to_controller_cmd,,36.796715,True
16.815225852,15.05,2,controller_to_actual_cmd,,0.066632,
16.815298891,15.05,2,control_period,15.05,50.00000000000071,
16.815720916,15.05,1,controller_to_actual_cmd,,0.751494,
16.815812968,15.05,3,controller_to_actual_cmd,,0.036933,
16.815874502,15.05,3,control_period,15.05,50.00000000000071,
16.84465016,15.08,2,camera_to_measurement,15.05,14.602922,True
16.844793321,15.08,2,detector_inference,,12.690132141113281,
16.845426909,15.08,3,camera_to_measurement,15.05,11.23613,True
16.84555567,15.08,3,detector_inference,,10.309816360473633,
16.846132574000002,15.08,1,camera_to_measurement,15.05,20.523047,True
16.846189654,15.08,1,detector_inference,,19.291149139404297,
16.865394206,15.100000000000001,1,measurement_to_controller_cmd,,19.261632,True
16.865507029,15.100000000000001,1,controller_to_actual_cmd,,0.11282299999999999,
16.865635058000002,15.100000000000001,1,control_period,15.1,49.999999999998934,
16.865728813,15.100000000000001,2,measurement_to_controller_cmd,,21.078653,True
16.865835945,15.100000000000001,2,control_period,15.1,49.999999999998934,
16.866386396,15.100000000000001,2,controller_to_actual_cmd,,0.6575829999999999,
16.866469885,15.100000000000001,3,measurement_to_controller_cmd,,21.042976,True
16.866577196,15.100000000000001,3,controller_to_actual_cmd,,0.10731099999999999,
16.866670219,15.100000000000001,3,control_period,15.1,49.999999999998934,
16.903169176000002,15.135000000000002,1,detector_inference,,10.093414306640625,
16.903587674,15.135000000000002,2,camera_to_measurement,15.115,8.311086999999999,True
16.903665692,15.135000000000002,2,detector_inference,,6.657651901245117,
16.912394491,15.145000000000001,3,camera_to_measurement,15.115,9.811821,True
16.912503231000002,15.145000000000001,3,detector_inference,,8.544879913330078,
16.91444209,15.15,3,measurement_to_controller_cmd,,2.047599,True
16.915057271000002,15.15,2,measurement_to_controller_cmd,,11.469597,True
16.915149290000002,15.15,2,control_period,15.15,50.00000000000071,
16.915196125,15.15,3,controller_to_actual_cmd,,0.754035,
16.915241907000002,15.15,3,control_period,15.15,50.00000000000071,
16.915540329000002,15.15,1,measurement_to_controller_cmd,,12.417691999999999,True
16.915580730000002,15.15,1,controller_to_actual_cmd,,0.040401,
16.915624696000002,15.15,1,control_period,15.15,50.00000000000071,
16.915660435,15.15,2,controller_to_actual_cmd,,0.6031639999999999,
16.965912414,15.200000000000001,2,control_period,15.2,49.999999999998934,
16.966036082000002,15.200000000000001,3,control_period,15.2,49.999999999998934,
16.966510341,15.200000000000001,1,controller_to_actual_cmd,,0.730625,
16.966576598,15.200000000000001,1,control_period,15.2,49.999999999998934,
16.966623662,15.200000000000001,2,controller_to_actual_cmd,,0.789391,
16.966665853000002,15.200000000000001,3,controller_to_actual_cmd,,0.6843739999999999,
16.97195418,15.205,2,camera_to_measurement,15.185,9.955791999999999,True
16.972036054,15.205,2,detector_inference,,9.425802230834961,
16.972470676,15.205,1,detector_inference,,13.136672973632812,
17.014836962,15.250000000000002,1,measurement_to_controller_cmd,,42.403929,True
17.014941931000003,15.250000000000002,2,measurement_to_controller_cmd,,42.987750999999996,True
17.015498733,15.250000000000002,1,controller_to_actual_cmd,,0.661771,
17.015574493000003,15.250000000000002,1,control_period,15.25,50.00000000000071,
17.01562062,15.250000000000002,2,controller_to_actual_cmd,,0.678689,
17.015668700000003,15.250000000000002,2,control_period,15.25,50.00000000000071,
17.015739345,15.250000000000002,3,controller_to_actual_cmd,,0.030649,
17.015785,15.250000000000002,3,control_period,15.25,50.00000000000071,
17.042679655,15.275,1,camera_to_measurement,15.25,18.916442,True
17.042799416,15.275,1,detector_inference,,15.34963607788086,
17.042892524000003,15.275,2,camera_to_measurement,15.25,11.778958,True
17.042958981,15.275,2,detector_inference,,10.161786079406738,
17.065094333,15.3,2,measurement_to_controller_cmd,,22.201808999999997,True
17.065255984,15.3,3,control_period,15.3,50.00000000000071,
17.065654795,15.3,2,controller_to_actual_cmd,,0.560462,
17.065726646,15.3,2,control_period,15.3,50.00000000000071,
17.065771350000002,15.3,3,controller_to_actual_cmd,,0.595228,
17.066118998,15.3,1,measurement_to_controller_cmd,,23.439342999999997,True
17.066190577,15.3,1,control_period,15.3,50.00000000000071,
17.066561662,15.3,1,controller_to_actual_cmd,,0.442664,
17.097971983,15.33,1,detector_inference,,8.281339645385742,
17.098707842,15.33,1,camera_to_measurement,15.315,10.586077,True
17.103148891,15.335,2,detector_inference,,7.128191947937012,
17.103920264000003,15.340000000000002,2,camera_to_measurement,15.315,9.696332,True
17.114847181000002,15.350000000000001,2,measurement_to_controller_cmd,,10.926917,True
17.1149323,15.350000000000001,2,controller_to_actual_cmd,,0.085119,
17.115044439000002,15.350000000000001,2,control_period,15.35,49.999999999998934,
17.115216702,15.350000000000001,3,control_period,15.35,49.999999999998934,
17.115704118,15.350000000000001,1,measurement_to_controller_cmd,,16.996275999999998,True
17.115775054,15.350000000000001,1,controller_to_actual_cmd,,0.070936,
17.115857119,15.350000000000001,1,control_period,15.35,49.999999999998934,
17.115923636,15.350000000000001,3,controller_to_actual_cmd,,0.7888689999999999,
17.165532672,15.4,1,controller_to_actual_cmd,,0.110202,
17.165680941,15.4,1,control_period,15.4,50.00000000000071,
17.165905427000002,15.4,2,control_period,15.4,50.00000000000071,
17.166491833000002,15.4,2,controller_to_actual_cmd,,0.6942579999999999,
17.166611656,15.4,3,camera_to_measurement,15.38,9.362603,True
17.166700983000002,15.4,3,detector_inference,,7.198028087615967,
17.166785859,15.4,3,measurement_to_controller_cmd,,0.174203,True
17.166866909,15.4,3,controller_to_actual_cmd,,0.08105,
17.166960328000002,15.4,3,control_period,15.4,50.00000000000071,
17.215980062,15.450000000000001,1,control_period,15.45,49.999999999998934,
17.216687336,15.450000000000001,2,control_period,15.45,49.999999999998934,
17.216825921,15.450000000000001,3,control_period,15.45,49.999999999998934,
17.219241482,15.450000000000001,2,controller_to_actual_cmd,,2.656459,
17.219329687000002,15.450000000000001,3,controller_to_actual_cmd,,2.547557,
17.219865818000002,15.455000000000002,1,controller_to_actual_cmd,,3.961592,
17.236355914,15.47,1,detector_inference,,16.104543685913086,
17.236795830000002,15.47,1,camera_to_measurement,15.445,17.901498999999998,True
17.236861235000003,15.47,2,camera_to_measurement,15.445,11.735591999999999,True
17.236901227,15.47,2,detector_inference,,10.5418062210083,
17.243376541,15.475000000000001,3,detector_inference,,11.756335258483887,
17.265574886,15.500000000000002,1,measurement_to_controller_cmd,,28.779055999999997,True
17.265644632,15.500000000000002,1,controller_to_actual_cmd,,0.069746,
17.265727392000002,15.500000000000002,1,control_period,15.5,50.00000000000071,
17.265774551,15.500000000000002,2,measurement_to_controller_cmd,,28.913316,True
17.265820851,15.500000000000002,2,control_period,15.5,50.00000000000071,
17.266147038,15.500000000000002,2,controller_to_actual_cmd,,0.37248699999999996,
17.266193017000003,15.500000000000002,3,measurement_to_controller_cmd,,22.14902,True
17.266229341000003,15.500000000000002,3,controller_to_actual_cmd,,0.036323999999999995,
17.266271013,15.500000000000002,3,control_period,15.5,50.00000000000071,
17.297913734,15.530000000000001,1,detector_inference,,8.968799591064453,
17.298718571000002,15.530000000000001,1,camera_to_measurement,15.515,10.718325,True
17.302764825,15.535,2,camera_to_measurement,15.515,10.837074999999999,True
17.302853634,15.535,2,detector_inference,,8.951528549194336,
17.311123806,15.545000000000002,3,detector_inference,,8.156251907348633,
17.311869631,15.545000000000002,3,camera_to_measurement,15.515,11.340990999999999,True
17.31567374,15.55,1,measurement_to_controller_cmd,,16.955168999999998,True
17.315731343,15.55,1,controller_to_actual_cmd,,0.057602999999999994,
17.315796403,15.55,1,control_period,15.55,50.00000000000071,
17.315837294,15.55,2,measurement_to_controller_cmd,,13.072469,True
17.31587339,15.55,2,controller_to_actual_cmd,,0.036095999999999996,
17.315914766000002,15.55,2,control_period,15.55,50.00000000000071,
17.315951058,15.55,3,measurement_to_controller_cmd,,4.081427,True
17.315992177000002,15.55,3,control_period,15.55,50.00000000000071,
17.316314419,15.55,3,controller_to_actual_cmd,,0.363361,
17.362773672,15.595,1,detector_inference,,9.190485954284668,
17.363571214,15.595,1,camera_to_measurement,15.58,11.149568,True
17.365229596000002,15.600000000000001,1,measurement_to_controller_cmd,,1.658382,True
17.365793345,15.600000000000001,3,control_period,15.6,49.999999999998934,
17.366673441,15.600000000000001,1,controller_to_actual_cmd,,1.443845,
17.366811692000002,15.600000000000001,1,control_period,15.6,49.999999999998934,
17.366914736000002,15.600000000000001,2,controller_to_actual_cmd,,1.537587,
17.367019412,15.600000000000001,2,control_period,15.6,49.999999999998934,
17.367130841,15.600000000000001,3,controller_to_actual_cmd,,1.55216,
17.371761291000002,15.605,3,detector_inference,,10.193122863769531,
17.372181902,15.605,3,camera_to_measurement,15.58,11.557497,True
17.37285998,15.605,2,detector_inference,,16.894643783569336,
17.373302605000003,15.605,2,camera_to_measurement,15.58,18.165702,True
17.41590068,15.65,2,measurement_to_controller_cmd,,42.598075,True
17.416333912000002,15.65,1,controller_to_actual_cmd,,0.48687199999999997,
17.416407009,15.65,1,control_period,15.65,50.00000000000071,
17.416456908,15.65,2,controller_to_actual_cmd,,0.556228,
17.416646912,15.65,2,control_period,15.65,50.00000000000071,
17.416791059,15.65,3,measurement_to_controller_cmd,,44.609156999999996,True
17.416902732,15.65,3,controller_to_actual_cmd,,0.111673,
17.417038439000002,15.65,3,control_period,15.65,50.00000000000071,
17.429696533,15.665000000000001,2,detector_inference,,6.4229230880737305,
17.430005435,15.665000000000001,2,camera_to_measurement,15.645,7.950263,True
17.437652743,15.670000000000002,3,detector_inference,,8.831062316894531,
17.438285866,15.670000000000002,3,camera_to_measurement,15.645,11.479546,True
17.465690742,15.700000000000001,1,control_period,15.7,49.999999999998934,
17.465746422000002,15.700000000000001,2,measurement_to_controller_cmd,,35.740987,True
17.465794820000003,15.700000000000001,2,controller_to_actual_cmd,,0.048398,
17.465842185,15.700000000000001,2,control_period,15.7,49.999999999998934,
17.465880517000002,15.700000000000001,3,measurement_to_controller_cmd,,27.594651,True
17.465917522,15.700000000000001,3,controller_to_actual_cmd,,0.037004999999999996,
17.465958563,15.700000000000001,3,control_period,15.7,49.999999999998934,
17.466274609000003,15.700000000000001,1,controller_to_actual_cmd,,0.663202,
17.495660044,15.73,1,camera_to_measurement,15.71,10.24378,True
17.495710402,15.73,1,detector_inference,,7.075531005859375,
17.500650269,15.735000000000001,2,detector_inference,,7.927433013916016,
17.506825365,15.74,3,detector_inference,,9.787002563476562,
17.50710466,15.74,3,camera_to_measurement,15.71,12.023212,True
17.514671559,15.750000000000002,2,measurement_to_controller_cmd,,13.736294,True
17.514734382,15.750000000000002,2,controller_to_actual_cmd,,0.062823,
17.51478677,15.750000000000002,2,control_period,15.75,50.00000000000071,
17.514829352,15.750000000000002,3,measurement_to_controller_cmd,,7.724691999999999,True
17.514863297,15.750000000000002,3,control_period,15.75,50.00000000000071,
17.515139789000003,15.750000000000002,3,controller_to_actual_cmd,,0.31043699999999996,
17.515364563000002,15.750000000000002,1,measurement_to_controller_cmd,,19.704518999999998,True
17.515650542,15.750000000000002,1,control_period,15.75,50.00000000000071,
17.515890903000003,15.750000000000002,1,controller_to_actual_cmd,,0.52634,
17.564219601,15.8,2,camera_to_measurement,15.775,16.092897,True
17.564336617000002,15.8,2,detector_inference,,14.268077850341797,
17.564462990000003,15.8,3,camera_to_measurement,15.775,9.616902999999999,True
17.564571096,15.8,3,detector_inference,,7.606547832489014,
17.566058896,15.8,1,control_period,15.8,50.00000000000071,
17.566163333000002,15.8,2,measurement_to_controller_cmd,,1.943732,True
17.566246933000002,15.8,2,controller_to_actual_cmd,,0.0836,
17.566353952,15.8,2,control_period,15.8,50.00000000000071,
17.566443161000002,15.8,3,measurement_to_controller_cmd,,1.980171,True
17.566542051000003,15.8,3,controller_to_actual_cmd,,0.09888999999999999,
17.566635019,15.8,3,control_period,15.8,50.00000000000071,
17.567184022000003,15.8,1,controller_to_actual_cmd,,1.2520529999999999,
17.615785827,15.850000000000001,1,control_period,15.85,49.999999999998934,
17.615882027,15.850000000000001,3,controller_to_actual_cmd,,0.032348999999999996,
17.615937846,15.850000000000001,3,control_period,15.85,49.999999999998934,
17.616281218,15.850000000000001,2,control_period,15.85,49.999999999998934,
17.61659371,15.850000000000001,2,controller_to_actual_cmd,,0.358276,
17.62016912,15.855,1,controller_to_actual_cmd,,4.460834,
17.631303770000002,15.865,1,camera_to_measurement,15.845,12.150590999999999,True
17.63138568,15.865,1,detector_inference,,9.87844181060791,
17.640610335,15.875000000000002,2,detector_inference,,16.13426971435547,
17.641173786,15.875000000000002,2,camera_to_measurement,15.845,18.715331,True
17.641284381000002,15.875000000000002,3,camera_to_measurement,15.845,12.777085,True
17.641360848,15.875000000000002,3,detector_inference,,10.328291893005371,
17.664979491,15.9,1,measurement_to_controller_cmd,,33.675720999999996,True
17.665109577000003,15.9,1,control_period,15.9,50.00000000000071,
17.665187042,15.9,2,measurement_to_controller_cmd,,24.013256,True
17.66525418,15.9,2,control_period,15.9,50.00000000000071,
17.665308248000002,15.9,3,measurement_to_controller_cmd,,24.023867,True
17.665533721000003,15.9,3,control_period,15.9,50.00000000000071,
17.66622396,15.9,1,controller_to_actual_cmd,,1.244469,
17.666317782,15.9,2,controller_to_actual_cmd,,1.1307399999999999,
17.666401485,15.9,3,controller_to_actual_cmd,,1.093237,
17.694290567,15.930000000000001,1,camera_to_measurement,15.91,9.837982,True
17.694417361000003,15.930000000000001,1,detector_inference,,7.541365146636963,
17.702027282,15.935,2,detector_inference,,11.196702003479004,
17.702210872000002,15.935,3,camera_to_measurement,15.91,9.007643,True
17.702314121,15.935,3,detector_inference,,8.344021797180176,
17.702956209,15.935,2,camera_to_measurement,15.91,13.598682,True
17.714884988,15.950000000000001,1,measurement_to_controller_cmd,,20.594421,True
17.714949693,15.950000000000001,1,controller_to_actual_cmd,,0.064705,
17.715011091,15.950000000000001,1,control_period,15.95,49.999999999998934,
17.715050289,15.950000000000001,2,measurement_to_controller_cmd,,12.09408,True
17.715083401,15.950000000000001,2,controller_to_actual_cmd,,0.033111999999999996,
17.715121842000002,15.950000000000001,2,control_period,15.95,49.999999999998934,
17.715156432,15.950000000000001,3,measurement_to_controller_cmd,,12.945559999999999,True
17.71518747,15.950000000000001,3,controller_to_actual_cmd,,0.031038,
17.715224179,15.950000000000001,3,control_period,15.95,49.999999999998934,
17.765063505,16.0,1,control_period,16.0,50.00000000000071,
17.76530087,16.0,3,control_period,16.0,50.00000000000071,
17.765724166000002,16.0,1,controller_to_actual_cmd,,0.7585569999999999,
17.765769822000003,16.0,2,controller_to_actual_cmd,,0.608263,
17.765812308,16.0,2,control_period,16.0,50.00000000000071,
17.765844814,16.0,3,controller_to_actual_cmd,,0.617535,
17.815845980000002,16.05,1,control_period,16.05,50.00000000000071,
17.815994315,16.05,2,control_period,16.05,50.00000000000071,
17.816108288000002,16.05,3,control_period,16.05,50.00000000000071,
17.816843293,16.05,1,controller_to_actual_cmd,,1.084533,
17.819076026,16.05,2,controller_to_actual_cmd,,3.142919,
17.821232723,16.055,3,controller_to_actual_cmd,,5.176543,
17.827172735,16.060000000000002,2,detector_inference,,8.542851448059082,
17.827608948,16.060000000000002,2,camera_to_measurement,16.04,8.881841999999999,True
17.83510446,16.07,3,camera_to_measurement,16.04,14.078012,True
17.835192986000003,16.07,3,detector_inference,,10.529349327087402,
17.865224384,16.1,2,measurement_to_controller_cmd,,37.615435999999995,True
17.865780848,16.1,1,controller_to_actual_cmd,,0.624217,
17.86584347,16.1,1,control_period,16.1,50.00000000000071,
17.865879691,16.1,2,controller_to_actual_cmd,,0.655307,
17.865916688000002,16.1,2,control_period,16.1,50.00000000000071,
17.865947147,16.1,3,measurement_to_controller_cmd,,30.842686999999998,True
17.865982077,16.1,3,control_period,16.1,50.00000000000071,
17.866245187,16.1,3,controller_to_actual_cmd,,0.29803999999999997,
17.887901403,16.12,1,camera_to_measurement,16.105,9.72367,True
17.887961103000002,16.12,1,detector_inference,,8.030342102050781,
17.914911672000002,16.150000000000002,1,measurement_to_controller_cmd,,27.010268999999997,True
17.91503135,16.150000000000002,1,control_period,16.15,49.99999999999716,
17.915176335,16.150000000000002,3,controller_to_actual_cmd,,0.040573,
17.915224183,16.150000000000002,3,control_period,16.15,49.99999999999716,
17.915546121000002,16.150000000000002,1,controller_to_actual_cmd,,0.6344489999999999,
17.915635398000003,16.150000000000002,2,controller_to_actual_cmd,,0.032424999999999995,
17.91569191,16.150000000000002,2,control_period,16.15,49.99999999999716,
17.958206703000002,16.19,2,camera_to_measurement,16.175,9.100189,False
17.958309347,16.19,2,detector_inference,,7.3640217781066895,
17.965528929,16.2,1,controller_to_actual_cmd,,0.03213,
17.965598344,16.2,1,control_period,16.2,50.00000000000071,
17.965655882,16.2,2,controller_to_actual_cmd,,0.024444999999999998,
17.965704185,16.2,2,control_period,16.2,50.00000000000071,
17.965749206,16.2,3,controller_to_actual_cmd,,0.575017,
17.965799015,16.2,3,control_period,16.2,50.00000000000071,
18.015335814,16.25,2,control_period,16.25,50.00000000000071,
18.015448499,16.25,3,control_period,16.25,50.00000000000071,
18.015984386,16.25,3,controller_to_actual_cmd,,0.589096,
18.016332582,16.25,1,controller_to_actual_cmd,,0.389096,
18.016423496,16.25,1,control_period,16.25,50.00000000000071,
18.016814278000002,16.25,2,controller_to_actual_cmd,,1.549783,
18.025614974,16.26,2,detector_inference,,7.650493144989014,
18.026746498,16.26,1,camera_to_measurement,16.24,14.29749,True
18.026807857,16.26,1,detector_inference,,12.308247566223145,
18.06496821,16.3,1,measurement_to_controller_cmd,,38.221712,True
18.065055913000002,16.3,1,control_period,16.3,50.00000000000071,
18.065136792,16.3,2,control_period,16.3,50.00000000000071,
18.06520784,16.3,3,control_period,16.3,50.00000000000071,
18.065490142,16.3,1,controller_to_actual_cmd,,0.521932,
18.065532514,16.3,2,controller_to_actual_cmd,,0.426768,
18.065564571,16.3,3,controller_to_actual_cmd,,0.39502499999999996,
18.094903579,16.330000000000002,2,detector_inference,,9.84092903137207,
18.095679785,16.330000000000002,1,camera_to_measurement,16.305,15.324413999999999,True
18.095820648,16.330000000000002,1,detector_inference,,14.918781280517578,
18.097531069000002,16.330000000000002,3,detector_inference,,10.211394309997559,
18.114317384,16.35,1,measurement_to_controller_cmd,,18.637598999999998,True
18.114427179,16.35,1,control_period,16.35,50.00000000000071,
18.114503260000003,16.35,3,measurement_to_controller_cmd,,17.078181,True
18.114558126000002,16.35,3,control_period,16.35,50.00000000000071,
18.114877843000002,16.35,1,controller_to_actual_cmd,,0.5604589999999999,
18.114937608,16.35,3,controller_to_actual_cmd,,0.43434799999999996,
18.1151798,16.35,2,controller_to_actual_cmd,,0.267412,
18.11522471,16.35,2,control_period,16.35,50.00000000000071,
18.152424705,16.385,1,camera_to_measurement,16.37,10.100586,True
18.152566443,16.385,1,detector_inference,,7.760178089141846,
18.160250615000002,16.395,3,camera_to_measurement,16.37,9.586532,True
18.160374351,16.395,3,detector_inference,,8.841400146484375,
18.162554967000002,16.395,2,camera_to_measurement,16.37,14.654845,False
18.162668121,16.395,2,detector_inference,,14.001206398010254,
18.165118957,16.400000000000002,1,measurement_to_controller_cmd,,12.694251999999999,True
18.165234535,16.400000000000002,1,controller_to_actual_cmd,,0.115578,
18.165358619000003,16.400000000000002,1,control_period,16.4,49.99999999999716,
18.165534584,16.400000000000002,2,control_period,16.4,49.99999999999716,
18.166091376,16.400000000000002,2,controller_to_actual_cmd,,0.646844,
18.166173139,16.400000000000002,3,measurement_to_controller_cmd,,5.922524,True
18.166245279,16.400000000000002,3,controller_to_actual_cmd,,0.07214,
18.166382758,16.400000000000002,3,control_period,16.4,49.99999999999716,
18.215292578,16.45,2,control_period,16.45,50.00000000000071,
18.215391857,16.45,3,control_period,16.45,50.00000000000071,
18.216305484,16.45,2,controller_to_actual_cmd,,1.0964209999999999,
18.218371792000003,16.45,1,controller_to_actual_cmd,,0.044118,
18.218471672,16.45,1,control_period,16.45,50.00000000000071,
18.218560436,16.45,3,controller_to_actual_cmd,,3.208687,
18.224584026000002,16.46,2,camera_to_measurement,16.435,11.5461,False
18.224668345,16.46,2,detector_inference,,10.015113830566406,
18.239834377,16.475,3,camera_to_measurement,16.435,22.059666,True
18.239915436,16.475,3,detector_inference,,18.681652069091797,
18.265270241,16.5,2,controller_to_actual_cmd,,0.106419,
18.265422743000002,16.5,2,control_period,16.5,50.00000000000071,
18.265880311,16.5,1,controller_to_actual_cmd,,0.030784,
18.265936454000002,16.5,1,control_period,16.5,50.00000000000071,
18.265974036000003,16.5,3,measurement_to_controller_cmd,,26.139658999999998,True
18.266247336000003,16.5,3,controller_to_actual_cmd,,0.2733,
18.266293153,16.5,3,control_period,16.5,50.00000000000071,
18.294847889,16.53,1,camera_to_measurement,16.505,17.013367,True
18.294914025,16.53,1,detector_inference,,15.861204147338867,
18.296697076,16.53,2,detector_inference,,10.998316764831543,
18.297385832,16.53,2,camera_to_measurement,16.505,12.858006999999999,False
18.297486522,16.53,3,camera_to_measurement,16.505,8.652012,True
18.297535271,16.53,3,detector_inference,,6.931433200836182,
18.314657768,16.55,1,measurement_to_controller_cmd,,19.809879,True
18.314974674000002,16.55,1,controller_to_actual_cmd,,0.31690599999999997,
18.315036160000002,16.55,1,control_period,16.55,50.00000000000071,
18.315078895000003,16.55,2,controller_to_actual_cmd,,0.36292199999999997,
18.315126095,16.55,2,control_period,16.55,50.00000000000071,
18.315166363,16.55,3,measurement_to_controller_cmd,,17.679841,True
18.315201162,16.55,3,control_period,16.55,50.00000000000071,
18.315443857,16.55,3,controller_to_actual_cmd,,0.27749399999999996,
18.357180283,16.59,2,detector_inference,,10.04144287109375,
18.357779268,16.59,1,camera_to_measurement,16.57,16.383306,True
18.357870979,16.59,1,detector_inference,,14.268696784973145,
18.358334053,16.59,3,detector_inference,,10.19387435913086,
18.365353923,16.6,1,measurement_to_controller_cmd,,7.574655,True
18.365450136,16.6,1,control_period,16.6,50.00000000000071,
18.365501587,16.6,3,measurement_to_controller_cmd,,7.202545,True
18.365543474000003,16.6,3,control_period,16.6,50.00000000000071,
18.365899014,16.6,3,controller_to_actual_cmd,,0.397427,
18.366193641000002,16.6,1,controller_to_actual_cmd,,0.839718,
18.366284962,16.6,2,control_period,16.6,50.00000000000071,
18.366572495,16.6,2,controller_to_actual_cmd,,0.33596699999999996,
18.418121659,16.650000000000002,1,control_period,16.65,49.99999999999716,
18.418325839,16.650000000000002,2,controller_to_actual_cmd,,0.09225599999999999,
18.418456676,16.650000000000002,2,control_period,16.65,49.99999999999716,
18.41867742,16.650000000000002,3,controller_to_actual_cmd,,0.08630399999999999,
18.418794468,16.650000000000002,3,control_period,16.65,49.99999999999716,
18.419668235,16.655,1,camera_to_measurement,16.635,10.643866,True
18.419785106000003,16.655,1,detector_inference,,7.7421770095825195,
18.419899309,16.655,1,controller_to_actual_cmd,,1.900888,
18.430579766,16.665000000000003,2,detector_inference,,13.069307327270508,
18.431227263,16.665000000000003,2,camera_to_measurement,16.635,14.498361,False
18.431309731000002,16.665000000000003,3,camera_to_measurement,16.635,9.407964,True
18.431358527,16.665000000000003,3,detector_inference,,8.505202293395996,
18.465311625000002,16.7,1,measurement_to_controller_cmd,,45.64339,True
18.465463437,16.7,1,control_period,16.7,50.00000000000071,
18.466165505000003,16.7,1,controller_to_actual_cmd,,0.85388,
18.466264374,16.7,2,controller_to_actual_cmd,,0.6827799999999999,
18.46633389,16.7,2,control_period,16.7,50.00000000000071,
18.466392863,16.7,3,measurement_to_controller_cmd,,35.083132,True
18.466742825,16.7,3,controller_to_actual_cmd,,0.349962,
18.466818662,16.7,3,control_period,16.7,50.00000000000071,
18.481678034,16.715,1,detector_inference,,7.059255123138428,
18.482211873,16.715,1,camera_to_measurement,16.7,9.489872,True
18.48966588,16.725,2,camera_to_measurement,16.7,11.534709999999999,False
18.489734967,16.725,2,detector_inference,,8.44890022277832,
18.514741018000002,16.75,1,measurement_to_controller_cmd,,32.529145,True
18.514784239,16.75,1,controller_to_actual_cmd,,0.043220999999999996,
18.514833182,16.75,1,control_period,16.75,50.00000000000071,
18.514884975,16.75,2,controller_to_actual_cmd,,0.022158999999999998,
18.514917586000003,16.75,2,control_period,16.75,50.00000000000071,
18.514978477,16.75,3,controller_to_actual_cmd,,0.022454,
18.515010508,16.75,3,control_period,16.75,50.00000000000071,
18.551447624,16.785,1,camera_to_measurement,16.765,14.194554,True
18.551595752,16.785,1,detector_inference,,10.143794059753418,
18.551715671,16.785,2,camera_to_measurement,16.765,9.684108,False
18.55181181,16.785,2,detector_inference,,6.685530185699463,
18.558789768,16.790000000000003,3,detector_inference,,6.486526966094971,
18.559654266000003,16.795,3,camera_to_measurement,16.765,9.341619999999999,True
18.565324479,16.8,1,measurement_to_controller_cmd,,13.876854999999999,True
18.565513498,16.8,3,measurement_to_controller_cmd,,5.8592319999999996,True
18.566130109,16.8,1,controller_to_actual_cmd,,0.80563,
18.566264969000002,16.8,1,control_period,16.8,50.00000000000071,
18.566416108000002,16.8,2,controller_to_actual_cmd,,0.06357,
18.566513333,16.8,2,control_period,16.8,50.00000000000071,
18.56658976,16.8,3,controller_to_actual_cmd,,1.076262,
18.566670052000003,16.8,3,control_period,16.8,50.00000000000071,
18.615445773,16.85,1,controller_to_actual_cmd,,0.058633,
18.615547173,16.85,1,control_period,16.85,50.00000000000071,
18.61594703,16.85,2,controller_to_actual_cmd,,0.350164,
18.616004837000002,16.85,2,control_period,16.85,50.00000000000071,
18.61755725,16.85,3,control_period,16.85,50.00000000000071,
18.617915329000002,16.85,3,controller_to_actual_cmd,,0.406228,
18.626013686,16.86,2,detector_inference,,9.728426933288574,
18.626699932,16.86,2,camera_to_measurement,16.835,12.202727,False
18.626775907000003,16.86,3,camera_to_measurement,16.835,9.467098,True
18.626819467,16.86,3,detector_inference,,7.7999467849731445,
18.665453252000002,16.900000000000002,1,control_period,16.9,49.99999999999716,
18.665547456000002,16.900000000000002,2,controller_to_actual_cmd,,0.563172,
18.665594017,16.900000000000002,2,control_period,16.9,49.99999999999716,
18.665625390000002,16.900000000000002,3,measurement_to_controller_cmd,,38.849483,True
18.665655044,16.900000000000002,3,controller_to_actual_cmd,,0.029654,
18.665687244,16.900000000000002,3,control_period,16.9,49.99999999999716,
18.665952262,16.900000000000002,1,controller_to_actual_cmd,,0.5688179999999999,
18.695421614,16.93,2,detector_inference,,13.58179759979248,
18.696068358,16.93,1,camera_to_measurement,16.9,22.214337,True
18.696134679,16.93,1,detector_inference,,21.415996551513672,
18.696183315000003,16.93,2,camera_to_measurement,16.9,16.321955,False
18.696231169,16.93,3,detector_inference,,9.741866111755371,
18.696821416000002,16.93,3,camera_to_measurement,16.9,11.639674,True
18.714443144,16.95,3,measurement_to_controller_cmd,,17.621728,True
18.714531722,16.95,3,control_period,16.95,50.00000000000071,
18.714848119000003,16.95,2,controller_to_actual_cmd,,0.030218,
18.714900196000002,16.95,2,control_period,16.95,50.00000000000071,
18.714933614,16.95,3,controller_to_actual_cmd,,0.49046999999999996,
18.715173971000002,16.95,1,measurement_to_controller_cmd,,19.105612999999998,True
18.715225748,16.95,1,control_period,16.95,50.00000000000071,
18.715450872,16.95,1,controller_to_actual_cmd,,0.276901,
18.756194155000003,16.990000000000002,1,detector_inference,,17.372264862060547,
18.757043404,16.990000000000002,1,camera_to_measurement,16.965,19.938753,True
18.757122555000002,16.990000000000002,2,camera_to_measurement,16.965,16.374978,False
18.757168768,16.990000000000002,2,detector_inference,,13.68174934387207,
18.757217048,16.990000000000002,3,camera_to_measurement,16.965,13.817606,True
18.757253336,16.990000000000002,3,detector_inference,,11.534016609191895,
18.765511927000002,17.0,2,controller_to_actual_cmd,,0.055631,
18.765608599,17.0,2,control_period,17.0,50.00000000000071,
18.765650856,17.0,3,measurement_to_controller_cmd,,8.433807999999999,True
18.765686681000002,17.0,3,controller_to_actual_cmd,,0.035824999999999996,
18.765726094,17.0,3,control_period,17.0,50.00000000000071,
18.766212065,17.0,1,measurement_to_controller_cmd,,9.168661,True
18.766340244000002,17.0,1,controller_to_actual_cmd,,0.128179,
18.766486417,17.0,1,control_period,17.0,50.00000000000071,
18.815726348000002,17.05,2,control_period,17.05,50.00000000000071,
18.815953844000003,17.05,3,control_period,17.05,50.00000000000071,
18.816661743,17.05,1,controller_to_actual_cmd,,1.2027079999999999,
18.816772468,17.05,1,control_period,17.05,50.00000000000071,
18.816861367,17.05,2,controller_to_actual_cmd,,1.2643119999999999,
18.816960499,17.05,3,controller_to_actual_cmd,,1.114021,
18.820943980000003,17.055,2,detector_inference,,9.307705879211426,
18.822153030000003,17.055,3,camera_to_measurement,17.03,9.186439,True
18.822249751,17.055,3,detector_inference,,7.995971202850342,
18.867268361,17.1,1,control_period,17.1,50.00000000000071,
18.867610298000002,17.1,2,controller_to_actual_cmd,,0.144318,
18.867797837,17.1,2,control_period,17.1,50.00000000000071,
18.867937563,17.1,3,measurement_to_controller_cmd,,45.784532999999996,True
18.868084200000002,17.1,3,controller_to_actual_cmd,,0.146637,
18.868218941000002,17.1,3,control_period,17.1,50.00000000000071,
18.869064877,17.1,1,controller_to_actual_cmd,,1.9939369999999998,
18.881072421000002,17.115000000000002,1,detector_inference,,10.271657943725586,
18.890260119,17.125,2,detector_inference,,15.136789321899414,
18.890669784,17.125,3,detector_inference,,11.209553718566895,
18.890948881,17.125,3,camera_to_measurement,17.095,13.504579999999999,True
18.914394982,17.150000000000002,3,measurement_to_controller_cmd,,23.446101,True
18.91490048,17.150000000000002,1,measurement_to_controller_cmd,,33.01257,True
18.91494865,17.150000000000002,1,controller_to_actual_cmd,,0.04817,
18.914999482000002,17.150000000000002,1,control_period,17.15,49.99999999999716,
18.915058453,17.150000000000002,2,control_period,17.15,49.99999999999716,
18.915096671,17.150000000000002,3,controller_to_actual_cmd,,0.701689,
18.915128464000002,17.150000000000002,3,control_period,17.15,49.99999999999716,
18.915375094,17.150000000000002,2,controller_to_actual_cmd,,0.345175,
18.955194366,17.19,1,camera_to_measurement,17.165,17.378087999999998,True
18.955290092000002,17.19,1,detector_inference,,15.11988353729248,
18.955376561,17.19,2,camera_to_measurement,17.165,14.452468999999999,False
18.955441121,17.19,2,detector_inference,,12.820354461669922,
18.956861701,17.19,3,camera_to_measurement,17.165,13.939010999999999,True
18.956945255,17.19,3,detector_inference,,12.317621231079102,
18.964929676,17.200000000000003,1,measurement_to_controller_cmd,,9.73531,True
18.965410432000002,17.200000000000003,1,controller_to_actual_cmd,,0.48075599999999996,
18.965561682,17.200000000000003,1,control_period,17.2,50.00000000000071,
18.965670817,17.200000000000003,2,control_period,17.2,50.00000000000071,
18.965725347000003,17.200000000000003,3,measurement_to_controller_cmd,,8.863646,True
18.965775046,17.200000000000003,3,control_period,17.2,50.00000000000071,
18.966157901000003,17.200000000000003,2,controller_to_actual_cmd,,1.1561979999999998,
18.966209835,17.200000000000003,3,controller_to_actual_cmd,,0.484488,
19.015638944000003,17.25,1,control_period,17.25,50.00000000000071,
19.015760781,17.25,2,controller_to_actual_cmd,,0.9012439999999999,
19.01589574,17.25,2,control_period,17.25,50.00000000000071,
19.016093547,17.25,3,control_period,17.25,50.00000000000071,
19.016824225,17.25,1,controller_to_actual_cmd,,1.317885,
19.016931997,17.25,3,controller_to_actual_cmd,,0.9356909999999999,
19.021312141000003,17.255000000000003,1,detector_inference,,14.742127418518066,
19.021804949,17.255000000000003,1,camera_to_measurement,17.23,17.557865,True
19.021896482000002,17.255000000000003,2,detector_inference,,10.636180877685547,
19.022451977000003,17.255000000000003,2,camera_to_measurement,17.23,12.296899999999999,False
19.022523726000003,17.255000000000003,3,camera_to_measurement,17.23,9.275993,True
19.022567683000002,17.255000000000003,3,detector_inference,,8.130766868591309,
19.064881123000003,17.3,3,measurement_to_controller_cmd,,42.357397,True
19.067981807000002,17.3,1,measurement_to_controller_cmd,,46.176857999999996,True
19.068086781,17.3,2,controller_to_actual_cmd,,0.033291999999999995,
19.06815149,17.3,2,control_period,17.3,50.00000000000071,
19.068192330000002,17.3,3,controller_to_actual_cmd,,3.311207,
19.068234769,17.3,3,control_period,17.3,50.00000000000071,
19.068743972,17.3,1,controller_to_actual_cmd,,0.762165,
19.068857226000002,17.3,1,control_period,17.3,50.00000000000071,
19.077365353,17.310000000000002,1,detector_inference,,6.915877819061279,
19.077762203000002,17.310000000000002,1,camera_to_measurement,17.295,10.051502,True
19.089004414,17.325000000000003,3,detector_inference,,5.704482078552246,
19.089547875,17.325000000000003,3,camera_to_measurement,17.295,7.485360999999999,True
19.114529819,17.35,1,measurement_to_controller_cmd,,36.767616,True
19.114809066000003,17.35,1,controller_to_actual_cmd,,0.27924699999999997,
19.114866845,17.35,1,control_period,17.35,50.00000000000071,
19.114900087000002,17.35,2,controller_to_actual_cmd,,0.322241,
19.114934523000002,17.35,2,control_period,17.35,50.00000000000071,
19.115406585000002,17.35,3,measurement_to_controller_cmd,,25.85871,True
19.115646181000002,17.35,3,controller_to_actual_cmd,,0.23959599999999998,
19.115693473,17.35,3,control_period,17.35,50.00000000000071,
19.145423684,17.380000000000003,1,camera_to_measurement,17.36,13.180686,True
19.145567344,17.380000000000003,1,detector_inference,,11.588139533996582,
19.145704466,17.380000000000003,2,camera_to_measurement,17.36,8.366197999999999,True
19.145804352000003,17.380000000000003,2,detector_inference,,7.022223949432373,
19.165087315,17.400000000000002,1,measurement_to_controller_cmd,,19.663631,True
19.165235560000003,17.400000000000002,1,control_period,17.4,49.99999999999716,
19.165319838000002,17.400000000000002,2,measurement_to_controller_cmd,,19.615372,True
19.165406506,17.400000000000002,2,control_period,17.4,49.99999999999716,
19.165994461,17.400000000000002,1,controller_to_actual_cmd,,0.907146,
19.166072777,17.400000000000002,2,controller_to_actual_cmd,,0.7529389999999999,
19.166124978000003,17.400000000000002,3,controller_to_actual_cmd,,0.6336459999999999,
19.166183508,17.400000000000002,3,control_period,17.4,49.99999999999716,
19.210782646000002,17.445,1,camera_to_measurement,17.425,9.85123,True
19.210892786000002,17.445,1,detector_inference,,6.663335800170898,
19.214544749,17.450000000000003,1,measurement_to_controller_cmd,,3.7621029999999998,True
19.214831237000002,17.450000000000003,2,control_period,17.45,50.00000000000071,
19.21546172,17.450000000000003,1,controller_to_actual_cmd,,0.916971,
19.215603313000003,17.450000000000003,1,control_period,17.45,50.00000000000071,
19.215652804,17.450000000000003,2,controller_to_actual_cmd,,0.9503999999999999,
19.215719472,17.450000000000003,3,controller_to_actual_cmd,,0.027701,
19.215760409,17.450000000000003,3,control_period,17.45,50.00000000000071,
19.216258426,17.450000000000003,3,camera_to_measurement,17.425,6.46608,True
19.216301934,17.450000000000003,3,detector_inference,,5.559876918792725,
19.265756624,17.5,1,control_period,17.5,50.00000000000071,
19.268669032000002,17.5,3,measurement_to_controller_cmd,,52.410605999999994,True
19.269214688,17.5,1,controller_to_actual_cmd,,3.54901,
19.269300914000002,17.5,2,controller_to_actual_cmd,,0.032125,
19.269366855,17.5,2,control_period,17.5,50.00000000000071,
19.269405194,17.5,3,controller_to_actual_cmd,,0.736162,
19.269469683,17.5,3,control_period,17.5,50.00000000000071,
19.281276386000002,17.515,1,detector_inference,,11.384824752807617,
19.281601151,17.515,1,camera_to_measurement,17.495,13.202606999999999,True
19.286762167000003,17.52,3,detector_inference,,5.9077959060668945,
19.287524987,17.52,3,camera_to_measurement,17.495,8.617564,True
19.314608285000002,17.55,1,measurement_to_controller_cmd,,33.007134,True
19.314689669,17.55,1,control_period,17.55,50.00000000000071,
19.314756068,17.55,2,control_period,17.55,50.00000000000071,
19.314786876,17.55,3,measurement_to_controller_cmd,,27.261889,True
19.314818040000002,17.55,3,control_period,17.55,50.00000000000071,
19.315098820000003,17.55,2,controller_to_actual_cmd,,0.373252,
19.315217661000002,17.55,3,controller_to_actual_cmd,,0.430785,
19.315494631,17.55,1,controller_to_actual_cmd,,0.886346,
19.345834804000003,17.580000000000002,1,detector_inference,,13.51266860961914,
19.346209262000002,17.580000000000002,1,camera_to_measurement,17.56,15.05201,True
19.346285306000002,17.580000000000002,2,camera_to_measurement,17.56,11.796852999999999,True
19.346325033000003,17.580000000000002,2,detector_inference,,10.232924461364746,
19.351338523000003,17.585,3,camera_to_measurement,17.56,11.622188,True
19.351408867,17.585,3,detector_inference,,9.487285614013672,
19.364835143,17.6,2,measurement_to_controller_cmd,,18.549837,True
19.364989611000002,17.6,2,control_period,17.6,50.00000000000071,
19.365088127,17.6,3,measurement_to_controller_cmd,,13.749604,True
19.365671686000002,17.6,1,measurement_to_controller_cmd,,19.462424,True
19.365741492,17.6,1,controller_to_actual_cmd,,0.06980599999999999,
19.365814673000003,17.6,1,control_period,17.6,50.00000000000071,
19.365853383,17.6,2,controller_to_actual_cmd,,1.01824,
19.365884224000002,17.6,3,controller_to_actual_cmd,,0.7960969999999999,
19.365919232,17.6,3,control_period,17.6,50.00000000000071,
19.407729479,17.64,1,camera_to_measurement,17.625,7.900129,True
19.407809831,17.64,1,detector_inference,,6.633355140686035,
19.414704952,17.650000000000002,1,measurement_to_controller_cmd,,6.975473,True
19.415539004000003,17.650000000000002,1,controller_to_actual_cmd,,0.834052,
19.415693017000002,17.650000000000002,1,control_period,17.65,49.99999999999716,
19.415887274000003,17.650000000000002,2,controller_to_actual_cmd,,0.083591,
19.416007083,17.650000000000002,2,control_period,17.65,49.99999999999716,
19.416741293,17.650000000000002,3,controller_to_actual_cmd,,0.630369,
19.416873718,17.650000000000002,3,control_period,17.65,49.99999999999716,
19.422442317,17.655,3,detector_inference,,9.401860237121582,
19.423139031,17.655,3,camera_to_measurement,17.625,11.42447,True
19.466286189,17.700000000000003,1,controller_to_actual_cmd,,0.037794999999999995,
19.466372475,17.700000000000003,1,control_period,17.7,50.00000000000071,
19.46645012,17.700000000000003,2,control_period,17.7,50.00000000000071,
19.466508455,17.700000000000003,3,measurement_to_controller_cmd,,43.369423999999995,True
19.466560294,17.700000000000003,3,controller_to_actual_cmd,,0.051838999999999996,
19.466625978,17.700000000000003,3,control_period,17.7,50.00000000000071,
19.468588067000002,17.700000000000003,2,controller_to_actual_cmd,,2.17529,
19.479009233000003,17.71,1,detector_inference,,14.439291000366211,
19.479158619,17.71,2,detector_inference,,7.622334957122803,
19.480042517,17.715,1,camera_to_measurement,17.69,17.22166,True
19.480164144,17.715,2,camera_to_measurement,17.69,11.887718,True
19.485773119,17.720000000000002,3,detector_inference,,6.870903968811035,
19.486436049,17.720000000000002,3,camera_to_measurement,17.69,12.472963,True
19.515331,17.75,3,measurement_to_controller_cmd,,28.894951,True
19.515735460000002,17.75,1,measurement_to_controller_cmd,,35.692943,True
19.515790137,17.75,1,controller_to_actual_cmd,,0.054676999999999996,
19.515845836,17.75,1,control_period,17.75,50.00000000000071,
19.515877641,17.75,2,measurement_to_controller_cmd,,35.713497,True
19.515906469,17.75,2,controller_to_actual_cmd,,0.028828,
19.515950543000002,17.75,2,control_period,17.75,50.00000000000071,
19.515979542,17.75,3,controller_to_actual_cmd,,0.648542,
19.516016253,17.75,3,control_period,17.75,50.00000000000071,
19.536455275,17.77,1,detector_inference,,6.930507183074951,
19.537049316,17.77,1,camera_to_measurement,17.755,9.298057,True
19.541992785,17.775000000000002,3,detector_inference,,6.176334857940674,
19.542336324,17.775000000000002,3,camera_to_measurement,17.755,7.38835,True
19.564704281,17.8,1,measurement_to_controller_cmd,,27.654964999999997,True
19.564815558000003,17.8,3,measurement_to_controller_cmd,,22.479233999999998,True
19.565367753,17.8,1,controller_to_actual_cmd,,0.663472,
19.565503747,17.8,1,control_period,17.8,50.00000000000071,
19.565585090000003,17.8,2,controller_to_actual_cmd,,0.8159219999999999,
19.565670521,17.8,2,control_period,17.8,50.00000000000071,
19.565744685000002,17.8,3,controller_to_actual_cmd,,0.9291269999999999,
19.565828158000002,17.8,3,control_period,17.8,50.00000000000071,
19.615899131000003,17.85,2,controller_to_actual_cmd,,0.050385,
19.616004196000002,17.85,2,control_period,17.85,50.00000000000071,
19.616388143,17.85,1,controller_to_actual_cmd,,0.037545999999999996,
19.616444281,17.85,1,control_period,17.85,50.00000000000071,
19.616538634,17.85,3,controller_to_actual_cmd,,0.034097999999999996,
19.616596481000002,17.85,3,control_period,17.85,50.00000000000071,
19.617766568,17.85,2,detector_inference,,12.90738296508789,
19.618092806,17.85,2,camera_to_measurement,17.825,13.310811,True
19.619755665,17.855,1,detector_inference,,17.630504608154297,
19.619808758,17.855,3,detector_inference,,9.889473915100098,
19.620127996,17.855,1,camera_to_measurement,17.825,20.075635,True
19.620189321,17.855,3,camera_to_measurement,17.825,11.160045,True
19.665197633000002,17.900000000000002,1,measurement_to_controller_cmd,,45.069637,True
19.665386129,17.900000000000002,1,control_period,17.9,49.99999999999716,
19.665510851,17.900000000000002,2,measurement_to_controller_cmd,,47.418045,True
19.665612183,17.900000000000002,2,control_period,17.9,49.99999999999716,
19.665693524,17.900000000000002,3,measurement_to_controller_cmd,,45.504203,True
19.665748476,17.900000000000002,3,control_period,17.9,49.99999999999716,
19.667933685,17.900000000000002,3,controller_to_actual_cmd,,2.240161,
19.668592049,17.900000000000002,1,controller_to_actual_cmd,,3.3944159999999997,
19.668671129,17.900000000000002,2,controller_to_actual_cmd,,3.160278,
19.681368485,17.915000000000003,2,detector_inference,,11.66623306274414,
19.682160503000002,17.915000000000003,2,camera_to_measurement,17.89,14.454025,True
19.684548471000003,17.92,1,detector_inference,,19.002307891845703,
19.684653395,17.92,3,camera_to_measurement,17.89,10.578149999999999,True
19.684697627000002,17.92,3,detector_inference,,7.766384124755859,
19.684980754,17.92,1,camera_to_measurement,17.89,22.130561,True
19.714432142,17.950000000000003,1,measurement_to_controller_cmd,,29.451387999999998,True
19.714517894,17.950000000000003,2,measurement_to_controller_cmd,,32.357391,True
19.714593763,17.950000000000003,2,control_period,17.95,50.00000000000071,
19.714629508,17.950000000000003,3,measurement_to_controller_cmd,,29.976112999999998,True
19.714940038,17.950000000000003,1,controller_to_actual_cmd,,0.507896,
19.71498601,17.950000000000003,1,control_period,17.95,50.00000000000071,
19.71501645,17.950000000000003,2,controller_to_actual_cmd,,0.498556,
19.715044532,17.950000000000003,3,controller_to_actual_cmd,,0.415024,
19.71507493,17.950000000000003,3,control_period,17.95,50.00000000000071,
19.740437742,17.975,2,detector_inference,,8.3245267868042,
19.741102964,17.975,1,camera_to_measurement,17.955,13.980573999999999,True
19.741213854,17.975,1,detector_inference,,11.790221214294434,
19.764904908000002,18.0,1,measurement_to_controller_cmd,,23.801944,True
19.765029139000003,18.0,1,control_period,18.0,50.00000000000071,
19.765158178,18.0,2,measurement_to_controller_cmd,,23.81892,True
19.76526788,18.0,2,control_period,18.0,50.00000000000071,
19.765431983000003,18.0,3,control_period,18.0,50.00000000000071,
19.765968783,18.0,1,controller_to_actual_cmd,,1.063875,
19.766049903000003,18.0,2,controller_to_actual_cmd,,0.891725,
19.766122968,18.0,3,controller_to_actual_cmd,,0.779702,
19.806364163,18.040000000000003,1,detector_inference,,12.008792877197266,
19.806706514000002,18.040000000000003,1,camera_to_measurement,18.02,13.045171,True
19.81346973,18.045,2,detector_inference,,11.039698600769043,
19.814356979000003,18.05,2,camera_to_measurement,18.02,13.586962,True
19.814510213000002,18.05,3,camera_to_measurement,18.02,9.652242,True
19.814635414,18.05,3,detector_inference,,6.442420959472656,
19.815348344,18.05,2,measurement_to_controller_cmd,,0.9913649999999999,True
19.815535929000003,18.05,2,control_period,18.05,50.00000000000071,
19.815631166000003,18.05,3,measurement_to_controller_cmd,,1.1209529999999999,True
19.815685066,18.05,3,controller_to_actual_cmd,,0.053899999999999997,
19.815746796000003,18.05,3,control_period,18.05,50.00000000000071,
19.816152776000003,18.05,2,controller_to_actual_cmd,,0.8044319999999999,
19.816509942,18.05,1,measurement_to_controller_cmd,,9.803428,True
19.816571713000002,18.05,1,control_period,18.05,50.00000000000071,
19.816958029000002,18.05,1,controller_to_actual_cmd,,0.44808699999999996,
19.865362032,18.1,2,control_period,18.1,50.00000000000071,
19.866209217,18.1,1,control_period,18.1,50.00000000000071,
19.866254400000003,18.1,2,controller_to_actual_cmd,,0.9563849999999999,
19.866300856000002,18.1,3,controller_to_actual_cmd,,0.45080699999999996,
19.866355151,18.1,3,control_period,18.1,50.00000000000071,
19.866796224,18.1,1,controller_to_actual_cmd,,0.6368779999999999,
19.877200106,18.11,2,camera_to_measurement,18.085,12.894492,True
19.877335314,18.11,2,detector_inference,,10.634592056274414,
19.878532264,18.11,1,camera_to_measurement,18.085,17.8824,True
19.878676236,18.11,1,detector_inference,,15.65522289276123,
19.914837835,18.150000000000002,1,measurement_to_controller_cmd,,36.305571,True
19.914887707000002,18.150000000000002,1,controller_to_actual_cmd,,0.049872,
19.914943615000002,18.150000000000002,1,control_period,18.15,49.99999999999716,
19.915019408000003,18.150000000000002,3,controller_to_actual_cmd,,0.029375,
19.915056847000002,18.150000000000002,3,control_period,18.15,49.99999999999716,
19.915370603,18.150000000000002,2,measurement_to_controller_cmd,,38.170497,True
19.915420906,18.150000000000002,2,controller_to_actual_cmd,,0.050303,
19.915490393000002,18.150000000000002,2,control_period,18.15,49.99999999999716,
19.935625635,18.17,1,camera_to_measurement,18.155,8.358978,True
19.935751902,18.17,1,detector_inference,,7.378891944885254,
19.965046624000003,18.200000000000003,2,control_period,18.2,50.00000000000071,
19.965139191000002,18.200000000000003,3,controller_to_actual_cmd,,0.034208999999999996,
19.965209013000003,18.200000000000003,3,control_period,18.2,50.00000000000071,
19.965680872,18.200000000000003,1,measurement_to_controller_cmd,,30.055236999999998,True
19.965742325,18.200000000000003,1,controller_to_actual_cmd,,0.061453,
19.96580629,18.200000000000003,1,control_period,18.2,50.00000000000071,
19.96583881,18.200000000000003,2,controller_to_actual_cmd,,0.887396,
20.006274126,18.240000000000002,1,detector_inference,,11.411126136779785,
20.013379744,18.245,2,detector_inference,,16.095657348632812,
20.013558167000003,18.245,3,camera_to_measurement,18.22,8.367956,True
20.013658579,18.245,3,detector_inference,,7.543325901031494,
20.014367586000002,18.25,2,camera_to_measurement,18.22,18.326642,True
20.015051069000002,18.25,2,measurement_to_controller_cmd,,0.683483,True
20.015627833,18.25,1,measurement_to_controller_cmd,,9.404133,True
20.015713167,18.25,1,controller_to_actual_cmd,,0.085334,
20.015809937,18.25,1,control_period,18.25,50.00000000000071,
20.015881349,18.25,2,controller_to_actual_cmd,,0.8302799999999999,
20.015958263,18.25,2,control_period,18.25,50.00000000000071,
20.016026564,18.25,3,measurement_to_controller_cmd,,2.468397,True
20.016091325,18.25,3,controller_to_actual_cmd,,0.064761,
20.016179073,18.25,3,control_period,18.25,50.00000000000071,
20.066465901,18.3,1,controller_to_actual_cmd,,0.052479,
20.066605161000002,18.3,1,control_period,18.3,50.00000000000071,
20.066678659,18.3,2,controller_to_actual_cmd,,0.686257,
20.066755498000003,18.3,2,control_period,18.3,50.00000000000071,
20.069082836,18.3,3,control_period,18.3,50.00000000000071,
20.069605266,18.305,1,camera_to_measurement,18.285,10.506475,True
20.069654082,18.305,1,detector_inference,,7.7035322189331055,
20.069696806,18.305,3,controller_to_actual_cmd,,0.708515,
20.073745734000003,18.305,2,detector_inference,,6.202830791473389,
20.074455576000002,18.310000000000002,2,camera_to_measurement,18.285,10.648073,True
20.114716179000002,18.35,1,measurement_to_controller_cmd,,45.110913,True
20.114803314,18.35,1,control_period,18.35,50.00000000000071,
20.115422216000002,18.35,1,controller_to_actual_cmd,,0.7060369999999999,
20.115533386000003,18.35,2,measurement_to_controller_cmd,,41.07781,True
20.115648034000003,18.35,2,control_period,18.35,50.00000000000071,
20.115730384000003,18.35,3,controller_to_actual_cmd,,0.788343,
20.115833136000003,18.35,3,control_period,18.35,50.00000000000071,
20.116321991,18.35,2,controller_to_actual_cmd,,0.788605,
20.135772675000002,18.37,1,detector_inference,,10.521307945251465,
20.135893733,18.37,2,detector_inference,,7.974140167236328,
20.136556465,18.37,1,camera_to_measurement,18.35,13.216241,True
20.136675077,18.37,2,camera_to_measurement,18.35,9.577708,True
20.16467828,18.400000000000002,1,measurement_to_controller_cmd,,28.121814999999998,True
20.164730039000002,18.400000000000002,2,measurement_to_controller_cmd,,28.054962,True
20.16520985,18.400000000000002,1,controller_to_actual_cmd,,0.53157,
20.165362678,18.400000000000002,1,control_period,18.4,49.99999999999716,
20.165442399,18.400000000000002,2,controller_to_actual_cmd,,0.71236,
20.165528552,18.400000000000002,2,control_period,18.4,49.99999999999716,
20.165594116,18.400000000000002,3,controller_to_actual_cmd,,0.8160989999999999,
20.165662828000002,18.400000000000002,3,control_period,18.4,49.99999999999716,
20.196573024000003,18.43,1,detector_inference,,7.01730489730835,
20.197298427,18.43,1,camera_to_measurement,18.415,8.997501,True
20.215548871000003,18.450000000000003,2,control_period,18.45,50.00000000000071,
20.216405964,18.450000000000003,1,measurement_to_controller_cmd,,19.107537,True
20.216537598000002,18.450000000000003,1,controller_to_actual_cmd,,0.131634,
20.216669582,18.450000000000003,1,control_period,18.45,50.00000000000071,
20.216764116,18.450000000000003,2,controller_to_actual_cmd,,1.348218,
20.216859936000002,18.450000000000003,3,controller_to_actual_cmd,,1.104447,
20.216999148000003,18.450000000000003,3,control_period,18.45,50.00000000000071,
20.265842563,18.5,1,controller_to_actual_cmd,,0.032205,
20.265918114,18.5,1,control_period,18.5,50.00000000000071,
20.265985639,18.5,2,controller_to_actual_cmd,,0.026973999999999998,
20.266026185,18.5,2,control_period,18.5,50.00000000000071,
20.266750797,18.5,3,control_period,18.5,50.00000000000071,
20.267086065,18.5,3,controller_to_actual_cmd,,0.394049,
20.274642804000003,18.51,3,camera_to_measurement,18.485,9.605516999999999,True
20.27478611,18.51,3,detector_inference,,7.716738224029541,
20.315575843,18.55,2,controller_to_actual_cmd,,0.111095,
20.315800706,18.55,2,control_period,18.55,50.00000000000071,
20.316606755000002,18.55,1,controller_to_actual_cmd,,0.056991999999999994,
20.316710397,18.55,1,control_period,18.55,50.00000000000071,
20.316800267,18.55,3,measurement_to_controller_cmd,,42.157463,True
20.316860033,18.55,3,controller_to_actual_cmd,,0.059766,
20.316915441000003,18.55,3,control_period,18.55,50.00000000000071,
20.336764183,18.57,1,camera_to_measurement,18.55,9.446553,True
20.336881294,18.57,1,detector_inference,,7.649001121520996,
20.344697376000003,18.580000000000002,3,detector_inference,,6.288918972015381,
20.345014025,18.580000000000002,3,camera_to_measurement,18.55,9.084843,True
20.365268908,18.6,2,control_period,18.6,50.00000000000071,
20.365357066,18.6,3,measurement_to_controller_cmd,,20.343041,True
20.365425921,18.6,3,controller_to_actual_cmd,,0.068855,
20.365526944000003,18.6,3,control_period,18.6,50.00000000000071,
20.366012885,18.6,1,measurement_to_controller_cmd,,29.248701999999998,True
20.366086688000003,18.6,1,controller_to_actual_cmd,,0.073803,
20.366162595000002,18.6,1,control_period,18.6,50.00000000000071,
20.366229262,18.6,2,controller_to_actual_cmd,,1.070002,
20.395187803000002,18.625,1,detector_inference,,6.656042098999023,
20.396162723,18.630000000000003,1,camera_to_measurement,18.615,9.039667999999999,True
20.407949238,18.64,3,detector_inference,,6.419325828552246,
20.40860766,18.64,3,camera_to_measurement,18.615,8.422227,True
20.415379283,18.650000000000002,1,measurement_to_controller_cmd,,19.216559999999998,True
20.416111533000002,18.650000000000002,1,controller_to_actual_cmd,,0.73225,
20.416258747,18.650000000000002,1,control_period,18.65,49.99999999999716,
20.416421243000002,18.650000000000002,3,measurement_to_controller_cmd,,7.8135829999999995,True
20.416522962000002,18.650000000000002,3,controller_to_actual_cmd,,0.10171899999999999,
20.416624546,18.650000000000002,3,control_period,18.65,49.99999999999716,
20.417233879,18.650000000000002,2,controller_to_actual_cmd,,0.884624,
20.417362044,18.650000000000002,2,control_period,18.65,49.99999999999716,
20.465775991,18.700000000000003,2,controller_to_actual_cmd,,0.092526,
20.465922892000002,18.700000000000003,2,control_period,18.7,50.00000000000071,
20.466121861,18.700000000000003,3,control_period,18.7,50.00000000000071,
20.466793864,18.700000000000003,1,camera_to_measurement,18.68,13.489391,True
20.466876819000003,18.700000000000003,1,detector_inference,,11.915895462036133,
20.466927626,18.700000000000003,1,controller_to_actual_cmd,,1.348018,
20.466980514000003,18.700000000000003,1,control_period,18.7,50.00000000000071,
20.467033710000003,18.700000000000003,3,controller_to_actual_cmd,,1.0096159999999998,
20.467358725,18.700000000000003,2,camera_to_measurement,18.68,9.024654,True
20.467406055,18.700000000000003,2,detector_inference,,7.678109169006348,
20.517622097,18.75,1,measurement_to_controller_cmd,,50.828233,True
20.517696843,18.75,1,controller_to_actual_cmd,,0.07474599999999999,
20.517774443,18.75,1,control_period,18.75,50.00000000000071,
20.519919528000003,18.75,2,measurement_to_controller_cmd,,52.560803,True
20.519997791,18.75,2,controller_to_actual_cmd,,0.078263,
20.520100026,18.75,2,control_period,18.75,50.00000000000071,
20.5201916,18.75,3,controller_to_actual_cmd,,0.040302,
20.520246182,18.75,3,control_period,18.75,50.00000000000071,
20.533695819000002,18.765,2,detector_inference,,12.155200958251953,
20.53442871,18.765,2,camera_to_measurement,18.745,14.973364,True
20.535137482,18.77,3,camera_to_measurement,18.745,9.766955,True
20.535222637,18.77,3,detector_inference,,8.088484764099121,
20.564729477,18.8,2,measurement_to_controller_cmd,,30.300766999999997,True
20.56523509,18.8,2,control_period,18.8,50.00000000000071,
20.565290013000002,18.8,3,measurement_to_controller_cmd,,30.152531,True
20.56532924,18.8,3,controller_to_actual_cmd,,0.039227,
20.565367852,18.8,3,control_period,18.8,50.00000000000071,
20.565667421,18.8,1,control_period,18.8,50.00000000000071,
20.565698700000002,18.8,2,controller_to_actual_cmd,,0.969223,
20.565911704,18.8,1,controller_to_actual_cmd,,0.279275,
20.598509462000003,18.830000000000002,1,camera_to_measurement,18.815,9.234657,True
20.598630796000002,18.830000000000002,1,detector_inference,,7.2842020988464355,
20.609255045,18.84,3,detector_inference,,9.008064270019531,
20.61018898,18.845000000000002,3,camera_to_measurement,18.815,12.478439999999999,True
20.615207481000002,18.845000000000002,2,control_period,18.85,50.00000000000071,
20.61563409,18.85,2,controller_to_actual_cmd,,0.5107039999999999,
20.61630234,18.85,1,measurement_to_controller_cmd,,17.792877999999998,True
20.616387404,18.85,1,control_period,18.85,50.00000000000071,
20.616441548,18.85,3,measurement_to_controller_cmd,,6.252568,True
20.61677117,18.85,1,controller_to_actual_cmd,,0.46882999999999997,
20.616819210000003,18.85,3,controller_to_actual_cmd,,0.377662,
20.616868882000002,18.85,3,control_period,18.85,50.00000000000071,
20.664805904,18.900000000000002,1,detector_inference,,6.670905113220215,
20.665734267,18.900000000000002,1,camera_to_measurement,18.88,11.119849,True
20.665868271,18.900000000000002,1,measurement_to_controller_cmd,,0.13400399999999998,True
20.666000245000003,18.900000000000002,1,control_period,18.9,49.99999999999716,
20.6661907,18.900000000000002,3,controller_to_actual_cmd,,0.080743,
20.666308653,18.900000000000002,3,control_period,18.9,49.99999999999716,
20.667071853000003,18.900000000000002,1,controller_to_actual_cmd,,1.203582,
20.667267381000002,18.900000000000002,2,controller_to_actual_cmd,,0.08690099999999999,
20.66740077,18.900000000000002,2,control_period,18.9,49.99999999999716,
20.673619224000003,18.905,2,detector_inference,,10.667080879211426,
20.673778954000003,18.905,3,camera_to_measurement,18.88,10.107019,True
20.673872417000002,18.905,3,detector_inference,,10.04334545135498,
20.674581463000003,18.91,2,camera_to_measurement,18.88,13.670499,True
20.715565093000002,18.950000000000003,2,measurement_to_controller_cmd,,40.98363,True
20.715681697,18.950000000000003,2,control_period,18.95,50.00000000000071,
20.715737877000002,18.950000000000003,3,measurement_to_controller_cmd,,41.958923,True
20.715809569,18.950000000000003,3,control_period,18.95,50.00000000000071,
20.716550557,18.950000000000003,1,controller_to_actual_cmd,,0.12231399999999999,
20.716709989,18.950000000000003,1,control_period,18.95,50.00000000000071,
20.716829492000002,18.950000000000003,2,controller_to_actual_cmd,,1.264399,
20.71694767,18.950000000000003,3,controller_to_actual_cmd,,1.209793,
20.731161804000003,18.965,2,detector_inference,,7.860754013061523,
20.731567594,18.965,2,camera_to_measurement,18.945,9.348117,True
20.737217893,18.970000000000002,3,detector_inference,,6.993019104003906,
20.737653623,18.970000000000002,3,camera_to_measurement,18.945,8.822281,True
20.765133997000003,19.0,1,control_period,19.0,50.00000000000071,
20.765194368000003,19.0,2,measurement_to_controller_cmd,,33.626774,True
20.765255146,19.0,2,controller_to_actual_cmd,,0.060778,
20.765308796000003,19.0,2,control_period,19.0,50.00000000000071,
20.765429203,19.0,3,measurement_to_controller_cmd,,27.775579999999998,True
20.765549761000003,19.0,3,controller_to_actual_cmd,,0.120558,
20.765624380000002,19.0,3,control_period,19.0,50.00000000000071,
20.766123614,19.0,1,controller_to_actual_cmd,,1.053955,
20.806349526,19.040000000000003,2,detector_inference,,15.061430931091309,
20.806490081,19.040000000000003,3,detector_inference,,9.69904613494873,
20.815708495000003,19.05,1,controller_to_actual_cmd,,0.14199699999999998,
20.815903606000003,19.05,1,control_period,19.05,50.00000000000071,
20.816000198,19.05,2,measurement_to_controller_cmd,,8.745845,True
20.816059944000003,19.05,2,controller_to_actual_cmd,,0.059746,
20.816133913,19.05,2,control_period,19.05,50.00000000000071,
20.816186267000003,19.05,3,measurement_to_controller_cmd,,8.824065,True
20.816227524000002,19.05,3,controller_to_actual_cmd,,0.041256999999999995,
20.816281269,19.05,3,control_period,19.05,50.00000000000071,
20.860064189000003,19.095000000000002,1,camera_to_measurement,19.075,8.794343999999999,True
20.860140706000003,19.095000000000002,1,detector_inference,,7.564802169799805,
20.86526726,19.1,1,measurement_to_controller_cmd,,5.203071,True
20.865343696,19.1,1,controller_to_actual_cmd,,0.07643599999999999,
20.865447778,19.1,1,control_period,19.1,50.00000000000071,
20.866665617000002,19.1,2,controller_to_actual_cmd,,0.11520499999999999,
20.866870995000003,19.1,2,control_period,19.1,50.00000000000071,
20.86708167,19.1,3,controller_to_actual_cmd,,0.09239399999999999,
20.867205632,19.1,3,control_period,19.1,50.00000000000071,
20.875556145,19.11,3,camera_to_measurement,19.075,13.58345,True
20.875651181000002,19.11,3,detector_inference,,10.811853408813477,
20.87618278,19.11,2,detector_inference,,15.939870834350586,
20.914791138000002,19.150000000000002,1,control_period,19.15,49.99999999999716,
20.914885607000002,19.150000000000002,3,measurement_to_controller_cmd,,39.329462,True
20.914949961,19.150000000000002,3,controller_to_actual_cmd,,0.064354,
20.915089413,19.150000000000002,3,control_period,19.15,49.99999999999716,
20.916357024,19.150000000000002,2,measurement_to_controller_cmd,,40.228759,True
20.916455486,19.150000000000002,2,controller_to_actual_cmd,,0.098462,
20.916573051,19.150000000000002,2,control_period,19.15,49.99999999999716,
20.91735444,19.150000000000002,1,controller_to_actual_cmd,,2.6728639999999997,
20.942681096,19.175,3,detector_inference,,11.257057189941406,
20.943247057,19.175,3,camera_to_measurement,19.145,12.832624,True
20.944614033,19.18,1,detector_inference,,23.453935623168945,
20.945086551000003,19.18,2,camera_to_measurement,19.145,19.973952999999998,True
20.945141301,19.18,2,detector_inference,,15.778223037719727,
20.965149337,19.200000000000003,2,measurement_to_controller_cmd,,20.062786,True
20.965854084,19.200000000000003,1,measurement_to_controller_cmd,,21.301081,True
20.965959917000003,19.200000000000003,1,controller_to_actual_cmd,,0.105833,
20.966088785,19.200000000000003,1,control_period,19.2,50.00000000000071,
20.966199184,19.200000000000003,2,controller_to_actual_cmd,,1.049847,
20.966307264,19.200000000000003,2,control_period,19.2,50.00000000000071,
20.966399768000002,19.200000000000003,3,measurement_to_controller_cmd,,23.152711,True
20.966500686,19.200000000000003,3,control_period,19.2,50.00000000000071,
20.967008195000002,19.200000000000003,3,controller_to_actual_cmd,,0.6084269999999999,
21.011798766000002,19.245,3,detector_inference,,13.903883934020996,
21.012471287,19.245,3,camera_to_measurement,19.21,16.877902,True
21.015296081000002,19.25,3,measurement_to_controller_cmd,,2.824794,True
21.015472195,19.25,3,control_period,19.25,50.00000000000071,
21.01637036,19.25,2,controller_to_actual_cmd,,0.086932,
21.01654089,19.25,2,control_period,19.25,50.00000000000071,
21.016652006,19.25,3,controller_to_actual_cmd,,1.355925,
21.017283641000002,19.25,1,controller_to_actual_cmd,,1.092655,
21.017399456,19.25,1,control_period,19.25,50.00000000000071,
21.063411496,19.295,1,detector_inference,,10.794805526733398,
21.06417293,19.295,1,camera_to_measurement,19.275,13.012941,True
21.065934454,19.3,2,control_period,19.3,50.00000000000071,
21.066136746,19.3,3,controller_to_actual_cmd,,0.082964,
21.066262730000002,19.3,3,control_period,19.3,50.00000000000071,
21.066712494,19.3,1,measurement_to_controller_cmd,,2.539564,True
21.066770023,19.3,1,controller_to_actual_cmd,,0.057529,
21.066829085000002,19.3,1,control_period,19.3,50.00000000000071,
21.066881244,19.3,2,camera_to_measurement,19.275,13.337753,True
21.066925222000002,19.3,2,detector_inference,,10.36365032196045,
21.066962799000002,19.3,2,controller_to_actual_cmd,,1.917764,
21.075280566,19.310000000000002,3,camera_to_measurement,19.275,15.539482,True
21.075359449,19.310000000000002,3,detector_inference,,12.80700397491455,
21.117212239,19.35,1,controller_to_actual_cmd,,0.086879,
21.117369312,19.35,1,control_period,19.35,50.00000000000071,
21.117505481000002,19.35,2,measurement_to_controller_cmd,,50.624237,True
21.117605443000002,19.35,2,controller_to_actual_cmd,,0.099962,
21.117720003000002,19.35,2,control_period,19.35,50.00000000000071,
21.11784481,19.35,3,measurement_to_controller_cmd,,42.564243999999995,True
21.117961181000002,19.35,3,control_period,19.35,50.00000000000071,
21.118889438,19.35,3,controller_to_actual_cmd,,1.044628,
21.124633618,19.36,1,camera_to_measurement,19.34,12.360679999999999,True
21.124751357,19.36,1,detector_inference,,9.282472610473633,
21.133696643,19.365000000000002,3,detector_inference,,8.143781661987305,
21.134366019,19.365000000000002,3,camera_to_measurement,19.34,10.921237999999999,True
21.165203516000002,19.400000000000002,2,control_period,19.4,49.99999999999716,
21.165278736,19.400000000000002,3,measurement_to_controller_cmd,,30.912716999999997,True
21.165355244,19.400000000000002,3,control_period,19.4,49.99999999999716,
21.165811069,19.400000000000002,1,measurement_to_controller_cmd,,41.177451,True
21.165856756,19.400000000000002,1,controller_to_actual_cmd,,0.045687,
21.165907066000003,19.400000000000002,1,control_period,19.4,49.99999999999716,
21.165941540000002,19.400000000000002,2,controller_to_actual_cmd,,0.843316,
21.165973152000003,19.400000000000002,3,controller_to_actual_cmd,,0.6944159999999999,
21.194208743,19.425,1,camera_to_measurement,19.405,14.962876,True
21.194319981,19.425,1,detector_inference,,11.193840980529785,
21.194912356,19.43,2,camera_to_measurement,19.405,11.864407,True
21.194991378,19.43,2,detector_inference,,10.462591171264648,
21.201863683000003,19.435000000000002,3,detector_inference,,6.626594066619873,
21.202591355000003,19.435000000000002,3,camera_to_measurement,19.405,9.247923,True
21.215481675000003,19.450000000000003,1,measurement_to_controller_cmd,,21.272931999999997,True
21.215604741,19.450000000000003,1,control_period,19.45,50.00000000000071,
21.215663937000002,19.450000000000003,2,measurement_to_controller_cmd,,20.751580999999998,True
21.215713874000002,19.450000000000003,2,control_period,19.45,50.00000000000071,
21.216135769,19.450000000000003,1,controller_to_actual_cmd,,0.654094,
21.216188114,19.450000000000003,2,controller_to_actual_cmd,,0.524177,
21.216227929000002,19.450000000000003,3,measurement_to_controller_cmd,,13.636574,True
21.216265411000002,19.450000000000003,3,controller_to_actual_cmd,,0.037482,
21.216327701,19.450000000000003,3,control_period,19.45,50.00000000000071,
21.265253449000003,19.5,2,control_period,19.5,50.00000000000071,
21.266126037000003,19.5,1,controller_to_actual_cmd,,1.11229,
21.266256687000002,19.5,1,control_period,19.5,50.00000000000071,
21.266343613,19.5,2,controller_to_actual_cmd,,1.2263249999999999,
21.266507150000002,19.5,3,controller_to_actual_cmd,,0.081625,
21.26660279,19.5,3,control_period,19.5,50.00000000000071,
21.267178968,19.5,3,camera_to_measurement,19.475,9.362703,True
21.267264635,19.5,3,detector_inference,,6.890800952911377,
21.315713638000002,19.55,1,controller_to_actual_cmd,,0.075487,
21.315832385,19.55,1,control_period,19.55,50.00000000000071,
21.315936784,19.55,2,control_period,19.55,50.00000000000071,
21.315975961000003,19.55,3,measurement_to_controller_cmd,,48.796993,True
21.316013044,19.55,3,controller_to_actual_cmd,,0.037083,
21.316054544,19.55,3,control_period,19.55,50.00000000000071,
21.319912222000003,19.555,2,controller_to_actual_cmd,,4.021358,
21.322946924,19.555,1,detector_inference,,8.116530418395996,
21.323417852000002,19.555,1,camera_to_measurement,19.54,10.128266,True
21.335862515000002,19.57,3,detector_inference,,8.345032691955566,
21.336529645000002,19.57,2,camera_to_measurement,19.54,18.089851,True
21.336635192000003,19.57,2,detector_inference,,15.7020845413208,
21.336742597,19.57,3,camera_to_measurement,19.54,10.023441,True
21.364991793,19.6,1,measurement_to_controller_cmd,,41.573941,True
21.365373556,19.6,1,control_period,19.6,50.00000000000071,
21.365429932,19.6,2,measurement_to_controller_cmd,,28.900287,True
21.365787045,19.6,1,controller_to_actual_cmd,,0.795252,
21.365846917000002,19.6,2,controller_to_actual_cmd,,0.416985,
21.365936735000002,19.6,2,control_period,19.6,50.00000000000071,
21.365984499,19.6,3,measurement_to_controller_cmd,,29.241902,True
21.366037650000003,19.6,3,control_period,19.6,50.00000000000071,
21.366338313,19.6,3,controller_to_actual_cmd,,0.35381399999999996,
21.388563428,19.62,1,camera_to_measurement,19.605,11.338856999999999,True
21.388706646000003,19.62,1,detector_inference,,8.841105461120605,
21.415592074000003,19.650000000000002,2,control_period,19.65,49.99999999999716,
21.415964927,19.650000000000002,1,measurement_to_controller_cmd,,27.401498999999998,True
21.416044848000002,19.650000000000002,1,control_period,19.65,49.99999999999716,
21.416110248000003,19.650000000000002,2,controller_to_actual_cmd,,0.583975,
21.416163893,19.650000000000002,3,controller_to_actual_cmd,,0.517446,
21.416212790000003,19.650000000000002,3,control_period,19.65,49.99999999999716,
21.416546573,19.650000000000002,1,controller_to_actual_cmd,,0.581646,
21.46159056,19.695,1,detector_inference,,12.85075569152832,
21.461977186000002,19.695,1,camera_to_measurement,19.67,15.714106,True
21.466024540000003,19.700000000000003,1,measurement_to_controller_cmd,,4.0473539999999995,True
21.466111446000003,19.700000000000003,1,controller_to_actual_cmd,,0.086906,
21.4662033,19.700000000000003,1,control_period,19.7,50.00000000000071,
21.46624857,19.700000000000003,2,controller_to_actual_cmd,,0.816691,
21.466292917,19.700000000000003,2,control_period,19.7,50.00000000000071,
21.466367495,19.700000000000003,3,controller_to_actual_cmd,,0.035292,
21.466410139,19.700000000000003,3,control_period,19.7,50.00000000000071,
21.471985955,19.705000000000002,3,detector_inference,,12.237874031066895,
21.47241006,19.705000000000002,3,camera_to_measurement,19.67,14.82263,True
21.515083244000003,19.75,2,control_period,19.75,50.00000000000071,
21.51553912,19.75,2,controller_to_actual_cmd,,0.519347,
21.515592663,19.75,3,measurement_to_controller_cmd,,43.182603,True
21.515628856000003,19.75,3,controller_to_actual_cmd,,0.036192999999999996,
21.515679159,19.75,3,control_period,19.75,50.00000000000071,
21.516300784000002,19.75,1,controller_to_actual_cmd,,0.324082,
21.516378963,19.75,1,control_period,19.75,50.00000000000071,
21.525353763000002,19.76,1,detector_inference,,16.67288589477539,
21.525675259,19.76,1,camera_to_measurement,19.735,18.44905,True
21.530025152,19.765,3,camera_to_measurement,19.735,15.954984,True
21.530143918,19.765,3,detector_inference,,13.611400604248047,
21.564898473000003,19.8,2,controller_to_actual_cmd,,0.029876999999999997,
21.564965149000002,19.8,2,control_period,19.8,50.00000000000071,
21.565249732,19.8,1,measurement_to_controller_cmd,,39.574473,True
21.565306749,19.8,1,control_period,19.8,50.00000000000071,
21.565618919000002,19.8,1,controller_to_actual_cmd,,0.369187,
21.56566549,19.8,3,measurement_to_controller_cmd,,35.640338,True
21.565714381000003,19.8,3,control_period,19.8,50.00000000000071,
21.565956482,19.8,3,controller_to_actual_cmd,,0.290992,
21.590301603,19.825000000000003,1,detector_inference,,10.93774700164795,
21.590363868,19.825000000000003,2,detector_inference,,8.20465087890625,
21.590718058,19.825000000000003,1,camera_to_measurement,19.805,12.563562,True
21.590781128,19.825000000000003,2,camera_to_measurement,19.805,9.981038999999999,True
21.614738846,19.85,1,measurement_to_controller_cmd,,24.020788,True
21.614849091,19.85,1,control_period,19.85,50.00000000000071,
21.614897357,19.85,2,measurement_to_controller_cmd,,24.116229,True
21.614944414,19.85,2,control_period,19.85,50.00000000000071,
21.615068,19.85,3,control_period,19.85,50.00000000000071,
21.615436357,19.85,2,controller_to_actual_cmd,,0.5389999999999999,
21.615509892000002,19.85,3,controller_to_actual_cmd,,0.498081,
21.615853611000002,19.85,1,controller_to_actual_cmd,,1.114765,
21.660827901,19.895,2,detector_inference,,9.272749900817871,
21.661436287,19.895,1,camera_to_measurement,19.87,14.479925999999999,True
21.661555816,19.895,1,detector_inference,,13.155534744262695,
21.661658912,19.895,2,camera_to_measurement,19.87,11.360975,True
21.665856795,19.900000000000002,3,controller_to_actual_cmd,,0.63791,
21.666001964000003,19.900000000000002,3,control_period,19.9,49.99999999999716,
21.66656644,19.900000000000002,1,measurement_to_controller_cmd,,5.130153,True
21.666645684000002,19.900000000000002,1,controller_to_actual_cmd,,0.079244,
21.666736729,19.900000000000002,1,control_period,19.9,49.99999999999716,
21.666807050000003,19.900000000000002,2,measurement_to_controller_cmd,,5.148137999999999,True
21.66687413,19.900000000000002,2,controller_to_actual_cmd,,0.06708,
21.666950519,19.900000000000002,2,control_period,19.9,49.99999999999716,
21.668419565,19.900000000000002,3,camera_to_measurement,19.87,9.973465,True
21.668515311,19.900000000000002,3,detector_inference,,7.934399127960205,
21.715698968,19.950000000000003,1,controller_to_actual_cmd,,0.048597999999999995,
21.715827682,19.950000000000003,1,control_period,19.95,50.00000000000071,
21.715905233,19.950000000000003,2,controller_to_actual_cmd,,0.867027,
21.715983739000002,19.950000000000003,2,control_period,19.95,50.00000000000071,
21.716045242,19.950000000000003,3,measurement_to_controller_cmd,,47.625676999999996,True
21.716116924,19.950000000000003,3,control_period,19.95,50.00000000000071,
21.721800084,19.955000000000002,3,controller_to_actual_cmd,,5.754842,
21.724831933,19.96,1,camera_to_measurement,19.935,14.861590999999999,True
21.725021006000002,19.96,1,detector_inference,,13.013867378234863,
21.725663412000003,19.96,2,camera_to_measurement,19.935,12.423305,True
21.725729896,19.96,2,detector_inference,,10.730441093444824,
21.731662002,19.965,3,detector_inference,,7.126145839691162,
21.765080487000002,20.0,3,measurement_to_controller_cmd,,33.474102,True
21.765193037000003,20.0,3,controller_to_actual_cmd,,0.11255,
21.765324941000003,20.0,3,control_period,20.0,50.00000000000071,
21.765972232000003,20.0,1,measurement_to_controller_cmd,,41.140299,True
21.766120933,20.0,1,control_period,20.0,50.00000000000071,
21.766204700000003,20.0,2,measurement_to_controller_cmd,,40.541288,True
21.766285519,20.0,2,control_period,20.0,50.00000000000071,
21.766843093000002,20.0,1,controller_to_actual_cmd,,0.870861,
21.766920586,20.0,2,controller_to_actual_cmd,,0.715886,
21.781174603,20.015,1,detector_inference,,6.485867023468018,
21.799838182000002,20.035,3,camera_to_measurement,20.0,9.899377999999999,True
21.799947832,20.035,3,detector_inference,,8.149271965026855,
21.802944476,20.035,2,detector_inference,,15.376643180847168,
21.803755756,20.035,2,camera_to_measurement,20.0,18.702109,True
21.815293431,20.05,1,measurement_to_controller_cmd,,34.189797,True
21.815456881000003,20.05,1,control_period,20.05,50.00000000000071,
21.815585544,20.05,2,measurement_to_controller_cmd,,11.829787999999999,True
21.815694176,20.05,2,controller_to_actual_cmd,,0.10863199999999999,
21.815813518000002,20.05,2,control_period,20.05,50.00000000000071,
21.815910291,20.05,3,measurement_to_controller_cmd,,16.072108999999998,True
21.815993282,20.05,3,controller_to_actual_cmd,,0.082991,
21.816084344,20.05,3,control_period,20.05,50.00000000000071,
21.816705900000002,20.05,1,controller_to_actual_cmd,,1.412469,
21.860783191000003,20.095000000000002,2,detector_inference,,11.359028816223145,
21.861156539000003,20.095000000000002,2,camera_to_measurement,20.065,14.171985,True
21.861973003000003,20.095000000000002,3,detector_inference,,10.7813081741333,
21.862323622,20.095000000000002,3,camera_to_measurement,20.065,11.371627,True
21.865250753,20.1,1,control_period,20.1,50.00000000000071,
21.865333598000003,20.1,2,measurement_to_controller_cmd,,4.177059,True
21.865403049,20.1,2,control_period,20.1,50.00000000000071,
21.865448225,20.1,3,measurement_to_controller_cmd,,3.124603,True
21.865495406,20.1,3,controller_to_actual_cmd,,0.047181,
21.865543395000003,20.1,3,control_period,20.1,50.00000000000071,
21.86588924,20.1,1,controller_to_actual_cmd,,0.729293,
21.865938167000003,20.1,2,controller_to_actual_cmd,,0.604569,
21.915079724,20.150000000000002,1,control_period,20.15,49.99999999999716,
21.915427936,20.150000000000002,3,control_period,20.15,49.99999999999716,
21.916115051000002,20.150000000000002,1,controller_to_actual_cmd,,1.1676,
21.91625029,20.150000000000002,2,controller_to_actual_cmd,,1.031378,
21.916395520000002,20.150000000000002,2,control_period,20.15,49.99999999999716,
21.916529621000002,20.150000000000002,3,controller_to_actual_cmd,,1.2130269999999999,
21.920505516000002,20.155,2,camera_to_measurement,20.135,10.184184,True
21.920654848,20.155,2,detector_inference,,9.05920696258545,
21.923823652000003,20.155,3,detector_inference,,9.611581802368164,
21.924665241000003,20.16,3,camera_to_measurement,20.135,11.404905,True
21.965449471000003,20.200000000000003,1,controller_to_actual_cmd,,0.05239,
21.965557030000003,20.200000000000003,1,control_period,20.2,50.00000000000071,
21.965598224,20.200000000000003,2,measurement_to_controller_cmd,,45.092707999999995,True
21.965648721,20.200000000000003,2,control_period,20.2,50.00000000000071,
21.965682225000002,20.200000000000003,3,measurement_to_controller_cmd,,41.016984,True
21.965713343,20.200000000000003,3,controller_to_actual_cmd,,0.031118,
21.965753888000002,20.200000000000003,3,control_period,20.2,50.00000000000071,
21.966402285,20.200000000000003,2,controller_to_actual_cmd,,0.8040609999999999,
22.00051199,20.235000000000003,3,camera_to_measurement,20.2,13.981573,True
22.000627698000002,20.235000000000003,3,detector_inference,,11.592323303222656,
22.001240432000003,20.235000000000003,2,detector_inference,,16.56045913696289,
22.015074738000003,20.25,1,control_period,20.25,50.00000000000071,
22.01516024,20.25,3,measurement_to_controller_cmd,,14.648249999999999,True
22.015219849,20.25,3,control_period,20.25,50.00000000000071,
22.015561836,20.25,1,controller_to_actual_cmd,,0.578727,
22.0156114,20.25,2,measurement_to_controller_cmd,,14.013959999999999,True
22.015651392000002,20.25,3,controller_to_actual_cmd,,0.491152,
22.015993624,20.25,2,controller_to_actual_cmd,,0.382224,
22.016055935,20.25,2,control_period,20.25,50.00000000000071,
22.053149665000003,20.285,1,detector_inference,,8.164122581481934,
22.058684437,20.290000000000003,3,camera_to_measurement,20.265,6.51929,True
22.058819770000003,20.290000000000003,3,detector_inference,,5.611710071563721,
22.064981763000002,20.3,1,measurement_to_controller_cmd,,11.916948999999999,True
22.065115509,20.3,3,measurement_to_controller_cmd,,6.4310719999999995,True
22.065819881000003,20.3,1,controller_to_actual_cmd,,0.8381179999999999,
22.065974462,20.3,1,control_period,20.3,50.00000000000071,
22.066165082,20.3,2,controller_to_actual_cmd,,0.082366,
22.066289659000002,20.3,2,control_period,20.3,50.00000000000071,
22.066387281,20.3,3,controller_to_actual_cmd,,1.271772,
22.066510765,20.3,3,control_period,20.3,50.00000000000071,
22.115817914,20.35,1,control_period,20.35,50.00000000000071,
22.116086327,20.35,3,controller_to_actual_cmd,,0.060125,
22.116175177000002,20.35,3,control_period,20.35,50.00000000000071,
22.117186936000003,20.35,1,controller_to_actual_cmd,,1.560416,
22.117508729,20.35,2,detector_inference,,9.022810935974121,
22.117630130000002,20.35,2,measurement_to_controller_cmd,,0.264363,True
22.117692278,20.35,2,controller_to_actual_cmd,,0.062147999999999995,
22.117761188000003,20.35,2,control_period,20.35,50.00000000000071,
22.118312211000003,20.35,1,detector_inference,,12.245270729064941,
22.166159081,20.400000000000002,2,control_period,20.4,49.99999999999716,
22.166294421,20.400000000000002,3,controller_to_actual_cmd,,0.047429,
22.166377568,20.400000000000002,3,control_period,20.4,49.99999999999716,
22.166915752,20.400000000000002,1,measurement_to_controller_cmd,,48.657526,True
22.166980644000002,20.400000000000002,1,control_period,20.4,49.99999999999716,
22.167024347,20.400000000000002,2,controller_to_actual_cmd,,1.000785,
22.167307667000003,20.400000000000002,1,controller_to_actual_cmd,,0.39191499999999996,
22.176879699,20.41,1,detector_inference,,7.9685959815979,
22.188525166,20.42,3,detector_inference,,10.788467407226562,
22.189238904,20.42,3,camera_to_measurement,20.395,13.958485,True
22.215060684,20.450000000000003,1,measurement_to_controller_cmd,,37.795925,True
22.215154845,20.450000000000003,1,control_period,20.45,50.00000000000071,
22.215230941,20.450000000000003,2,controller_to_actual_cmd,,0.033107,
22.215276363,20.450000000000003,2,control_period,20.45,50.00000000000071,
22.215314494,20.450000000000003,3,measurement_to_controller_cmd,,26.07559,True
22.215349257,20.450000000000003,3,controller_to_actual_cmd,,0.034762999999999995,
22.215389061,20.450000000000003,3,control_period,20.45,50.00000000000071,
22.215718464000002,20.450000000000003,1,controller_to_actual_cmd,,0.6577799999999999,
22.255689471,20.490000000000002,3,detector_inference,,5.981697082519531,
22.266284548,20.5,1,control_period,20.5,50.00000000000071,
22.266443191,20.5,2,controller_to_actual_cmd,,0.059856,
22.266548288000003,20.5,2,control_period,20.5,50.00000000000071,
22.267108853,20.5,1,controller_to_actual_cmd,,0.948977,
22.267165718,20.5,3,measurement_to_controller_cmd,,11.564188,True
22.267215854,20.5,3,controller_to_actual_cmd,,0.050136,
22.267396036,20.5,3,control_period,20.5,50.00000000000071,
22.318411750000003,20.55,1,control_period,20.55,50.00000000000071,
22.318908537000002,20.55,2,control_period,20.55,50.00000000000071,
22.320344885,20.555,1,controller_to_actual_cmd,,2.170909,
22.320575602,20.555,2,controller_to_actual_cmd,,1.856194,
22.320765676,20.555,3,controller_to_actual_cmd,,0.059022,
22.320879539,20.555,3,control_period,20.55,50.00000000000071,
22.323550146000002,20.555,2,detector_inference,,11.690427780151367,
22.324288466000002,20.555,2,camera_to_measurement,20.53,13.508059999999999,True
22.328390153,20.560000000000002,1,detector_inference,,20.617450714111328,
22.365363554,20.6,1,measurement_to_controller_cmd,,36.169363,True
22.365553388000002,20.6,1,control_period,20.6,50.00000000000071,
22.36565321,20.6,2,measurement_to_controller_cmd,,41.364743999999995,True
22.365741549000003,20.6,2,controller_to_actual_cmd,,0.088339,
22.365845245000003,20.6,2,control_period,20.6,50.00000000000071,
22.366030870000003,20.6,3,control_period,20.6,50.00000000000071,
22.366751776,20.6,3,controller_to_actual_cmd,,0.813029,
22.367824852000002,20.6,1,controller_to_actual_cmd,,2.4612979999999998,
22.382886626,20.615000000000002,2,detector_inference,,5.721187114715576,
22.383527954,20.615000000000002,2,camera_to_measurement,20.595,8.459755,True
22.415456635,20.650000000000002,1,controller_to_actual_cmd,,0.084156,
22.415609067000002,20.650000000000002,1,control_period,20.65,49.99999999999716,
22.415705593000002,20.650000000000002,2,measurement_to_controller_cmd,,32.177639,True
22.415799244000002,20.650000000000002,2,controller_to_actual_cmd,,0.093651,
22.415897833000002,20.650000000000002,2,control_period,20.65,49.99999999999716,
22.416038699,20.650000000000002,3,controller_to_actual_cmd,,0.062472,
22.416124712000002,20.650000000000002,3,control_period,20.65,49.99999999999716,
22.445369117000002,20.68,1,detector_inference,,7.704164028167725,
22.458575442,20.69,3,detector_inference,,11.041813850402832,
22.465431126000002,20.700000000000003,1,measurement_to_controller_cmd,,20.180975,True
22.465625356,20.700000000000003,3,measurement_to_controller_cmd,,6.2024099999999995,True
22.466278325,20.700000000000003,1,controller_to_actual_cmd,,0.8471989999999999,
22.466413467000002,20.700000000000003,1,control_period,20.7,50.00000000000071,
22.466521891000003,20.700000000000003,2,controller_to_actual_cmd,,0.970641,
22.466629427,20.700000000000003,2,control_period,20.7,50.00000000000071,
22.466718413000002,20.700000000000003,3,controller_to_actual_cmd,,1.093057,
22.466832733,20.700000000000003,3,control_period,20.7,50.00000000000071,
22.512269047,20.745,2,detector_inference,,9.123181343078613,
22.512954099,20.745,1,camera_to_measurement,20.725,14.493089,True
22.513061206,20.745,1,detector_inference,,12.62850570678711,
22.513167636000002,20.745,2,camera_to_measurement,20.725,10.574949,True
22.51491296,20.75,1,measurement_to_controller_cmd,,1.958861,True
22.51505317,20.75,1,control_period,20.75,50.00000000000071,
22.515166231000002,20.75,2,measurement_to_controller_cmd,,1.998595,True
22.515279187,20.75,2,controller_to_actual_cmd,,0.112956,
22.515397769,20.75,2,control_period,20.75,50.00000000000071,
22.515561363,20.75,3,controller_to_actual_cmd,,0.064468,
22.515651169,20.75,3,control_period,20.75,50.00000000000071,
22.516219809000003,20.75,1,controller_to_actual_cmd,,1.306849,
22.564882617000002,20.8,1,control_period,20.8,50.00000000000071,
22.564990473,20.8,3,controller_to_actual_cmd,,0.045496999999999996,
22.565063349000003,20.8,3,control_period,20.8,50.00000000000071,
22.565994284000002,20.8,2,control_period,20.8,50.00000000000071,
22.56646044,20.8,2,controller_to_actual_cmd,,0.574823,
22.569738202,20.805,1,controller_to_actual_cmd,,4.9285499999999995,
22.582172120000003,20.815,1,detector_inference,,10.642396926879883,
22.582998367000002,20.815,1,camera_to_measurement,20.795,14.237046,True
22.591417915,20.825000000000003,3,detector_inference,,9.080151557922363,
22.592462096000002,20.825000000000003,2,detector_inference,,14.679841995239258,
22.592815835,20.825000000000003,2,camera_to_measurement,20.795,16.833523,True
22.614720217000002,20.85,1,measurement_to_controller_cmd,,31.72185,True
22.614802704000002,20.85,2,measurement_to_controller_cmd,,21.986869,True
22.61520859,20.85,1,controller_to_actual_cmd,,0.488373,
22.615316749,20.85,1,control_period,20.85,50.00000000000071,
22.615385088,20.85,2,controller_to_actual_cmd,,0.582384,
22.615467604000003,20.85,2,control_period,20.85,50.00000000000071,
22.615818602,20.85,3,measurement_to_controller_cmd,,23.965085,True
22.615875555000002,20.85,3,control_period,20.85,50.00000000000071,
22.616214687000003,20.85,3,controller_to_actual_cmd,,0.39608499999999996,
22.660428884,20.895,2,detector_inference,,15.652515411376953,
22.660641442000003,20.895,3,camera_to_measurement,20.86,10.791312999999999,True
22.66075778,20.895,3,detector_inference,,9.425177574157715,
22.661421858,20.895,1,camera_to_measurement,20.86,24.799065,True
22.661541017,20.895,1,detector_inference,,22.336257934570312,
22.661658278,20.895,2,camera_to_measurement,20.86,19.150464,True
22.665653284,20.900000000000002,1,measurement_to_controller_cmd,,4.231426,True
22.665809143,20.900000000000002,1,control_period,20.9,49.99999999999716,
22.665906829,20.900000000000002,2,measurement_to_controller_cmd,,4.248551,True
22.665994794000003,20.900000000000002,3,measurement_to_controller_cmd,,5.353352,True
22.666146452000003,20.900000000000002,3,controller_to_actual_cmd,,0.151658,
22.666231093,20.900000000000002,3,control_period,20.9,49.99999999999716,
22.666730399000002,20.900000000000002,1,controller_to_actual_cmd,,1.077115,
22.666782351000002,20.900000000000002,2,controller_to_actual_cmd,,0.8755219999999999,
22.666843158000002,20.900000000000002,2,control_period,20.9,49.99999999999716,
22.71020602,20.945,1,detector_inference,,10.291166305541992,
22.713410879,20.945,1,camera_to_measurement,20.925,15.119009,True
22.716233390000003,20.950000000000003,2,controller_to_actual_cmd,,0.063732,
22.716361999,20.950000000000003,2,control_period,20.95,50.00000000000071,
22.716528799000002,20.950000000000003,3,control_period,20.95,50.00000000000071,
22.717253844000002,20.950000000000003,1,measurement_to_controller_cmd,,3.842965,True
22.717408892,20.950000000000003,1,controller_to_actual_cmd,,0.155048,
22.717584582,20.950000000000003,1,control_period,20.95,50.00000000000071,
22.717717774,20.950000000000003,3,controller_to_actual_cmd,,1.272329,
22.726513289,20.96,2,camera_to_measurement,20.925,21.051227,True
22.726642616000003,20.96,2,detector_inference,,18.879711151123047,
22.766049465000002,21.0,2,measurement_to_controller_cmd,,39.536176,True
22.766138691000002,21.0,2,controller_to_actual_cmd,,0.089226,
22.766281815000003,21.0,2,control_period,21.0,50.00000000000071,
22.766510506000003,21.0,3,control_period,21.0,50.00000000000071,
22.767242837,21.0,1,controller_to_actual_cmd,,1.267078,
22.767394675000002,21.0,1,control_period,21.0,50.00000000000071,
22.7674814,21.0,3,controller_to_actual_cmd,,1.083348,
22.772931524,21.005000000000003,1,detector_inference,,7.221913814544678,
22.773613407000003,21.005000000000003,1,camera_to_measurement,20.99,9.488462,True
22.783213083,21.015,3,detector_inference,,5.863138198852539,
22.816279090000002,21.05,1,measurement_to_controller_cmd,,42.665683,True
22.816333226,21.05,1,controller_to_actual_cmd,,0.054136,
22.816397533,21.05,1,control_period,21.05,50.00000000000071,
22.816470945000003,21.05,2,controller_to_actual_cmd,,0.03177,
22.816561704,21.05,2,control_period,21.05,50.00000000000071,
22.81660897,21.05,3,measurement_to_controller_cmd,,32.679407,True
22.816651085,21.05,3,controller_to_actual_cmd,,0.042115,
22.816696936000003,21.05,3,control_period,21.05,50.00000000000071,
22.844652348,21.080000000000002,1,camera_to_measurement,21.055,11.984002,True
22.844793506000002,21.080000000000002,1,detector_inference,,9.54133415222168,
22.850689038000002,21.085,2,detector_inference,,8.189635276794434,
22.851340471,21.085,2,camera_to_measurement,21.055,8.019423,True
22.865863475,21.1,1,measurement_to_controller_cmd,,21.211126999999998,True
22.866011550000003,21.1,1,controller_to_actual_cmd,,0.14807499999999998,
22.866105289,21.1,1,control_period,21.1,50.00000000000071,
22.866149126,21.1,2,measurement_to_controller_cmd,,14.808655,True
22.866187067000002,21.1,2,controller_to_actual_cmd,,0.037940999999999996,
22.866230532000003,21.1,2,control_period,21.1,50.00000000000071,
22.866299231000003,21.1,3,controller_to_actual_cmd,,0.029788,
22.866341133000002,21.1,3,control_period,21.1,50.00000000000071,
22.910987678,21.145,1,detector_inference,,8.373497009277344,
22.911370805,21.145,1,camera_to_measurement,21.125,10.459348,True
22.91501904,21.150000000000002,1,measurement_to_controller_cmd,,3.6482349999999997,True
22.915657372000002,21.150000000000002,1,control_period,21.15,49.99999999999716,
22.915738063000003,21.150000000000002,2,controller_to_actual_cmd,,0.6182989999999999,
22.915793152000003,21.150000000000002,2,control_period,21.15,49.99999999999716,
22.917840966,21.150000000000002,3,control_period,21.15,49.99999999999716,
22.918242242,21.150000000000002,1,controller_to_actual_cmd,,3.2232019999999997,
22.918301469000003,21.150000000000002,3,controller_to_actual_cmd,,0.528188,
22.926347502000002,21.16,2,detector_inference,,13.536622047424316,
22.926767742000003,21.16,2,camera_to_measurement,21.125,17.63874,True
22.926839684,21.16,3,camera_to_measurement,21.125,9.329106999999999,True
22.926885315,21.16,3,detector_inference,,8.739256858825684,
22.967523907,21.200000000000003,3,measurement_to_controller_cmd,,40.684222999999996,True
22.968280397,21.200000000000003,1,controller_to_actual_cmd,,0.043905,
22.968394389,21.200000000000003,1,control_period,21.2,50.00000000000071,
22.968440060000002,21.200000000000003,2,measurement_to_controller_cmd,,41.672318,True
22.968499264000002,21.200000000000003,2,controller_to_actual_cmd,,0.059204,
22.968572949000002,21.200000000000003,2,control_period,21.2,50.00000000000071,
22.968640197000003,21.200000000000003,3,controller_to_actual_cmd,,1.11629,
22.968722498,21.200000000000003,3,control_period,21.2,50.00000000000071,
22.981005442,21.215,3,detector_inference,,6.541345119476318,
22.981739567,21.215,3,camera_to_measurement,21.19,8.750052,True
23.01534835,21.25,1,control_period,21.25,50.00000000000071,
23.015440009000002,21.25,2,controller_to_actual_cmd,,0.033297,
23.01550722,21.25,2,control_period,21.25,50.00000000000071,
23.015558856000002,21.25,3,measurement_to_controller_cmd,,33.819289,True
23.015601878000002,21.25,3,controller_to_actual_cmd,,0.043022,
23.015677628000002,21.25,3,control_period,21.25,50.00000000000071,
23.016047637,21.25,1,controller_to_actual_cmd,,0.7718919999999999,
23.049800111,21.285,3,camera_to_measurement,21.255,9.511389,True
23.049928467,21.285,3,detector_inference,,7.024225234985352,
23.065160844,21.3,1,controller_to_actual_cmd,,0.068434,
23.065271767000002,21.3,1,control_period,21.3,50.00000000000071,
23.065388511000002,21.3,2,control_period,21.3,50.00000000000071,
23.065441246000002,21.3,3,measurement_to_controller_cmd,,15.641134999999998,True
23.065505995000002,21.3,3,control_period,21.3,50.00000000000071,
23.065881577000003,21.3,2,controller_to_actual_cmd,,0.553455,
23.065940072,21.3,3,controller_to_actual_cmd,,0.498826,
23.107616149000002,21.34,1,detector_inference,,7.213672161102295,
23.115170726000002,21.35,1,measurement_to_controller_cmd,,7.178890999999999,True
23.115253417,21.35,1,controller_to_actual_cmd,,0.082691,
23.115341648,21.35,1,control_period,21.35,50.00000000000071,
23.115422982000002,21.35,2,controller_to_actual_cmd,,0.028928,
23.115464419000002,21.35,2,control_period,21.35,50.00000000000071,
23.115822111,21.35,3,controller_to_actual_cmd,,0.034478999999999996,
23.115872668,21.35,3,control_period,21.35,50.00000000000071,
23.165974376,21.400000000000002,1,control_period,21.4,49.99999999999716,
23.166037204000002,21.400000000000002,2,controller_to_actual_cmd,,0.5912689999999999,
23.166083912,21.400000000000002,2,control_period,21.4,49.99999999999716,
23.166124353,21.400000000000002,3,controller_to_actual_cmd,,0.620875,
23.166168755,21.400000000000002,3,control_period,21.4,49.99999999999716,
23.166529412000003,21.400000000000002,1,controller_to_actual_cmd,,0.62819,
23.170903771000003,21.405,1,camera_to_measurement,21.385,11.884481,True
23.171094932000003,21.405,1,detector_inference,,11.096864700317383,
23.175887300000003,21.41,2,detector_inference,,11.219024658203125,
23.176619612000003,21.41,2,camera_to_measurement,21.385,14.314226,True
23.215472511,21.450000000000003,2,measurement_to_controller_cmd,,38.852899,True
23.215631197,21.450000000000003,2,controller_to_actual_cmd,,0.158686,
23.215791984000003,21.450000000000003,2,control_period,21.45,50.00000000000071,
23.215970568000003,21.450000000000003,3,controller_to_actual_cmd,,0.073521,
23.216072716000003,21.450000000000003,3,control_period,21.45,50.00000000000071,
23.216672287,21.450000000000003,1,measurement_to_controller_cmd,,45.768516,True
23.216764547,21.450000000000003,1,controller_to_actual_cmd,,0.09226,
23.21686451,21.450000000000003,1,control_period,21.45,50.00000000000071,
23.241137133000002,21.475,1,detector_inference,,7.837273120880127,
23.265647665000003,21.5,1,measurement_to_controller_cmd,,24.083548999999998,True
23.265719409000003,21.5,1,controller_to_actual_cmd,,0.071744,
23.265794758000002,21.5,1,control_period,21.5,50.00000000000071,
23.265871179,21.5,2,controller_to_actual_cmd,,0.029712,
23.265917773,21.5,2,control_period,21.5,50.00000000000071,
23.266303139,21.5,3,controller_to_actual_cmd,,0.035563,
23.266357286,21.5,3,control_period,21.5,50.00000000000071,
23.305458423,21.540000000000003,1,camera_to_measurement,21.52,11.24503,True
23.305551011000002,21.540000000000003,1,detector_inference,,8.432221412658691,
23.315106386,21.55,1,measurement_to_controller_cmd,,9.647962999999999,True
23.315264482,21.55,1,control_period,21.55,50.00000000000071,
23.315511599,21.55,2,control_period,21.55,50.00000000000071,
23.315699743,21.55,3,controller_to_actual_cmd,,0.075413,
23.315808329000003,21.55,3,control_period,21.55,50.00000000000071,
23.316468337,21.55,1,controller_to_actual_cmd,,1.361951,
23.316591601000002,21.55,2,controller_to_actual_cmd,,1.219687,
23.367172728,21.6,1,controller_to_actual_cmd,,1.055475,
23.367308756,21.6,1,control_period,21.6,50.00000000000071,
23.370183108000003,21.6,2,control_period,21.6,50.00000000000071,
23.371151230000002,21.605,2,controller_to_actual_cmd,,4.956414,
23.371317312000002,21.605,3,controller_to_actual_cmd,,0.078028,
23.371449197,21.605,3,control_period,21.6,50.00000000000071,
23.372130754,21.605,1,camera_to_measurement,21.585,12.863121,True
23.37221913,21.605,1,detector_inference,,10.447304725646973,
23.386615501,21.62,3,camera_to_measurement,21.585,9.691352,True
23.386743484,21.62,3,detector_inference,,8.480413436889648,
23.387893316000003,21.62,2,camera_to_measurement,21.585,18.178175,True
23.388008506000002,21.62,2,detector_inference,,16.263057708740234,
23.415399179,21.650000000000002,1,measurement_to_controller_cmd,,43.268425,True
23.415487946000002,21.650000000000002,2,measurement_to_controller_cmd,,27.59463,True
23.415551542000003,21.650000000000002,2,controller_to_actual_cmd,,0.063596,
23.415627165,21.650000000000002,2,control_period,21.65,49.99999999999716,
23.415679814,21.650000000000002,3,measurement_to_controller_cmd,,29.064313,True
23.415724984,21.650000000000002,3,controller_to_actual_cmd,,0.045169999999999995,
23.415777102,21.650000000000002,3,control_period,21.65,49.99999999999716,
23.416164522000003,21.650000000000002,1,controller_to_actual_cmd,,0.765343,
23.416246676,21.650000000000002,1,control_period,21.65,49.99999999999716,
23.438032188,21.67,2,detector_inference,,8.788616180419922,
23.438721269000002,21.67,2,camera_to_measurement,21.65,10.588614999999999,True
23.445747909,21.68,3,detector_inference,,8.52236557006836,
23.446149587,21.68,3,camera_to_measurement,21.65,10.356864,True
23.465888208000003,21.700000000000003,1,control_period,21.7,50.00000000000071,
23.465943063,21.700000000000003,2,measurement_to_controller_cmd,,27.221794,True
23.465985193,21.700000000000003,2,controller_to_actual_cmd,,0.04213,
23.466033759000002,21.700000000000003,2,control_period,21.7,50.00000000000071,
23.466073571000003,21.700000000000003,3,measurement_to_controller_cmd,,19.923984,True
23.466380411000003,21.700000000000003,1,controller_to_actual_cmd,,0.570247,
23.466424577,21.700000000000003,3,controller_to_actual_cmd,,0.351006,
23.466470775,21.700000000000003,3,control_period,21.7,50.00000000000071,
23.505995548,21.740000000000002,1,detector_inference,,14.234455108642578,
23.506595113000003,21.740000000000002,1,camera_to_measurement,21.715,16.603941,True
23.510090425,21.745,3,camera_to_measurement,21.715,10.703173999999999,True
23.510214366000003,21.745,3,detector_inference,,8.191330909729004,
23.515059620000002,21.75,1,measurement_to_controller_cmd,,8.464507,True
23.515183171,21.75,1,control_period,21.75,50.00000000000071,
23.515315307,21.75,2,control_period,21.75,50.00000000000071,
23.515376886000002,21.75,3,measurement_to_controller_cmd,,5.286461,True
23.515447788000003,21.75,3,control_period,21.75,50.00000000000071,
23.515776299000002,21.75,1,controller_to_actual_cmd,,0.716679,
23.515820404000003,21.75,2,controller_to_actual_cmd,,0.56834,
23.515866272,21.75,3,controller_to_actual_cmd,,0.489386,
23.565602599,21.8,1,control_period,21.8,50.00000000000071,
23.565859094,21.8,2,controller_to_actual_cmd,,0.09464399999999999,
23.565989999000003,21.8,2,control_period,21.8,50.00000000000071,
23.566768002,21.8,1,controller_to_actual_cmd,,1.358066,
23.566847042000003,21.8,3,controller_to_actual_cmd,,0.7334189999999999,
23.566917485,21.8,3,control_period,21.8,50.00000000000071,
23.567284081,21.8,2,camera_to_measurement,21.785,8.900366,True
23.567345947,21.8,2,detector_inference,,7.881065845489502,
23.615234525,21.85,1,control_period,21.85,50.00000000000071,
23.615293230000002,21.85,2,measurement_to_controller_cmd,,48.009149,True
23.615336218000003,21.85,2,controller_to_actual_cmd,,0.042988,
23.615385586000002,21.85,2,control_period,21.85,50.00000000000071,
23.615460397000003,21.85,3,control_period,21.85,50.00000000000071,
23.615893486,21.85,1,controller_to_actual_cmd,,0.729529,
23.615960602,21.85,3,controller_to_actual_cmd,,0.536737,
23.644120254,21.880000000000003,1,detector_inference,,16.946027755737305,
23.644196132,21.880000000000003,3,detector_inference,,9.233247756958008,
23.664590985,21.900000000000002,3,measurement_to_controller_cmd,,19.705336,True
23.665070479,21.900000000000002,1,measurement_to_controller_cmd,,20.25631,True
23.665136247000003,21.900000000000002,1,control_period,21.9,49.99999999999716,
23.665204698,21.900000000000002,3,control_period,21.9,49.99999999999716,
23.665528050000002,21.900000000000002,1,controller_to_actual_cmd,,0.457571,
23.665574788,21.900000000000002,2,controller_to_actual_cmd,,0.402757,
23.665620093,21.900000000000002,2,control_period,21.9,49.99999999999716,
23.665656821000002,21.900000000000002,3,controller_to_actual_cmd,,1.065836,
23.700902422000002,21.935000000000002,1,detector_inference,,9.728535652160645,
23.714903087,21.950000000000003,2,control_period,21.95,50.00000000000071,
23.714973951,21.950000000000003,3,controller_to_actual_cmd,,0.027159,
23.715015230000002,21.950000000000003,3,control_period,21.95,50.00000000000071,
23.715285660000003,21.950000000000003,1,measurement_to_controller_cmd,,13.792043,True
23.715322204000003,21.950000000000003,1,controller_to_actual_cmd,,0.036544,
23.715360418000003,21.950000000000003,1,control_period,21.95,50.00000000000071,
23.715391496000002,21.950000000000003,2,controller_to_actual_cmd,,0.5466099999999999,
23.765974643,22.0,3,control_period,22.0,50.00000000000071,
23.766860764,22.0,1,camera_to_measurement,21.98,14.244211,True
23.767023088000002,22.0,1,detector_inference,,12.427563667297363,
23.767162553000002,22.0,1,measurement_to_controller_cmd,,0.301789,True
23.767304527,22.0,1,control_period,22.0,50.00000000000071,
23.767486958000003,22.0,2,control_period,22.0,50.00000000000071,
23.767612378000003,22.0,3,controller_to_actual_cmd,,1.7808789999999999,
23.768315505,22.0,1,controller_to_actual_cmd,,1.152952,
23.768464022,22.0,2,camera_to_measurement,21.98,12.823502,True
23.768602653000002,22.0,2,detector_inference,,10.943221092224121,
23.768727152,22.0,2,controller_to_actual_cmd,,3.00956,
23.773952261,22.005000000000003,3,detector_inference,,11.46495532989502,
23.774828121000002,22.01,3,camera_to_measurement,21.98,13.95455,True
23.817018140000002,22.05,3,measurement_to_controller_cmd,,42.190019,True
23.817793819000002,22.05,1,controller_to_actual_cmd,,0.908612,
23.817910713,22.05,1,control_period,22.05,50.00000000000071,
23.817954516,22.05,2,measurement_to_controller_cmd,,49.490494,True
23.81799193,22.05,2,controller_to_actual_cmd,,0.037413999999999996,
23.818034073,22.05,2,control_period,22.05,50.00000000000071,
23.818071777,22.05,3,controller_to_actual_cmd,,1.053637,
23.818111622,22.05,3,control_period,22.05,50.00000000000071,
23.837817834000003,22.07,1,detector_inference,,16.328088760375977,
23.84178491,22.075000000000003,2,detector_inference,,15.926799774169922,
23.842239762000002,22.075000000000003,2,camera_to_measurement,22.045,18.537771,True
23.842618087,22.075000000000003,3,detector_inference,,11.717361450195312,
23.843023067,22.075000000000003,3,camera_to_measurement,22.045,13.622078,True
23.864963875,22.1,2,measurement_to_controller_cmd,,22.724113,True
23.865103421,22.1,2,control_period,22.1,50.00000000000071,
23.865197766,22.1,3,measurement_to_controller_cmd,,22.174699,True
23.865302797000002,22.1,3,control_period,22.1,50.00000000000071,
23.865896012,22.1,1,measurement_to_controller_cmd,,27.458063,True
23.865983896000003,22.1,1,controller_to_actual_cmd,,0.08788399999999999,
23.866091546,22.1,1,control_period,22.1,50.00000000000071,
23.866166247000002,22.1,2,controller_to_actual_cmd,,1.202372,
23.866234422,22.1,3,controller_to_actual_cmd,,1.036656,
23.907658321000003,22.14,2,detector_inference,,13.858756065368652,
23.907757535000002,22.14,3,detector_inference,,7.872692108154297,
23.908360415,22.14,2,camera_to_measurement,22.115,15.579825999999999,True
23.908429372,22.14,3,camera_to_measurement,22.115,9.740693,True
23.915063807000003,22.150000000000002,1,control_period,22.15,49.99999999999716,
23.915142469000003,22.150000000000002,2,measurement_to_controller_cmd,,6.782054,True
23.915216976,22.150000000000002,2,control_period,22.15,49.99999999999716,
23.915279896,22.150000000000002,3,measurement_to_controller_cmd,,6.850524,True
23.915347087,22.150000000000002,3,control_period,22.15,49.99999999999716,
23.915940316,22.150000000000002,1,controller_to_actual_cmd,,0.966982,
23.916016186,22.150000000000002,2,controller_to_actual_cmd,,0.873717,
23.916091539,22.150000000000002,3,controller_to_actual_cmd,,0.811643,
23.966304174,22.200000000000003,2,controller_to_actual_cmd,,0.11561199999999999,
23.966517366,22.200000000000003,2,control_period,22.2,50.00000000000071,
23.966765596000002,22.200000000000003,3,control_period,22.2,50.00000000000071,
23.967781709,22.200000000000003,1,control_period,22.2,50.00000000000071,
23.967891247,22.200000000000003,3,controller_to_actual_cmd,,1.238999,
23.968637519,22.200000000000003,1,controller_to_actual_cmd,,0.9808779999999999,
23.970483742000003,22.205000000000002,2,detector_inference,,12.97591495513916,
23.971372125000002,22.205000000000002,1,camera_to_measurement,22.18,19.507139,True
23.971538725000002,22.205000000000002,1,detector_inference,,16.75709342956543,
23.971680617,22.205000000000002,2,camera_to_measurement,22.18,16.245146,True
23.972465017,22.205000000000002,3,detector_inference,,13.532562255859375,
24.016227462,22.25,1,measurement_to_controller_cmd,,44.855337,True
24.016420335000003,22.25,1,control_period,22.25,50.00000000000071,
24.016471914,22.25,2,measurement_to_controller_cmd,,44.791297,True
24.016534215,22.25,2,controller_to_actual_cmd,,0.062300999999999995,
24.016589416000002,22.25,2,control_period,22.25,50.00000000000071,
24.016653718,22.25,3,measurement_to_controller_cmd,,44.273708,True
24.016694452000003,22.25,3,control_period,22.25,50.00000000000071,
24.017040993000002,22.25,3,controller_to_actual_cmd,,0.387275,
24.021931777000002,22.255000000000003,1,controller_to_actual_cmd,,5.704314999999999,
24.038398143000002,22.270000000000003,2,camera_to_measurement,22.245,14.577677999999999,True
24.038512565,22.270000000000003,2,detector_inference,,13.154611587524414,
24.065012725000003,22.3,2,measurement_to_controller_cmd,,26.614582,True
24.065175139,22.3,2,control_period,22.3,50.00000000000071,
24.065891923000002,22.3,1,controller_to_actual_cmd,,0.073951,
24.066004036000002,22.3,1,control_period,22.3,50.00000000000071,
24.066080743,22.3,2,controller_to_actual_cmd,,1.068018,
24.066224445000003,22.3,3,controller_to_actual_cmd,,0.057954,
24.066306863,22.3,3,control_period,22.3,50.00000000000071,
24.100892823000002,22.335,1,camera_to_measurement,22.31,15.505898,True
24.100964213,22.335,1,detector_inference,,12.737351417541504,
24.101772878000002,22.335,2,camera_to_measurement,22.31,11.473343,True
24.101866174,22.335,2,detector_inference,,9.728882789611816,
24.10742911,22.34,3,detector_inference,,6.658677101135254,
24.10781373,22.34,3,camera_to_measurement,22.31,8.255995,True
24.114519177000002,22.35,1,measurement_to_controller_cmd,,13.626354,True
24.115003981,22.35,1,controller_to_actual_cmd,,0.48480399999999996,
24.115079352000002,22.35,1,control_period,22.35,50.00000000000071,
24.115152202,22.35,3,measurement_to_controller_cmd,,7.338471999999999,True
24.115274694,22.35,3,controller_to_actual_cmd,,0.12249199999999999,
24.115356869000003,22.35,3,control_period,22.35,50.00000000000071,
24.116026436000002,22.35,2,measurement_to_controller_cmd,,14.253558,True
24.116134775000003,22.35,2,controller_to_actual_cmd,,0.10833899999999999,
24.116253312,22.35,2,control_period,22.35,50.00000000000071,
24.158744529,22.39,1,detector_inference,,10.400081634521484,
24.160003319,22.395000000000003,3,camera_to_measurement,22.375,8.283743,True
24.160109338,22.395000000000003,3,detector_inference,,6.682781219482422,
24.165272475000002,22.400000000000002,1,measurement_to_controller_cmd,,6.6455459999999995,True
24.165383015,22.400000000000002,1,controller_to_actual_cmd,,0.11054,
24.16553919,22.400000000000002,1,control_period,22.4,49.99999999999716,
24.165728635,22.400000000000002,2,controller_to_actual_cmd,,0.080425,
24.165836848,22.400000000000002,2,control_period,22.4,49.99999999999716,
24.166449419000003,22.400000000000002,3,measurement_to_controller_cmd,,6.4460999999999995,True
24.166556306,22.400000000000002,3,controller_to_actual_cmd,,0.106887,
24.166657755000003,22.400000000000002,3,control_period,22.4,49.99999999999716,
24.216189287000002,22.450000000000003,1,control_period,22.45,50.00000000000071,
24.216355046,22.450000000000003,2,control_period,22.45,50.00000000000071,
24.216454592,22.450000000000003,3,controller_to_actual_cmd,,0.039091999999999995,
24.216544932,22.450000000000003,3,control_period,22.45,50.00000000000071,
24.217095464,22.450000000000003,1,controller_to_actual_cmd,,1.025487,
24.217179791000003,22.450000000000003,2,controller_to_actual_cmd,,0.8976569999999999,
24.24253728,22.475,2,detector_inference,,12.522993087768555,
24.243249185,22.475,2,camera_to_measurement,22.445,15.070603,True
24.243810736,22.475,3,camera_to_measurement,22.445,9.773761,True
24.24390585,22.475,3,detector_inference,,8.256967544555664,
24.264933479,22.5,3,measurement_to_controller_cmd,,21.122743,True
24.265653243000003,22.5,1,control_period,22.5,50.00000000000071,
24.265705428,22.5,2,measurement_to_controller_cmd,,22.456243,True
24.26574344,22.5,2,controller_to_actual_cmd,,0.038012,
24.265786560000002,22.5,2,control_period,22.5,50.00000000000071,
24.265822615,22.5,3,controller_to_actual_cmd,,0.8891359999999999,
24.265861153000003,22.5,3,control_period,22.5,50.00000000000071,
24.266168983,22.5,1,controller_to_actual_cmd,,0.6058359999999999,
24.293645315000003,22.525000000000002,1,detector_inference,,7.744260787963867,
24.29475214,22.53,1,camera_to_measurement,22.51,10.801438,True
24.305454499000003,22.540000000000003,3,camera_to_measurement,22.51,8.352865999999999,True
24.305600990000002,22.540000000000003,3,detector_inference,,7.189044952392578,
24.314887313,22.55,1,measurement_to_controller_cmd,,20.135172999999998,True
24.314980475000002,22.55,1,control_period,22.55,50.00000000000071,
24.315065741,22.55,2,control_period,22.55,50.00000000000071,
24.315106976000003,22.55,3,measurement_to_controller_cmd,,9.652477,True
24.315148920000002,22.55,3,control_period,22.55,50.00000000000071,
24.315702528000003,22.55,1,controller_to_actual_cmd,,0.8152149999999999,
24.315831576,22.55,2,controller_to_actual_cmd,,0.807221,
24.315931260000003,22.55,3,controller_to_actual_cmd,,0.824284,
24.354641245,22.585,1,detector_inference,,7.293363094329834,
24.355493355,22.59,1,camera_to_measurement,22.575,9.335009,True
24.365786794,22.6,1,measurement_to_controller_cmd,,10.293439,True
24.366148243,22.6,1,controller_to_actual_cmd,,0.36144899999999996,
24.366220501,22.6,1,control_period,22.6,50.00000000000071,
24.366307794,22.6,3,controller_to_actual_cmd,,0.032466999999999996,
24.36634982,22.6,3,control_period,22.6,50.00000000000071,
24.367010351,22.6,2,control_period,22.6,50.00000000000071,
24.367064019,22.6,3,camera_to_measurement,22.575,8.431414,True
24.367121601,22.6,3,detector_inference,,6.690570831298828,
24.36739298,22.6,2,controller_to_actual_cmd,,0.692203,
24.417286823,22.650000000000002,1,controller_to_actual_cmd,,0.038672,
24.417420540000002,22.650000000000002,1,control_period,22.65,49.99999999999716,
24.417748424000003,22.650000000000002,2,controller_to_actual_cmd,,0.114189,
24.417937669,22.650000000000002,2,control_period,22.65,49.99999999999716,
24.418099163,22.650000000000002,3,measurement_to_controller_cmd,,51.035143999999995,True
24.418233381,22.650000000000002,3,controller_to_actual_cmd,,0.134218,
24.418373340000002,22.650000000000002,3,control_period,22.65,49.99999999999716,
24.426532313000003,22.66,2,detector_inference,,8.787176132202148,
24.427236665000002,22.66,2,camera_to_measurement,22.64,11.017605,True
24.438831763000003,22.67,3,detector_inference,,13.938859939575195,
24.439449787,22.675,3,camera_to_measurement,22.64,16.731073,True
24.465581947,22.700000000000003,2,measurement_to_controller_cmd,,38.345282,True
24.465698408,22.700000000000003,2,control_period,22.7,50.00000000000071,
24.46577259,22.700000000000003,3,measurement_to_controller_cmd,,26.322803,True
24.466415269000002,22.700000000000003,1,controller_to_actual_cmd,,0.9031389999999999,
24.466493248000003,22.700000000000003,1,control_period,22.7,50.00000000000071,
24.466534962,22.700000000000003,2,controller_to_actual_cmd,,0.953015,
24.466575183,22.700000000000003,3,controller_to_actual_cmd,,0.802593,
24.466629187000002,22.700000000000003,3,control_period,22.7,50.00000000000071,
24.497426665000003,22.73,2,detector_inference,,9.74692153930664,
24.497841919000003,22.73,2,camera_to_measurement,22.705,10.984827,True
24.500088533000003,22.735000000000003,1,detector_inference,,19.973779678344727,
24.500557626000003,22.735000000000003,1,camera_to_measurement,22.705,21.617929,True
24.514594050000003,22.75,1,measurement_to_controller_cmd,,14.036424,True
24.514677397,22.75,1,control_period,22.75,50.00000000000071,
24.514980533000003,22.75,1,controller_to_actual_cmd,,0.38648299999999997,
24.515025217,22.75,2,measurement_to_controller_cmd,,17.183298,True
24.515065114000002,22.75,2,controller_to_actual_cmd,,0.039896999999999995,
24.515136938,22.75,2,control_period,22.75,50.00000000000071,
24.516067401,22.75,3,controller_to_actual_cmd,,0.33235,
24.516133962,22.75,3,control_period,22.75,50.00000000000071,
24.560093185000003,22.795,1,detector_inference,,11.151857376098633,
24.561571127,22.795,1,camera_to_measurement,22.775,13.789221,True
24.562062571000002,22.795,2,camera_to_measurement,22.775,10.308118,True
24.562139898,22.795,2,detector_inference,,7.657113075256348,
24.565131274000002,22.8,1,measurement_to_controller_cmd,,3.5601469999999997,True
24.565233936000002,22.8,2,measurement_to_controller_cmd,,3.1713649999999998,True
24.565392034000002,22.8,2,control_period,22.8,50.00000000000071,
24.566085618000002,22.8,1,controller_to_actual_cmd,,0.954344,
24.566205124000003,22.8,1,control_period,22.8,50.00000000000071,
24.566251824000002,22.8,2,controller_to_actual_cmd,,1.017888,
24.566334446000003,22.8,3,controller_to_actual_cmd,,0.036226999999999995,
24.566386438000002,22.8,3,control_period,22.8,50.00000000000071,
24.615565308,22.85,1,controller_to_actual_cmd,,0.720366,
24.615657622,22.85,1,control_period,22.85,50.00000000000071,
24.617151122000003,22.85,2,control_period,22.85,50.00000000000071,
24.617214190000002,22.85,3,controller_to_actual_cmd,,2.292227,
24.617255659,22.85,3,control_period,22.85,50.00000000000071,
24.617613127000002,22.85,2,controller_to_actual_cmd,,2.7263409999999997,
24.63294406,22.865000000000002,3,detector_inference,,10.034753799438477,
24.633485989,22.865000000000002,3,camera_to_measurement,22.84,12.966102999999999,True
24.636422132,22.87,2,detector_inference,,17.77576446533203,
24.636886856,22.87,2,camera_to_measurement,22.84,19.989282,True
24.665652772,22.900000000000002,1,control_period,22.9,49.99999999999716,
24.665800247,22.900000000000002,2,measurement_to_controller_cmd,,28.913390999999997,True
24.665933879,22.900000000000002,2,controller_to_actual_cmd,,0.133632,
24.666083893000003,22.900000000000002,2,control_period,22.9,49.99999999999716,
24.66623212,22.900000000000002,3,measurement_to_controller_cmd,,32.746131,True
24.666337008000003,22.900000000000002,3,controller_to_actual_cmd,,0.104888,
24.666455854000002,22.900000000000002,3,control_period,22.9,49.99999999999716,
24.667275897000003,22.900000000000002,1,controller_to_actual_cmd,,1.783723,
24.697635456,22.93,1,detector_inference,,17.710975646972656,
24.698110836,22.93,1,camera_to_measurement,22.905,20.34135,True
24.702944792,22.935000000000002,3,detector_inference,,12.042299270629883,
24.703645851,22.935000000000002,3,camera_to_measurement,22.905,15.217965999999999,True
24.71492681,22.950000000000003,2,controller_to_actual_cmd,,0.069453,
24.715045647,22.950000000000003,2,control_period,22.95,50.00000000000071,
24.715143438000002,22.950000000000003,3,measurement_to_controller_cmd,,11.497587,True
24.715224646000003,22.950000000000003,3,controller_to_actual_cmd,,0.081208,
24.715327015000003,22.950000000000003,3,control_period,22.95,50.00000000000071,
24.715725411,22.950000000000003,1,measurement_to_controller_cmd,,17.614575,True
24.715771150000002,22.950000000000003,1,controller_to_actual_cmd,,0.045738999999999995,
24.715815988000003,22.950000000000003,1,control_period,22.95,50.00000000000071,
24.752194169000003,22.985000000000003,1,detector_inference,,9.547589302062988,
24.752622453,22.985000000000003,1,camera_to_measurement,22.97,11.222386,True
24.761246977000003,22.995,2,camera_to_measurement,22.97,16.173005,True
24.761343416000003,22.995,2,detector_inference,,13.24674129486084,
24.761757913,22.995,3,camera_to_measurement,22.97,12.761463,True
24.761808073,22.995,3,detector_inference,,9.828130722045898,
24.765981202000003,23.0,1,measurement_to_controller_cmd,,13.358749,True
24.766150000000003,23.0,1,control_period,23.0,50.00000000000071,
24.766266753,23.0,2,measurement_to_controller_cmd,,5.019775999999999,True
24.766344333000003,23.0,2,controller_to_actual_cmd,,0.07758,
24.766424804000003,23.0,2,control_period,23.0,50.00000000000071,
24.766503673000003,23.0,3,measurement_to_controller_cmd,,4.74576,True
24.766580512,23.0,3,control_period,23.0,50.00000000000071,
24.767153115000003,23.0,1,controller_to_actual_cmd,,1.171913,
24.767209827000002,23.0,3,controller_to_actual_cmd,,0.706154,
24.816153024000002,23.05,1,controller_to_actual_cmd,,0.074491,
24.816316076000003,23.05,1,control_period,23.05,50.00000000000071,
24.816472876000002,23.05,2,controller_to_actual_cmd,,0.061335,
24.816660666,23.05,2,control_period,23.05,50.00000000000071,
24.816927015,23.05,3,control_period,23.05,50.00000000000071,
24.817639744,23.05,3,controller_to_actual_cmd,,0.828967,
24.820001866000002,23.055,1,camera_to_measurement,23.035,11.132373,True
24.820122862,23.055,1,detector_inference,,8.994059562683105,
24.865960717,23.1,2,control_period,23.1,50.00000000000071,
24.866168100000003,23.1,3,controller_to_actual_cmd,,0.07875,
24.866298637,23.1,3,control_period,23.1,50.00000000000071,
24.867078249000002,23.1,1,measurement_to_controller_cmd,,47.076383,True
24.867170767,23.1,1,controller_to_actual_cmd,,0.09251799999999999,
24.867239597,23.1,1,control_period,23.1,50.00000000000071,
24.867285084000002,23.1,2,controller_to_actual_cmd,,1.4658449999999998,
24.891226771000003,23.125,1,detector_inference,,7.561737060546875,
24.897905625,23.130000000000003,3,detector_inference,,7.311723232269287,
24.898614963,23.130000000000003,3,camera_to_measurement,23.105,9.079571999999999,True
24.914747003000002,23.150000000000002,3,measurement_to_controller_cmd,,16.13204,True
24.915119648,23.150000000000002,2,controller_to_actual_cmd,,0.41032599999999997,
24.915223291,23.150000000000002,2,control_period,23.15,49.99999999999716,
24.915286313000003,23.150000000000002,3,controller_to_actual_cmd,,0.53931,
24.915350587000002,23.150000000000002,3,control_period,23.15,49.99999999999716,
24.91567285,23.150000000000002,1,measurement_to_controller_cmd,,24.53022,True
24.915726514000003,23.150000000000002,1,control_period,23.15,49.99999999999716,
24.915980655000002,23.150000000000002,1,controller_to_actual_cmd,,0.307805,
24.952139321,23.185000000000002,1,detector_inference,,8.089913368225098,
24.952958419,23.185000000000002,1,camera_to_measurement,23.17,10.485776,True
24.965117833,23.200000000000003,1,measurement_to_controller_cmd,,12.159414,True
24.965236384,23.200000000000003,1,control_period,23.2,50.00000000000071,
24.965366109,23.200000000000003,2,control_period,23.2,50.00000000000071,
24.965498472,23.200000000000003,3,control_period,23.2,50.00000000000071,
24.966011238,23.200000000000003,1,controller_to_actual_cmd,,0.893405,
24.966074292000002,23.200000000000003,2,controller_to_actual_cmd,,0.772959,
24.966113851000003,23.200000000000003,3,controller_to_actual_cmd,,0.688611,
25.016310816,23.25,2,controller_to_actual_cmd,,0.064423,
25.016429779000003,23.25,2,control_period,23.25,50.00000000000071,
25.016607923000002,23.25,3,control_period,23.25,50.00000000000071,
25.017408816000003,23.25,1,controller_to_actual_cmd,,0.07918399999999999,
25.017546254000003,23.25,1,control_period,23.25,50.00000000000071,
25.020653048,23.255000000000003,3,controller_to_actual_cmd,,4.117318,
25.031615983000002,23.265,2,detector_inference,,14.429348945617676,
25.032046726,23.265,1,detector_inference,,20.244304656982422,
25.032140546,23.265,2,camera_to_measurement,23.235,18.805818,True
25.032554819,23.265,1,camera_to_measurement,23.235,22.89794,True
25.042193183000002,23.275000000000002,3,detector_inference,,20.328046798706055,
25.042626651000003,23.275000000000002,3,camera_to_measurement,23.235,23.225317999999998,True
25.065215187000003,23.3,1,measurement_to_controller_cmd,,32.660368,True
25.065271182,23.3,1,controller_to_actual_cmd,,0.055994999999999996,
25.065345918000002,23.3,1,control_period,23.3,50.00000000000071,
25.065385968,23.3,2,measurement_to_controller_cmd,,33.245422,True
25.065420189,23.3,2,controller_to_actual_cmd,,0.034221,
25.065453598,23.3,3,measurement_to_controller_cmd,,22.826947,True
25.065499529,23.3,3,controller_to_actual_cmd,,0.045931,
25.065540336,23.3,3,control_period,23.3,50.00000000000071,
25.065898670000003,23.3,2,control_period,23.3,50.00000000000071,
25.091582658,23.325000000000003,2,detector_inference,,10.069474220275879,
25.092336715000002,23.325000000000003,1,camera_to_measurement,23.3,16.781250999999997,True
25.092471806000002,23.325000000000003,1,detector_inference,,14.887415885925293,
25.092608431000002,23.325000000000003,2,camera_to_measurement,23.3,12.185454,True
25.114254619,23.35,2,measurement_to_controller_cmd,,21.646188,True
25.114955269000003,23.35,1,measurement_to_controller_cmd,,22.618554,True
25.11505327,23.35,1,controller_to_actual_cmd,,0.09800099999999999,
25.115168429,23.35,1,control_period,23.35,50.00000000000071,
25.115257272,23.35,2,controller_to_actual_cmd,,1.002653,
25.115304847,23.35,2,control_period,23.35,50.00000000000071,
25.115372917000002,23.35,3,controller_to_actual_cmd,,0.024848,
25.115407273000002,23.35,3,control_period,23.35,50.00000000000071,
25.154806764,23.39,1,camera_to_measurement,23.365,17.785055,True
25.154942929,23.39,1,detector_inference,,15.293441772460938,
25.156303399000002,23.39,2,detector_inference,,13.670646667480469,
25.157081206,23.39,2,camera_to_measurement,23.365,16.569084999999998,True
25.157254767,23.39,3,camera_to_measurement,23.365,10.709555,True
25.157376926,23.39,3,detector_inference,,9.526294708251953,
25.165569841,23.400000000000002,1,measurement_to_controller_cmd,,10.763077,True
25.165633451,23.400000000000002,1,controller_to_actual_cmd,,0.06361,
25.165707086,23.400000000000002,1,control_period,23.4,49.99999999999716,
25.165763942,23.400000000000002,2,measurement_to_controller_cmd,,8.682736,True
25.165817022000002,23.400000000000002,2,controller_to_actual_cmd,,0.053079999999999995,
25.165866154000003,23.400000000000002,2,control_period,23.4,49.99999999999716,
25.166207881000002,23.400000000000002,3,measurement_to_controller_cmd,,8.953114,True
25.166251231,23.400000000000002,3,controller_to_actual_cmd,,0.04335,
25.166298404000003,23.400000000000002,3,control_period,23.4,49.99999999999716,
25.217820058,23.450000000000003,2,control_period,23.45,50.00000000000071,
25.218047138000003,23.450000000000003,3,controller_to_actual_cmd,,0.0871,
25.218204211000003,23.450000000000003,3,control_period,23.45,50.00000000000071,
25.219350572000003,23.455000000000002,1,controller_to_actual_cmd,,1.785699,
25.219553731,23.455000000000002,1,control_period,23.45,50.00000000000071,
25.219695952000002,23.455000000000002,2,controller_to_actual_cmd,,2.0242459999999998,
25.231259308000002,23.465,1,detector_inference,,17.986005783081055,
25.232163698,23.465,1,camera_to_measurement,23.435,20.307539,True
25.232413181000002,23.465,2,detector_inference,,10.086424827575684,
25.244963032,23.48,3,detector_inference,,15.536892890930176,
25.264943505,23.5,1,measurement_to_controller_cmd,,32.779807,True
25.265201004,23.5,1,control_period,23.5,50.00000000000071,
25.265377400000002,23.5,2,measurement_to_controller_cmd,,33.052459,True
25.265562384000003,23.5,2,control_period,23.5,50.00000000000071,
25.266149979,23.5,1,controller_to_actual_cmd,,1.206474,
25.266211951000003,23.5,3,measurement_to_controller_cmd,,21.336294,True
25.266727675000002,23.5,2,controller_to_actual_cmd,,1.350275,
25.266818229000002,23.5,3,controller_to_actual_cmd,,0.606278,
25.266905001,23.5,3,control_period,23.5,50.00000000000071,
25.298644341000003,23.53,2,detector_inference,,13.71909236907959,
25.298812341,23.53,3,detector_inference,,9.871635437011719,
25.299617843,23.53,2,camera_to_measurement,23.5,17.26917,True
25.299803908,23.53,3,camera_to_measurement,23.5,13.861987,True
25.314738382,23.55,2,measurement_to_controller_cmd,,15.120538999999999,True
25.314837635,23.55,2,control_period,23.55,50.00000000000071,
25.314883139000003,23.55,3,measurement_to_controller_cmd,,15.079231,True
25.314938996000002,23.55,3,control_period,23.55,50.00000000000071,
25.315393435,23.55,3,controller_to_actual_cmd,,0.510296,
25.315864125,23.55,1,control_period,23.55,50.00000000000071,
25.315919531000002,23.55,2,controller_to_actual_cmd,,1.181149,
25.316245465,23.55,1,controller_to_actual_cmd,,0.438345,
25.35484422,23.59,1,camera_to_measurement,23.565,16.844687999999998,True
25.354948199000003,23.59,1,detector_inference,,15.149789810180664,
25.355005154,23.59,2,detector_inference,,11.547496795654297,
25.355639539000002,23.59,2,camera_to_measurement,23.565,14.623249,True
25.356871390000002,23.59,3,detector_inference,,6.29066801071167,
25.357311668,23.59,3,camera_to_measurement,23.565,8.972610999999999,True
25.365472514,23.6,1,measurement_to_controller_cmd,,10.628294,True
25.365569192000002,23.6,1,controller_to_actual_cmd,,0.096678,
25.36567162,23.6,1,control_period,23.6,50.00000000000071,
25.365754789,23.6,3,measurement_to_controller_cmd,,8.443121,True
25.365840140000003,23.6,3,control_period,23.6,50.00000000000071,
25.366265564000003,23.6,2,measurement_to_controller_cmd,,10.626025,True
25.366316739000002,23.6,2,controller_to_actual_cmd,,0.051175,
25.3663752,23.6,2,control_period,23.6,50.00000000000071,
25.366420404000003,23.6,3,controller_to_actual_cmd,,0.665615,
25.416815109,23.650000000000002,1,controller_to_actual_cmd,,0.099011,
25.416969746000003,23.650000000000002,1,control_period,23.65,49.99999999999716,
25.417151201000003,23.650000000000002,2,controller_to_actual_cmd,,0.07485399999999999,
25.417264612,23.650000000000002,2,control_period,23.65,49.99999999999716,
25.417435132,23.650000000000002,3,controller_to_actual_cmd,,0.07424,
25.417552718000003,23.650000000000002,3,control_period,23.65,49.99999999999716,
25.420215942000002,23.655,1,camera_to_measurement,23.63,15.561428999999999,True
25.420318192,23.655,1,detector_inference,,13.524664878845215,
25.426155703000003,23.66,2,detector_inference,,14.147316932678223,
25.42681346,23.66,3,camera_to_measurement,23.63,11.39864,True
25.426868274,23.66,3,detector_inference,,9.687952041625977,
25.465547358000002,23.700000000000003,2,measurement_to_controller_cmd,,38.793901,True
25.465669796,23.700000000000003,2,control_period,23.7,50.00000000000071,
25.465735881,23.700000000000003,3,measurement_to_controller_cmd,,38.922421,True
25.465787067,23.700000000000003,3,control_period,23.7,50.00000000000071,
25.466420533,23.700000000000003,1,measurement_to_controller_cmd,,46.204591,True
25.466519242,23.700000000000003,1,control_period,23.7,50.00000000000071,
25.466583157000002,23.700000000000003,2,controller_to_actual_cmd,,1.035799,
25.466641878,23.700000000000003,3,controller_to_actual_cmd,,0.9059969999999999,
25.469346497,23.700000000000003,1,controller_to_actual_cmd,,2.925964,
25.485096925,23.720000000000002,1,camera_to_measurement,23.695,16.519697999999998,True
25.485213569000003,23.720000000000002,1,detector_inference,,11.71157169342041,
25.485331137000003,23.720000000000002,2,camera_to_measurement,23.695,11.094266,True
25.485429032000003,23.720000000000002,2,detector_inference,,8.121437072753906,
25.495117563,23.73,3,detector_inference,,8.675490379333496,
25.495499439000003,23.73,3,camera_to_measurement,23.695,11.611616,True
25.514671460000002,23.75,3,measurement_to_controller_cmd,,19.172021,True
25.514918695000002,23.75,2,measurement_to_controller_cmd,,29.587557999999998,True
25.514954634000002,23.75,2,controller_to_actual_cmd,,0.035939,
25.51500571,23.75,2,control_period,23.75,50.00000000000071,
25.51503542,23.75,3,controller_to_actual_cmd,,0.36396,
25.515070937,23.75,3,control_period,23.75,50.00000000000071,
25.515630835000003,23.75,1,measurement_to_controller_cmd,,30.53391,True
25.515935081000002,23.75,1,controller_to_actual_cmd,,0.30424599999999996,
25.515991851000003,23.75,1,control_period,23.75,50.00000000000071,
25.553163267000002,23.785,1,detector_inference,,14.942294120788574,
25.554056069,23.790000000000003,1,camera_to_measurement,23.765,16.929776999999998,True
25.555211021,23.790000000000003,2,detector_inference,,11.877447128295898,
25.555260882000002,23.790000000000003,3,detector_inference,,7.336283206939697,
25.55563756,23.790000000000003,3,camera_to_measurement,23.765,8.509284,True
25.565198673,23.8,1,measurement_to_controller_cmd,,11.142603999999999,True
25.565274815000002,23.8,1,controller_to_actual_cmd,,0.076142,
25.565372365,23.8,1,control_period,23.8,50.00000000000071,
25.565435949,23.8,2,measurement_to_controller_cmd,,10.27849,True
25.56549137,23.8,3,measurement_to_controller_cmd,,9.85381,True
25.565527129000003,23.8,3,controller_to_actual_cmd,,0.035759,
25.565573705000002,23.8,3,control_period,23.8,50.00000000000071,
25.565888692,23.8,2,controller_to_actual_cmd,,0.452743,
25.565943636,23.8,2,control_period,23.8,50.00000000000071,
25.616953817000002,23.85,1,controller_to_actual_cmd,,0.03898,
25.617035268000002,23.85,1,control_period,23.85,50.00000000000071,
25.617110404,23.85,2,controller_to_actual_cmd,,0.031014999999999997,
25.617155025000002,23.85,2,control_period,23.85,50.00000000000071,
25.617225977,23.85,3,controller_to_actual_cmd,,0.031686,
25.617274911000003,23.85,3,control_period,23.85,50.00000000000071,
25.620080306000002,23.855,2,detector_inference,,7.045327186584473,
25.627461258,23.860000000000003,3,detector_inference,,8.465423583984375,
25.627918303,23.860000000000003,3,camera_to_measurement,23.83,11.656037999999999,True
25.665518375,23.900000000000002,2,measurement_to_controller_cmd,,45.089962,True
25.665612962,23.900000000000002,3,measurement_to_controller_cmd,,37.694659,True
25.665740834,23.900000000000002,3,control_period,23.9,49.99999999999716,
25.666378522000002,23.900000000000002,1,control_period,23.9,49.99999999999716,
25.66641531,23.900000000000002,2,controller_to_actual_cmd,,0.8969349999999999,
25.666455729000003,23.900000000000002,2,control_period,23.9,49.99999999999716,
25.666508818,23.900000000000002,3,controller_to_actual_cmd,,0.895856,
25.670518533000003,23.905,1,controller_to_actual_cmd,,4.191155,
25.677595495000002,23.91,1,detector_inference,,6.566884994506836,
25.67806367,23.91,1,camera_to_measurement,23.895,8.441101999999999,True
25.690335896,23.925,3,camera_to_measurement,23.895,9.028279,True
25.690427292000003,23.925,3,detector_inference,,7.628017902374268,
25.714339234,23.950000000000003,3,measurement_to_controller_cmd,,24.003338,True
25.714837546000002,23.950000000000003,1,measurement_to_controller_cmd,,36.773876,True
25.714903969,23.950000000000003,1,controller_to_actual_cmd,,0.066423,
25.714985158,23.950000000000003,1,control_period,23.95,50.00000000000071,
25.715082326,23.950000000000003,2,controller_to_actual_cmd,,0.04112,
25.715137006000003,23.950000000000003,2,control_period,23.95,50.00000000000071,
25.715238322,23.950000000000003,3,controller_to_actual_cmd,,0.899088,
25.715304228,23.950000000000003,3,control_period,23.95,50.00000000000071,
25.747295218,23.98,1,detector_inference,,14.37849235534668,
25.747725933,23.98,3,camera_to_measurement,23.96,8.548496,True
25.747780084000002,23.98,3,detector_inference,,7.008152008056641,
25.765035542000003,24.0,2,control_period,24.0,50.00000000000071,
25.765097878000002,24.0,3,measurement_to_controller_cmd,,17.371945,True
25.765549657,24.0,3,control_period,24.0,50.00000000000071,
25.765860823,24.0,1,measurement_to_controller_cmd,,18.623179999999998,True
25.765896053000002,24.0,1,controller_to_actual_cmd,,0.03523,
25.765931766,24.0,1,control_period,24.0,50.00000000000071,
25.765961881000003,24.0,2,controller_to_actual_cmd,,1.006278,
25.765990696000003,24.0,3,controller_to_actual_cmd,,0.892818,
25.815346858,24.05,1,controller_to_actual_cmd,,0.07217799999999999,
25.815439176,24.05,1,control_period,24.05,50.00000000000071,
25.815554721,24.05,2,control_period,24.05,50.00000000000071,
25.815945997,24.05,2,controller_to_actual_cmd,,0.44489599999999996,
25.816042053,24.05,3,controller_to_actual_cmd,,0.033852,
25.816096227000003,24.05,3,control_period,24.05,50.00000000000071,
25.817457757000003,24.05,1,detector_inference,,14.277602195739746,
25.817818118,24.05,1,camera_to_measurement,24.025,16.449383,True
25.818151443,24.05,3,camera_to_measurement,24.025,9.817788,True
25.818195497,24.05,3,detector_inference,,8.48884105682373,
25.865399588000002,24.1,2,control_period,24.1,50.00000000000071,
25.865538827,24.1,3,measurement_to_controller_cmd,,47.387384,True
25.865657542,24.1,3,control_period,24.1,50.00000000000071,
25.868693550000003,24.1,2,controller_to_actual_cmd,,3.436305,
25.869509276000002,24.1,1,measurement_to_controller_cmd,,51.691157999999994,True
25.869637769,24.1,1,controller_to_actual_cmd,,0.128493,
25.869811243,24.1,1,control_period,24.1,50.00000000000071,
25.869916856000003,24.1,3,controller_to_actual_cmd,,4.378029,
25.876312037,24.110000000000003,1,camera_to_measurement,24.095,8.199556,True
25.876423752,24.110000000000003,1,detector_inference,,7.81532621383667,
25.887150192,24.12,3,camera_to_measurement,24.095,7.258833,True
25.887280672000003,24.12,3,detector_inference,,5.716314792633057,
25.914929802000003,24.150000000000002,1,measurement_to_controller_cmd,,38.617765,True
25.914988254,24.150000000000002,1,controller_to_actual_cmd,,0.058452,
25.915072461,24.150000000000002,1,control_period,24.15,49.99999999999716,
25.915117811000002,24.150000000000002,3,measurement_to_controller_cmd,,27.967619,True
25.915149064,24.150000000000002,3,controller_to_actual_cmd,,0.031252999999999996,
25.915186124,24.150000000000002,3,control_period,24.15,49.99999999999716,
25.915571287000002,24.150000000000002,2,controller_to_actual_cmd,,0.025758999999999997,
25.915613907,24.150000000000002,2,control_period,24.15,49.99999999999716,
25.940788892,24.175,1,detector_inference,,7.614808082580566,
25.941303121,24.175,1,camera_to_measurement,24.16,9.5023,True
25.945401222,24.180000000000003,3,detector_inference,,5.932773113250732,
25.94572467,24.180000000000003,3,camera_to_measurement,24.16,7.134062999999999,True
25.964732998000002,24.200000000000003,1,measurement_to_controller_cmd,,23.429876999999998,True
25.964824863,24.200000000000003,1,control_period,24.2,50.00000000000071,
25.964869619,24.200000000000003,2,controller_to_actual_cmd,,0.42834999999999995,
25.964910597000003,24.200000000000003,2,control_period,24.2,50.00000000000071,
25.965293949000003,24.200000000000003,1,controller_to_actual_cmd,,0.560951,
25.965373535,24.200000000000003,3,measurement_to_controller_cmd,,19.648865,True
25.965418962,24.200000000000003,3,controller_to_actual_cmd,,0.045426999999999995,
25.965488384,24.200000000000003,3,control_period,24.2,50.00000000000071,
26.008152562000003,24.240000000000002,1,detector_inference,,8.361737251281738,
26.008596518,24.240000000000002,1,camera_to_measurement,24.225,9.354882,True
26.015275397,24.25,3,control_period,24.25,50.00000000000071,
26.015881491000002,24.25,1,measurement_to_controller_cmd,,7.284973,True
26.016020002,24.25,1,control_period,24.25,50.00000000000071,
26.016193077,24.25,2,controller_to_actual_cmd,,0.072314,
26.016297809,24.25,2,control_period,24.25,50.00000000000071,
26.016402896000002,24.25,3,controller_to_actual_cmd,,1.265796,
26.016948478000003,24.25,1,controller_to_actual_cmd,,1.066987,
26.017902408,24.25,3,camera_to_measurement,24.225,7.6539779999999995,True
26.017997192000003,24.25,3,detector_inference,,6.4776291847229,
26.066275643,24.3,1,control_period,24.3,50.00000000000071,
26.066349520000003,24.3,2,controller_to_actual_cmd,,0.5786169999999999,
26.066402929000002,24.3,2,control_period,24.3,50.00000000000071,
26.066438156,24.3,3,measurement_to_controller_cmd,,48.535748,True
26.066468881000002,24.3,3,controller_to_actual_cmd,,0.030725,
26.066521768,24.3,3,control_period,24.3,50.00000000000071,
26.066930828,24.3,1,controller_to_actual_cmd,,0.746297,
26.082129319,24.315,1,camera_to_measurement,24.29,18.783715,True
26.082287428,24.315,1,detector_inference,,17.132396697998047,
26.082374750000003,24.315,2,detector_inference,,13.45771312713623,
26.083859856,24.32,3,camera_to_measurement,24.29,11.643093,True
26.083965937000002,24.32,3,detector_inference,,9.684256553649902,
26.114289661,24.35,1,measurement_to_controller_cmd,,32.160342,True
26.114707317,24.35,1,controller_to_actual_cmd,,0.41765599999999997,
26.114774118000003,24.35,1,control_period,24.35,50.00000000000071,
26.114807206000002,24.35,2,measurement_to_controller_cmd,,31.690022,True
26.11483562,24.35,2,controller_to_actual_cmd,,0.028414,
26.114867646,24.35,2,control_period,24.35,50.00000000000071,
26.114894752,24.35,3,measurement_to_controller_cmd,,31.034896,True
26.114919581000002,24.35,3,controller_to_actual_cmd,,0.024829,
26.114950418000003,24.35,3,control_period,24.35,50.00000000000071,
26.137160551,24.37,1,detector_inference,,8.98636531829834,
26.138051435,24.37,1,camera_to_measurement,24.355,11.414456,True
26.152082474,24.385,2,detector_inference,,10.988423347473145,
26.152142287,24.385,3,detector_inference,,6.168068885803223,
26.152492353000003,24.385,2,camera_to_measurement,24.355,12.105611,True
26.152555955,24.385,3,camera_to_measurement,24.355,8.74649,True
26.165324186000003,24.400000000000002,1,measurement_to_controller_cmd,,27.272751,True
26.165432599000003,24.400000000000002,1,controller_to_actual_cmd,,0.108413,
26.165603769,24.400000000000002,1,control_period,24.4,49.99999999999716,
26.165662926000003,24.400000000000002,3,measurement_to_controller_cmd,,13.106971,True
26.165709916,24.400000000000002,3,control_period,24.4,49.99999999999716,
26.165998693000002,24.400000000000002,2,measurement_to_controller_cmd,,13.50634,True
26.16603735,24.400000000000002,2,controller_to_actual_cmd,,0.038657,
26.166087857,24.400000000000002,2,control_period,24.4,49.99999999999716,
26.166120867,24.400000000000002,3,controller_to_actual_cmd,,0.457941,
26.21378306,24.445,1,detector_inference,,9.449522018432617,
26.214584636,24.450000000000003,1,camera_to_measurement,24.425,11.598270999999999,True
26.216964573000002,24.450000000000003,1,measurement_to_controller_cmd,,2.379937,True
26.217020378,24.450000000000003,1,controller_to_actual_cmd,,0.055805,
26.217083849,24.450000000000003,1,control_period,24.45,50.00000000000071,
26.217159426000002,24.450000000000003,2,controller_to_actual_cmd,,0.034422999999999995,
26.217204947000003,24.450000000000003,2,control_period,24.45,50.00000000000071,
26.217272621000003,24.450000000000003,3,controller_to_actual_cmd,,0.030361,
26.217315056,24.450000000000003,3,control_period,24.45,50.00000000000071,
26.220039176,24.455000000000002,2,camera_to_measurement,24.425,12.954839999999999,True
26.2201938,24.455000000000002,2,detector_inference,,11.574193954467773,
26.266415328,24.5,2,measurement_to_controller_cmd,,46.376152,True
26.266519195,24.5,2,control_period,24.5,50.00000000000071,
26.266659623000002,24.5,3,controller_to_actual_cmd,,0.054603,
26.266737771000003,24.5,3,control_period,24.5,50.00000000000071,
26.267674138,24.5,1,control_period,24.5,50.00000000000071,
26.271140214000003,24.505000000000003,1,controller_to_actual_cmd,,3.5418529999999997,
26.271195721,24.505000000000003,2,controller_to_actual_cmd,,4.780393,
26.283311936,24.515,3,camera_to_measurement,24.49,9.388387,True
26.283393799000002,24.515,3,detector_inference,,7.157287120819092,
26.315044019000002,24.55,3,measurement_to_controller_cmd,,31.732083,True
26.315716887,24.55,1,controller_to_actual_cmd,,0.773524,
26.315853386,24.55,1,control_period,24.55,50.00000000000071,
26.316003408,24.55,2,controller_to_actual_cmd,,0.065401,
26.316109276000002,24.55,2,control_period,24.55,50.00000000000071,
26.316189999000002,24.55,3,controller_to_actual_cmd,,1.14598,
26.316289471,24.55,3,control_period,24.55,50.00000000000071,
26.342488395,24.575000000000003,3,detector_inference,,8.619879722595215,
26.343059150000002,24.575000000000003,3,camera_to_measurement,24.555,9.931348999999999,True
26.364939745,24.6,1,control_period,24.6,50.00000000000071,
26.365053452,24.6,2,control_period,24.6,50.00000000000071,
26.365089284000003,24.6,3,measurement_to_controller_cmd,,22.030134,True
26.365125912,24.6,3,controller_to_actual_cmd,,0.036628,
26.365163207000002,24.6,3,control_period,24.6,50.00000000000071,
26.365796111,24.6,1,controller_to_actual_cmd,,0.9188609999999999,
26.365882063,24.6,2,controller_to_actual_cmd,,0.904786,
26.406558274,24.64,1,camera_to_measurement,24.62,14.304117999999999,True
26.406692965,24.64,1,detector_inference,,11.530367851257324,
26.411660435,24.645000000000003,2,detector_inference,,11.729536056518555,
26.412401008000003,24.645000000000003,2,camera_to_measurement,24.62,12.894468999999999,True
26.414980921,24.650000000000002,1,measurement_to_controller_cmd,,8.422647,True
26.415067099,24.650000000000002,2,measurement_to_controller_cmd,,2.6660909999999998,True
26.415536071000002,24.650000000000002,1,controller_to_actual_cmd,,0.5551499999999999,
26.415619874,24.650000000000002,1,control_period,24.65,49.99999999999716,
26.415663238,24.650000000000002,2,controller_to_actual_cmd,,0.596139,
26.415708719,24.650000000000002,2,control_period,24.65,49.99999999999716,
26.416136985,24.650000000000002,3,controller_to_actual_cmd,,0.390005,
26.416189944000003,24.650000000000002,3,control_period,24.65,49.99999999999716,
26.420773988,24.655,3,detector_inference,,14.773794174194336,
26.421363170000003,24.655,3,camera_to_measurement,24.62,16.07552,True
26.465468856,24.700000000000003,1,control_period,24.7,50.00000000000071,
26.465615768000003,24.700000000000003,2,control_period,24.7,50.00000000000071,
26.465673038000002,24.700000000000003,3,measurement_to_controller_cmd,,44.309867999999994,True
26.465718770000002,24.700000000000003,3,control_period,24.7,50.00000000000071,
26.466464907000002,24.700000000000003,1,controller_to_actual_cmd,,1.054699,
26.466531466000003,24.700000000000003,2,controller_to_actual_cmd,,0.9666049999999999,
26.468413285,24.700000000000003,3,controller_to_actual_cmd,,2.7402469999999997,
26.479298499000002,24.715,1,detector_inference,,19.404075622558594,
26.479374597000003,24.715,3,detector_inference,,10.008292198181152,
26.480048194000002,24.715,3,camera_to_measurement,24.685,12.201259,True
26.480674561,24.715,1,camera_to_measurement,24.685,22.999914,True
26.481445501000003,24.715,2,camera_to_measurement,24.685,19.540654999999997,True
26.481521347,24.715,2,detector_inference,,16.513574600219727,
26.514869583000003,24.75,1,measurement_to_controller_cmd,,34.195022,True
26.514965448,24.75,1,controller_to_actual_cmd,,0.09586499999999999,
26.515071465000002,24.75,1,control_period,24.75,50.00000000000071,
26.515144158000002,24.75,2,measurement_to_controller_cmd,,33.698657,True
26.515248709,24.75,2,control_period,24.75,50.00000000000071,
26.515737876000003,24.75,2,controller_to_actual_cmd,,0.593718,
26.515813415,24.75,3,measurement_to_controller_cmd,,35.765221,True
26.515878196000003,24.75,3,controller_to_actual_cmd,,0.06478099999999999,
26.515967466000003,24.75,3,control_period,24.75,50.00000000000071,
26.542138606,24.775000000000002,1,detector_inference,,13.374281883239746,
26.542250352,24.775000000000002,2,detector_inference,,8.74219036102295,
26.542731319,24.775000000000002,1,camera_to_measurement,24.755,15.476889,True
26.542800406,24.775000000000002,2,camera_to_measurement,24.755,10.455435999999999,True
26.565052767,24.8,1,measurement_to_controller_cmd,,22.321448,True
26.565194354000003,24.8,1,control_period,24.8,50.00000000000071,
26.565287101000003,24.8,2,measurement_to_controller_cmd,,22.486694999999997,True
26.565381291,24.8,2,control_period,24.8,50.00000000000071,
26.565545822,24.8,3,control_period,24.8,50.00000000000071,
26.566066354,24.8,1,controller_to_actual_cmd,,1.013587,
26.566169938,24.8,2,controller_to_actual_cmd,,0.882837,
26.566240376000003,24.8,3,controller_to_actual_cmd,,0.7856489999999999,
26.611673202000002,24.845000000000002,1,detector_inference,,15.473015785217285,
26.612051276000003,24.845000000000002,1,camera_to_measurement,24.82,17.944637999999998,True
26.612363927,24.845000000000002,2,camera_to_measurement,24.82,8.928175999999999,True
26.612410077000003,24.845000000000002,2,detector_inference,,10.633255958557129,
26.615377516000002,24.85,1,measurement_to_controller_cmd,,3.32624,True
26.615434964000002,24.85,1,controller_to_actual_cmd,,0.057448,
26.615510626000003,24.85,1,control_period,24.85,50.00000000000071,
26.615564169000002,24.85,2,measurement_to_controller_cmd,,3.200242,True
26.615602522000003,24.85,2,controller_to_actual_cmd,,0.038353,
26.615646489000003,24.85,2,control_period,24.85,50.00000000000071,
26.615710441,24.85,3,controller_to_actual_cmd,,0.02863,
26.615751089000003,24.85,3,control_period,24.85,50.00000000000071,
26.665046047,24.900000000000002,2,control_period,24.9,49.99999999999716,
26.665133275000002,24.900000000000002,3,control_period,24.9,49.99999999999716,
26.666004662000002,24.900000000000002,3,controller_to_actual_cmd,,0.907682,
26.666414245000002,24.900000000000002,2,controller_to_actual_cmd,,1.425017,
26.666825316,24.900000000000002,1,control_period,24.9,49.99999999999716,
26.667174652,24.900000000000002,1,camera_to_measurement,24.885,8.479391,True
26.667221861,24.900000000000002,1,detector_inference,,6.853868007659912,
26.667269783000002,24.900000000000002,1,controller_to_actual_cmd,,0.527901,
26.679620646,24.915000000000003,3,detector_inference,,6.82318115234375,
26.680775328000003,24.915000000000003,3,camera_to_measurement,24.885,10.539764,True
26.714645042,24.950000000000003,1,measurement_to_controller_cmd,,47.470389999999995,True
26.714721700000002,24.950000000000003,1,control_period,24.95,50.00000000000071,
26.714785992000003,24.950000000000003,2,control_period,24.95,50.00000000000071,
26.714815064000003,24.950000000000003,3,measurement_to_controller_cmd,,34.039736,True
26.714867656000003,24.950000000000003,3,control_period,24.95,50.00000000000071,
26.715179442,24.950000000000003,1,controller_to_actual_cmd,,0.5344,
26.715219073,24.950000000000003,2,controller_to_actual_cmd,,0.462835,
26.715253784,24.950000000000003,3,controller_to_actual_cmd,,0.43872,
26.731089538000003,24.965,1,detector_inference,,6.396201133728027,
26.731656570000002,24.965,1,camera_to_measurement,24.95,7.98987,True
26.765020997,25.0,1,measurement_to_controller_cmd,,33.364427,True
26.765125313000002,25.0,2,controller_to_actual_cmd,,0.040916,
26.765215396000002,25.0,2,control_period,25.0,50.00000000000071,
26.765288017000003,25.0,3,control_period,25.0,50.00000000000071,
26.765557899,25.0,1,controller_to_actual_cmd,,0.536902,
26.765603825000003,25.0,1,control_period,25.0,50.00000000000071,
26.765636165,25.0,3,controller_to_actual_cmd,,0.38104899999999997,
26.800021256,25.035,1,camera_to_measurement,25.015,12.434387,True
26.800084774000002,25.035,1,detector_inference,,9.328843116760254,
26.809102390000003,25.045,2,detector_inference,,14.229049682617188,
26.809181934,25.045,3,detector_inference,,8.827390670776367,
26.809896353000003,25.045,2,camera_to_measurement,25.015,16.823963,True
26.810003113,25.045,3,camera_to_measurement,25.015,10.932105,True
26.815255036,25.05,1,measurement_to_controller_cmd,,15.23378,True
26.815384426,25.05,1,controller_to_actual_cmd,,0.12939,
26.815520268,25.05,1,control_period,25.05,50.00000000000071,
26.815616023,25.05,2,measurement_to_controller_cmd,,5.71967,True
26.815696184,25.05,2,controller_to_actual_cmd,,0.080161,
26.815789903000002,25.05,2,control_period,25.05,50.00000000000071,
26.815870608,25.05,3,measurement_to_controller_cmd,,5.867495,True
26.815974402000002,25.05,3,control_period,25.05,50.00000000000071,
26.816546033,25.05,3,controller_to_actual_cmd,,0.6754249999999999,
26.865312904000003,25.1,1,control_period,25.1,50.00000000000071,
26.866085059000003,25.1,3,control_period,25.1,50.00000000000071,
26.866461469,25.1,2,control_period,25.1,50.00000000000071,
26.866522846000002,25.1,3,controller_to_actual_cmd,,0.5064299999999999,
26.867820382,25.1,1,controller_to_actual_cmd,,2.696657,
26.867939176,25.1,2,controller_to_actual_cmd,,1.5247,
26.868484402,25.1,1,camera_to_measurement,25.085,10.582747,True
26.868575164000003,25.1,1,detector_inference,,9.045815467834473,
26.872659201,25.105,2,detector_inference,,9.326800346374512,
26.87304152,25.105,2,camera_to_measurement,25.085,10.786688999999999,True
26.914835323000002,25.150000000000002,1,measurement_to_controller_cmd,,46.350921,True
26.914946868,25.150000000000002,1,controller_to_actual_cmd,,0.11154499999999999,
26.91505489,25.150000000000002,1,control_period,25.15,49.99999999999716,
26.915138986000002,25.150000000000002,2,measurement_to_controller_cmd,,42.097466,True
26.915240913,25.150000000000002,2,control_period,25.15,49.99999999999716,
26.915387908000003,25.150000000000002,3,control_period,25.15,49.99999999999716,
26.915896362,25.150000000000002,2,controller_to_actual_cmd,,0.7573759999999999,
26.915969431,25.150000000000002,3,controller_to_actual_cmd,,0.652575,
26.935878717,25.17,3,detector_inference,,7.182773113250732,
26.936577640000003,25.17,3,camera_to_measurement,25.15,8.434758,True
26.965352133000003,25.200000000000003,1,controller_to_actual_cmd,,0.07135999999999999,
26.965498886000002,25.200000000000003,1,control_period,25.2,50.00000000000071,
26.965653232,25.200000000000003,2,controller_to_actual_cmd,,0.065553,
26.965738534000003,25.200000000000003,2,control_period,25.2,50.00000000000071,
26.965809332000003,25.200000000000003,3,measurement_to_controller_cmd,,29.231692,True
26.965882873,25.200000000000003,3,control_period,25.2,50.00000000000071,
26.966435027000003,25.200000000000003,3,controller_to_actual_cmd,,0.625695,
26.997676878,25.23,1,camera_to_measurement,25.215,8.684037,True
26.997772911000002,25.23,1,detector_inference,,7.466064929962158,
27.007260062,25.240000000000002,3,detector_inference,,6.144929885864258,
27.007638429,25.240000000000002,3,camera_to_measurement,25.215,7.856881,True
27.015273093,25.25,1,measurement_to_controller_cmd,,17.596215,True
27.015330730000002,25.25,1,controller_to_actual_cmd,,0.057637,
27.015395854,25.25,1,control_period,25.25,50.00000000000071,
27.015491074000003,25.25,2,controller_to_actual_cmd,,0.042624999999999996,
27.015538762000002,25.25,2,control_period,25.25,50.00000000000071,
27.015579338000002,25.25,3,measurement_to_controller_cmd,,7.9409089999999996,True
27.015914276,25.25,3,controller_to_actual_cmd,,0.33493799999999996,
27.015968089,25.25,3,control_period,25.25,50.00000000000071,
27.065693974000002,25.3,2,control_period,25.3,50.00000000000071,
27.065840934,25.3,3,control_period,25.3,50.00000000000071,
27.066520809,25.3,1,controller_to_actual_cmd,,0.066149,
27.066599084,25.3,1,control_period,25.3,50.00000000000071,
27.066639275,25.3,2,controller_to_actual_cmd,,1.554595,
27.067184913000002,25.3,3,controller_to_actual_cmd,,1.409109,
27.075243227,25.310000000000002,2,camera_to_measurement,25.28,17.183374,True
27.075340418000003,25.310000000000002,2,detector_inference,,13.980758666992188,
27.075818573000003,25.310000000000002,1,detector_inference,,20.135406494140625,
27.07616231,25.310000000000002,1,camera_to_measurement,25.28,22.15683,True
27.076228033000003,25.310000000000002,3,camera_to_measurement,25.28,13.536665,True
27.07627253,25.310000000000002,3,detector_inference,,11.808514595031738,
27.116628587,25.35,1,measurement_to_controller_cmd,,40.466277,True
27.116723172,25.35,1,control_period,25.35,50.00000000000071,
27.116782496000003,25.35,2,measurement_to_controller_cmd,,41.539269,True
27.116845026,25.35,2,control_period,25.35,50.00000000000071,
27.117236331,25.35,1,controller_to_actual_cmd,,0.607744,
27.11728503,25.35,2,controller_to_actual_cmd,,0.5025339999999999,
27.117317494,25.35,3,measurement_to_controller_cmd,,41.089461,True
27.117355342000003,25.35,3,controller_to_actual_cmd,,0.037848,
27.117402910000003,25.35,3,control_period,25.35,50.00000000000071,
27.133232032000002,25.365000000000002,3,camera_to_measurement,25.345,9.450479999999999,True
27.133293610000003,25.365000000000002,3,detector_inference,,7.56943416595459,
27.165148891,25.400000000000002,1,controller_to_actual_cmd,,0.027364,
27.165220847,25.400000000000002,1,control_period,25.4,49.99999999999716,
27.16531909,25.400000000000002,2,control_period,25.4,49.99999999999716,
27.165367331000002,25.400000000000002,3,measurement_to_controller_cmd,,32.135298999999996,True
27.165409777,25.400000000000002,3,controller_to_actual_cmd,,0.042446,
27.165488627000002,25.400000000000002,3,control_period,25.4,49.99999999999716,
27.166014288000003,25.400000000000002,2,controller_to_actual_cmd,,0.744508,
27.206977466,25.44,2,detector_inference,,12.121744155883789,
27.207559554000003,25.44,2,camera_to_measurement,25.415,15.173401,True
27.207691102000002,25.44,3,camera_to_measurement,25.415,9.974302999999999,True
27.207783442,25.44,3,detector_inference,,8.649226188659668,
27.214661801000002,25.450000000000003,2,measurement_to_controller_cmd,,7.102246999999999,True
27.214805309000003,25.450000000000003,2,control_period,25.45,50.00000000000071,
27.214900516,25.450000000000003,3,measurement_to_controller_cmd,,7.209414,True
27.215472154,25.450000000000003,1,controller_to_actual_cmd,,0.899504,
27.215589578000003,25.450000000000003,1,control_period,25.45,50.00000000000071,
27.215664552000003,25.450000000000003,2,controller_to_actual_cmd,,1.002751,
27.215737956,25.450000000000003,3,controller_to_actual_cmd,,0.83744,
27.215818130000002,25.450000000000003,3,control_period,25.45,50.00000000000071,
27.262168855000002,25.495,1,detector_inference,,6.619551181793213,
27.262872831000003,25.495,1,camera_to_measurement,25.48,8.566446,True
27.265594244000003,25.5,2,controller_to_actual_cmd,,0.438608,
27.265805995,25.5,2,control_period,25.5,50.00000000000071,
27.266530373000002,25.5,1,measurement_to_controller_cmd,,3.657542,True
27.266632031,25.5,1,controller_to_actual_cmd,,0.101658,
27.266740745000003,25.5,1,control_period,25.5,50.00000000000071,
27.266829133,25.5,3,controller_to_actual_cmd,,0.888913,
27.26693729,25.5,3,control_period,25.5,50.00000000000071,
27.273980684,25.51,3,detector_inference,,6.416664123535156,
27.314549810000003,25.55,3,measurement_to_controller_cmd,,39.887276,True
27.317563794,25.55,1,control_period,25.55,50.00000000000071,
27.317701217000003,25.55,2,controller_to_actual_cmd,,0.046539,
27.317768915000002,25.55,2,control_period,25.55,50.00000000000071,
27.317825601000003,25.55,3,controller_to_actual_cmd,,3.275791,
27.317883072,25.55,3,control_period,25.55,50.00000000000071,
27.318469233000002,25.55,1,controller_to_actual_cmd,,1.030162,
27.327915641,25.560000000000002,2,detector_inference,,5.847373008728027,
27.328289537000003,25.560000000000002,2,camera_to_measurement,25.545,7.764266999999999,True
27.364510096,25.6,2,measurement_to_controller_cmd,,36.220559,True
27.364752419000002,25.6,3,controller_to_actual_cmd,,0.08885799999999999,
27.36522078,25.6,2,controller_to_actual_cmd,,0.710684,
27.365281783,25.6,2,control_period,25.6,50.00000000000071,
27.365344618,25.6,3,control_period,25.6,50.00000000000071,
27.365624901,25.6,1,controller_to_actual_cmd,,0.43569599999999997,
27.365676251,25.6,1,control_period,25.6,50.00000000000071,
27.395625172000003,25.630000000000003,3,detector_inference,,8.666939735412598,
27.396324483,25.630000000000003,3,camera_to_measurement,25.61,11.314276999999999,True
27.415415029000002,25.650000000000002,3,measurement_to_controller_cmd,,19.090546,True
27.415845866,25.650000000000002,1,controller_to_actual_cmd,,0.04138,
27.415920303,25.650000000000002,1,control_period,25.65,49.99999999999716,
27.415997023000003,25.650000000000002,2,controller_to_actual_cmd,,0.031824,
27.416048239000002,25.650000000000002,2,control_period,25.65,49.99999999999716,
27.416087401000002,25.650000000000002,3,controller_to_actual_cmd,,0.672372,
27.416131782,25.650000000000002,3,control_period,25.65,49.99999999999716,
27.457464091000002,25.69,1,detector_inference,,7.11930513381958,
27.45790119,25.69,1,camera_to_measurement,25.675,10.152073,True
27.464987858,25.700000000000003,1,measurement_to_controller_cmd,,7.0866679999999995,True
27.465807828000003,25.700000000000003,1,control_period,25.7,50.00000000000071,
27.465940148,25.700000000000003,2,controller_to_actual_cmd,,0.051647,
27.466001813000002,25.700000000000003,2,control_period,25.7,50.00000000000071,
27.466042796,25.700000000000003,3,controller_to_actual_cmd,,0.9430109999999999,
27.466087571000003,25.700000000000003,3,control_period,25.7,50.00000000000071,
27.466448541000002,25.700000000000003,1,controller_to_actual_cmd,,1.460683,
27.474624336,25.71,3,camera_to_measurement,25.675,14.423855999999999,True
27.474743891000003,25.71,3,detector_inference,,12.721151351928711,
27.515328288000003,25.75,2,control_period,25.75,50.00000000000071,
27.515846615,25.75,2,controller_to_actual_cmd,,0.6354529999999999,
27.515900155,25.75,3,measurement_to_controller_cmd,,41.275819,True
27.515934320000003,25.75,3,controller_to_actual_cmd,,0.034165,
27.515985037,25.75,3,control_period,25.75,50.00000000000071,
27.519592773000003,25.755000000000003,1,controller_to_actual_cmd,,0.058388999999999996,
27.519694378,25.755000000000003,1,control_period,25.75,50.00000000000071,
27.526537038,25.76,1,detector_inference,,6.511291027069092,
27.526919206000002,25.76,1,camera_to_measurement,25.745,8.423198,True
27.541230119,25.775000000000002,2,camera_to_measurement,25.745,11.164705,True
27.541319223000002,25.775000000000002,2,detector_inference,,9.91467571258545,
27.541929061,25.775000000000002,3,camera_to_measurement,25.745,8.640781,True
27.541982592,25.775000000000002,3,detector_inference,,6.663197994232178,
27.565181650000003,25.8,1,measurement_to_controller_cmd,,38.262443999999995,True
27.565230744,25.8,1,controller_to_actual_cmd,,0.049094,
27.565293985,25.8,1,control_period,25.8,50.00000000000071,
27.56533492,25.8,3,measurement_to_controller_cmd,,23.405859,True
27.565628361,25.8,2,measurement_to_controller_cmd,,24.398242,True
27.565665131000003,25.8,2,controller_to_actual_cmd,,0.03677,
27.565711564,25.8,2,control_period,25.8,50.00000000000071,
27.565742215,25.8,3,controller_to_actual_cmd,,0.40729499999999996,
27.565778156,25.8,3,control_period,25.8,50.00000000000071,
27.598773923000003,25.830000000000002,1,detector_inference,,12.873351097106934,
27.599674283000002,25.835,1,camera_to_measurement,25.81,15.351891,True
27.600154277,25.835,2,camera_to_measurement,25.81,12.805857,True
27.600216646000003,25.835,2,detector_inference,,10.00206184387207,
27.605736648,25.84,3,detector_inference,,13.182412147521973,
27.606099268,25.84,3,camera_to_measurement,25.81,15.731017,True
27.614852610000003,25.85,2,measurement_to_controller_cmd,,14.698333,True
27.614926749000002,25.85,2,control_period,25.85,50.00000000000071,
27.614971932000003,25.85,3,measurement_to_controller_cmd,,8.872664,True
27.615021022,25.85,3,controller_to_actual_cmd,,0.049089999999999995,
27.615070511000003,25.85,3,control_period,25.85,50.00000000000071,
27.615430465000003,25.85,1,measurement_to_controller_cmd,,15.756181999999999,True
27.615486689,25.85,2,controller_to_actual_cmd,,0.634079,
27.615779633000002,25.85,1,controller_to_actual_cmd,,0.349168,
27.615832757000003,25.85,1,control_period,25.85,50.00000000000071,
27.665569775,25.900000000000002,2,controller_to_actual_cmd,,0.11906,
27.665727139,25.900000000000002,2,control_period,25.9,49.99999999999716,
27.666454528000003,25.900000000000002,1,controller_to_actual_cmd,,0.066153,
27.666589156,25.900000000000002,1,control_period,25.9,49.99999999999716,
27.666735235,25.900000000000002,3,controller_to_actual_cmd,,0.061390999999999994,
27.666826131,25.900000000000002,3,control_period,25.9,49.99999999999716,
27.667362704000002,25.900000000000002,3,detector_inference,,12.44187068939209,
27.667915923000002,25.900000000000002,3,camera_to_measurement,25.875,14.551965,True
27.715332150000002,25.950000000000003,1,control_period,25.95,50.00000000000071,
27.715429348,25.950000000000003,2,control_period,25.95,50.00000000000071,
27.715466376000002,25.950000000000003,3,measurement_to_controller_cmd,,47.550453,True
27.715766101000003,25.950000000000003,1,controller_to_actual_cmd,,0.509405,
27.71582739,25.950000000000003,3,control_period,25.95,50.00000000000071,
27.718220102,25.950000000000003,2,controller_to_actual_cmd,,2.835197,
27.718284648,25.950000000000003,3,controller_to_actual_cmd,,2.818272,
27.729927819,25.965,3,detector_inference,,10.589523315429688,
27.730353671000003,25.965,2,detector_inference,,15.539742469787598,
27.730493514000003,25.965,3,camera_to_measurement,25.94,12.929326,True
27.731044199000003,25.965,2,camera_to_measurement,25.94,18.249965,True
27.764925390000002,26.0,1,control_period,26.0,50.00000000000071,
27.764966679,26.0,2,measurement_to_controller_cmd,,33.92248,True
27.765018041,26.0,2,control_period,26.0,50.00000000000071,
27.765327806000002,26.0,1,controller_to_actual_cmd,,0.46601699999999996,
27.765369865,26.0,2,controller_to_actual_cmd,,0.403186,
27.765398663000003,26.0,3,measurement_to_controller_cmd,,34.905149,True
27.765436442000002,26.0,3,control_period,26.0,50.00000000000071,
27.76567925,26.0,3,controller_to_actual_cmd,,0.280587,
27.796717259,26.03,2,detector_inference,,10.030183792114258,
27.797407642000003,26.03,2,camera_to_measurement,26.005,14.846618999999999,True
27.797905395,26.03,1,detector_inference,,17.263717651367188,
27.798310609,26.03,1,camera_to_measurement,26.005,20.55632,True
27.801613691,26.035,3,detector_inference,,12.82865047454834,
27.802323598,26.035,3,camera_to_measurement,26.005,14.953125,True
27.815046566000003,26.05,1,measurement_to_controller_cmd,,16.735957,True
27.815120803000003,26.05,3,measurement_to_controller_cmd,,12.797205,True
27.815442100000002,26.05,1,controller_to_actual_cmd,,0.395534,
27.815520757,26.05,1,control_period,26.05,50.00000000000071,
27.815564437000003,26.05,3,controller_to_actual_cmd,,0.443634,
27.815607798000002,26.05,3,control_period,26.05,50.00000000000071,
27.815935626,26.05,2,measurement_to_controller_cmd,,18.527984,True
27.815983638000002,26.05,2,controller_to_actual_cmd,,0.048012,
27.816033458000003,26.05,2,control_period,26.05,50.00000000000071,
27.861895086,26.095000000000002,2,detector_inference,,8.101940155029297,
27.866117137000003,26.1,1,controller_to_actual_cmd,,0.07295299999999999,
27.866249045,26.1,1,control_period,26.1,50.00000000000071,
27.866346511000003,26.1,2,measurement_to_controller_cmd,,3.739512,True
27.866430826000002,26.1,2,controller_to_actual_cmd,,0.084315,
27.866583529000003,26.1,2,control_period,26.1,50.00000000000071,
27.866717301,26.1,3,controller_to_actual_cmd,,0.038402,
27.866775884000003,26.1,3,control_period,26.1,50.00000000000071,
27.915762927000003,26.150000000000002,1,controller_to_actual_cmd,,0.973335,
27.915953214,26.150000000000002,1,control_period,26.15,49.99999999999716,
27.916079579,26.150000000000002,2,controller_to_actual_cmd,,1.192855,
27.916212715,26.150000000000002,2,control_period,26.15,49.99999999999716,
27.918884683,26.150000000000002,3,controller_to_actual_cmd,,0.06998399999999999,
27.919016881,26.150000000000002,3,control_period,26.15,49.99999999999716,
27.922555843,26.155,2,detector_inference,,7.151415824890137,
27.923349325,26.155,2,camera_to_measurement,26.14,9.578604,True
27.930546882,26.165000000000003,3,detector_inference,,11.005629539489746,
27.930888045000003,26.165000000000003,3,camera_to_measurement,26.14,12.483934999999999,True
27.965031406,26.200000000000003,1,control_period,26.2,50.00000000000071,
27.965084766,26.200000000000003,2,measurement_to_controller_cmd,,41.735441,True
27.965143188000003,26.200000000000003,2,controller_to_actual_cmd,,0.058421999999999995,
27.965198182,26.200000000000003,2,control_period,26.2,50.00000000000071,
27.965231466000002,26.200000000000003,3,measurement_to_controller_cmd,,34.343421,True
27.965264033,26.200000000000003,3,controller_to_actual_cmd,,0.032567,
27.965301133,26.200000000000003,3,control_period,26.2,50.00000000000071,
27.965681941000003,26.200000000000003,1,controller_to_actual_cmd,,0.7309319999999999,
27.988488248000003,26.220000000000002,1,camera_to_measurement,26.205,8.999737,True
27.988648975,26.220000000000002,1,detector_inference,,7.748714923858643,
27.993028996000003,26.225,2,detector_inference,,8.290763854980469,
27.993712146,26.225,2,camera_to_measurement,26.205,10.786373,True
28.015033924,26.25,2,measurement_to_controller_cmd,,21.321778,True
28.015200653,26.25,2,control_period,26.25,50.00000000000071,
28.015410198,26.25,3,control_period,26.25,50.00000000000071,
28.016002760000003,26.25,1,measurement_to_controller_cmd,,27.514512,True
28.016103838000003,26.25,1,controller_to_actual_cmd,,0.101078,
28.016215818000003,26.25,1,control_period,26.25,50.00000000000071,
28.016313777,26.25,2,controller_to_actual_cmd,,1.279853,
28.016402302000003,26.25,3,controller_to_actual_cmd,,1.0905259999999999,
28.05278725,26.285,1,detector_inference,,7.7263970375061035,
28.05314461,26.285,1,camera_to_measurement,26.27,8.854194,True
28.061463814000003,26.295,3,camera_to_measurement,26.27,9.835009,True
28.061537052000002,26.295,3,detector_inference,,7.566072940826416,
28.065325621000003,26.3,3,measurement_to_controller_cmd,,3.8618069999999998,True
28.065397216,26.3,3,control_period,26.3,50.00000000000071,
28.065933279000003,26.3,2,controller_to_actual_cmd,,0.047321999999999996,
28.065995773,26.3,2,control_period,26.3,50.00000000000071,
28.066033269000002,26.3,3,controller_to_actual_cmd,,0.7076479999999999,
28.066362877000003,26.3,1,measurement_to_controller_cmd,,13.218266999999999,True
28.066407383,26.3,1,controller_to_actual_cmd,,0.044506,
28.066456646000002,26.3,1,control_period,26.3,50.00000000000071,
28.115238744000003,26.35,3,control_period,26.35,50.00000000000071,
28.115863413000003,26.35,1,controller_to_actual_cmd,,0.054911999999999996,
28.115954339,26.35,1,control_period,26.35,50.00000000000071,
28.116064700000003,26.35,3,controller_to_actual_cmd,,0.9240539999999999,
28.116492452000003,26.35,1,camera_to_measurement,26.335,10.046249999999999,True
28.116548485000003,26.35,1,detector_inference,,8.728116989135742,
28.116593797,26.35,2,controller_to_actual_cmd,,0.568991,
28.116642543,26.35,2,control_period,26.35,50.00000000000071,
28.122997225000002,26.355,2,detector_inference,,10.618193626403809,
28.123723614000003,26.355,2,camera_to_measurement,26.335,13.915255,True
28.128708444,26.360000000000003,3,camera_to_measurement,26.335,14.750293,True
28.128808261000003,26.360000000000003,3,detector_inference,,12.096400260925293,
28.164569573,26.400000000000002,1,measurement_to_controller_cmd,,48.077121,True
28.164640634,26.400000000000002,3,measurement_to_controller_cmd,,35.93219,True
28.16522313,26.400000000000002,1,controller_to_actual_cmd,,0.6535569999999999,
28.165276781000003,26.400000000000002,1,control_period,26.4,49.99999999999716,
28.165307252,26.400000000000002,2,measurement_to_controller_cmd,,41.583638,True
28.165343937000003,26.400000000000002,3,controller_to_actual_cmd,,0.703303,
28.165380985000002,26.400000000000002,3,control_period,26.4,49.99999999999716,
28.165666568000002,26.400000000000002,2,controller_to_actual_cmd,,0.35931599999999997,
28.165712357,26.400000000000002,2,control_period,26.4,49.99999999999716,
28.195627887,26.430000000000003,2,detector_inference,,11.8922758102417,
28.195741047000002,26.430000000000003,3,camera_to_measurement,26.405,11.791888,True
28.195817723,26.430000000000003,3,detector_inference,,9.592348098754883,
28.215372317000003,26.450000000000003,3,measurement_to_controller_cmd,,19.63127,True
28.216239947000002,26.450000000000003,1,controller_to_actual_cmd,,0.083105,
28.216374317000003,26.450000000000003,1,control_period,26.45,50.00000000000071,
28.216492323,26.450000000000003,2,measurement_to_controller_cmd,,20.956618,True
28.216623989000002,26.450000000000003,2,controller_to_actual_cmd,,0.131666,
28.216699932,26.450000000000003,2,control_period,26.45,50.00000000000071,
28.216745749,26.450000000000003,3,controller_to_actual_cmd,,1.373432,
28.216792639,26.450000000000003,3,control_period,26.45,50.00000000000071,
28.261929431000002,26.495,2,detector_inference,,10.193955421447754,
28.262532523,26.495,2,camera_to_measurement,26.47,11.95932,True
28.262626965000003,26.495,3,detector_inference,,6.374948024749756,
28.264884119,26.5,2,measurement_to_controller_cmd,,2.351596,True
28.264973403000003,26.5,2,control_period,26.5,50.00000000000071,
28.265020152,26.5,3,measurement_to_controller_cmd,,2.423817,True
28.26506446,26.5,3,control_period,26.5,50.00000000000071,
28.265362168000003,26.5,2,controller_to_actual_cmd,,0.478049,
28.265403553000002,26.5,3,controller_to_actual_cmd,,0.383401,
28.265751149000003,26.5,1,control_period,26.5,50.00000000000071,
28.266052436000003,26.5,1,controller_to_actual_cmd,,0.346781,
28.316063894000003,26.55,1,controller_to_actual_cmd,,0.039435,
28.316147762000003,26.55,1,control_period,26.55,50.00000000000071,
28.316239875,26.55,2,controller_to_actual_cmd,,0.032521999999999995,
28.316289362000003,26.55,2,control_period,26.55,50.00000000000071,
28.316358705000003,26.55,3,controller_to_actual_cmd,,0.030189999999999998,
28.316408553000002,26.55,3,control_period,26.55,50.00000000000071,
28.320641544,26.555000000000003,2,detector_inference,,6.99679708480835,
28.321051521,26.555000000000003,2,camera_to_measurement,26.535,8.356342999999999,True
28.365095305,26.6,1,controller_to_actual_cmd,,0.41206,
28.365205253000003,26.6,1,control_period,26.6,50.00000000000071,
28.365244867,26.6,3,controller_to_actual_cmd,,0.52684,
28.365288268,26.6,3,control_period,26.6,50.00000000000071,
28.365596040000003,26.6,2,measurement_to_controller_cmd,,44.544519,True
28.3656386,26.6,2,controller_to_actual_cmd,,0.04256,
28.365688945000002,26.6,2,control_period,26.6,50.00000000000071,
28.383573111,26.615000000000002,1,camera_to_measurement,26.6,10.49081,True
28.383691205,26.615000000000002,1,detector_inference,,8.294791221618652,
28.397309045,26.630000000000003,3,detector_inference,,9.439521789550781,
28.398103614,26.630000000000003,2,camera_to_measurement,26.6,15.203358,True
28.398257553,26.630000000000003,2,detector_inference,,13.094742774963379,
28.398417541,26.630000000000003,3,camera_to_measurement,26.6,12.178317999999999,True
28.414926453000003,26.650000000000002,2,measurement_to_controller_cmd,,16.822839,True
28.414985681,26.650000000000002,2,controller_to_actual_cmd,,0.059227999999999996,
28.415053935000003,26.650000000000002,2,control_period,26.65,49.99999999999716,
28.415103679,26.650000000000002,3,measurement_to_controller_cmd,,16.686138,True
28.415141019,26.650000000000002,3,controller_to_actual_cmd,,0.03734,
28.415182050000002,26.650000000000002,3,control_period,26.65,49.99999999999716,
28.416449472,26.650000000000002,1,measurement_to_controller_cmd,,32.876360999999996,True
28.416922545000002,26.650000000000002,1,controller_to_actual_cmd,,0.47307299999999997,
28.417008895000002,26.650000000000002,1,control_period,26.65,49.99999999999716,
28.454701941000003,26.69,1,detector_inference,,12.436692237854004,
28.455282574,26.69,1,camera_to_measurement,26.665,14.488418999999999,True
28.455371637000002,26.69,3,detector_inference,,6.624834060668945,
28.45584775,26.69,3,camera_to_measurement,26.665,8.608846999999999,True
28.465221575,26.700000000000003,1,measurement_to_controller_cmd,,9.939001,True
28.465318096,26.700000000000003,3,measurement_to_controller_cmd,,9.470346,True
28.465905856000003,26.700000000000003,1,controller_to_actual_cmd,,0.6842809999999999,
28.465971062,26.700000000000003,1,control_period,26.7,50.00000000000071,
28.466034784,26.700000000000003,2,controller_to_actual_cmd,,0.027506,
28.466071361,26.700000000000003,2,control_period,26.7,50.00000000000071,
28.466110782,26.700000000000003,3,control_period,26.7,50.00000000000071,
28.466381798,26.700000000000003,3,controller_to_actual_cmd,,1.063702,
28.516130845000003,26.75,1,controller_to_actual_cmd,,0.125905,
28.516330268,26.75,1,control_period,26.75,50.00000000000071,
28.516620154,26.75,2,controller_to_actual_cmd,,0.11645799999999999,
28.516780397,26.75,2,control_period,26.75,50.00000000000071,
28.517014881,26.75,3,control_period,26.75,50.00000000000071,
28.517819648000003,26.75,3,controller_to_actual_cmd,,0.918199,
28.522294106,26.755000000000003,1,detector_inference,,14.163474082946777,
28.522776178,26.755000000000003,1,camera_to_measurement,26.735,16.696642999999998,True
28.527561373,26.76,2,detector_inference,,14.395613670349121,
28.528286431,26.76,2,camera_to_measurement,26.735,18.109779,True
28.529146959000002,26.765,3,camera_to_measurement,26.735,15.182281999999999,True
28.529251855000002,26.765,3,detector_inference,,12.939210891723633,
28.565371535,26.8,2,measurement_to_controller_cmd,,37.085104,True
28.565466123,26.8,2,controller_to_actual_cmd,,0.09458799999999999,
28.565598678,26.8,2,control_period,26.8,50.00000000000071,
28.565682304000003,26.8,3,measurement_to_controller_cmd,,36.535345,True
28.56620613,26.8,1,measurement_to_controller_cmd,,43.429952,True
28.566292384,26.8,1,controller_to_actual_cmd,,0.086254,
28.566425734000003,26.8,1,control_period,26.8,50.00000000000071,
28.566484935000002,26.8,3,controller_to_actual_cmd,,0.802631,
28.566530537000002,26.8,3,control_period,26.8,50.00000000000071,
28.593203495,26.825000000000003,3,camera_to_measurement,26.8,9.922937,True
28.593295934,26.825000000000003,3,detector_inference,,9.138238906860352,
28.595989528,26.830000000000002,2,detector_inference,,14.675159454345703,
28.596887972,26.830000000000002,2,camera_to_measurement,26.8,17.170374,True
28.615948052,26.85,1,controller_to_actual_cmd,,0.08345999999999999,
28.616055661,26.85,1,control_period,26.85,50.00000000000071,
28.616125643,26.85,2,measurement_to_controller_cmd,,19.237671,True
28.616215029000003,26.85,2,control_period,26.85,50.00000000000071,
28.61628101,26.85,3,measurement_to_controller_cmd,,23.077515,True
28.616322623000002,26.85,3,controller_to_actual_cmd,,0.041613,
28.616372246,26.85,3,control_period,26.85,50.00000000000071,
28.616779608,26.85,2,controller_to_actual_cmd,,0.653965,
28.650519654000004,26.885,1,detector_inference,,8.895583152770996,
28.650877789000003,26.885,1,camera_to_measurement,26.865,10.560189,True
28.66584744,26.900000000000002,2,controller_to_actual_cmd,,0.052298,
28.665949092,26.900000000000002,2,control_period,26.9,49.99999999999716,
28.666027080000003,26.900000000000002,3,controller_to_actual_cmd,,0.8932899999999999,
28.666110631000002,26.900000000000002,3,control_period,26.9,49.99999999999716,
28.666724802,26.900000000000002,1,measurement_to_controller_cmd,,15.847012999999999,True
28.666811724000002,26.900000000000002,1,controller_to_actual_cmd,,0.086922,
28.666909802000003,26.900000000000002,1,control_period,26.9,49.99999999999716,
28.667025046000003,26.900000000000002,2,detector_inference,,16.332319259643555,
28.667089399,26.900000000000002,3,camera_to_measurement,26.865,12.258446,True
28.667130559,26.900000000000002,3,detector_inference,,9.118586540222168,
28.715675421,26.950000000000003,1,control_period,26.95,50.00000000000071,
28.715758343,26.950000000000003,2,measurement_to_controller_cmd,,48.782184,True
28.715830606,26.950000000000003,2,controller_to_actual_cmd,,0.072263,
28.715896374000003,26.950000000000003,2,control_period,26.95,50.00000000000071,
28.715951683,26.950000000000003,3,measurement_to_controller_cmd,,48.862283999999995,True
28.716453999000002,26.950000000000003,1,controller_to_actual_cmd,,1.451898,
28.716535746,26.950000000000003,3,controller_to_actual_cmd,,0.584063,
28.716612490000003,26.950000000000003,3,control_period,26.95,50.00000000000071,
28.720414408000003,26.955000000000002,1,camera_to_measurement,26.93,17.998552,True
28.720503448000002,26.955000000000002,1,detector_inference,,15.981849670410156,
28.721714674,26.955000000000002,3,detector_inference,,9.2733793258667,
28.722083325000003,26.955000000000002,3,camera_to_measurement,26.93,11.922946999999999,True
28.722445209000004,26.955000000000002,2,detector_inference,,14.720527648925781,
28.766450486,27.0,2,measurement_to_controller_cmd,,43.646774,True
28.767139622000002,27.0,2,control_period,27.0,50.00000000000071,
28.76957179,27.0,1,measurement_to_controller_cmd,,49.157382,True
28.769710426000003,27.0,1,control_period,27.0,50.00000000000071,
28.769786536,27.0,3,measurement_to_controller_cmd,,47.703210999999996,True
28.769837252000002,27.0,3,controller_to_actual_cmd,,0.050716,
28.769885207,27.0,3,control_period,27.0,50.00000000000071,
28.770572284000004,27.005000000000003,1,controller_to_actual_cmd,,1.000494,
28.770681419000002,27.005000000000003,2,controller_to_actual_cmd,,4.230932999999999,
28.788981684000003,27.020000000000003,3,detector_inference,,8.07448673248291,
28.78998101,27.025000000000002,3,camera_to_measurement,26.995,10.797205,True
28.79075982,27.025000000000002,2,camera_to_measurement,26.995,17.656879,True
28.790875225,27.025000000000002,2,detector_inference,,15.946451187133789,
28.814950366,27.05,2,measurement_to_controller_cmd,,24.190545999999998,True
28.815645027000002,27.05,1,controller_to_actual_cmd,,0.04121,
28.815721408,27.05,1,control_period,27.05,50.00000000000071,
28.815761116,27.05,2,controller_to_actual_cmd,,0.81075,
28.815801278000002,27.05,2,control_period,27.05,50.00000000000071,
28.815833883000003,27.05,3,measurement_to_controller_cmd,,25.852873,True
28.815871933,27.05,3,control_period,27.05,50.00000000000071,
28.816235081000002,27.05,3,controller_to_actual_cmd,,0.401198,
28.847413328000002,27.080000000000002,1,detector_inference,,5.910684108734131,
28.847757951000002,27.080000000000002,1,camera_to_measurement,27.065,8.151083,True
28.865198529,27.1,2,controller_to_actual_cmd,,0.038870999999999996,
28.865284478000003,27.1,2,control_period,27.1,50.00000000000071,
28.865362942,27.1,3,controller_to_actual_cmd,,0.027676,
28.865408065,27.1,3,control_period,27.1,50.00000000000071,
28.865716013,27.1,1,measurement_to_controller_cmd,,17.958061999999998,True
28.865759423,27.1,1,controller_to_actual_cmd,,0.04341,
28.865804763000003,27.1,1,control_period,27.1,50.00000000000071,
28.915893821,27.150000000000002,1,control_period,27.15,49.99999999999716,
28.916046128,27.150000000000002,2,controller_to_actual_cmd,,0.052978,
28.91613149,27.150000000000002,2,control_period,27.15,49.99999999999716,
28.916225867,27.150000000000002,3,control_period,27.15,49.99999999999716,
28.916624248,27.150000000000002,1,controller_to_actual_cmd,,0.875119,
28.916672960000003,27.150000000000002,3,controller_to_actual_cmd,,0.487336,
28.917175491000002,27.150000000000002,2,detector_inference,,10.202337265014648,
28.917447133000003,27.150000000000002,2,camera_to_measurement,27.13,11.671275999999999,True
28.917744693000003,27.150000000000002,3,detector_inference,,8.78770923614502,
28.918017713,27.150000000000002,3,camera_to_measurement,27.13,9.83911,True
28.965830924000002,27.200000000000003,1,control_period,27.2,50.00000000000071,
28.965984007000003,27.200000000000003,2,measurement_to_controller_cmd,,48.536874,True
28.966084676,27.200000000000003,2,controller_to_actual_cmd,,0.100669,
28.966184201,27.200000000000003,2,control_period,27.2,50.00000000000071,
28.966264004000003,27.200000000000003,3,measurement_to_controller_cmd,,48.246291,True
28.966353963000003,27.200000000000003,3,control_period,27.2,50.00000000000071,
28.969342190000003,27.200000000000003,1,controller_to_actual_cmd,,3.6265739999999997,
28.969470428,27.200000000000003,3,controller_to_actual_cmd,,3.2064239999999997,
28.984739602,27.220000000000002,2,camera_to_measurement,27.195,10.542199,True
28.984843459,27.220000000000002,2,detector_inference,,8.649561882019043,
29.015374237000003,27.25,2,measurement_to_controller_cmd,,30.634635,True
29.015493723000002,27.25,2,controller_to_actual_cmd,,0.119486,
29.015617922,27.25,2,control_period,27.25,50.00000000000071,
29.016243260000003,27.25,1,controller_to_actual_cmd,,0.962167,
29.016344238000002,27.25,1,control_period,27.25,50.00000000000071,
29.016427867,27.25,3,controller_to_actual_cmd,,0.7214379999999999,
29.016535330000004,27.25,3,control_period,27.25,50.00000000000071,
29.052278235000003,27.285,3,detector_inference,,8.626333236694336,
29.053364336,27.285,1,camera_to_measurement,27.26,18.501582,True
29.053421875,27.285,1,detector_inference,,16.386884689331055,
29.065804375000003,27.3,2,controller_to_actual_cmd,,0.515815,
29.065901356,27.3,2,control_period,27.3,50.00000000000071,
29.066291614,27.3,1,measurement_to_controller_cmd,,12.927278,True
29.066383417,27.3,1,control_period,27.3,50.00000000000071,
29.066454885000002,27.3,3,measurement_to_controller_cmd,,13.419163999999999,True
29.066525266000003,27.3,3,control_period,27.3,50.00000000000071,
29.066862143,27.3,1,controller_to_actual_cmd,,0.570529,
29.066912167,27.3,3,controller_to_actual_cmd,,0.45728199999999997,
29.107705442,27.340000000000003,1,detector_inference,,10.723630905151367,
29.108378666,27.340000000000003,2,camera_to_measurement,27.325,7.745734,True
29.108451900000002,27.340000000000003,2,detector_inference,,7.133645057678223,
29.114947703000002,27.35,1,measurement_to_controller_cmd,,6.651440999999999,True
29.115346354000003,27.35,1,controller_to_actual_cmd,,0.398651,
29.115434764000003,27.35,1,control_period,27.35,50.00000000000071,
29.115498732000002,27.35,2,measurement_to_controller_cmd,,7.120066,True
29.115543024,27.35,2,controller_to_actual_cmd,,0.044292,
29.115595901000002,27.35,2,control_period,27.35,50.00000000000071,
29.115669604,27.35,3,control_period,27.35,50.00000000000071,
29.115970925000003,27.35,3,controller_to_actual_cmd,,0.337171,
29.165745306,27.400000000000002,1,control_period,27.4,49.99999999999716,
29.165967281,27.400000000000002,2,control_period,27.4,49.99999999999716,
29.166604616,27.400000000000002,2,controller_to_actual_cmd,,0.7401909999999999,
29.166768052000002,27.400000000000002,3,controller_to_actual_cmd,,0.062216,
29.166879955000002,27.400000000000002,3,control_period,27.4,49.99999999999716,
29.170163704,27.400000000000002,1,controller_to_actual_cmd,,4.528613,
29.182777727,27.415000000000003,1,camera_to_measurement,27.395,13.052405,True
29.182878973,27.415000000000003,1,detector_inference,,11.749985694885254,
29.18297052,27.415000000000003,2,camera_to_measurement,27.395,9.250131,True
29.183042471,27.415000000000003,2,detector_inference,,6.8216657638549805,
29.189799738,27.425,3,camera_to_measurement,27.395,7.954922,True
29.189909283000002,27.425,3,detector_inference,,6.145627975463867,
29.214966053,27.450000000000003,3,measurement_to_controller_cmd,,25.166314999999997,True
29.215529457000002,27.450000000000003,2,measurement_to_controller_cmd,,32.558937,True
29.215632984000003,27.450000000000003,2,control_period,27.45,50.00000000000071,
29.215683097000003,27.450000000000003,3,controller_to_actual_cmd,,0.717044,
29.215742476000003,27.450000000000003,3,control_period,27.45,50.00000000000071,
29.216108096000003,27.450000000000003,1,measurement_to_controller_cmd,,33.330369,True
29.216170606000002,27.450000000000003,1,control_period,27.45,50.00000000000071,
29.216215648000002,27.450000000000003,2,controller_to_actual_cmd,,0.686191,
29.216569216000003,27.450000000000003,1,controller_to_actual_cmd,,0.46112,
29.256234085000003,27.490000000000002,2,detector_inference,,14.941530227661133,
29.256931797000004,27.490000000000002,3,camera_to_measurement,27.46,12.524702,True
29.256999121000003,27.490000000000002,3,detector_inference,,10.422069549560547,
29.257331206000003,27.490000000000002,1,camera_to_measurement,27.46,23.521084,True
29.257375254000003,27.490000000000002,1,detector_inference,,20.955217361450195,
29.264965591000003,27.5,1,measurement_to_controller_cmd,,7.634385,True
29.265103587000002,27.5,3,measurement_to_controller_cmd,,8.17179,True
29.265834573000003,27.5,1,controller_to_actual_cmd,,0.8689819999999999,
29.26592055,27.5,1,control_period,27.5,50.00000000000071,
29.265968605,27.5,2,measurement_to_controller_cmd,,9.09768,True
29.266010934,27.5,2,controller_to_actual_cmd,,0.042329,
29.266057497000002,27.5,2,control_period,27.5,50.00000000000071,
29.266098551000002,27.5,3,controller_to_actual_cmd,,0.994964,
29.266142543,27.5,3,control_period,27.5,50.00000000000071,
29.309296103,27.545,1,detector_inference,,8.058303833007812,
29.310519743,27.545,1,camera_to_measurement,27.525,12.437038999999999,True
29.315216055,27.55,1,measurement_to_controller_cmd,,4.696312,True
29.315389047000004,27.55,1,control_period,27.55,50.00000000000071,
29.315536458,27.55,2,controller_to_actual_cmd,,1.0727499999999999,
29.315682048000003,27.55,2,control_period,27.55,50.00000000000071,
29.315782183000003,27.55,3,controller_to_actual_cmd,,1.214137,
29.315916570000002,27.55,3,control_period,27.55,50.00000000000071,
29.316317878000003,27.55,1,controller_to_actual_cmd,,1.101823,
29.366283610000004,27.6,2,control_period,27.6,50.00000000000071,
29.366401853000003,27.6,3,controller_to_actual_cmd,,0.046443,
29.366488320000002,27.6,3,control_period,27.6,50.00000000000071,
29.366898016,27.6,1,controller_to_actual_cmd,,0.751428,
29.366961403,27.6,1,control_period,27.6,50.00000000000071,
29.369114476000004,27.6,2,controller_to_actual_cmd,,2.9140349999999997,
29.372978345000003,27.605,1,detector_inference,,8.869723320007324,
29.373553599,27.605,1,camera_to_measurement,27.59,10.857208,True
29.382539376,27.615000000000002,3,camera_to_measurement,27.59,7.465883,True
29.382618998,27.615000000000002,3,detector_inference,,5.9747772216796875,
29.415576335,27.650000000000002,1,measurement_to_controller_cmd,,42.022735999999995,True
29.415680614000003,27.650000000000002,1,control_period,27.65,49.99999999999716,
29.415759155000003,27.650000000000002,2,controller_to_actual_cmd,,0.031038,
29.415802683000003,27.650000000000002,2,control_period,27.65,49.99999999999716,
29.415841837000002,27.650000000000002,3,measurement_to_controller_cmd,,33.302461,True
29.415889171000003,27.650000000000002,3,control_period,27.65,49.99999999999716,
29.416235983000004,27.650000000000002,1,controller_to_actual_cmd,,0.659648,
29.416284924000003,27.650000000000002,3,controller_to_actual_cmd,,0.44308699999999995,
29.445951962000002,27.680000000000003,3,camera_to_measurement,27.655,7.35422,True
29.446067042000003,27.680000000000003,3,detector_inference,,6.008322238922119,
29.465345813000003,27.700000000000003,1,controller_to_actual_cmd,,0.09332499999999999,
29.465502344,27.700000000000003,1,control_period,27.7,50.00000000000071,
29.466083747000003,27.700000000000003,2,controller_to_actual_cmd,,0.480629,
29.466157098000004,27.700000000000003,2,control_period,27.7,50.00000000000071,
29.466199899000003,27.700000000000003,3,measurement_to_controller_cmd,,20.247937,True
29.466240792,27.700000000000003,3,controller_to_actual_cmd,,0.040893,
29.466281099000003,27.700000000000003,3,control_period,27.7,50.00000000000071,
29.504866608,27.740000000000002,1,camera_to_measurement,27.725,7.966583,True
29.504930531000003,27.740000000000002,1,detector_inference,,7.444707870483398,
29.514910415000003,27.75,1,measurement_to_controller_cmd,,10.043807,True
29.514976302,27.75,1,control_period,27.75,50.00000000000071,
29.515045293000004,27.75,3,control_period,27.75,50.00000000000071,
29.515302848,27.75,1,controller_to_actual_cmd,,0.392433,
29.515368315000003,27.75,2,controller_to_actual_cmd,,0.026709999999999998,
29.515408668000003,27.75,2,control_period,27.75,50.00000000000071,
29.515449557,27.75,3,controller_to_actual_cmd,,0.43590599999999996,
29.565618190000002,27.8,3,control_period,27.8,50.00000000000071,
29.566512096,27.8,1,control_period,27.8,50.00000000000071,
29.566667042000002,27.8,2,control_period,27.8,50.00000000000071,
29.566777582,27.8,3,controller_to_actual_cmd,,1.317377,
29.567420115,27.8,1,controller_to_actual_cmd,,1.050764,
29.567550584000003,27.8,2,controller_to_actual_cmd,,2.200698,
29.578177147,27.810000000000002,2,detector_inference,,9.246241569519043,
29.578958993,27.815,1,camera_to_measurement,27.79,16.430027,True
29.579039877000003,27.815,1,detector_inference,,14.152533531188965,
29.615219861000003,27.85,1,measurement_to_controller_cmd,,36.260867999999995,True
29.615368327000002,27.85,1,control_period,27.85,50.00000000000071,
29.615460419,27.85,2,measurement_to_controller_cmd,,36.324973,True
29.615620651,27.85,2,control_period,27.85,50.00000000000071,
29.615724075000003,27.85,3,controller_to_actual_cmd,,0.037604,
29.615777276000003,27.85,3,control_period,27.85,50.00000000000071,
29.616135823,27.85,1,controller_to_actual_cmd,,0.9159619999999999,
29.616185332,27.85,2,controller_to_actual_cmd,,0.7249129999999999,
29.637295342,27.87,1,detector_inference,,7.03592586517334,
29.638066223000003,27.87,1,camera_to_measurement,27.855,9.741418,True
29.648451107000003,27.880000000000003,3,detector_inference,,5.810449123382568,
29.649298473,27.885,3,camera_to_measurement,27.855,7.617735,True
29.665688999,27.900000000000002,1,measurement_to_controller_cmd,,27.622775999999998,True
29.665738958000002,27.900000000000002,1,controller_to_actual_cmd,,0.049958999999999996,
29.665802246000002,27.900000000000002,1,control_period,27.9,49.99999999999716,
29.665874583,27.900000000000002,2,control_period,27.9,49.99999999999716,
29.665910872,27.900000000000002,3,measurement_to_controller_cmd,,16.612399,True
29.665943613000003,27.900000000000002,3,controller_to_actual_cmd,,0.032741,
29.665979420000003,27.900000000000002,3,control_period,27.9,49.99999999999716,
29.666291882000003,27.900000000000002,2,controller_to_actual_cmd,,0.45085699999999995,
29.705646898,27.94,1,camera_to_measurement,27.92,12.629190999999999,True
29.705718171,27.94,1,detector_inference,,11.60605239868164,
29.707868344,27.94,2,detector_inference,,7.876179218292236,
29.708536994000003,27.94,2,camera_to_measurement,27.92,10.971688,True
29.715335056,27.950000000000003,1,measurement_to_controller_cmd,,9.688158,True
29.715389802,27.950000000000003,1,controller_to_actual_cmd,,0.054745999999999996,
29.715461411000003,27.950000000000003,1,control_period,27.95,50.00000000000071,
29.715506913000002,27.950000000000003,2,measurement_to_controller_cmd,,6.969919,True
29.715548232000003,27.950000000000003,2,controller_to_actual_cmd,,0.041319,
29.71562314,27.950000000000003,2,control_period,27.95,50.00000000000071,
29.715675094,27.950000000000003,3,controller_to_actual_cmd,,0.705577,
29.715735925,27.950000000000003,3,control_period,27.95,50.00000000000071,
29.716268579,27.950000000000003,3,camera_to_measurement,27.92,13.852160999999999,True
29.716323126000002,27.950000000000003,3,detector_inference,,11.01865005493164,
29.765703782000003,28.0,3,measurement_to_controller_cmd,,49.435202999999994,True
29.765845327,28.0,3,control_period,28.0,50.00000000000071,
29.766668447,28.0,2,control_period,28.0,50.00000000000071,
29.767312389,28.0,1,controller_to_actual_cmd,,0.7906639999999999,
29.767441381,28.0,1,control_period,28.0,50.00000000000071,
29.767553118000002,28.0,2,controller_to_actual_cmd,,1.943679,
29.767642806,28.0,3,controller_to_actual_cmd,,1.9390239999999999,
29.770146926000002,28.005000000000003,2,detector_inference,,7.954273223876953,
29.770847603000004,28.005000000000003,2,camera_to_measurement,27.985,10.888102,True
29.772902736000002,28.005000000000003,3,detector_inference,,8.867270469665527,
29.773602228,28.005000000000003,3,camera_to_measurement,27.985,10.254124,True
29.815455709000002,28.05,1,controller_to_actual_cmd,,0.07403599999999999,
29.815602879000004,28.05,1,control_period,28.05,50.00000000000071,
29.815686249000002,28.05,2,measurement_to_controller_cmd,,44.838646,True
29.815762377000002,28.05,2,controller_to_actual_cmd,,0.076128,
29.815862010000004,28.05,2,control_period,28.05,50.00000000000071,
29.815939317,28.05,3,measurement_to_controller_cmd,,42.337089,True
29.816023412000003,28.05,3,control_period,28.05,50.00000000000071,
29.816537847000003,28.05,3,controller_to_actual_cmd,,0.59853,
29.846794904000003,28.080000000000002,2,detector_inference,,13.215350151062012,
29.848029714000003,28.080000000000002,3,detector_inference,,7.7873358726501465,
29.848337887000003,28.080000000000002,3,camera_to_measurement,28.055,9.295625,True
29.848793039,28.085,1,camera_to_measurement,28.055,21.169978999999998,True
29.848836576000004,28.085,1,detector_inference,,18.897546768188477,
29.864711793,28.1,1,measurement_to_controller_cmd,,15.918754,True
29.864773417000002,28.1,3,measurement_to_controller_cmd,,16.43553,True
29.865176468,28.1,1,controller_to_actual_cmd,,0.464675,
29.865250936000002,28.1,1,control_period,28.1,50.00000000000071,
29.865384844,28.1,3,controller_to_actual_cmd,,0.6114269999999999,
29.865535221000002,28.1,3,control_period,28.1,50.00000000000071,
29.8660676,28.1,2,measurement_to_controller_cmd,,18.612011,True
29.86615339,28.1,2,controller_to_actual_cmd,,0.08578999999999999,
29.866242232,28.1,2,control_period,28.1,50.00000000000071,
29.900731222,28.135,1,camera_to_measurement,28.12,8.842939,True
29.900889303000003,28.135,1,detector_inference,,7.970571041107178,
29.909657756,28.145000000000003,3,camera_to_measurement,28.12,11.073447999999999,True
29.909738039,28.145000000000003,3,detector_inference,,8.839913368225098,
29.910014546000003,28.145000000000003,2,detector_inference,,13.322874069213867,
29.914724235,28.150000000000002,1,measurement_to_controller_cmd,,13.993013,True
29.9148144,28.150000000000002,1,control_period,28.15,49.99999999999716,
29.914856674000003,28.150000000000002,2,measurement_to_controller_cmd,,4.5490189999999995,True
29.914899467,28.150000000000002,2,control_period,28.15,49.99999999999716,
29.914933897,28.150000000000002,3,measurement_to_controller_cmd,,5.276141,True
29.914971379,28.150000000000002,3,control_period,28.15,49.99999999999716,
29.915307464,28.150000000000002,1,controller_to_actual_cmd,,0.583229,
29.915356944000003,28.150000000000002,2,controller_to_actual_cmd,,0.50027,
29.915394721000002,28.150000000000002,3,controller_to_actual_cmd,,0.46082399999999996,
29.965991392000003,28.200000000000003,1,control_period,28.2,50.00000000000071,
29.966101634,28.200000000000003,2,control_period,28.2,50.00000000000071,
29.966169038,28.200000000000003,3,controller_to_actual_cmd,,0.028983,
29.966209491,28.200000000000003,3,control_period,28.2,50.00000000000071,
29.966511415000003,28.200000000000003,1,controller_to_actual_cmd,,0.616256,
29.968298043,28.200000000000003,2,controller_to_actual_cmd,,2.2397299999999998,
29.975250329,28.21,2,camera_to_measurement,28.185,16.24319,True
29.975352019000002,28.21,2,detector_inference,,13.654801368713379,
29.976042983000003,28.21,3,camera_to_measurement,28.185,13.093520999999999,True
29.976160721000003,28.21,3,detector_inference,,10.96722412109375,
30.015322404000003,28.25,1,controller_to_actual_cmd,,0.088362,
30.015431030000002,28.25,1,control_period,28.25,50.00000000000071,
30.015485314000003,28.25,2,measurement_to_controller_cmd,,40.234984999999995,True
30.015525333000003,28.25,2,controller_to_actual_cmd,,0.040019,
30.015574363000002,28.25,2,control_period,28.25,50.00000000000071,
30.015612445000002,28.25,3,measurement_to_controller_cmd,,39.569462,True
30.015648417,28.25,3,controller_to_actual_cmd,,0.035972,
30.015695811,28.25,3,control_period,28.25,50.00000000000071,
30.035657504000003,28.270000000000003,1,detector_inference,,8.351056098937988,
30.036069991,28.270000000000003,1,camera_to_measurement,28.25,12.025374,True
30.046154038,28.28,3,detector_inference,,7.9224019050598145,
30.046826900000003,28.28,2,camera_to_measurement,28.25,18.947395,True
30.046932388000002,28.28,2,detector_inference,,16.676525115966797,
30.065934865000003,28.3,1,measurement_to_controller_cmd,,29.864874,True
30.066040391,28.3,1,controller_to_actual_cmd,,0.105526,
30.066159003000003,28.3,1,control_period,28.3,50.00000000000071,
30.066251481000002,28.3,2,measurement_to_controller_cmd,,19.424581,True
30.066339225,28.3,2,control_period,28.3,50.00000000000071,
30.066413329000003,28.3,3,measurement_to_controller_cmd,,19.37432,True
30.066495745,28.3,3,controller_to_actual_cmd,,0.082416,
30.066630475,28.3,3,control_period,28.3,50.00000000000071,
30.066969475,28.3,2,controller_to_actual_cmd,,0.717994,
30.107148505,28.340000000000003,1,detector_inference,,18.223648071289062,
30.107870860000002,28.340000000000003,1,camera_to_measurement,28.315,20.455914,True
30.108013800000002,28.340000000000003,2,camera_to_measurement,28.315,15.673580999999999,True
30.108113118000002,28.340000000000003,2,detector_inference,,12.287285804748535,
30.108228380000003,28.340000000000003,3,camera_to_measurement,28.315,11.926979999999999,True
30.108328939000003,28.340000000000003,3,detector_inference,,10.020820617675781,
30.114541094000003,28.35,3,measurement_to_controller_cmd,,6.312714,True
30.115254162000003,28.35,1,measurement_to_controller_cmd,,7.383302,True
30.115359284,28.35,1,controller_to_actual_cmd,,0.105122,
30.115495468000002,28.35,1,control_period,28.35,50.00000000000071,
30.115597302,28.35,2,measurement_to_controller_cmd,,7.583501999999999,True
30.115685961,28.35,2,controller_to_actual_cmd,,0.088659,
30.115793614,28.35,2,control_period,28.35,50.00000000000071,
30.115882096000004,28.35,3,controller_to_actual_cmd,,1.341002,
30.115999987000002,28.35,3,control_period,28.35,50.00000000000071,
30.165776034,28.400000000000002,1,controller_to_actual_cmd,,0.07842299999999999,
30.165910266,28.400000000000002,1,control_period,28.4,49.99999999999716,
30.166201729,28.400000000000002,2,controller_to_actual_cmd,,0.08570699999999999,
30.166321573,28.400000000000002,2,control_period,28.4,49.99999999999716,
30.167089524,28.400000000000002,3,controller_to_actual_cmd,,0.6770189999999999,
30.167184348000003,28.400000000000002,3,control_period,28.4,49.99999999999716,
30.171944951,28.405,1,detector_inference,,12.902080535888672,
30.172599497,28.405,1,camera_to_measurement,28.385,14.953589,True
30.172718727000003,28.405,3,camera_to_measurement,28.385,8.313813,True
30.172797560000003,28.405,3,detector_inference,,7.050777912139893,
30.215150722,28.450000000000003,1,measurement_to_controller_cmd,,42.551224999999995,True
30.215235500000002,28.450000000000003,1,control_period,28.45,50.00000000000071,
30.215351179000002,28.450000000000003,2,control_period,28.45,50.00000000000071,
30.215400844,28.450000000000003,3,measurement_to_controller_cmd,,42.682117,True
30.215462297000002,28.450000000000003,3,control_period,28.45,50.00000000000071,
30.215858144000002,28.450000000000003,1,controller_to_actual_cmd,,0.707422,
30.215911123,28.450000000000003,2,controller_to_actual_cmd,,0.6280049999999999,
30.215951399,28.450000000000003,3,controller_to_actual_cmd,,0.550555,
30.23544138,28.470000000000002,1,detector_inference,,8.580472946166992,
30.236224043000004,28.470000000000002,1,camera_to_measurement,28.45,11.188678999999999,True
30.248820794,28.48,2,detector_inference,,16.21234130859375,
30.249630951,28.485000000000003,2,camera_to_measurement,28.45,20.351181999999998,True
30.253110847000002,28.485000000000003,3,detector_inference,,13.761931419372559,
30.265009264000003,28.5,2,measurement_to_controller_cmd,,15.378312999999999,True
30.265595901,28.5,1,measurement_to_controller_cmd,,29.371858,True
30.265688911,28.5,1,control_period,28.5,50.00000000000071,
30.265737191000003,28.5,2,controller_to_actual_cmd,,0.727927,
30.265782962000003,28.5,2,control_period,28.5,50.00000000000071,
30.265823674000004,28.5,3,measurement_to_controller_cmd,,11.961855,True
30.265860038000003,28.5,3,controller_to_actual_cmd,,0.036364,
30.265901459000002,28.5,3,control_period,28.5,50.00000000000071,
30.266232100000003,28.5,1,controller_to_actual_cmd,,0.636199,
30.307830727000002,28.540000000000003,1,detector_inference,,14.297805786132812,
30.308513593,28.540000000000003,1,camera_to_measurement,28.515,17.463238999999998,True
30.309338281000002,28.545,3,camera_to_measurement,28.515,12.064605,True
30.309461237,28.545,3,detector_inference,,10.428730964660645,
30.310085688,28.545,2,camera_to_measurement,28.515,14.989578999999999,True
30.310176994000003,28.545,2,detector_inference,,12.553647994995117,
30.315050588000002,28.55,1,measurement_to_controller_cmd,,6.536995,True
30.315164405,28.55,1,controller_to_actual_cmd,,0.113817,
30.315278842,28.55,1,control_period,28.55,50.00000000000071,
30.315366874000002,28.55,2,measurement_to_controller_cmd,,5.281186,True
30.315459969000003,28.55,2,controller_to_actual_cmd,,0.093095,
30.315568032,28.55,2,control_period,28.55,50.00000000000071,
30.316154787000002,28.55,3,measurement_to_controller_cmd,,6.8165059999999995,True
30.316245305000002,28.55,3,controller_to_actual_cmd,,0.090518,
30.316341933,28.55,3,control_period,28.55,50.00000000000071,
30.365742995,28.6,1,control_period,28.6,50.00000000000071,
30.365995029,28.6,2,control_period,28.6,50.00000000000071,
30.366826185,28.6,1,controller_to_actual_cmd,,1.223112,
30.36701751,28.6,2,camera_to_measurement,28.58,13.107588,True
30.367138654,28.6,2,detector_inference,,10.76484489440918,
30.367251333000002,28.6,2,controller_to_actual_cmd,,1.381794,
30.367458443,28.6,3,control_period,28.6,50.00000000000071,
30.368153705,28.6,3,camera_to_measurement,28.58,11.633766999999999,True
30.368272968000003,28.6,3,detector_inference,,9.089680671691895,
30.368390820000002,28.6,3,controller_to_actual_cmd,,1.025018,
30.415889879,28.650000000000002,3,measurement_to_controller_cmd,,47.736174,True
30.416023090000003,28.650000000000002,3,controller_to_actual_cmd,,0.133211,
30.416165430000003,28.650000000000002,3,control_period,28.65,49.99999999999716,
30.416956419,28.650000000000002,1,controller_to_actual_cmd,,0.08673499999999999,
30.417081368,28.650000000000002,1,control_period,28.65,49.99999999999716,
30.417177582,28.650000000000002,2,measurement_to_controller_cmd,,50.160072,True
30.417279150000002,28.650000000000002,2,controller_to_actual_cmd,,0.10156799999999999,
30.417398451,28.650000000000002,2,control_period,28.65,49.99999999999716,
30.440448432,28.675,2,camera_to_measurement,28.645,12.737433999999999,True
30.440621162000003,28.675,2,detector_inference,,10.26189136505127,
30.441507444000003,28.675,3,camera_to_measurement,28.645,10.726049999999999,True
30.441626458,28.675,3,detector_inference,,9.245413780212402,
30.465928410000004,28.700000000000003,1,control_period,28.7,50.00000000000071,
30.466013070000002,28.700000000000003,2,measurement_to_controller_cmd,,25.564638,True
30.466073678,28.700000000000003,2,control_period,28.7,50.00000000000071,
30.466117145000002,28.700000000000003,3,measurement_to_controller_cmd,,24.609700999999998,True
30.466156215,28.700000000000003,3,controller_to_actual_cmd,,0.03907,
30.466199744,28.700000000000003,3,control_period,28.7,50.00000000000071,
30.466644456,28.700000000000003,2,controller_to_actual_cmd,,0.631386,
30.467105181,28.700000000000003,1,controller_to_actual_cmd,,1.268756,
30.503769863000002,28.735000000000003,1,detector_inference,,7.7818169593811035,
30.504705888,28.740000000000002,1,camera_to_measurement,28.715,11.107339,True
30.515493052000004,28.750000000000004,1,measurement_to_controller_cmd,,10.787163999999999,True
30.515650688,28.750000000000004,1,control_period,28.75,50.00000000000071,
30.515843114000003,28.750000000000004,2,controller_to_actual_cmd,,0.081065,
30.515959470000002,28.750000000000004,2,control_period,28.75,50.00000000000071,
30.516616510000002,28.750000000000004,1,controller_to_actual_cmd,,1.1234579999999998,
30.516841671,28.750000000000004,3,controller_to_actual_cmd,,0.089477,
30.516985978,28.750000000000004,3,control_period,28.75,50.00000000000071,
30.517676135000002,28.750000000000004,3,camera_to_measurement,28.715,11.302503,True
30.517788518000003,28.750000000000004,3,detector_inference,,8.937137603759766,
30.566779909,28.8,1,detector_inference,,10.466259002685547,
30.567039018000003,28.8,2,controller_to_actual_cmd,,0.10241499999999999,
30.567193773000003,28.8,2,control_period,28.8,50.00000000000071,
30.567310527000004,28.8,3,measurement_to_controller_cmd,,49.634392,True
30.567420834000004,28.8,3,controller_to_actual_cmd,,0.11030699999999999,
30.567575532000003,28.8,3,control_period,28.8,50.00000000000071,
30.568388273000004,28.8,1,camera_to_measurement,28.78,13.746901999999999,True
30.568530284,28.8,1,measurement_to_controller_cmd,,0.142011,True
30.568668100000004,28.8,1,controller_to_actual_cmd,,0.137816,
30.568800437,28.8,1,control_period,28.8,50.00000000000071,
30.575773520000002,28.810000000000002,3,camera_to_measurement,28.78,10.170751,True
30.575846071,28.810000000000002,3,detector_inference,,8.752208709716797,
30.577839863,28.810000000000002,2,detector_inference,,16.989341735839844,
30.578470762000002,28.810000000000002,2,camera_to_measurement,28.78,19.617963,True
30.61608842,28.85,2,measurement_to_controller_cmd,,37.617658,True
30.616219109000003,28.85,2,control_period,28.85,50.00000000000071,
30.616290972,28.85,3,measurement_to_controller_cmd,,40.517452,True
30.616367432,28.85,3,control_period,28.85,50.00000000000071,
30.616875172,28.85,1,control_period,28.85,50.00000000000071,
30.616925142000003,28.85,2,controller_to_actual_cmd,,0.836722,
30.616966252,28.85,3,controller_to_actual_cmd,,0.67528,
30.618347421000003,28.85,1,controller_to_actual_cmd,,1.527566,
30.635514176,28.87,2,camera_to_measurement,28.845,11.301025,True
30.635640098000003,28.87,2,detector_inference,,9.155343055725098,
30.640196898000003,28.875000000000004,3,camera_to_measurement,28.845,12.382814999999999,True
30.640267161,28.875000000000004,3,detector_inference,,11.054689407348633,
30.665524534000003,28.900000000000002,2,measurement_to_controller_cmd,,30.010358,True
30.665989846000002,28.900000000000002,2,controller_to_actual_cmd,,0.465312,
30.666109317000004,28.900000000000002,2,control_period,28.9,49.99999999999716,
30.666158325,28.900000000000002,3,measurement_to_controller_cmd,,25.961427,True
30.666663817000003,28.900000000000002,1,control_period,28.9,49.99999999999716,
30.666718817000003,28.900000000000002,3,controller_to_actual_cmd,,0.560492,
30.666773235,28.900000000000002,3,control_period,28.9,49.99999999999716,
30.667106576000002,28.900000000000002,1,controller_to_actual_cmd,,0.5121169999999999,
30.706776652000002,28.94,3,detector_inference,,7.328567981719971,
30.70718811,28.94,3,camera_to_measurement,28.91,10.071413,True
30.715498057,28.950000000000003,2,control_period,28.95,50.00000000000071,
30.715585981,28.950000000000003,3,measurement_to_controller_cmd,,8.397871,True
30.715667410000002,28.950000000000003,3,control_period,28.95,50.00000000000071,
30.716164121000002,28.950000000000003,1,controller_to_actual_cmd,,0.042022,
30.716227878,28.950000000000003,1,control_period,28.95,50.00000000000071,
30.716271644000003,28.950000000000003,2,controller_to_actual_cmd,,0.881779,
30.716313600000003,28.950000000000003,3,controller_to_actual_cmd,,0.727619,
30.758755763000003,28.990000000000002,1,camera_to_measurement,28.975,10.562902,True
30.758901152000004,28.990000000000002,1,detector_inference,,7.863149166107178,
30.766210192000003,29.000000000000004,3,control_period,29.0,50.00000000000071,
30.766650462,29.000000000000004,1,measurement_to_controller_cmd,,7.894698999999999,True
30.766713504000002,29.000000000000004,1,controller_to_actual_cmd,,0.063042,
30.766770784000002,29.000000000000004,1,control_period,29.0,50.00000000000071,
30.766843280000003,29.000000000000004,2,controller_to_actual_cmd,,0.029921,
30.766887733,29.000000000000004,2,control_period,29.0,50.00000000000071,
30.766924417000002,29.000000000000004,3,controller_to_actual_cmd,,0.8563729999999999,
30.768451962,29.000000000000004,2,detector_inference,,12.663947105407715,
30.769340084000003,29.005000000000003,2,camera_to_measurement,28.975,15.796617999999999,True
30.769890446,29.005000000000003,3,camera_to_measurement,28.975,12.167237,True
30.769972488,29.005000000000003,3,detector_inference,,10.796605110168457,
30.815900706,29.05,2,measurement_to_controller_cmd,,46.560621999999995,True
30.816061262,29.05,2,controller_to_actual_cmd,,0.160556,
30.816235558000002,29.05,2,control_period,29.05,50.00000000000071,
30.816369142000003,29.05,3,measurement_to_controller_cmd,,46.478696,True
30.817300773000003,29.05,1,controller_to_actual_cmd,,0.092919,
30.817447553,29.05,1,control_period,29.05,50.00000000000071,
30.818053591,29.05,3,controller_to_actual_cmd,,1.6844489999999999,
30.818192683000003,29.05,3,control_period,29.05,50.00000000000071,
30.836881732000002,29.07,2,detector_inference,,7.343939781188965,
30.837512742,29.07,2,camera_to_measurement,29.045,9.526470999999999,True
30.845644046,29.080000000000002,3,camera_to_measurement,29.045,12.845212,True
30.845718388,29.080000000000002,3,detector_inference,,10.044892311096191,
30.865378613,29.1,2,measurement_to_controller_cmd,,27.865871,True
30.865459956000002,29.1,3,measurement_to_controller_cmd,,19.81591,True
30.865585047000003,29.1,3,control_period,29.1,50.00000000000071,
30.866231906000003,29.1,1,controller_to_actual_cmd,,0.04109,
30.866299846,29.1,1,control_period,29.1,50.00000000000071,
30.866340630000003,29.1,2,controller_to_actual_cmd,,0.962017,
30.866380548000002,29.1,2,control_period,29.1,50.00000000000071,
30.866414962,29.1,3,controller_to_actual_cmd,,0.9550059999999999,
30.903694383,29.135,2,detector_inference,,11.778058052062988,
30.904448176000002,29.135,2,camera_to_measurement,29.11,14.694367999999999,True
30.904595714000003,29.135,3,detector_inference,,7.670903205871582,
30.905378932,29.14,3,camera_to_measurement,29.11,11.327719,True
30.915422237,29.150000000000002,2,measurement_to_controller_cmd,,10.974060999999999,True
30.915515681000002,29.150000000000002,2,control_period,29.15,49.99999999999716,
30.915564000000003,29.150000000000002,3,measurement_to_controller_cmd,,10.185068,True
30.915609704,29.150000000000002,3,control_period,29.15,49.99999999999716,
30.915949576000003,29.150000000000002,1,controller_to_actual_cmd,,0.5683929999999999,
30.916004973000003,29.150000000000002,1,control_period,29.15,49.99999999999716,
30.916056542000003,29.150000000000002,2,controller_to_actual_cmd,,0.634305,
30.916098875000003,29.150000000000002,3,controller_to_actual_cmd,,0.534875,
30.95780011,29.19,1,detector_inference,,9.272436141967773,
30.958209251000003,29.19,1,camera_to_measurement,29.175,11.636500999999999,True
30.966929111000002,29.200000000000003,1,measurement_to_controller_cmd,,8.719859999999999,True
30.966991370000002,29.200000000000003,1,controller_to_actual_cmd,,0.062258999999999995,
30.967061734,29.200000000000003,1,control_period,29.2,50.00000000000071,
30.967153348000004,29.200000000000003,2,controller_to_actual_cmd,,0.043359999999999996,
30.967202315,29.200000000000003,2,control_period,29.2,50.00000000000071,
30.967279705000003,29.200000000000003,3,controller_to_actual_cmd,,0.034799,
30.967325779000003,29.200000000000003,3,control_period,29.2,50.00000000000071,
30.971573007000003,29.205000000000002,3,detector_inference,,13.49743938446045,
30.972504659000002,29.205000000000002,3,camera_to_measurement,29.175,16.869108,True
31.016885071,29.250000000000004,2,control_period,29.25,50.00000000000071,
31.016964395000002,29.250000000000004,3,measurement_to_controller_cmd,,44.459736,True
31.017068206,29.250000000000004,3,control_period,29.25,50.00000000000071,
31.017687615000003,29.250000000000004,3,controller_to_actual_cmd,,0.72322,
31.020305244000003,29.255000000000003,1,controller_to_actual_cmd,,0.03791,
31.020387007000004,29.255000000000003,1,control_period,29.25,50.00000000000071,
31.020429632000003,29.255000000000003,2,controller_to_actual_cmd,,3.631008,
31.036421804000003,29.270000000000003,3,detector_inference,,8.743906021118164,
31.036839845000003,29.270000000000003,1,camera_to_measurement,29.24,21.738816999999997,True
31.036901674000003,29.270000000000003,1,detector_inference,,18.895904541015625,
31.036956379000003,29.270000000000003,3,camera_to_measurement,29.24,11.570126,True
31.066269226000003,29.3,1,measurement_to_controller_cmd,,29.429381,True
31.066381178,29.3,1,controller_to_actual_cmd,,0.111952,
31.066577534,29.3,1,control_period,29.3,50.00000000000071,
31.066689799000002,29.3,2,controller_to_actual_cmd,,1.0215619999999999,
31.066757861000003,29.3,2,control_period,29.3,50.00000000000071,
31.066801195000004,29.3,3,measurement_to_controller_cmd,,29.844815999999998,True
31.066838818,29.3,3,controller_to_actual_cmd,,0.037623,
31.066881683000002,29.3,3,control_period,29.3,50.00000000000071,
31.090203213000002,29.32,1,detector_inference,,10.726022720336914,
31.091029448,29.32,1,camera_to_measurement,29.305,12.335313,True
31.098262251,29.330000000000002,2,detector_inference,,9.496500015258789,
31.098885029,29.330000000000002,2,camera_to_measurement,29.305,10.949788,True
31.114660146000002,29.35,1,measurement_to_controller_cmd,,23.630698,True
31.114740671000003,29.35,1,control_period,29.35,50.00000000000071,
31.114778093,29.35,2,measurement_to_controller_cmd,,15.893063999999999,True
31.114829906,29.35,2,control_period,29.35,50.00000000000071,
31.115382471,29.35,1,controller_to_actual_cmd,,0.722325,
31.115445071000003,29.35,2,controller_to_actual_cmd,,0.666978,
31.115525496000004,29.35,3,controller_to_actual_cmd,,0.031052999999999997,
31.115576966000003,29.35,3,control_period,29.35,50.00000000000071,
31.16061631,29.395000000000003,1,camera_to_measurement,29.375,13.235665,True
31.160717978,29.395000000000003,1,detector_inference,,10.977713584899902,
31.162316608,29.395000000000003,2,detector_inference,,10.583341598510742,
31.162921489000002,29.395000000000003,2,camera_to_measurement,29.375,12.616881999999999,True
31.165242652000003,29.400000000000002,2,measurement_to_controller_cmd,,2.321163,True
31.165978904000003,29.400000000000002,1,measurement_to_controller_cmd,,5.362594,True
31.166074798,29.400000000000002,1,controller_to_actual_cmd,,0.095894,
31.166170929000003,29.400000000000002,1,control_period,29.4,49.99999999999716,
31.166240367,29.400000000000002,2,controller_to_actual_cmd,,0.9977149999999999,
31.166308139,29.400000000000002,2,control_period,29.4,49.99999999999716,
31.166381457000004,29.400000000000002,3,controller_to_actual_cmd,,0.031552,
31.166423556,29.400000000000002,3,control_period,29.4,49.99999999999716,
31.170073325,29.405,3,detector_inference,,7.093730926513672,
31.216573648,29.450000000000003,1,controller_to_actual_cmd,,0.06308,
31.216672971,29.450000000000003,1,control_period,29.45,50.00000000000071,
31.216785159,29.450000000000003,2,control_period,29.45,50.00000000000071,
31.216830784000003,29.450000000000003,3,measurement_to_controller_cmd,,46.809807,True
31.219075353,29.450000000000003,3,controller_to_actual_cmd,,2.244569,
31.219208781000003,29.450000000000003,3,control_period,29.45,50.00000000000071,
31.220020818000002,29.455000000000002,2,controller_to_actual_cmd,,3.28176,
31.228043303000003,29.46,2,detector_inference,,7.215949058532715,
31.228430611,29.46,2,camera_to_measurement,29.44,9.687201,True
31.236054146,29.470000000000002,3,detector_inference,,8.283626556396484,
31.236431125000003,29.470000000000002,3,camera_to_measurement,29.44,9.459249999999999,True
31.265287306,29.500000000000004,2,measurement_to_controller_cmd,,36.856694999999995,True
31.26535236,29.500000000000004,3,measurement_to_controller_cmd,,28.921235,True
31.266114979,29.500000000000004,1,controller_to_actual_cmd,,0.946606,
31.266275349,29.500000000000004,1,control_period,29.5,50.00000000000071,
31.266393918000002,29.500000000000004,2,controller_to_actual_cmd,,1.106612,
31.266554141,29.500000000000004,2,control_period,29.5,50.00000000000071,
31.266638643,29.500000000000004,3,controller_to_actual_cmd,,1.2862829999999998,
31.266689512000003,29.500000000000004,3,control_period,29.5,50.00000000000071,
31.288275277,29.520000000000003,1,detector_inference,,8.301040649414062,
31.288972022000003,29.520000000000003,1,camera_to_measurement,29.505,11.135893,True
31.298206994,29.53,3,camera_to_measurement,29.505,6.834941,True
31.298281000000003,29.53,3,detector_inference,,5.698915958404541,
31.314772456000004,29.55,1,measurement_to_controller_cmd,,25.800434,True
31.314821192000004,29.55,3,measurement_to_controller_cmd,,16.614198,True
31.314873789000004,29.55,3,control_period,29.55,50.00000000000071,
31.315172190000002,29.55,1,controller_to_actual_cmd,,0.399734,
31.315237499000002,29.55,1,control_period,29.55,50.00000000000071,
31.315326483000003,29.55,3,controller_to_actual_cmd,,0.5052909999999999,
31.315658845,29.55,2,controller_to_actual_cmd,,0.36894,
31.315709193000004,29.55,2,control_period,29.55,50.00000000000071,
31.350926096000002,29.585,1,detector_inference,,7.813836097717285,
31.351574738000004,29.585,1,camera_to_measurement,29.57,9.591114,True
31.35880208,29.590000000000003,3,detector_inference,,6.287275791168213,
31.359604818,29.590000000000003,3,camera_to_measurement,29.57,9.837197,True
31.364853224,29.6,1,measurement_to_controller_cmd,,13.278486,True
31.365010031,29.6,2,control_period,29.6,50.00000000000071,
31.365076665000004,29.6,3,measurement_to_controller_cmd,,5.4718469999999995,True
31.365148422,29.6,3,control_period,29.6,50.00000000000071,
31.365966105000002,29.6,1,controller_to_actual_cmd,,1.112881,
31.366121682000003,29.6,1,control_period,29.6,50.00000000000071,
31.366247073,29.6,3,controller_to_actual_cmd,,1.170408,
31.366865989,29.6,2,controller_to_actual_cmd,,1.944623,
31.415286294,29.650000000000002,3,control_period,29.65,49.99999999999716,
31.415693774,29.650000000000002,1,controller_to_actual_cmd,,0.548043,
31.415769735,29.650000000000002,1,control_period,29.65,49.99999999999716,
31.415938536000002,29.650000000000002,3,controller_to_actual_cmd,,0.745313,
31.416708125000003,29.650000000000002,2,controller_to_actual_cmd,,0.080838,
31.416843707,29.650000000000002,2,control_period,29.65,49.99999999999716,
31.426136952,29.66,3,detector_inference,,5.867876052856445,
31.426857419,29.66,3,camera_to_measurement,29.635,7.475537999999999,True
31.465770594000002,29.700000000000003,1,control_period,29.7,50.00000000000071,
31.465998727000002,29.700000000000003,2,controller_to_actual_cmd,,0.097144,
31.466129572000003,29.700000000000003,2,control_period,29.7,50.00000000000071,
31.466775238,29.700000000000003,1,controller_to_actual_cmd,,1.1373339999999998,
31.466869142000004,29.700000000000003,3,measurement_to_controller_cmd,,40.011722999999996,True
31.466946532,29.700000000000003,3,controller_to_actual_cmd,,0.07739,
31.467045310000003,29.700000000000003,3,control_period,29.7,50.00000000000071,
31.490310301,29.725,1,camera_to_measurement,29.705,12.886122,True
31.490410824,29.725,1,detector_inference,,10.971186637878418,
31.495128829000002,29.73,3,camera_to_measurement,29.705,6.673474,True
31.495225209,29.73,3,detector_inference,,5.973423957824707,
31.514999555000003,29.750000000000004,1,measurement_to_controller_cmd,,24.689254,True
31.515068300000003,29.750000000000004,1,controller_to_actual_cmd,,0.068745,
31.515159562,29.750000000000004,1,control_period,29.75,50.00000000000071,
31.515195509,29.750000000000004,2,controller_to_actual_cmd,,0.6625099999999999,
31.515234016,29.750000000000004,2,control_period,29.75,50.00000000000071,
31.51526574,29.750000000000004,3,measurement_to_controller_cmd,,20.136910999999998,True
31.515293421000003,29.750000000000004,3,controller_to_actual_cmd,,0.027680999999999997,
31.515323463,29.750000000000004,3,control_period,29.75,50.00000000000071,
31.56542947,29.8,1,control_period,29.8,50.00000000000071,
31.565615671000003,29.8,2,control_period,29.8,50.00000000000071,
31.565793767000002,29.8,3,control_period,29.8,50.00000000000071,
31.566137004,29.8,1,controller_to_actual_cmd,,0.812542,
31.566179604000002,29.8,2,controller_to_actual_cmd,,0.642018,
31.566211520000003,29.8,3,controller_to_actual_cmd,,0.5116149999999999,
31.617077156,29.85,1,control_period,29.85,50.00000000000071,
31.617402184000003,29.85,3,control_period,29.85,50.00000000000071,
31.618063129000003,29.85,1,controller_to_actual_cmd,,1.12808,
31.618172559,29.85,2,controller_to_actual_cmd,,0.961627,
31.618327306,29.85,2,control_period,29.85,50.00000000000071,
31.618429252000002,29.85,3,controller_to_actual_cmd,,1.121389,
31.628527028,29.860000000000003,1,camera_to_measurement,29.835,17.978226,True
31.628685447000002,29.860000000000003,1,detector_inference,,16.005056381225586,
31.630031279,29.865000000000002,2,camera_to_measurement,29.835,14.507741,True
31.630129219,29.865000000000002,2,detector_inference,,11.943530082702637,
31.632418437000002,29.865000000000002,3,detector_inference,,10.130606651306152,
31.632961038,29.865000000000002,3,camera_to_measurement,29.835,12.194078,True
31.664904376000003,29.900000000000002,1,measurement_to_controller_cmd,,36.377348,True
31.664986051000003,29.900000000000002,1,control_period,29.9,49.99999999999716,
31.665028049000004,29.900000000000002,2,measurement_to_controller_cmd,,34.99677,True
31.665079743000003,29.900000000000002,2,control_period,29.9,49.99999999999716,
31.665598640000002,29.900000000000002,1,controller_to_actual_cmd,,0.694264,
31.665665543000003,29.900000000000002,3,measurement_to_controller_cmd,,32.704505,True
31.665740532,29.900000000000002,3,control_period,29.9,49.99999999999716,
31.666294287000003,29.900000000000002,2,controller_to_actual_cmd,,1.266238,
31.666421699,29.900000000000002,3,controller_to_actual_cmd,,0.7561559999999999,
31.686976216,29.92,1,detector_inference,,7.523317813873291,
31.69529036,29.930000000000003,3,detector_inference,,7.941214084625244,
31.695875574000002,29.930000000000003,3,camera_to_measurement,29.9,9.539958,True
31.714419985000003,29.950000000000003,3,measurement_to_controller_cmd,,18.544411,True
31.714940444000003,29.950000000000003,1,measurement_to_controller_cmd,,28.012368,True
31.715030467000002,29.950000000000003,1,controller_to_actual_cmd,,0.09002299999999999,
31.715151217000003,29.950000000000003,1,control_period,29.95,50.00000000000071,
31.715312032000003,29.950000000000003,2,controller_to_actual_cmd,,0.06788799999999999,
31.715396342000002,29.950000000000003,2,control_period,29.95,50.00000000000071,
31.715466874,29.950000000000003,3,controller_to_actual_cmd,,1.046889,
31.715557197000003,29.950000000000003,3,control_period,29.95,50.00000000000071,
31.757731932000002,29.990000000000002,2,detector_inference,,12.006391525268555,
31.758192017000002,29.990000000000002,2,camera_to_measurement,29.965,14.931348,True
31.759182308000003,29.995,1,detector_inference,,19.711959838867188,
31.759895738,29.995,1,camera_to_measurement,29.965,21.928849,True
31.759973834000004,29.995,3,detector_inference,,9.242500305175781,
31.760351586000002,29.995,3,camera_to_measurement,29.965,12.051238,True
31.765636754000003,30.000000000000004,1,measurement_to_controller_cmd,,5.741016,True
31.765782708000003,30.000000000000004,1,controller_to_actual_cmd,,0.145954,
31.765958847,30.000000000000004,1,control_period,30.0,50.00000000000071,
31.766071787,30.000000000000004,2,measurement_to_controller_cmd,,7.87977,True
31.766193457000004,30.000000000000004,2,control_period,30.0,50.00000000000071,
31.76630996,30.000000000000004,3,measurement_to_controller_cmd,,5.958374,True
31.766424665000002,30.000000000000004,3,control_period,30.0,50.00000000000071,
31.767088183000002,30.000000000000004,2,controller_to_actual_cmd,,1.0163959999999999,
31.767183852000002,30.000000000000004,3,controller_to_actual_cmd,,0.873892,
31.816500982,30.05,1,controller_to_actual_cmd,,0.085745,
31.816636845,30.05,1,control_period,30.05,50.00000000000071,
31.816803935000003,30.05,2,controller_to_actual_cmd,,0.075504,
31.816919657000003,30.05,2,control_period,30.05,50.00000000000071,
31.818893415,30.05,3,control_period,30.05,50.00000000000071,
31.819636627,30.055000000000003,3,controller_to_actual_cmd,,0.8596999999999999,
31.820939350000003,30.055000000000003,2,detector_inference,,6.574771881103516,
31.821276371000003,30.055000000000003,2,camera_to_measurement,30.035,7.482984,True
31.865249517000002,30.1,1,controller_to_actual_cmd,,0.045330999999999996,
31.865331343,30.1,1,control_period,30.1,50.00000000000071,
31.865407180000002,30.1,3,controller_to_actual_cmd,,0.034967,
31.865447647000003,30.1,3,control_period,30.1,50.00000000000071,
31.865737176000003,30.1,2,measurement_to_controller_cmd,,44.460805,True
31.865804928000003,30.1,2,control_period,30.1,50.00000000000071,
31.866112918000002,30.1,2,controller_to_actual_cmd,,0.37574199999999996,
31.894861284,30.130000000000003,2,camera_to_measurement,30.1,14.905253,True
31.894923107,30.130000000000003,2,detector_inference,,12.802905082702637,
31.895466969,30.130000000000003,1,detector_inference,,21.058143615722656,
31.896127019,30.130000000000003,3,camera_to_measurement,30.1,12.620460999999999,True
31.896175598000003,30.130000000000003,3,detector_inference,,10.424823760986328,
31.896509830000003,30.130000000000003,1,camera_to_measurement,30.1,22.823086,True
31.915064539000003,30.150000000000002,1,measurement_to_controller_cmd,,18.554709,True
31.915114432000003,30.150000000000002,1,controller_to_actual_cmd,,0.049893,
31.915175351000002,30.150000000000002,1,control_period,30.15,49.99999999999716,
31.915226295000004,30.150000000000002,2,measurement_to_controller_cmd,,20.365011,True
31.915265762,30.150000000000002,2,controller_to_actual_cmd,,0.039466999999999995,
31.915307988000002,30.150000000000002,2,control_period,30.15,49.99999999999716,
31.915342983000002,30.150000000000002,3,measurement_to_controller_cmd,,19.215964,True
31.915384111,30.150000000000002,3,control_period,30.15,49.99999999999716,
31.915726542,30.150000000000002,3,controller_to_actual_cmd,,0.383559,
31.951201445000002,30.185000000000002,2,camera_to_measurement,30.165,11.753679,True
31.951294724,30.185000000000002,2,detector_inference,,10.138612747192383,
31.951903126,30.185000000000002,3,camera_to_measurement,30.165,10.304834999999999,True
31.951955111000004,30.185000000000002,3,detector_inference,,7.469404220581055,
31.965227384000002,30.200000000000003,3,measurement_to_controller_cmd,,13.324257999999999,True
31.965353216,30.200000000000003,3,control_period,30.2,50.00000000000071,
31.965731266000002,30.200000000000003,1,control_period,30.2,50.00000000000071,
31.965771770000003,30.200000000000003,3,controller_to_actual_cmd,,0.5443859999999999,
31.966178712,30.200000000000003,1,controller_to_actual_cmd,,0.49413199999999996,
31.966241049,30.200000000000003,2,measurement_to_controller_cmd,,15.039603999999999,True
31.966340116,30.200000000000003,2,control_period,30.2,50.00000000000071,
31.966802885000003,30.200000000000003,2,controller_to_actual_cmd,,0.561836,
32.015379174,30.250000000000004,3,controller_to_actual_cmd,,0.048341999999999996,
32.015540967,30.250000000000004,3,control_period,30.25,50.00000000000071,
32.016070384,30.250000000000004,1,control_period,30.25,50.00000000000071,
32.016444275000005,30.250000000000004,1,controller_to_actual_cmd,,1.190145,
32.016937345,30.250000000000004,2,control_period,30.25,50.00000000000071,
32.01734606,30.250000000000004,2,controller_to_actual_cmd,,0.825589,
32.025732711,30.26,1,camera_to_measurement,30.23,15.643659999999999,True
32.025843276,30.26,1,detector_inference,,13.697280883789062,
32.028089937000004,30.26,2,detector_inference,,11.279549598693848,
32.028887548,30.26,2,camera_to_measurement,30.23,15.537533,True
32.030390960000005,30.265,3,camera_to_measurement,30.23,8.494919,True
32.030532247000004,30.265,3,detector_inference,,7.1057329177856445,
32.065839291,30.3,3,measurement_to_controller_cmd,,35.448330999999996,True
32.066061054,30.3,3,control_period,30.3,50.00000000000071,
32.066730176,30.3,2,measurement_to_controller_cmd,,37.842628,True
32.066889094000004,30.3,2,controller_to_actual_cmd,,0.158918,
32.066980663,30.3,2,control_period,30.3,50.00000000000071,
32.067030154,30.3,3,controller_to_actual_cmd,,1.190863,
32.067463301000004,30.3,1,measurement_to_controller_cmd,,41.73059,True
32.067660687,30.3,1,control_period,30.3,50.00000000000071,
32.070708627,30.305000000000003,1,controller_to_actual_cmd,,3.245326,
32.081583968000004,30.315,1,camera_to_measurement,30.295,11.999297,True
32.081657048000004,30.315,1,detector_inference,,6.579477787017822,
32.088090415,30.32,3,detector_inference,,6.062046051025391,
32.088806807000005,30.32,3,camera_to_measurement,30.295,8.063665,True
32.114682210000005,30.35,1,measurement_to_controller_cmd,,33.098242,True
32.114777396,30.35,1,controller_to_actual_cmd,,0.09518599999999999,
32.114888855000004,30.35,1,control_period,30.35,50.00000000000071,
32.115043782,30.35,2,control_period,30.35,50.00000000000071,
32.115561017000005,30.35,2,controller_to_actual_cmd,,0.593696,
32.115611664,30.35,3,measurement_to_controller_cmd,,26.804857,True
32.115645151,30.35,3,controller_to_actual_cmd,,0.033486999999999996,
32.115706354000004,30.35,3,control_period,30.35,50.00000000000071,
32.145381198,30.380000000000003,1,camera_to_measurement,30.365,8.257113,True
32.145541193,30.380000000000003,1,detector_inference,,7.109640121459961,
32.150733127,30.385,2,detector_inference,,8.070293426513672,
32.15114048,30.385,2,camera_to_measurement,30.365,9.947714,True
32.156525274,30.39,3,detector_inference,,6.342554092407227,
32.157316571,30.39,3,camera_to_measurement,30.365,8.951153999999999,True
32.165340811,30.400000000000002,1,measurement_to_controller_cmd,,19.959612999999997,True
32.165457342,30.400000000000002,1,control_period,30.4,49.99999999999716,
32.165548271,30.400000000000002,3,measurement_to_controller_cmd,,8.2317,True
32.165626704000005,30.400000000000002,3,control_period,30.4,49.99999999999716,
32.165969652,30.400000000000002,2,measurement_to_controller_cmd,,14.829172,True
32.166017273,30.400000000000002,2,controller_to_actual_cmd,,0.047621,
32.166067581,30.400000000000002,2,control_period,30.4,49.99999999999716,
32.166103606,30.400000000000002,3,controller_to_actual_cmd,,0.555335,
32.166375081000005,30.400000000000002,1,controller_to_actual_cmd,,1.03427,
32.216057541000005,30.450000000000003,1,controller_to_actual_cmd,,0.048928,
32.216147981,30.450000000000003,1,control_period,30.45,50.00000000000071,
32.217206685,30.450000000000003,2,control_period,30.45,50.00000000000071,
32.217617845,30.450000000000003,2,controller_to_actual_cmd,,0.747365,
32.219300859,30.450000000000003,3,controller_to_actual_cmd,,0.049387,
32.219394452,30.450000000000003,3,control_period,30.45,50.00000000000071,
32.220234879,30.450000000000003,1,camera_to_measurement,30.43,9.928485,True
32.220348151,30.450000000000003,1,detector_inference,,7.515685081481934,
32.234460317,30.470000000000002,2,detector_inference,,12.262430191040039,
32.235366774,30.470000000000002,3,camera_to_measurement,30.43,10.120139,True
32.23553135,30.470000000000002,3,detector_inference,,7.9159111976623535,
32.265775981000004,30.500000000000004,1,measurement_to_controller_cmd,,45.541101999999995,True
32.265910198,30.500000000000004,3,measurement_to_controller_cmd,,30.543423999999998,True
32.266762869000004,30.500000000000004,1,control_period,30.5,50.00000000000071,
32.266916922,30.500000000000004,2,measurement_to_controller_cmd,,32.583290999999996,True
32.267031407000005,30.500000000000004,2,controller_to_actual_cmd,,0.11448499999999999,
32.267161821,30.500000000000004,2,control_period,30.5,50.00000000000071,
32.267273058,30.500000000000004,3,controller_to_actual_cmd,,1.36286,
32.267426384000004,30.500000000000004,3,control_period,30.5,50.00000000000071,
32.271192499,30.500000000000004,1,controller_to_actual_cmd,,5.416518,
32.280645136000004,30.515,1,camera_to_measurement,30.495,10.22692,True
32.280740654,30.515,1,detector_inference,,9.214703559875488,
32.315562533000005,30.55,1,measurement_to_controller_cmd,,34.917397,True
32.31566345,30.55,2,controller_to_actual_cmd,,0.030663,
32.315737590000005,30.55,2,control_period,30.55,50.00000000000071,
32.315775075000005,30.55,3,controller_to_actual_cmd,,0.8293189999999999,
32.315813111000004,30.55,3,control_period,30.55,50.00000000000071,
32.316094313,30.55,1,controller_to_actual_cmd,,0.53178,
32.316143951,30.55,1,control_period,30.55,50.00000000000071,
32.347314287,30.580000000000002,1,detector_inference,,14.786812782287598,
32.349710016,30.585,2,camera_to_measurement,30.56,13.425583999999999,True
32.349776634,30.585,2,detector_inference,,10.941788673400879,
32.350791963,30.585,3,detector_inference,,9.655716896057129,
32.351315424,30.585,3,camera_to_measurement,30.56,12.411513,True
32.365759464,30.6,1,measurement_to_controller_cmd,,18.078636,True
32.365879963000005,30.6,1,control_period,30.6,50.00000000000071,
32.366310269,30.6,1,controller_to_actual_cmd,,0.550805,
32.366362120000005,30.6,2,measurement_to_controller_cmd,,16.652103999999998,True
32.366396894000005,30.6,2,controller_to_actual_cmd,,0.034774,
32.366451816,30.6,2,control_period,30.6,50.00000000000071,
32.366502163,30.6,3,measurement_to_controller_cmd,,15.186739,True
32.366533947,30.6,3,controller_to_actual_cmd,,0.031784,
32.366582494,30.6,3,control_period,30.6,50.00000000000071,
32.415628526,30.650000000000002,2,control_period,30.65,49.99999999999716,
32.416415451,30.650000000000002,1,control_period,30.65,49.99999999999716,
32.416524035,30.650000000000002,2,controller_to_actual_cmd,,1.023884,
32.417158529000005,30.650000000000002,1,controller_to_actual_cmd,,0.8494959999999999,
32.417296654000005,30.650000000000002,3,controller_to_actual_cmd,,0.04442,
32.417364962,30.650000000000002,3,control_period,30.65,49.99999999999716,
32.420827870000004,30.655,2,detector_inference,,11.731324195861816,
32.421243547,30.655,2,camera_to_measurement,30.625,14.821534999999999,True
32.421311238,30.655,3,camera_to_measurement,30.625,11.841942,True
32.421352613,30.655,3,detector_inference,,9.5115966796875,
32.467175532,30.700000000000003,1,controller_to_actual_cmd,,0.114481,
32.467376764,30.700000000000003,1,control_period,30.7,50.00000000000071,
32.467528309,30.700000000000003,2,measurement_to_controller_cmd,,46.284762,True
32.467689308000004,30.700000000000003,2,controller_to_actual_cmd,,0.160999,
32.46794654,30.700000000000003,2,control_period,30.7,50.00000000000071,
32.468130432,30.700000000000003,3,measurement_to_controller_cmd,,46.819193999999996,True
32.468252479,30.700000000000003,3,controller_to_actual_cmd,,0.12204699999999999,
32.468401033,30.700000000000003,3,control_period,30.7,50.00000000000071,
32.488086729,30.720000000000002,1,detector_inference,,14.54260540008545,
32.488251513,30.720000000000002,2,detector_inference,,9.239890098571777,
32.489152843,30.720000000000002,1,camera_to_measurement,30.695,16.888918,True
32.489326747,30.720000000000002,2,camera_to_measurement,30.695,11.621606,True
32.514899038,30.750000000000004,2,measurement_to_controller_cmd,,25.572291,True
32.515406098,30.750000000000004,1,measurement_to_controller_cmd,,26.253255,True
32.515459838000005,30.750000000000004,1,controller_to_actual_cmd,,0.053739999999999996,
32.515539451,30.750000000000004,1,control_period,30.75,50.00000000000071,
32.515577057,30.750000000000004,2,controller_to_actual_cmd,,0.6780189999999999,
32.515617096,30.750000000000004,2,control_period,30.75,50.00000000000071,
32.515679760000005,30.750000000000004,3,controller_to_actual_cmd,,0.026442,
32.515716823000005,30.750000000000004,3,control_period,30.75,50.00000000000071,
32.544862865,30.775000000000002,1,camera_to_measurement,30.76,10.255804999999999,True
32.545019411000006,30.775000000000002,1,detector_inference,,8.87735366821289,
32.555652451,30.790000000000003,3,detector_inference,,5.888107776641846,
32.556215325000004,30.790000000000003,3,camera_to_measurement,30.76,7.3178,True
32.56571248,30.8,2,control_period,30.8,50.00000000000071,
32.565773732000004,30.8,3,measurement_to_controller_cmd,,9.558406999999999,True
32.565834073000005,30.8,3,control_period,30.8,50.00000000000071,
32.566531406,30.8,1,measurement_to_controller_cmd,,21.668540999999998,True
32.566602438000004,30.8,1,controller_to_actual_cmd,,0.071032,
32.566647769,30.8,1,control_period,30.8,50.00000000000071,
32.566680035000005,30.8,2,controller_to_actual_cmd,,1.0266469999999999,
32.566710655,30.8,3,controller_to_actual_cmd,,0.936923,
32.611116163000005,30.845000000000002,1,detector_inference,,8.698102951049805,
32.611815481,30.845000000000002,1,camera_to_measurement,30.825,10.670962,True
32.616138230000004,30.85,1,measurement_to_controller_cmd,,4.322749,True
32.616260394,30.85,1,controller_to_actual_cmd,,0.122164,
32.616429772000004,30.85,2,controller_to_actual_cmd,,0.06880399999999999,
32.616557512,30.85,2,control_period,30.85,50.00000000000071,
32.616715183000004,30.85,3,controller_to_actual_cmd,,0.066361,
32.616812737000004,30.85,3,control_period,30.85,50.00000000000071,
32.617393742000004,30.85,1,control_period,30.85,50.00000000000071,
32.622208066,30.855,3,camera_to_measurement,30.825,7.184091,True
32.622333187,30.855,3,detector_inference,,5.530537128448486,
32.666403371,30.900000000000002,3,measurement_to_controller_cmd,,44.195305,True
32.666510188000004,30.900000000000002,3,control_period,30.9,49.99999999999716,
32.666933334,30.900000000000002,1,control_period,30.9,49.99999999999716,
32.666989851000004,30.900000000000002,2,control_period,30.9,49.99999999999716,
32.66703938,30.900000000000002,3,controller_to_actual_cmd,,0.6360089999999999,
32.667866144,30.900000000000002,1,controller_to_actual_cmd,,1.0046249999999999,
32.671493633000004,30.905,2,controller_to_actual_cmd,,5.138218,
32.682298747000004,30.915000000000003,1,detector_inference,,13.954689025878906,
32.682894531,30.915000000000003,1,camera_to_measurement,30.89,18.728637,True
32.690210053,30.925,2,camera_to_measurement,30.89,19.438876999999998,True
32.690301520000006,30.925,2,detector_inference,,16.280118942260742,
32.692745726000005,30.925,3,camera_to_measurement,30.89,17.455963999999998,True
32.692832182000004,30.925,3,detector_inference,,14.831971168518066,
32.714710893,30.950000000000003,1,measurement_to_controller_cmd,,31.816361999999998,True
32.714816634,30.950000000000003,1,control_period,30.95,50.00000000000071,
32.714858985,30.950000000000003,2,measurement_to_controller_cmd,,24.648932,True
32.714891975,30.950000000000003,2,controller_to_actual_cmd,,0.03299,
32.714989891,30.950000000000003,2,control_period,30.95,50.00000000000071,
32.715035347000004,30.950000000000003,3,measurement_to_controller_cmd,,22.289621,True
32.715068557,30.950000000000003,3,controller_to_actual_cmd,,0.033209999999999996,
32.715105092,30.950000000000003,3,control_period,30.95,50.00000000000071,
32.715443409,30.950000000000003,1,controller_to_actual_cmd,,0.732516,
32.742991217000004,30.975,1,camera_to_measurement,30.955,14.053884,True
32.743094400000004,30.975,1,detector_inference,,10.374542236328125,
32.743192091000004,30.975,2,camera_to_measurement,30.955,10.085369,True
32.743249103000004,30.975,2,detector_inference,,7.605435848236084,
32.765328641,31.000000000000004,2,measurement_to_controller_cmd,,22.13655,True
32.765387193,31.000000000000004,2,controller_to_actual_cmd,,0.058552,
32.765462819,31.000000000000004,2,control_period,31.0,50.00000000000071,
32.765579036000005,31.000000000000004,3,control_period,31.0,50.00000000000071,
32.765974613000004,31.000000000000004,3,controller_to_actual_cmd,,0.449928,
32.766588833,31.000000000000004,1,measurement_to_controller_cmd,,23.597616,True
32.766947089,31.000000000000004,1,control_period,31.0,50.00000000000071,
32.767252334000005,31.000000000000004,1,controller_to_actual_cmd,,0.663501,
32.815523756000005,31.05,1,controller_to_actual_cmd,,0.070663,
32.81566223,31.05,1,control_period,31.05,50.00000000000071,
32.815798636000004,31.05,2,control_period,31.05,50.00000000000071,
32.815933068,31.05,3,control_period,31.05,50.00000000000071,
32.816340077,31.05,2,controller_to_actual_cmd,,0.6127699999999999,
32.816396080000004,31.05,3,controller_to_actual_cmd,,0.525596,
32.820439399,31.055000000000003,1,detector_inference,,17.398351669311523,
32.824966709,31.060000000000002,3,detector_inference,,9.226579666137695,
32.825352337000005,31.060000000000002,3,camera_to_measurement,31.025,11.523511,True
32.865625084,31.1,1,measurement_to_controller_cmd,,44.65417,True
32.865867396,31.1,1,control_period,31.1,50.00000000000071,
32.86607904,31.1,2,controller_to_actual_cmd,,0.091226,
32.866230039,31.1,2,control_period,31.1,50.00000000000071,
32.866365502,31.1,3,measurement_to_controller_cmd,,41.013165,True
32.867163792,31.1,1,controller_to_actual_cmd,,1.538708,
32.867217425,31.1,3,controller_to_actual_cmd,,0.851923,
32.867278760000005,31.1,3,control_period,31.1,50.00000000000071,
32.882379169000004,31.115000000000002,2,detector_inference,,9.415409088134766,
32.882843638000004,31.115000000000002,2,camera_to_measurement,31.09,12.566597999999999,True
32.883698311,31.115000000000002,3,detector_inference,,7.44399881362915,
32.884742763000006,31.12,3,camera_to_measurement,31.09,9.755797,True
32.914983743,31.150000000000002,3,measurement_to_controller_cmd,,30.240979999999997,True
32.915067005000004,31.150000000000002,3,control_period,31.15,49.99999999999716,
32.915376813,31.150000000000002,1,controller_to_actual_cmd,,0.44438,
32.915459315,31.150000000000002,1,control_period,31.15,49.99999999999716,
32.915509138000004,31.150000000000002,2,measurement_to_controller_cmd,,32.6655,True
32.915562106,31.150000000000002,2,control_period,31.15,49.99999999999716,
32.915608583,31.150000000000002,3,controller_to_actual_cmd,,0.62484,
32.915930033,31.150000000000002,2,controller_to_actual_cmd,,0.42089499999999996,
32.947062200000005,31.180000000000003,1,detector_inference,,16.299409866333008,
32.947937426,31.180000000000003,2,camera_to_measurement,31.155,15.594040999999999,True
32.948039463,31.180000000000003,2,detector_inference,,13.057430267333984,
32.948770870000004,31.180000000000003,3,camera_to_measurement,31.155,9.76937,True
32.948890768000005,31.180000000000003,3,detector_inference,,7.5054497718811035,
32.965035648000004,31.200000000000003,1,measurement_to_controller_cmd,,17.212851999999998,True
32.965120763,31.200000000000003,2,measurement_to_controller_cmd,,17.183336999999998,True
32.965579601,31.200000000000003,1,controller_to_actual_cmd,,0.543953,
32.965649332000005,31.200000000000003,1,control_period,31.2,50.00000000000071,
32.96568811,31.200000000000003,2,controller_to_actual_cmd,,0.5673469999999999,
32.965736405,31.200000000000003,2,control_period,31.2,50.00000000000071,
32.965772813,31.200000000000003,3,measurement_to_controller_cmd,,17.001943,True
32.965812797000005,31.200000000000003,3,control_period,31.2,50.00000000000071,
32.966112311,31.200000000000003,3,controller_to_actual_cmd,,0.33949799999999997,
33.016271798000005,31.250000000000004,1,controller_to_actual_cmd,,0.08963299999999999,
33.016404460000004,31.250000000000004,1,control_period,31.25,50.00000000000071,
33.016577641000005,31.250000000000004,2,control_period,31.25,50.00000000000071,
33.016730977,31.250000000000004,3,control_period,31.25,50.00000000000071,
33.017293543,31.250000000000004,1,camera_to_measurement,31.22,20.686691,True
33.017350959000005,31.250000000000004,1,detector_inference,,16.7761287689209,
33.017406712,31.250000000000004,2,controller_to_actual_cmd,,0.9074,
33.017450618000005,31.250000000000004,3,controller_to_actual_cmd,,0.797549,
33.022181159,31.255000000000003,3,camera_to_measurement,31.22,14.374112,True
33.022261661,31.255000000000003,3,detector_inference,,12.171531677246094,
33.065402131,31.3,1,measurement_to_controller_cmd,,48.108588,True
33.06549402,31.3,1,control_period,31.3,50.00000000000071,
33.065566026,31.3,3,measurement_to_controller_cmd,,43.384867,True
33.065945574000004,31.3,1,controller_to_actual_cmd,,0.543443,
33.066032627000006,31.3,2,control_period,31.3,50.00000000000071,
33.066071262,31.3,3,controller_to_actual_cmd,,0.505236,
33.066111171,31.3,3,control_period,31.3,50.00000000000071,
33.066384023000005,31.3,2,controller_to_actual_cmd,,0.40074499999999996,
33.08019867,31.315,3,camera_to_measurement,31.285,16.032557999999998,True
33.080289246,31.315,3,detector_inference,,13.292440414428711,
33.11470104,31.35,2,control_period,31.35,50.00000000000071,
33.114749934,31.35,3,measurement_to_controller_cmd,,34.551263999999996,True
33.114787127,31.35,3,controller_to_actual_cmd,,0.037193,
33.114833464,31.35,3,control_period,31.35,50.00000000000071,
33.115216701,31.35,1,controller_to_actual_cmd,,0.043446,
33.115295297,31.35,1,control_period,31.35,50.00000000000071,
33.115329173,31.35,2,controller_to_actual_cmd,,0.6914009999999999,
33.142101767,31.375000000000004,3,detector_inference,,6.011447906494141,
33.142463909,31.375000000000004,3,camera_to_measurement,31.355,7.624416,True
33.165203463000005,31.400000000000002,2,control_period,31.4,49.99999999999716,
33.165720407,31.400000000000002,1,controller_to_actual_cmd,,0.645435,
33.165801991,31.400000000000002,1,control_period,31.4,49.99999999999716,
33.165866762,31.400000000000002,2,controller_to_actual_cmd,,0.738486,
33.165924319000005,31.400000000000002,3,measurement_to_controller_cmd,,23.46041,True
33.165993296,31.400000000000002,3,control_period,31.4,49.99999999999716,
33.166409737,31.400000000000002,3,controller_to_actual_cmd,,0.48541799999999996,
33.213645737,31.445,2,detector_inference,,6.879605770111084,
33.214436602,31.450000000000003,2,camera_to_measurement,31.42,7.810389,True
33.215175084,31.450000000000003,3,controller_to_actual_cmd,,0.056851,
33.215266765,31.450000000000003,3,control_period,31.45,50.00000000000071,
33.21597937,31.450000000000003,1,controller_to_actual_cmd,,0.037322,
33.216043998,31.450000000000003,1,control_period,31.45,50.00000000000071,
33.2160832,31.450000000000003,2,measurement_to_controller_cmd,,1.646598,True
33.216120123,31.450000000000003,2,controller_to_actual_cmd,,0.036923,
33.216174379,31.450000000000003,2,control_period,31.45,50.00000000000071,
33.267282314,31.500000000000004,2,controller_to_actual_cmd,,0.10220499999999999,
33.267439264000004,31.500000000000004,2,control_period,31.5,50.00000000000071,
33.267651867000005,31.500000000000004,3,controller_to_actual_cmd,,0.084523,
33.267806923,31.500000000000004,3,control_period,31.5,50.00000000000071,
33.268921053,31.500000000000004,1,controller_to_actual_cmd,,0.107043,
33.269096888,31.500000000000004,1,control_period,31.5,50.00000000000071,
33.282290974,31.515,3,detector_inference,,9.516632080078125,
33.283002231000005,31.515,3,camera_to_measurement,31.485,11.704599,True
33.283436952,31.515,2,camera_to_measurement,31.485,17.498509,True
33.283522994,31.515,2,detector_inference,,14.95953369140625,
33.314737492,31.55,1,control_period,31.55,50.00000000000071,
33.314801440000004,31.55,3,measurement_to_controller_cmd,,31.799208999999998,True
33.314850997,31.55,3,control_period,31.55,50.00000000000071,
33.315212358000004,31.55,1,controller_to_actual_cmd,,0.535269,
33.315358431,31.55,2,measurement_to_controller_cmd,,31.921478999999998,True
33.315436896,31.55,2,controller_to_actual_cmd,,0.078465,
33.315506092,31.55,2,control_period,31.55,50.00000000000071,
33.315543862000006,31.55,3,controller_to_actual_cmd,,0.7424219999999999,
33.338934666,31.575000000000003,1,detector_inference,,11.548316955566406,
33.339656274,31.575000000000003,1,camera_to_measurement,31.55,14.378879999999999,True
33.341198776,31.575000000000003,3,detector_inference,,5.9964752197265625,
33.341821343,31.575000000000003,3,camera_to_measurement,31.55,7.264904,True
33.365510394000005,31.6,1,measurement_to_controller_cmd,,25.854119999999998,True
33.365601692000006,31.6,1,controller_to_actual_cmd,,0.09129799999999999,
33.365706415000005,31.6,1,control_period,31.6,50.00000000000071,
33.365856993,31.6,2,control_period,31.6,50.00000000000071,
33.365932271000005,31.6,3,measurement_to_controller_cmd,,24.110927999999998,True
33.365997473,31.6,3,controller_to_actual_cmd,,0.065202,
33.366072304,31.6,3,control_period,31.6,50.00000000000071,
33.366599203,31.6,2,controller_to_actual_cmd,,0.815866,
33.409653984,31.645000000000003,2,camera_to_measurement,31.615,15.423307999999999,True
33.409712917,31.645000000000003,2,detector_inference,,11.00800609588623,
33.41081579,31.645000000000003,1,detector_inference,,18.756685256958008,
33.41149242,31.645000000000003,1,camera_to_measurement,31.615,21.53442,True
33.414614357000005,31.650000000000002,1,measurement_to_controller_cmd,,3.121937,True
33.41505438,31.650000000000002,1,controller_to_actual_cmd,,0.440023,
33.415162718000005,31.650000000000002,1,control_period,31.65,49.99999999999716,
33.415301478,31.650000000000002,3,control_period,31.65,49.99999999999716,
33.41567147,31.650000000000002,2,measurement_to_controller_cmd,,6.017486,True
33.415759723,31.650000000000002,2,controller_to_actual_cmd,,0.088253,
33.415817269,31.650000000000002,2,control_period,31.65,49.99999999999716,
33.415854558,31.650000000000002,3,controller_to_actual_cmd,,0.619028,
33.466184274,31.700000000000003,1,controller_to_actual_cmd,,0.314071,
33.466359218,31.700000000000003,1,control_period,31.7,50.00000000000071,
33.466631406000005,31.700000000000003,2,control_period,31.7,50.00000000000071,
33.466820368,31.700000000000003,3,controller_to_actual_cmd,,0.072068,
33.466918302,31.700000000000003,3,control_period,31.7,50.00000000000071,
33.467567653,31.700000000000003,2,controller_to_actual_cmd,,1.073192,
33.47758562,31.71,1,detector_inference,,15.295287132263184,
33.478137954000005,31.71,1,camera_to_measurement,31.685,17.679831999999998,True
33.478208832,31.71,3,camera_to_measurement,31.685,7.00657,True
33.47826611,31.71,3,detector_inference,,6.267590045928955,
33.514290855,31.750000000000004,1,measurement_to_controller_cmd,,36.152901,True
33.514857444,31.750000000000004,1,controller_to_actual_cmd,,0.566589,
33.514923966000005,31.750000000000004,1,control_period,31.75,50.00000000000071,
33.514956168000005,31.750000000000004,2,controller_to_actual_cmd,,0.591816,
33.514988037,31.750000000000004,2,control_period,31.75,50.00000000000071,
33.515016882000005,31.750000000000004,3,measurement_to_controller_cmd,,36.80805,True
33.515061319000004,31.750000000000004,3,control_period,31.75,50.00000000000071,
33.515367095,31.750000000000004,3,controller_to_actual_cmd,,0.350213,
33.565024758,31.8,2,controller_to_actual_cmd,,0.041239,
33.565118497,31.8,2,control_period,31.8,50.00000000000071,
33.565190932,31.8,3,control_period,31.8,50.00000000000071,
33.565610935,31.8,1,controller_to_actual_cmd,,0.029951,
33.565664132,31.8,1,control_period,31.8,50.00000000000071,
33.565967771000004,31.8,3,controller_to_actual_cmd,,0.80904,
33.599772715,31.835,1,detector_inference,,9.21292781829834,
33.600481378000005,31.835,1,camera_to_measurement,31.815,11.313044,True
33.606017451,31.840000000000003,2,detector_inference,,8.446548461914062,
33.615180045,31.85,1,measurement_to_controller_cmd,,14.698666999999999,True
33.615259154,31.85,1,controller_to_actual_cmd,,0.079109,
33.61536599,31.85,1,control_period,31.85,50.00000000000071,
33.615419634000006,31.85,2,measurement_to_controller_cmd,,9.066537,True
33.61546349,31.85,2,controller_to_actual_cmd,,0.043856,
33.615524225,31.85,2,control_period,31.85,50.00000000000071,
33.615600185000005,31.85,3,controller_to_actual_cmd,,0.034159999999999996,
33.615647126,31.85,3,control_period,31.85,50.00000000000071,
33.666460274,31.900000000000002,1,controller_to_actual_cmd,,0.066152,
33.666663377,31.900000000000002,1,control_period,31.9,49.99999999999716,
33.666819905000004,31.900000000000002,2,control_period,31.9,49.99999999999716,
33.667714741000005,31.900000000000002,2,controller_to_actual_cmd,,0.9647979999999999,
33.67015783,31.900000000000002,3,controller_to_actual_cmd,,3.266638,
33.670304203,31.900000000000002,3,control_period,31.9,49.99999999999716,
33.670966992000004,31.905,1,camera_to_measurement,31.88,15.957417999999999,True
33.671025856,31.905,1,detector_inference,,10.963410377502441,
33.672568410000004,31.905,2,detector_inference,,9.431524276733398,
33.67294264,31.905,2,camera_to_measurement,31.88,11.93559,True
33.714705735,31.950000000000003,2,measurement_to_controller_cmd,,41.763095,True
33.714830488000004,31.950000000000003,2,control_period,31.95,50.00000000000071,
33.715590506000005,31.950000000000003,1,measurement_to_controller_cmd,,44.623514,True
33.71571964,31.950000000000003,1,control_period,31.95,50.00000000000071,
33.715768323,31.950000000000003,2,controller_to_actual_cmd,,1.0625879999999999,
33.716214143,31.950000000000003,3,controller_to_actual_cmd,,0.033593,
33.716271631000005,31.950000000000003,3,control_period,31.95,50.00000000000071,
33.716565876000004,31.950000000000003,1,controller_to_actual_cmd,,0.97537,
33.729517514,31.965000000000003,2,detector_inference,,6.188968181610107,
33.730241448,31.965000000000003,2,camera_to_measurement,31.945,9.200376,True
33.737983226000004,31.970000000000002,3,detector_inference,,9.367262840270996,
33.738329114,31.970000000000002,3,camera_to_measurement,31.945,12.158050999999999,True
33.765171976000005,32.0,1,controller_to_actual_cmd,,0.037121999999999995,
33.765242448,32.0,1,control_period,32.0,50.00000000000071,
33.765278033,32.0,3,measurement_to_controller_cmd,,26.948919,True
33.765308076000004,32.0,3,controller_to_actual_cmd,,0.030043,
33.76534231,32.0,3,control_period,32.0,50.00000000000071,
33.765728389,32.0,2,measurement_to_controller_cmd,,35.486941,True
33.765777455000006,32.0,2,control_period,32.0,50.00000000000071,
33.766007947000006,32.0,2,controller_to_actual_cmd,,0.279558,
33.809675248000005,32.045,2,detector_inference,,13.395428657531738,
33.809990811,32.045,2,camera_to_measurement,32.015,15.881428999999999,True
33.810523077,32.045,3,camera_to_measurement,32.015,8.471962,True
33.810566856,32.045,3,detector_inference,,7.049670219421387,
33.815133701,32.050000000000004,2,measurement_to_controller_cmd,,5.1428899999999995,True
33.815227519000004,32.050000000000004,2,control_period,32.05,49.99999999999716,
33.815281829,32.050000000000004,3,measurement_to_controller_cmd,,4.758751999999999,True
33.815333803,32.050000000000004,3,control_period,32.05,49.99999999999716,
33.815872931,32.050000000000004,1,control_period,32.05,49.99999999999716,
33.815923413,32.050000000000004,2,controller_to_actual_cmd,,0.789712,
33.815975781,32.050000000000004,3,controller_to_actual_cmd,,0.693952,
33.816320355,32.050000000000004,1,controller_to_actual_cmd,,0.500247,
33.865970549000004,32.1,1,control_period,32.1,50.00000000000426,
33.866072118000005,32.1,2,control_period,32.1,50.00000000000426,
33.866472889,32.1,1,controller_to_actual_cmd,,0.572645,
33.866631023000004,32.1,3,control_period,32.1,50.00000000000426,
33.867096521,32.1,1,camera_to_measurement,32.08,8.985712999999999,True
33.867160756000004,32.1,1,detector_inference,,7.647676944732666,
33.867203871,32.1,2,controller_to_actual_cmd,,1.168228,
33.867243518,32.1,3,controller_to_actual_cmd,,0.683539,
33.915816184,32.15,2,control_period,32.15,49.99999999999716,
33.915910723,32.15,3,control_period,32.15,49.99999999999716,
33.916213633000005,32.15,1,measurement_to_controller_cmd,,49.117112,True
33.916256738,32.15,1,control_period,32.15,49.99999999999716,
33.916288787,32.15,2,controller_to_actual_cmd,,0.5541969999999999,
33.916321676,32.15,3,controller_to_actual_cmd,,0.45205199999999995,
33.920344278,32.155,1,controller_to_actual_cmd,,4.1306449999999995,
33.935080803000005,32.17,1,camera_to_measurement,32.145,16.109137,True
33.93514665,32.17,1,detector_inference,,11.328014373779297,
33.94277393,32.175000000000004,2,detector_inference,,19.127073287963867,
33.943535411,32.175000000000004,3,camera_to_measurement,32.145,9.342922999999999,True
33.943621377,32.175000000000004,3,detector_inference,,6.772782802581787,
33.964721809000004,32.2,3,measurement_to_controller_cmd,,21.186398,True
33.965209296000005,32.2,2,measurement_to_controller_cmd,,21.773422999999998,True
33.965262785,32.2,2,controller_to_actual_cmd,,0.053488999999999995,
33.965330417000004,32.2,2,control_period,32.2,50.00000000000426,
33.965379294,32.2,3,control_period,32.2,50.00000000000426,
33.965652728,32.2,1,measurement_to_controller_cmd,,30.571925,True
33.965689377000004,32.2,1,controller_to_actual_cmd,,0.036649,
33.965731343,32.2,1,control_period,32.2,50.00000000000426,
33.965976188,32.2,3,controller_to_actual_cmd,,1.254379,
34.001876793,32.235,1,detector_inference,,14.786319732666016,
34.002701891,32.235,1,camera_to_measurement,32.21,18.046021,True
34.002858796000005,32.235,2,detector_inference,,10.946478843688965,
34.003590507000006,32.235,2,camera_to_measurement,32.21,13.125183999999999,True
34.015446681,32.25,2,measurement_to_controller_cmd,,11.856174,True
34.016196588,32.25,1,measurement_to_controller_cmd,,13.494696999999999,True
34.016334108,32.25,1,controller_to_actual_cmd,,0.13752,
34.016500213,32.25,1,control_period,32.25,49.99999999999716,
34.016646699,32.25,2,controller_to_actual_cmd,,1.200018,
34.01677223,32.25,2,control_period,32.25,49.99999999999716,
34.016939213,32.25,3,controller_to_actual_cmd,,0.072768,
34.01704471,32.25,3,control_period,32.25,49.99999999999716,
34.01784945,32.25,3,camera_to_measurement,32.21,23.326719,True
34.017919954,32.25,3,detector_inference,,19.012813568115234,
34.06549243,32.300000000000004,3,measurement_to_controller_cmd,,47.642979999999994,True
34.065709585,32.300000000000004,3,control_period,32.3,49.99999999999716,
34.066261629,32.300000000000004,1,controller_to_actual_cmd,,0.8404929999999999,
34.06634278,32.300000000000004,1,control_period,32.3,49.99999999999716,
34.066412421,32.300000000000004,2,controller_to_actual_cmd,,0.028179,
34.066452886,32.300000000000004,2,control_period,32.3,49.99999999999716,
34.066495475,32.300000000000004,3,controller_to_actual_cmd,,1.003045,
34.070868187,32.305,3,detector_inference,,9.32135009765625,
34.071502351,32.305,3,camera_to_measurement,32.275,11.547144,True
34.114638832000004,32.35,1,control_period,32.35,50.00000000000426,
34.114925638,32.35,2,control_period,32.35,50.00000000000426,
34.117375933000005,32.35,1,controller_to_actual_cmd,,2.798435,
34.117448873,32.35,2,controller_to_actual_cmd,,2.562929,
34.11751213,32.35,3,measurement_to_controller_cmd,,46.009778999999995,True
34.117550358,32.35,3,controller_to_actual_cmd,,0.038228,
34.117624979,32.35,3,control_period,32.35,50.00000000000426,
34.127992909,32.36,1,detector_inference,,10.039738655090332,
34.128601319000005,32.36,1,camera_to_measurement,32.345,11.944308,True
34.135318058,32.370000000000005,2,detector_inference,,8.587328910827637,
34.135664843,32.370000000000005,2,camera_to_measurement,32.345,11.384300999999999,True
34.165446438000004,32.4,1,measurement_to_controller_cmd,,36.845119,True
34.165508536000004,32.4,1,controller_to_actual_cmd,,0.062098,
34.165587363,32.4,1,control_period,32.4,49.99999999999716,
34.165626138,32.4,2,measurement_to_controller_cmd,,29.961295,True
34.165661524,32.4,2,control_period,32.4,49.99999999999716,
34.165732822,32.4,3,control_period,32.4,49.99999999999716,
34.166102321000004,32.4,2,controller_to_actual_cmd,,0.47618299999999997,
34.166134385,32.4,3,controller_to_actual_cmd,,0.443305,
34.203364098,32.435,3,camera_to_measurement,32.41,13.131801999999999,True
34.203543707,32.435,3,detector_inference,,10.320512771606445,
34.215515351,32.45,1,controller_to_actual_cmd,,0.098399,
34.215695888,32.45,1,control_period,32.45,50.00000000000426,
34.215812883000005,32.45,2,controller_to_actual_cmd,,0.040254,
34.215879104,32.45,2,control_period,32.45,50.00000000000426,
34.216257598000006,32.45,3,measurement_to_controller_cmd,,12.8935,True
34.216306745000004,32.45,3,controller_to_actual_cmd,,0.049146999999999996,
34.216361538,32.45,3,control_period,32.45,50.00000000000426,
34.26101309,32.495000000000005,2,detector_inference,,7.9921698570251465,
34.261740092000004,32.495000000000005,2,camera_to_measurement,32.475,9.153398,True
34.26520414,32.5,2,measurement_to_controller_cmd,,3.464048,True
34.265547288,32.5,1,control_period,32.5,49.99999999999716,
34.265618805,32.5,2,controller_to_actual_cmd,,0.414665,
34.265675162,32.5,2,control_period,32.5,49.99999999999716,
34.265961431,32.5,1,controller_to_actual_cmd,,0.795246,
34.266041379,32.5,3,controller_to_actual_cmd,,0.034041,
34.266086105,32.5,3,control_period,32.5,49.99999999999716,
34.316027296,32.550000000000004,1,controller_to_actual_cmd,,0.07882399999999999,
34.316163434,32.550000000000004,1,control_period,32.55,49.99999999999716,
34.316345564,32.550000000000004,3,controller_to_actual_cmd,,0.074224,
34.31646812,32.550000000000004,3,control_period,32.55,49.99999999999716,
34.317168853000005,32.550000000000004,2,controller_to_actual_cmd,,0.07103899999999999,
34.317276622,32.550000000000004,2,control_period,32.55,49.99999999999716,
34.32265905,32.555,1,detector_inference,,9.991472244262695,
34.323431855,32.555,1,camera_to_measurement,32.54,11.308482999999999,True
34.327271823000004,32.56,2,detector_inference,,10.696738243103027,
34.327900729,32.56,2,camera_to_measurement,32.54,13.040277999999999,True
34.365322099000004,32.6,1,measurement_to_controller_cmd,,41.890243999999996,True
34.36541915,32.6,1,controller_to_actual_cmd,,0.097051,
34.365534137000004,32.6,1,control_period,32.6,50.00000000000426,
34.365605357,32.6,2,measurement_to_controller_cmd,,37.704628,True
34.365669169,32.6,2,controller_to_actual_cmd,,0.063812,
34.365740229000004,32.6,2,control_period,32.6,50.00000000000426,
34.366285487,32.6,3,controller_to_actual_cmd,,0.053197999999999995,
34.366368176,32.6,3,control_period,32.6,50.00000000000426,
34.392613918,32.625,3,detector_inference,,7.608067035675049,
34.393340632000005,32.625,3,camera_to_measurement,32.605,9.462529,True
34.415363598,32.65,1,controller_to_actual_cmd,,0.103724,
34.415550233000005,32.65,1,control_period,32.65,49.99999999999716,
34.415795912,32.65,2,control_period,32.65,49.99999999999716,
34.415906409,32.65,3,measurement_to_controller_cmd,,22.565777,True
34.416034716,32.65,3,control_period,32.65,49.99999999999716,
34.416657214000004,32.65,2,controller_to_actual_cmd,,0.974117,
34.416748768000005,32.65,3,controller_to_actual_cmd,,0.842359,
34.462119619,32.695,2,detector_inference,,8.52065372467041,
34.462850376,32.695,2,camera_to_measurement,32.675,11.168256,True
34.465854324,32.7,2,measurement_to_controller_cmd,,3.003948,True
34.465933681,32.7,2,control_period,32.7,50.00000000000426,
34.466303853,32.7,1,controller_to_actual_cmd,,0.506945,
34.466360852,32.7,1,control_period,32.7,50.00000000000426,
34.466403364,32.7,2,controller_to_actual_cmd,,0.54904,
34.466444367,32.7,3,controller_to_actual_cmd,,0.469535,
34.466503167,32.7,3,control_period,32.7,50.00000000000426,
34.471100386,32.705000000000005,3,detector_inference,,9.997179985046387,
34.471522653,32.705000000000005,3,camera_to_measurement,32.675,11.535261,True
34.515680148,32.75,1,control_period,32.75,49.99999999999716,
34.515805932,32.75,2,control_period,32.75,49.99999999999716,
34.515847923,32.75,3,measurement_to_controller_cmd,,44.325269999999996,True
34.515902616000005,32.75,3,control_period,32.75,49.99999999999716,
34.51640707,32.75,1,controller_to_actual_cmd,,0.80974,
34.516516996,32.75,2,controller_to_actual_cmd,,0.76456,
34.518969692,32.755,3,controller_to_actual_cmd,,3.121769,
34.525115881000005,32.760000000000005,1,camera_to_measurement,32.74,13.335567,True
34.525184703,32.760000000000005,1,detector_inference,,11.85848331451416,
34.527870103000005,32.760000000000005,3,detector_inference,,7.825128078460693,
34.528558421,32.760000000000005,3,camera_to_measurement,32.74,10.46922,True
34.565464621000004,32.800000000000004,2,control_period,32.8,49.99999999999716,
34.565522227,32.800000000000004,3,measurement_to_controller_cmd,,36.963806,True
34.565563667,32.800000000000004,3,controller_to_actual_cmd,,0.04144,
34.565616328000004,32.800000000000004,3,control_period,32.8,49.99999999999716,
34.566183408,32.800000000000004,1,measurement_to_controller_cmd,,41.067527,True
34.56627014,32.800000000000004,1,controller_to_actual_cmd,,0.08673199999999999,
34.566364827,32.800000000000004,1,control_period,32.8,49.99999999999716,
34.566438063,32.800000000000004,2,controller_to_actual_cmd,,1.045283,
34.593259964000005,32.825,2,camera_to_measurement,32.805,10.708784999999999,True
34.593398686,32.825,2,detector_inference,,8.609186172485352,
34.602066493,32.835,3,camera_to_measurement,32.805,13.828465,True
34.602182762000005,32.835,3,detector_inference,,11.48167610168457,
34.6153676,32.85,2,measurement_to_controller_cmd,,22.107636,True
34.615451398000005,32.85,2,controller_to_actual_cmd,,0.083798,
34.615552828000006,32.85,2,control_period,32.85,50.00000000000426,
34.615596960000005,32.85,3,measurement_to_controller_cmd,,13.530467,True
34.615637059,32.85,3,controller_to_actual_cmd,,0.040098999999999996,
34.615681664,32.85,3,control_period,32.85,50.00000000000426,
34.616005599000005,32.85,1,controller_to_actual_cmd,,0.6998949999999999,
34.616059099000005,32.85,1,control_period,32.85,50.00000000000426,
34.66654374,32.9,1,controller_to_actual_cmd,,0.109827,
34.666713618,32.9,1,control_period,32.9,49.99999999999716,
34.667635492,32.9,2,control_period,32.9,49.99999999999716,
34.667753401,32.9,3,controller_to_actual_cmd,,0.041645999999999996,
34.667810695,32.9,3,control_period,32.9,49.99999999999716,
34.668248707000004,32.9,2,controller_to_actual_cmd,,0.722032,
34.669074412,32.905,2,detector_inference,,17.723766326904297,
34.669674857000004,32.905,2,camera_to_measurement,32.87,20.385232,True
34.672732358000005,32.905,3,detector_inference,,15.909218788146973,
34.673347601,32.905,3,camera_to_measurement,32.87,19.175717,True
34.715323055,32.95,2,measurement_to_controller_cmd,,45.648198,True
34.71538453,32.95,2,controller_to_actual_cmd,,0.061474999999999995,
34.715454042000005,32.95,2,control_period,32.95,50.00000000000426,
34.716012293000006,32.95,1,controller_to_actual_cmd,,0.738553,
34.716117242,32.95,1,control_period,32.95,50.00000000000426,
34.716193917000005,32.95,3,measurement_to_controller_cmd,,42.846315999999995,True
34.716258129,32.95,3,control_period,32.95,50.00000000000426,
34.716700139000004,32.95,3,controller_to_actual_cmd,,0.506222,
34.725181226000004,32.96,1,camera_to_measurement,32.935,17.661465,True
34.725311577,32.96,1,detector_inference,,15.131338119506836,
34.726618110000004,32.96,2,camera_to_measurement,32.935,14.96257,True
34.726761251,32.96,2,detector_inference,,12.927470207214355,
34.730636257,32.965,3,camera_to_measurement,32.935,16.956207,True
34.730742539000005,32.965,3,detector_inference,,14.134858131408691,
34.765069497,33.0,1,measurement_to_controller_cmd,,39.888270999999996,True
34.765135531000006,33.0,1,control_period,33.0,49.99999999999716,
34.765166967,33.0,2,measurement_to_controller_cmd,,38.548857,True
34.765203373000006,33.0,2,controller_to_actual_cmd,,0.036406,
34.76525237,33.0,2,control_period,33.0,49.99999999999716,
34.765285533000004,33.0,3,measurement_to_controller_cmd,,34.649276,True
34.765325626,33.0,3,controller_to_actual_cmd,,0.040093,
34.765374193,33.0,3,control_period,33.0,49.99999999999716,
34.765785074,33.0,1,controller_to_actual_cmd,,0.715577,
34.790837269,33.025,1,detector_inference,,12.477165222167969,
34.791668059,33.025,1,camera_to_measurement,33.005,13.996405,True
34.796434377000004,33.03,2,detector_inference,,12.444757461547852,
34.797335264000004,33.03,2,camera_to_measurement,33.005,14.78642,True
34.798837524,33.03,3,camera_to_measurement,33.005,11.190311,True
34.799012814,33.03,3,detector_inference,,9.567416191101074,
34.815253580000004,33.050000000000004,1,measurement_to_controller_cmd,,23.585521,True
34.81538818,33.050000000000004,1,controller_to_actual_cmd,,0.1346,
34.815534583,33.050000000000004,1,control_period,33.05,49.99999999999716,
34.815633559000005,33.050000000000004,2,measurement_to_controller_cmd,,18.298295,True
34.815718754,33.050000000000004,2,controller_to_actual_cmd,,0.08519499999999999,
34.815859692000004,33.050000000000004,2,control_period,33.05,49.99999999999716,
34.81594831,33.050000000000004,3,measurement_to_controller_cmd,,17.110786,True
34.816294272,33.050000000000004,3,controller_to_actual_cmd,,0.345962,
34.816353603,33.050000000000004,3,control_period,33.05,49.99999999999716,
34.861141563000004,33.095,1,camera_to_measurement,33.07,15.055416999999998,True
34.861202857,33.095,1,detector_inference,,12.632282257080078,
34.861253271,33.095,2,camera_to_measurement,33.07,12.481095,True
34.861293970000006,33.095,2,detector_inference,,10.532368659973145,
34.864759736,33.1,1,measurement_to_controller_cmd,,3.6181729999999996,True
34.864868564000005,33.1,1,control_period,33.1,50.00000000000426,
34.865359088000005,33.1,1,controller_to_actual_cmd,,0.599352,
34.865435345,33.1,2,measurement_to_controller_cmd,,4.182074,True
34.865526,33.1,2,control_period,33.1,50.00000000000426,
34.866143772,33.1,2,controller_to_actual_cmd,,0.7084269999999999,
34.866394869000004,33.1,3,controller_to_actual_cmd,,0.100602,
34.866583394,33.1,3,control_period,33.1,50.00000000000426,
34.873853184000005,33.105000000000004,3,detector_inference,,11.444231033325195,
34.874735879,33.11,3,camera_to_measurement,33.07,14.388940999999999,True
34.915879708000006,33.15,1,control_period,33.15,49.99999999999716,
34.916061212,33.15,2,control_period,33.15,49.99999999999716,
34.916132937,33.15,3,measurement_to_controller_cmd,,41.397058,True
34.91620366,33.15,3,control_period,33.15,49.99999999999716,
34.916874289,33.15,1,controller_to_actual_cmd,,1.1036489999999999,
34.916949022000004,33.15,2,controller_to_actual_cmd,,0.976748,
34.920300135000005,33.155,3,controller_to_actual_cmd,,4.167198,
34.922197831000005,33.155,1,detector_inference,,12.64569091796875,
34.922678997000006,33.155,1,camera_to_measurement,33.135,14.548112999999999,True
34.923402644,33.155,2,detector_inference,,9.096505165100098,
34.923985433000006,33.160000000000004,2,camera_to_measurement,33.135,11.392211,True
34.965175857000006,33.2,1,measurement_to_controller_cmd,,42.49686,True
34.965281279,33.2,1,control_period,33.2,50.00000000000426,
34.96533366,33.2,2,measurement_to_controller_cmd,,41.348227,True
34.965382472,33.2,2,controller_to_actual_cmd,,0.048812,
34.965440603000005,33.2,2,control_period,33.2,50.00000000000426,
34.965801135,33.2,1,controller_to_actual_cmd,,0.625278,
34.965851481,33.2,3,controller_to_actual_cmd,,0.358798,
34.965902371000006,33.2,3,control_period,33.2,50.00000000000426,
34.994806424000004,33.230000000000004,1,camera_to_measurement,33.2,19.106590999999998,True
34.994913305000004,33.230000000000004,1,detector_inference,,16.947830200195312,
34.99563219,33.230000000000004,2,camera_to_measurement,33.2,16.876673999999998,True
34.995739425000004,33.230000000000004,2,detector_inference,,13.282015800476074,
34.999230509,33.230000000000004,3,detector_inference,,9.403980255126953,
35.000489996,33.235,3,camera_to_measurement,33.2,13.048886999999999,True
35.014744061,33.25,1,measurement_to_controller_cmd,,19.937637,True
35.015371243000004,33.25,1,controller_to_actual_cmd,,0.627182,
35.015500742,33.25,1,control_period,33.25,49.99999999999716,
35.015572268,33.25,2,measurement_to_controller_cmd,,19.940078,True
35.015654744,33.25,2,control_period,33.25,49.99999999999716,
35.015716424000004,33.25,3,measurement_to_controller_cmd,,15.226427999999999,True
35.015779489,33.25,3,controller_to_actual_cmd,,0.063065,
35.015843338,33.25,3,control_period,33.25,49.99999999999716,
35.016481753,33.25,2,controller_to_actual_cmd,,0.909485,
35.05332845,33.285000000000004,2,detector_inference,,7.859234809875488,
35.054459629,33.29,2,camera_to_measurement,33.265,10.174752999999999,True
35.062536234,33.295,3,camera_to_measurement,33.265,14.376242999999999,True
35.062685307,33.295,3,detector_inference,,13.446069717407227,
35.065680709,33.300000000000004,2,measurement_to_controller_cmd,,11.221079999999999,True
35.065861888,33.300000000000004,2,control_period,33.3,49.99999999999716,
35.06598332,33.300000000000004,3,measurement_to_controller_cmd,,3.4470859999999997,True
35.06610717,33.300000000000004,3,controller_to_actual_cmd,,0.12384999999999999,
35.066256461,33.300000000000004,3,control_period,33.3,49.99999999999716,
35.06678551,33.300000000000004,2,controller_to_actual_cmd,,1.104801,
35.06753509,33.300000000000004,1,control_period,33.3,49.99999999999716,
35.067881136000004,33.300000000000004,1,controller_to_actual_cmd,,0.7155859999999999,
35.114350443,33.35,1,detector_inference,,5.858652114868164,
35.115044044,33.35,1,camera_to_measurement,33.335,7.423031,True
35.115166272,33.35,1,measurement_to_controller_cmd,,0.12222799999999999,True
35.115292211,33.35,1,control_period,33.35,50.00000000000426,
35.115471536,33.35,2,control_period,33.35,50.00000000000426,
35.115640363000004,33.35,3,controller_to_actual_cmd,,0.035414999999999995,
35.115691214,33.35,3,control_period,33.35,50.00000000000426,
35.11600133,33.35,1,controller_to_actual_cmd,,0.835058,
35.11604332,33.35,2,controller_to_actual_cmd,,0.655531,
35.12117019,33.355000000000004,3,detector_inference,,6.6891069412231445,
35.121876399,33.355000000000004,3,camera_to_measurement,33.335,8.475264,True
35.165178538,33.4,2,controller_to_actual_cmd,,0.100335,
35.165309583,33.4,2,control_period,33.4,49.99999999999716,
35.165404024000004,33.4,3,measurement_to_controller_cmd,,43.527625,True
35.165503258,33.4,3,controller_to_actual_cmd,,0.09923399999999999,
35.16562898,33.4,3,control_period,33.4,49.99999999999716,
35.166329712,33.4,1,controller_to_actual_cmd,,0.072611,
35.166444329,33.4,1,control_period,33.4,49.99999999999716,
35.193877876,33.425000000000004,2,detector_inference,,10.469770431518555,
35.196154728,33.43,1,camera_to_measurement,33.4,21.203837999999998,True
35.196300157,33.43,1,detector_inference,,19.03367805480957,
35.196456283,33.43,2,camera_to_measurement,33.4,16.615627,True
35.205502880000004,33.440000000000005,3,camera_to_measurement,33.4,17.451501999999998,True
35.205582508,33.440000000000005,3,detector_inference,,15.766307830810547,
35.214870514000005,33.45,1,measurement_to_controller_cmd,,18.715785999999998,True
35.214982288,33.45,1,control_period,33.45,50.00000000000426,
35.215053957,33.45,2,measurement_to_controller_cmd,,18.597673999999998,True
35.215111316000005,33.45,2,control_period,33.45,50.00000000000426,
35.215153021,33.45,3,measurement_to_controller_cmd,,9.650141,True
35.21551745,33.45,2,controller_to_actual_cmd,,0.463493,
35.215572247000004,33.45,3,controller_to_actual_cmd,,0.419226,
35.215623623,33.45,3,control_period,33.45,50.00000000000426,
35.215919459000006,33.45,1,controller_to_actual_cmd,,1.048945,
35.253206517,33.485,1,detector_inference,,11.687493324279785,
35.254053574000004,33.485,1,camera_to_measurement,33.465,14.172153999999999,True
35.2587957,33.49,2,camera_to_measurement,33.465,13.521479999999999,True
35.258939007,33.49,2,detector_inference,,11.810458183288574,
35.26051849,33.495000000000005,3,detector_inference,,7.995748043060303,
35.265461371,33.5,1,measurement_to_controller_cmd,,11.407796999999999,True
35.265651420000005,33.5,1,control_period,33.5,49.99999999999716,
35.265782302000005,33.5,2,measurement_to_controller_cmd,,6.9866019999999995,True
35.265897826,33.5,2,controller_to_actual_cmd,,0.115524,
35.266043837000005,33.5,2,control_period,33.5,49.99999999999716,
35.266654068,33.5,1,controller_to_actual_cmd,,1.192697,
35.266729011,33.5,3,measurement_to_controller_cmd,,6.333088999999999,True
35.266774455000004,33.5,3,controller_to_actual_cmd,,0.045444,
35.266832255000004,33.5,3,control_period,33.5,49.99999999999716,
35.312939557,33.545,1,camera_to_measurement,33.53,9.783615,True
35.313091974,33.545,1,detector_inference,,8.396265983581543,
35.315018596,33.550000000000004,2,control_period,33.55,49.99999999999716,
35.315280897,33.550000000000004,3,control_period,33.55,49.99999999999716,
35.316157345,33.550000000000004,1,measurement_to_controller_cmd,,3.2177879999999996,True
35.316332848,33.550000000000004,1,control_period,33.55,49.99999999999716,
35.316456659,33.550000000000004,2,controller_to_actual_cmd,,1.586298,
35.319575759,33.550000000000004,1,controller_to_actual_cmd,,3.418414,
35.319748894,33.550000000000004,3,controller_to_actual_cmd,,4.586679999999999,
35.321199539000006,33.555,2,camera_to_measurement,33.53,10.613389999999999,True
35.321336557,33.555,2,detector_inference,,8.012823104858398,
35.32777893,33.56,3,camera_to_measurement,33.53,9.433473,True
35.327851838,33.56,3,detector_inference,,9.490839004516602,
35.365784174000005,33.6,2,measurement_to_controller_cmd,,44.584635,True
35.365901122000004,33.6,2,control_period,33.6,50.00000000000426,
35.365976784000004,33.6,3,measurement_to_controller_cmd,,38.197854,True
35.366048451000005,33.6,3,control_period,33.6,50.00000000000426,
35.366659751,33.6,1,control_period,33.6,50.00000000000426,
35.366742321000004,33.6,2,controller_to_actual_cmd,,0.958147,
35.366815352,33.6,3,controller_to_actual_cmd,,0.838568,
35.369594216,33.6,1,controller_to_actual_cmd,,3.034442,
35.388293773,33.620000000000005,1,detector_inference,,18.202417373657227,
35.389088177000005,33.625,1,camera_to_measurement,33.595,20.267615,True
35.389205741000005,33.625,2,camera_to_measurement,33.595,15.159991999999999,True
35.389287939,33.625,2,detector_inference,,12.725885391235352,
35.389949876,33.625,3,camera_to_measurement,33.595,10.174427,True
35.390050962000004,33.625,3,detector_inference,,8.925291061401367,
35.415109466000004,33.65,2,measurement_to_controller_cmd,,25.903724999999998,True
35.415283581000004,33.65,2,control_period,33.65,49.99999999999716,
35.415404425000006,33.65,3,measurement_to_controller_cmd,,25.454549,True
35.415529432,33.65,3,controller_to_actual_cmd,,0.125007,
35.415651656,33.65,3,control_period,33.65,49.99999999999716,
35.416249069,33.65,1,measurement_to_controller_cmd,,27.160892,True
35.416335475000004,33.65,1,controller_to_actual_cmd,,0.086406,
35.416431253,33.65,1,control_period,33.65,49.99999999999716,
35.416520153,33.65,2,controller_to_actual_cmd,,1.410687,
35.461496482,33.695,2,detector_inference,,12.0347261428833,
35.463299463000006,33.695,1,camera_to_measurement,33.665,22.840715,True
35.463428324,33.695,1,detector_inference,,20.027563095092773,
35.463566390000004,33.695,3,camera_to_measurement,33.665,9.293934,True
35.463666143000005,33.695,3,detector_inference,,8.68198299407959,
35.46522343,33.7,2,measurement_to_controller_cmd,,2.969562,True
35.465378214000005,33.7,2,control_period,33.7,50.00000000000426,
35.465517841,33.7,3,measurement_to_controller_cmd,,1.9514509999999998,True
35.465655019,33.7,3,control_period,33.7,50.00000000000426,
35.466302142,33.7,2,controller_to_actual_cmd,,1.078712,
35.466423828,33.7,3,controller_to_actual_cmd,,0.905987,
35.46707876,33.7,1,measurement_to_controller_cmd,,3.7792969999999997,True
35.467186563000006,33.7,1,controller_to_actual_cmd,,0.107803,
35.46732516,33.7,1,control_period,33.7,50.00000000000426,
35.517210233,33.75,1,controller_to_actual_cmd,,0.131276,
35.517399235,33.75,1,control_period,33.75,49.99999999999716,
35.51764131,33.75,2,controller_to_actual_cmd,,0.09779399999999999,
35.517777066,33.75,2,control_period,33.75,49.99999999999716,
35.517965069,33.75,3,controller_to_actual_cmd,,0.08305799999999999,
35.518104396000005,33.75,3,control_period,33.75,49.99999999999716,
35.519089111,33.755,1,camera_to_measurement,33.73,11.941861999999999,True
35.519202287,33.755,1,detector_inference,,9.064385414123535,
35.523610903000005,33.755,2,camera_to_measurement,33.73,11.107191,True
35.523741290000004,33.755,2,detector_inference,,8.661556243896484,
35.565479395000004,33.800000000000004,1,measurement_to_controller_cmd,,46.390284,True
35.565581567,33.800000000000004,1,control_period,33.8,49.99999999999716,
35.565640959,33.800000000000004,2,measurement_to_controller_cmd,,42.030055999999995,True
35.565705988000005,33.800000000000004,2,control_period,33.8,49.99999999999716,
35.56581895,33.800000000000004,3,control_period,33.8,49.99999999999716,
35.566259078,33.800000000000004,1,controller_to_actual_cmd,,0.779683,
35.566317108,33.800000000000004,2,controller_to_actual_cmd,,0.676149,
35.566356807000005,33.800000000000004,3,controller_to_actual_cmd,,0.595317,
35.584634064,33.82,2,detector_inference,,6.654729843139648,
35.585395629000004,33.82,2,camera_to_measurement,33.795,12.743302,True
35.587339743,33.82,3,detector_inference,,6.88812780380249,
35.588275592,33.82,3,camera_to_measurement,33.795,9.109124,True
35.61527026,33.85,1,control_period,33.85,50.00000000000426,
35.615367631000005,33.85,3,measurement_to_controller_cmd,,27.092039,True
35.615461743000004,33.85,3,control_period,33.85,50.00000000000426,
35.616182016,33.85,1,controller_to_actual_cmd,,1.021504,
35.61629468,33.85,2,measurement_to_controller_cmd,,30.899051,True
35.616386968,33.85,2,controller_to_actual_cmd,,0.092288,
35.616518248000006,33.85,2,control_period,33.85,50.00000000000426,
35.616660931000006,33.85,3,controller_to_actual_cmd,,1.2933,
35.643233845000005,33.875,1,detector_inference,,7.7049407958984375,
35.665766599,33.9,1,measurement_to_controller_cmd,,21.549242,True
35.665858729,33.9,1,controller_to_actual_cmd,,0.09212999999999999,
35.665965613000004,33.9,1,control_period,33.9,49.99999999999716,
35.666052461,33.9,2,controller_to_actual_cmd,,1.0404959999999999,
35.666137115000005,33.9,2,control_period,33.9,49.99999999999716,
35.666586225,33.9,3,controller_to_actual_cmd,,0.038077,
35.666650600000004,33.9,3,control_period,33.9,49.99999999999716,
35.708164531,33.940000000000005,1,camera_to_measurement,33.925,9.759215,True
35.708230389,33.940000000000005,1,detector_inference,,6.338386058807373,
35.714931724,33.95,1,measurement_to_controller_cmd,,6.767193,True
35.71499127,33.95,1,controller_to_actual_cmd,,0.059545999999999995,
35.715059097,33.95,1,control_period,33.95,50.00000000000426,
35.715993145,33.95,2,controller_to_actual_cmd,,0.495,
35.716102663,33.95,2,control_period,33.95,50.00000000000426,
35.716195317,33.95,3,control_period,33.95,50.00000000000426,
35.717213837,33.95,3,controller_to_actual_cmd,,1.059722,
35.718891913,33.95,3,detector_inference,,9.306215286254883,
35.719828271000004,33.95,3,camera_to_measurement,33.925,12.414278999999999,True
35.720813423,33.955000000000005,2,camera_to_measurement,33.925,17.737527999999998,True
35.720920636,33.955000000000005,2,detector_inference,,14.586236000061035,
35.766680131,34.0,2,measurement_to_controller_cmd,,45.866707999999996,True
35.76761406,34.0,2,controller_to_actual_cmd,,0.933929,
35.767762546,34.0,2,control_period,34.0,49.99999999999716,
35.767852237,34.0,3,measurement_to_controller_cmd,,48.023965999999994,True
35.767949215,34.0,3,controller_to_actual_cmd,,0.096978,
35.768069506,34.0,3,control_period,34.0,49.99999999999716,
35.768863615,34.0,1,controller_to_actual_cmd,,1.335734,
35.769065291000004,34.0,1,control_period,34.0,49.99999999999716,
35.791858749,34.025,1,detector_inference,,20.30601692199707,
35.791993797,34.025,3,detector_inference,,11.7213134765625,
35.792781188,34.025,3,camera_to_measurement,33.995,14.458998999999999,True
35.793824468000004,34.025,2,detector_inference,,17.75678825378418,
35.81534774,34.050000000000004,1,measurement_to_controller_cmd,,23.609721,True
35.815424946,34.050000000000004,1,controller_to_actual_cmd,,0.077206,
35.815507123,34.050000000000004,1,control_period,34.05,49.99999999999716,
35.815549862000005,34.050000000000004,2,measurement_to_controller_cmd,,21.870613,True
35.815587314000005,34.050000000000004,2,controller_to_actual_cmd,,0.037452,
35.815630388,34.050000000000004,2,control_period,34.05,49.99999999999716,
35.815670066,34.050000000000004,3,measurement_to_controller_cmd,,22.888878,True
35.815707077,34.050000000000004,3,controller_to_actual_cmd,,0.037010999999999995,
35.815747109,34.050000000000004,3,control_period,34.05,49.99999999999716,
35.854545693000006,34.09,1,detector_inference,,17.300682067871094,
35.854670931,34.09,3,camera_to_measurement,34.06,8.134421999999999,True
35.854736849000005,34.09,3,detector_inference,,6.8612799644470215,
35.855068644,34.09,1,camera_to_measurement,34.06,18.383755999999998,True
35.864888726000004,34.1,1,measurement_to_controller_cmd,,9.820082,True
35.864987828000004,34.1,1,control_period,34.1,50.00000000000426,
35.865129407000005,34.1,2,control_period,34.1,50.00000000000426,
35.865185326,34.1,3,measurement_to_controller_cmd,,10.514395,True
35.865250226,34.1,3,control_period,34.1,50.00000000000426,
35.865739555000005,34.1,1,controller_to_actual_cmd,,0.850829,
35.865790664,34.1,2,controller_to_actual_cmd,,0.726483,
35.8658499,34.1,3,controller_to_actual_cmd,,0.664574,
35.909674738,34.145,2,camera_to_measurement,34.125,7.775474,True
35.909787061,34.145,2,detector_inference,,5.55467414855957,
35.914761085,34.15,1,control_period,34.15,49.99999999999716,
35.914817833,34.15,2,measurement_to_controller_cmd,,5.143095,True
35.914871838,34.15,2,control_period,34.15,49.99999999999716,
35.914938126,34.15,3,control_period,34.15,49.99999999999716,
35.915255646000006,34.15,1,controller_to_actual_cmd,,0.550678,
35.915300015,34.15,3,controller_to_actual_cmd,,0.39370499999999997,
35.915570762,34.15,2,controller_to_actual_cmd,,0.752929,
35.965790326000004,34.2,1,control_period,34.2,50.00000000000426,
35.965896066,34.2,3,control_period,34.2,50.00000000000426,
35.96636775,34.2,1,controller_to_actual_cmd,,0.6393409999999999,
35.966450027,34.2,2,controller_to_actual_cmd,,0.027070999999999998,
35.966518696,34.2,2,control_period,34.2,50.00000000000426,
35.967247574000005,34.2,3,controller_to_actual_cmd,,1.399328,
35.974763287,34.21,1,detector_inference,,10.39116096496582,
35.975128611,34.21,1,camera_to_measurement,34.19,12.744728,True
35.985676806,34.22,3,camera_to_measurement,34.19,8.581583,True
35.985741593,34.22,3,detector_inference,,6.576877117156982,
36.015161939,34.25,1,measurement_to_controller_cmd,,40.033328,True
36.015233540000004,34.25,2,controller_to_actual_cmd,,0.50224,
36.015308067,34.25,2,control_period,34.25,49.99999999999716,
36.015350545000004,34.25,3,measurement_to_controller_cmd,,29.673738999999998,True
36.015404768,34.25,3,control_period,34.25,49.99999999999716,
36.015734494,34.25,1,controller_to_actual_cmd,,0.5725549999999999,
36.015793319000004,34.25,1,control_period,34.25,49.99999999999716,
36.015833055,34.25,3,controller_to_actual_cmd,,0.48251,
36.039064754,34.27,1,detector_inference,,8.469877243041992,
36.039968109,34.275000000000006,1,camera_to_measurement,34.255,10.87328,True
36.051743317,34.285000000000004,3,camera_to_measurement,34.255,9.007367,True
36.051813817,34.285000000000004,3,detector_inference,,7.4340128898620605,
36.064959794,34.300000000000004,1,measurement_to_controller_cmd,,24.991685,True
36.065178459,34.300000000000004,3,measurement_to_controller_cmd,,13.435141999999999,True
36.065986012,34.300000000000004,1,controller_to_actual_cmd,,1.0262179999999999,
36.066120789,34.300000000000004,1,control_period,34.3,49.99999999999716,
36.066215625000005,34.300000000000004,2,controller_to_actual_cmd,,1.127181,
36.066308421,34.300000000000004,2,control_period,34.3,49.99999999999716,
36.066386752,34.300000000000004,3,controller_to_actual_cmd,,1.2082929999999998,
36.066496779000005,34.300000000000004,3,control_period,34.3,49.99999999999716,
36.106018768000006,34.34,1,camera_to_measurement,34.325,9.459289,True
36.106118903,34.34,1,detector_inference,,6.797973155975342,
36.11433954,34.35,1,measurement_to_controller_cmd,,8.320772,True
36.114809791,34.35,1,controller_to_actual_cmd,,0.470251,
36.114874135,34.35,1,control_period,34.35,50.00000000000426,
36.114933144000005,34.35,2,controller_to_actual_cmd,,0.025883,
36.114971812,34.35,2,control_period,34.35,50.00000000000426,
36.115054105000006,34.35,3,control_period,34.35,50.00000000000426,
36.115351698000005,34.35,3,controller_to_actual_cmd,,0.337682,
36.118087499000005,34.35,3,detector_inference,,11.316143035888672,
36.118691317,34.35,3,camera_to_measurement,34.325,13.558567,True
36.165507145,34.400000000000006,3,measurement_to_controller_cmd,,46.815827999999996,True
36.166071461,34.400000000000006,1,control_period,34.4,49.99999999999716,
36.166144567,34.400000000000006,2,controller_to_actual_cmd,,0.6831929999999999,
36.166215460000004,34.400000000000006,2,control_period,34.4,49.99999999999716,
36.166264708,34.400000000000006,3,control_period,34.4,49.99999999999716,
36.166635979,34.400000000000006,1,controller_to_actual_cmd,,0.6555799999999999,
36.166679255000005,34.400000000000006,3,controller_to_actual_cmd,,1.17211,
36.173303778000005,34.405,1,detector_inference,,9.409102439880371,
36.174180259,34.410000000000004,1,camera_to_measurement,34.39,11.678941,True
36.178346049000005,34.410000000000004,2,detector_inference,,10.540366172790527,
36.215801307,34.45,1,measurement_to_controller_cmd,,41.621047999999995,True
36.215950283000005,34.45,1,controller_to_actual_cmd,,0.148976,
36.216121218000005,34.45,1,control_period,34.45,50.00000000000426,
36.216255771,34.45,2,measurement_to_controller_cmd,,37.413213,True
36.216381637000005,34.45,2,controller_to_actual_cmd,,0.125866,
36.216535295,34.45,2,control_period,34.45,50.00000000000426,
36.216719159,34.45,3,controller_to_actual_cmd,,0.07647799999999999,
36.216830596,34.45,3,control_period,34.45,50.00000000000426,
36.246002749,34.480000000000004,1,detector_inference,,13.569611549377441,
36.246698036000005,34.480000000000004,1,camera_to_measurement,34.455,17.664067,True
36.247325967,34.480000000000004,2,camera_to_measurement,34.455,13.031379,True
36.247429407000006,34.480000000000004,2,detector_inference,,10.879592895507812,
36.265449737000004,34.5,1,measurement_to_controller_cmd,,18.751701,True
36.265522745000006,34.5,2,measurement_to_controller_cmd,,18.196778,True
36.265588641,34.5,2,controller_to_actual_cmd,,0.065896,
36.265686286000005,34.5,2,control_period,34.5,49.99999999999716,
36.265786434,34.5,3,control_period,34.5,49.99999999999716,
36.266174405,34.5,1,controller_to_actual_cmd,,0.724668,
36.266245992,34.5,1,control_period,34.5,49.99999999999716,
36.266290573,34.5,3,controller_to_actual_cmd,,0.552895,
36.308841400000006,34.54,2,detector_inference,,7.723124980926514,
36.311314933000006,34.545,3,detector_inference,,8.022781372070312,
36.314971576000005,34.550000000000004,1,control_period,34.55,49.99999999999716,
36.315024113,34.550000000000004,2,measurement_to_controller_cmd,,5.190646,True
36.315068698000005,34.550000000000004,2,control_period,34.55,49.99999999999716,
36.315104934000004,34.550000000000004,3,measurement_to_controller_cmd,,3.83852,True
36.315140049,34.550000000000004,3,controller_to_actual_cmd,,0.035115,
36.315180506000004,34.550000000000004,3,control_period,34.55,49.99999999999716,
36.315506822,34.550000000000004,1,controller_to_actual_cmd,,0.598205,
36.315557451000004,34.550000000000004,2,controller_to_actual_cmd,,0.533338,
36.365128162000005,34.6,1,controller_to_actual_cmd,,0.062136,
36.365244591,34.6,1,control_period,34.6,50.00000000000426,
36.365407976,34.6,3,control_period,34.6,50.00000000000426,
36.366054419,34.6,2,control_period,34.6,50.00000000000426,
36.366103111,34.6,3,controller_to_actual_cmd,,0.778793,
36.366446530000005,34.6,2,controller_to_actual_cmd,,0.435789,
36.374796835000005,34.61,2,camera_to_measurement,34.585,15.754242,True
36.37494156,34.61,2,detector_inference,,14.199019432067871,
36.375062109000005,34.61,3,camera_to_measurement,34.585,12.168427999999999,True
36.37515024,34.61,3,detector_inference,,8.854940414428711,
36.415506413,34.650000000000006,1,controller_to_actual_cmd,,0.724426,
36.415648206,34.650000000000006,1,control_period,34.65,49.99999999999716,
36.415704162000004,34.650000000000006,2,measurement_to_controller_cmd,,40.907326999999995,True
36.415742502,34.650000000000006,2,controller_to_actual_cmd,,0.03834,
36.415784456000004,34.650000000000006,2,control_period,34.65,49.99999999999716,
36.415818396,34.650000000000006,3,measurement_to_controller_cmd,,40.756287,True
36.415855057,34.650000000000006,3,control_period,34.65,49.99999999999716,
36.416154818,34.650000000000006,3,controller_to_actual_cmd,,0.336422,
36.442434972,34.675000000000004,2,detector_inference,,9.199588775634766,
36.443197669,34.675000000000004,1,camera_to_measurement,34.655,15.053078999999999,True
36.443278458,34.675000000000004,1,detector_inference,,12.661564826965332,
36.443337125,34.675000000000004,2,camera_to_measurement,34.655,12.355965999999999,True
36.46477263,34.7,1,measurement_to_controller_cmd,,21.574961,True
36.465137846000005,34.7,1,controller_to_actual_cmd,,0.365216,
36.465239071,34.7,1,control_period,34.7,50.00000000000426,
36.465288136000005,34.7,2,measurement_to_controller_cmd,,21.951010999999998,True
36.465351346000006,34.7,2,controller_to_actual_cmd,,0.06321,
36.465403704,34.7,2,control_period,34.7,50.00000000000426,
36.465799689,34.7,3,control_period,34.7,50.00000000000426,
36.466064388,34.7,3,controller_to_actual_cmd,,0.302826,
36.510986429,34.745000000000005,1,detector_inference,,15.943918228149414,
36.511679075,34.745000000000005,1,camera_to_measurement,34.72,18.685582,True
36.512144135,34.745000000000005,2,detector_inference,,11.90615177154541,
36.512197451000006,34.745000000000005,3,camera_to_measurement,34.72,9.443162,True
36.512234715000005,34.745000000000005,3,detector_inference,,8.036123275756836,
36.515132543,34.75,1,measurement_to_controller_cmd,,3.453468,True
36.515218397000005,34.75,1,controller_to_actual_cmd,,0.085854,
36.515286784000004,34.75,1,control_period,34.75,49.99999999999716,
36.515338044,34.75,2,measurement_to_controller_cmd,,3.237905,True
36.515376471,34.75,2,controller_to_actual_cmd,,0.038426999999999996,
36.515420357,34.75,2,control_period,34.75,49.99999999999716,
36.515458437,34.75,3,measurement_to_controller_cmd,,3.260986,True
36.51550017,34.75,3,controller_to_actual_cmd,,0.041733,
36.515543025,34.75,3,control_period,34.75,49.99999999999716,
36.566773041000005,34.800000000000004,1,controller_to_actual_cmd,,0.039762,
36.566861739000004,34.800000000000004,1,control_period,34.8,49.99999999999716,
36.566979363,34.800000000000004,2,controller_to_actual_cmd,,0.049217,
36.567027418,34.800000000000004,2,control_period,34.8,49.99999999999716,
36.567096495,34.800000000000004,3,controller_to_actual_cmd,,0.030459,
36.56714062,34.800000000000004,3,control_period,34.8,49.99999999999716,
36.568085925000005,34.800000000000004,1,camera_to_measurement,34.785,10.205528,True
36.568179334,34.800000000000004,1,detector_inference,,9.578171730041504,
36.577418691000005,34.81,2,detector_inference,,13.332313537597656,
36.578040096,34.81,2,camera_to_measurement,34.785,15.743231,True
36.615075104,34.85,2,measurement_to_controller_cmd,,37.035008,True
36.615191358000004,34.85,2,control_period,34.85,50.00000000000426,
36.615318405000004,34.85,3,controller_to_actual_cmd,,0.052412,
36.615389155,34.85,3,control_period,34.85,50.00000000000426,
36.615787939,34.85,1,measurement_to_controller_cmd,,47.702014,True
36.615833813,34.85,1,controller_to_actual_cmd,,0.045874,
36.615882986,34.85,1,control_period,34.85,50.00000000000426,
36.615925694000005,34.85,2,controller_to_actual_cmd,,0.85059,
36.641604796,34.875,1,detector_inference,,16.98932647705078,
36.642257351000005,34.875,1,camera_to_measurement,34.85,18.463162,True
36.642375977,34.875,3,camera_to_measurement,34.85,8.639227,True
36.642460815,34.875,3,detector_inference,,7.409471035003662,
36.66498382,34.900000000000006,1,measurement_to_controller_cmd,,22.726468999999998,True
36.66506046,34.900000000000006,1,control_period,34.9,49.99999999999716,
36.665150772000004,34.900000000000006,2,control_period,34.9,49.99999999999716,
36.665195805,34.900000000000006,3,measurement_to_controller_cmd,,22.819827999999998,True
36.665387767000006,34.900000000000006,3,control_period,34.9,49.99999999999716,
36.666033936000005,34.900000000000006,1,controller_to_actual_cmd,,1.050116,
36.66613238,34.900000000000006,2,controller_to_actual_cmd,,1.022804,
36.66621043,34.900000000000006,3,controller_to_actual_cmd,,1.0146249999999999,
36.706967264,34.940000000000005,3,detector_inference,,8.561963081359863,
36.707381012,34.940000000000005,2,camera_to_measurement,34.915,14.835687,True
36.707439639,34.940000000000005,2,detector_inference,,12.916153907775879,
36.707501820000004,34.940000000000005,3,camera_to_measurement,34.915,10.542019,True
36.714530326,34.95,1,control_period,34.95,50.00000000000426,
36.714961905,34.95,1,controller_to_actual_cmd,,0.510184,
36.715034646,34.95,3,measurement_to_controller_cmd,,7.532826,True
36.715108477,34.95,3,control_period,34.95,50.00000000000426,
36.715717321,34.95,2,measurement_to_controller_cmd,,8.336309,True
36.715848797,34.95,2,control_period,34.95,50.00000000000426,
36.715947838000005,34.95,3,controller_to_actual_cmd,,0.913192,
36.716541532,34.95,2,controller_to_actual_cmd,,0.8242109999999999,
36.765930465000004,35.0,1,control_period,35.0,49.99999999999716,
36.766017780000006,35.0,3,controller_to_actual_cmd,,0.727924,
36.766098885000005,35.0,3,control_period,35.0,49.99999999999716,
36.766708573,35.0,1,controller_to_actual_cmd,,0.873373,
36.766833549000005,35.0,2,controller_to_actual_cmd,,0.04657,
36.766914517000004,35.0,2,control_period,35.0,49.99999999999716,
36.771798407000006,35.005,3,detector_inference,,8.012950897216797,
36.772228396,35.005,3,camera_to_measurement,34.985,9.594343,True
36.815619074000004,35.050000000000004,1,controller_to_actual_cmd,,0.068768,
36.815748425,35.050000000000004,1,control_period,35.05,49.99999999999716,
36.815898346000004,35.050000000000004,3,measurement_to_controller_cmd,,43.66995,True
36.815959372,35.050000000000004,3,control_period,35.05,49.99999999999716,
36.816325775,35.050000000000004,2,controller_to_actual_cmd,,0.49107999999999996,
36.816383788,35.050000000000004,2,control_period,35.05,49.99999999999716,
36.816425838,35.050000000000004,3,controller_to_actual_cmd,,0.527492,
36.841096921,35.075,2,detector_inference,,10.373824119567871,
36.841465871000004,35.075,2,camera_to_measurement,35.05,12.5519,True
36.842805593,35.075,1,detector_inference,,14.49718189239502,
36.843187541,35.075,1,camera_to_measurement,35.05,17.051667,True
36.865783141,35.1,2,measurement_to_controller_cmd,,24.31727,True
36.865883762,35.1,2,control_period,35.1,50.00000000000426,
36.865966239,35.1,3,controller_to_actual_cmd,,0.033815,
36.866022918,35.1,3,control_period,35.1,50.00000000000426,
36.866365290000005,35.1,1,measurement_to_controller_cmd,,23.177749,True
36.866420774000005,35.1,1,control_period,35.1,50.00000000000426,
36.866471763,35.1,2,controller_to_actual_cmd,,0.688622,
36.86680065,35.1,1,controller_to_actual_cmd,,0.43535999999999997,
36.906791659,35.14,2,detector_inference,,11.82658863067627,
36.907142606,35.14,2,camera_to_measurement,35.115,14.864789,True
36.907443862,35.14,3,camera_to_measurement,35.115,11.192122999999999,True
36.907503948000006,35.14,3,detector_inference,,8.800214767456055,
36.915114194000004,35.150000000000006,1,controller_to_actual_cmd,,0.058832999999999996,
36.915298568000004,35.150000000000006,1,control_period,35.15,49.99999999999716,
36.915461717,35.150000000000006,3,measurement_to_controller_cmd,,8.017854999999999,True
36.915631307000005,35.150000000000006,3,control_period,35.15,49.99999999999716,
36.916221122,35.150000000000006,2,measurement_to_controller_cmd,,9.078516,True
36.916315065,35.150000000000006,2,controller_to_actual_cmd,,0.093943,
36.916418818000004,35.150000000000006,2,control_period,35.15,49.99999999999716,
36.9165451,35.150000000000006,3,controller_to_actual_cmd,,1.083383,
36.961090514000006,35.195,1,camera_to_measurement,35.18,9.629377,True
36.961147891,35.195,1,detector_inference,,7.784004211425781,
36.965312496,35.2,1,measurement_to_controller_cmd,,4.221982,True
36.965437912000006,35.2,1,control_period,35.2,50.00000000000426,
36.965550208,35.2,2,control_period,35.2,50.00000000000426,
36.965626199,35.2,3,control_period,35.2,50.00000000000426,
36.965971065000005,35.2,2,controller_to_actual_cmd,,0.46710399999999996,
36.966015618,35.2,3,controller_to_actual_cmd,,0.424581,
36.966658377,35.2,1,controller_to_actual_cmd,,1.3458809999999999,
36.97043579,35.205000000000005,3,camera_to_measurement,35.18,10.112893,True
36.970621104,35.205000000000005,3,detector_inference,,8.68726634979248,
36.97316017,35.205000000000005,2,detector_inference,,16.590547561645508,
36.973593717,35.205000000000005,2,camera_to_measurement,35.18,18.960528999999998,True
37.016330970000006,35.25,2,measurement_to_controller_cmd,,42.737252999999995,True
37.016519857000006,35.25,2,controller_to_actual_cmd,,0.188887,
37.016693325000006,35.25,2,control_period,35.25,49.99999999999716,
37.016816368,35.25,3,measurement_to_controller_cmd,,46.380578,True
37.0169349,35.25,3,controller_to_actual_cmd,,0.118532,
37.017095494,35.25,3,control_period,35.25,49.99999999999716,
37.020937985,35.25,1,controller_to_actual_cmd,,0.126687,
37.02117234,35.25,1,control_period,35.25,49.99999999999716,
37.035899753,35.27,1,camera_to_measurement,35.245,15.668985999999999,True
37.036021903000005,35.27,1,detector_inference,,14.303260803222656,
37.036138128000005,35.27,2,camera_to_measurement,35.245,11.902458,True
37.036219583000005,35.27,2,detector_inference,,8.776036262512207,
37.065197330000004,35.300000000000004,1,measurement_to_controller_cmd,,29.297577,True
37.065317677,35.300000000000004,2,measurement_to_controller_cmd,,29.179548999999998,True
37.065444437000004,35.300000000000004,2,control_period,35.3,49.99999999999716,
37.065675683,35.300000000000004,3,control_period,35.3,49.99999999999716,
37.066233727000004,35.300000000000004,1,controller_to_actual_cmd,,1.036397,
37.066328208,35.300000000000004,1,control_period,35.3,49.99999999999716,
37.066402844,35.300000000000004,2,controller_to_actual_cmd,,1.085167,
37.066484188000004,35.300000000000004,3,controller_to_actual_cmd,,0.9001199999999999,
37.101244514,35.335,1,detector_inference,,10.890628814697266,
37.101888087,35.335,1,camera_to_measurement,35.315,13.085595999999999,True
37.102529372,35.335,2,camera_to_measurement,35.315,8.817756,True
37.102641953,35.335,2,detector_inference,,7.285258769989014,
37.115933410000004,35.35,1,measurement_to_controller_cmd,,14.045323,True
37.116069357,35.35,1,controller_to_actual_cmd,,0.13594699999999998,
37.116200354,35.35,1,control_period,35.35,50.00000000000426,
37.116293378,35.35,2,measurement_to_controller_cmd,,13.764006,True
37.116391766,35.35,2,control_period,35.35,50.00000000000426,
37.116580497,35.35,3,controller_to_actual_cmd,,0.078807,
37.116687437,35.35,3,control_period,35.35,50.00000000000426,
37.117410895,35.35,2,controller_to_actual_cmd,,1.1175169999999999,
37.162009870000006,35.395,1,detector_inference,,7.2694010734558105,
37.162765492000005,35.395,1,camera_to_measurement,35.38,10.128131999999999,True
37.166749919000004,35.400000000000006,1,measurement_to_controller_cmd,,3.9844269999999997,True
37.166798522,35.400000000000006,1,controller_to_actual_cmd,,0.048603,
37.166863602,35.400000000000006,1,control_period,35.4,49.99999999999716,
37.166934371,35.400000000000006,2,controller_to_actual_cmd,,0.030595999999999998,
37.166977229000004,35.400000000000006,2,control_period,35.4,49.99999999999716,
37.167051125,35.400000000000006,3,controller_to_actual_cmd,,0.030900999999999998,
37.16709754,35.400000000000006,3,control_period,35.4,49.99999999999716,
37.167930869,35.400000000000006,2,detector_inference,,7.383817195892334,
37.174799856,35.410000000000004,3,detector_inference,,7.277129173278809,
37.175159332,35.410000000000004,3,camera_to_measurement,35.38,9.117771,True
37.216545769,35.45,1,control_period,35.45,50.00000000000426,
37.216617956,35.45,2,measurement_to_controller_cmd,,48.349171,True
37.21668347,35.45,2,controller_to_actual_cmd,,0.065514,
37.216765652,35.45,2,control_period,35.45,50.00000000000426,
37.218967233,35.45,3,measurement_to_controller_cmd,,43.807901,True
37.219060789000004,35.45,3,controller_to_actual_cmd,,0.093556,
37.219162226,35.45,3,control_period,35.45,50.00000000000426,
37.219938879000004,35.455000000000005,1,controller_to_actual_cmd,,3.4902439999999997,
37.230605482,35.465,1,camera_to_measurement,35.445,12.01296,True
37.230684064,35.465,1,detector_inference,,9.274788856506348,
37.240198538,35.475,2,detector_inference,,9.453665733337402,
37.240557626000005,35.475,2,camera_to_measurement,35.445,15.540213,True
37.241319327,35.475,3,detector_inference,,7.227963924407959,
37.241616052000005,35.475,3,camera_to_measurement,35.445,9.006267,True
37.265401714,35.5,1,measurement_to_controller_cmd,,34.796231999999996,True
37.265502252000005,35.5,1,control_period,35.5,49.99999999999716,
37.265548677000005,35.5,2,measurement_to_controller_cmd,,24.991051,True
37.265590844,35.5,2,controller_to_actual_cmd,,0.042166999999999996,
37.265637346000005,35.5,2,control_period,35.5,49.99999999999716,
37.265676303,35.5,3,measurement_to_controller_cmd,,24.060250999999997,True
37.265720255000005,35.5,3,controller_to_actual_cmd,,0.043952,
37.265764055000005,35.5,3,control_period,35.5,49.99999999999716,
37.266095555,35.5,1,controller_to_actual_cmd,,0.6938409999999999,
37.300426401,35.535000000000004,1,detector_inference,,13.861518859863281,
37.30109136,35.535000000000004,1,camera_to_measurement,35.51,15.216787,True
37.302225564000004,35.535000000000004,2,detector_inference,,12.068755149841309,
37.302326990000005,35.535000000000004,3,detector_inference,,8.017742156982422,
37.302948323,35.535000000000004,2,camera_to_measurement,35.51,13.978188,True
37.30309157,35.535000000000004,3,camera_to_measurement,35.51,10.019191,True
37.31473294,35.550000000000004,1,measurement_to_controller_cmd,,13.64158,True
37.314836659,35.550000000000004,1,control_period,35.55,49.99999999999716,
37.314901567,35.550000000000004,3,measurement_to_controller_cmd,,11.809997,True
37.314957376,35.550000000000004,3,controller_to_actual_cmd,,0.055809,
37.315024666,35.550000000000004,3,control_period,35.55,49.99999999999716,
37.315315557000005,35.550000000000004,1,controller_to_actual_cmd,,0.5826169999999999,
37.315355593,35.550000000000004,2,measurement_to_controller_cmd,,12.407269999999999,True
37.315387286,35.550000000000004,2,controller_to_actual_cmd,,0.031693,
37.315427718,35.550000000000004,2,control_period,35.55,49.99999999999716,
37.360915864,35.595,3,detector_inference,,7.30953311920166,
37.361322902000005,35.595,1,detector_inference,,13.961467742919922,
37.361373130000004,35.595,3,camera_to_measurement,35.575,9.008153,True
37.365046977000006,35.6,1,measurement_to_controller_cmd,,3.760633,True
37.365204414000004,35.6,1,control_period,35.6,50.00000000000426,
37.365350076000006,35.6,2,controller_to_actual_cmd,,0.059647,
37.36543642,35.6,2,control_period,35.6,50.00000000000426,
37.365550191000004,35.6,3,measurement_to_controller_cmd,,4.177061,True
37.365608326,35.6,3,controller_to_actual_cmd,,0.058135,
37.365657594000005,35.6,3,control_period,35.6,50.00000000000426,
37.365947475000006,35.6,1,controller_to_actual_cmd,,0.9004979999999999,
37.417403291,35.650000000000006,1,control_period,35.65,49.99999999999716,
37.417494245,35.650000000000006,2,control_period,35.65,49.99999999999716,
37.417598961,35.650000000000006,3,control_period,35.65,49.99999999999716,
37.418262397,35.650000000000006,1,controller_to_actual_cmd,,0.9343469999999999,
37.420924667,35.650000000000006,2,controller_to_actual_cmd,,5.611094,
37.420995982,35.650000000000006,3,controller_to_actual_cmd,,3.4463519999999996,
37.433459636,35.665,2,detector_inference,,10.963597297668457,
37.434329073,35.67,2,camera_to_measurement,35.645,13.727492999999999,True
37.465375653,35.7,1,control_period,35.7,50.00000000000426,
37.465503562,35.7,2,measurement_to_controller_cmd,,31.174488999999998,True
37.465645128000006,35.7,2,control_period,35.7,50.00000000000426,
37.46629172,35.7,1,controller_to_actual_cmd,,1.043873,
37.466401059,35.7,2,controller_to_actual_cmd,,0.897497,
37.466599637,35.7,3,controller_to_actual_cmd,,0.07670199999999999,
37.466713850000005,35.7,3,control_period,35.7,50.00000000000426,
37.501003876000006,35.735,2,detector_inference,,10.487861633300781,
37.50140312,35.735,2,camera_to_measurement,35.71,12.834911,True
37.501464743,35.735,3,camera_to_measurement,35.71,10.269969999999999,True
37.501523003,35.735,3,detector_inference,,8.558544158935547,
37.514857667,35.75,1,control_period,35.75,49.99999999999716,
37.514910027,35.75,2,measurement_to_controller_cmd,,13.506907,True
37.514954798000005,35.75,2,control_period,35.75,49.99999999999716,
37.514991028000004,35.75,3,measurement_to_controller_cmd,,13.526285,True
37.515026544,35.75,3,controller_to_actual_cmd,,0.035516,
37.515065229,35.75,3,control_period,35.75,49.99999999999716,
37.515355897,35.75,1,controller_to_actual_cmd,,0.584171,
37.515401774000004,35.75,2,controller_to_actual_cmd,,0.491747,
37.553160242000004,35.785000000000004,1,detector_inference,,6.064043045043945,
37.562175204,35.795,3,detector_inference,,6.176973819732666,
37.565229634000005,35.800000000000004,1,measurement_to_controller_cmd,,11.340613,True
37.565329823,35.800000000000004,1,controller_to_actual_cmd,,0.100189,
37.565446693000005,35.800000000000004,1,control_period,35.8,49.99999999999716,
37.565622074000004,35.800000000000004,2,controller_to_actual_cmd,,0.070257,
37.565719792,35.800000000000004,2,control_period,35.8,49.99999999999716,
37.565807128,35.800000000000004,3,measurement_to_controller_cmd,,3.684738,True
37.565890568,35.800000000000004,3,controller_to_actual_cmd,,0.08344,
37.565983906,35.800000000000004,3,control_period,35.8,49.99999999999716,
37.615527745,35.85,1,control_period,35.85,50.00000000000426,
37.615670676,35.85,2,control_period,35.85,50.00000000000426,
37.615763232,35.85,3,controller_to_actual_cmd,,0.041129,
37.615824630000006,35.85,3,control_period,35.85,50.00000000000426,
37.616364252000004,35.85,1,controller_to_actual_cmd,,0.9635539999999999,
37.616411662000004,35.85,2,controller_to_actual_cmd,,0.7961039999999999,
37.626608957,35.86,1,detector_inference,,6.291243076324463,
37.636129618000005,35.870000000000005,3,detector_inference,,9.097538948059082,
37.636494940000006,35.870000000000005,3,camera_to_measurement,35.84,11.13473,True
37.636793238,35.870000000000005,2,camera_to_measurement,35.84,16.955051,True
37.636841628,35.870000000000005,2,detector_inference,,14.262822151184082,
37.665076301,35.900000000000006,1,measurement_to_controller_cmd,,38.568317,True
37.665162877,35.900000000000006,1,controller_to_actual_cmd,,0.086576,
37.665264411,35.900000000000006,1,control_period,35.9,49.99999999999716,
37.665325928,35.900000000000006,3,measurement_to_controller_cmd,,28.830987999999998,True
37.665395789,35.900000000000006,3,control_period,35.9,49.99999999999716,
37.665927622000005,35.900000000000006,2,measurement_to_controller_cmd,,29.134383999999997,True
37.665973878,35.900000000000006,2,controller_to_actual_cmd,,0.046256,
37.666021181000005,35.900000000000006,2,control_period,35.9,49.99999999999716,
37.666062294,35.900000000000006,3,controller_to_actual_cmd,,0.736366,
37.698344373000005,35.93,1,detector_inference,,18.362224578857422,
37.698512799,35.93,2,detector_inference,,12.592272758483887,
37.699202828000004,35.93,1,camera_to_measurement,35.905,21.262797,True
37.699340392,35.93,2,camera_to_measurement,35.905,16.836115,True
37.699461629000005,35.93,3,camera_to_measurement,35.905,9.845581,True
37.699575802000005,35.93,3,detector_inference,,7.829899787902832,
37.714679631,35.95,1,measurement_to_controller_cmd,,15.476802999999999,True
37.714781444,35.95,1,control_period,35.95,50.00000000000426,
37.714841118,35.95,2,measurement_to_controller_cmd,,15.500725999999998,True
37.714901559000005,35.95,2,control_period,35.95,50.00000000000426,
37.714952636,35.95,3,measurement_to_controller_cmd,,15.491007,True
37.715026171000005,35.95,3,control_period,35.95,50.00000000000426,
37.715310545,35.95,1,controller_to_actual_cmd,,0.630914,
37.715346702000005,35.95,2,controller_to_actual_cmd,,0.5055839999999999,
37.715376985,35.95,3,controller_to_actual_cmd,,0.424349,
37.754432332,35.99,1,detector_inference,,6.171380043029785,
37.762121505,35.995000000000005,3,detector_inference,,8.252264022827148,
37.762492195,35.995000000000005,3,camera_to_measurement,35.975,9.283115,True
37.76516229,36.0,1,measurement_to_controller_cmd,,10.821549,True
37.765247219,36.0,1,controller_to_actual_cmd,,0.08492899999999999,
37.765321777000004,36.0,1,control_period,36.0,49.99999999999716,
37.765397341,36.0,2,control_period,36.0,49.99999999999716,
37.765766552,36.0,2,controller_to_actual_cmd,,0.405951,
37.765822331,36.0,3,measurement_to_controller_cmd,,3.330136,True
37.765865174000005,36.0,3,controller_to_actual_cmd,,0.042843,
37.765926308000004,36.0,3,control_period,36.0,49.99999999999716,
37.816258379000004,36.050000000000004,1,controller_to_actual_cmd,,0.115824,
37.816464569000004,36.050000000000004,1,control_period,36.05,49.99999999999716,
37.820729922000005,36.055,2,controller_to_actual_cmd,,0.110426,
37.820901760000005,36.055,2,control_period,36.05,49.99999999999716,
37.821137236000006,36.055,3,controller_to_actual_cmd,,0.106805,
37.821291248,36.055,3,control_period,36.05,49.99999999999716,
37.825922186,36.06,1,camera_to_measurement,36.04,12.224796,True
37.826041202,36.06,1,detector_inference,,9.599114418029785,
37.835360713,36.07,2,camera_to_measurement,36.04,15.821942,True
37.835516365000004,36.07,2,detector_inference,,13.793304443359375,
37.836894682,36.07,3,camera_to_measurement,36.04,13.025715,True
37.837022224,36.07,3,detector_inference,,10.629697799682617,
37.864902299,36.1,2,measurement_to_controller_cmd,,29.541586,True
37.865020723,36.1,2,control_period,36.1,50.00000000000426,
37.865638831000005,36.1,1,measurement_to_controller_cmd,,39.716645,True
37.865688940000005,36.1,1,controller_to_actual_cmd,,0.050109,
37.865745935,36.1,1,control_period,36.1,50.00000000000426,
37.865783531000005,36.1,2,controller_to_actual_cmd,,0.881232,
37.865818398,36.1,3,measurement_to_controller_cmd,,28.923716,True
37.865849360000006,36.1,3,controller_to_actual_cmd,,0.030962,
37.865886294,36.1,3,control_period,36.1,50.00000000000426,
37.89600599,36.13,1,detector_inference,,17.53009033203125,
37.896709351000005,36.13,1,camera_to_measurement,36.105,19.404213,True
37.896870589,36.13,3,camera_to_measurement,36.105,9.08617,True
37.896994755,36.13,3,detector_inference,,6.658351898193359,
37.914466486,36.150000000000006,1,measurement_to_controller_cmd,,17.757134999999998,True
37.914827638000006,36.150000000000006,1,controller_to_actual_cmd,,0.361152,
37.914889838,36.150000000000006,1,control_period,36.15,49.99999999999716,
37.914946517000004,36.150000000000006,2,controller_to_actual_cmd,,0.023823999999999998,
37.914980005000004,36.150000000000006,2,control_period,36.15,49.99999999999716,
37.915008817,36.150000000000006,3,measurement_to_controller_cmd,,18.138227999999998,True
37.915040398,36.150000000000006,3,control_period,36.15,49.99999999999716,
37.915264629,36.150000000000006,3,controller_to_actual_cmd,,0.255812,
37.962766880000004,36.195,1,detector_inference,,18.24190330505371,
37.962852425,36.195,3,detector_inference,,10.834264755249023,
37.96332622,36.195,1,camera_to_measurement,36.17,20.530120999999998,True
37.963407684,36.195,2,camera_to_measurement,36.17,16.392067,True
37.963450259000005,36.195,2,detector_inference,,14.001646041870117,
37.963512125,36.195,3,camera_to_measurement,36.17,14.318615999999999,True
37.964734379,36.2,2,measurement_to_controller_cmd,,1.326695,True
37.964825610000005,36.2,2,control_period,36.2,50.00000000000426,
37.965248529,36.2,1,measurement_to_controller_cmd,,1.9223089999999998,True
37.965316072,36.2,1,control_period,36.2,50.00000000000426,
37.965368348000005,36.2,2,controller_to_actual_cmd,,0.633969,
37.965416951,36.2,3,measurement_to_controller_cmd,,1.904826,True
37.965461343,36.2,3,control_period,36.2,50.00000000000426,
37.965771287,36.2,1,controller_to_actual_cmd,,0.522758,
37.96581779,36.2,3,controller_to_actual_cmd,,0.400839,
38.015368649,36.25,1,controller_to_actual_cmd,,0.076288,
38.015516218,36.25,1,control_period,36.25,49.99999999999716,
38.015644877,36.25,2,controller_to_actual_cmd,,0.048426,
38.015726093000005,36.25,2,control_period,36.25,49.99999999999716,
38.015797665,36.25,3,control_period,36.25,49.99999999999716,
38.016405179,36.25,3,controller_to_actual_cmd,,1.755239,
38.022912562,36.255,3,detector_inference,,5.4130120277404785,
38.065408702,36.300000000000004,1,control_period,36.3,49.99999999999716,
38.06550217,36.300000000000004,2,control_period,36.3,49.99999999999716,
38.06553873,36.300000000000004,3,measurement_to_controller_cmd,,42.245307,True
38.065829696,36.300000000000004,1,controller_to_actual_cmd,,0.488348,
38.065872253,36.300000000000004,2,controller_to_actual_cmd,,0.41505899999999996,
38.065908778,36.300000000000004,3,controller_to_actual_cmd,,0.370048,
38.065951053,36.300000000000004,3,control_period,36.3,49.99999999999716,
38.091399532000004,36.325,3,camera_to_measurement,36.305,7.149035,True
38.091539337,36.325,3,detector_inference,,5.323579788208008,
38.114870504,36.35,1,controller_to_actual_cmd,,0.06272699999999999,
38.114967655,36.35,1,control_period,36.35,50.00000000000426,
38.115090827,36.35,2,controller_to_actual_cmd,,0.053708,
38.115165718,36.35,2,control_period,36.35,50.00000000000426,
38.115227532000006,36.35,3,measurement_to_controller_cmd,,23.828,True
38.115286963,36.35,3,controller_to_actual_cmd,,0.059431,
38.115359514000005,36.35,3,control_period,36.35,50.00000000000426,
38.160141163000006,36.395,2,camera_to_measurement,36.37,14.877751,True
38.160208960000006,36.395,2,detector_inference,,12.409996032714844,
38.160648575,36.395,1,camera_to_measurement,36.37,19.355760999999998,True
38.160691842000006,36.395,1,detector_inference,,17.805465698242188,
38.160734386,36.395,3,camera_to_measurement,36.37,13.133073,True
38.160765105,36.395,3,detector_inference,,10.451557159423828,
38.165453832000004,36.400000000000006,1,measurement_to_controller_cmd,,4.805257,True
38.165588582000005,36.400000000000006,1,controller_to_actual_cmd,,0.13474999999999998,
38.165730099,36.400000000000006,1,control_period,36.4,49.99999999999716,
38.16582918,36.400000000000006,3,measurement_to_controller_cmd,,5.094793999999999,True
38.166008132,36.400000000000006,3,controller_to_actual_cmd,,0.178952,
38.166097344,36.400000000000006,3,control_period,36.4,49.99999999999716,
38.166646384,36.400000000000006,2,measurement_to_controller_cmd,,6.505221,True
38.166722699000005,36.400000000000006,2,controller_to_actual_cmd,,0.076315,
38.166814653,36.400000000000006,2,control_period,36.4,49.99999999999716,
38.215156022,36.45,3,control_period,36.45,50.00000000000426,
38.215851512,36.45,3,controller_to_actual_cmd,,0.8060569999999999,
38.216569477,36.45,1,control_period,36.45,50.00000000000426,
38.216698052000005,36.45,2,control_period,36.45,50.00000000000426,
38.217217611,36.45,1,controller_to_actual_cmd,,0.7481,
38.217562788,36.45,2,controller_to_actual_cmd,,0.9256019999999999,
38.220607310000005,36.455000000000005,1,camera_to_measurement,36.435,11.792982,True
38.220692248,36.455000000000005,1,detector_inference,,8.662893295288086,
38.230163261,36.465,2,detector_inference,,13.252167701721191,
38.230789496,36.465,2,camera_to_measurement,36.435,18.021724,True
38.231546956,36.465,3,detector_inference,,7.080427169799805,
38.231881011000006,36.465,3,camera_to_measurement,36.435,8.988394,True
38.265512720000004,36.5,1,measurement_to_controller_cmd,,44.905409999999996,True
38.265667408000006,36.5,1,controller_to_actual_cmd,,0.154688,
38.265799474000005,36.5,1,control_period,36.5,49.99999999999716,
38.265904883000005,36.5,2,measurement_to_controller_cmd,,35.115387,True
38.266031746,36.5,2,control_period,36.5,49.99999999999716,
38.266135301000006,36.5,3,measurement_to_controller_cmd,,34.25429,True
38.266193957000006,36.5,3,control_period,36.5,49.99999999999716,
38.266498956,36.5,2,controller_to_actual_cmd,,0.594073,
38.266538568,36.5,3,controller_to_actual_cmd,,0.403267,
38.285018866,36.52,1,detector_inference,,8.675857543945312,
38.285345737,36.52,1,camera_to_measurement,36.5,10.259654,True
38.314613417000004,36.550000000000004,1,measurement_to_controller_cmd,,29.26768,True
38.314723411,36.550000000000004,2,controller_to_actual_cmd,,0.041506999999999995,
38.315248093,36.550000000000004,1,controller_to_actual_cmd,,0.634676,
38.315306578000005,36.550000000000004,1,control_period,36.55,49.99999999999716,
38.315344209,36.550000000000004,2,control_period,36.55,49.99999999999716,
38.31537591,36.550000000000004,3,controller_to_actual_cmd,,0.599909,
38.315418619,36.550000000000004,3,control_period,36.55,49.99999999999716,
38.352829752000005,36.585,2,detector_inference,,11.180556297302246,
38.353360301,36.585,2,camera_to_measurement,36.565,13.268882999999999,True
38.353461646,36.585,3,camera_to_measurement,36.565,10.841605,True
38.353540053,36.585,3,detector_inference,,9.994626998901367,
38.365450942,36.6,1,controller_to_actual_cmd,,0.066449,
38.365618159,36.6,1,control_period,36.6,50.00000000000426,
38.365710365000005,36.6,2,measurement_to_controller_cmd,,12.350064,True
38.365788078,36.6,2,controller_to_actual_cmd,,0.07771299999999999,
38.365875409000004,36.6,2,control_period,36.6,50.00000000000426,
38.365952454,36.6,3,measurement_to_controller_cmd,,12.490808,True
38.366541197000004,36.6,3,controller_to_actual_cmd,,0.588743,
38.3666391,36.6,3,control_period,36.6,50.00000000000426,
38.416211969,36.650000000000006,1,controller_to_actual_cmd,,0.035537,
38.416290625,36.650000000000006,1,control_period,36.65,49.99999999999716,
38.416375569,36.650000000000006,2,controller_to_actual_cmd,,0.030438999999999997,
38.416419052,36.650000000000006,2,control_period,36.65,49.99999999999716,
38.417830107,36.650000000000006,3,control_period,36.65,49.99999999999716,
38.418186882,36.650000000000006,3,controller_to_actual_cmd,,0.405204,
38.424875373,36.660000000000004,2,detector_inference,,9.882057189941406,
38.425463033,36.660000000000004,2,camera_to_measurement,36.635,12.258714999999999,True
38.425599691,36.660000000000004,3,camera_to_measurement,36.635,7.983054999999999,True
38.425681597,36.660000000000004,3,detector_inference,,7.15690803527832,
38.465234657,36.7,1,controller_to_actual_cmd,,0.035501,
38.465353854,36.7,1,control_period,36.7,50.00000000000426,
38.465472367000004,36.7,2,measurement_to_controller_cmd,,40.009333999999996,True
38.465592237,36.7,2,controller_to_actual_cmd,,0.11986999999999999,
38.465694779,36.7,2,control_period,36.7,50.00000000000426,
38.465785358000005,36.7,3,measurement_to_controller_cmd,,40.185666999999995,True
38.465873737,36.7,3,controller_to_actual_cmd,,0.088379,
38.465961824000004,36.7,3,control_period,36.7,50.00000000000426,
38.483676959,36.715,2,camera_to_measurement,36.7,7.8130049999999995,True
38.483790197000005,36.715,2,detector_inference,,5.827813148498535,
38.51467565,36.75,1,control_period,36.75,49.99999999999716,
38.514714477000005,36.75,2,measurement_to_controller_cmd,,31.037518,True
38.514750673,36.75,2,control_period,36.75,49.99999999999716,
38.51503864,36.75,1,controller_to_actual_cmd,,0.40698199999999995,
38.515075457,36.75,2,controller_to_actual_cmd,,0.36097999999999997,
38.515128827000005,36.75,3,controller_to_actual_cmd,,0.023134,
38.515213197,36.75,3,control_period,36.75,49.99999999999716,
38.553382026,36.785000000000004,1,camera_to_measurement,36.765,15.893868,True
38.553509288,36.785000000000004,1,detector_inference,,14.383478164672852,
38.55475413,36.79,2,camera_to_measurement,36.765,13.092557,True
38.554820223,36.79,2,detector_inference,,11.381383895874023,
38.554910024,36.79,3,detector_inference,,8.530231475830078,
38.564755849,36.800000000000004,2,measurement_to_controller_cmd,,10.001719,True
38.565402507,36.800000000000004,1,measurement_to_controller_cmd,,12.020481,True
38.565570386000005,36.800000000000004,1,control_period,36.8,49.99999999999716,
38.56565186,36.800000000000004,2,controller_to_actual_cmd,,0.896011,
38.565725989,36.800000000000004,2,control_period,36.8,49.99999999999716,
38.565788178000005,36.800000000000004,3,measurement_to_controller_cmd,,10.911932,True
38.565843647,36.800000000000004,3,controller_to_actual_cmd,,0.055469,
38.565912051000005,36.800000000000004,3,control_period,36.8,49.99999999999716,
38.566979397000004,36.800000000000004,1,controller_to_actual_cmd,,1.57689,
38.615265561,36.85,1,control_period,36.85,50.00000000000426,
38.615346638000005,36.85,2,control_period,36.85,50.00000000000426,
38.615736467000005,36.85,2,controller_to_actual_cmd,,0.995826,
38.615817823,36.85,3,controller_to_actual_cmd,,0.029876,
38.615870932,36.85,3,control_period,36.85,50.00000000000426,
38.616169468,36.85,1,controller_to_actual_cmd,,0.9988509999999999,
38.621255483000006,36.855000000000004,2,detector_inference,,9.477745056152344,
38.621988871,36.855000000000004,2,camera_to_measurement,36.83,13.580872,True
38.624961612,36.86,3,detector_inference,,10.641858100891113,
38.625342151000005,36.86,3,camera_to_measurement,36.83,12.939496,True
38.666510194000004,36.900000000000006,1,control_period,36.9,49.99999999999716,
38.666604725,36.900000000000006,2,measurement_to_controller_cmd,,44.615854,True
38.666656793,36.900000000000006,2,controller_to_actual_cmd,,0.052067999999999996,
38.666709549000004,36.900000000000006,2,control_period,36.9,49.99999999999716,
38.666758055,36.900000000000006,3,measurement_to_controller_cmd,,41.415904,True
38.666803709,36.900000000000006,3,controller_to_actual_cmd,,0.045654,
38.666857183000005,36.900000000000006,3,control_period,36.9,49.99999999999716,
38.667542059000006,36.900000000000006,1,controller_to_actual_cmd,,1.113263,
38.687303281000005,36.92,2,camera_to_measurement,36.895,14.543669,True
38.68739903,36.92,2,detector_inference,,12.043805122375488,
38.687815606,36.92,1,detector_inference,,17.911882400512695,
38.688244472,36.92,3,detector_inference,,7.404516220092773,
38.689059820000004,36.925000000000004,3,camera_to_measurement,36.895,9.504408,True
38.714624598,36.95,2,measurement_to_controller_cmd,,27.321317,True
38.714717292,36.95,2,control_period,36.95,50.00000000000426,
38.714754188,36.95,3,measurement_to_controller_cmd,,25.694367999999997,True
38.714788881000004,36.95,3,control_period,36.95,50.00000000000426,
38.715077904000005,36.95,2,controller_to_actual_cmd,,0.453306,
38.715124229000004,36.95,3,controller_to_actual_cmd,,0.370041,
38.71538246,36.95,1,measurement_to_controller_cmd,,27.601651,True
38.715431281,36.95,1,control_period,36.95,50.00000000000426,
38.715674592,36.95,1,controller_to_actual_cmd,,0.292132,
38.750054342000006,36.985,1,detector_inference,,11.240074157714844,
38.750226621,36.985,2,camera_to_measurement,36.965,11.056901,True
38.750331008,36.985,2,detector_inference,,9.244954109191895,
38.750792641000004,36.985,1,camera_to_measurement,36.965,13.651259999999999,True
38.765423892,37.0,1,measurement_to_controller_cmd,,14.631250999999999,True
38.765468743,37.0,1,controller_to_actual_cmd,,0.044850999999999995,
38.765543857000004,37.0,1,control_period,37.0,49.99999999999716,
38.765609255,37.0,3,controller_to_actual_cmd,,0.028081,
38.76565354,37.0,3,control_period,37.0,49.99999999999716,
38.765997969000004,37.0,2,measurement_to_controller_cmd,,15.771348,True
38.766045506000005,37.0,2,controller_to_actual_cmd,,0.047536999999999996,
38.766084444,37.0,2,control_period,37.0,49.99999999999716,
38.815244078,37.050000000000004,1,control_period,37.05,49.99999999999716,
38.816127195,37.050000000000004,1,controller_to_actual_cmd,,1.066331,
38.816429011000004,37.050000000000004,3,controller_to_actual_cmd,,0.075894,
38.816579071,37.050000000000004,3,control_period,37.05,49.99999999999716,
38.817140027,37.050000000000004,2,detector_inference,,6.537950038909912,
38.817234957000004,37.050000000000004,2,controller_to_actual_cmd,,0.9737279999999999,
38.817356704000005,37.050000000000004,2,control_period,37.05,49.99999999999716,
38.817906646000004,37.050000000000004,2,camera_to_measurement,37.03,8.952622,True
38.822893545,37.055,3,detector_inference,,5.337799072265625,
38.866372666000004,37.1,1,controller_to_actual_cmd,,0.094425,
38.866533757,37.1,1,control_period,37.1,50.00000000000426,
38.866651309000005,37.1,2,measurement_to_controller_cmd,,48.744662999999996,True
38.866722522,37.1,2,controller_to_actual_cmd,,0.071213,
38.866771951000004,37.1,2,control_period,37.1,50.00000000000426,
38.866808298,37.1,3,measurement_to_controller_cmd,,43.299053,True
38.866844842,37.1,3,control_period,37.1,50.00000000000426,
38.867139981,37.1,3,controller_to_actual_cmd,,0.331683,
38.890257822,37.125,1,camera_to_measurement,37.095,20.184575,True
38.890334653000004,37.125,1,detector_inference,,17.85170555114746,
38.891179306000005,37.125,2,detector_inference,,12.432563781738281,
38.891521903000005,37.125,2,camera_to_measurement,37.095,15.217348,True
38.895630709,37.13,3,camera_to_measurement,37.095,14.434704,True
38.895704331000005,37.13,3,detector_inference,,12.110679626464844,
38.914537216,37.150000000000006,1,measurement_to_controller_cmd,,24.279394,True
38.915028908000004,37.150000000000006,1,controller_to_actual_cmd,,0.49169199999999996,
38.915137536,37.150000000000006,1,control_period,37.15,49.99999999999716,
38.915226446000005,37.150000000000006,2,measurement_to_controller_cmd,,23.704542999999997,True
38.915295388000004,37.150000000000006,2,controller_to_actual_cmd,,0.068942,
38.915375387000005,37.150000000000006,2,control_period,37.15,49.99999999999716,
38.915442005,37.150000000000006,3,measurement_to_controller_cmd,,19.811296,True
38.915518347,37.150000000000006,3,controller_to_actual_cmd,,0.076342,
38.915595440000004,37.150000000000006,3,control_period,37.15,49.99999999999716,
38.94786864,37.18,1,detector_inference,,14.943954467773438,
38.948423547000004,37.18,1,camera_to_measurement,37.16,16.867807,True
38.949163330000005,37.185,2,camera_to_measurement,37.16,14.526444,True
38.949231429,37.185,2,detector_inference,,12.167248725891113,
38.949283363,37.185,3,camera_to_measurement,37.16,10.053117,True
38.949322503000005,37.185,3,detector_inference,,7.494997978210449,
38.964868481,37.2,2,measurement_to_controller_cmd,,15.705150999999999,True
38.964986933000006,37.2,2,control_period,37.2,50.00000000000426,
38.965049254,37.2,3,measurement_to_controller_cmd,,15.765891,True
38.965395187000006,37.2,1,measurement_to_controller_cmd,,16.97164,True
38.965467629,37.2,1,control_period,37.2,50.00000000000426,
38.96552871,37.2,2,controller_to_actual_cmd,,0.660229,
38.965565397,37.2,3,controller_to_actual_cmd,,0.516143,
38.965613677,37.2,3,control_period,37.2,50.00000000000426,
38.965879112,37.2,1,controller_to_actual_cmd,,0.483925,
39.014866385000005,37.25,2,controller_to_actual_cmd,,0.037197,
39.01493498,37.25,2,control_period,37.25,49.99999999999716,
39.015012237,37.25,3,control_period,37.25,49.99999999999716,
39.015308180000005,37.25,1,control_period,37.25,49.99999999999716,
39.015345526000004,37.25,3,controller_to_actual_cmd,,0.368041,
39.015599077000005,37.25,1,controller_to_actual_cmd,,0.32732,
39.066592662000005,37.300000000000004,1,control_period,37.3,49.99999999999716,
39.066832074000004,37.300000000000004,3,control_period,37.3,49.99999999999716,
39.069330552000004,37.300000000000004,2,controller_to_actual_cmd,,0.050607,
39.069446372,37.300000000000004,2,control_period,37.3,49.99999999999716,
39.069513865000005,37.300000000000004,3,controller_to_actual_cmd,,2.7793129999999997,
39.070205501000004,37.305,1,controller_to_actual_cmd,,3.8568979999999997,
39.085131834,37.32,2,camera_to_measurement,37.295,12.481949,True
39.085199059000004,37.32,2,detector_inference,,8.827072143554688,
39.086034269,37.32,3,detector_inference,,7.2236528396606445,
39.086331867000006,37.32,3,camera_to_measurement,37.295,8.107097999999999,True
39.114541266,37.35,2,measurement_to_controller_cmd,,29.409432,True
39.114606235000004,37.35,2,control_period,37.35,50.00000000000426,
39.114648837000004,37.35,3,measurement_to_controller_cmd,,28.316969999999998,True
39.114688726000004,37.35,3,control_period,37.35,50.00000000000426,
39.115317716,37.35,1,controller_to_actual_cmd,,0.063362,
39.115418212,37.35,1,control_period,37.35,50.00000000000426,
39.115497031000004,37.35,2,controller_to_actual_cmd,,0.955765,
39.115567817000006,37.35,3,controller_to_actual_cmd,,0.9189799999999999,
39.165178877,37.400000000000006,1,control_period,37.4,49.99999999999716,
39.165231865,37.400000000000006,2,controller_to_actual_cmd,,0.506871,
39.165270711000005,37.400000000000006,2,control_period,37.4,49.99999999999716,
39.165309863000004,37.400000000000006,3,controller_to_actual_cmd,,0.545814,
39.165345241000004,37.400000000000006,3,control_period,37.4,49.99999999999716,
39.165615455,37.400000000000006,1,controller_to_actual_cmd,,0.932786,
39.210832864000004,37.445,1,detector_inference,,8.060687065124512,
39.211536944,37.445,1,camera_to_measurement,37.425,8.672314,True
39.215419895000004,37.45,1,measurement_to_controller_cmd,,3.882951,True
39.215562442,37.45,1,control_period,37.45,50.00000000000426,
39.215784849,37.45,3,control_period,37.45,50.00000000000426,
39.216354672,37.45,1,controller_to_actual_cmd,,0.934777,
39.216410789,37.45,2,controller_to_actual_cmd,,0.765601,
39.216487402000006,37.45,2,control_period,37.45,50.00000000000426,
39.216536774000005,37.45,3,controller_to_actual_cmd,,0.826519,
39.220934804,37.455000000000005,2,detector_inference,,10.19149398803711,
39.221333464000004,37.455000000000005,2,camera_to_measurement,37.425,14.542591,True
39.227493404,37.46,3,camera_to_measurement,37.425,13.950323,True
39.227652622,37.46,3,detector_inference,,12.151058197021484,
39.265513362,37.5,1,controller_to_actual_cmd,,0.07445399999999999,
39.265598998,37.5,1,control_period,37.5,49.99999999999716,
39.265634133,37.5,2,measurement_to_controller_cmd,,44.300669,True
39.265667688,37.5,2,controller_to_actual_cmd,,0.033555,
39.265705566,37.5,2,control_period,37.5,49.99999999999716,
39.267546290000006,37.5,3,measurement_to_controller_cmd,,40.052886,True
39.26761625,37.5,3,control_period,37.5,49.99999999999716,
39.26795053,37.5,3,controller_to_actual_cmd,,0.40424,
39.281873010000005,37.515,3,detector_inference,,13.255232810974121,
39.282373228000004,37.515,3,camera_to_measurement,37.49,15.021351,True
39.314356848,37.550000000000004,3,measurement_to_controller_cmd,,31.98362,True
39.314510971000004,37.550000000000004,3,control_period,37.55,49.99999999999716,
39.314950423,37.550000000000004,2,controller_to_actual_cmd,,0.029595,
39.315220383,37.550000000000004,2,control_period,37.55,49.99999999999716,
39.315337208,37.550000000000004,3,controller_to_actual_cmd,,0.98036,
39.315985509,37.550000000000004,1,controller_to_actual_cmd,,1.1014869999999999,
39.316102544,37.550000000000004,1,control_period,37.55,49.99999999999716,
39.338263098000006,37.57,2,camera_to_measurement,37.555,6.190691999999999,True
39.338335802,37.57,2,detector_inference,,5.485983848571777,
39.365051596,37.6,2,measurement_to_controller_cmd,,26.788497999999997,True
39.365099068,37.6,2,controller_to_actual_cmd,,0.047472,
39.365160382,37.6,2,control_period,37.6,50.00000000000426,
39.365235776000006,37.6,3,controller_to_actual_cmd,,0.024142999999999998,
39.365271404000005,37.6,3,control_period,37.6,50.00000000000426,
39.365562960000005,37.6,1,control_period,37.6,50.00000000000426,
39.365782835000005,37.6,1,controller_to_actual_cmd,,0.2556,
39.412353952000004,37.645,2,detector_inference,,6.981075763702393,
39.412729642,37.645,2,camera_to_measurement,37.625,8.194852,True
39.415172914,37.650000000000006,1,control_period,37.65,49.99999999999716,
39.415263382,37.650000000000006,2,measurement_to_controller_cmd,,2.53374,True
39.415333498,37.650000000000006,2,controller_to_actual_cmd,,0.070116,
39.415419128,37.650000000000006,2,control_period,37.65,49.99999999999716,
39.416152564,37.650000000000006,1,controller_to_actual_cmd,,1.0737889999999999,
39.416245948000004,37.650000000000006,3,controller_to_actual_cmd,,0.708069,
39.416330699,37.650000000000006,3,control_period,37.65,49.99999999999716,
39.418443371,37.650000000000006,3,detector_inference,,6.403697967529297,
39.41921613,37.655,3,camera_to_measurement,37.625,8.527021,True
39.465789453,37.7,3,measurement_to_controller_cmd,,46.573322999999995,True
39.4665905,37.7,2,controller_to_actual_cmd,,0.08492999999999999,
39.466742471,37.7,2,control_period,37.7,50.00000000000426,
39.466848661,37.7,3,controller_to_actual_cmd,,1.059208,
39.466961913000006,37.7,3,control_period,37.7,50.00000000000426,
39.467735148,37.7,1,controller_to_actual_cmd,,0.099738,
39.467889962,37.7,1,control_period,37.7,50.00000000000426,
39.475089189,37.71,1,camera_to_measurement,37.69,12.038020999999999,True
39.475222383,37.71,1,detector_inference,,10.654081344604492,
39.476125206,37.71,2,detector_inference,,8.262391090393066,
39.482428159,37.715,3,camera_to_measurement,37.69,8.989044,True
39.482532744000004,37.715,3,detector_inference,,6.855257987976074,
39.514844237000005,37.75,1,measurement_to_controller_cmd,,39.755047999999995,True
39.514894429,37.75,1,controller_to_actual_cmd,,0.050192,
39.514946764,37.75,1,control_period,37.75,49.99999999999716,
39.514978389,37.75,2,measurement_to_controller_cmd,,38.491552999999996,True
39.515032792,37.75,2,control_period,37.75,49.99999999999716,
39.515066254000004,37.75,3,measurement_to_controller_cmd,,32.638095,True
39.515093506,37.75,3,controller_to_actual_cmd,,0.027252,
39.515125651000005,37.75,3,control_period,37.75,49.99999999999716,
39.515369783000004,37.75,2,controller_to_actual_cmd,,0.39139399999999996,
39.537733526000004,37.77,1,detector_inference,,9.39919376373291,
39.538108140000006,37.77,1,camera_to_measurement,37.755,11.293182999999999,True
39.539386095000005,37.775000000000006,3,camera_to_measurement,37.755,7.52109,True
39.539445059,37.775000000000006,3,detector_inference,,6.173543930053711,
39.564902025,37.800000000000004,2,control_period,37.8,49.99999999999716,
39.564961311000005,37.800000000000004,3,measurement_to_controller_cmd,,25.575215999999998,True
39.565022985000006,37.800000000000004,3,control_period,37.8,49.99999999999716,
39.565375777,37.800000000000004,1,measurement_to_controller_cmd,,27.267636999999997,True
39.565437368000005,37.800000000000004,2,controller_to_actual_cmd,,0.614055,
39.565714133,37.800000000000004,1,controller_to_actual_cmd,,0.338356,
39.565765634,37.800000000000004,1,control_period,37.8,49.99999999999716,
39.565797402,37.800000000000004,3,controller_to_actual_cmd,,0.8360909999999999,
39.614906395000006,37.85,2,detector_inference,,13.165820121765137,
39.615006011000006,37.85,3,camera_to_measurement,37.82,10.111016,True
39.615103773,37.85,3,detector_inference,,7.191917896270752,
39.615150208,37.85,3,measurement_to_controller_cmd,,0.144197,True
39.615524839,37.85,1,controller_to_actual_cmd,,0.6756289999999999,
39.615587794,37.85,1,control_period,37.85,50.00000000000426,
39.61563129,37.85,2,camera_to_measurement,37.82,14.432696,True
39.615671162000005,37.85,2,measurement_to_controller_cmd,,0.039872,True
39.615704084,37.85,2,controller_to_actual_cmd,,0.032922,
39.615741563,37.85,2,control_period,37.85,50.00000000000426,
39.615774023,37.85,3,controller_to_actual_cmd,,0.623815,
39.615812031000004,37.85,3,control_period,37.85,50.00000000000426,
39.665784658,37.900000000000006,1,controller_to_actual_cmd,,0.091165,
39.665953188,37.900000000000006,1,control_period,37.9,49.99999999999716,
39.666781001000004,37.900000000000006,2,controller_to_actual_cmd,,0.09812499999999999,
39.666944879,37.900000000000006,2,control_period,37.9,49.99999999999716,
39.667140771,37.900000000000006,3,controller_to_actual_cmd,,0.08961899999999999,
39.667267422,37.900000000000006,3,control_period,37.9,49.99999999999716,
39.668118419,37.900000000000006,1,detector_inference,,8.643425941467285,
39.675512745000006,37.910000000000004,2,camera_to_measurement,37.885,12.944773999999999,True
39.675647268000006,37.910000000000004,2,detector_inference,,10.433090209960938,
39.681080811,37.915,3,camera_to_measurement,37.885,7.185752,True
39.681199479,37.915,3,detector_inference,,6.234241962432861,
39.714672109000006,37.95,1,measurement_to_controller_cmd,,46.660714999999996,True
39.714716805,37.95,1,controller_to_actual_cmd,,0.044696,
39.71477892,37.95,1,control_period,37.95,50.00000000000426,
39.714824547,37.95,2,measurement_to_controller_cmd,,39.311802,True
39.714858509,37.95,2,control_period,37.95,50.00000000000426,
39.714886608,37.95,3,measurement_to_controller_cmd,,33.805797,True
39.714913688,37.95,3,controller_to_actual_cmd,,0.02708,
39.714944629,37.95,3,control_period,37.95,50.00000000000426,
39.715181948,37.95,2,controller_to_actual_cmd,,0.35740099999999997,
39.735556791,37.97,1,detector_inference,,6.368420124053955,
39.735868581000005,37.97,1,camera_to_measurement,37.955,8.172998999999999,True
39.741446097,37.975,3,camera_to_measurement,37.955,7.464562,True
39.741566799000005,37.975,3,detector_inference,,5.60235595703125,
39.765208438,38.0,2,controller_to_actual_cmd,,0.06102,
39.765292586,38.0,2,control_period,38.0,49.99999999999716,
39.765329402,38.0,3,measurement_to_controller_cmd,,23.883305,True
39.765362445,38.0,3,controller_to_actual_cmd,,0.033042999999999996,
39.765397928000006,38.0,3,control_period,38.0,49.99999999999716,
39.765769813000006,38.0,1,measurement_to_controller_cmd,,29.901232,True
39.765814061,38.0,1,controller_to_actual_cmd,,0.044247999999999996,
39.765859694,38.0,1,control_period,38.0,49.99999999999716,
39.811037494000004,38.045,2,detector_inference,,9.174124717712402,
39.811369339,38.045,2,camera_to_measurement,38.02,13.775013999999999,True
39.814867724,38.050000000000004,1,camera_to_measurement,38.02,22.086229,True
39.814942945000006,38.050000000000004,1,detector_inference,,19.094690322875977,
39.815326976,38.050000000000004,1,measurement_to_controller_cmd,,0.459252,True
39.815400305000004,38.050000000000004,1,control_period,38.05,49.99999999999716,
39.815726004000005,38.050000000000004,1,controller_to_actual_cmd,,0.399028,
39.815771073,38.050000000000004,2,measurement_to_controller_cmd,,4.401733999999999,True
39.815817777,38.050000000000004,2,control_period,38.05,49.99999999999716,
39.815891855000004,38.050000000000004,3,control_period,38.05,49.99999999999716,
39.816276498,38.050000000000004,3,controller_to_actual_cmd,,0.42122899999999996,
39.816589521000004,38.050000000000004,2,controller_to_actual_cmd,,0.818448,
39.816642076,38.050000000000004,3,detector_inference,,8.342789649963379,
39.816930933,38.050000000000004,3,camera_to_measurement,38.02,11.076658,True
39.8662316,38.1,1,controller_to_actual_cmd,,0.09265699999999999,
39.866403205000005,38.1,1,control_period,38.1,50.00000000000426,
39.867170124000005,38.1,3,measurement_to_controller_cmd,,50.239191,True
39.867322007000006,38.1,3,controller_to_actual_cmd,,0.151883,
39.867454028000004,38.1,3,control_period,38.1,50.00000000000426,
39.868122934000006,38.1,2,controller_to_actual_cmd,,0.068242,
39.868230462,38.1,2,control_period,38.1,50.00000000000426,
39.871992837,38.105000000000004,1,camera_to_measurement,38.085,13.335231,True
39.872123723,38.105000000000004,1,detector_inference,,10.901515007019043,
39.878867881000005,38.11,3,detector_inference,,6.2441911697387695,
39.87982521,38.115,3,camera_to_measurement,38.085,8.698613,True
39.914759291,38.150000000000006,1,measurement_to_controller_cmd,,42.766453999999996,True
39.91485308,38.150000000000006,1,controller_to_actual_cmd,,0.093789,
39.914953557000004,38.150000000000006,1,control_period,38.15,49.99999999999716,
39.915111899,38.150000000000006,2,control_period,38.15,49.99999999999716,
39.915195680000004,38.150000000000006,3,measurement_to_controller_cmd,,35.37047,True
39.915300781,38.150000000000006,3,control_period,38.15,49.99999999999716,
39.915834531,38.150000000000006,2,controller_to_actual_cmd,,0.8000619999999999,
39.915917511,38.150000000000006,3,controller_to_actual_cmd,,0.721831,
39.936689395,38.17,2,detector_inference,,7.590033054351807,
39.937287871,38.17,2,camera_to_measurement,38.15,9.77744,True
39.964881904,38.2,1,control_period,38.2,50.00000000000426,
39.965029313,38.2,3,controller_to_actual_cmd,,0.05937,
39.965103095,38.2,3,control_period,38.2,50.00000000000426,
39.965505515000004,38.2,1,controller_to_actual_cmd,,0.712117,
39.965540909000005,38.2,2,measurement_to_controller_cmd,,28.253038,True
39.965568037000004,38.2,2,controller_to_actual_cmd,,0.027128,
39.965606296000004,38.2,2,control_period,38.2,50.00000000000426,
40.001039427,38.235,2,detector_inference,,9.194437026977539,
40.001395989,38.235,2,camera_to_measurement,38.215,11.598213,True
40.015150786,38.25,1,controller_to_actual_cmd,,0.049713,
40.015230095,38.25,1,control_period,38.25,49.99999999999716,
40.015273071,38.25,2,measurement_to_controller_cmd,,13.877082,True
40.015312113,38.25,2,controller_to_actual_cmd,,0.039042,
40.015360613000006,38.25,2,control_period,38.25,49.99999999999716,
40.015735488000004,38.25,3,controller_to_actual_cmd,,0.036315,
40.015789828,38.25,3,control_period,38.25,49.99999999999716,
40.06530103,38.300000000000004,1,control_period,38.3,49.99999999999716,
40.065518969,38.300000000000004,2,control_period,38.3,49.99999999999716,
40.065714598,38.300000000000004,3,control_period,38.3,49.99999999999716,
40.066372188,38.300000000000004,1,controller_to_actual_cmd,,1.192504,
40.066455104,38.300000000000004,2,controller_to_actual_cmd,,1.036213,
40.06655825,38.300000000000004,3,controller_to_actual_cmd,,0.9269679999999999,
40.073172571,38.305,3,detector_inference,,7.5684428215026855,
40.073588699000005,38.305,3,camera_to_measurement,38.285,9.44753,True
40.114600717,38.35,1,control_period,38.35,50.00000000000426,
40.114708158,38.35,2,control_period,38.35,50.00000000000426,
40.114755394,38.35,3,measurement_to_controller_cmd,,41.166695,True
40.114803738,38.35,3,control_period,38.35,50.00000000000426,
40.115314854000005,38.35,1,controller_to_actual_cmd,,0.782678,
40.115409944,38.35,2,controller_to_actual_cmd,,0.7471399999999999,
40.115501071000004,38.35,3,controller_to_actual_cmd,,0.7456769999999999,
40.138546589,38.370000000000005,1,detector_inference,,14.483002662658691,
40.139391010000004,38.375,1,camera_to_measurement,38.35,16.127088999999998,True
40.139932518,38.375,2,detector_inference,,10.3401460647583,
40.140881274,38.375,3,detector_inference,,7.565732002258301,
40.141196431000004,38.375,3,camera_to_measurement,38.35,10.680012,True
40.164913137,38.400000000000006,1,measurement_to_controller_cmd,,25.522126999999998,True
40.165001451,38.400000000000006,1,control_period,38.4,49.99999999999716,
40.165044126000005,38.400000000000006,3,measurement_to_controller_cmd,,23.847694999999998,True
40.165082578,38.400000000000006,3,control_period,38.4,49.99999999999716,
40.16538347,38.400000000000006,2,measurement_to_controller_cmd,,25.114043,True
40.165423803,38.400000000000006,2,controller_to_actual_cmd,,0.040333,
40.165482729000004,38.400000000000006,2,control_period,38.4,49.99999999999716,
40.165526235,38.400000000000006,3,controller_to_actual_cmd,,0.48210899999999995,
40.165761891,38.400000000000006,1,controller_to_actual_cmd,,0.848754,
40.208518027000004,38.440000000000005,2,detector_inference,,14.02674388885498,
40.209380794000005,38.445,2,camera_to_measurement,38.415,16.785356999999998,True
40.210749962,38.445,3,camera_to_measurement,38.415,12.078470999999999,True
40.210869734,38.445,3,detector_inference,,9.022000312805176,
40.211470366,38.445,1,camera_to_measurement,38.415,21.456597,True
40.211594583,38.445,1,detector_inference,,18.9398136138916,
40.215308227,38.45,1,measurement_to_controller_cmd,,3.8378609999999997,True
40.215452863,38.45,1,control_period,38.45,50.00000000000426,
40.215590023000004,38.45,3,measurement_to_controller_cmd,,4.8400609999999995,True
40.215699456,38.45,3,control_period,38.45,50.00000000000426,
40.216265719,38.45,1,controller_to_actual_cmd,,0.957492,
40.216353719000004,38.45,2,measurement_to_controller_cmd,,6.972925,True
40.21642973,38.45,2,controller_to_actual_cmd,,0.076011,
40.216537568,38.45,2,control_period,38.45,50.00000000000426,
40.216621632,38.45,3,controller_to_actual_cmd,,1.031609,
40.266761943000006,38.5,2,control_period,38.5,49.99999999999716,
40.266842467000004,38.5,3,controller_to_actual_cmd,,0.031312,
40.266887898,38.5,3,control_period,38.5,49.99999999999716,
40.268231842000006,38.5,1,controller_to_actual_cmd,,0.046009,
40.268313338000006,38.5,1,control_period,38.5,49.99999999999716,
40.268368915,38.5,2,controller_to_actual_cmd,,1.669173,
40.273917309000005,38.510000000000005,1,detector_inference,,18.297849655151367,
40.273993137000005,38.510000000000005,2,detector_inference,,13.134425163269043,
40.274712915,38.510000000000005,1,camera_to_measurement,38.48,21.30653,True
40.274823813000005,38.510000000000005,2,camera_to_measurement,38.48,16.794211999999998,True
40.274904931,38.510000000000005,3,camera_to_measurement,38.48,10.450942,True
40.274971167000004,38.510000000000005,3,detector_inference,,8.369160652160645,
40.319017821,38.550000000000004,1,measurement_to_controller_cmd,,44.304905999999995,True
40.319193471000006,38.550000000000004,1,control_period,38.55,49.99999999999716,
40.31926982,38.550000000000004,2,measurement_to_controller_cmd,,44.446006999999994,True
40.319332321000005,38.550000000000004,2,controller_to_actual_cmd,,0.062501,
40.319404576000004,38.550000000000004,2,control_period,38.55,49.99999999999716,
40.319467764,38.550000000000004,3,measurement_to_controller_cmd,,44.562833,True
40.319718618,38.550000000000004,3,control_period,38.55,49.99999999999716,
40.320645588000005,38.555,1,controller_to_actual_cmd,,1.627767,
40.320767843000006,38.555,3,controller_to_actual_cmd,,1.300079,
40.334780893,38.57,2,detector_inference,,9.977667808532715,
40.335228408,38.57,2,camera_to_measurement,38.545,11.694329999999999,True
40.336127386,38.57,3,detector_inference,,7.190042972564697,
40.336472667,38.57,3,camera_to_measurement,38.545,9.117984,True
40.365351504,38.6,1,controller_to_actual_cmd,,0.051016,
40.365454293,38.6,1,control_period,38.6,50.00000000000426,
40.365526169000006,38.6,2,measurement_to_controller_cmd,,30.297760999999998,True
40.36557564,38.6,2,controller_to_actual_cmd,,0.049471,
40.365643503,38.6,2,control_period,38.6,50.00000000000426,
40.365695917000004,38.6,3,measurement_to_controller_cmd,,29.22325,True
40.365743604,38.6,3,controller_to_actual_cmd,,0.047687,
40.365802956,38.6,3,control_period,38.6,50.00000000000426,
40.400756619,38.635000000000005,1,detector_inference,,9.299137115478516,
40.401245269,38.635000000000005,1,camera_to_measurement,38.615,12.203669,True
40.410764748000005,38.645,2,detector_inference,,15.304533958435059,
40.411166029,38.645,2,camera_to_measurement,38.615,18.726141,True
40.413697420000005,38.645,3,detector_inference,,8.934865951538086,
40.41428917,38.645,3,camera_to_measurement,38.615,11.508159,True
40.414816206000005,38.650000000000006,2,measurement_to_controller_cmd,,3.650177,True
40.414873117,38.650000000000006,2,controller_to_actual_cmd,,0.056910999999999996,
40.414938999,38.650000000000006,2,control_period,38.65,49.99999999999716,
40.415371917,38.650000000000006,3,measurement_to_controller_cmd,,1.082747,True
40.415760501,38.650000000000006,1,measurement_to_controller_cmd,,14.515232,True
40.415806309000004,38.650000000000006,1,controller_to_actual_cmd,,0.045807999999999995,
40.41586233,38.650000000000006,1,control_period,38.65,49.99999999999716,
40.415898747,38.650000000000006,3,controller_to_actual_cmd,,0.52683,
40.415937804,38.650000000000006,3,control_period,38.65,49.99999999999716,
40.465563489000004,38.7,1,controller_to_actual_cmd,,0.140465,
40.465757402,38.7,1,control_period,38.7,50.00000000000426,
40.465989886,38.7,3,control_period,38.7,50.00000000000426,
40.46657099,38.7,2,controller_to_actual_cmd,,0.035306,
40.466632213000004,38.7,2,control_period,38.7,50.00000000000426,
40.466672285,38.7,3,controller_to_actual_cmd,,0.755432,
40.470004656,38.705000000000005,1,detector_inference,,15.346431732177734,
40.472518886,38.705000000000005,3,detector_inference,,8.449342727661133,
40.473191997,38.705000000000005,3,camera_to_measurement,38.68,11.03116,True
40.515596303,38.75,1,measurement_to_controller_cmd,,44.909737,True
40.515798221000004,38.75,3,measurement_to_controller_cmd,,42.606224,True
40.516358779,38.75,1,control_period,38.75,49.99999999999716,
40.516468863,38.75,2,control_period,38.75,49.99999999999716,
40.516528951000005,38.75,3,controller_to_actual_cmd,,0.73073,
40.516581411000004,38.75,3,control_period,38.75,49.99999999999716,
40.51722247,38.75,1,controller_to_actual_cmd,,1.626167,
40.517294921,38.75,2,controller_to_actual_cmd,,0.8733529999999999,
40.52778884,38.760000000000005,1,detector_inference,,9.559943199157715,
40.537374796,38.77,3,detector_inference,,8.231722831726074,
40.565013798,38.800000000000004,1,measurement_to_controller_cmd,,36.791868,True
40.565063917,38.800000000000004,1,controller_to_actual_cmd,,0.050119,
40.565120293,38.800000000000004,1,control_period,38.8,49.99999999999716,
40.56518667,38.800000000000004,2,controller_to_actual_cmd,,0.02533,
40.565223224,38.800000000000004,2,control_period,38.8,49.99999999999716,
40.565252553,38.800000000000004,3,measurement_to_controller_cmd,,27.190683,True
40.565280746,38.800000000000004,3,controller_to_actual_cmd,,0.028193,
40.565313656,38.800000000000004,3,control_period,38.8,49.99999999999716,
40.591428801,38.825,1,detector_inference,,7.536754131317139,
40.592254943,38.825,1,camera_to_measurement,38.81,9.092915999999999,True
40.602106576000004,38.835,2,detector_inference,,11.874140739440918,
40.602838747,38.835,2,camera_to_measurement,38.81,15.125240999999999,True
40.611983023,38.845000000000006,3,detector_inference,,14.515454292297363,
40.612412029000005,38.845000000000006,3,camera_to_measurement,38.81,16.781093,True
40.614640892000004,38.85,2,measurement_to_controller_cmd,,11.802145,True
40.615406865000004,38.85,1,measurement_to_controller_cmd,,23.151922,True
40.615518488,38.85,1,controller_to_actual_cmd,,0.111623,
40.615643348,38.85,1,control_period,38.85,50.00000000000426,
40.615731499000006,38.85,2,controller_to_actual_cmd,,1.0906069999999999,
40.615857115000004,38.85,2,control_period,38.85,50.00000000000426,
40.615941061,38.85,3,measurement_to_controller_cmd,,3.529032,True
40.615985938,38.85,3,controller_to_actual_cmd,,0.044877,
40.616033801,38.85,3,control_period,38.85,50.00000000000426,
40.658158441000005,38.89,1,detector_inference,,9.185327529907227,
40.658939185,38.89,1,camera_to_measurement,38.875,10.679466,True
40.665191397,38.900000000000006,1,measurement_to_controller_cmd,,6.252212,True
40.665274117,38.900000000000006,1,controller_to_actual_cmd,,0.08272,
40.665395429,38.900000000000006,1,control_period,38.9,49.99999999999716,
40.665485822,38.900000000000006,2,camera_to_measurement,38.875,12.598374999999999,True
40.665557356,38.900000000000006,2,detector_inference,,9.58899211883545,
40.665632357,38.900000000000006,2,measurement_to_controller_cmd,,0.146535,True
40.665727365,38.900000000000006,2,control_period,38.9,49.99999999999716,
40.666130449,38.900000000000006,2,controller_to_actual_cmd,,0.498092,
40.666202464,38.900000000000006,3,controller_to_actual_cmd,,0.029299,
40.666249348,38.900000000000006,3,control_period,38.9,49.99999999999716,
40.715514268,38.95,1,control_period,38.95,50.00000000000426,
40.715583984000006,38.95,2,controller_to_actual_cmd,,0.583039,
40.715651661,38.95,2,control_period,38.95,50.00000000000426,
40.715760183,38.95,3,control_period,38.95,50.00000000000426,
40.71613018,38.95,1,controller_to_actual_cmd,,0.70588,
40.716188036000005,38.95,3,controller_to_actual_cmd,,0.481541,
40.731325296,38.965,3,detector_inference,,6.773426055908203,
40.731741664000005,38.965,3,camera_to_measurement,38.945,8.383759,True
40.765124905,39.0,1,controller_to_actual_cmd,,0.034218,
40.765222371,39.0,1,control_period,39.0,49.99999999999716,
40.765302155,39.0,2,controller_to_actual_cmd,,0.027548999999999997,
40.765341617000004,39.0,2,control_period,39.0,49.99999999999716,
40.765373707,39.0,3,measurement_to_controller_cmd,,33.632042999999996,True
40.765403025000005,39.0,3,controller_to_actual_cmd,,0.029318,
40.765435033,39.0,3,control_period,39.0,49.99999999999716,
40.794510369,39.03,2,detector_inference,,5.986458778381348,
40.815776822000004,39.050000000000004,1,controller_to_actual_cmd,,0.039804,
40.815859657000004,39.050000000000004,1,control_period,39.05,49.99999999999716,
40.815899162,39.050000000000004,2,measurement_to_controller_cmd,,20.561172,True
40.815932493000005,39.050000000000004,2,controller_to_actual_cmd,,0.033331,
40.815970514,39.050000000000004,2,control_period,39.05,49.99999999999716,
40.816005134,39.050000000000004,3,controller_to_actual_cmd,,0.810047,
40.816041258000006,39.050000000000004,3,control_period,39.05,49.99999999999716,
40.861065091,39.095000000000006,1,detector_inference,,11.605046272277832,
40.861799775,39.095000000000006,1,camera_to_measurement,39.075,13.346637,True
40.865456481,39.1,2,camera_to_measurement,39.075,13.034089,True
40.865526755000005,39.1,2,detector_inference,,8.74473762512207,
40.865938241,39.1,1,measurement_to_controller_cmd,,4.138466,True
40.865976624000005,39.1,1,controller_to_actual_cmd,,0.038383,
40.866022938,39.1,1,control_period,39.1,50.00000000000426,
40.866085078000005,39.1,3,controller_to_actual_cmd,,0.026209,
40.866133627,39.1,3,control_period,39.1,50.00000000000426,
40.866403404,39.1,2,measurement_to_controller_cmd,,0.946923,True
40.866447424,39.1,2,control_period,39.1,50.00000000000426,
40.866712485,39.1,2,controller_to_actual_cmd,,0.309081,
40.867016143,39.1,3,camera_to_measurement,39.075,10.638354,True
40.867075961000005,39.1,3,detector_inference,,9.409634590148926,
40.915537514,39.150000000000006,2,controller_to_actual_cmd,,0.06498899999999999,
40.915656709000004,39.150000000000006,2,control_period,39.15,49.99999999999716,
40.915734279000006,39.150000000000006,3,measurement_to_controller_cmd,,48.718136,True
40.915798001000006,39.150000000000006,3,controller_to_actual_cmd,,0.063722,
40.915874496,39.150000000000006,3,control_period,39.15,49.99999999999716,
40.916415756,39.150000000000006,1,controller_to_actual_cmd,,0.037883,
40.916493007,39.150000000000006,1,control_period,39.15,49.99999999999716,
40.931449276,39.165,3,detector_inference,,7.525197982788086,
40.932102498,39.165,3,camera_to_measurement,39.14,12.342602999999999,True
40.932484748,39.165,2,detector_inference,,15.73351764678955,
40.932916018,39.165,2,camera_to_measurement,39.14,18.557968,True
40.965865897,39.2,2,measurement_to_controller_cmd,,32.949878999999996,True
40.965961624,39.2,2,controller_to_actual_cmd,,0.09572699999999999,
40.966069983000004,39.2,2,control_period,39.2,50.00000000000426,
40.96613193,39.2,3,measurement_to_controller_cmd,,34.029432,True
40.966199135000004,39.2,3,control_period,39.2,50.00000000000426,
40.96710634,39.2,3,controller_to_actual_cmd,,0.97441,
40.967771322000004,39.2,1,controller_to_actual_cmd,,0.07774099999999999,
40.967888446,39.2,1,control_period,39.2,50.00000000000426,
40.990570379000005,39.225,2,detector_inference,,6.9460129737854,
40.990900862000004,39.225,2,camera_to_measurement,39.205,8.612373999999999,True
40.995858783,39.230000000000004,3,detector_inference,,6.146541118621826,
40.9963399,39.230000000000004,3,camera_to_measurement,39.205,7.704543999999999,True
41.015407614000004,39.25,1,control_period,39.25,49.99999999999716,
41.015456995,39.25,2,measurement_to_controller_cmd,,24.556133,True
41.015572955,39.25,2,control_period,39.25,49.99999999999716,
41.015633298000004,39.25,3,measurement_to_controller_cmd,,19.293398,True
41.01569988,39.25,3,control_period,39.25,49.99999999999716,
41.016014846000004,39.25,1,controller_to_actual_cmd,,0.674377,
41.016067646,39.25,2,controller_to_actual_cmd,,0.6106509999999999,
41.016106119,39.25,3,controller_to_actual_cmd,,0.472821,
41.065555609,39.300000000000004,1,camera_to_measurement,39.275,15.718423,True
41.065624851,39.300000000000004,1,detector_inference,,13.991092681884766,
41.065688997,39.300000000000004,1,measurement_to_controller_cmd,,0.133388,True
41.065741363,39.300000000000004,1,control_period,39.3,49.99999999999716,
41.065785715000004,39.300000000000004,2,camera_to_measurement,39.275,12.663955,True
41.065827659,39.300000000000004,2,detector_inference,,9.310465812683105,
41.065905864,39.300000000000004,3,control_period,39.3,49.99999999999716,
41.066297013,39.300000000000004,1,controller_to_actual_cmd,,0.608016,
41.066349839000004,39.300000000000004,2,measurement_to_controller_cmd,,0.564124,True
41.066398016,39.300000000000004,2,controller_to_actual_cmd,,0.048177,
41.066463729000006,39.300000000000004,2,control_period,39.3,49.99999999999716,
41.066511669,39.300000000000004,3,controller_to_actual_cmd,,0.643564,
41.116270268,39.35,1,control_period,39.35,50.00000000000426,
41.116378313000006,39.35,2,controller_to_actual_cmd,,1.3066119999999999,
41.11654309,39.35,2,control_period,39.35,50.00000000000426,
41.116752234,39.35,3,control_period,39.35,50.00000000000426,
41.117317923,39.35,1,controller_to_actual_cmd,,1.174308,
41.117411642,39.35,3,controller_to_actual_cmd,,0.7480319999999999,
41.124893646000004,39.36,1,detector_inference,,10.87198257446289,
41.125289194000004,39.36,1,camera_to_measurement,39.34,13.003357,True
41.126158887,39.36,2,detector_inference,,8.14376163482666,
41.165206668,39.400000000000006,2,measurement_to_controller_cmd,,38.674116999999995,True
41.165352988,39.400000000000006,2,control_period,39.4,49.99999999999716,
41.165550982,39.400000000000006,3,control_period,39.4,49.99999999999716,
41.166125493,39.400000000000006,1,measurement_to_controller_cmd,,40.836299,True
41.16620264,39.400000000000006,1,controller_to_actual_cmd,,0.077147,
41.166282027,39.400000000000006,1,control_period,39.4,49.99999999999716,
41.16634288,39.400000000000006,2,controller_to_actual_cmd,,1.136212,
41.166402577,39.400000000000006,3,controller_to_actual_cmd,,0.953932,
41.195228784,39.43,2,detector_inference,,9.878812789916992,
41.195695985,39.43,2,camera_to_measurement,39.405,12.383678999999999,True
41.20114556,39.435,3,camera_to_measurement,39.405,12.064795,True
41.20123568,39.435,3,detector_inference,,9.910284996032715,
41.216028233,39.45,1,controller_to_actual_cmd,,0.126797,
41.216197061,39.45,1,control_period,39.45,50.00000000000426,
41.216322045000005,39.45,2,measurement_to_controller_cmd,,20.62606,True
41.216480665000006,39.45,2,control_period,39.45,50.00000000000426,
41.216568954,39.45,3,measurement_to_controller_cmd,,15.423394,True
41.216937434,39.45,2,controller_to_actual_cmd,,0.615389,
41.216978024,39.45,3,controller_to_actual_cmd,,0.40907,
41.217026079,39.45,3,control_period,39.45,50.00000000000426,
41.256114753000006,39.49,1,camera_to_measurement,39.47,9.991524,True
41.256176828,39.49,1,detector_inference,,7.288228988647461,
41.265348375,39.5,1,measurement_to_controller_cmd,,9.233622,True
41.265561882,39.5,1,control_period,39.5,49.99999999999716,
41.265769105000004,39.5,3,controller_to_actual_cmd,,0.077983,
41.265877711,39.5,3,control_period,39.5,49.99999999999716,
41.266603696000004,39.5,1,controller_to_actual_cmd,,1.255321,
41.267470710000005,39.5,2,controller_to_actual_cmd,,0.101127,
41.267651415,39.5,2,control_period,39.5,49.99999999999716,
41.267780591000005,39.5,3,camera_to_measurement,39.47,12.319528,True
41.267879161,39.5,3,detector_inference,,9.818673133850098,
41.26870206,39.5,2,camera_to_measurement,39.47,17.785216,True
41.268803915,39.5,2,detector_inference,,14.045663833618164,
41.315693526000004,39.550000000000004,1,control_period,39.55,49.99999999999716,
41.31582195,39.550000000000004,3,measurement_to_controller_cmd,,48.041359,True
41.315905419,39.550000000000004,3,controller_to_actual_cmd,,0.083469,
41.315996879000004,39.550000000000004,3,control_period,39.55,49.99999999999716,
41.316694133000006,39.550000000000004,1,controller_to_actual_cmd,,1.8005849999999999,
41.316795909,39.550000000000004,2,measurement_to_controller_cmd,,48.093849,True
41.316865192,39.550000000000004,2,controller_to_actual_cmd,,0.069283,
41.316981715000004,39.550000000000004,2,control_period,39.55,49.99999999999716,
41.325804698000006,39.56,1,detector_inference,,12.99297046661377,
41.326458168,39.56,1,camera_to_measurement,39.535,16.102854999999998,True
41.333640814000006,39.565000000000005,3,detector_inference,,8.436772346496582,
41.334444936000004,39.57,2,detector_inference,,16.241050720214844,
41.334538622000004,39.57,3,camera_to_measurement,39.535,11.41793,True
41.365093769000005,39.6,1,measurement_to_controller_cmd,,38.635601,True
41.365272497,39.6,1,control_period,39.6,50.00000000000426,
41.365365687,39.6,2,measurement_to_controller_cmd,,30.976126999999998,True
41.365501687000005,39.6,2,control_period,39.6,50.00000000000426,
41.36568555,39.6,3,measurement_to_controller_cmd,,31.146928,True
41.365787293000004,39.6,3,controller_to_actual_cmd,,0.101743,
41.365898140000006,39.6,3,control_period,39.6,50.00000000000426,
41.366417104,39.6,1,controller_to_actual_cmd,,1.323335,
41.366503477,39.6,2,controller_to_actual_cmd,,1.1377899999999999,
41.395291553,39.63,1,detector_inference,,15.990106582641602,
41.396174814000005,39.63,1,camera_to_measurement,39.605,18.787689999999998,True
41.396281155000004,39.63,2,camera_to_measurement,39.605,16.997366,True
41.39633724,39.63,2,detector_inference,,13.92416763305664,
41.396391105,39.63,3,camera_to_measurement,39.605,12.880848,True
41.396434815,39.63,3,detector_inference,,11.492402076721191,
41.415438455,39.650000000000006,1,measurement_to_controller_cmd,,19.263641,True
41.415597562,39.650000000000006,1,controller_to_actual_cmd,,0.159107,
41.415745954,39.650000000000006,1,control_period,39.65,49.99999999999716,
41.415851605,39.650000000000006,2,measurement_to_controller_cmd,,19.570449999999997,True
41.415978771000006,39.650000000000006,2,controller_to_actual_cmd,,0.127166,
41.416059671,39.650000000000006,2,control_period,39.65,49.99999999999716,
41.416102855000005,39.650000000000006,3,measurement_to_controller_cmd,,19.71175,True
41.416139701000006,39.650000000000006,3,controller_to_actual_cmd,,0.036846,
41.416178998,39.650000000000006,3,control_period,39.65,49.99999999999716,
41.455813564,39.690000000000005,1,camera_to_measurement,39.67,9.850852999999999,True
41.455884389000005,39.690000000000005,1,detector_inference,,8.081111907958984,
41.465890016,39.7,1,measurement_to_controller_cmd,,10.076452,True
41.465980259000006,39.7,1,controller_to_actual_cmd,,0.09024299999999999,
41.466086944000004,39.7,1,control_period,39.7,50.00000000000426,
41.466218688000005,39.7,2,controller_to_actual_cmd,,0.051542,
41.466305445,39.7,2,control_period,39.7,50.00000000000426,
41.466437251,39.7,3,control_period,39.7,50.00000000000426,
41.466874568,39.7,3,controller_to_actual_cmd,,0.502247,
41.470598222,39.705000000000005,2,detector_inference,,17.129880905151367,
41.470997172000004,39.705000000000005,2,camera_to_measurement,39.67,17.927941999999998,True
41.475962726000006,39.71,3,detector_inference,,13.910477638244629,
41.476617678000004,39.71,3,camera_to_measurement,39.67,16.992414,True
41.516366001,39.75,1,control_period,39.75,49.99999999999716,
41.516499484,39.75,2,measurement_to_controller_cmd,,45.502311999999996,True
41.516646017,39.75,3,measurement_to_controller_cmd,,40.028338999999995,True
41.516777027,39.75,3,control_period,39.75,49.99999999999716,
41.517411104000004,39.75,1,controller_to_actual_cmd,,1.1663459999999999,
41.517552025,39.75,2,controller_to_actual_cmd,,1.052541,
41.517695353,39.75,2,control_period,39.75,49.99999999999716,
41.522544843000006,39.755,1,camera_to_measurement,39.735,12.493129999999999,True
41.522651441,39.755,1,detector_inference,,11.009257316589355,
41.522751929,39.755,3,controller_to_actual_cmd,,6.105912,
41.527680395000004,39.760000000000005,2,detector_inference,,10.017400741577148,
41.528365722000004,39.760000000000005,2,camera_to_measurement,39.735,13.298439,True
41.565212602,39.800000000000004,1,measurement_to_controller_cmd,,42.667759,True
41.565281477,39.800000000000004,2,measurement_to_controller_cmd,,36.915755,True
41.565795993,39.800000000000004,1,controller_to_actual_cmd,,0.583391,
41.565992241000004,39.800000000000004,1,control_period,39.8,49.99999999999716,
41.566082996000006,39.800000000000004,2,controller_to_actual_cmd,,0.801519,
41.566137427,39.800000000000004,2,control_period,39.8,49.99999999999716,
41.566182835,39.800000000000004,3,controller_to_actual_cmd,,0.853499,
41.566227834,39.800000000000004,3,control_period,39.8,49.99999999999716,
41.594631817,39.830000000000005,2,camera_to_measurement,39.8,15.645809,True
41.594700395000004,39.830000000000005,2,detector_inference,,13.770428657531738,
41.600503006000004,39.835,3,camera_to_measurement,39.8,18.214871,True
41.600598725000005,39.835,3,detector_inference,,16.13233757019043,
41.615327973,39.85,2,measurement_to_controller_cmd,,20.696156,True
41.615472256000004,39.85,3,measurement_to_controller_cmd,,14.969249999999999,True
41.616224522,39.85,1,control_period,39.85,50.00000000000426,
41.616284488000005,39.85,2,controller_to_actual_cmd,,0.956515,
41.616331998,39.85,2,control_period,39.85,50.00000000000426,
41.616373927000005,39.85,3,controller_to_actual_cmd,,0.901671,
41.616416307,39.85,3,control_period,39.85,50.00000000000426,
41.616807399,39.85,1,controller_to_actual_cmd,,0.6699419999999999,
41.658511845,39.89,2,camera_to_measurement,39.865,12.536919,True
41.658618545,39.89,2,detector_inference,,11.029363632202148,
41.662612450000005,39.895,3,camera_to_measurement,39.865,13.685234,True
41.662690606000005,39.895,3,detector_inference,,11.364495277404785,
41.665733378000006,39.900000000000006,3,measurement_to_controller_cmd,,3.1209279999999997,True
41.666109022,39.900000000000006,1,controller_to_actual_cmd,,0.037239,
41.666185614,39.900000000000006,1,control_period,39.9,49.99999999999716,
41.666227727000006,39.900000000000006,2,measurement_to_controller_cmd,,7.715882,True
41.666265158,39.900000000000006,2,controller_to_actual_cmd,,0.037431,
41.666305222000005,39.900000000000006,2,control_period,39.9,49.99999999999716,
41.666354986,39.900000000000006,3,controller_to_actual_cmd,,0.6216079999999999,
41.666401605000004,39.900000000000006,3,control_period,39.9,49.99999999999716,
41.71566287,39.95,1,controller_to_actual_cmd,,0.11426,
41.715846022,39.95,1,control_period,39.95,50.00000000000426,
41.716074021000004,39.95,2,controller_to_actual_cmd,,0.10021899999999999,
41.716210472,39.95,2,control_period,39.95,50.00000000000426,
41.716413595000006,39.95,3,controller_to_actual_cmd,,0.086564,
41.716560541,39.95,3,control_period,39.95,50.00000000000426,
41.721261382,39.955000000000005,1,detector_inference,,12.695204734802246,
41.722076953000006,39.955000000000005,1,camera_to_measurement,39.935,14.540147,True
41.725868334000005,39.96,3,camera_to_measurement,39.935,12.092063999999999,True
41.725986953,39.96,3,detector_inference,,10.775113105773926,
41.726611574,39.96,2,detector_inference,,13.950723648071289,
41.727262677000006,39.96,2,camera_to_measurement,39.935,16.553114,True
41.765565002,40.0,1,measurement_to_controller_cmd,,43.488049,True
41.765663736,40.0,1,control_period,40.0,49.99999999999716,
41.765713038,40.0,2,measurement_to_controller_cmd,,38.450361,True
41.765769178,40.0,2,control_period,40.0,49.99999999999716,
41.765814429,40.0,3,measurement_to_controller_cmd,,39.946095,True
41.76585155,40.0,3,controller_to_actual_cmd,,0.037121,
41.765897885,40.0,3,control_period,40.0,49.99999999999716,
41.766329576000004,40.0,1,controller_to_actual_cmd,,0.764574,
41.766374747,40.0,2,controller_to_actual_cmd,,0.661709,
41.79264408,40.025000000000006,2,detector_inference,,10.674239158630371,
41.793332973000005,40.025000000000006,2,camera_to_measurement,40.0,14.195082999999999,True
41.798262641,40.03,3,detector_inference,,10.41727066040039,
41.799192796,40.03,3,camera_to_measurement,40.0,14.004271,True
41.815595398,40.050000000000004,2,measurement_to_controller_cmd,,22.262425,True
41.815681507,40.050000000000004,2,controller_to_actual_cmd,,0.08610899999999999,
41.81577248,40.050000000000004,2,control_period,40.05,49.99999999999716,
41.816404267,40.050000000000004,1,controller_to_actual_cmd,,0.060725999999999995,
41.816511594000005,40.050000000000004,1,control_period,40.05,49.99999999999716,
41.816589304000004,40.050000000000004,3,measurement_to_controller_cmd,,17.396508,True
41.816647482,40.050000000000004,3,controller_to_actual_cmd,,0.058178,
41.816724596,40.050000000000004,3,control_period,40.05,49.99999999999716,
41.850884728000004,40.085,1,camera_to_measurement,40.065,11.564881,True
41.850938828000004,40.085,1,detector_inference,,9.021352767944336,
41.857067088,40.09,3,detector_inference,,5.44778299331665,
41.857438665000004,40.09,3,camera_to_measurement,40.065,7.347658,True
41.866067047,40.1,1,measurement_to_controller_cmd,,15.182319,True
41.866155132,40.1,1,control_period,40.1,50.00000000000426,
41.866201342000004,40.1,2,controller_to_actual_cmd,,1.1094979999999999,
41.866252914,40.1,2,control_period,40.1,50.00000000000426,
41.866292324,40.1,3,measurement_to_controller_cmd,,8.853659,True
41.866330510000004,40.1,3,controller_to_actual_cmd,,0.038186,
41.86637297,40.1,3,control_period,40.1,50.00000000000426,
41.86673091,40.1,1,controller_to_actual_cmd,,0.663863,
41.915713189,40.150000000000006,1,camera_to_measurement,40.13,13.163971,True
41.915811663,40.150000000000006,1,detector_inference,,9.998641967773438,
41.915890159,40.150000000000006,1,controller_to_actual_cmd,,0.765628,
41.915978957,40.150000000000006,1,control_period,40.15,49.99999999999716,
41.916062656,40.150000000000006,3,control_period,40.15,49.99999999999716,
41.916759893000005,40.150000000000006,2,controller_to_actual_cmd,,0.048976,
41.916836711,40.150000000000006,2,control_period,40.15,49.99999999999716,
41.917185731000004,40.150000000000006,3,controller_to_actual_cmd,,1.99763,
41.923493049,40.155,2,detector_inference,,14.278257369995117,
41.924164345,40.155,2,camera_to_measurement,40.13,16.82681,True
41.924274847,40.155,3,camera_to_measurement,40.13,11.166874,True
41.924337857000005,40.155,3,detector_inference,,9.141629219055176,
41.966059980000004,40.2,1,measurement_to_controller_cmd,,50.346790999999996,True
41.96621985,40.2,1,control_period,40.2,50.00000000000426,
41.970620224,40.205000000000005,1,controller_to_actual_cmd,,4.560244,
41.97075985,40.205000000000005,2,measurement_to_controller_cmd,,46.595504999999996,True
41.970855558000004,40.205000000000005,2,controller_to_actual_cmd,,0.095708,
41.970993307,40.205000000000005,2,control_period,40.2,50.00000000000426,
41.971084208,40.205000000000005,3,measurement_to_controller_cmd,,46.809360999999996,True
41.971179691,40.205000000000005,3,controller_to_actual_cmd,,0.095483,
41.971293748,40.205000000000005,3,control_period,40.2,50.00000000000426,
41.989816397000006,40.225,1,detector_inference,,17.323030471801758,
41.990284845000005,40.225,1,camera_to_measurement,40.195,20.962242999999997,True
41.990400654000005,40.225,3,detector_inference,,8.55643367767334,
42.015685529,40.25,3,measurement_to_controller_cmd,,25.322906999999997,True
42.016458323,40.25,3,controller_to_actual_cmd,,0.772794,
42.01659716,40.25,3,control_period,40.25,49.99999999999716,
42.017068102,40.25,1,measurement_to_controller_cmd,,26.783257,True
42.017118438000004,40.25,1,controller_to_actual_cmd,,0.050336,
42.017177923000006,40.25,1,control_period,40.25,49.99999999999716,
42.017219474,40.25,2,controller_to_actual_cmd,,0.832708,
42.017262268,40.25,2,control_period,40.25,49.99999999999716,
42.058062791000005,40.29,1,detector_inference,,14.601903915405273,
42.058208242,40.29,2,detector_inference,,10.677892684936523,
42.059112176,40.295,1,camera_to_measurement,40.265,18.59235,True
42.059265474,40.295,2,camera_to_measurement,40.265,13.524754,True
42.065245584,40.300000000000004,2,measurement_to_controller_cmd,,5.98011,True
42.065377631000004,40.300000000000004,2,control_period,40.3,49.99999999999716,
42.065543942000005,40.300000000000004,3,control_period,40.3,49.99999999999716,
42.065973467,40.300000000000004,1,measurement_to_controller_cmd,,6.861291,True
42.06603625,40.300000000000004,1,control_period,40.3,49.99999999999716,
42.066078747000006,40.300000000000004,2,controller_to_actual_cmd,,0.833163,
42.066117813000005,40.300000000000004,3,controller_to_actual_cmd,,0.662922,
42.066447788000005,40.300000000000004,1,controller_to_actual_cmd,,0.474321,
42.114593911,40.35,1,control_period,40.35,50.00000000000426,
42.114989175000005,40.35,1,controller_to_actual_cmd,,0.47467299999999996,
42.115392127,40.35,2,controller_to_actual_cmd,,0.325554,
42.11546538,40.35,2,control_period,40.35,50.00000000000426,
42.115849859,40.35,3,controller_to_actual_cmd,,0.32362199999999997,
42.115908717,40.35,3,control_period,40.35,50.00000000000426,
42.118980659,40.35,1,detector_inference,,12.687623023986816,
42.119892282,40.355000000000004,1,camera_to_measurement,40.33,16.953422,True
42.119955635000004,40.355000000000004,3,detector_inference,,8.432047843933105,
42.120268419000006,40.355000000000004,3,camera_to_measurement,40.33,11.998942999999999,True
42.166176215,40.400000000000006,1,measurement_to_controller_cmd,,46.283933,True
42.166291602,40.400000000000006,1,control_period,40.4,49.99999999999716,
42.166358289,40.400000000000006,3,measurement_to_controller_cmd,,46.08987,True
42.166407178,40.400000000000006,3,controller_to_actual_cmd,,0.048888999999999995,
42.166464759,40.400000000000006,3,control_period,40.4,49.99999999999716,
42.170201493,40.400000000000006,1,controller_to_actual_cmd,,4.025278,
42.170380044000005,40.400000000000006,2,controller_to_actual_cmd,,0.053425999999999994,
42.170519243,40.400000000000006,2,control_period,40.4,49.99999999999716,
42.17721978,40.410000000000004,1,detector_inference,,7.663875102996826,
42.17783233,40.410000000000004,1,camera_to_measurement,40.395,8.649678,True
42.215804244000005,40.45,1,measurement_to_controller_cmd,,37.971914,True
42.215891318000004,40.45,1,control_period,40.45,50.00000000000426,
42.215970974,40.45,2,controller_to_actual_cmd,,0.030521,
42.21601789,40.45,2,control_period,40.45,50.00000000000426,
42.216077026,40.45,3,controller_to_actual_cmd,,0.025599999999999998,
42.216114356000006,40.45,3,control_period,40.45,50.00000000000426,
42.216494848,40.45,1,controller_to_actual_cmd,,0.690604,
42.246862052000004,40.480000000000004,1,detector_inference,,10.62597370147705,
42.252092215000005,40.485,3,camera_to_measurement,40.46,7.166182,True
42.252216539,40.485,3,detector_inference,,6.261016845703125,
42.264653839000005,40.5,3,measurement_to_controller_cmd,,12.561624,True
42.265072585000006,40.5,1,measurement_to_controller_cmd,,18.316415,True
42.265179688,40.5,1,control_period,40.5,49.99999999999716,
42.26529562,40.5,2,controller_to_actual_cmd,,0.057074,
42.265382253000006,40.5,2,control_period,40.5,49.99999999999716,
42.2654255,40.5,3,controller_to_actual_cmd,,0.7716609999999999,
42.265467309,40.5,3,control_period,40.5,49.99999999999716,
42.265783816,40.5,1,controller_to_actual_cmd,,0.711231,
42.30638047,40.54,1,detector_inference,,7.645989894866943,
42.30680971,40.54,1,camera_to_measurement,40.525,8.708083,True
42.314899281,40.550000000000004,1,measurement_to_controller_cmd,,8.089571,True
42.31495657,40.550000000000004,1,controller_to_actual_cmd,,0.057289,
42.315030886,40.550000000000004,1,control_period,40.55,49.99999999999716,
42.315126635000006,40.550000000000004,3,controller_to_actual_cmd,,0.041046,
42.315189595,40.550000000000004,3,control_period,40.55,49.99999999999716,
42.315747786,40.550000000000004,2,controller_to_actual_cmd,,0.035789,
42.315801893,40.550000000000004,2,control_period,40.55,49.99999999999716,
42.365989626,40.6,2,control_period,40.6,50.00000000000426,
42.367024464,40.6,1,control_period,40.6,50.00000000000426,
42.367110249,40.6,2,controller_to_actual_cmd,,1.399332,
42.367356956,40.6,3,controller_to_actual_cmd,,0.114003,
42.367561623,40.6,3,control_period,40.6,50.00000000000426,
42.372275575,40.6,1,controller_to_actual_cmd,,5.387321,
42.384523720000004,40.620000000000005,1,camera_to_measurement,40.595,12.672303,True
42.384598395000005,40.620000000000005,1,detector_inference,,11.62982177734375,
42.384980835,40.620000000000005,2,detector_inference,,11.605924606323242,
42.415402602,40.650000000000006,1,measurement_to_controller_cmd,,30.878881999999997,True
42.415942527000006,40.650000000000006,1,controller_to_actual_cmd,,0.539925,
42.416037136,40.650000000000006,1,control_period,40.65,49.99999999999716,
42.416083141,40.650000000000006,2,measurement_to_controller_cmd,,31.13931,True
42.416123875000004,40.650000000000006,2,controller_to_actual_cmd,,0.040734,
42.416179134000004,40.650000000000006,2,control_period,40.65,49.99999999999716,
42.416603487,40.650000000000006,3,control_period,40.65,49.99999999999716,
42.416929801,40.650000000000006,3,controller_to_actual_cmd,,0.700693,
42.446352287,40.68,1,detector_inference,,10.476301193237305,
42.446997528000004,40.68,1,camera_to_measurement,40.66,12.5992,True
42.458330447,40.690000000000005,3,camera_to_measurement,40.66,8.498812,True
42.458460212000006,40.690000000000005,3,detector_inference,,6.232982158660889,
42.46538016,40.7,1,measurement_to_controller_cmd,,18.382631999999997,True
42.465515438000004,40.7,1,controller_to_actual_cmd,,0.13527799999999998,
42.465669285000004,40.7,1,control_period,40.7,50.00000000000426,
42.465799827000005,40.7,3,measurement_to_controller_cmd,,7.469379999999999,True
42.465920734,40.7,3,control_period,40.7,50.00000000000426,
42.466627746,40.7,2,controller_to_actual_cmd,,0.077356,
42.466736729000004,40.7,2,control_period,40.7,50.00000000000426,
42.466820522000006,40.7,3,controller_to_actual_cmd,,1.020695,
42.510799265,40.745000000000005,1,detector_inference,,9.229586601257324,
42.51115052,40.745000000000005,1,camera_to_measurement,40.725,11.73898,True
42.514883766000004,40.75,1,measurement_to_controller_cmd,,3.733246,True
42.514981234000004,40.75,1,control_period,40.75,49.99999999999716,
42.515082687,40.75,2,controller_to_actual_cmd,,0.030573999999999997,
42.515144,40.75,2,control_period,40.75,49.99999999999716,
42.515234859,40.75,3,control_period,40.75,49.99999999999716,
42.515558170000006,40.75,1,controller_to_actual_cmd,,0.674404,
42.515595379000004,40.75,3,controller_to_actual_cmd,,0.402601,
42.566505087,40.800000000000004,1,control_period,40.8,49.99999999999716,
42.567133445,40.800000000000004,1,controller_to_actual_cmd,,0.715556,
42.567292709,40.800000000000004,2,control_period,40.8,49.99999999999716,
42.567415428000004,40.800000000000004,3,control_period,40.8,49.99999999999716,
42.568098335,40.800000000000004,2,controller_to_actual_cmd,,0.889975,
42.569012085000004,40.805,3,controller_to_actual_cmd,,1.652127,
42.573062534,40.805,1,detector_inference,,8.55262279510498,
42.573894960000004,40.805,1,camera_to_measurement,40.79,10.43043,True
42.585324223,40.82,3,detector_inference,,7.041790008544922,
42.585717395,40.82,3,camera_to_measurement,40.79,8.15413,True
42.615340326,40.85,1,measurement_to_controller_cmd,,41.445366,True
42.616330309000006,40.85,1,controller_to_actual_cmd,,0.989983,
42.616525909,40.85,1,control_period,40.85,50.00000000000426,
42.616643222,40.85,2,controller_to_actual_cmd,,1.135761,
42.616753896000006,40.85,2,control_period,40.85,50.00000000000426,
42.616854796000005,40.85,3,measurement_to_controller_cmd,,31.137400999999997,True
42.616949566,40.85,3,control_period,40.85,50.00000000000426,
42.617538808000006,40.85,3,controller_to_actual_cmd,,0.684012,
42.641369355,40.875,1,camera_to_measurement,40.855,11.398629999999999,True
42.64152225,40.875,1,detector_inference,,9.270957946777344,
42.654189585000005,40.89,3,detector_inference,,7.192617893218994,
42.654923916,40.89,2,camera_to_measurement,40.855,20.730480999999997,True
42.655060899000006,40.89,2,detector_inference,,18.181318283081055,
42.655191934,40.89,3,camera_to_measurement,40.855,10.104363,True
42.66488941,40.900000000000006,1,measurement_to_controller_cmd,,23.520055,True
42.664982509000005,40.900000000000006,2,measurement_to_controller_cmd,,10.058593,True
42.665052424,40.900000000000006,3,measurement_to_controller_cmd,,9.86049,True
42.665748036000004,40.900000000000006,1,controller_to_actual_cmd,,0.858626,
42.665913363,40.900000000000006,1,control_period,40.9,49.99999999999716,
42.666030732,40.900000000000006,2,controller_to_actual_cmd,,1.048223,
42.66616289,40.900000000000006,2,control_period,40.9,49.99999999999716,
42.666275593,40.900000000000006,3,controller_to_actual_cmd,,1.223169,
42.666399333,40.900000000000006,3,control_period,40.9,49.99999999999716,
42.716860347,40.95,2,control_period,40.95,50.00000000000426,
42.716986387000006,40.95,3,control_period,40.95,50.00000000000426,
42.717664949,40.95,2,controller_to_actual_cmd,,0.9245369999999999,
42.718488764,40.95,3,controller_to_actual_cmd,,2.5358169999999998,
42.719849104000005,40.95,1,control_period,40.95,50.00000000000426,
42.721263881000006,40.955000000000005,1,controller_to_actual_cmd,,1.540719,
42.761620134000005,40.995000000000005,3,detector_inference,,21.751188278198242,
42.766772181,41.0,1,control_period,41.0,49.99999999999716,
42.767008091,41.0,2,controller_to_actual_cmd,,0.09673699999999999,
42.767142907,41.0,2,control_period,41.0,49.99999999999716,
42.767258513,41.0,3,measurement_to_controller_cmd,,4.682462,True
42.768838194000004,41.0,1,controller_to_actual_cmd,,2.244516,
42.768964305000004,41.0,3,controller_to_actual_cmd,,1.705792,
42.769105222,41.0,3,control_period,41.0,49.99999999999716,
42.797407995,41.03,2,camera_to_measurement,40.99,12.079773999999999,True
42.797503121000005,41.03,2,detector_inference,,11.093737602233887,
42.807556812,41.04,3,detector_inference,,10.590654373168945,
42.808327592000005,41.04,3,camera_to_measurement,40.99,12.041803999999999,True
42.815178486,41.050000000000004,1,controller_to_actual_cmd,,0.07853399999999999,
42.815302573000004,41.050000000000004,1,control_period,41.05,49.99999999999716,
42.815360255,41.050000000000004,2,measurement_to_controller_cmd,,17.95226,True
42.815425244000004,41.050000000000004,2,control_period,41.05,49.99999999999716,
42.81579087,41.050000000000004,2,controller_to_actual_cmd,,0.43061499999999997,
42.815839987000004,41.050000000000004,3,measurement_to_controller_cmd,,7.512395,True
42.81588096,41.050000000000004,3,controller_to_actual_cmd,,0.040972999999999996,
42.815929688000004,41.050000000000004,3,control_period,41.05,49.99999999999716,
42.850560321,41.085,1,camera_to_measurement,41.055,16.18958,True
42.850679489,41.085,1,detector_inference,,10.833588600158691,
42.852631501000005,41.085,2,detector_inference,,8.70015811920166,
42.853357314,41.085,2,camera_to_measurement,41.055,11.166623999999999,True
42.861705149,41.095000000000006,3,detector_inference,,9.518482208251953,
42.862321206000004,41.095000000000006,3,camera_to_measurement,41.055,12.817955,True
42.865155936,41.1,2,measurement_to_controller_cmd,,11.798622,True
42.865242167000005,41.1,3,measurement_to_controller_cmd,,2.9209609999999997,True
42.865753806,41.1,1,measurement_to_controller_cmd,,15.193484999999999,True
42.865842656000005,41.1,1,controller_to_actual_cmd,,0.08885,
42.865919401,41.1,1,control_period,41.1,50.00000000000426,
42.865972096,41.1,2,control_period,41.1,50.00000000000426,
42.866039899,41.1,3,control_period,41.1,50.00000000000426,
42.866414135,41.1,2,controller_to_actual_cmd,,1.2581989999999998,
42.866464664000006,41.1,3,controller_to_actual_cmd,,1.222497,
42.913418254,41.145,1,detector_inference,,13.89765739440918,
42.914243749,41.150000000000006,1,camera_to_measurement,41.12,16.742549,True
42.914794457,41.150000000000006,2,control_period,41.15,49.99999999999716,
42.915199279,41.150000000000006,2,controller_to_actual_cmd,,0.47175,
42.915577524,41.150000000000006,1,measurement_to_controller_cmd,,1.333775,True
42.915629433,41.150000000000006,1,controller_to_actual_cmd,,0.051909,
42.91570161,41.150000000000006,1,control_period,41.15,49.99999999999716,
42.915746148000004,41.150000000000006,3,controller_to_actual_cmd,,0.485131,
42.915790312000006,41.150000000000006,3,control_period,41.15,49.99999999999716,
42.923116134000004,41.155,2,detector_inference,,17.489084243774414,
42.923772498000005,41.155,2,camera_to_measurement,41.12,20.968733999999998,True
42.923847999,41.155,3,camera_to_measurement,41.12,16.472127999999998,True
42.923888841,41.155,3,detector_inference,,14.922052383422852,
42.966924786,41.2,1,controller_to_actual_cmd,,0.03813,
42.967009458,41.2,1,control_period,41.2,50.00000000000426,
42.967059143,41.2,2,measurement_to_controller_cmd,,43.286645,True
42.967102308,41.2,2,controller_to_actual_cmd,,0.043164999999999995,
42.967154403,41.2,2,control_period,41.2,50.00000000000426,
42.967196923,41.2,3,measurement_to_controller_cmd,,43.348924,True
42.96725087,41.2,3,controller_to_actual_cmd,,0.053946999999999995,
42.967300325000004,41.2,3,control_period,41.2,50.00000000000426,
42.980118078000004,41.215,3,detector_inference,,10.482666969299316,
42.980736887000006,41.215,3,camera_to_measurement,41.185,15.003734999999999,True
43.015723534,41.25,2,control_period,41.25,49.99999999999716,
43.015809287,41.25,3,measurement_to_controller_cmd,,35.0724,True
43.015870486000004,41.25,3,controller_to_actual_cmd,,0.061198999999999996,
43.015946774,41.25,3,control_period,41.25,49.99999999999716,
43.016730485000004,41.25,1,controller_to_actual_cmd,,0.070714,
43.016870255,41.25,1,control_period,41.25,49.99999999999716,
43.017507594,41.25,2,controller_to_actual_cmd,,1.894714,
43.046266769000006,41.28,1,camera_to_measurement,41.255,16.754068999999998,True
43.046400602000006,41.28,1,detector_inference,,12.496580123901367,
43.047574635000004,41.28,2,camera_to_measurement,41.255,12.428120999999999,True
43.047687913000004,41.28,2,detector_inference,,9.640031814575195,
43.054700405000006,41.29,3,detector_inference,,5.86043119430542,
43.064915246000005,41.300000000000004,1,measurement_to_controller_cmd,,18.648477,True
43.064995865,41.300000000000004,3,measurement_to_controller_cmd,,10.355298999999999,True
43.065408756000004,41.300000000000004,1,controller_to_actual_cmd,,0.49351,
43.065538437,41.300000000000004,1,control_period,41.3,49.99999999999716,
43.065620555,41.300000000000004,3,controller_to_actual_cmd,,0.62469,
43.065682743,41.300000000000004,3,control_period,41.3,49.99999999999716,
43.066067012000005,41.300000000000004,2,measurement_to_controller_cmd,,18.492376999999998,True
43.066828353000005,41.300000000000004,2,control_period,41.3,49.99999999999716,
43.106352642000004,41.34,1,camera_to_measurement,41.32,11.938013999999999,True
43.106452736,41.34,1,detector_inference,,8.862853050231934,
43.114796752000004,41.35,3,control_period,41.35,50.00000000000426,
43.115314535,41.35,2,controller_to_actual_cmd,,0.056844,
43.115410129000004,41.35,2,control_period,41.35,50.00000000000426,
43.115454641,41.35,3,controller_to_actual_cmd,,0.7468779999999999,
43.115948555,41.35,3,camera_to_measurement,41.32,10.54075,True
43.116098077000004,41.35,3,detector_inference,,8.247014045715332,
43.116699758,41.35,1,measurement_to_controller_cmd,,10.347116,True
43.116758338000004,41.35,1,controller_to_actual_cmd,,0.05858,
43.116815707,41.35,1,control_period,41.35,50.00000000000426,
43.168323048000005,41.400000000000006,2,controller_to_actual_cmd,,0.104818,
43.168565871000006,41.400000000000006,2,control_period,41.4,49.99999999999716,
43.169632843,41.400000000000006,1,controller_to_actual_cmd,,0.134357,
43.169799582,41.400000000000006,1,control_period,41.4,49.99999999999716,
43.169936615000005,41.400000000000006,3,measurement_to_controller_cmd,,53.98806,True
43.170052884,41.400000000000006,3,controller_to_actual_cmd,,0.116269,
43.170185662,41.400000000000006,3,control_period,41.4,49.99999999999716,
43.184725191000005,41.42,2,camera_to_measurement,41.385,19.119184999999998,True
43.184789875,41.42,2,detector_inference,,15.513551712036133,
43.215942237,41.45,1,control_period,41.45,50.00000000000426,
43.216145243,41.45,3,controller_to_actual_cmd,,0.072041,
43.216263104,41.45,3,control_period,41.45,50.00000000000426,
43.216933592000004,41.45,1,controller_to_actual_cmd,,1.103227,
43.217095310000005,41.45,2,measurement_to_controller_cmd,,32.370118999999995,True
43.217175145000006,41.45,2,controller_to_actual_cmd,,0.079835,
43.217267389,41.45,2,control_period,41.45,50.00000000000426,
43.241918605,41.475,1,detector_inference,,11.193890571594238,
43.242559328000006,41.475,1,camera_to_measurement,41.45,14.566948,True
43.243894316,41.475,2,detector_inference,,11.650447845458984,
43.244834584,41.480000000000004,2,camera_to_measurement,41.45,13.022079999999999,True
43.250782318000006,41.485,3,detector_inference,,9.032280921936035,
43.251144262000004,41.485,3,camera_to_measurement,41.45,11.236296,True
43.265113466,41.5,2,measurement_to_controller_cmd,,20.278882,True
43.265196789,41.5,2,controller_to_actual_cmd,,0.083323,
43.265294282,41.5,2,control_period,41.5,49.99999999999716,
43.265359714000006,41.5,3,measurement_to_controller_cmd,,14.215451999999999,True
43.265440172000005,41.5,3,control_period,41.5,49.99999999999716,
43.265858049,41.5,1,measurement_to_controller_cmd,,23.298721,True
43.265908942,41.5,1,controller_to_actual_cmd,,0.050893,
43.265967109,41.5,1,control_period,41.5,49.99999999999716,
43.266006167,41.5,3,controller_to_actual_cmd,,0.6464529999999999,
43.301700553,41.535000000000004,1,detector_inference,,10.823225021362305,
43.302285680000004,41.535000000000004,1,camera_to_measurement,41.515,13.263981,True
43.312562089000004,41.545,2,camera_to_measurement,41.515,18.294286,True
43.312641485,41.545,2,detector_inference,,16.384746551513672,
43.312696805,41.545,3,camera_to_measurement,41.515,8.339428,True
43.312734735,41.545,3,detector_inference,,7.2196149826049805,
43.314454365,41.550000000000004,3,measurement_to_controller_cmd,,1.75756,True
43.314922825000004,41.550000000000004,1,measurement_to_controller_cmd,,12.637145,True
43.314975713,41.550000000000004,1,controller_to_actual_cmd,,0.052888,
43.315181808000006,41.550000000000004,1,control_period,41.55,49.99999999999716,
43.315319597000006,41.550000000000004,3,controller_to_actual_cmd,,0.865232,
43.315450721000005,41.550000000000004,3,control_period,41.55,49.99999999999716,
43.31609633,41.550000000000004,2,measurement_to_controller_cmd,,3.5342409999999997,True
43.316186454000004,41.550000000000004,2,controller_to_actual_cmd,,0.090124,
43.316288088,41.550000000000004,2,control_period,41.55,49.99999999999716,
43.365966319,41.6,1,controller_to_actual_cmd,,0.054952,
43.366057828,41.6,1,control_period,41.6,50.00000000000426,
43.366143726000004,41.6,2,controller_to_actual_cmd,,0.038499,
43.366219211,41.6,2,control_period,41.6,50.00000000000426,
43.366296481000006,41.6,3,controller_to_actual_cmd,,0.030980999999999998,
43.366339757000006,41.6,3,control_period,41.6,50.00000000000426,
43.372504019000004,41.605000000000004,3,detector_inference,,6.01230001449585,
43.415592737000004,41.650000000000006,1,control_period,41.65,49.99999999999716,
43.416192657,41.650000000000006,1,controller_to_actual_cmd,,0.721785,
43.416249406000006,41.650000000000006,2,controller_to_actual_cmd,,0.5747709999999999,
43.416311615000005,41.650000000000006,2,control_period,41.65,49.99999999999716,
43.416351359000004,41.650000000000006,3,measurement_to_controller_cmd,,43.916044,True
43.416381966,41.650000000000006,3,controller_to_actual_cmd,,0.030607,
43.416415442,41.650000000000006,3,control_period,41.65,49.99999999999716,
43.436139853,41.67,1,camera_to_measurement,41.65,11.387972,True
43.436214432,41.67,1,detector_inference,,8.694862365722656,
43.448240197000004,41.68,2,detector_inference,,15.110219955444336,
43.449067938000006,41.68,2,camera_to_measurement,41.65,18.445045,True
43.465962034,41.7,1,measurement_to_controller_cmd,,29.822180999999997,True
43.466088544,41.7,1,controller_to_actual_cmd,,0.12650999999999998,
43.466214403,41.7,1,control_period,41.7,50.00000000000426,
43.466308426000005,41.7,2,measurement_to_controller_cmd,,17.240488,True
43.466409475000006,41.7,2,control_period,41.7,50.00000000000426,
43.466604321000005,41.7,3,controller_to_actual_cmd,,0.07524299999999999,
43.466702862000005,41.7,3,control_period,41.7,50.00000000000426,
43.467432981,41.7,2,controller_to_actual_cmd,,1.124555,
43.504809746,41.74,2,detector_inference,,8.363385200500488,
43.505480431,41.74,2,camera_to_measurement,41.715,10.564454,True
43.50965415,41.745000000000005,3,camera_to_measurement,41.715,9.889123999999999,True
43.509799097000005,41.745000000000005,3,detector_inference,,7.549589157104492,
43.515545469,41.75,1,controller_to_actual_cmd,,0.054866,
43.515637955,41.75,1,control_period,41.75,49.99999999999716,
43.515685489000006,41.75,2,measurement_to_controller_cmd,,10.205058,True
43.515723284,41.75,2,controller_to_actual_cmd,,0.037794999999999995,
43.515776447,41.75,2,control_period,41.75,49.99999999999716,
43.515815584,41.75,3,measurement_to_controller_cmd,,6.161434,True
43.515861704,41.75,3,control_period,41.75,49.99999999999716,
43.516211259,41.75,3,controller_to_actual_cmd,,0.395675,
43.56524241,41.800000000000004,1,control_period,41.8,49.99999999999716,
43.565351996000004,41.800000000000004,2,control_period,41.8,49.99999999999716,
43.566252850000005,41.800000000000004,1,controller_to_actual_cmd,,1.092757,
43.566319282,41.800000000000004,2,controller_to_actual_cmd,,1.0058099999999999,
43.566361303,41.800000000000004,3,controller_to_actual_cmd,,0.5486059999999999,
43.566440452,41.800000000000004,3,control_period,41.8,49.99999999999716,
43.57360382,41.805,2,detector_inference,,13.400611877441406,
43.574425786000006,41.81,2,camera_to_measurement,41.78,15.11928,True
43.575110004,41.81,1,camera_to_measurement,41.78,22.331104999999997,True
43.575189242,41.81,1,detector_inference,,20.54729461669922,
43.575644254000004,41.81,3,camera_to_measurement,41.78,12.042618,True
43.575695278000005,41.81,3,detector_inference,,9.5077486038208,
43.616053314000006,41.85,1,measurement_to_controller_cmd,,40.94331,True
43.616231658000004,41.85,1,control_period,41.85,50.00000000000426,
43.616659152000004,41.85,2,measurement_to_controller_cmd,,42.233366,True
43.616800978,41.85,2,controller_to_actual_cmd,,0.14182599999999998,
43.616937155,41.85,2,control_period,41.85,50.00000000000426,
43.617915802000006,41.85,1,controller_to_actual_cmd,,1.862488,
43.61802325,41.85,3,measurement_to_controller_cmd,,42.378996,True
43.618117735000006,41.85,3,controller_to_actual_cmd,,0.094485,
43.618245387,41.85,3,control_period,41.85,50.00000000000426,
43.641540061,41.875,2,detector_inference,,12.044093132019043,
43.64197248,41.875,2,camera_to_measurement,41.845,14.427881999999999,True
43.651372821,41.885000000000005,3,detector_inference,,16.542619705200195,
43.652043742000004,41.885000000000005,3,camera_to_measurement,41.845,20.060727999999997,True
43.665204724000006,41.900000000000006,1,controller_to_actual_cmd,,0.040116,
43.665297945000006,41.900000000000006,1,control_period,41.9,49.99999999999716,
43.665621662,41.900000000000006,2,measurement_to_controller_cmd,,23.649182,True
43.665668987000004,41.900000000000006,2,controller_to_actual_cmd,,0.047325,
43.665719887,41.900000000000006,2,control_period,41.9,49.99999999999716,
43.665752582,41.900000000000006,3,measurement_to_controller_cmd,,13.708839999999999,True
43.665788544,41.900000000000006,3,control_period,41.9,49.99999999999716,
43.666037758,41.900000000000006,3,controller_to_actual_cmd,,0.285176,
43.70643959,41.940000000000005,3,detector_inference,,8.180517196655273,
43.707044666,41.940000000000005,1,detector_inference,,16.129262924194336,
43.707203755,41.940000000000005,3,camera_to_measurement,41.915,11.530075,True
43.707817249,41.940000000000005,1,camera_to_measurement,41.915,18.783582,True
43.715272551000005,41.95,1,measurement_to_controller_cmd,,7.455302,True
43.71537381,41.95,1,controller_to_actual_cmd,,0.101259,
43.715492057000006,41.95,1,control_period,41.95,50.00000000000426,
43.715644865,41.95,2,controller_to_actual_cmd,,0.06445,
43.715746529,41.95,2,control_period,41.95,50.00000000000426,
43.715832789000004,41.95,3,measurement_to_controller_cmd,,8.629033999999999,True
43.716429797,41.95,3,controller_to_actual_cmd,,0.597008,
43.716529583,41.95,3,control_period,41.95,50.00000000000426,
43.765638433,42.0,2,control_period,42.0,49.99999999999716,
43.766663650000005,42.0,3,control_period,42.0,49.99999999999716,
43.76749619,42.0,1,controller_to_actual_cmd,,0.103888,
43.767665135,42.0,1,control_period,42.0,49.99999999999716,
43.767807135000005,42.0,2,controller_to_actual_cmd,,2.350256,
43.768653735,42.0,3,controller_to_actual_cmd,,2.141022,
43.770127351,42.005,2,camera_to_measurement,41.98,13.236811,True
43.770253103,42.005,2,detector_inference,,11.832744598388672,
43.770399661000006,42.005,3,camera_to_measurement,41.98,8.901213,True
43.770522489,42.005,3,detector_inference,,8.905508995056152,
43.816998548,42.050000000000004,2,measurement_to_controller_cmd,,46.871196999999995,True
43.817596749,42.050000000000004,1,control_period,42.05,49.99999999999716,
43.817675304000005,42.050000000000004,2,controller_to_actual_cmd,,0.676756,
43.817755414000004,42.050000000000004,2,control_period,42.05,49.99999999999716,
43.817807646000006,42.050000000000004,3,measurement_to_controller_cmd,,47.407985,True
43.817851644,42.050000000000004,3,controller_to_actual_cmd,,0.043997999999999995,
43.817903614,42.050000000000004,3,control_period,42.05,49.99999999999716,
43.821425717000004,42.055,1,controller_to_actual_cmd,,3.898868,
43.837652301000006,42.07,1,detector_inference,,13.512187957763672,
43.838119738,42.07,1,camera_to_measurement,42.045,17.798519,True
43.840581660000005,42.075,2,detector_inference,,12.170592308044434,
43.841353610000006,42.075,2,camera_to_measurement,42.045,14.385413999999999,True
43.847941443,42.080000000000005,3,detector_inference,,13.206623077392578,
43.848330717,42.080000000000005,3,camera_to_measurement,42.045,15.167010999999999,True
43.864876189,42.1,2,measurement_to_controller_cmd,,23.522579,True
43.865403725,42.1,1,measurement_to_controller_cmd,,27.283987,True
43.865497168000005,42.1,1,control_period,42.1,50.00000000000426,
43.865564081,42.1,2,control_period,42.1,50.00000000000426,
43.865610764,42.1,3,measurement_to_controller_cmd,,17.280047,True
43.865657574000004,42.1,3,control_period,42.1,50.00000000000426,
43.865962387,42.1,1,controller_to_actual_cmd,,0.558662,
43.866016098,42.1,2,controller_to_actual_cmd,,1.1399089999999998,
43.866288481000005,42.1,3,controller_to_actual_cmd,,0.677717,
43.898485730000004,42.13,3,detector_inference,,5.542277812957764,
43.899498412,42.135000000000005,3,camera_to_measurement,42.11,7.379606,True
43.914458233000005,42.150000000000006,3,measurement_to_controller_cmd,,14.959821,True
43.914754697,42.150000000000006,1,controller_to_actual_cmd,,0.32890199999999997,
43.914823222,42.150000000000006,1,control_period,42.15,49.99999999999716,
43.914899962,42.150000000000006,3,control_period,42.15,49.99999999999716,
43.91517324,42.150000000000006,2,controller_to_actual_cmd,,0.308267,
43.915223137000005,42.150000000000006,2,control_period,42.15,49.99999999999716,
43.915255698,42.150000000000006,3,controller_to_actual_cmd,,0.797465,
43.956527537,42.190000000000005,1,detector_inference,,8.467452049255371,
43.956933896,42.190000000000005,1,camera_to_measurement,42.175,10.738626,True
43.965283608,42.2,2,control_period,42.2,50.00000000000426,
43.96541611,42.2,3,control_period,42.2,50.00000000000426,
43.96589566,42.2,1,measurement_to_controller_cmd,,8.961763999999999,True
43.965948314,42.2,1,controller_to_actual_cmd,,0.052654,
43.966019743000004,42.2,1,control_period,42.2,50.00000000000426,
43.966058822,42.2,2,controller_to_actual_cmd,,0.872022,
43.966101106,42.2,3,controller_to_actual_cmd,,0.743305,
44.01670154,42.25,1,controller_to_actual_cmd,,0.88189,
44.016823394,42.25,1,control_period,42.25,49.99999999999716,
44.016881532,42.25,2,controller_to_actual_cmd,,0.9918509999999999,
44.016939719,42.25,2,control_period,42.25,49.99999999999716,
44.017021751,42.25,3,controller_to_actual_cmd,,0.036355,
44.01709575,42.25,3,control_period,42.25,49.99999999999716,
44.044928558,42.28,1,camera_to_measurement,42.245,21.883126999999998,True
44.045067721,42.28,1,detector_inference,,20.523073196411133,
44.046421437,42.28,3,camera_to_measurement,42.245,11.921337999999999,True
44.046583242000004,42.28,3,detector_inference,,9.866098403930664,
44.047947916000005,42.28,2,detector_inference,,17.308502197265625,
44.048713438,42.28,2,camera_to_measurement,42.245,19.346086,True
44.065451657000004,42.300000000000004,1,measurement_to_controller_cmd,,20.523099,True
44.065550703,42.300000000000004,3,measurement_to_controller_cmd,,19.129265999999998,True
44.065630025000004,42.300000000000004,3,control_period,42.3,49.99999999999716,
44.066080831,42.300000000000004,1,controller_to_actual_cmd,,0.629174,
44.066148257,42.300000000000004,1,control_period,42.3,49.99999999999716,
44.066256366000005,42.300000000000004,2,measurement_to_controller_cmd,,17.542928,True
44.066350748000005,42.300000000000004,2,controller_to_actual_cmd,,0.094382,
44.066421061,42.300000000000004,2,control_period,42.3,49.99999999999716,
44.066462997,42.300000000000004,3,controller_to_actual_cmd,,0.9122939999999999,
44.098186537000004,42.330000000000005,1,camera_to_measurement,42.31,13.714103,True
44.09826137,42.330000000000005,1,detector_inference,,11.91537094116211,
44.100340622000004,42.335,2,detector_inference,,9.116231918334961,
44.100695479,42.335,2,camera_to_measurement,42.31,11.556341,True
44.104953282000004,42.34,3,detector_inference,,7.922762870788574,
44.105302102,42.34,3,camera_to_measurement,42.31,10.626431,True
44.115185498,42.35,1,measurement_to_controller_cmd,,16.998960999999998,True
44.115299055,42.35,1,controller_to_actual_cmd,,0.11355699999999999,
44.115413552,42.35,1,control_period,42.35,50.00000000000426,
44.115504785000006,42.35,2,measurement_to_controller_cmd,,14.809306,True
44.115607994,42.35,2,controller_to_actual_cmd,,0.103209,
44.11566813,42.35,2,control_period,42.35,50.00000000000426,
44.115706009,42.35,3,measurement_to_controller_cmd,,10.403907,True
44.115738055,42.35,3,controller_to_actual_cmd,,0.032046,
44.115782266000004,42.35,3,control_period,42.35,50.00000000000426,
44.159953174,42.395,2,detector_inference,,6.264596939086914,
44.160581749,42.395,2,camera_to_measurement,42.375,10.355258,True
44.165365894000004,42.400000000000006,1,controller_to_actual_cmd,,0.071116,
44.165524872000006,42.400000000000006,1,control_period,42.4,49.99999999999716,
44.165627539000006,42.400000000000006,2,measurement_to_controller_cmd,,5.045789999999999,True
44.165672443000005,42.400000000000006,2,controller_to_actual_cmd,,0.044904,
44.165723878,42.400000000000006,2,control_period,42.4,49.99999999999716,
44.165811925,42.400000000000006,3,control_period,42.4,49.99999999999716,
44.166183675000006,42.400000000000006,3,controller_to_actual_cmd,,0.410637,
44.221224527000004,42.45,2,controller_to_actual_cmd,,4.863436999999999,
44.221373248000006,42.45,2,control_period,42.45,50.00000000000426,
44.221602676,42.45,3,controller_to_actual_cmd,,0.15187499999999998,
44.221722994000004,42.45,3,control_period,42.45,50.00000000000426,
44.222648792,42.455000000000005,1,controller_to_actual_cmd,,0.062854,
44.222772134,42.455000000000005,1,control_period,42.45,50.00000000000426,
44.236631730000006,42.470000000000006,1,camera_to_measurement,42.44,15.89199,True
44.236698114,42.470000000000006,1,detector_inference,,14.5413236618042,
44.245882448,42.480000000000004,3,camera_to_measurement,42.44,10.487796999999999,True
44.246012873000005,42.480000000000004,3,detector_inference,,8.230573654174805,
44.25252985,42.485,2,camera_to_measurement,42.44,25.247854999999998,True
44.252698567,42.485,2,detector_inference,,21.109895706176758,
44.266608046,42.5,2,measurement_to_controller_cmd,,14.078196,True
44.266819072000004,42.5,2,control_period,42.5,49.99999999999716,
44.267620595000004,42.5,3,measurement_to_controller_cmd,,21.738146999999998,True
44.267782931,42.5,3,control_period,42.5,49.99999999999716,
44.26844113,42.5,1,measurement_to_controller_cmd,,31.8094,True
44.268704341,42.5,1,control_period,42.5,49.99999999999716,
44.268833001000004,42.5,2,controller_to_actual_cmd,,2.224955,
44.268963189000004,42.5,3,controller_to_actual_cmd,,1.3425939999999998,
44.269972907,42.505,1,controller_to_actual_cmd,,1.531777,
44.308653843,42.54,2,camera_to_measurement,42.505,10.573295,True
44.308729345,42.54,2,detector_inference,,9.158126831054688,
44.310311117000005,42.545,1,camera_to_measurement,42.505,19.30809,True
44.310391705,42.545,1,detector_inference,,17.969802856445312,
44.316424685,42.550000000000004,1,measurement_to_controller_cmd,,6.113568,True
44.316495666,42.550000000000004,1,controller_to_actual_cmd,,0.070981,
44.316571098000004,42.550000000000004,1,control_period,42.55,49.99999999999716,
44.316616606000004,42.550000000000004,2,measurement_to_controller_cmd,,7.962763,True
44.316654669,42.550000000000004,2,controller_to_actual_cmd,,0.038063,
44.316702462,42.550000000000004,2,control_period,42.55,49.99999999999716,
44.31675928,42.550000000000004,3,controller_to_actual_cmd,,0.7037599999999999,
44.316844434000004,42.550000000000004,3,control_period,42.55,49.99999999999716,
44.317601362000005,42.550000000000004,3,camera_to_measurement,42.505,11.687546,True
44.317681008,42.550000000000004,3,detector_inference,,8.378130912780762,
44.355817673000004,42.59,1,camera_to_measurement,42.575,9.896823999999999,True
44.355910994000006,42.59,1,detector_inference,,7.651020050048828,
44.365922308,42.6,3,detector_inference,,6.525331020355225,
44.366664773000004,42.6,1,measurement_to_controller_cmd,,10.8471,True
44.366757706,42.6,1,controller_to_actual_cmd,,0.092933,
44.366866222000006,42.6,1,control_period,42.6,50.00000000000426,
44.367017252000004,42.6,2,controller_to_actual_cmd,,0.065338,
44.367112314,42.6,2,control_period,42.6,50.00000000000426,
44.367200675,42.6,3,measurement_to_controller_cmd,,1.385856,True
44.367283834000006,42.6,3,controller_to_actual_cmd,,0.083159,
44.367380399000005,42.6,3,control_period,42.6,50.00000000000426,
44.419516346,42.650000000000006,3,controller_to_actual_cmd,,3.65171,
44.419754351,42.650000000000006,3,control_period,42.65,49.99999999999716,
44.420889036000005,42.655,1,controller_to_actual_cmd,,0.095536,
44.42104853,42.655,1,control_period,42.65,49.99999999999716,
44.421284724,42.655,2,controller_to_actual_cmd,,0.11359599999999999,
44.421435129,42.655,2,control_period,42.65,49.99999999999716,
44.426528759,42.660000000000004,1,camera_to_measurement,42.64,13.724019,True
44.426666464,42.660000000000004,1,detector_inference,,12.691560745239258,
44.434264009,42.67,2,detector_inference,,12.644561767578125,
44.435224747,42.67,2,camera_to_measurement,42.64,16.268065,True
44.442379765000005,42.675000000000004,3,detector_inference,,15.394753456115723,
44.442819912000004,42.675000000000004,3,camera_to_measurement,42.64,17.413439999999998,True
44.465432048000004,42.7,1,measurement_to_controller_cmd,,38.903289,True
44.465496774,42.7,1,controller_to_actual_cmd,,0.06472599999999999,
44.465589881,42.7,1,control_period,42.7,50.00000000000426,
44.46566142,42.7,3,measurement_to_controller_cmd,,22.841507999999997,True
44.465731557000005,42.7,3,control_period,42.7,50.00000000000426,
44.466228321,42.7,2,measurement_to_controller_cmd,,31.003573999999997,True
44.466279776,42.7,2,controller_to_actual_cmd,,0.051455,
44.46633155,42.7,2,control_period,42.7,50.00000000000426,
44.466652975,42.7,3,controller_to_actual_cmd,,0.991555,
44.493064819000004,42.725,1,detector_inference,,11.556947708129883,
44.493453688,42.725,1,camera_to_measurement,42.705,12.8476,True
44.515191046000005,42.75,1,measurement_to_controller_cmd,,21.737358,True
44.515388722000004,42.75,1,control_period,42.75,49.99999999999716,
44.515685388,42.75,2,controller_to_actual_cmd,,0.107932,
44.515855450000004,42.75,2,control_period,42.75,49.99999999999716,
44.516091874000004,42.75,3,controller_to_actual_cmd,,0.10137399999999999,
44.516242316,42.75,3,control_period,42.75,49.99999999999716,
44.517037329000004,42.75,1,controller_to_actual_cmd,,1.846283,
44.55644877,42.79,1,camera_to_measurement,42.77,13.989618,True
44.556576333,42.79,1,detector_inference,,11.456185340881348,
44.565070039000005,42.800000000000004,3,camera_to_measurement,42.77,9.503741999999999,True
44.565193039,42.800000000000004,3,detector_inference,,6.850348949432373,
44.565997423000006,42.800000000000004,1,measurement_to_controller_cmd,,9.548653,True
44.566121358000004,42.800000000000004,1,controller_to_actual_cmd,,0.12393499999999999,
44.566261056,42.800000000000004,1,control_period,42.8,49.99999999999716,
44.566442944,42.800000000000004,2,controller_to_actual_cmd,,0.072311,
44.566580628000004,42.800000000000004,2,control_period,42.8,49.99999999999716,
44.567188512,42.800000000000004,3,measurement_to_controller_cmd,,2.118473,True
44.567272110000005,42.800000000000004,3,controller_to_actual_cmd,,0.08359799999999999,
44.567363500000006,42.800000000000004,3,control_period,42.8,49.99999999999716,
44.61737569,42.85,1,control_period,42.85,50.00000000000426,
44.617562403,42.85,2,control_period,42.85,50.00000000000426,
44.617810279000004,42.85,3,control_period,42.85,50.00000000000426,
44.618650813,42.85,1,controller_to_actual_cmd,,2.046358,
44.618778291000005,42.85,2,controller_to_actual_cmd,,2.070032,
44.622090346,42.855000000000004,3,controller_to_actual_cmd,,4.399147,
44.635211016,42.870000000000005,3,camera_to_measurement,42.835,14.346693,True
44.635295054000004,42.870000000000005,3,detector_inference,,13.242280006408691,
44.665351834000006,42.900000000000006,1,control_period,42.9,49.99999999999716,
44.665439032,42.900000000000006,2,controller_to_actual_cmd,,0.032645,
44.665508413000005,42.900000000000006,2,control_period,42.9,49.99999999999716,
44.665552313000006,42.900000000000006,3,measurement_to_controller_cmd,,30.341296999999997,True
44.665604019,42.900000000000006,3,control_period,42.9,49.99999999999716,
44.665985868,42.900000000000006,1,controller_to_actual_cmd,,0.702612,
44.666040123,42.900000000000006,3,controller_to_actual_cmd,,0.48780999999999997,
44.694010582000004,42.925000000000004,1,detector_inference,,13.946640014648438,
44.694158977,42.925000000000004,2,detector_inference,,9.971009254455566,
44.695178934000005,42.93,1,camera_to_measurement,42.905,17.074956,True
44.695350189,42.93,2,camera_to_measurement,42.905,12.233193,True
44.70598187,42.940000000000005,3,camera_to_measurement,42.905,8.306593,True
44.706101059000005,42.940000000000005,3,detector_inference,,6.202940940856934,
44.714901249,42.95,3,measurement_to_controller_cmd,,8.919379,True
44.715340801,42.95,1,measurement_to_controller_cmd,,20.161866999999997,True
44.715386532000004,42.95,1,controller_to_actual_cmd,,0.045731,
44.715446635,42.95,1,control_period,42.95,50.00000000000426,
44.715502001000004,42.95,2,measurement_to_controller_cmd,,20.151812,True
44.715539152000005,42.95,2,controller_to_actual_cmd,,0.037150999999999997,
44.715579807000005,42.95,2,control_period,42.95,50.00000000000426,
44.715610776000005,42.95,3,controller_to_actual_cmd,,0.709527,
44.715650943,42.95,3,control_period,42.95,50.00000000000426,
44.750815039,42.985,1,camera_to_measurement,42.97,9.53188,True
44.750880552000005,42.985,1,detector_inference,,7.8894548416137695,
44.764979913000005,43.0,1,measurement_to_controller_cmd,,14.164874,True
44.765630039,43.0,1,controller_to_actual_cmd,,0.650126,
44.765740766,43.0,1,control_period,43.0,49.99999999999716,
44.765871733000004,43.0,2,controller_to_actual_cmd,,0.050779,
44.765948873,43.0,2,control_period,43.0,49.99999999999716,
44.766443475,43.0,3,controller_to_actual_cmd,,0.040389,
44.766518067,43.0,3,control_period,43.0,49.99999999999716,
44.818655578000005,43.050000000000004,2,control_period,43.05,49.99999999999716,
44.818798927,43.050000000000004,3,controller_to_actual_cmd,,0.04838,
44.818875224,43.050000000000004,3,control_period,43.05,49.99999999999716,
44.819643989,43.055,1,controller_to_actual_cmd,,0.045404,
44.819725258000005,43.055,1,control_period,43.05,49.99999999999716,
44.822153416000006,43.055,2,controller_to_actual_cmd,,3.6114279999999996,
44.836279668,43.07,2,detector_inference,,13.125388145446777,
44.837021793000005,43.07,2,camera_to_measurement,43.035,15.534194,True
44.837237239000004,43.07,3,detector_inference,,8.453229904174805,
44.865694600000005,43.1,1,control_period,43.1,50.00000000000426,
44.865814788,43.1,2,measurement_to_controller_cmd,,28.792994999999998,True
44.865930827,43.1,2,control_period,43.1,50.00000000000426,
44.866059666000005,43.1,3,measurement_to_controller_cmd,,28.902618,True
44.866143787000006,43.1,3,control_period,43.1,50.00000000000426,
44.866563607,43.1,1,controller_to_actual_cmd,,1.078721,
44.86661814,43.1,2,controller_to_actual_cmd,,0.803352,
44.866662544,43.1,3,controller_to_actual_cmd,,0.602878,
44.892668115,43.125,2,camera_to_measurement,43.1,13.059372999999999,True
44.892791369,43.125,2,detector_inference,,11.386207580566406,
44.896898416000006,43.13,1,detector_inference,,20.280202865600586,
44.897590323,43.13,1,camera_to_measurement,43.1,22.812438999999998,True
44.901269872,43.135000000000005,3,camera_to_measurement,43.1,11.651197,True
44.901419102000006,43.135000000000005,3,detector_inference,,8.80626392364502,
44.915135926000005,43.150000000000006,1,measurement_to_controller_cmd,,17.545603,True
44.915250596,43.150000000000006,1,controller_to_actual_cmd,,0.11467,
44.915374245,43.150000000000006,1,control_period,43.15,49.99999999999716,
44.915457899,43.150000000000006,2,measurement_to_controller_cmd,,22.789783999999997,True
44.915542525,43.150000000000006,2,controller_to_actual_cmd,,0.08462599999999999,
44.91563137,43.150000000000006,2,control_period,43.15,49.99999999999716,
44.916169602000004,43.150000000000006,3,measurement_to_controller_cmd,,14.89973,True
44.916267879,43.150000000000006,3,control_period,43.15,49.99999999999716,
44.916796883,43.150000000000006,3,controller_to_actual_cmd,,0.627281,
44.948795100000005,43.18,1,detector_inference,,10.611383438110352,
44.95070676,43.185,1,camera_to_measurement,43.165,13.545282,True
44.965052902000004,43.2,2,controller_to_actual_cmd,,0.030379,
44.965127269,43.2,2,control_period,43.2,50.00000000000426,
44.965192083000005,43.2,3,controller_to_actual_cmd,,0.030264,
44.965242682,43.2,3,control_period,43.2,50.00000000000426,
44.965512189,43.2,1,measurement_to_controller_cmd,,14.805429,True
44.965551984,43.2,1,controller_to_actual_cmd,,0.039795,
44.965591403000005,43.2,1,control_period,43.2,50.00000000000426,
45.016119366000005,43.25,2,control_period,43.25,49.99999999999716,
45.017072207000005,43.25,1,controller_to_actual_cmd,,0.12584399999999998,
45.017276831000004,43.25,1,control_period,43.25,49.99999999999716,
45.017413574,43.25,2,controller_to_actual_cmd,,1.4486809999999999,
45.017674662000005,43.25,3,controller_to_actual_cmd,,0.107483,
45.017851865000004,43.25,3,control_period,43.25,49.99999999999716,
45.024278284000005,43.260000000000005,1,camera_to_measurement,43.235,14.108939,True
45.024409819000006,43.260000000000005,1,detector_inference,,10.798322677612305,
45.035243279,43.27,3,detector_inference,,10.340826034545898,
45.035999849,43.27,3,camera_to_measurement,43.235,12.96623,True
45.065356118000004,43.300000000000004,2,controller_to_actual_cmd,,0.146015,
45.065532426000004,43.300000000000004,2,control_period,43.3,49.99999999999716,
45.066187299000006,43.300000000000004,1,measurement_to_controller_cmd,,41.909015,True
45.066308791000004,43.300000000000004,1,controller_to_actual_cmd,,0.12149199999999999,
45.066442269,43.300000000000004,1,control_period,43.3,49.99999999999716,
45.067093096,43.300000000000004,3,measurement_to_controller_cmd,,31.093246999999998,True
45.067166824000005,43.300000000000004,3,controller_to_actual_cmd,,0.073728,
45.067240443,43.300000000000004,3,control_period,43.3,49.99999999999716,
45.091157865,43.325,1,camera_to_measurement,43.3,16.103165,True
45.091261876000004,43.325,1,detector_inference,,10.27768611907959,
45.092677468000005,43.325,2,detector_inference,,11.835305213928223,
45.093161579000004,43.325,2,camera_to_measurement,43.3,13.393175999999999,True
45.100388781,43.335,3,detector_inference,,7.436554908752441,
45.114710889,43.35,2,measurement_to_controller_cmd,,21.54931,True
45.114799330000004,43.35,2,control_period,43.35,50.00000000000426,
45.115120928,43.35,2,controller_to_actual_cmd,,0.410039,
45.115183747,43.35,3,measurement_to_controller_cmd,,14.887151999999999,True
45.115219698000004,43.35,3,controller_to_actual_cmd,,0.035951,
45.115269872000006,43.35,3,control_period,43.35,50.00000000000426,
45.115553329,43.35,1,measurement_to_controller_cmd,,24.395464,True
45.115607628,43.35,1,control_period,43.35,50.00000000000426,
45.115913080000006,43.35,1,controller_to_actual_cmd,,0.359751,
45.156980265,43.39,2,detector_inference,,13.488072395324707,
45.157900194,43.39,2,camera_to_measurement,43.365,15.431664,True
45.158720803,43.39,1,camera_to_measurement,43.365,19.990313999999998,True
45.158858942,43.39,1,detector_inference,,16.674482345581055,
45.159100356,43.39,3,detector_inference,,10.704910278320312,
45.165669967,43.400000000000006,1,measurement_to_controller_cmd,,6.949164,True
45.165876273,43.400000000000006,1,control_period,43.4,49.99999999999716,
45.166022101,43.400000000000006,2,measurement_to_controller_cmd,,8.121907,True
45.166227146000004,43.400000000000006,2,control_period,43.4,49.99999999999716,
45.166366482,43.400000000000006,3,measurement_to_controller_cmd,,7.365768999999999,True
45.166494990000004,43.400000000000006,3,controller_to_actual_cmd,,0.12850799999999998,
45.16662464,43.400000000000006,3,control_period,43.4,49.99999999999716,
45.167406215,43.400000000000006,1,controller_to_actual_cmd,,1.736248,
45.167524073,43.400000000000006,2,controller_to_actual_cmd,,1.5019719999999999,
45.217311462000005,43.45,3,controller_to_actual_cmd,,0.600513,
45.217400209000004,43.45,3,control_period,43.45,50.00000000000426,
45.217975149000004,43.45,1,control_period,43.45,50.00000000000426,
45.218026511000005,43.45,2,controller_to_actual_cmd,,0.7600589999999999,
45.218073688000004,43.45,2,control_period,43.45,50.00000000000426,
45.219455190000005,43.455000000000005,1,controller_to_actual_cmd,,1.549324,
45.228522611,43.46,2,detector_inference,,12.588874816894531,
45.229352739,43.46,2,camera_to_measurement,43.43,16.412195,True
45.230794826,43.465,1,camera_to_measurement,43.43,23.360836,True
45.230874814,43.465,1,detector_inference,,20.844533920288086,
45.245519536,43.480000000000004,3,camera_to_measurement,43.43,13.058361,True
45.245590754000006,43.480000000000004,3,detector_inference,,11.415034294128418,
45.270063134000004,43.5,1,measurement_to_controller_cmd,,39.268308,True
45.270266739,43.5,1,control_period,43.5,49.99999999999716,
45.270373124,43.5,2,measurement_to_controller_cmd,,41.020385,True
45.270471073,43.5,2,controller_to_actual_cmd,,0.097949,
45.270609187000005,43.5,2,control_period,43.5,49.99999999999716,
45.270717983000004,43.5,3,measurement_to_controller_cmd,,25.198446999999998,True
45.270822273,43.5,3,controller_to_actual_cmd,,0.10429,
45.270939128,43.5,3,control_period,43.5,49.99999999999716,
45.271706681000005,43.505,1,controller_to_actual_cmd,,1.6435469999999999,
45.281669595000004,43.515,1,camera_to_measurement,43.495,12.004987999999999,True
45.281738396,43.515,1,detector_inference,,8.352875709533691,
45.288144674,43.52,3,detector_inference,,6.382779121398926,
45.28864164,43.52,3,camera_to_measurement,43.495,7.920922999999999,True
45.314695792,43.550000000000004,1,measurement_to_controller_cmd,,33.026196999999996,True
45.314760232000005,43.550000000000004,1,control_period,43.55,49.99999999999716,
45.31481908,43.550000000000004,2,control_period,43.55,49.99999999999716,
45.314848533,43.550000000000004,3,measurement_to_controller_cmd,,26.206892999999997,True
45.314878394000004,43.550000000000004,3,control_period,43.55,49.99999999999716,
45.315156444,43.550000000000004,1,controller_to_actual_cmd,,0.460652,
45.315197998,43.550000000000004,3,controller_to_actual_cmd,,0.34946499999999997,
45.315416178,43.550000000000004,2,controller_to_actual_cmd,,0.6240829999999999,
45.351218399000004,43.585,1,camera_to_measurement,43.565,15.317162999999999,True
45.351307317,43.585,1,detector_inference,,12.229928970336914,
45.351389981000004,43.585,2,detector_inference,,9.580047607421875,
45.355622769,43.59,3,detector_inference,,11.101144790649414,
45.355996974,43.59,3,camera_to_measurement,43.565,12.136063,True
45.365953957,43.6,1,measurement_to_controller_cmd,,14.735558,True
45.366118728000004,43.6,1,control_period,43.6,50.00000000000426,
45.366226654,43.6,2,measurement_to_controller_cmd,,14.866802,True
45.36631921,43.6,2,controller_to_actual_cmd,,0.092556,
45.366420012000006,43.6,2,control_period,43.6,50.00000000000426,
45.366528381,43.6,3,measurement_to_controller_cmd,,10.531407,True
45.366642037000005,43.6,3,controller_to_actual_cmd,,0.113656,
45.36685147,43.6,3,control_period,43.6,50.00000000000426,
45.367227266,43.6,1,controller_to_actual_cmd,,1.273309,
45.417301110000004,43.650000000000006,1,controller_to_actual_cmd,,0.040496,
45.417389859000004,43.650000000000006,1,control_period,43.65,49.99999999999716,
45.417524469,43.650000000000006,2,control_period,43.65,49.99999999999716,
45.417643977000004,43.650000000000006,3,controller_to_actual_cmd,,0.0526,
45.417732446,43.650000000000006,3,control_period,43.65,49.99999999999716,
45.419118194,43.650000000000006,1,camera_to_measurement,43.63,15.298924,True
45.41925929,43.650000000000006,1,detector_inference,,13.985163688659668,
45.419346778000005,43.650000000000006,2,controller_to_actual_cmd,,1.898415,
45.422124145000005,43.655,2,detector_inference,,11.980925559997559,
45.422533463,43.655,2,camera_to_measurement,43.63,13.314841999999999,True
45.425602552,43.660000000000004,3,detector_inference,,8.220919609069824,
45.426001073,43.660000000000004,3,camera_to_measurement,43.63,9.731667,True
45.466196055000005,43.7,1,measurement_to_controller_cmd,,47.077861,True
45.466292541,43.7,2,measurement_to_controller_cmd,,43.759077999999995,True
45.466402856,43.7,2,control_period,43.7,50.00000000000426,
45.466506582,43.7,3,measurement_to_controller_cmd,,40.505508999999996,True
45.466608849,43.7,3,control_period,43.7,50.00000000000426,
45.47083552,43.7,1,control_period,43.7,50.00000000000426,
45.471017779,43.7,2,controller_to_actual_cmd,,4.725238,
45.471095674000004,43.7,3,controller_to_actual_cmd,,4.589092,
45.471712364000005,43.705000000000005,1,controller_to_actual_cmd,,5.516309,
45.486406224,43.720000000000006,2,detector_inference,,10.15726089477539,
45.486792618,43.720000000000006,2,camera_to_measurement,43.695,11.551185,True
45.48989499,43.725,1,camera_to_measurement,43.695,19.665986,True
45.489964802,43.725,1,detector_inference,,19.912555694580078,
45.492143672000005,43.725,3,camera_to_measurement,43.695,11.442846999999999,True
45.492213348,43.725,3,detector_inference,,10.263449668884277,
45.515352581,43.75,1,measurement_to_controller_cmd,,25.457590999999997,True
45.515453297,43.75,2,measurement_to_controller_cmd,,28.660679,True
45.515548709,43.75,3,measurement_to_controller_cmd,,23.405037,True
45.516019694,43.75,1,controller_to_actual_cmd,,0.667113,
45.516096204,43.75,1,control_period,43.75,49.99999999999716,
45.516139885,43.75,2,controller_to_actual_cmd,,0.686588,
45.516185785000005,43.75,2,control_period,43.75,49.99999999999716,
45.516223141000005,43.75,3,controller_to_actual_cmd,,0.6744319999999999,
45.516263299,43.75,3,control_period,43.75,49.99999999999716,
45.546387012000004,43.78,1,camera_to_measurement,43.76,11.473991999999999,True
45.546605345,43.78,1,detector_inference,,9.844311714172363,
45.555288778000005,43.790000000000006,2,detector_inference,,15.008861541748047,
45.55572497,43.790000000000006,2,camera_to_measurement,43.76,16.468253,True
45.556321896,43.790000000000006,3,camera_to_measurement,43.76,11.149529,True
45.556393491,43.790000000000006,3,detector_inference,,9.587323188781738,
45.565201469,43.800000000000004,1,measurement_to_controller_cmd,,18.814457,True
45.565341095,43.800000000000004,1,control_period,43.8,49.99999999999716,
45.565421691000005,43.800000000000004,2,measurement_to_controller_cmd,,9.696721,True
45.56548627,43.800000000000004,2,controller_to_actual_cmd,,0.064579,
45.56557018,43.800000000000004,2,control_period,43.8,49.99999999999716,
45.5659501,43.800000000000004,1,controller_to_actual_cmd,,0.7486309999999999,
45.565993744000004,43.800000000000004,3,measurement_to_controller_cmd,,9.671847999999999,True
45.566027719000004,43.800000000000004,3,controller_to_actual_cmd,,0.033975,
45.566070564,43.800000000000004,3,control_period,43.8,49.99999999999716,
45.615907318000005,43.85,1,control_period,43.85,50.00000000000426,
45.616091898,43.85,2,control_period,43.85,50.00000000000426,
45.616395779,43.85,3,control_period,43.85,50.00000000000426,
45.617151629000006,43.85,1,controller_to_actual_cmd,,1.3431689999999998,
45.617286074000006,43.85,2,controller_to_actual_cmd,,1.271637,
45.617399026,43.85,3,controller_to_actual_cmd,,1.169411,
45.617886114,43.85,3,camera_to_measurement,43.825,9.066295,True
45.617955354,43.85,3,detector_inference,,7.2898759841918945,
45.666421373000006,43.900000000000006,1,control_period,43.9,49.99999999999716,
45.666618321,43.900000000000006,2,control_period,43.9,49.99999999999716,
45.666688738000005,43.900000000000006,3,measurement_to_controller_cmd,,48.802623999999994,True
45.667259402000006,43.900000000000006,2,controller_to_actual_cmd,,0.713758,
45.667407352000005,43.900000000000006,3,control_period,43.9,49.99999999999716,
45.667920612,43.900000000000006,1,controller_to_actual_cmd,,2.168625,
45.667984241000006,43.900000000000006,3,controller_to_actual_cmd,,1.2955029999999998,
45.67817633,43.910000000000004,1,detector_inference,,6.883053779602051,
45.683966685,43.915000000000006,3,detector_inference,,6.372355937957764,
45.684931795000004,43.92,3,camera_to_measurement,43.895,7.768517999999999,True
45.714881969000004,43.95,1,measurement_to_controller_cmd,,36.794364,True
45.714923537000004,43.95,1,controller_to_actual_cmd,,0.041568,
45.714972823000004,43.95,1,control_period,43.95,50.00000000000426,
45.715047565000006,43.95,2,controller_to_actual_cmd,,0.033269,
45.715088572000006,43.95,2,control_period,43.95,50.00000000000426,
45.715117283000005,43.95,3,measurement_to_controller_cmd,,30.185488,True
45.715144211,43.95,3,controller_to_actual_cmd,,0.026927999999999997,
45.715186195,43.95,3,control_period,43.95,50.00000000000426,
45.744911946,43.980000000000004,1,detector_inference,,11.837478637695312,
45.745294849000004,43.980000000000004,1,camera_to_measurement,43.96,12.949985999999999,True
45.747239534,43.980000000000004,2,detector_inference,,8.380497932434082,
45.747826513,43.980000000000004,2,camera_to_measurement,43.96,10.453954,True
45.753366518,43.985,3,detector_inference,,9.773554801940918,
45.754060351,43.985,3,camera_to_measurement,43.96,12.412664999999999,True
45.764878409000005,44.0,2,measurement_to_controller_cmd,,17.051896,True
45.765560953000005,44.0,1,measurement_to_controller_cmd,,20.266104,True
45.765699557000005,44.0,1,controller_to_actual_cmd,,0.138604,
45.765860141000005,44.0,1,control_period,44.0,49.99999999999716,
45.765979291,44.0,2,controller_to_actual_cmd,,1.100882,
45.76610947,44.0,2,control_period,44.0,49.99999999999716,
45.766208861,44.0,3,measurement_to_controller_cmd,,12.14851,True
45.766311168,44.0,3,controller_to_actual_cmd,,0.102307,
45.766409248,44.0,3,control_period,44.0,49.99999999999716,
45.816070971,44.050000000000004,1,controller_to_actual_cmd,,0.44595599999999996,
45.816178107000006,44.050000000000004,2,control_period,44.05,49.99999999999716,
45.816771484,44.050000000000004,1,control_period,44.05,49.99999999999716,
45.816842316000006,44.050000000000004,2,controller_to_actual_cmd,,1.1809589999999999,
45.816898872,44.050000000000004,3,controller_to_actual_cmd,,1.207541,
45.816953091,44.050000000000004,3,control_period,44.05,49.99999999999716,
45.821607294,44.055,1,detector_inference,,15.291500091552734,
45.822376815000005,44.055,2,detector_inference,,15.464829444885254,
45.8243312,44.06,3,detector_inference,,12.11876392364502,
45.824779596000006,44.06,3,camera_to_measurement,44.025,13.02999,True
45.866014551000006,44.1,1,measurement_to_controller_cmd,,43.989464999999996,True
45.866111157000006,44.1,2,measurement_to_controller_cmd,,43.769259999999996,True
45.866237309000006,44.1,2,control_period,44.1,50.00000000000426,
45.866957524,44.1,1,controller_to_actual_cmd,,0.942973,
45.867049424,44.1,1,control_period,44.1,50.00000000000426,
45.86872481,44.1,2,controller_to_actual_cmd,,2.613653,
45.868822946,44.1,3,measurement_to_controller_cmd,,44.04335,True
45.868878332,44.1,3,controller_to_actual_cmd,,0.055386,
45.868969721000006,44.1,3,control_period,44.1,50.00000000000426,
45.874967392,44.11,1,camera_to_measurement,44.09,10.551779,True
45.875024513,44.11,1,detector_inference,,7.957697868347168,
45.887411242000006,44.120000000000005,3,detector_inference,,7.548692226409912,
45.888021004,44.120000000000005,3,camera_to_measurement,44.09,10.792655,True
45.914870339000004,44.150000000000006,2,controller_to_actual_cmd,,0.049772,
45.914962826,44.150000000000006,2,control_period,44.15,49.99999999999716,
45.915026941,44.150000000000006,3,measurement_to_controller_cmd,,27.005937,True
45.915092551,44.150000000000006,3,controller_to_actual_cmd,,0.06561,
45.915178444000006,44.150000000000006,3,control_period,44.15,49.99999999999716,
45.915652163000004,44.150000000000006,1,measurement_to_controller_cmd,,40.684771,True
45.915701161,44.150000000000006,1,controller_to_actual_cmd,,0.048998,
45.91575892,44.150000000000006,1,control_period,44.15,49.99999999999716,
45.940360783,44.175000000000004,1,camera_to_measurement,44.155,12.596701999999999,True
45.940458256,44.175000000000004,1,detector_inference,,9.167571067810059,
45.945663451,44.18,3,detector_inference,,5.533557891845703,
45.945993822000005,44.18,3,camera_to_measurement,44.155,6.729855,True
45.965084721000004,44.2,1,measurement_to_controller_cmd,,24.723938,True
45.965133061,44.2,1,controller_to_actual_cmd,,0.04834,
45.965200496,44.2,1,control_period,44.2,50.00000000000426,
45.965268334,44.2,2,control_period,44.2,50.00000000000426,
45.965300061,44.2,3,measurement_to_controller_cmd,,19.306238999999998,True
45.965331022,44.2,3,controller_to_actual_cmd,,0.030961,
45.965364400000006,44.2,3,control_period,44.2,50.00000000000426,
45.965744048000005,44.2,2,controller_to_actual_cmd,,0.506444,
46.015961884,44.25,1,controller_to_actual_cmd,,0.765535,
46.016056704,44.25,1,control_period,44.25,49.99999999999716,
46.016108917000004,44.25,2,controller_to_actual_cmd,,0.7716649999999999,
46.016162844,44.25,2,control_period,44.25,49.99999999999716,
46.016246799,44.25,3,control_period,44.25,49.99999999999716,
46.016678176000006,44.25,2,camera_to_measurement,44.225,12.480666,True
46.016735548,44.25,2,detector_inference,,11.1160306930542,
46.017095945,44.25,3,controller_to_actual_cmd,,0.8901969999999999,
46.020992058000004,44.255,3,detector_inference,,10.111348152160645,
46.021730483000006,44.255,3,camera_to_measurement,44.225,13.011296999999999,True
46.065552252,44.300000000000004,2,measurement_to_controller_cmd,,48.874075999999995,True
46.066126978,44.300000000000004,1,controller_to_actual_cmd,,0.6604439999999999,
46.06620875,44.300000000000004,1,control_period,44.3,49.99999999999716,
46.066258327,44.300000000000004,2,control_period,44.3,49.99999999999716,
46.066740919000004,44.300000000000004,3,measurement_to_controller_cmd,,45.010436,True
46.066842919,44.300000000000004,3,control_period,44.3,49.99999999999716,
46.067466736,44.300000000000004,3,controller_to_actual_cmd,,0.7258169999999999,
46.070866528,44.305,2,controller_to_actual_cmd,,5.3142759999999996,
46.076280683,44.31,1,camera_to_measurement,44.29,13.538991,True
46.076361410000004,44.31,1,detector_inference,,11.290538787841797,
46.078683165,44.31,2,detector_inference,,7.3746209144592285,
46.079488508000004,44.31,2,camera_to_measurement,44.29,9.797229999999999,True
46.088569086,44.32,3,camera_to_measurement,44.29,12.944139999999999,True
46.088696877000004,44.32,3,detector_inference,,10.818282127380371,
46.114223918,44.35,1,measurement_to_controller_cmd,,37.943235,True
46.114544608,44.35,1,controller_to_actual_cmd,,0.32069,
46.114621124,44.35,1,control_period,44.35,50.00000000000426,
46.114656837000005,44.35,2,measurement_to_controller_cmd,,35.168329,True
46.114692483000006,44.35,2,controller_to_actual_cmd,,0.035646,
46.114725131,44.35,2,control_period,44.35,50.00000000000426,
46.114954271,44.35,3,measurement_to_controller_cmd,,26.385185,True
46.115003057,44.35,3,control_period,44.35,50.00000000000426,
46.115254057,44.35,3,controller_to_actual_cmd,,0.299786,
46.135553145,44.370000000000005,1,detector_inference,,8.620742797851562,
46.135902142000006,44.370000000000005,1,camera_to_measurement,44.355,8.8349,True
46.139466534,44.375,2,detector_inference,,8.380356788635254,
46.13983761,44.375,2,camera_to_measurement,44.355,10.277116999999999,True
46.145955835,44.38,3,detector_inference,,8.270997047424316,
46.165021927000005,44.400000000000006,2,measurement_to_controller_cmd,,25.184317,True
46.165165662,44.400000000000006,2,control_period,44.4,49.99999999999716,
46.165244047,44.400000000000006,3,measurement_to_controller_cmd,,18.919484,True
46.165310567000006,44.400000000000006,3,control_period,44.4,49.99999999999716,
46.165607848,44.400000000000006,1,measurement_to_controller_cmd,,29.705706,True
46.165646678,44.400000000000006,1,controller_to_actual_cmd,,0.038829999999999996,
46.165691012,44.400000000000006,1,control_period,44.4,49.99999999999716,
46.165723663,44.400000000000006,2,controller_to_actual_cmd,,0.7017359999999999,
46.165763355,44.400000000000006,3,controller_to_actual_cmd,,0.519308,
46.207180623000006,44.440000000000005,1,detector_inference,,11.452796936035156,
46.207884644,44.440000000000005,1,camera_to_measurement,44.42,15.037351,True
46.215280329,44.45,2,camera_to_measurement,44.42,15.620572999999998,True
46.215395448,44.45,2,detector_inference,,13.072310447692871,
46.215557185,44.45,2,measurement_to_controller_cmd,,0.276856,True
46.215651509000004,44.45,2,control_period,44.45,50.00000000000426,
46.215739274,44.45,3,control_period,44.45,50.00000000000426,
46.21612622,44.45,1,measurement_to_controller_cmd,,8.241576,True
46.216168847000006,44.45,1,controller_to_actual_cmd,,0.042627,
46.216214719,44.45,1,control_period,44.45,50.00000000000426,
46.216253261000006,44.45,2,controller_to_actual_cmd,,0.6960759999999999,
46.21628838,44.45,3,controller_to_actual_cmd,,0.5879449999999999,
46.267049687000004,44.5,1,controller_to_actual_cmd,,0.764959,
46.267207405,44.5,1,control_period,44.5,49.99999999999716,
46.26732169,44.5,2,controller_to_actual_cmd,,0.9394819999999999,
46.267443789000005,44.5,2,control_period,44.5,49.99999999999716,
46.267681942,44.5,3,control_period,44.5,49.99999999999716,
46.268308948000005,44.5,1,camera_to_measurement,44.485,9.432055,True
46.268439769000004,44.5,1,detector_inference,,8.782051086425781,
46.268574897,44.5,3,controller_to_actual_cmd,,0.994652,
46.274942768,44.510000000000005,2,detector_inference,,10.755170822143555,
46.275326269000004,44.510000000000005,2,camera_to_measurement,44.485,12.385451,True
46.314671448000006,44.550000000000004,2,measurement_to_controller_cmd,,39.345179,True
46.315243635,44.550000000000004,1,measurement_to_controller_cmd,,46.934687,True
46.315324394,44.550000000000004,1,controller_to_actual_cmd,,0.080759,
46.315429517000005,44.550000000000004,1,control_period,44.55,49.99999999999716,
46.31551497,44.550000000000004,2,controller_to_actual_cmd,,0.843522,
46.315597186000005,44.550000000000004,2,control_period,44.55,49.99999999999716,
46.315665988000006,44.550000000000004,3,controller_to_actual_cmd,,0.878803,
46.315739414,44.550000000000004,3,control_period,44.55,49.99999999999716,
46.335907206,44.57,1,camera_to_measurement,44.555,9.00635,True
46.335969923,44.57,1,detector_inference,,7.27729606628418,
46.341353897000005,44.575,3,camera_to_measurement,44.555,6.55624,True
46.341423385000006,44.575,3,detector_inference,,5.510448932647705,
46.365099379,44.6,2,controller_to_actual_cmd,,0.031663,
46.365171904,44.6,2,control_period,44.6,50.00000000000426,
46.365219276000005,44.6,3,measurement_to_controller_cmd,,23.865378999999997,True
46.365260988,44.6,3,control_period,44.6,50.00000000000426,
46.365643543000004,44.6,1,measurement_to_controller_cmd,,29.736337,True
46.365683866000005,44.6,1,controller_to_actual_cmd,,0.040323,
46.365734722000006,44.6,1,control_period,44.6,50.00000000000426,
46.365772171,44.6,3,controller_to_actual_cmd,,0.552895,
46.415437657000005,44.650000000000006,1,controller_to_actual_cmd,,0.058651999999999996,
46.415554195000006,44.650000000000006,1,control_period,44.65,49.99999999999716,
46.415626774,44.650000000000006,2,controller_to_actual_cmd,,0.8187909999999999,
46.415703,44.650000000000006,2,control_period,44.65,49.99999999999716,
46.415768965000005,44.650000000000006,3,controller_to_actual_cmd,,0.8951749999999999,
46.415843052,44.650000000000006,3,control_period,44.65,49.99999999999716,
46.467159176,44.7,1,camera_to_measurement,44.685,8.940653,True
46.467279636,44.7,1,detector_inference,,7.287096977233887,
46.467379660000006,44.7,1,measurement_to_controller_cmd,,0.22048399999999999,True
46.467461293,44.7,1,controller_to_actual_cmd,,0.081633,
46.467676074,44.7,1,control_period,44.7,50.00000000000426,
46.467764012,44.7,2,controller_to_actual_cmd,,0.030458,
46.467806686,44.7,2,control_period,44.7,50.00000000000426,
46.467867201000004,44.7,3,controller_to_actual_cmd,,0.025880999999999998,
46.467903923,44.7,3,control_period,44.7,50.00000000000426,
46.514665531000006,44.75,1,control_period,44.75,49.99999999999716,
46.514746669000004,44.75,2,controller_to_actual_cmd,,0.026050999999999998,
46.514784671,44.75,2,control_period,44.75,49.99999999999716,
46.514836460000005,44.75,3,controller_to_actual_cmd,,0.021884999999999998,
46.514867879,44.75,3,control_period,44.75,49.99999999999716,
46.515230887,44.75,1,controller_to_actual_cmd,,0.645809,
46.539818523,44.775000000000006,1,camera_to_measurement,44.75,16.395387,True
46.539873598,44.775000000000006,1,detector_inference,,13.917314529418945,
46.541148877000005,44.775000000000006,2,camera_to_measurement,44.75,14.163378,True
46.541251397,44.775000000000006,2,detector_inference,,11.811284065246582,
46.565144941,44.800000000000004,2,measurement_to_controller_cmd,,23.996064,True
46.565249672,44.800000000000004,2,controller_to_actual_cmd,,0.10473099999999999,
46.565364982000006,44.800000000000004,2,control_period,44.8,49.99999999999716,
46.565524958000005,44.800000000000004,3,controller_to_actual_cmd,,0.076116,
46.565622399000006,44.800000000000004,3,control_period,44.8,49.99999999999716,
46.566109868000005,44.800000000000004,1,measurement_to_controller_cmd,,26.291345,True
46.566184758000006,44.800000000000004,1,controller_to_actual_cmd,,0.07489,
46.566263091,44.800000000000004,1,control_period,44.8,49.99999999999716,
46.599953828000004,44.835,1,detector_inference,,8.802206039428711,
46.600906616,44.835,1,camera_to_measurement,44.815,11.618015999999999,True
46.6150516,44.85,2,controller_to_actual_cmd,,0.5357149999999999,
46.615255355,44.85,2,control_period,44.85,50.00000000000426,
46.615525753,44.85,3,control_period,44.85,50.00000000000426,
46.615996191,44.85,1,measurement_to_controller_cmd,,15.089575,True
46.616054559000005,44.85,1,controller_to_actual_cmd,,0.058367999999999996,
46.616112243,44.85,1,control_period,44.85,50.00000000000426,
46.616156097,44.85,3,controller_to_actual_cmd,,0.766535,
46.667012606,44.900000000000006,1,controller_to_actual_cmd,,0.040175999999999996,
46.667093347000005,44.900000000000006,1,control_period,44.9,49.99999999999716,
46.667183480000006,44.900000000000006,2,controller_to_actual_cmd,,0.039407,
46.667235498000004,44.900000000000006,2,control_period,44.9,49.99999999999716,
46.667329959,44.900000000000006,3,control_period,44.9,49.99999999999716,
46.667690895,44.900000000000006,3,controller_to_actual_cmd,,0.40354999999999996,
46.676587595,44.910000000000004,2,detector_inference,,13.105252265930176,
46.676656014,44.910000000000004,3,detector_inference,,8.413628578186035,
46.677132002,44.910000000000004,2,camera_to_measurement,44.885,14.599791999999999,True
46.715697574000004,44.95,1,controller_to_actual_cmd,,0.04183,
46.715778499,44.95,1,control_period,44.95,50.00000000000426,
46.715814397,44.95,2,measurement_to_controller_cmd,,38.682395,True
46.715858393000005,44.95,2,controller_to_actual_cmd,,0.043996,
46.715895742,44.95,2,control_period,44.95,50.00000000000426,
46.715933938000006,44.95,3,measurement_to_controller_cmd,,38.731516,True
46.715963258,44.95,3,controller_to_actual_cmd,,0.02932,
46.716015435,44.95,3,control_period,44.95,50.00000000000426,
46.7354381,44.970000000000006,2,detector_inference,,7.469273090362549,
46.735836141,44.970000000000006,2,camera_to_measurement,44.95,8.265882,True
46.764868305,45.0,2,measurement_to_controller_cmd,,29.032163999999998,True
46.764924795000006,45.0,2,controller_to_actual_cmd,,0.05649,
46.765004031000004,45.0,2,control_period,45.0,49.99999999999716,
46.765623563000005,45.0,3,control_period,45.0,49.99999999999716,
46.765939547,45.0,1,control_period,45.0,49.99999999999716,
46.765974114,45.0,3,controller_to_actual_cmd,,0.42475199999999996,
46.766207575,45.0,1,controller_to_actual_cmd,,0.30308599999999997,
46.804806141,45.040000000000006,2,detector_inference,,10.181830406188965,
46.805393827,45.040000000000006,2,camera_to_measurement,45.015,13.111593,True
46.815391155,45.050000000000004,1,controller_to_actual_cmd,,0.6631889999999999,
46.815540242000004,45.050000000000004,1,control_period,45.05,49.99999999999716,
46.815629644000005,45.050000000000004,2,measurement_to_controller_cmd,,10.235816999999999,True
46.815708433000005,45.050000000000004,3,controller_to_actual_cmd,,0.883254,
46.815810406000004,45.050000000000004,3,control_period,45.05,49.99999999999716,
46.816323620000006,45.050000000000004,2,controller_to_actual_cmd,,0.6939759999999999,
46.816415786,45.050000000000004,2,control_period,45.05,49.99999999999716,
46.8654698,45.1,1,control_period,45.1,50.00000000000426,
46.86564794700001,45.1,2,control_period,45.1,50.00000000000426,
46.865768414,45.1,3,control_period,45.1,50.00000000000426,
46.866541117000004,45.1,1,camera_to_measurement,45.08,13.763819999999999,True
46.866653591,45.1,1,detector_inference,,11.871121406555176,
46.866752448,45.1,1,controller_to_actual_cmd,,1.386923,
46.866840304,45.1,2,controller_to_actual_cmd,,1.263457,
46.866921449,45.1,3,controller_to_actual_cmd,,1.208975,
46.867495232,45.1,2,camera_to_measurement,45.08,10.387613,True
46.867602155,45.1,2,detector_inference,,8.751603126525879,
46.872314229000004,45.105000000000004,3,camera_to_measurement,45.08,8.299032,True
46.872395049000005,45.105000000000004,3,detector_inference,,6.5662760734558105,
46.914923630000004,45.150000000000006,2,measurement_to_controller_cmd,,47.428398,True
46.917495004,45.150000000000006,1,measurement_to_controller_cmd,,50.953886999999995,True
46.917584727000005,45.150000000000006,2,controller_to_actual_cmd,,2.661097,
46.917707943,45.150000000000006,2,control_period,45.15,49.99999999999716,
46.917792562,45.150000000000006,3,measurement_to_controller_cmd,,45.478333,True
46.918129300000004,45.150000000000006,3,control_period,45.15,49.99999999999716,
46.918918237,45.150000000000006,1,controller_to_actual_cmd,,1.423233,
46.919048249,45.150000000000006,1,control_period,45.15,49.99999999999716,
46.91911591,45.150000000000006,3,controller_to_actual_cmd,,1.323348,
46.932723426,45.165000000000006,1,detector_inference,,13.981788635253906,
46.933524281000004,45.165000000000006,1,camera_to_measurement,45.145,16.311495,True
46.933768079000004,45.165000000000006,3,camera_to_measurement,45.145,8.877162,True
46.933878495,45.165000000000006,3,detector_inference,,6.713222980499268,
46.965493386000006,45.2,1,measurement_to_controller_cmd,,31.969105,True
46.965542484000004,45.2,1,controller_to_actual_cmd,,0.049097999999999996,
46.965606444,45.2,1,control_period,45.2,50.00000000000426,
46.965677884,45.2,3,measurement_to_controller_cmd,,31.909805,True
46.965716099000005,45.2,3,controller_to_actual_cmd,,0.038215,
46.965752575,45.2,3,control_period,45.2,50.00000000000426,
46.966050532000004,45.2,2,controller_to_actual_cmd,,0.409363,
46.966097416000004,45.2,2,control_period,45.2,50.00000000000426,
47.006848658,45.24,3,detector_inference,,7.116662979125977,
47.007567127,45.24,3,camera_to_measurement,45.215,8.59414,True
47.015357513000005,45.25,2,controller_to_actual_cmd,,0.097399,
47.015524203000005,45.25,2,control_period,45.25,49.99999999999716,
47.015628017000004,45.25,3,measurement_to_controller_cmd,,8.060889999999999,True
47.015728661000004,45.25,3,controller_to_actual_cmd,,0.100644,
47.01583531,45.25,3,control_period,45.25,49.99999999999716,
47.016542812000004,45.25,1,controller_to_actual_cmd,,0.084313,
47.016647382,45.25,1,control_period,45.25,49.99999999999716,
47.065854671000004,45.300000000000004,1,controller_to_actual_cmd,,0.052049,
47.06595635,45.300000000000004,1,control_period,45.3,49.99999999999716,
47.066051242,45.300000000000004,2,control_period,45.3,49.99999999999716,
47.066122627000006,45.300000000000004,3,controller_to_actual_cmd,,0.029637,
47.066164210000004,45.300000000000004,3,control_period,45.3,49.99999999999716,
47.066526608000004,45.300000000000004,2,controller_to_actual_cmd,,0.5164759999999999,
47.073433724000004,45.305,3,camera_to_measurement,45.28,11.866036,True
47.073557006,45.305,3,detector_inference,,10.388655662536621,
47.074576094,45.31,2,detector_inference,,15.71083927154541,
47.115036584,45.35,2,measurement_to_controller_cmd,,40.512322,True
47.115164981,45.35,2,control_period,45.35,50.00000000000426,
47.115217559,45.35,3,measurement_to_controller_cmd,,41.783834999999996,True
47.115640204,45.35,3,controller_to_actual_cmd,,0.422645,
47.115741582000005,45.35,3,control_period,45.35,50.00000000000426,
47.116267064000006,45.35,1,control_period,45.35,50.00000000000426,
47.116326589,45.35,2,controller_to_actual_cmd,,1.2900049999999998,
47.119976629,45.355000000000004,1,controller_to_actual_cmd,,3.788423,
47.139254954,45.375,2,detector_inference,,14.852230072021484,
47.139852449,45.375,1,camera_to_measurement,45.345,21.235998,True
47.139911633000004,45.375,1,detector_inference,,19.730607986450195,
47.13995965,45.375,2,camera_to_measurement,45.345,17.687037,True
47.140008402,45.375,3,camera_to_measurement,45.345,12.241315,True
47.140042393,45.375,3,detector_inference,,10.311875343322754,
47.165112957000005,45.400000000000006,1,measurement_to_controller_cmd,,25.260507999999998,True
47.165228328000005,45.400000000000006,1,control_period,45.4,49.99999999999716,
47.165266919000004,45.400000000000006,2,measurement_to_controller_cmd,,25.307268999999998,True
47.165299695,45.400000000000006,2,controller_to_actual_cmd,,0.032776,
47.165336715,45.400000000000006,2,control_period,45.4,49.99999999999716,
47.165366979000005,45.400000000000006,3,measurement_to_controller_cmd,,25.358577,True
47.165393592,45.400000000000006,3,controller_to_actual_cmd,,0.026612999999999998,
47.165672413,45.400000000000006,1,controller_to_actual_cmd,,0.559456,
47.165717891,45.400000000000006,3,control_period,45.4,49.99999999999716,
47.194672193,45.43,1,camera_to_measurement,45.41,12.527467999999999,True
47.194758071,45.43,1,detector_inference,,10.857041358947754,
47.198661055,45.43,2,detector_inference,,10.840032577514648,
47.199630791000004,45.435,2,camera_to_measurement,45.41,14.759412,True
47.205239838000004,45.440000000000005,3,camera_to_measurement,45.41,15.212072,True
47.205382564000004,45.440000000000005,3,detector_inference,,12.408624649047852,
47.215133797,45.45,1,measurement_to_controller_cmd,,20.461603999999998,True
47.215261441,45.45,2,measurement_to_controller_cmd,,15.63065,True
47.215383262,45.45,2,control_period,45.45,50.00000000000426,
47.215464972,45.45,3,measurement_to_controller_cmd,,10.225133999999999,True
47.215551987000005,45.45,3,controller_to_actual_cmd,,0.087015,
47.215637788,45.45,3,control_period,45.45,50.00000000000426,
47.216153013,45.45,1,controller_to_actual_cmd,,1.019216,
47.216245886,45.45,1,control_period,45.45,50.00000000000426,
47.216320982000006,45.45,2,controller_to_actual_cmd,,1.0595409999999998,
47.265637387000005,45.5,1,controller_to_actual_cmd,,0.09360299999999999,
47.265781422,45.5,1,control_period,45.5,49.99999999999716,
47.265950038,45.5,2,controller_to_actual_cmd,,0.072212,
47.266053404000004,45.5,2,control_period,45.5,49.99999999999716,
47.266222669,45.5,3,control_period,45.5,49.99999999999716,
47.266933633,45.5,3,controller_to_actual_cmd,,0.791125,
47.269989042000006,45.505,2,camera_to_measurement,45.475,16.265819999999998,True
47.270109447,45.505,2,detector_inference,,14.01567554473877,
47.270200539,45.505,3,detector_inference,,9.977677345275879,
47.270817073,45.505,1,camera_to_measurement,45.475,20.49936,True
47.270907196,45.505,1,detector_inference,,17.842208862304688,
47.271003919,45.505,3,camera_to_measurement,45.475,12.997397,True
47.315046938,45.550000000000004,1,measurement_to_controller_cmd,,44.229865,True
47.315170135,45.550000000000004,1,control_period,45.55,49.99999999999716,
47.315243554000006,45.550000000000004,2,measurement_to_controller_cmd,,45.254512,True
47.315302381,45.550000000000004,3,measurement_to_controller_cmd,,44.298462,True
47.315844081,45.550000000000004,1,controller_to_actual_cmd,,0.7971429999999999,
47.315925283000006,45.550000000000004,2,controller_to_actual_cmd,,0.6817289999999999,
47.316007216,45.550000000000004,2,control_period,45.55,49.99999999999716,
47.316067992,45.550000000000004,3,controller_to_actual_cmd,,0.7656109999999999,
47.316153262,45.550000000000004,3,control_period,45.55,49.99999999999716,
47.337554100000006,45.57,1,detector_inference,,17.90613555908203,
47.338192781000004,45.57,2,detector_inference,,12.695261001586914,
47.338248456,45.57,3,camera_to_measurement,45.545,12.054846,True
47.33828812,45.57,3,detector_inference,,10.632973670959473,
47.364819247,45.6,1,measurement_to_controller_cmd,,27.362140999999998,True
47.364933091000005,45.6,1,control_period,45.6,50.00000000000426,
47.364978487,45.6,2,measurement_to_controller_cmd,,26.830109999999998,True
47.365016163,45.6,2,control_period,45.6,50.00000000000426,
47.365048931000004,45.6,3,measurement_to_controller_cmd,,26.800475,True
47.365085759,45.6,3,control_period,45.6,50.00000000000426,
47.365392934000006,45.6,1,controller_to_actual_cmd,,0.573687,
47.365666566,45.6,2,controller_to_actual_cmd,,0.688079,
47.365698248,45.6,3,controller_to_actual_cmd,,0.6493169999999999,
47.397642174000005,45.63,3,detector_inference,,6.4148030281066895,
47.415282104000006,45.650000000000006,1,control_period,45.65,49.99999999999716,
47.415509043,45.650000000000006,2,control_period,45.65,49.99999999999716,
47.415613168,45.650000000000006,3,measurement_to_controller_cmd,,17.240201,True
47.415715538,45.650000000000006,3,control_period,45.65,49.99999999999716,
47.416291384000004,45.650000000000006,1,controller_to_actual_cmd,,1.1310609999999999,
47.41638366,45.650000000000006,2,controller_to_actual_cmd,,0.9884229999999999,
47.416469079,45.650000000000006,3,controller_to_actual_cmd,,0.855911,
47.463410822,45.695,1,camera_to_measurement,45.675,14.893550999999999,True
47.463517391,45.695,1,detector_inference,,11.89399528503418,
47.465666787,45.7,1,measurement_to_controller_cmd,,2.2559649999999998,True
47.46593397,45.7,3,control_period,45.7,50.00000000000426,
47.466672617,45.7,1,controller_to_actual_cmd,,1.00583,
47.466742386,45.7,1,control_period,45.7,50.00000000000426,
47.466824834,45.7,2,controller_to_actual_cmd,,0.034027,
47.466871577000006,45.7,2,control_period,45.7,50.00000000000426,
47.466912318000006,45.7,3,controller_to_actual_cmd,,1.098206,
47.471075315,45.705000000000005,3,detector_inference,,8.4840669631958,
47.471764322000006,45.705000000000005,2,camera_to_measurement,45.675,18.591587,True
47.471875176000005,45.705000000000005,2,detector_inference,,15.919207572937012,
47.471979465000004,45.705000000000005,3,camera_to_measurement,45.675,10.795034,True
47.514913288,45.75,1,controller_to_actual_cmd,,0.027586,
47.514973808,45.75,1,control_period,45.75,49.99999999999716,
47.515016665000005,45.75,2,measurement_to_controller_cmd,,43.252342999999996,True
47.515061971,45.75,2,control_period,45.75,49.99999999999716,
47.515089662,45.75,3,measurement_to_controller_cmd,,43.110197,True
47.515115444,45.75,3,controller_to_actual_cmd,,0.025782,
47.515147235,45.75,3,control_period,45.75,49.99999999999716,
47.515519275,45.75,2,controller_to_actual_cmd,,0.50261,
47.565604774,45.800000000000004,1,controller_to_actual_cmd,,0.576921,
47.565703546,45.800000000000004,1,control_period,45.8,49.99999999999716,
47.565752938,45.800000000000004,2,controller_to_actual_cmd,,0.6749809999999999,
47.565812714,45.800000000000004,2,control_period,45.8,49.99999999999716,
47.565855938000006,45.800000000000004,3,controller_to_actual_cmd,,0.7377079999999999,
47.565906677,45.800000000000004,3,control_period,45.8,49.99999999999716,
47.592244508,45.825,3,camera_to_measurement,45.805,7.510564,True
47.592364475000004,45.825,3,detector_inference,,5.730472087860107,
47.615821433,45.85,2,control_period,45.85,50.00000000000426,
47.615942441,45.85,3,measurement_to_controller_cmd,,23.697933,True
47.616495272,45.85,1,controller_to_actual_cmd,,0.05361,
47.616567290000006,45.85,1,control_period,45.85,50.00000000000426,
47.616610144000006,45.85,2,controller_to_actual_cmd,,0.9242859999999999,
47.616650379000006,45.85,3,controller_to_actual_cmd,,0.707938,
47.616691999000004,45.85,3,control_period,45.85,50.00000000000426,
47.657712929000006,45.89,1,detector_inference,,8.336485862731934,
47.658389909,45.89,1,camera_to_measurement,45.875,10.25722,True
47.665058657,45.900000000000006,1,measurement_to_controller_cmd,,6.668748,True
47.665147425,45.900000000000006,1,control_period,45.9,49.99999999999716,
47.665245489,45.900000000000006,2,control_period,45.9,49.99999999999716,
47.665325294000006,45.900000000000006,3,control_period,45.9,49.99999999999716,
47.665622815000006,45.900000000000006,1,controller_to_actual_cmd,,0.5641579999999999,
47.665663096,45.900000000000006,2,controller_to_actual_cmd,,0.464242,
47.665696137000005,45.900000000000006,3,controller_to_actual_cmd,,0.402869,
47.668246394,45.900000000000006,3,detector_inference,,6.432458877563477,
47.71570693,45.95,1,control_period,45.95,50.00000000000426,
47.715813306,45.95,2,controller_to_actual_cmd,,0.034256999999999996,
47.715863341,45.95,2,control_period,45.95,50.00000000000426,
47.716255798000006,45.95,1,controller_to_actual_cmd,,0.6117509999999999,
47.71669173,45.95,3,measurement_to_controller_cmd,,48.494101,True
47.717247579,45.95,3,controller_to_actual_cmd,,0.5558489999999999,
47.717371409,45.95,3,control_period,45.95,50.00000000000426,
47.724625196000005,45.96,1,camera_to_measurement,45.94,13.036881999999999,True
47.724711782,45.96,1,detector_inference,,11.421634674072266,
47.725827759000005,45.96,2,camera_to_measurement,45.94,12.191493999999999,True
47.725950331,45.96,2,detector_inference,,9.166536331176758,
47.764755354,46.0,2,measurement_to_controller_cmd,,38.927595,True
47.764822790000004,46.0,2,control_period,46.0,49.99999999999716,
47.765111901000004,46.0,2,controller_to_actual_cmd,,0.356547,
47.765371675000004,46.0,1,measurement_to_controller_cmd,,40.746479,True
47.765430949000006,46.0,1,control_period,46.0,49.99999999999716,
47.765506853000005,46.0,3,control_period,46.0,49.99999999999716,
47.765725679000006,46.0,1,controller_to_actual_cmd,,0.354004,
47.765759441,46.0,3,controller_to_actual_cmd,,0.292578,
47.790953931000004,46.025000000000006,1,detector_inference,,9.697349548339844,
47.7917032,46.025000000000006,1,camera_to_measurement,46.005,13.204868,True
47.792362770000004,46.025000000000006,3,camera_to_measurement,46.005,7.283499,True
47.792418895000004,46.025000000000006,3,detector_inference,,6.072394847869873,
47.815207813,46.050000000000004,1,measurement_to_controller_cmd,,23.504613,True
47.815308857000005,46.050000000000004,1,controller_to_actual_cmd,,0.101044,
47.815385429,46.050000000000004,1,control_period,46.05,49.99999999999716,
47.815466512,46.050000000000004,2,controller_to_actual_cmd,,0.0356,
47.815526861,46.050000000000004,2,control_period,46.05,49.99999999999716,
47.815889043000006,46.050000000000004,3,measurement_to_controller_cmd,,23.526273,True
47.815934492000004,46.050000000000004,3,controller_to_actual_cmd,,0.045448999999999996,
47.815981914000005,46.050000000000004,3,control_period,46.05,49.99999999999716,
47.863696311000005,46.095000000000006,1,detector_inference,,16.639171600341797,
47.863808178000006,46.095000000000006,2,detector_inference,,11.746458053588867,
47.864678865,46.1,1,camera_to_measurement,46.07,18.548109,True
47.864811182000004,46.1,2,camera_to_measurement,46.07,13.592353,True
47.865600365000006,46.1,3,detector_inference,,7.8154988288879395,
47.866333657000006,46.1,2,measurement_to_controller_cmd,,1.522475,True
47.866450226000005,46.1,2,control_period,46.1,50.00000000000426,
47.866545041,46.1,3,camera_to_measurement,46.07,11.014139,True
47.866625834000004,46.1,3,measurement_to_controller_cmd,,0.08079299999999999,True
47.866702734,46.1,3,control_period,46.1,50.00000000000426,
47.867111456,46.1,1,measurement_to_controller_cmd,,2.432591,True
47.867161111,46.1,1,controller_to_actual_cmd,,0.049655,
47.867215584,46.1,1,control_period,46.1,50.00000000000426,
47.867258017000005,46.1,2,controller_to_actual_cmd,,0.92436,
47.867303240000005,46.1,3,controller_to_actual_cmd,,0.677406,
47.915649594,46.150000000000006,1,control_period,46.15,49.99999999999716,
47.915747668,46.150000000000006,3,controller_to_actual_cmd,,0.030313999999999997,
47.915795991,46.150000000000006,3,control_period,46.15,49.99999999999716,
47.916179691,46.150000000000006,1,controller_to_actual_cmd,,0.5852269999999999,
47.916271174,46.150000000000006,2,controller_to_actual_cmd,,0.033502,
47.916326051000006,46.150000000000006,2,control_period,46.15,49.99999999999716,
47.922270095,46.155,1,detector_inference,,14.23780345916748,
47.922791517,46.155,1,camera_to_measurement,46.135,15.750371999999999,True
47.924724433,46.160000000000004,2,camera_to_measurement,46.135,13.640832999999999,True
47.924798396,46.160000000000004,2,detector_inference,,11.685173988342285,
47.925202943,46.160000000000004,3,detector_inference,,10.549432754516602,
47.925550735,46.160000000000004,3,camera_to_measurement,46.135,10.729059999999999,True
47.964682514,46.2,1,measurement_to_controller_cmd,,41.890997,True
47.964758311000004,46.2,1,control_period,46.2,50.00000000000426,
47.964807211,46.2,3,measurement_to_controller_cmd,,39.256476,True
47.96485708,46.2,3,control_period,46.2,50.00000000000426,
47.965800908000006,46.2,1,controller_to_actual_cmd,,1.1183939999999999,
47.965854811,46.2,2,measurement_to_controller_cmd,,41.130378,True
47.965925361000004,46.2,2,control_period,46.2,50.00000000000426,
47.966238677,46.2,2,controller_to_actual_cmd,,0.383866,
47.966282144000004,46.2,3,controller_to_actual_cmd,,1.4749329999999998,
47.992330783,46.225,1,detector_inference,,14.16551399230957,
47.992573778,46.225,2,camera_to_measurement,46.205,10.467787999999999,True
47.992701882000006,46.225,2,detector_inference,,8.682476043701172,
47.993514334000004,46.225,1,camera_to_measurement,46.205,16.680602999999998,True
48.01558911,46.25,1,measurement_to_controller_cmd,,22.074776,True
48.015654212,46.25,1,controller_to_actual_cmd,,0.065102,
48.015721726,46.25,1,control_period,46.25,49.99999999999716,
48.015764519,46.25,2,measurement_to_controller_cmd,,23.190741,True
48.015803089,46.25,2,controller_to_actual_cmd,,0.03857,
48.01584864,46.25,2,control_period,46.25,49.99999999999716,
48.01592131,46.25,3,controller_to_actual_cmd,,0.032556999999999996,
48.015976126000005,46.25,3,control_period,46.25,49.99999999999716,
48.065507213000004,46.300000000000004,1,control_period,46.3,49.99999999999716,
48.065610413,46.300000000000004,2,control_period,46.3,49.99999999999716,
48.06565177700001,46.300000000000004,3,controller_to_actual_cmd,,0.804658,
48.065694426,46.300000000000004,3,control_period,46.3,49.99999999999716,
48.066007115000005,46.300000000000004,1,controller_to_actual_cmd,,0.567636,
48.066054518,46.300000000000004,2,controller_to_actual_cmd,,0.485126,
48.066624939,46.300000000000004,2,detector_inference,,16.511554718017578,
48.066928643000004,46.300000000000004,2,camera_to_measurement,46.27,17.745679,True
48.067453949000004,46.300000000000004,3,camera_to_measurement,46.27,13.946050999999999,True
48.067503036000005,46.300000000000004,3,detector_inference,,11.238194465637207,
48.114826589,46.35,2,measurement_to_controller_cmd,,47.897946,True
48.114893502,46.35,3,measurement_to_controller_cmd,,47.439553,True
48.115446945,46.35,1,controller_to_actual_cmd,,0.678357,
48.115522523,46.35,1,control_period,46.35,50.00000000000426,
48.115565309000004,46.35,2,controller_to_actual_cmd,,0.7387199999999999,
48.115600691000004,46.35,2,control_period,46.35,50.00000000000426,
48.115629611,46.35,3,controller_to_actual_cmd,,0.736109,
48.115662423,46.35,3,control_period,46.35,50.00000000000426,
48.165024710000004,46.400000000000006,2,controller_to_actual_cmd,,0.049262,
48.165126684,46.400000000000006,2,control_period,46.4,49.99999999999716,
48.165225902,46.400000000000006,3,controller_to_actual_cmd,,0.043946,
48.165295642000004,46.400000000000006,3,control_period,46.4,49.99999999999716,
48.165805305000006,46.400000000000006,1,controller_to_actual_cmd,,0.035105,
48.165863722000005,46.400000000000006,1,control_period,46.4,49.99999999999716,
48.188459742000006,46.42,1,camera_to_measurement,46.4,14.555295999999998,True
48.188566047,46.42,1,detector_inference,,12.940526008605957,
48.19012029,46.425000000000004,2,camera_to_measurement,46.4,12.795978999999999,True
48.190178094000004,46.425000000000004,2,detector_inference,,9.649701118469238,
48.194822298000005,46.43,3,detector_inference,,12.078086853027344,
48.195267178,46.43,3,camera_to_measurement,46.4,14.665322999999999,True
48.215201327,46.45,1,measurement_to_controller_cmd,,26.741584999999997,True
48.215394395000004,46.45,1,control_period,46.45,50.00000000000426,
48.215533866,46.45,3,measurement_to_controller_cmd,,20.266688,True
48.215670692,46.45,3,control_period,46.45,50.00000000000426,
48.216383365000006,46.45,1,controller_to_actual_cmd,,1.182038,
48.216511523,46.45,2,measurement_to_controller_cmd,,26.391233,True
48.216620646,46.45,2,controller_to_actual_cmd,,0.109123,
48.216737839000004,46.45,2,control_period,46.45,50.00000000000426,
48.216833801,46.45,3,controller_to_actual_cmd,,1.2999349999999998,
48.265068769,46.5,3,detector_inference,,8.858642578125,
48.266126033000006,46.5,1,detector_inference,,22.20722770690918,
48.266246276000004,46.5,1,measurement_to_controller_cmd,,0.20434,True
48.266381922,46.5,1,control_period,46.5,49.99999999999716,
48.266531475,46.5,2,camera_to_measurement,46.465,23.546298,True
48.266615356,46.5,2,detector_inference,,19.403390884399414,
48.266667776000006,46.5,2,measurement_to_controller_cmd,,0.136301,True
48.266724461,46.5,2,control_period,46.5,49.99999999999716,
48.266767553,46.5,3,measurement_to_controller_cmd,,2.378882,True
48.266804844000006,46.5,3,controller_to_actual_cmd,,0.037291,
48.266850367,46.5,3,control_period,46.5,49.99999999999716,
48.267309784000005,46.5,1,controller_to_actual_cmd,,1.063508,
48.26736532,46.5,2,controller_to_actual_cmd,,0.6975439999999999,
48.317599528,46.550000000000004,2,control_period,46.55,49.99999999999716,
48.317967823000004,46.550000000000004,3,control_period,46.55,49.99999999999716,
48.319244859,46.550000000000004,1,controller_to_actual_cmd,,0.12032899999999999,
48.319444611,46.550000000000004,1,control_period,46.55,49.99999999999716,
48.319600226000006,46.550000000000004,2,controller_to_actual_cmd,,2.236065,
48.31973019,46.550000000000004,3,controller_to_actual_cmd,,1.9137199999999999,
48.330113082000004,46.565000000000005,2,camera_to_measurement,46.535,16.407239,True
48.330189876000006,46.565000000000005,2,detector_inference,,13.926493644714355,
48.332954401,46.565000000000005,3,detector_inference,,9.113665580749512,
48.333453345,46.565000000000005,1,camera_to_measurement,46.535,24.747647,True
48.333552997000005,46.565000000000005,1,detector_inference,,22.642780303955078,
48.365127409,46.6,1,measurement_to_controller_cmd,,31.674063999999998,True
48.36520182,46.6,1,controller_to_actual_cmd,,0.07441099999999999,
48.36526734,46.6,1,control_period,46.6,50.00000000000426,
48.365306627,46.6,2,measurement_to_controller_cmd,,35.193545,True
48.365339431,46.6,2,controller_to_actual_cmd,,0.032804,
48.365377922,46.6,2,control_period,46.6,50.00000000000426,
48.365411632000004,46.6,3,measurement_to_controller_cmd,,31.765912,True
48.365447015,46.6,3,control_period,46.6,50.00000000000426,
48.365917547,46.6,3,controller_to_actual_cmd,,0.505915,
48.384132830000006,46.620000000000005,1,detector_inference,,9.636329650878906,
48.384881655,46.620000000000005,1,camera_to_measurement,46.6,11.589793,True
48.39045517300001,46.625,2,detector_inference,,7.8154168128967285,
48.390835601000006,46.625,2,camera_to_measurement,46.6,9.425187,True
48.397517806,46.63,3,camera_to_measurement,46.6,9.29055,True
48.397689716,46.63,3,detector_inference,,7.317061901092529,
48.415826782,46.650000000000006,1,measurement_to_controller_cmd,,30.945127,True
48.415985653,46.650000000000006,1,control_period,46.65,49.99999999999716,
48.416088362,46.650000000000006,2,measurement_to_controller_cmd,,25.252761,True
48.416181972000004,46.650000000000006,2,controller_to_actual_cmd,,0.09361,
48.416300606,46.650000000000006,2,control_period,46.65,49.99999999999716,
48.416391003,46.650000000000006,3,measurement_to_controller_cmd,,18.873196999999998,True
48.416484797,46.650000000000006,3,controller_to_actual_cmd,,0.093794,
48.416586694,46.650000000000006,3,control_period,46.65,49.99999999999716,
48.417163853000005,46.650000000000006,1,controller_to_actual_cmd,,1.337071,
48.447896561,46.68,1,detector_inference,,6.737587928771973,
48.448283700000005,46.68,1,camera_to_measurement,46.665,8.027859,True
48.456885675,46.690000000000005,3,detector_inference,,5.369161128997803,
48.457466642,46.690000000000005,3,camera_to_measurement,46.665,7.133063,True
48.464973007000005,46.7,1,measurement_to_controller_cmd,,16.689307,True
48.465073428000004,46.7,1,control_period,46.7,50.00000000000426,
48.465418296,46.7,1,controller_to_actual_cmd,,0.445289,
48.465991786000004,46.7,3,measurement_to_controller_cmd,,8.525144,True
48.466077844000004,46.7,3,control_period,46.7,50.00000000000426,
48.466575689,46.7,2,controller_to_actual_cmd,,0.6342169999999999,
48.466631781000004,46.7,2,control_period,46.7,50.00000000000426,
48.466666419000006,46.7,3,controller_to_actual_cmd,,0.6746329999999999,
48.515224905000004,46.75,1,controller_to_actual_cmd,,0.062339,
48.515342853,46.75,1,control_period,46.75,49.99999999999716,
48.515795836,46.75,3,controller_to_actual_cmd,,0.377422,
48.515861645,46.75,3,control_period,46.75,49.99999999999716,
48.516542741,46.75,2,camera_to_measurement,46.73,12.292923,True
48.516600832,46.75,2,detector_inference,,10.624053001403809,
48.516653148,46.75,2,control_period,46.75,49.99999999999716,
48.517928715000004,46.75,2,controller_to_actual_cmd,,1.752058,
48.518308284,46.75,3,detector_inference,,7.8752288818359375,
48.518759536000005,46.75,3,camera_to_measurement,46.73,9.898814,True
48.565327926,46.800000000000004,1,control_period,46.8,49.99999999999716,
48.56538418,46.800000000000004,2,measurement_to_controller_cmd,,48.841439,True
48.565462769,46.800000000000004,2,control_period,46.8,49.99999999999716,
48.565539364,46.800000000000004,3,measurement_to_controller_cmd,,46.779827999999995,True
48.565594752,46.800000000000004,3,controller_to_actual_cmd,,0.055388,
48.565658186,46.800000000000004,3,control_period,46.8,49.99999999999716,
48.568997448000005,46.800000000000004,2,controller_to_actual_cmd,,3.6132679999999997,
48.569963513000005,46.805,1,controller_to_actual_cmd,,4.71547,
48.577037213000004,46.81,1,camera_to_measurement,46.795,8.385800999999999,True
48.577163761,46.81,1,detector_inference,,7.516657829284668,
48.582675232,46.815000000000005,2,detector_inference,,8.399612426757812,
48.58307923300001,46.815000000000005,2,camera_to_measurement,46.795,10.719505,True
48.591493498000006,46.825,3,detector_inference,,9.355342864990234,
48.592177752000005,46.825,3,camera_to_measurement,46.795,12.242439,True
48.615055541000004,46.85,1,measurement_to_controller_cmd,,38.018328,True
48.61514136,46.85,1,control_period,46.85,50.00000000000426,
48.615190193000004,46.85,2,measurement_to_controller_cmd,,32.11096,True
48.61523183400001,46.85,2,controller_to_actual_cmd,,0.041641,
48.615280126,46.85,2,control_period,46.85,50.00000000000426,
48.615322474,46.85,3,measurement_to_controller_cmd,,23.144721999999998,True
48.615361263000004,46.85,3,controller_to_actual_cmd,,0.038789,
48.615407306,46.85,3,control_period,46.85,50.00000000000426,
48.615775855,46.85,1,controller_to_actual_cmd,,0.720314,
48.655523803,46.89,1,camera_to_measurement,46.865,14.056339999999999,True
48.655769265,46.89,1,detector_inference,,11.007308006286621,
48.655950534000006,46.89,2,camera_to_measurement,46.865,11.258301,True
48.656066538000005,46.89,2,detector_inference,,9.175910949707031,
48.665556329000005,46.900000000000006,2,measurement_to_controller_cmd,,9.605794999999999,True
48.665656229,46.900000000000006,2,control_period,46.9,49.99999999999716,
48.665707247,46.900000000000006,3,detector_inference,,6.6905741691589355,
48.665795949,46.900000000000006,3,control_period,46.9,49.99999999999716,
48.666874619000005,46.900000000000006,1,measurement_to_controller_cmd,,11.350816,True
48.666968540000006,46.900000000000006,3,controller_to_actual_cmd,,1.2152319999999999,
48.667425528,46.900000000000006,1,controller_to_actual_cmd,,0.550909,
48.667510712,46.900000000000006,1,control_period,46.9,49.99999999999716,
48.667557555,46.900000000000006,2,controller_to_actual_cmd,,2.001226,
48.714808058,46.95,2,control_period,46.95,50.00000000000426,
48.715465347000006,46.95,1,controller_to_actual_cmd,,0.8321449999999999,
48.715611758,46.95,1,control_period,46.95,50.00000000000426,
48.715686634,46.95,2,controller_to_actual_cmd,,0.9860249999999999,
48.715747226000005,46.95,3,measurement_to_controller_cmd,,49.604046,True
48.716293733,46.95,3,controller_to_actual_cmd,,0.546507,
48.716377258,46.95,3,control_period,46.95,50.00000000000426,
48.721827248000004,46.955000000000005,3,detector_inference,,10.42132568359375,
48.722552902000004,46.955000000000005,3,camera_to_measurement,46.93,12.391204,True
48.722910032,46.955000000000005,2,camera_to_measurement,46.93,14.818735,True
48.722964887,46.955000000000005,2,detector_inference,,12.676297187805176,
48.765928280000004,47.0,2,measurement_to_controller_cmd,,43.018248,True
48.766013278,47.0,3,measurement_to_controller_cmd,,43.460376,True
48.766110188000006,47.0,3,control_period,47.0,49.99999999999716,
48.766711494000006,47.0,1,control_period,47.0,49.99999999999716,
48.766755518000004,47.0,2,controller_to_actual_cmd,,0.8272379999999999,
48.766789183,47.0,3,controller_to_actual_cmd,,0.775905,
48.768678484000006,47.0,2,control_period,47.0,49.99999999999716,
48.769686819,47.005,1,controller_to_actual_cmd,,3.037639,
48.778644005000004,47.010000000000005,1,detector_inference,,8.886799812316895,
48.779290157000005,47.015,1,camera_to_measurement,46.995,10.945007,True
48.815074560000006,47.050000000000004,1,measurement_to_controller_cmd,,35.784403,True
48.815590580000006,47.050000000000004,1,controller_to_actual_cmd,,0.5160199999999999,
48.815675403,47.050000000000004,1,control_period,47.05,49.99999999999716,
48.815754304,47.050000000000004,2,controller_to_actual_cmd,,0.03301,
48.815809648000005,47.050000000000004,2,control_period,47.05,49.99999999999716,
48.815886666000004,47.050000000000004,3,controller_to_actual_cmd,,0.034728999999999996,
48.815933702,47.050000000000004,3,control_period,47.05,49.99999999999716,
48.854646516,47.09,1,camera_to_measurement,47.06,20.851118,True
48.854722999,47.09,1,detector_inference,,18.031906127929688,
48.855447109,47.09,3,detector_inference,,7.628758907318115,
48.855779070000004,47.09,3,camera_to_measurement,47.06,10.706669,True
48.865619110000004,47.1,1,measurement_to_controller_cmd,,10.972593999999999,True
48.865727482000004,47.1,1,controller_to_actual_cmd,,0.108372,
48.86582296,47.1,1,control_period,47.1,50.00000000000426,
48.865912037,47.1,2,control_period,47.1,50.00000000000426,
48.865952193000005,47.1,3,measurement_to_controller_cmd,,10.173123,True
48.865990035,47.1,3,controller_to_actual_cmd,,0.037842,
48.866033114000004,47.1,3,control_period,47.1,50.00000000000426,
48.866388934,47.1,2,controller_to_actual_cmd,,0.516431,
48.906241560000005,47.14,2,detector_inference,,7.383962154388428,
48.906664578000004,47.14,2,camera_to_measurement,47.125,8.941697999999999,True
48.911089484,47.145,3,detector_inference,,7.664863109588623,
48.911731404,47.145,3,camera_to_measurement,47.125,9.588535,True
48.914981496,47.150000000000006,2,measurement_to_controller_cmd,,8.316918,True
48.915061380000004,47.150000000000006,2,controller_to_actual_cmd,,0.079884,
48.915151692,47.150000000000006,2,control_period,47.15,49.99999999999716,
48.915944457,47.150000000000006,1,controller_to_actual_cmd,,0.093166,
48.916084998,47.150000000000006,1,control_period,47.15,49.99999999999716,
48.916191892,47.150000000000006,3,measurement_to_controller_cmd,,4.460488,True
48.916287669000006,47.150000000000006,3,controller_to_actual_cmd,,0.095777,
48.916416008000006,47.150000000000006,3,control_period,47.15,49.99999999999716,
48.965154483000006,47.2,1,control_period,47.2,50.00000000000426,
48.965781613000004,47.2,1,controller_to_actual_cmd,,0.7281139999999999,
48.965881290000006,47.2,2,controller_to_actual_cmd,,0.036979,
48.965947219,47.2,2,control_period,47.2,50.00000000000426,
48.965995243,47.2,3,controller_to_actual_cmd,,0.752139,
48.966045697000006,47.2,3,control_period,47.2,50.00000000000426,
48.9816488,47.215,2,detector_inference,,8.597796440124512,
48.982067400000005,47.215,2,camera_to_measurement,47.195,10.137967999999999,True
48.985315837,47.220000000000006,3,camera_to_measurement,47.195,8.29201,True
48.985429615,47.220000000000006,3,detector_inference,,6.508491039276123,
49.015069385000004,47.25,1,control_period,47.25,49.99999999999716,
49.015153172000005,47.25,2,measurement_to_controller_cmd,,33.085772,True
49.015273184,47.25,2,controller_to_actual_cmd,,0.120012,
49.015428255,47.25,2,control_period,47.25,49.99999999999716,
49.015539685,47.25,3,measurement_to_controller_cmd,,30.223848,True
49.016081829,47.25,1,controller_to_actual_cmd,,1.107057,
49.016167159000005,47.25,3,controller_to_actual_cmd,,0.627474,
49.016254791,47.25,3,control_period,47.25,49.99999999999716,
49.044544674,47.28,1,detector_inference,,9.38856029510498,
49.056563895000004,47.290000000000006,2,camera_to_measurement,47.26,18.053390999999998,True
49.056630692000006,47.290000000000006,2,detector_inference,,16.1790828704834,
49.057873458,47.290000000000006,3,camera_to_measurement,47.26,10.985249999999999,True
49.057933015,47.290000000000006,3,detector_inference,,9.73682689666748,
