wall_elapsed_s,sim_time_s,follower_index,stage,source_stamp_s,latency_ms,valid_measurement
2.713225055,0.0,3,controller_to_actual_cmd,,0.6734859999999999,
2.717365264,1.2850000000000001,1,controller_to_actual_cmd,,0.090737,
2.732570415,1.3,1,control_period,1.3,14.999999999999902,
2.7328674200000003,1.3,3,controller_to_actual_cmd,,0.112756,
2.732951495,1.3,3,control_period,1.3,20.000000000000018,
2.7333602320000003,1.3,1,controller_to_actual_cmd,,0.919346,
2.782422996,1.35,1,controller_to_actual_cmd,,0.037968999999999996,
2.782504319,1.35,1,control_period,1.35,50.00000000000004,
2.782583367,1.35,3,controller_to_actual_cmd,,0.032818,
2.7826331360000003,1.35,3,control_period,1.35,50.00000000000004,
2.833163062,1.4000000000000001,1,controller_to_actual_cmd,,0.5186149999999999,
2.8332535730000004,1.4000000000000001,1,control_period,1.4,49.99999999999982,
2.833294075,1.4000000000000001,3,controller_to_actual_cmd,,0.5917979999999999,
2.833336375,1.4000000000000001,3,control_period,1.4,49.99999999999982,
2.8829121300000002,1.4500000000000002,1,controller_to_actual_cmd,,0.09807099999999999,
2.8831055230000002,1.4500000000000002,1,control_period,1.45,50.00000000000004,
2.883857205,1.4500000000000002,3,controller_to_actual_cmd,,0.611864,
2.883995489,1.4500000000000002,3,control_period,1.45,50.00000000000004,
2.9328049480000002,1.5,1,controller_to_actual_cmd,,0.092347,
2.9329633050000004,1.5,1,control_period,1.5,50.00000000000004,
2.9338570600000002,1.5,3,controller_to_actual_cmd,,0.101086,
2.9340135750000003,1.5,3,control_period,1.5,50.00000000000004,
2.982541008,1.55,1,controller_to_actual_cmd,,0.748278,
2.982633292,1.55,1,control_period,1.55,50.00000000000004,
2.9827099440000002,1.55,3,controller_to_actual_cmd,,0.032505,
2.9827544240000003,1.55,3,control_period,1.55,50.00000000000004,
3.035461359,1.6,1,controller_to_actual_cmd,,0.047947,
3.035585231,1.6,1,control_period,1.6,50.00000000000004,
3.035716905,1.6,3,controller_to_actual_cmd,,0.054416,
3.0357693350000003,1.6,3,control_period,1.6,50.00000000000004,
3.057061587,1.625,1,detector_inference,,1481.1636962890625,
3.057720491,1.625,1,camera_to_measurement,0.135,1484.975543,True
3.0809915340000003,1.645,1,camera_to_measurement,1.325,312.591953,True
3.0811325000000003,1.645,1,detector_inference,,16.245628356933594,
3.083042643,1.6500000000000001,3,control_period,1.65,49.99999999999982,
3.083735786,1.6500000000000001,1,measurement_to_controller_cmd,,2.744252,True
3.083870016,1.6500000000000001,1,control_period,1.65,49.99999999999982,
3.0839450700000004,1.6500000000000001,3,controller_to_actual_cmd,,1.040529,
3.084542968,1.6500000000000001,1,controller_to_actual_cmd,,0.807182,
3.092530286,1.6600000000000001,1,detector_inference,,8.042717933654785,
3.093072406,1.6600000000000001,1,camera_to_measurement,1.3900000000000001,262.134521,True
3.104565876,1.6700000000000002,1,detector_inference,,8.582392692565918,
3.1052235070000003,1.6700000000000002,1,camera_to_measurement,1.455,208.06194,True
3.1144542960000003,1.6800000000000002,1,detector_inference,,7.036811828613281,
3.1153551800000003,1.6800000000000002,1,camera_to_measurement,1.52,149.212834,True
3.1257605230000003,1.6900000000000002,1,detector_inference,,6.6828508377075195,
3.1320217770000003,1.7000000000000002,3,control_period,1.7000000000000002,50.00000000000027,
3.1327040380000004,1.7000000000000002,1,measurement_to_controller_cmd,,6.17176,True
3.1328123440000004,1.7000000000000002,1,controller_to_actual_cmd,,0.108306,
3.132932842,1.7000000000000002,1,control_period,1.7000000000000002,50.00000000000027,
3.1330339140000003,1.7000000000000002,3,controller_to_actual_cmd,,1.1552179999999999,
3.1353776740000003,1.7000000000000002,1,detector_inference,,6.115748882293701,
3.135929871,1.705,1,camera_to_measurement,1.655,38.747493,True
3.1744996960000003,1.7400000000000002,1,detector_inference,,14.255108833312988,
3.1751455650000002,1.7400000000000002,1,camera_to_measurement,1.7200000000000002,16.094286999999998,True
3.18287144,1.75,1,measurement_to_controller_cmd,,7.725874999999999,True
3.18335143,1.75,1,controller_to_actual_cmd,,0.47998999999999997,
3.183428348,1.75,1,control_period,1.75,49.99999999999982,
3.183472714,1.75,3,controller_to_actual_cmd,,0.5093099999999999,
3.1835162140000004,1.75,3,control_period,1.75,49.99999999999982,
3.232488989,1.8,3,control_period,1.8,50.00000000000004,
3.233486645,1.8,1,controller_to_actual_cmd,,1.309377,
3.233656555,1.8,1,control_period,1.8,50.00000000000004,
3.233795697,1.8,3,controller_to_actual_cmd,,1.486125,
3.234516124,1.8,1,camera_to_measurement,1.7850000000000001,10.227297,True
3.23463103,1.8,1,detector_inference,,9.014142036437988,
3.283453648,1.85,1,measurement_to_controller_cmd,,48.937523999999996,True
3.283566459,1.85,1,controller_to_actual_cmd,,0.112811,
3.283688558,1.85,1,control_period,1.85,50.00000000000004,
3.2838013850000003,1.85,3,controller_to_actual_cmd,,0.038049,
3.283853092,1.85,3,control_period,1.85,50.00000000000004,
3.305001592,1.87,1,detector_inference,,7.718173027038574,
3.305782164,1.87,1,camera_to_measurement,1.85,10.097598,True
3.3333109480000003,1.9000000000000001,1,measurement_to_controller_cmd,,27.528783999999998,True
3.333415435,1.9000000000000001,1,controller_to_actual_cmd,,0.104487,
3.333497405,1.9000000000000001,1,control_period,1.9,49.99999999999982,
3.3335839920000003,1.9000000000000001,3,controller_to_actual_cmd,,0.035400999999999995,
3.3336363610000004,1.9000000000000001,3,control_period,1.9,49.99999999999982,
3.3822649470000004,1.9500000000000002,3,control_period,1.9500000000000002,50.00000000000027,
3.382875792,1.9500000000000002,1,controller_to_actual_cmd,,0.718722,
3.3830133040000003,1.9500000000000002,1,control_period,1.9500000000000002,50.00000000000027,
3.383117743,1.9500000000000002,3,controller_to_actual_cmd,,1.445153,
3.4327751930000003,2.0,3,control_period,2.0,49.99999999999982,
3.433653093,2.0,1,controller_to_actual_cmd,,0.08215599999999999,
3.433802705,2.0,1,control_period,2.0,49.99999999999982,
3.433921921,2.0,3,controller_to_actual_cmd,,1.2780589999999998,
3.443827246,2.0100000000000002,1,detector_inference,,14.562026977539062,
3.4450550570000003,2.0100000000000002,1,camera_to_measurement,1.985,17.878536999999998,True
3.482464712,2.0500000000000003,1,measurement_to_controller_cmd,,37.409655,True
3.4826062490000003,2.0500000000000003,1,control_period,2.05,49.99999999999982,
3.4827325150000004,2.0500000000000003,3,control_period,2.05,49.99999999999982,
3.483270726,2.0500000000000003,1,controller_to_actual_cmd,,0.806014,
3.4833297340000002,2.0500000000000003,3,controller_to_actual_cmd,,0.652144,
3.513819577,2.08,1,detector_inference,,16.051368713378906,
3.514594434,2.08,1,camera_to_measurement,2.05,19.720534999999998,True
3.532123857,2.1,1,measurement_to_controller_cmd,,17.529422999999998,True
3.532321023,2.1,3,control_period,2.1,50.00000000000027,
3.532745976,2.1,1,controller_to_actual_cmd,,0.622119,
3.532804167,2.1,1,control_period,2.1,50.00000000000027,
3.5328497980000004,2.1,3,controller_to_actual_cmd,,0.619286,
3.5682832080000004,2.1350000000000002,1,detector_inference,,8.177265167236328,
3.568989381,2.1350000000000002,1,camera_to_measurement,2.115,11.295997,True
3.581999826,2.1500000000000004,3,control_period,2.15,49.99999999999982,
3.582681688,2.1500000000000004,1,measurement_to_controller_cmd,,13.692307,True
3.582792695,2.1500000000000004,1,controller_to_actual_cmd,,0.111007,
3.5829407430000004,2.1500000000000004,1,control_period,2.15,49.99999999999982,
3.583405775,2.1500000000000004,3,controller_to_actual_cmd,,1.545321,
3.63258904,2.2,1,control_period,2.2,50.00000000000027,
3.6328110070000004,2.2,3,controller_to_actual_cmd,,0.087868,
3.632940254,2.2,3,control_period,2.2,50.00000000000027,
3.6336230680000003,2.2,1,controller_to_actual_cmd,,1.173852,
3.641020482,2.21,1,detector_inference,,16.4169921875,
3.6421022350000003,2.21,1,camera_to_measurement,2.18,19.760884,True
3.6429544980000004,2.21,2,controller_to_actual_cmd,,0.079385,
3.6834403090000003,2.25,3,control_period,2.25,49.99999999999982,
3.6840901030000004,2.25,1,measurement_to_controller_cmd,,41.987868,True
3.684151516,2.25,1,controller_to_actual_cmd,,0.061412999999999995,
3.6844070290000004,2.25,1,control_period,2.25,49.99999999999982,
3.6846444000000003,2.25,2,controller_to_actual_cmd,,0.15453899999999998,
3.684809636,2.25,2,control_period,2.25,40.000000000000036,
3.6849267030000004,2.25,3,controller_to_actual_cmd,,1.6407159999999998,
3.7082905360000002,2.2750000000000004,1,detector_inference,,16.204132080078125,
3.7325829880000003,2.3000000000000003,1,measurement_to_controller_cmd,,23.558958999999998,True
3.7327165890000003,2.3000000000000003,1,controller_to_actual_cmd,,0.133601,
3.7328650000000003,2.3000000000000003,1,control_period,2.3,49.99999999999982,
3.7329738050000003,2.3000000000000003,2,controller_to_actual_cmd,,1.023695,
3.7331197470000004,2.3000000000000003,2,control_period,2.3,49.99999999999982,
3.7335242440000003,2.3000000000000003,3,controller_to_actual_cmd,,0.038283,
3.7335771760000003,2.3000000000000003,3,control_period,2.3,49.99999999999982,
3.7702294800000002,2.335,1,detector_inference,,8.231773376464844,
3.771172119,2.3400000000000003,1,camera_to_measurement,2.315,11.679941,True
3.7826057640000004,2.35,1,measurement_to_controller_cmd,,11.433645,True
3.7828079530000003,2.35,1,control_period,2.35,50.00000000000027,
3.7830324500000003,2.35,2,control_period,2.35,50.00000000000027,
3.783342048,2.35,3,controller_to_actual_cmd,,0.08222499999999999,
3.7834202830000003,2.35,3,control_period,2.35,50.00000000000027,
3.7838360520000003,2.35,1,controller_to_actual_cmd,,1.230288,
3.783891327,2.35,2,controller_to_actual_cmd,,0.9620529999999999,
3.832912958,2.4000000000000004,1,control_period,2.4,49.99999999999982,
3.833165869,2.4000000000000004,2,control_period,2.4,49.99999999999982,
3.8333971900000003,2.4000000000000004,3,control_period,2.4,49.99999999999982,
3.834107937,2.4000000000000004,1,camera_to_measurement,2.38,13.290977,True
3.834244285,2.4000000000000004,1,detector_inference,,10.537373542785645,
3.8343536210000004,2.4000000000000004,1,controller_to_actual_cmd,,1.617799,
3.8344550560000004,2.4000000000000004,2,controller_to_actual_cmd,,1.405538,
3.8366053160000004,2.4000000000000004,3,controller_to_actual_cmd,,3.316751,
3.8828539650000002,2.45,1,measurement_to_controller_cmd,,48.746027999999995,True
3.8837226690000004,2.45,1,controller_to_actual_cmd,,0.8687039999999999,
3.8838633810000003,2.45,1,control_period,2.45,50.00000000000027,
3.8840020490000002,2.45,2,control_period,2.45,50.00000000000027,
3.8841579750000004,2.45,3,control_period,2.45,50.00000000000027,
3.8849461090000004,2.45,2,controller_to_actual_cmd,,1.020552,
3.8850927260000003,2.45,3,controller_to_actual_cmd,,1.008869,
3.9319819240000005,2.5,2,control_period,2.5,49.99999999999982,
3.9327384710000004,2.5,1,controller_to_actual_cmd,,0.9314439999999999,
3.9328499820000005,2.5,1,control_period,2.5,49.99999999999982,
3.932926714,2.5,2,controller_to_actual_cmd,,1.047131,
3.9337322780000004,2.5,3,control_period,2.5,49.99999999999982,
3.9342453730000004,2.5,3,controller_to_actual_cmd,,0.665447,
3.9824211280000004,2.5500000000000003,1,control_period,2.55,49.99999999999982,
3.9826467030000003,2.5500000000000003,2,controller_to_actual_cmd,,0.097129,
3.983362093,2.5500000000000003,1,controller_to_actual_cmd,,1.072811,
3.983447335,2.5500000000000003,2,control_period,2.55,49.99999999999982,
3.9834940340000005,2.5500000000000003,3,controller_to_actual_cmd,,0.73664,
3.983541186,2.5500000000000003,3,control_period,2.55,49.99999999999982,
4.033607954,2.6,1,controller_to_actual_cmd,,0.7863479999999999,
4.033749428,2.6,1,control_period,2.6,50.00000000000027,
4.0338313900000005,2.6,2,controller_to_actual_cmd,,0.938835,
4.0339140140000005,2.6,2,control_period,2.6,50.00000000000027,
4.034854406,2.6,3,controller_to_actual_cmd,,0.797122,
4.034965416,2.6,3,control_period,2.6,50.00000000000027,
4.0356227890000005,2.6,1,camera_to_measurement,2.575,19.711938999999997,True
4.035726353,2.6,1,detector_inference,,16.974483489990234,
4.0825375610000005,2.6500000000000004,1,measurement_to_controller_cmd,,46.914772,True
4.082745363,2.6500000000000004,1,control_period,2.65,49.99999999999982,
4.083005613,2.6500000000000004,3,control_period,2.65,49.99999999999982,
4.083950392,2.6500000000000004,1,controller_to_actual_cmd,,1.412831,
4.084870587,2.6500000000000004,2,controller_to_actual_cmd,,0.774714,
4.085082127000001,2.6500000000000004,2,control_period,2.65,49.99999999999982,
4.085222388,2.6500000000000004,3,controller_to_actual_cmd,,2.340144,
4.132508444,2.7,3,control_period,2.7,50.00000000000027,
4.133288522,2.7,1,controller_to_actual_cmd,,0.068641,
4.133401243000001,2.7,1,control_period,2.7,50.00000000000027,
4.133475175,2.7,2,controller_to_actual_cmd,,1.122177,
4.133551941,2.7,2,control_period,2.7,50.00000000000027,
4.133625784,2.7,3,controller_to_actual_cmd,,1.2042249999999999,
4.181869493000001,2.75,3,control_period,2.75,49.99999999999982,
4.182622383,2.75,1,controller_to_actual_cmd,,0.079984,
4.182752224000001,2.75,1,control_period,2.75,49.99999999999982,
4.182929674,2.75,2,control_period,2.75,49.99999999999982,
4.183541397,2.75,2,controller_to_actual_cmd,,0.701182,
4.183646477,2.75,3,controller_to_actual_cmd,,1.897827,
4.2281619820000005,2.7950000000000004,1,detector_inference,,10.252257347106934,
4.232254719,2.8000000000000003,1,measurement_to_controller_cmd,,4.1851389999999995,True
4.232372421,2.8000000000000003,1,controller_to_actual_cmd,,0.117702,
4.232506778,2.8000000000000003,1,control_period,2.8,49.99999999999982,
4.232614423,2.8000000000000003,3,control_period,2.8,49.99999999999982,
4.233225278,2.8000000000000003,2,controller_to_actual_cmd,,0.07483999999999999,
4.23331906,2.8000000000000003,2,control_period,2.8,49.99999999999982,
4.233396771000001,2.8000000000000003,3,controller_to_actual_cmd,,1.8197539999999999,
4.283050982000001,2.85,2,control_period,2.85,50.00000000000027,
4.2833135030000005,2.85,3,controller_to_actual_cmd,,0.0945,
4.2834617040000005,2.85,3,control_period,2.85,50.00000000000027,
4.284724839,2.85,1,controller_to_actual_cmd,,2.004145,
4.284886364,2.85,1,control_period,2.85,50.00000000000027,
4.285605687,2.85,2,controller_to_actual_cmd,,2.73584,
4.294297158,2.8600000000000003,1,detector_inference,,7.94955587387085,
4.331905255000001,2.9000000000000004,1,measurement_to_controller_cmd,,37.765088999999996,True
4.332311705,2.9000000000000004,1,controller_to_actual_cmd,,0.40645,
4.3323898210000005,2.9000000000000004,1,control_period,2.9,49.99999999999982,
4.3324380520000005,2.9000000000000004,2,control_period,2.9,49.99999999999982,
4.332514729000001,2.9000000000000004,3,control_period,2.9,49.99999999999982,
4.332851131,2.9000000000000004,2,controller_to_actual_cmd,,0.885315,
4.332898322,2.9000000000000004,3,controller_to_actual_cmd,,0.420439,
4.362020297,2.93,1,detector_inference,,8.606640815734863,
4.362646271,2.93,1,camera_to_measurement,2.9050000000000002,14.478411999999999,True
4.382226538,2.95,2,controller_to_actual_cmd,,0.048989,
4.382320369,2.95,2,control_period,2.95,50.00000000000027,
4.3823968540000005,2.95,3,controller_to_actual_cmd,,0.033500999999999996,
4.382444549000001,2.95,3,control_period,2.95,50.00000000000027,
4.3833242640000005,2.95,1,measurement_to_controller_cmd,,20.677993,True
4.3833912680000005,2.95,1,controller_to_actual_cmd,,0.067004,
4.383455194000001,2.95,1,control_period,2.95,50.00000000000027,
4.430945003000001,3.0,1,camera_to_measurement,2.975,13.438929,True
4.430999171,3.0,1,detector_inference,,10.865961074829102,
4.432234742,3.0,1,measurement_to_controller_cmd,,1.289739,True
4.432361999,3.0,1,controller_to_actual_cmd,,0.12725699999999998,
4.432493012,3.0,1,control_period,3.0,49.99999999999982,
4.432669225000001,3.0,2,control_period,3.0,49.99999999999982,
4.433289391000001,3.0,2,controller_to_actual_cmd,,0.704006,
4.43346599,3.0,3,controller_to_actual_cmd,,0.072072,
4.433583418,3.0,3,control_period,3.0,49.99999999999982,
4.48381806,3.0500000000000003,1,controller_to_actual_cmd,,0.040285999999999995,
4.483933886,3.0500000000000003,1,control_period,3.05,49.99999999999982,
4.484034148,3.0500000000000003,3,control_period,3.05,49.99999999999982,
4.484548187000001,3.0500000000000003,2,controller_to_actual_cmd,,0.039459999999999995,
4.484610464,3.0500000000000003,2,control_period,3.05,49.99999999999982,
4.4846537,3.0500000000000003,3,controller_to_actual_cmd,,0.6633129999999999,
4.495666474,3.06,1,detector_inference,,8.365840911865234,
4.496623829000001,3.0650000000000004,1,camera_to_measurement,3.04,14.169825999999999,True
4.531897433,3.1,1,measurement_to_controller_cmd,,35.273604,True
4.532060451,3.1,3,control_period,3.1,50.00000000000027,
4.5329942480000005,3.1,1,control_period,3.1,50.00000000000027,
4.533094944,3.1,3,controller_to_actual_cmd,,1.107084,
4.533442818,3.1,1,controller_to_actual_cmd,,1.545385,
4.533483276,3.1,2,controller_to_actual_cmd,,0.425226,
4.533530407000001,3.1,2,control_period,3.1,50.00000000000027,
4.565958134000001,3.1300000000000003,1,detector_inference,,16.127653121948242,
4.566738025,3.1350000000000002,1,camera_to_measurement,3.105,19.626905999999998,True
4.583858568,3.1500000000000004,1,measurement_to_controller_cmd,,17.120542999999998,True
4.583983218,3.1500000000000004,1,controller_to_actual_cmd,,0.12465,
4.58411742,3.1500000000000004,1,control_period,3.15,49.99999999999982,
4.584343244,3.1500000000000004,2,controller_to_actual_cmd,,0.10998799999999999,
4.584417256,3.1500000000000004,2,control_period,3.15,49.99999999999982,
4.5844918,3.1500000000000004,3,controller_to_actual_cmd,,0.029442999999999997,
4.584535854,3.1500000000000004,3,control_period,3.15,49.99999999999982,
4.622308354,3.1900000000000004,1,detector_inference,,7.9882659912109375,
4.632231784,3.2,1,measurement_to_controller_cmd,,10.01801,True
4.632384184,3.2,2,control_period,3.2,50.00000000000027,
4.632468757000001,3.2,3,control_period,3.2,50.00000000000027,
4.632906438,3.2,1,controller_to_actual_cmd,,0.674654,
4.6329669220000005,3.2,1,control_period,3.2,50.00000000000027,
4.633007957,3.2,2,controller_to_actual_cmd,,0.693386,
4.633047264,3.2,3,controller_to_actual_cmd,,0.617552,
4.684290320000001,3.25,2,controller_to_actual_cmd,,1.02053,
4.6844693500000005,3.25,2,control_period,3.25,49.99999999999982,
4.684608985000001,3.25,3,control_period,3.25,49.99999999999982,
4.6854205,3.25,1,controller_to_actual_cmd,,1.2594349999999999,
4.685596404,3.25,1,control_period,3.25,49.99999999999982,
4.685709528,3.25,3,controller_to_actual_cmd,,2.3445679999999998,
4.69031866,3.2550000000000003,1,detector_inference,,12.613273620605469,
4.691041601,3.2600000000000002,1,camera_to_measurement,3.235,14.739191,True
4.731829252000001,3.3000000000000003,1,measurement_to_controller_cmd,,40.787651,True
4.731901335,3.3000000000000003,1,controller_to_actual_cmd,,0.072083,
4.731977413,3.3000000000000003,1,control_period,3.3,49.99999999999982,
4.7320724180000004,3.3000000000000003,3,control_period,3.3,49.99999999999982,
4.732478005,3.3000000000000003,2,controller_to_actual_cmd,,0.033113,
4.732532112,3.3000000000000003,2,control_period,3.3,49.99999999999982,
4.732567705,3.3000000000000003,3,controller_to_actual_cmd,,0.545632,
4.77978035,3.345,3,detector_inference,,1872.465087890625,
4.780529975,3.345,3,camera_to_measurement,1.455,1876.2779039999998,True
4.783119043,3.35,1,controller_to_actual_cmd,,0.069918,
4.783270302,3.35,1,control_period,3.35,50.00000000000027,
4.783374341,3.35,2,controller_to_actual_cmd,,1.005339,
4.783472726,3.35,2,control_period,3.35,50.00000000000027,
4.783559844,3.35,3,measurement_to_controller_cmd,,3.0298689999999997,True
4.7842345260000005,3.35,3,controller_to_actual_cmd,,0.674682,
4.784385718,3.35,3,control_period,3.35,50.00000000000027,
4.792861842000001,3.3600000000000003,3,detector_inference,,8.091485023498535,
4.793855373,3.3600000000000003,3,camera_to_measurement,2.9050000000000002,435.13170499999995,True
4.804701757,3.37,3,detector_inference,,8.092981338500977,
4.805478932000001,3.37,3,camera_to_measurement,2.975,375.351134,True
4.810491415,3.375,2,detector_inference,,1905.58935546875,
4.812060538,3.3800000000000003,2,camera_to_measurement,1.455,1912.7054429999998,True
4.8231036650000005,3.39,3,camera_to_measurement,3.17,198.794231,True
4.823294783000001,3.39,3,detector_inference,,10.680456161499023,
4.832762963,3.4000000000000004,1,control_period,3.4,49.99999999999982,
4.833498336,3.4000000000000004,3,measurement_to_controller_cmd,,10.394670999999999,True
4.835898349000001,3.4000000000000004,1,camera_to_measurement,3.37,15.231883,True
4.8360102110000005,3.4000000000000004,1,detector_inference,,13.741433143615723,
4.836093342000001,3.4000000000000004,2,camera_to_measurement,2.9050000000000002,483.370318,True
4.836152004000001,3.4000000000000004,2,detector_inference,,18.168228149414062,
4.836436711,3.4000000000000004,2,measurement_to_controller_cmd,,0.343369,True
4.836533625,3.4000000000000004,2,control_period,3.4,49.99999999999982,
4.836606093,3.4000000000000004,3,controller_to_actual_cmd,,3.107757,
4.836675983,3.4000000000000004,3,control_period,3.4,49.99999999999982,
4.837724402,3.4050000000000002,1,controller_to_actual_cmd,,5.0526539999999995,
4.837902744,3.4050000000000002,2,controller_to_actual_cmd,,1.466033,
4.838230545,3.4050000000000002,3,detector_inference,,11.179864883422852,
4.847747343,3.415,3,detector_inference,,9.803689002990723,
4.848134606,3.415,3,camera_to_measurement,3.305,93.738959,True
4.852592912,3.4200000000000004,2,camera_to_measurement,2.975,427.77131299999996,True
4.8526689560000005,3.4200000000000004,2,detector_inference,,13.547629356384277,
4.8616701540000005,3.43,3,camera_to_measurement,3.37,16.682631999999998,True
4.861769504000001,3.43,3,detector_inference,,10.405243873596191,
4.862112036,3.43,2,camera_to_measurement,3.04,370.217914,True
4.862158598000001,3.43,2,detector_inference,,7.4759721755981445,
4.871759067,3.4400000000000004,2,camera_to_measurement,3.105,316.721709,True
4.871903435,3.4400000000000004,2,detector_inference,,5.937015056610107,
4.883849442000001,3.45,2,measurement_to_controller_cmd,,12.090375,True
4.884021418000001,3.45,2,control_period,3.45,50.00000000000027,
4.887224397000001,3.45,3,measurement_to_controller_cmd,,25.554243,True
4.888245215,3.455,1,measurement_to_controller_cmd,,52.346866,True
4.888341567,3.455,1,controller_to_actual_cmd,,0.096352,
4.888429672,3.455,1,control_period,3.45,50.00000000000027,
4.888478706,3.455,2,controller_to_actual_cmd,,4.629264,
4.888523162,3.455,3,controller_to_actual_cmd,,1.298765,
4.888571108000001,3.455,3,control_period,3.45,50.00000000000027,
4.8899084660000005,3.455,1,detector_inference,,11.46815299987793,
4.890568227,3.455,1,camera_to_measurement,3.435,12.893592,True
4.890679178,3.455,2,camera_to_measurement,3.305,140.968086,True
4.890748478,3.455,2,detector_inference,,15.339241027832031,
4.903676760000001,3.47,2,detector_inference,,8.583324432373047,
4.9041149630000005,3.47,2,camera_to_measurement,3.37,72.54013599999999,True
4.9138308550000005,3.4800000000000004,2,detector_inference,,6.998319149017334,
4.914300212000001,3.4800000000000004,2,camera_to_measurement,3.435,27.446306,True
4.9326402080000005,3.5,1,measurement_to_controller_cmd,,42.071981,True
4.9327337270000005,3.5,1,control_period,3.5,49.99999999999982,
4.932782046000001,3.5,2,measurement_to_controller_cmd,,18.481834,True
4.932831882,3.5,2,control_period,3.5,49.99999999999982,
4.932909401000001,3.5,3,controller_to_actual_cmd,,0.033208999999999995,
4.93295556,3.5,3,control_period,3.5,49.99999999999982,
4.933441993000001,3.5,1,controller_to_actual_cmd,,0.801785,
4.933496227,3.5,2,controller_to_actual_cmd,,0.714181,
4.956556278,3.5250000000000004,1,camera_to_measurement,3.5,14.517811,True
4.956673022,3.5250000000000004,1,detector_inference,,12.739886283874512,
4.961158731,3.5250000000000004,2,detector_inference,,13.086155891418457,
4.96206048,3.5300000000000002,2,camera_to_measurement,3.5,15.881355999999998,True
4.96221722,3.5300000000000002,3,camera_to_measurement,3.5,11.474262,True
4.96233311,3.5300000000000002,3,detector_inference,,9.51125431060791,
4.981881748,3.5500000000000003,1,measurement_to_controller_cmd,,25.32547,True
4.981957433000001,3.5500000000000003,1,controller_to_actual_cmd,,0.075685,
4.982046498,3.5500000000000003,1,control_period,3.55,49.99999999999982,
4.982112967,3.5500000000000003,3,measurement_to_controller_cmd,,19.895747,True
4.982178456000001,3.5500000000000003,3,control_period,3.55,49.99999999999982,
4.982583583,3.5500000000000003,2,measurement_to_controller_cmd,,20.523103,True
4.982625366000001,3.5500000000000003,2,controller_to_actual_cmd,,0.041783,
4.982667904,3.5500000000000003,2,control_period,3.55,49.99999999999982,
4.982700198000001,3.5500000000000003,3,controller_to_actual_cmd,,0.587231,
5.01271675,3.58,1,detector_inference,,6.361453056335449,
5.0134210580000005,3.58,1,camera_to_measurement,3.565,8.001088,True
5.018224190000001,3.5850000000000004,3,camera_to_measurement,3.565,7.49064,True
5.018343335,3.5850000000000004,3,detector_inference,,5.9806599617004395,
5.031805332,3.6,1,measurement_to_controller_cmd,,18.384273999999998,True
5.0318696240000005,3.6,1,controller_to_actual_cmd,,0.064292,
5.0319455710000005,3.6,1,control_period,3.6,50.00000000000027,
5.032028122000001,3.6,2,controller_to_actual_cmd,,0.036441,
5.032085824,3.6,2,control_period,3.6,50.00000000000027,
5.032134218,3.6,3,measurement_to_controller_cmd,,13.910027999999999,True
5.032185347,3.6,3,control_period,3.6,50.00000000000027,
5.032486021,3.6,3,controller_to_actual_cmd,,0.351803,
5.082699484,3.6500000000000004,1,control_period,3.65,49.99999999999982,
5.0828507720000005,3.6500000000000004,2,control_period,3.65,49.99999999999982,
5.083492381,3.6500000000000004,1,controller_to_actual_cmd,,0.9181809999999999,
5.083587338,3.6500000000000004,2,controller_to_actual_cmd,,0.7882899999999999,
5.085994363,3.6550000000000002,3,controller_to_actual_cmd,,0.049915,
5.086096593000001,3.6550000000000002,3,control_period,3.65,49.99999999999982,
5.087247985,3.6550000000000002,1,detector_inference,,11.715110778808594,
5.088771364,3.6550000000000002,2,detector_inference,,8.793479919433594,
5.089094874000001,3.6550000000000002,2,camera_to_measurement,3.635,10.136991,True
5.131985056,3.7,1,measurement_to_controller_cmd,,44.34223,True
5.132054147000001,3.7,1,controller_to_actual_cmd,,0.069091,
5.132134860000001,3.7,1,control_period,3.7,50.00000000000027,
5.132185201,3.7,2,measurement_to_controller_cmd,,43.090326999999995,True
5.132249808,3.7,2,control_period,3.7,50.00000000000027,
5.132341203,3.7,3,control_period,3.7,50.00000000000027,
5.132630697000001,3.7,2,controller_to_actual_cmd,,0.445496,
5.132691047000001,3.7,3,controller_to_actual_cmd,,0.394707,
5.155139116,3.72,1,detector_inference,,13.702400207519531,
5.155906321000001,3.72,1,camera_to_measurement,3.7,16.079499,True
5.156042568,3.72,2,detector_inference,,10.33709716796875,
5.156734693000001,3.725,2,camera_to_measurement,3.7,13.241805,True
5.163946407,3.7300000000000004,3,camera_to_measurement,3.7,14.960137999999999,True
5.164084226,3.7300000000000004,3,detector_inference,,14.134289741516113,
5.182117528,3.7500000000000004,1,measurement_to_controller_cmd,,26.211206999999998,True
5.182283579,3.7500000000000004,1,control_period,3.75,49.99999999999982,
5.182373727000001,3.7500000000000004,3,measurement_to_controller_cmd,,18.427319999999998,True
5.182458081,3.7500000000000004,3,controller_to_actual_cmd,,0.084354,
5.18255845,3.7500000000000004,3,control_period,3.75,49.99999999999982,
5.183090903,3.7500000000000004,1,controller_to_actual_cmd,,0.973375,
5.18313603,3.7500000000000004,2,measurement_to_controller_cmd,,26.401336999999998,True
5.18316725,3.7500000000000004,2,controller_to_actual_cmd,,0.031219999999999998,
5.1832191860000005,3.7500000000000004,2,control_period,3.75,49.99999999999982,
5.224393631000001,3.79,1,detector_inference,,19.637958526611328,
5.2252108250000004,3.79,2,camera_to_measurement,3.765,15.487857,True
5.225306939,3.79,2,detector_inference,,12.378416061401367,
5.225485716000001,3.79,3,detector_inference,,9.716998100280762,
5.232530577,3.8000000000000003,1,measurement_to_controller_cmd,,7.434724999999999,True
5.232683140000001,3.8000000000000003,1,control_period,3.8,49.99999999999982,
5.2327798340000005,3.8000000000000003,2,measurement_to_controller_cmd,,7.569008999999999,True
5.232880625,3.8000000000000003,2,control_period,3.8,49.99999999999982,
5.232968952,3.8000000000000003,3,measurement_to_controller_cmd,,7.551514999999999,True
5.2330526530000006,3.8000000000000003,3,controller_to_actual_cmd,,0.083701,
5.233148381,3.8000000000000003,3,control_period,3.8,49.99999999999982,
5.233780102000001,3.8000000000000003,1,controller_to_actual_cmd,,1.249525,
5.2338701930000004,3.8000000000000003,2,controller_to_actual_cmd,,1.0903589999999999,
5.279462184000001,3.845,1,detector_inference,,7.686909198760986,
5.280153246,3.845,1,camera_to_measurement,3.83,9.623087,True
5.282455745,3.85,2,control_period,3.85,50.00000000000027,
5.283103427,3.85,2,controller_to_actual_cmd,,0.788709,
5.2839163010000005,3.85,1,measurement_to_controller_cmd,,3.763055,True
5.284052283,3.85,1,controller_to_actual_cmd,,0.135982,
5.284200504,3.85,1,control_period,3.85,50.00000000000027,
5.284338249,3.85,3,controller_to_actual_cmd,,1.1020189999999999,
5.284459104000001,3.85,3,control_period,3.85,50.00000000000027,
5.2871149410000005,3.8550000000000004,2,detector_inference,,11.247034072875977,
5.28750138,3.8550000000000004,2,camera_to_measurement,3.83,13.577646,True
5.292253766,3.8600000000000003,3,camera_to_measurement,3.83,14.542536,True
5.292346391000001,3.8600000000000003,3,detector_inference,,13.635321617126465,
5.3322799860000005,3.9000000000000004,1,controller_to_actual_cmd,,0.04543,
5.332364051000001,3.9000000000000004,1,control_period,3.9,49.99999999999982,
5.332414688,3.9000000000000004,3,measurement_to_controller_cmd,,40.160922,True
5.332453429,3.9000000000000004,3,controller_to_actual_cmd,,0.038741,
5.332496556000001,3.9000000000000004,3,control_period,3.9,49.99999999999982,
5.333151574,3.9000000000000004,2,measurement_to_controller_cmd,,45.650194,True
5.333252871,3.9000000000000004,2,control_period,3.9,49.99999999999982,
5.333633924,3.9000000000000004,2,controller_to_actual_cmd,,0.48235,
5.344593218,3.91,2,camera_to_measurement,3.895,7.210057,True
5.344686413000001,3.91,2,detector_inference,,5.849720001220703,
5.356808758000001,3.9250000000000003,3,camera_to_measurement,3.895,15.167304,True
5.356868885,3.9250000000000003,3,detector_inference,,12.94143295288086,
5.382324791,3.95,1,controller_to_actual_cmd,,0.583957,
5.382430495,3.95,1,control_period,3.95,50.00000000000027,
5.382472448000001,3.95,2,measurement_to_controller_cmd,,37.87923,True
5.382506021,3.95,3,measurement_to_controller_cmd,,25.697263,True
5.382535511,3.95,3,controller_to_actual_cmd,,0.02949,
5.382570021,3.95,3,control_period,3.95,50.00000000000027,
5.38282281,3.95,2,controller_to_actual_cmd,,0.350362,
5.382863906000001,3.95,2,control_period,3.95,50.00000000000027,
5.41297425,3.9800000000000004,1,camera_to_measurement,3.965,7.544518999999999,True
5.413048039,3.9800000000000004,1,detector_inference,,5.599637985229492,
5.423375323,3.99,3,detector_inference,,11.715092658996582,
5.423756593,3.99,3,camera_to_measurement,3.965,13.370897,True
5.432424473,4.0,1,measurement_to_controller_cmd,,19.450222999999998,True
5.432537652000001,4.0,1,controller_to_actual_cmd,,0.11317899999999999,
5.432677692,4.0,1,control_period,4.0,49.99999999999982,
5.432858189,4.0,2,control_period,4.0,49.99999999999982,
5.432941169,4.0,3,measurement_to_controller_cmd,,9.184576,True
5.433019355000001,4.0,3,controller_to_actual_cmd,,0.07818599999999999,
5.433108345,4.0,3,control_period,4.0,49.99999999999982,
5.433806152000001,4.0,2,controller_to_actual_cmd,,1.0317619999999998,
5.484751976,4.05,1,control_period,4.05,49.99999999999982,
5.4850000230000004,4.05,2,controller_to_actual_cmd,,0.094911,
5.485173319,4.05,2,control_period,4.05,49.99999999999982,
5.485436842,4.05,3,control_period,4.05,49.99999999999982,
5.486415076,4.055000000000001,1,controller_to_actual_cmd,,1.825629,
5.486563628000001,4.055000000000001,3,controller_to_actual_cmd,,1.2455559999999999,
5.4929428080000005,4.0600000000000005,1,camera_to_measurement,4.03,21.402146,True
5.493053626,4.0600000000000005,1,detector_inference,,18.45791244506836,
5.495869657,4.0600000000000005,3,detector_inference,,10.854272842407227,
5.496687532,4.065,3,camera_to_measurement,4.03,13.547229,True
5.497215209,4.065,2,camera_to_measurement,4.03,21.380118,True
5.497280163,4.065,2,detector_inference,,20.13250160217285,
5.532942549,4.1000000000000005,1,measurement_to_controller_cmd,,39.999741,True
5.533159691000001,4.1000000000000005,1,control_period,4.1,49.99999999999982,
5.533309298000001,4.1000000000000005,2,measurement_to_controller_cmd,,36.094089,True
5.533454116000001,4.1000000000000005,2,control_period,4.1,49.99999999999982,
5.5335717970000005,4.1000000000000005,3,measurement_to_controller_cmd,,36.884265,True
5.533686758,4.1000000000000005,3,control_period,4.1,49.99999999999982,
5.534409167000001,4.1000000000000005,1,controller_to_actual_cmd,,1.466618,
5.534525998,4.1000000000000005,2,controller_to_actual_cmd,,1.2167,
5.534617139000001,4.1000000000000005,3,controller_to_actual_cmd,,1.045342,
5.549931047,4.115,2,detector_inference,,7.668680191040039,
5.550411144,4.115,2,camera_to_measurement,4.095,9.79616,True
5.555863701000001,4.12,3,detector_inference,,6.474119186401367,
5.557248413,4.125,3,camera_to_measurement,4.095,8.471725,True
5.584572801,4.15,2,measurement_to_controller_cmd,,34.161657,True
5.584678016000001,4.15,2,controller_to_actual_cmd,,0.10521499999999999,
5.5847969410000005,4.15,2,control_period,4.15,50.00000000000071,
5.584871874,4.15,3,measurement_to_controller_cmd,,27.623461,True
5.584952072,4.15,3,control_period,4.15,50.00000000000071,
5.585706589,4.15,1,controller_to_actual_cmd,,0.061161999999999994,
5.585804676,4.15,1,control_period,4.15,50.00000000000071,
5.585878632,4.15,3,controller_to_actual_cmd,,1.006758,
5.637407647000001,4.2,2,controller_to_actual_cmd,,0.056005,
5.63753389,4.2,2,control_period,4.2,49.99999999999982,
5.6376624500000005,4.2,3,controller_to_actual_cmd,,0.05227,
5.638523968,4.205,1,controller_to_actual_cmd,,1.2412429999999999,
5.639340467,4.205,1,control_period,4.2,49.99999999999982,
5.639485292000001,4.205,3,control_period,4.2,49.99999999999982,
5.650952033,4.215,1,camera_to_measurement,4.16,28.388400999999998,True
5.6510816450000005,4.215,1,detector_inference,,25.061433792114258,
5.674942168,4.24,2,detector_inference,,34.69342041015625,
5.675772268,4.24,2,camera_to_measurement,4.16,40.653375,True
5.684377796000001,4.25,1,measurement_to_controller_cmd,,33.425762999999996,True
5.684516005000001,4.25,1,control_period,4.25,49.99999999999982,
5.684592761,4.25,2,measurement_to_controller_cmd,,8.820492999999999,True
5.6847020100000005,4.25,3,controller_to_actual_cmd,,0.046405999999999996,
5.684810459,4.25,3,control_period,4.25,49.99999999999982,
5.686915692,4.25,1,controller_to_actual_cmd,,2.537896,
5.687614366,4.25,2,controller_to_actual_cmd,,3.0216049999999997,
5.687843020000001,4.25,2,control_period,4.25,49.99999999999982,
5.719276441000001,4.285,3,detector_inference,,13.58402156829834,
5.732617405,4.300000000000001,3,measurement_to_controller_cmd,,12.449563,True
5.7327640870000005,4.300000000000001,3,control_period,4.3,49.99999999999982,
5.733498601,4.300000000000001,1,controller_to_actual_cmd,,0.9584469999999999,
5.733641253,4.300000000000001,1,control_period,4.3,49.99999999999982,
5.733732195,4.300000000000001,2,controller_to_actual_cmd,,0.03599,
5.7337933880000005,4.300000000000001,2,control_period,4.3,49.99999999999982,
5.733839702,4.300000000000001,3,controller_to_actual_cmd,,1.222297,
5.763969896000001,4.33,2,detector_inference,,13.936534881591797,
5.765690878,4.33,1,detector_inference,,21.277511596679688,
5.766741273,4.33,1,camera_to_measurement,4.295,22.541544,True
5.778579125,4.345000000000001,3,detector_inference,,19.82720947265625,
5.779118915000001,4.345000000000001,3,camera_to_measurement,4.295,22.833309,True
5.78241104,4.3500000000000005,1,measurement_to_controller_cmd,,15.669766999999998,True
5.782850386000001,4.3500000000000005,1,control_period,4.35,49.99999999999982,
5.783260081000001,4.3500000000000005,1,controller_to_actual_cmd,,0.8490409999999999,
5.783856594,4.3500000000000005,2,measurement_to_controller_cmd,,19.393501999999998,True
5.7840353360000005,4.3500000000000005,2,control_period,4.35,49.99999999999982,
5.784114042000001,4.3500000000000005,3,measurement_to_controller_cmd,,4.995127,True
5.78419477,4.3500000000000005,3,control_period,4.35,49.99999999999982,
5.784663596000001,4.3500000000000005,2,controller_to_actual_cmd,,0.807002,
5.784716711000001,4.3500000000000005,3,controller_to_actual_cmd,,0.602669,
5.816385970000001,4.385000000000001,1,camera_to_measurement,4.36,15.665128999999999,True
5.816457467,4.385000000000001,1,detector_inference,,12.383872032165527,
5.826933569,4.3950000000000005,2,camera_to_measurement,4.36,21.549283,True
5.8270115350000005,4.3950000000000005,2,detector_inference,,18.951345443725586,
5.832343423,4.4,1,measurement_to_controller_cmd,,15.957453,True
5.832461512,4.4,3,control_period,4.4,50.00000000000071,
5.832971243,4.4,1,controller_to_actual_cmd,,0.6278199999999999,
5.833093387000001,4.4,1,control_period,4.4,50.00000000000071,
5.833165997,4.4,2,measurement_to_controller_cmd,,6.232428,True
5.833253869,4.4,2,control_period,4.4,50.00000000000071,
5.8333118740000005,4.4,3,controller_to_actual_cmd,,0.908083,
5.833735808,4.4,2,controller_to_actual_cmd,,0.569811,
5.8739772630000004,4.44,1,detector_inference,,6.396026134490967,
5.8827020590000005,4.45,1,measurement_to_controller_cmd,,7.977773,True
5.882940893000001,4.45,1,control_period,4.45,49.99999999999982,
5.8831098850000005,4.45,2,control_period,4.45,49.99999999999982,
5.883835223,4.45,1,controller_to_actual_cmd,,1.1331639999999998,
5.88396495,4.45,2,controller_to_actual_cmd,,0.929329,
5.884585834,4.45,3,controller_to_actual_cmd,,0.040103,
5.884665552,4.45,3,control_period,4.45,49.99999999999982,
5.889087799,4.455,3,detector_inference,,10.338810920715332,
5.889914186,4.455,3,camera_to_measurement,4.425,12.638415,True
5.933168804,4.5,1,control_period,4.5,49.99999999999982,
5.933327211,4.5,3,measurement_to_controller_cmd,,43.413025,True
5.933399046000001,4.5,3,controller_to_actual_cmd,,0.071835,
5.933472532000001,4.5,3,control_period,4.5,49.99999999999982,
5.934210356,4.5,1,controller_to_actual_cmd,,1.13283,
5.934645376000001,4.5,2,control_period,4.5,49.99999999999982,
5.938635899,4.505,2,controller_to_actual_cmd,,4.057269,
5.94089075,4.505,1,detector_inference,,7.481668949127197,
5.941740912,4.510000000000001,1,camera_to_measurement,4.49,9.464898,True
5.948321875,4.515000000000001,2,detector_inference,,7.5955119132995605,
5.982193414,4.550000000000001,1,measurement_to_controller_cmd,,40.452501999999996,True
5.982286221000001,4.550000000000001,2,measurement_to_controller_cmd,,33.182252999999996,True
5.982835857,4.550000000000001,1,controller_to_actual_cmd,,0.642443,
5.982896291,4.550000000000001,1,control_period,4.55,49.99999999999982,
5.982929455000001,4.550000000000001,2,controller_to_actual_cmd,,0.643234,
5.982963101,4.550000000000001,2,control_period,4.55,49.99999999999982,
5.982992370000001,4.550000000000001,3,controller_to_actual_cmd,,0.645848,
5.983025292000001,4.550000000000001,3,control_period,4.55,49.99999999999982,
6.0113000880000005,4.58,1,camera_to_measurement,4.555,16.219963,True
6.011399194,4.58,1,detector_inference,,13.60769271850586,
6.012602918000001,4.58,2,detector_inference,,14.427725791931152,
6.012668834,4.58,3,camera_to_measurement,4.555,12.633021999999999,True
6.012714919,4.58,3,detector_inference,,11.233240127563477,
6.0322180130000005,4.6000000000000005,1,measurement_to_controller_cmd,,20.917925,True
6.032276980000001,4.6000000000000005,2,measurement_to_controller_cmd,,19.729263,True
6.0323381430000005,4.6000000000000005,2,control_period,4.6,49.99999999999982,
6.0323716560000005,4.6000000000000005,3,measurement_to_controller_cmd,,19.702821999999998,True
6.032407153,4.6000000000000005,3,control_period,4.6,49.99999999999982,
6.03271112,4.6000000000000005,1,controller_to_actual_cmd,,0.49310699999999996,
6.032758697,4.6000000000000005,1,control_period,4.6,49.99999999999982,
6.03279544,4.6000000000000005,2,controller_to_actual_cmd,,0.51846,
6.032827147000001,4.6000000000000005,3,controller_to_actual_cmd,,0.455491,
6.084586747,4.65,1,controller_to_actual_cmd,,0.12237899999999999,
6.084798630000001,4.65,1,control_period,4.65,50.00000000000071,
6.085133167,4.65,2,controller_to_actual_cmd,,0.118394,
6.085384129,4.65,2,control_period,4.65,50.00000000000071,
6.085682896000001,4.65,3,control_period,4.65,50.00000000000071,
6.088301058000001,4.655,2,camera_to_measurement,4.625,16.122491,True
6.088443902000001,4.655,2,detector_inference,,10.488109588623047,
6.088576448,4.655,3,controller_to_actual_cmd,,3.031122,
6.089350936000001,4.655,1,camera_to_measurement,4.625,21.946841,True
6.0894780410000005,4.655,1,detector_inference,,17.9888916015625,
6.100074302,4.665,3,detector_inference,,16.86313247680664,
6.100945006000001,4.67,3,camera_to_measurement,4.625,20.383163,True
6.133097672000001,4.7,1,measurement_to_controller_cmd,,43.746736,True
6.1337614,4.7,1,controller_to_actual_cmd,,0.663728,
6.13393103,4.7,1,control_period,4.7,49.99999999999982,
6.134005152,4.7,2,measurement_to_controller_cmd,,45.704094,True
6.134080664000001,4.7,2,control_period,4.7,49.99999999999982,
6.1341429320000005,4.7,3,measurement_to_controller_cmd,,33.197925999999995,True
6.134196252000001,4.7,3,control_period,4.7,49.99999999999982,
6.134606751000001,4.7,3,controller_to_actual_cmd,,0.463819,
6.138962651000001,4.705,2,controller_to_actual_cmd,,4.957498999999999,
6.148728405,4.715,2,detector_inference,,9.70773696899414,
6.14948751,4.715,2,camera_to_measurement,4.69,11.186990999999999,True
6.150196058000001,4.715,3,camera_to_measurement,4.69,9.121253,True
6.150330409,4.715,3,detector_inference,,6.998658180236816,
6.1818774990000005,4.75,2,measurement_to_controller_cmd,,32.389989,True
6.182022679,4.75,2,control_period,4.75,49.99999999999982,
6.182111502000001,4.75,3,measurement_to_controller_cmd,,31.915443999999997,True
6.182721328,4.75,2,controller_to_actual_cmd,,0.8438289999999999,
6.18280894,4.75,3,controller_to_actual_cmd,,0.697438,
6.182909546,4.75,3,control_period,4.75,49.99999999999982,
6.183529998,4.75,1,controller_to_actual_cmd,,0.073779,
6.183637898000001,4.75,1,control_period,4.75,49.99999999999982,
6.207085298,4.775,1,camera_to_measurement,4.755,12.507344999999999,True
6.207157697,4.775,1,detector_inference,,10.740962028503418,
6.2097452980000005,4.775,2,detector_inference,,8.761833190917969,
6.210150969000001,4.775,2,camera_to_measurement,4.755,10.998261999999999,True
6.232048424,4.800000000000001,1,measurement_to_controller_cmd,,24.963126,True
6.23212244,4.800000000000001,1,control_period,4.8,49.99999999999982,
6.232157657,4.800000000000001,2,measurement_to_controller_cmd,,22.006688,True
6.232189388,4.800000000000001,2,controller_to_actual_cmd,,0.031730999999999995,
6.232237533,4.800000000000001,2,control_period,4.8,49.99999999999982,
6.23254676,4.800000000000001,1,controller_to_actual_cmd,,0.498336,
6.232588275,4.800000000000001,3,controller_to_actual_cmd,,0.320554,
6.232631656000001,4.800000000000001,3,control_period,4.8,49.99999999999982,
6.2730695370000005,4.84,1,detector_inference,,10.288113594055176,
6.273603858,4.84,1,camera_to_measurement,4.82,11.861951999999999,True
6.273914647000001,4.84,2,camera_to_measurement,4.82,8.276862999999999,True
6.273957328000001,4.84,2,detector_inference,,7.019745826721191,
6.282053176000001,4.8500000000000005,3,control_period,4.85,49.99999999999982,
6.282701624,4.8500000000000005,1,measurement_to_controller_cmd,,9.097766,True
6.282835801,4.8500000000000005,1,control_period,4.85,49.99999999999982,
6.282908555000001,4.8500000000000005,2,measurement_to_controller_cmd,,8.993908,True
6.282971764,4.8500000000000005,2,controller_to_actual_cmd,,0.063209,
6.283026255,4.8500000000000005,2,control_period,4.85,49.99999999999982,
6.2830654290000005,4.8500000000000005,3,controller_to_actual_cmd,,1.12156,
6.2834960650000005,4.8500000000000005,1,controller_to_actual_cmd,,0.794441,
6.287210186,4.855,3,detector_inference,,13.906135559082031,
6.287691097000001,4.855,3,camera_to_measurement,4.82,16.086066,True
6.333321293,4.9,1,control_period,4.9,50.00000000000071,
6.333470603,4.9,3,measurement_to_controller_cmd,,45.779506,True
6.333599372,4.9,3,controller_to_actual_cmd,,0.128769,
6.333744321,4.9,3,control_period,4.9,50.00000000000071,
6.334575405000001,4.9,1,controller_to_actual_cmd,,1.437849,
6.334750452000001,4.9,2,controller_to_actual_cmd,,0.07011099999999999,
6.334877695,4.9,2,control_period,4.9,50.00000000000071,
6.336313245,4.905,1,detector_inference,,8.774758338928223,
6.3825900440000005,4.95,1,measurement_to_controller_cmd,,46.374175,True
6.38269787,4.95,1,controller_to_actual_cmd,,0.10782599999999999,
6.382808682,4.95,1,control_period,4.95,49.99999999999982,
6.382943325,4.95,2,controller_to_actual_cmd,,0.055346,
6.383025231,4.95,2,control_period,4.95,49.99999999999982,
6.383101474,4.95,3,control_period,4.95,49.99999999999982,
6.3834656270000005,4.95,3,controller_to_actual_cmd,,1.4268159999999999,
6.412320817,4.98,2,detector_inference,,13.275464057922363,
6.412830122000001,4.98,2,camera_to_measurement,4.955,16.173545,True
6.413859508000001,4.98,3,camera_to_measurement,4.955,13.335666,True
6.413965013,4.98,3,detector_inference,,10.430990219116211,
6.414690058000001,4.98,1,detector_inference,,18.967119216918945,
6.41505155,4.98,1,camera_to_measurement,4.955,20.856344,True
6.432193486,5.0,3,measurement_to_controller_cmd,,18.333978,True
6.432254103,5.0,3,controller_to_actual_cmd,,0.060617,
6.4323107870000005,5.0,3,control_period,5.0,49.99999999999982,
6.432605270000001,5.0,1,measurement_to_controller_cmd,,17.55372,True
6.432647266,5.0,1,controller_to_actual_cmd,,0.041996,
6.432698177000001,5.0,1,control_period,5.0,49.99999999999982,
6.432732544,5.0,2,measurement_to_controller_cmd,,19.902421999999998,True
6.43276861,5.0,2,control_period,5.0,49.99999999999982,
6.433056287,5.0,2,controller_to_actual_cmd,,0.323743,
6.477366078,5.045,3,camera_to_measurement,5.02,7.297936,True
6.477448822,5.045,3,detector_inference,,6.190851211547852,
6.482897143000001,5.050000000000001,2,control_period,5.05,49.99999999999982,
6.4830571070000005,5.050000000000001,3,measurement_to_controller_cmd,,5.6910289999999994,True
6.483196762,5.050000000000001,3,control_period,5.05,49.99999999999982,
6.484113583,5.050000000000001,2,controller_to_actual_cmd,,1.4214609999999999,
6.4842611660000005,5.050000000000001,3,controller_to_actual_cmd,,1.204059,
6.485038043,5.050000000000001,1,controller_to_actual_cmd,,0.106987,
6.485267999,5.050000000000001,1,control_period,5.05,49.99999999999982,
6.533167741000001,5.1000000000000005,1,controller_to_actual_cmd,,0.043266,
6.533300491,5.1000000000000005,1,control_period,5.1,49.99999999999982,
6.533420532,5.1000000000000005,3,controller_to_actual_cmd,,0.030640999999999998,
6.533468412,5.1000000000000005,3,control_period,5.1,49.99999999999982,
6.534069679000001,5.1000000000000005,2,controller_to_actual_cmd,,0.7153109999999999,
6.534136072000001,5.1000000000000005,2,control_period,5.1,49.99999999999982,
6.539983675,5.105,1,detector_inference,,12.24085807800293,
6.540617377,5.105,1,camera_to_measurement,5.085,14.006573,True
6.540718683000001,5.105,2,camera_to_measurement,5.085,8.955582999999999,True
6.540776945,5.105,2,detector_inference,,7.152946949005127,
6.581914538,5.15,1,measurement_to_controller_cmd,,41.297160999999996,True
6.582015789000001,5.15,2,measurement_to_controller_cmd,,41.297106,True
6.582125272000001,5.15,2,control_period,5.15,50.00000000000071,
6.582198562,5.15,3,controller_to_actual_cmd,,0.821484,
6.582295513,5.15,3,control_period,5.15,50.00000000000071,
6.582725561,5.15,1,controller_to_actual_cmd,,0.8110229999999999,
6.582777451,5.15,1,control_period,5.15,50.00000000000071,
6.582812265,5.15,2,controller_to_actual_cmd,,0.796476,
6.604317266000001,5.17,1,detector_inference,,14.472957611083984,
6.604744496,5.17,1,camera_to_measurement,5.15,16.259052999999998,True
6.606300023,5.175000000000001,3,detector_inference,,9.672365188598633,
6.607219319,5.175000000000001,3,camera_to_measurement,5.15,12.117204,True
6.607603891,5.175000000000001,2,detector_inference,,13.337235450744629,
6.607940407,5.175000000000001,2,camera_to_measurement,5.15,15.490919,True
6.632339933000001,5.2,3,measurement_to_controller_cmd,,25.120614,True
6.632410168000001,5.2,3,control_period,5.2,49.99999999999982,
6.6328118400000005,5.2,1,measurement_to_controller_cmd,,28.067344,True
6.632853474,5.2,1,controller_to_actual_cmd,,0.041634,
6.632902140000001,5.2,1,control_period,5.2,49.99999999999982,
6.632948547000001,5.2,3,controller_to_actual_cmd,,0.608614,
6.6332367350000006,5.2,2,measurement_to_controller_cmd,,25.296328,True
6.633299126000001,5.2,2,control_period,5.2,49.99999999999982,
6.633565399,5.2,2,controller_to_actual_cmd,,0.328664,
6.675405866,5.24,2,detector_inference,,11.263768196105957,
6.675523554000001,5.24,3,detector_inference,,8.39920711517334,
6.676165916,5.24,2,camera_to_measurement,5.215,13.875858,True
6.676302436,5.24,3,camera_to_measurement,5.215,10.058931,True
6.682511134,5.25,1,control_period,5.25,49.99999999999982,
6.682645290000001,5.25,3,measurement_to_controller_cmd,,6.342854,True
6.682777595,5.25,3,control_period,5.25,49.99999999999982,
6.683585912000001,5.25,1,controller_to_actual_cmd,,1.219419,
6.683694180000001,5.25,2,measurement_to_controller_cmd,,7.528264,True
6.683793669000001,5.25,2,controller_to_actual_cmd,,0.099489,
6.683917180000001,5.25,2,control_period,5.25,49.99999999999982,
6.684030384000001,5.25,3,controller_to_actual_cmd,,1.385094,
6.733585055000001,5.300000000000001,1,control_period,5.3,49.99999999999982,
6.736248355000001,5.300000000000001,2,control_period,5.3,49.99999999999982,
6.736487321,5.300000000000001,3,control_period,5.3,49.99999999999982,
6.737301877,5.305000000000001,1,detector_inference,,8.370647430419922,
6.737406913,5.305000000000001,1,controller_to_actual_cmd,,3.98487,
6.737492504,5.305000000000001,2,controller_to_actual_cmd,,1.403028,
6.737571340000001,5.305000000000001,3,controller_to_actual_cmd,,1.1871289999999999,
6.738104948,5.305000000000001,1,camera_to_measurement,5.285,11.11556,True
6.782174096,5.3500000000000005,1,measurement_to_controller_cmd,,44.069148,True
6.782305558,5.3500000000000005,1,control_period,5.35,49.99999999999982,
6.782378120000001,5.3500000000000005,2,control_period,5.35,49.99999999999982,
6.782434651,5.3500000000000005,3,control_period,5.35,49.99999999999982,
6.782769,5.3500000000000005,1,controller_to_actual_cmd,,0.594904,
6.782808912,5.3500000000000005,2,controller_to_actual_cmd,,0.462238,
6.782838118000001,5.3500000000000005,3,controller_to_actual_cmd,,0.429785,
6.809069394000001,5.375,2,detector_inference,,11.9470796585083,
6.8098306310000005,5.375,2,camera_to_measurement,5.35,15.095381999999999,True
6.810459837000001,5.375,3,camera_to_measurement,5.35,10.917997,True
6.810572012000001,5.375,3,detector_inference,,9.335268020629883,
6.8320307300000005,5.4,1,controller_to_actual_cmd,,0.059017999999999994,
6.8321384730000005,5.4,1,control_period,5.4,50.00000000000071,
6.832231558,5.4,3,measurement_to_controller_cmd,,21.771721,True
6.832306143,5.4,3,controller_to_actual_cmd,,0.074585,
6.83238886,5.4,3,control_period,5.4,50.00000000000071,
6.832874993000001,5.4,2,measurement_to_controller_cmd,,23.044362,True
6.832948582,5.4,2,controller_to_actual_cmd,,0.073589,
6.833031567000001,5.4,2,control_period,5.4,50.00000000000071,
6.865016850000001,5.430000000000001,1,detector_inference,,7.17214298248291,
6.878746572000001,5.445,2,camera_to_measurement,5.415,15.311437,True
6.8788287630000005,5.445,2,detector_inference,,13.871438980102539,
6.879246660000001,5.445,3,detector_inference,,9.344158172607422,
6.883476997000001,5.45,2,measurement_to_controller_cmd,,4.730424999999999,True
6.883616381,5.45,2,controller_to_actual_cmd,,0.13938399999999998,
6.883847402000001,5.45,2,control_period,5.45,49.99999999999982,
6.884000402000001,5.45,3,measurement_to_controller_cmd,,4.804628999999999,True
6.884146766000001,5.45,3,control_period,5.45,49.99999999999982,
6.884885147,5.45,1,measurement_to_controller_cmd,,19.023436999999998,True
6.884999422000001,5.45,1,controller_to_actual_cmd,,0.114275,
6.885134199,5.45,1,control_period,5.45,49.99999999999982,
6.885265619,5.45,3,controller_to_actual_cmd,,1.265217,
6.932565902,5.5,1,controller_to_actual_cmd,,0.100963,
6.932753133,5.5,1,control_period,5.5,49.99999999999982,
6.932991024000001,5.5,2,control_period,5.5,49.99999999999982,
6.933775466,5.5,1,camera_to_measurement,5.48,11.357165,True
6.933888842,5.5,1,detector_inference,,9.94064998626709,
6.934003676000001,5.5,2,controller_to_actual_cmd,,1.125316,
6.934173701000001,5.5,3,controller_to_actual_cmd,,0.07169099999999999,
6.934323608000001,5.5,3,control_period,5.5,49.99999999999982,
6.947183586,5.515000000000001,3,camera_to_measurement,5.48,10.865748,True
6.9472799610000004,5.515000000000001,3,detector_inference,,8.545774459838867,
6.947889045,5.515000000000001,2,detector_inference,,15.100333213806152,
6.948234036000001,5.515000000000001,2,camera_to_measurement,5.48,18.20823,True
6.9829411850000005,5.550000000000001,1,measurement_to_controller_cmd,,49.165718999999996,True
6.982999680000001,5.550000000000001,1,controller_to_actual_cmd,,0.058495,
6.983057088000001,5.550000000000001,1,control_period,5.55,49.99999999999982,
6.983091049,5.550000000000001,2,measurement_to_controller_cmd,,34.857012999999995,True
6.983120295000001,5.550000000000001,2,controller_to_actual_cmd,,0.029245999999999998,
6.983155458000001,5.550000000000001,2,control_period,5.55,49.99999999999982,
6.98318582,5.550000000000001,3,measurement_to_controller_cmd,,36.002234,True
6.983230908,5.550000000000001,3,controller_to_actual_cmd,,0.045087999999999996,
6.983292345000001,5.550000000000001,3,control_period,5.55,49.99999999999982,
6.997946010000001,5.565,3,detector_inference,,6.144275188446045,
6.9983390110000006,5.565,3,camera_to_measurement,5.545,8.139173,True
7.031976307000001,5.6000000000000005,1,control_period,5.6,49.99999999999982,
7.032091667,5.6000000000000005,3,measurement_to_controller_cmd,,33.752656,True
7.0321564930000005,5.6000000000000005,3,control_period,5.6,49.99999999999982,
7.032696949000001,5.6000000000000005,1,controller_to_actual_cmd,,0.7949299999999999,
7.032792487,5.6000000000000005,2,controller_to_actual_cmd,,0.744938,
7.032926688000001,5.6000000000000005,2,control_period,5.6,49.99999999999982,
7.032994598,5.6000000000000005,3,controller_to_actual_cmd,,0.9029309999999999,
7.073954745000001,5.640000000000001,1,camera_to_measurement,5.615,13.305518,True
7.074047688,5.640000000000001,1,detector_inference,,10.32518196105957,
7.082342362,5.65,1,measurement_to_controller_cmd,,8.387616999999999,True
7.082565882000001,5.65,2,control_period,5.65,50.00000000000071,
7.082700496,5.65,3,control_period,5.65,50.00000000000071,
7.083440304000001,5.65,1,controller_to_actual_cmd,,1.097942,
7.083548372,5.65,1,control_period,5.65,50.00000000000071,
7.083618158,5.65,2,camera_to_measurement,5.615,18.674094999999998,True
7.083683348,5.65,2,detector_inference,,15.353653907775879,
7.083747522,5.65,2,controller_to_actual_cmd,,1.289509,
7.0838110190000005,5.65,3,controller_to_actual_cmd,,1.166436,
7.085045474,5.65,3,camera_to_measurement,5.615,11.964193999999999,True
7.085188427,5.65,3,detector_inference,,10.629274368286133,
7.1329702720000006,5.7,1,control_period,5.7,49.99999999999982,
7.133080342,5.7,2,measurement_to_controller_cmd,,49.462184,True
7.133183154,5.7,2,controller_to_actual_cmd,,0.102812,
7.1333222020000004,5.7,2,control_period,5.7,49.99999999999982,
7.133420996000001,5.7,3,measurement_to_controller_cmd,,48.375522,True
7.133524133000001,5.7,3,control_period,5.7,49.99999999999982,
7.1341255320000005,5.7,1,camera_to_measurement,5.68,13.069930999999999,True
7.134274384,5.7,1,detector_inference,,10.738614082336426,
7.134345036,5.7,1,controller_to_actual_cmd,,1.4877749999999998,
7.134392180000001,5.7,3,controller_to_actual_cmd,,0.9711839999999999,
7.14004859,5.705,3,detector_inference,,6.368436813354492,
7.182240071000001,5.75,1,measurement_to_controller_cmd,,48.114539,True
7.182367333,5.75,1,control_period,5.75,49.99999999999982,
7.182762776000001,5.75,2,control_period,5.75,49.99999999999982,
7.183914919,5.75,3,measurement_to_controller_cmd,,43.196414,True
7.18401636,5.75,3,controller_to_actual_cmd,,0.10144099999999999,
7.184112925000001,5.75,3,control_period,5.75,49.99999999999982,
7.184725735000001,5.75,1,controller_to_actual_cmd,,2.485664,
7.184804102,5.75,2,controller_to_actual_cmd,,2.368588,
7.19856708,5.765000000000001,1,detector_inference,,10.18094539642334,
7.209618994,5.775,3,detector_inference,,9.03315544128418,
7.210373661,5.775,2,camera_to_measurement,5.745,18.611938,True
7.210509309000001,5.775,2,detector_inference,,16.79808807373047,
7.210616117000001,5.775,3,camera_to_measurement,5.745,13.357690999999999,True
7.231940583,5.800000000000001,2,measurement_to_controller_cmd,,21.566921999999998,True
7.232029639,5.800000000000001,2,control_period,5.8,49.99999999999982,
7.232068495,5.800000000000001,3,measurement_to_controller_cmd,,21.452378,True
7.232361375000001,5.800000000000001,1,measurement_to_controller_cmd,,33.849455999999996,True
7.232400631000001,5.800000000000001,1,controller_to_actual_cmd,,0.039256,
7.232444632000001,5.800000000000001,1,control_period,5.8,49.99999999999982,
7.2324741260000005,5.800000000000001,2,controller_to_actual_cmd,,0.533543,
7.232503298,5.800000000000001,3,controller_to_actual_cmd,,0.434803,
7.232534681000001,5.800000000000001,3,control_period,5.8,49.99999999999982,
7.2672861950000005,5.835,2,camera_to_measurement,5.8100000000000005,9.815836,True
7.267427867,5.835,2,detector_inference,,8.508328437805176,
7.272985588,5.840000000000001,1,detector_inference,,17.04840660095215,
7.273360238,5.840000000000001,1,camera_to_measurement,5.8100000000000005,20.100068,True
7.28290327,5.8500000000000005,2,measurement_to_controller_cmd,,15.617075,True
7.283007511,5.8500000000000005,2,control_period,5.85,49.99999999999982,
7.283125910000001,5.8500000000000005,3,control_period,5.85,49.99999999999982,
7.283663687000001,5.8500000000000005,1,measurement_to_controller_cmd,,10.303448999999999,True
7.283732406,5.8500000000000005,1,controller_to_actual_cmd,,0.068719,
7.283806058000001,5.8500000000000005,1,control_period,5.85,49.99999999999982,
7.2838559510000005,5.8500000000000005,2,controller_to_actual_cmd,,0.952681,
7.283901344,5.8500000000000005,3,controller_to_actual_cmd,,0.821773,
7.3347146940000005,5.9,1,detector_inference,,10.88598918914795,
7.334944930000001,5.9,2,controller_to_actual_cmd,,0.087631,
7.3350900480000005,5.9,2,control_period,5.9,50.00000000000071,
7.338296694,5.9,3,control_period,5.9,50.00000000000071,
7.338987187000001,5.905,1,measurement_to_controller_cmd,,0.043587,True
7.3390349950000004,5.905,1,controller_to_actual_cmd,,0.047807999999999996,
7.3390800700000005,5.905,1,control_period,5.9,50.00000000000071,
7.339138033,5.905,3,controller_to_actual_cmd,,0.952719,
7.345322559,5.91,2,detector_inference,,12.915553092956543,
7.387991003000001,5.955,1,control_period,5.95,49.99999999999982,
7.388070908,5.955,2,measurement_to_controller_cmd,,42.876092,True
7.388142926,5.955,2,controller_to_actual_cmd,,0.072018,
7.388214166,5.955,2,control_period,5.95,49.99999999999982,
7.3883224080000005,5.955,3,controller_to_actual_cmd,,0.044763,
7.388390142,5.955,3,control_period,5.95,49.99999999999982,
7.388967922000001,5.955,1,controller_to_actual_cmd,,1.159416,
7.399252361,5.965000000000001,1,detector_inference,,6.948225975036621,
7.409813904000001,5.9750000000000005,3,detector_inference,,9.283210754394531,
7.410607608,5.9750000000000005,3,camera_to_measurement,5.945,12.112262,True
7.432591136,6.0,1,measurement_to_controller_cmd,,33.408761999999996,True
7.432672978,6.0,1,control_period,6.0,49.99999999999982,
7.432723515,6.0,3,measurement_to_controller_cmd,,22.115907,True
7.432762349000001,6.0,3,controller_to_actual_cmd,,0.038834,
7.432815415,6.0,3,control_period,6.0,49.99999999999982,
7.433228957000001,6.0,1,controller_to_actual_cmd,,0.637821,
7.433324311000001,6.0,2,controller_to_actual_cmd,,0.036386,
7.433383324,6.0,2,control_period,6.0,49.99999999999982,
7.478872150000001,6.045000000000001,2,detector_inference,,12.12980842590332,
7.478985625000001,6.045000000000001,3,detector_inference,,8.691558837890625,
7.479750961000001,6.045000000000001,2,camera_to_measurement,6.01,13.967269,True
7.479888843,6.045000000000001,3,camera_to_measurement,6.01,10.06881,True
7.4824986110000005,6.050000000000001,2,measurement_to_controller_cmd,,2.7476499999999997,True
7.482622190000001,6.050000000000001,2,control_period,6.05,49.99999999999982,
7.482699781000001,6.050000000000001,3,measurement_to_controller_cmd,,2.8109379999999997,True
7.483380487000001,6.050000000000001,1,controller_to_actual_cmd,,0.952711,
7.483486217,6.050000000000001,1,control_period,6.05,49.99999999999982,
7.4835596540000004,6.050000000000001,2,controller_to_actual_cmd,,1.061043,
7.483627459,6.050000000000001,3,controller_to_actual_cmd,,0.927678,
7.483702412,6.050000000000001,3,control_period,6.05,49.99999999999982,
7.532591944000001,6.1000000000000005,1,control_period,6.1,49.99999999999982,
7.533257438000001,6.1000000000000005,1,controller_to_actual_cmd,,0.7882939999999999,
7.534095528000001,6.1000000000000005,2,controller_to_actual_cmd,,0.066038,
7.534225060000001,6.1000000000000005,2,control_period,6.1,49.99999999999982,
7.534324860000001,6.1000000000000005,3,controller_to_actual_cmd,,0.9665239999999999,
7.534412123,6.1000000000000005,3,control_period,6.1,49.99999999999982,
7.534985450000001,6.1000000000000005,1,detector_inference,,17.10972785949707,
7.535634024,6.1000000000000005,1,camera_to_measurement,6.075,18.917185,True
7.538435590000001,6.105,2,camera_to_measurement,6.075,16.760627,True
7.538588454,6.105,2,detector_inference,,15.59986400604248,
7.584385958,6.15,2,measurement_to_controller_cmd,,45.950368,True
7.5844391600000005,6.15,2,controller_to_actual_cmd,,0.053202,
7.584497675000001,6.15,2,control_period,6.15,50.00000000000071,
7.584563701,6.15,3,controller_to_actual_cmd,,0.027975,
7.584603181,6.15,3,control_period,6.15,50.00000000000071,
7.586660535,6.155,1,measurement_to_controller_cmd,,51.026511,True
7.586769188000001,6.155,1,control_period,6.155,55.000000000000604,
7.587215014000001,6.155,1,controller_to_actual_cmd,,0.5544789999999999,
7.592537293,6.16,1,camera_to_measurement,6.14,9.542875,True
7.592604745,6.16,1,detector_inference,,9.079353332519531,
7.632228693,6.2,1,measurement_to_controller_cmd,,39.6914,True
7.632409279000001,6.2,2,controller_to_actual_cmd,,0.06482,
7.632517326,6.2,2,control_period,6.2,49.99999999999982,
7.632670863,6.2,3,control_period,6.2,49.99999999999982,
7.633108331000001,6.2,1,controller_to_actual_cmd,,0.8796379999999999,
7.633188173000001,6.2,1,control_period,6.2,44.99999999999993,
7.633270145000001,6.2,3,controller_to_actual_cmd,,0.6676329999999999,
7.6619001440000005,6.23,1,camera_to_measurement,6.205,16.313931999999998,True
7.661976353000001,6.23,1,detector_inference,,11.544116973876953,
7.670773145,6.235,3,detector_inference,,7.601200103759766,
7.6720454060000005,6.24,3,camera_to_measurement,6.205,11.402688,True
7.682010701,6.25,1,measurement_to_controller_cmd,,20.110557,True
7.68209794,6.25,1,control_period,6.25,49.99999999999982,
7.68217975,6.25,2,control_period,6.25,49.99999999999982,
7.682239279000001,6.25,3,measurement_to_controller_cmd,,10.193873,True
7.682290109,6.25,3,control_period,6.25,49.99999999999982,
7.682721269000001,6.25,1,controller_to_actual_cmd,,0.710568,
7.682775769000001,6.25,2,controller_to_actual_cmd,,0.634606,
7.682837169000001,6.25,3,controller_to_actual_cmd,,0.5978899999999999,
7.7328017120000005,6.300000000000001,1,control_period,6.3,49.99999999999982,
7.732958455,6.300000000000001,3,control_period,6.3,49.99999999999982,
7.733415199,6.300000000000001,1,controller_to_actual_cmd,,0.6834709999999999,
7.73347576,6.300000000000001,2,controller_to_actual_cmd,,0.5959139999999999,
7.733537497,6.300000000000001,2,control_period,6.3,49.99999999999982,
7.734822069000001,6.300000000000001,3,controller_to_actual_cmd,,1.9052799999999999,
7.7374801060000005,6.305000000000001,3,detector_inference,,9.721098899841309,
7.738312317,6.305000000000001,3,camera_to_measurement,6.275,11.861085,True
7.740585200000001,6.305000000000001,2,detector_inference,,16.933244705200195,
7.741345549,6.305000000000001,2,camera_to_measurement,6.275,20.826173999999998,True
7.782565819,6.3500000000000005,1,controller_to_actual_cmd,,0.052275999999999996,
7.782702573000001,6.3500000000000005,1,control_period,6.35,49.99999999999982,
7.782750217,6.3500000000000005,2,measurement_to_controller_cmd,,41.404668,True
7.782793450000001,6.3500000000000005,2,control_period,6.35,49.99999999999982,
7.782829906000001,6.3500000000000005,3,measurement_to_controller_cmd,,44.517589,True
7.782867866,6.3500000000000005,3,control_period,6.35,49.99999999999982,
7.784838938,6.3500000000000005,3,controller_to_actual_cmd,,2.009032,
7.785243604000001,6.3500000000000005,2,controller_to_actual_cmd,,2.493387,
7.789680838000001,6.355,1,detector_inference,,9.183469772338867,
7.789998054000001,6.355,1,camera_to_measurement,6.34,10.766388,True
7.799246761000001,6.365,2,detector_inference,,12.466531753540039,
7.799660912,6.365,2,camera_to_measurement,6.34,15.091071,True
7.801128538,6.37,3,camera_to_measurement,6.34,12.183942,True
7.801286329000001,6.37,3,detector_inference,,10.067590713500977,
7.831494524000001,6.4,3,measurement_to_controller_cmd,,30.365986,True
7.832004617000001,6.4,1,measurement_to_controller_cmd,,42.006563,True
7.8320837480000005,6.4,2,measurement_to_controller_cmd,,32.422836,True
7.832158931,6.4,2,controller_to_actual_cmd,,0.075183,
7.832269658,6.4,2,control_period,6.4,50.00000000000071,
7.832336906,6.4,3,controller_to_actual_cmd,,0.842382,
7.832404364,6.4,3,control_period,6.4,50.00000000000071,
7.832815174,6.4,1,controller_to_actual_cmd,,0.810557,
7.832888918,6.4,1,control_period,6.4,50.00000000000071,
7.867992809,6.4350000000000005,3,detector_inference,,9.32769775390625,
7.868660287000001,6.4350000000000005,3,camera_to_measurement,6.405,11.146718,True
7.882567344000001,6.45,2,control_period,6.45,49.99999999999982,
7.883517297000001,6.45,1,controller_to_actual_cmd,,0.091664,
7.883675719,6.45,1,control_period,6.45,49.99999999999982,
7.883791384,6.45,2,controller_to_actual_cmd,,1.374463,
7.8838975630000006,6.45,3,measurement_to_controller_cmd,,15.237276,True
7.8840071300000005,6.45,3,control_period,6.45,49.99999999999982,
7.884700557,6.45,3,controller_to_actual_cmd,,0.802994,
7.926608349,6.495,1,detector_inference,,13.36658000946045,
7.927289601000001,6.495,1,camera_to_measurement,6.47,16.031014,True
7.931134275000001,6.5,3,detector_inference,,6.781177997589111,
7.931843474000001,6.5,3,camera_to_measurement,6.47,10.069917,True
7.932304387,6.5,1,measurement_to_controller_cmd,,5.014786,True
7.932369786000001,6.5,1,controller_to_actual_cmd,,0.065399,
7.9324466870000006,6.5,1,control_period,6.5,49.99999999999982,
7.932495465000001,6.5,3,measurement_to_controller_cmd,,0.651991,True
7.93253595,6.5,3,control_period,6.5,49.99999999999982,
7.932874501000001,6.5,2,controller_to_actual_cmd,,0.030011,
7.9329188870000005,6.5,2,control_period,6.5,49.99999999999982,
7.932950888000001,6.5,3,controller_to_actual_cmd,,0.45542299999999997,
7.983458646000001,6.550000000000001,3,control_period,6.55,49.99999999999982,
7.984312425000001,6.550000000000001,1,control_period,6.55,49.99999999999982,
7.984504731,6.550000000000001,2,controller_to_actual_cmd,,0.07492399999999999,
7.9846291350000005,6.550000000000001,2,control_period,6.55,49.99999999999982,
7.98474969,6.550000000000001,3,controller_to_actual_cmd,,1.436976,
7.985393129,6.550000000000001,1,controller_to_actual_cmd,,1.237835,
7.987646036,6.555000000000001,1,camera_to_measurement,6.535,11.889647,True
7.987780071,6.555000000000001,1,detector_inference,,10.49870491027832,
7.990254806,6.555000000000001,2,camera_to_measurement,6.535,8.811653,True
7.990324151,6.555000000000001,2,detector_inference,,7.878480911254883,
7.994958931,6.5600000000000005,3,camera_to_measurement,6.535,5.432398,True
7.995076125000001,6.5600000000000005,3,detector_inference,,5.8713459968566895,
8.031662201,6.6000000000000005,1,measurement_to_controller_cmd,,44.016165,True
8.031734736,6.6000000000000005,1,control_period,6.6,49.99999999999982,
8.031771202,6.6000000000000005,2,measurement_to_controller_cmd,,41.516396,True
8.031807834,6.6000000000000005,2,control_period,6.6,49.99999999999982,
8.031835329,6.6000000000000005,3,measurement_to_controller_cmd,,36.876398,True
8.031873948000001,6.6000000000000005,3,control_period,6.6,49.99999999999982,
8.032117732,6.6000000000000005,1,controller_to_actual_cmd,,0.45553099999999996,
8.032151636,6.6000000000000005,2,controller_to_actual_cmd,,0.380434,
8.032180382,6.6000000000000005,3,controller_to_actual_cmd,,0.345053,
8.05480357,6.62,1,detector_inference,,9.38834285736084,
8.055706356,6.62,1,camera_to_measurement,6.605,10.921932,True
8.063961549,6.630000000000001,3,detector_inference,,9.126445770263672,
8.082681881000001,6.65,3,measurement_to_controller_cmd,,17.79702,True
8.083468784,6.65,1,measurement_to_controller_cmd,,27.762428,True
8.083656926,6.65,1,control_period,6.65,50.00000000000071,
8.083912773,6.65,2,controller_to_actual_cmd,,0.108481,
8.084079486,6.65,2,control_period,6.65,50.00000000000071,
8.084198411000001,6.65,3,controller_to_actual_cmd,,1.51653,
8.084412798,6.65,3,control_period,6.65,50.00000000000071,
8.085007208,6.65,1,controller_to_actual_cmd,,1.538424,
8.130769022,6.695,1,camera_to_measurement,6.67,18.79936,True
8.130916824,6.695,1,detector_inference,,15.969663619995117,
8.132464009000001,6.7,1,measurement_to_controller_cmd,,1.694987,True
8.132601058,6.7,1,control_period,6.7,49.99999999999982,
8.133364382,6.7,1,controller_to_actual_cmd,,0.900373,
8.133468893,6.7,2,camera_to_measurement,6.67,16.760367,True
8.13354998,6.7,2,detector_inference,,13.579817771911621,
8.133633459,6.7,2,measurement_to_controller_cmd,,0.164566,True
8.133709738,6.7,2,controller_to_actual_cmd,,0.076279,
8.133796827000001,6.7,2,control_period,6.7,49.99999999999982,
8.133877661,6.7,3,controller_to_actual_cmd,,1.1695309999999999,
8.133963578000001,6.7,3,control_period,6.7,49.99999999999982,
8.18345856,6.75,1,control_period,6.75,49.99999999999982,
8.183585815,6.75,2,control_period,6.75,49.99999999999982,
8.183919107000001,6.75,1,controller_to_actual_cmd,,0.537608,
8.183985317000001,6.75,2,controller_to_actual_cmd,,0.457325,
8.184360647,6.75,3,control_period,6.75,49.99999999999982,
8.185118826,6.75,3,controller_to_actual_cmd,,0.8085899999999999,
8.194239213000001,6.760000000000001,3,detector_inference,,7.13723611831665,
8.231612017,6.800000000000001,3,measurement_to_controller_cmd,,36.580745,True
8.231849575,6.800000000000001,2,controller_to_actual_cmd,,0.265747,
8.231907052,6.800000000000001,2,control_period,6.8,49.99999999999982,
8.231949089,6.800000000000001,3,controller_to_actual_cmd,,0.337072,
8.231986136,6.800000000000001,3,control_period,6.8,49.99999999999982,
8.232394835000001,6.800000000000001,1,controller_to_actual_cmd,,0.08017099999999999,
8.232512691,6.800000000000001,1,control_period,6.8,49.99999999999982,
8.25768435,6.825,1,camera_to_measurement,6.8,17.00977,True
8.257794069000001,6.825,1,detector_inference,,14.058412551879883,
8.270140846,6.835000000000001,3,detector_inference,,13.4941987991333,
8.270781245,6.835000000000001,3,camera_to_measurement,6.8,16.23112,True
8.282333066,6.8500000000000005,1,measurement_to_controller_cmd,,24.648716,True
8.282475632,6.8500000000000005,1,control_period,6.85,49.99999999999982,
8.282623441,6.8500000000000005,2,control_period,6.85,49.99999999999982,
8.28269729,6.8500000000000005,3,measurement_to_controller_cmd,,11.916044999999999,True
8.283513604000001,6.8500000000000005,1,controller_to_actual_cmd,,1.1805379999999999,
8.283685866,6.8500000000000005,2,controller_to_actual_cmd,,1.129637,
8.283811691,6.8500000000000005,3,controller_to_actual_cmd,,1.114401,
8.283976487,6.8500000000000005,3,control_period,6.85,49.99999999999982,
8.315682429,6.880000000000001,2,detector_inference,,7.1483049392700195,
8.316668243,6.885000000000001,2,camera_to_measurement,6.865,8.252556,True
8.323547718,6.890000000000001,3,detector_inference,,10.828248977661133,
8.323989159,6.890000000000001,3,camera_to_measurement,6.865,12.990404,True
8.33292043,6.9,1,control_period,6.9,50.00000000000071,
8.333052067,6.9,2,measurement_to_controller_cmd,,16.383824,True
8.333176804,6.9,2,control_period,6.9,50.00000000000071,
8.333301383,6.9,3,measurement_to_controller_cmd,,9.312223999999999,True
8.333409765,6.9,3,control_period,6.9,50.00000000000071,
8.334047003,6.9,1,controller_to_actual_cmd,,1.274794,
8.334145253,6.9,2,controller_to_actual_cmd,,1.093186,
8.334244547,6.9,3,controller_to_actual_cmd,,0.943164,
8.383118755,6.95,1,controller_to_actual_cmd,,0.076331,
8.383282213000001,6.95,1,control_period,6.95,49.99999999999982,
8.383454392,6.95,2,controller_to_actual_cmd,,0.071638,
8.383557293,6.95,2,control_period,6.95,49.99999999999982,
8.383735042,6.95,3,control_period,6.95,49.99999999999982,
8.384997285,6.95,3,controller_to_actual_cmd,,1.3451629999999999,
8.390429029,6.955,1,detector_inference,,11.877538681030273,
8.391218623,6.960000000000001,1,camera_to_measurement,6.9350000000000005,13.26633,True
8.391334557,6.960000000000001,2,camera_to_measurement,6.9350000000000005,9.431654,True
8.391404908,6.960000000000001,2,detector_inference,,7.7417168617248535,
8.402260549000001,6.970000000000001,3,detector_inference,,7.870099067687988,
8.402688256000001,6.970000000000001,3,camera_to_measurement,6.9350000000000005,9.394803,True
8.431922104,7.0,2,measurement_to_controller_cmd,,40.587547,True
8.432218752,7.0,1,measurement_to_controller_cmd,,41.000129,True
8.432258468,7.0,1,controller_to_actual_cmd,,0.039716,
8.432315673,7.0,1,control_period,7.0,49.99999999999982,
8.432347847,7.0,2,controller_to_actual_cmd,,0.425743,
8.432379260000001,7.0,2,control_period,7.0,49.99999999999982,
8.432408045,7.0,3,measurement_to_controller_cmd,,29.719789,True
8.432639359000001,7.0,3,controller_to_actual_cmd,,0.231314,
8.432677928,7.0,3,control_period,7.0,49.99999999999982,
8.462195272,7.03,1,detector_inference,,17.46064567565918,
8.46259,7.03,1,camera_to_measurement,7.0,19.436847999999998,True
8.46416978,7.03,2,detector_inference,,11.431985855102539,
8.482190076,7.050000000000001,2,measurement_to_controller_cmd,,17.633299,True
8.482299168,7.050000000000001,2,control_period,7.05,49.99999999999982,
8.482435946,7.050000000000001,3,control_period,7.05,49.99999999999982,
8.483196340000001,7.050000000000001,1,measurement_to_controller_cmd,,20.60634,True
8.483382395000001,7.050000000000001,3,controller_to_actual_cmd,,1.0136969999999998,
8.484189679,7.050000000000001,1,controller_to_actual_cmd,,0.993339,
8.484404994,7.050000000000001,1,control_period,7.05,49.99999999999982,
8.484522115,7.050000000000001,2,controller_to_actual_cmd,,2.332039,
8.529638496,7.095000000000001,1,detector_inference,,16.26845359802246,
8.532542396,7.095000000000001,1,camera_to_measurement,7.065,21.388275999999998,True
8.533791113000001,7.1000000000000005,2,detector_inference,,11.338979721069336,
8.534064479000001,7.1000000000000005,3,control_period,7.1,49.99999999999982,
8.534940576,7.1000000000000005,1,measurement_to_controller_cmd,,2.39818,True
8.535019522,7.1000000000000005,1,control_period,7.1,49.99999999999982,
8.535087159,7.1000000000000005,2,measurement_to_controller_cmd,,1.393899,True
8.535150007,7.1000000000000005,3,controller_to_actual_cmd,,1.229813,
8.535923010000001,7.1000000000000005,1,controller_to_actual_cmd,,0.9824339999999999,
8.536102059000001,7.1000000000000005,2,control_period,7.1,49.99999999999982,
8.537588408000001,7.105,2,controller_to_actual_cmd,,2.501249,
8.539876275000001,7.105,3,detector_inference,,9.40986156463623,
8.584844281,7.15,2,controller_to_actual_cmd,,0.08555499999999999,
8.585002915,7.15,2,control_period,7.15,50.00000000000071,
8.585093406,7.15,3,measurement_to_controller_cmd,,44.40819,True
8.585171094,7.15,3,controller_to_actual_cmd,,0.077688,
8.585276546000001,7.15,3,control_period,7.15,50.00000000000071,
8.586231993,7.155,1,controller_to_actual_cmd,,0.078693,
8.586351976000001,7.155,1,control_period,7.15,50.00000000000071,
8.594137348,7.16,1,camera_to_measurement,7.13,17.233393,True
8.594218109,7.16,1,detector_inference,,14.479820251464844,
8.601509913000001,7.170000000000001,2,detector_inference,,16.24951934814453,
8.601904073,7.170000000000001,2,camera_to_measurement,7.13,18.755778,True
8.607596338,7.175000000000001,3,camera_to_measurement,7.13,14.07202,True
8.607729603000001,7.175000000000001,3,detector_inference,,9.878207206726074,
8.632806172,7.2,1,measurement_to_controller_cmd,,38.668824,True
8.632889918,7.2,1,controller_to_actual_cmd,,0.083746,
8.633123196,7.2,1,control_period,7.2,49.99999999999982,
8.633245907000001,7.2,2,measurement_to_controller_cmd,,31.341834,True
8.633343708,7.2,2,controller_to_actual_cmd,,0.097801,
8.633456865000001,7.2,2,control_period,7.2,49.99999999999982,
8.633551314,7.2,3,measurement_to_controller_cmd,,25.954976,True
8.634104692000001,7.2,3,controller_to_actual_cmd,,0.5533779999999999,
8.634215194000001,7.2,3,control_period,7.2,49.99999999999982,
8.643762263000001,7.210000000000001,2,detector_inference,,6.304975986480713,
8.644532889,7.210000000000001,2,camera_to_measurement,7.195,8.210823999999999,True
8.682716779,7.250000000000001,2,measurement_to_controller_cmd,,38.18389,True
8.682945075000001,7.250000000000001,3,controller_to_actual_cmd,,0.08764999999999999,
8.683103075,7.250000000000001,3,control_period,7.25,49.99999999999982,
8.683782751,7.250000000000001,1,controller_to_actual_cmd,,1.170497,
8.683922447,7.250000000000001,1,control_period,7.25,49.99999999999982,
8.684023653,7.250000000000001,2,controller_to_actual_cmd,,1.3068739999999999,
8.684124747,7.250000000000001,2,control_period,7.25,49.99999999999982,
8.721587756,7.29,1,camera_to_measurement,7.265,14.828698,True
8.721668764,7.29,1,detector_inference,,12.643988609313965,
8.721731035000001,7.29,2,camera_to_measurement,7.265,10.565704,True
8.721788558,7.29,2,detector_inference,,9.241497039794922,
8.727622946,7.295000000000001,3,detector_inference,,9.488595962524414,
8.728036605,7.295000000000001,3,camera_to_measurement,7.265,12.304031,True
8.732050757,7.300000000000001,1,measurement_to_controller_cmd,,10.463001,True
8.732112123,7.300000000000001,1,controller_to_actual_cmd,,0.061366,
8.732181214,7.300000000000001,1,control_period,7.3,49.99999999999982,
8.732241077000001,7.300000000000001,2,measurement_to_controller_cmd,,10.510042,True
8.732309356,7.300000000000001,2,control_period,7.3,49.99999999999982,
8.732673702000001,7.300000000000001,2,controller_to_actual_cmd,,0.432625,
8.732721145000001,7.300000000000001,3,measurement_to_controller_cmd,,4.68454,True
8.732758806000001,7.300000000000001,3,controller_to_actual_cmd,,0.037661,
8.732810393000001,7.300000000000001,3,control_period,7.3,49.99999999999982,
8.779888074,7.345000000000001,1,detector_inference,,6.849160194396973,
8.782517655000001,7.3500000000000005,1,measurement_to_controller_cmd,,2.202248,True
8.782577339000001,7.3500000000000005,1,controller_to_actual_cmd,,0.059683999999999994,
8.782644089,7.3500000000000005,1,control_period,7.35,49.99999999999982,
8.782720467,7.3500000000000005,2,controller_to_actual_cmd,,0.032799,
8.782767459,7.3500000000000005,2,control_period,7.35,49.99999999999982,
8.78284032,7.3500000000000005,3,controller_to_actual_cmd,,0.032029,
8.782886884,7.3500000000000005,3,control_period,7.35,49.99999999999982,
8.788835121,7.355,3,camera_to_measurement,7.33,10.062135999999999,True
8.788909945,7.355,3,detector_inference,,9.037896156311035,
8.832051993,7.4,3,measurement_to_controller_cmd,,43.216871999999995,True
8.832472901000001,7.4,2,controller_to_actual_cmd,,0.47395899999999996,
8.832894228,7.4,2,control_period,7.4,50.00000000000071,
8.833006614,7.4,3,controller_to_actual_cmd,,0.9546209999999999,
8.833112029,7.4,3,control_period,7.4,50.00000000000071,
8.833814132,7.4,1,controller_to_actual_cmd,,0.081162,
8.833949786,7.4,1,control_period,7.4,50.00000000000071,
8.850936869,7.415,2,camera_to_measurement,7.395,12.021066,True
8.851110634000001,7.415,2,detector_inference,,10.45211410522461,
8.858787315,7.425000000000001,3,detector_inference,,13.004620552062988,
8.859284382,7.425000000000001,3,camera_to_measurement,7.395,14.656649,True
8.882420077,7.45,2,measurement_to_controller_cmd,,31.483207999999998,True
8.88248912,7.45,2,controller_to_actual_cmd,,0.069043,
8.88256179,7.45,2,control_period,7.45,49.99999999999982,
8.882614239,7.45,3,measurement_to_controller_cmd,,23.329857,True
8.882665232,7.45,3,control_period,7.45,49.99999999999982,
8.883028388000001,7.45,1,control_period,7.45,49.99999999999982,
8.883092244,7.45,3,controller_to_actual_cmd,,0.47800499999999996,
8.883391424000001,7.45,1,controller_to_actual_cmd,,0.40863,
8.919152956000001,7.485,2,camera_to_measurement,7.46,13.631630999999999,True
8.919308878,7.485,2,detector_inference,,12.788299560546875,
8.919930605000001,7.485,1,camera_to_measurement,7.46,18.578809,True
8.92000355,7.485,1,detector_inference,,16.221956253051758,
8.921913798,7.49,3,camera_to_measurement,7.46,11.904281,True
8.922013514000001,7.49,3,detector_inference,,10.541230201721191,
8.93283955,7.500000000000001,1,measurement_to_controller_cmd,,12.908945,True
8.932968769,7.500000000000001,1,controller_to_actual_cmd,,0.129219,
8.933122443,7.500000000000001,1,control_period,7.5,49.99999999999982,
8.933242060000001,7.500000000000001,2,measurement_to_controller_cmd,,14.089103999999999,True
8.933343039,7.500000000000001,2,controller_to_actual_cmd,,0.100979,
8.933457845000001,7.500000000000001,2,control_period,7.5,49.99999999999982,
8.933569123,7.500000000000001,3,measurement_to_controller_cmd,,11.655325,True
8.93368337,7.500000000000001,3,controller_to_actual_cmd,,0.114247,
8.933811589000001,7.500000000000001,3,control_period,7.5,49.99999999999982,
8.978317031000001,7.545000000000001,1,camera_to_measurement,7.525,13.629429,True
8.978472696,7.545000000000001,1,detector_inference,,11.82282543182373,
8.979877850000001,7.545000000000001,2,detector_inference,,8.47841739654541,
8.980259985,7.545000000000001,2,camera_to_measurement,7.525,9.594005,True
8.982241103,7.550000000000001,1,measurement_to_controller_cmd,,3.924072,True
8.982328208,7.550000000000001,1,controller_to_actual_cmd,,0.087105,
8.982430432000001,7.550000000000001,1,control_period,7.55,49.99999999999982,
8.982500542,7.550000000000001,2,measurement_to_controller_cmd,,2.240557,True
8.982547911000001,7.550000000000001,2,control_period,7.55,49.99999999999982,
8.982885337,7.550000000000001,2,controller_to_actual_cmd,,0.384795,
8.982959903000001,7.550000000000001,3,controller_to_actual_cmd,,0.030771,
8.983005843,7.550000000000001,3,control_period,7.55,49.99999999999982,
8.987646007,7.555000000000001,3,detector_inference,,9.418651580810547,
8.988000280000001,7.555000000000001,3,camera_to_measurement,7.525,11.662956,True
9.032536214,7.6000000000000005,1,control_period,7.6,49.99999999999982,
9.032703127000001,7.6000000000000005,2,controller_to_actual_cmd,,0.06627999999999999,
9.032802139000001,7.6000000000000005,2,control_period,7.6,49.99999999999982,
9.032905324,7.6000000000000005,3,measurement_to_controller_cmd,,44.905044,True
9.032993991000001,7.6000000000000005,3,controller_to_actual_cmd,,0.088667,
9.033087890000001,7.6000000000000005,3,control_period,7.6,49.99999999999982,
9.033674146000001,7.6000000000000005,1,controller_to_actual_cmd,,1.2497179999999999,
9.052046724,7.62,2,camera_to_measurement,7.595,15.315845999999999,True
9.052176049,7.62,2,detector_inference,,13.230340957641602,
9.082488049,7.65,1,controller_to_actual_cmd,,0.104944,
9.082648127,7.65,1,control_period,7.65,50.00000000000071,
9.08286844,7.65,3,control_period,7.65,50.00000000000071,
9.083269836000001,7.65,2,measurement_to_controller_cmd,,31.223111999999997,True
9.083328399,7.65,2,controller_to_actual_cmd,,0.058563,
9.083381535000001,7.65,2,control_period,7.65,50.00000000000071,
9.083424002000001,7.65,3,controller_to_actual_cmd,,0.6309429999999999,
9.10935173,7.675000000000001,1,camera_to_measurement,7.66,9.193196,True
9.109420396,7.675000000000001,1,detector_inference,,7.735136985778809,
9.116852791000001,7.6850000000000005,2,detector_inference,,7.511565208435059,
9.132918842,7.7,1,measurement_to_controller_cmd,,23.567111999999998,True
9.1330743,7.7,1,control_period,7.7,49.99999999999982,
9.133131449,7.7,2,measurement_to_controller_cmd,,16.367551,True
9.133229457,7.7,2,controller_to_actual_cmd,,0.098008,
9.133400634000001,7.7,2,control_period,7.7,49.99999999999982,
9.133639224000001,7.7,3,controller_to_actual_cmd,,0.10109699999999999,
9.133783856,7.7,3,control_period,7.7,49.99999999999982,
9.134587949,7.7,1,controller_to_actual_cmd,,1.669107,
9.177134929000001,7.745,1,detector_inference,,9.61894702911377,
9.181872916000001,7.750000000000001,2,camera_to_measurement,7.725,10.106796,True
9.181976925,7.750000000000001,2,detector_inference,,7.759312152862549,
9.182697595,7.750000000000001,1,measurement_to_controller_cmd,,5.650848,True
9.182792784,7.750000000000001,2,measurement_to_controller_cmd,,0.9198679999999999,True
9.183414676,7.750000000000001,1,controller_to_actual_cmd,,0.717081,
9.183503062,7.750000000000001,1,control_period,7.75,49.99999999999982,
9.183549722,7.750000000000001,2,controller_to_actual_cmd,,0.756938,
9.183600445,7.750000000000001,2,control_period,7.75,49.99999999999982,
9.183642167,7.750000000000001,3,controller_to_actual_cmd,,0.755226,
9.183684560000001,7.750000000000001,3,control_period,7.75,49.99999999999982,
9.233959821000001,7.800000000000001,1,controller_to_actual_cmd,,0.040547,
9.234041867,7.800000000000001,1,control_period,7.8,49.99999999999982,
9.234125165,7.800000000000001,2,controller_to_actual_cmd,,0.031411,
9.234167917,7.800000000000001,2,control_period,7.8,49.99999999999982,
9.234243719,7.800000000000001,3,controller_to_actual_cmd,,0.030673,
9.234284373000001,7.800000000000001,3,control_period,7.8,49.99999999999982,
9.238870009000001,7.805000000000001,1,detector_inference,,7.730453014373779,
9.247970989,7.815,2,detector_inference,,11.93162727355957,
9.254519707,7.82,3,detector_inference,,13.33126163482666,
9.254951371,7.82,3,camera_to_measurement,7.79,17.051268999999998,True
9.283464204000001,7.8500000000000005,2,measurement_to_controller_cmd,,35.576723,True
9.28358687,7.8500000000000005,2,control_period,7.85,49.99999999999982,
9.283642516,7.8500000000000005,3,measurement_to_controller_cmd,,28.691145,True
9.284085124,7.8500000000000005,1,measurement_to_controller_cmd,,45.281673999999995,True
9.284150734,7.8500000000000005,1,controller_to_actual_cmd,,0.06561,
9.284235083,7.8500000000000005,1,control_period,7.85,49.99999999999982,
9.284284608,7.8500000000000005,2,controller_to_actual_cmd,,0.8204039999999999,
9.284324536,7.8500000000000005,3,controller_to_actual_cmd,,0.68202,
9.284368846000001,7.8500000000000005,3,control_period,7.85,49.99999999999982,
9.317974518,7.885000000000001,1,camera_to_measurement,7.855,20.24398,True
9.318165507,7.885000000000001,1,detector_inference,,17.509859085083008,
9.318349111,7.885000000000001,3,camera_to_measurement,7.855,10.645195,True
9.318419762000001,7.885000000000001,3,detector_inference,,8.992030143737793,
9.320007535,7.885000000000001,2,detector_inference,,16.145732879638672,
9.32047346,7.885000000000001,2,camera_to_measurement,7.855,19.23705,True
9.332720282,7.9,1,measurement_to_controller_cmd,,14.745764,True
9.332774821000001,7.9,1,controller_to_actual_cmd,,0.054539,
9.332841768,7.9,1,control_period,7.9,50.00000000000071,
9.33288463,7.9,2,measurement_to_controller_cmd,,12.41117,True
9.332923243,7.9,2,controller_to_actual_cmd,,0.038613,
9.332967039000001,7.9,2,control_period,7.9,50.00000000000071,
9.333006323000001,7.9,3,measurement_to_controller_cmd,,14.657212,True
9.333042728,7.9,3,controller_to_actual_cmd,,0.036405,
9.333094711000001,7.9,3,control_period,7.9,50.00000000000071,
9.38202961,7.95,2,detector_inference,,8.017020225524902,
9.383619055,7.95,1,control_period,7.95,49.99999999999982,
9.383771477,7.95,2,camera_to_measurement,7.925,12.119892,True
9.383936631000001,7.95,2,measurement_to_controller_cmd,,0.165154,True
9.384068999,7.95,2,control_period,7.95,49.99999999999982,
9.384819411,7.95,1,controller_to_actual_cmd,,2.045836,
9.384946898,7.95,2,controller_to_actual_cmd,,1.010267,
9.385055607,7.95,3,controller_to_actual_cmd,,0.876699,
9.385183979,7.95,3,control_period,7.95,49.99999999999982,
9.434247026000001,8.0,1,controller_to_actual_cmd,,0.10065199999999999,
9.434409899,8.0,1,control_period,8.0,49.99999999999982,
9.434569647,8.0,2,controller_to_actual_cmd,,1.018483,
9.434677143,8.0,2,control_period,8.0,49.99999999999982,
9.434761825,8.0,3,controller_to_actual_cmd,,0.034475,
9.434811497,8.0,3,control_period,8.0,49.99999999999982,
9.442581279,8.01,1,detector_inference,,9.615764617919922,
9.443284035000001,8.01,1,camera_to_measurement,7.99,12.481062999999999,True
9.449625838000001,8.015,3,detector_inference,,7.522390842437744,
9.48243508,8.05,3,measurement_to_controller_cmd,,31.983244,True
9.482535088,8.05,3,controller_to_actual_cmd,,0.100008,
9.482641898,8.05,3,control_period,8.05,50.00000000000071,
9.48311106,8.05,1,measurement_to_controller_cmd,,39.827025,True
9.4832003,8.05,2,controller_to_actual_cmd,,0.034367,
9.483279596000001,8.05,2,control_period,8.05,50.00000000000071,
9.483599473,8.05,1,controller_to_actual_cmd,,0.488413,
9.483655476000001,8.05,1,control_period,8.05,50.00000000000071,
9.510071745000001,8.075000000000001,1,camera_to_measurement,8.055,10.426014,True
9.510233608,8.075000000000001,1,detector_inference,,8.369091033935547,
9.516900712,8.085,3,camera_to_measurement,8.055,9.201087,True
9.517002937,8.085,3,detector_inference,,6.857294082641602,
9.532519505,8.1,3,measurement_to_controller_cmd,,15.618793,True
9.533030089,8.1,1,measurement_to_controller_cmd,,22.958344,True
9.533071444,8.1,1,controller_to_actual_cmd,,0.041354999999999996,
9.533135553000001,8.1,1,control_period,8.1,49.999999999998934,
9.533173674,8.1,2,controller_to_actual_cmd,,0.713106,
9.533224613,8.1,2,control_period,8.1,49.999999999998934,
9.533267821,8.1,3,control_period,8.1,49.999999999998934,
9.533607305,8.1,3,controller_to_actual_cmd,,1.0877999999999999,
9.576629527000001,8.145000000000001,1,detector_inference,,10.856562614440918,
9.582466092,8.15,2,control_period,8.15,50.00000000000071,
9.58283533,8.15,1,measurement_to_controller_cmd,,5.874937,True
9.582904744,8.15,1,controller_to_actual_cmd,,0.069414,
9.582958182,8.15,1,control_period,8.15,50.00000000000071,
9.583005901,8.15,2,controller_to_actual_cmd,,0.602268,
9.583041286,8.15,3,controller_to_actual_cmd,,0.522293,
9.583079272,8.15,3,control_period,8.15,50.00000000000071,
9.584888323000001,8.15,2,detector_inference,,16.376951217651367,
9.585251574,8.15,2,camera_to_measurement,8.12,19.153003,True
9.587555493,8.155000000000001,3,detector_inference,,10.627553939819336,
9.587861811,8.155000000000001,3,camera_to_measurement,8.12,13.474302999999999,True
9.632161285,8.200000000000001,3,measurement_to_controller_cmd,,44.299474,True
9.632286396000001,8.200000000000001,3,control_period,8.2,49.999999999998934,
9.633262027,8.200000000000001,1,controller_to_actual_cmd,,0.046558999999999996,
9.633346229,8.200000000000001,1,control_period,8.2,49.999999999998934,
9.633387488,8.200000000000001,2,measurement_to_controller_cmd,,48.135914,True
9.633424225,8.200000000000001,2,controller_to_actual_cmd,,0.036737,
9.633464767000001,8.200000000000001,2,control_period,8.2,49.999999999998934,
9.633508328000001,8.200000000000001,3,controller_to_actual_cmd,,1.347043,
9.633974365,8.200000000000001,1,camera_to_measurement,8.185,9.878378999999999,True
9.634036597000001,8.200000000000001,1,detector_inference,,7.196808815002441,
9.643968015,8.21,3,camera_to_measurement,8.185,7.778553,True
9.644081812000001,8.21,3,detector_inference,,5.982133865356445,
9.682776936,8.25,1,measurement_to_controller_cmd,,48.802571,True
9.682842838000001,8.25,1,controller_to_actual_cmd,,0.065902,
9.682918889,8.25,1,control_period,8.25,50.00000000000071,
9.683013817,8.25,2,control_period,8.25,50.00000000000071,
9.683482639000001,8.25,2,controller_to_actual_cmd,,0.519506,
9.683567823,8.25,3,measurement_to_controller_cmd,,39.599807999999996,True
9.683647275,8.25,3,control_period,8.25,50.00000000000071,
9.68403365,8.25,3,controller_to_actual_cmd,,0.465827,
9.706181957,8.275,1,camera_to_measurement,8.255,8.234906,True
9.706255865000001,8.275,1,detector_inference,,6.645432949066162,
9.717623128000001,8.285,3,detector_inference,,10.032079696655273,
9.718012041000001,8.285,3,camera_to_measurement,8.255,12.761356,True
9.719917675000001,8.285,2,detector_inference,,15.411337852478027,
9.720307826,8.285,2,camera_to_measurement,8.255,19.571371,True
9.732091313,8.3,1,measurement_to_controller_cmd,,25.909356,True
9.732277662000001,8.3,1,control_period,8.3,50.00000000000071,
9.732348352,8.3,2,measurement_to_controller_cmd,,12.040526,True
9.732407973,8.3,2,control_period,8.3,50.00000000000071,
9.732446770000001,8.3,3,measurement_to_controller_cmd,,14.434728999999999,True
9.732487924,8.3,3,control_period,8.3,50.00000000000071,
9.732781348000001,8.3,1,controller_to_actual_cmd,,0.690035,
9.732819864000001,8.3,2,controller_to_actual_cmd,,0.471512,
9.732853760000001,8.3,3,controller_to_actual_cmd,,0.40698999999999996,
9.776445244000001,8.345,2,camera_to_measurement,8.32,11.967872,True
9.776527635,8.345,2,detector_inference,,10.191181182861328,
9.776937122000001,8.345,1,camera_to_measurement,8.32,15.759310999999999,True
9.776983679,8.345,1,detector_inference,,12.424827575683594,
9.781967314000001,8.35,1,measurement_to_controller_cmd,,5.0301919999999996,True
9.782035767,8.35,1,controller_to_actual_cmd,,0.068453,
9.782100955,8.35,1,control_period,8.35,49.999999999998934,
9.782139652000001,8.35,2,measurement_to_controller_cmd,,5.694408,True
9.782181066000001,8.35,2,control_period,8.35,49.999999999998934,
9.782274781,8.35,3,control_period,8.35,49.999999999998934,
9.782621662,8.35,2,controller_to_actual_cmd,,0.48201,
9.782675816000001,8.35,3,controller_to_actual_cmd,,0.44727999999999996,
9.833262868,8.4,1,control_period,8.4,50.00000000000071,
9.833431606000001,8.4,2,control_period,8.4,50.00000000000071,
9.833588303,8.4,3,control_period,8.4,50.00000000000071,
9.834348851000001,8.4,1,controller_to_actual_cmd,,1.193833,
9.834400659,8.4,2,controller_to_actual_cmd,,1.0438209999999999,
9.836148962000001,8.4,3,controller_to_actual_cmd,,2.636123,
9.843697352000001,8.41,2,detector_inference,,11.16841983795166,
9.844589917,8.41,2,camera_to_measurement,8.385,15.397058,True
9.849194521000001,8.415000000000001,3,camera_to_measurement,8.385,13.427389,True
9.849280867000001,8.415000000000001,3,detector_inference,,13.072718620300293,
9.882394215000001,8.450000000000001,1,control_period,8.45,49.999999999998934,
9.882491948,8.450000000000001,2,measurement_to_controller_cmd,,37.902031,True
9.882556938,8.450000000000001,3,measurement_to_controller_cmd,,33.362417,True
9.882609098000001,8.450000000000001,3,control_period,8.45,49.999999999998934,
9.883047742,8.450000000000001,2,controller_to_actual_cmd,,0.555794,
9.883130653,8.450000000000001,2,control_period,8.45,49.999999999998934,
9.883175178,8.450000000000001,3,controller_to_actual_cmd,,0.61824,
9.883591004000001,8.450000000000001,1,controller_to_actual_cmd,,1.348573,
9.904086192000001,8.47,1,detector_inference,,9.150311470031738,
9.911768511,8.48,3,camera_to_measurement,8.45,9.951857,True
9.911886976,8.48,3,detector_inference,,8.712798118591309,
9.914099322,8.48,2,camera_to_measurement,8.45,16.732461,True
9.914246518,8.48,2,detector_inference,,14.355793952941895,
9.9328641,8.5,1,measurement_to_controller_cmd,,28.88447,True
9.932914367,8.5,1,controller_to_actual_cmd,,0.050267,
9.932985332000001,8.5,1,control_period,8.5,50.00000000000071,
9.933024066,8.5,2,measurement_to_controller_cmd,,18.924744,True
9.933060764,8.5,2,controller_to_actual_cmd,,0.036698,
9.933099646,8.5,2,control_period,8.5,50.00000000000071,
9.933133768000001,8.5,3,measurement_to_controller_cmd,,21.365257,True
9.933167953,8.5,3,controller_to_actual_cmd,,0.034185,
9.933216776,8.5,3,control_period,8.5,50.00000000000071,
9.974252842,8.540000000000001,3,camera_to_measurement,8.515,11.582607,True
9.974355117,8.540000000000001,3,detector_inference,,9.292502403259277,
9.982122848000001,8.55,1,control_period,8.55,50.00000000000071,
9.982210984,8.55,2,control_period,8.55,50.00000000000071,
9.982458531,8.55,2,controller_to_actual_cmd,,0.287251,
9.982498685000001,8.55,3,measurement_to_controller_cmd,,8.245842999999999,True
9.982541873,8.55,3,controller_to_actual_cmd,,0.043188,
9.982579201,8.55,3,control_period,8.55,50.00000000000071,
9.982800751000001,8.55,1,controller_to_actual_cmd,,0.7423719999999999,
10.03389683,8.600000000000001,1,controller_to_actual_cmd,,0.064216,
10.034010934000001,8.600000000000001,1,control_period,8.6,49.999999999998934,
10.034100925,8.600000000000001,2,controller_to_actual_cmd,,0.036685999999999996,
10.034157606,8.600000000000001,2,control_period,8.6,49.999999999998934,
10.034269327,8.600000000000001,3,controller_to_actual_cmd,,0.042906,
10.034325985,8.600000000000001,3,control_period,8.6,49.999999999998934,
10.044767194,8.610000000000001,3,detector_inference,,11.061084747314453,
10.045349170000001,8.610000000000001,2,detector_inference,,15.024504661560059,
10.045505439000001,8.610000000000001,3,camera_to_measurement,8.585,13.406327,True
10.047856063000001,8.615,1,detector_inference,,18.454530715942383,
10.082303143,8.65,3,measurement_to_controller_cmd,,36.797703999999996,True
10.082830586,8.65,1,measurement_to_controller_cmd,,35.039943,True
10.082983758000001,8.65,1,controller_to_actual_cmd,,0.153172,
10.083071342,8.65,1,control_period,8.65,50.00000000000071,
10.08313345,8.65,2,measurement_to_controller_cmd,,36.192056,True
10.083233641000001,8.65,3,controller_to_actual_cmd,,0.9304979999999999,
10.083458291000001,8.65,3,control_period,8.65,50.00000000000071,
10.084330607,8.65,2,controller_to_actual_cmd,,1.197157,
10.084581416,8.65,2,control_period,8.65,50.00000000000071,
10.105538421,8.67,1,camera_to_measurement,8.65,9.249074,True
10.105657976,8.67,1,detector_inference,,6.955512046813965,
10.112397730000001,8.68,2,detector_inference,,7.796083927154541,
10.112785904,8.68,2,camera_to_measurement,8.65,10.167297,True
10.132359912,8.700000000000001,1,measurement_to_controller_cmd,,26.821490999999998,True
10.132479292000001,8.700000000000001,1,control_period,8.7,49.999999999998934,
10.132600277,8.700000000000001,3,controller_to_actual_cmd,,0.038777,
10.132653971,8.700000000000001,3,control_period,8.7,49.999999999998934,
10.13299533,8.700000000000001,1,controller_to_actual_cmd,,0.6354179999999999,
10.133358319000001,8.700000000000001,2,measurement_to_controller_cmd,,20.572415,True
10.133435938,8.700000000000001,2,control_period,8.7,49.999999999998934,
10.133766441,8.700000000000001,2,controller_to_actual_cmd,,0.408122,
10.170457486,8.735000000000001,1,camera_to_measurement,8.715,11.570706,True
10.17056176,8.735000000000001,1,detector_inference,,9.628133773803711,
10.183099515,8.75,2,control_period,8.75,50.00000000000071,
10.183242770000001,8.75,3,controller_to_actual_cmd,,0.05581,
10.1833264,8.75,3,control_period,8.75,50.00000000000071,
10.183663858000001,8.75,1,measurement_to_controller_cmd,,13.206372,True
10.183728627,8.75,1,control_period,8.75,50.00000000000071,
10.183781230000001,8.75,2,controller_to_actual_cmd,,1.3332169999999999,
10.184134833,8.75,1,controller_to_actual_cmd,,0.470975,
10.187190911,8.755,3,detector_inference,,12.006895065307617,
10.187785777,8.755,3,camera_to_measurement,8.715,13.931071999999999,True
10.232413336,8.8,1,control_period,8.8,50.00000000000071,
10.232530142,8.8,3,measurement_to_controller_cmd,,44.744364999999995,True
10.232644787,8.8,3,control_period,8.8,50.00000000000071,
10.233310288,8.8,1,controller_to_actual_cmd,,1.031633,
10.233449564,8.8,2,controller_to_actual_cmd,,0.065802,
10.233586341,8.8,2,control_period,8.8,50.00000000000071,
10.236743018,8.805,2,detector_inference,,6.74277400970459,
10.23685264,8.805,3,controller_to_actual_cmd,,4.3224979999999995,
10.247424884,8.815000000000001,3,camera_to_measurement,8.78,11.816564,True
10.247575415,8.815000000000001,3,detector_inference,,8.930423736572266,
10.283427718,8.850000000000001,3,measurement_to_controller_cmd,,36.002834,True
10.284431551,8.850000000000001,2,measurement_to_controller_cmd,,47.773297,True
10.284578712,8.850000000000001,2,control_period,8.85,49.999999999998934,
10.284671415,8.850000000000001,3,control_period,8.85,49.999999999998934,
10.2852349,8.850000000000001,1,controller_to_actual_cmd,,0.066465,
10.285388634,8.850000000000001,1,control_period,8.85,49.999999999998934,
10.285515484000001,8.850000000000001,2,controller_to_actual_cmd,,1.083933,
10.285612624,8.850000000000001,3,controller_to_actual_cmd,,2.184906,
10.297190225000001,8.865,1,detector_inference,,8.288884162902832,
10.307115926,8.875,3,camera_to_measurement,8.845,7.552611,True
10.307265258000001,8.875,3,detector_inference,,5.863643169403076,
10.332319302,8.9,1,measurement_to_controller_cmd,,35.190166999999995,True
10.332441192000001,8.9,3,measurement_to_controller_cmd,,25.325266,True
10.332581806,8.9,3,control_period,8.9,50.00000000000071,
10.333195572000001,8.9,1,controller_to_actual_cmd,,0.87627,
10.333360622,8.9,1,control_period,8.9,50.00000000000071,
10.333579394000001,8.9,3,controller_to_actual_cmd,,1.138202,
10.334118296,8.9,2,controller_to_actual_cmd,,0.644702,
10.334200935,8.9,2,control_period,8.9,50.00000000000071,
10.379651867000002,8.945,3,detector_inference,,6.556200981140137,
10.38039283,8.945,3,camera_to_measurement,8.915,9.408023,True
10.382308251000001,8.950000000000001,1,control_period,8.95,49.999999999998934,
10.383084472,8.950000000000001,2,controller_to_actual_cmd,,0.063576,
10.383214269,8.950000000000001,2,control_period,8.95,49.999999999998934,
10.38327552,8.950000000000001,3,measurement_to_controller_cmd,,2.8826899999999998,True
10.383332708000001,8.950000000000001,3,control_period,8.95,49.999999999998934,
10.383727196,8.950000000000001,1,controller_to_actual_cmd,,1.5389059999999999,
10.383783567,8.950000000000001,3,controller_to_actual_cmd,,0.508047,
10.4343593,9.0,2,control_period,9.0,50.00000000000071,
10.434581191000001,9.0,3,controller_to_actual_cmd,,0.08673399999999999,
10.434719389000001,9.0,3,control_period,9.0,50.00000000000071,
10.435756234000001,9.0,1,control_period,9.0,50.00000000000071,
10.4358932,9.0,2,controller_to_actual_cmd,,1.706027,
10.437295175000001,9.0,1,controller_to_actual_cmd,,1.716818,
10.444370157,9.01,1,camera_to_measurement,8.98,16.253757999999998,True
10.444577883000001,9.01,1,detector_inference,,12.3541259765625,
10.445595751,9.01,2,camera_to_measurement,8.98,12.727542999999999,True
10.445758411,9.01,2,detector_inference,,10.49818229675293,
10.454723974,9.020000000000001,3,detector_inference,,10.129599571228027,
10.455447793000001,9.020000000000001,3,camera_to_measurement,8.98,12.259564,True
10.484147566,9.05,1,measurement_to_controller_cmd,,39.777409,True
10.484301602,9.05,1,control_period,9.05,50.00000000000071,
10.484384469,9.05,2,measurement_to_controller_cmd,,38.788717999999996,True
10.484507298,9.05,2,control_period,9.05,50.00000000000071,
10.484595144,9.05,3,measurement_to_controller_cmd,,29.147351,True
10.484680327000001,9.05,3,controller_to_actual_cmd,,0.085183,
10.484767612,9.05,3,control_period,9.05,50.00000000000071,
10.485420183,9.05,1,controller_to_actual_cmd,,1.2726169999999999,
10.485525496000001,9.05,2,controller_to_actual_cmd,,1.141027,
10.518022098000001,9.085,1,camera_to_measurement,9.045,22.310294,True
10.518155119000001,9.085,1,detector_inference,,18.559980392456055,
10.52114764,9.09,3,detector_inference,,7.332616806030273,
10.521974292000001,9.09,3,camera_to_measurement,9.045,10.238444999999999,True
10.533292376,9.100000000000001,1,measurement_to_controller_cmd,,15.270278,True
10.533419456,9.100000000000001,1,controller_to_actual_cmd,,0.12708,
10.53356576,9.100000000000001,1,control_period,9.1,49.999999999998934,
10.533773617000001,9.100000000000001,2,controller_to_actual_cmd,,0.088876,
10.533901720000001,9.100000000000001,2,control_period,9.1,49.999999999998934,
10.534000439000001,9.100000000000001,3,measurement_to_controller_cmd,,12.026147,True
10.534106805,9.100000000000001,3,control_period,9.1,49.999999999998934,
10.534769302,9.100000000000001,3,controller_to_actual_cmd,,0.768863,
10.578540214,9.145000000000001,2,camera_to_measurement,9.11,16.548329,True
10.578712345000001,9.145000000000001,2,detector_inference,,13.711568832397461,
10.581304813000001,9.145000000000001,1,detector_inference,,26.320411682128906,
10.581457117000001,9.145000000000001,3,camera_to_measurement,9.11,13.806719999999999,True
10.581538901,9.145000000000001,3,detector_inference,,9.343727111816406,
10.582560657,9.15,2,measurement_to_controller_cmd,,4.020443,True
10.582951962000001,9.15,2,control_period,9.15,50.00000000000071,
10.583006083,9.15,3,measurement_to_controller_cmd,,1.5489659999999998,True
10.583062717,9.15,3,control_period,9.15,50.00000000000071,
10.583676776,9.15,1,measurement_to_controller_cmd,,2.5089509999999997,True
10.583924005,9.15,1,control_period,9.15,50.00000000000071,
10.584046180000001,9.15,2,controller_to_actual_cmd,,1.485523,
10.58414752,9.15,3,controller_to_actual_cmd,,1.141437,
10.584782481000001,9.15,1,controller_to_actual_cmd,,1.105705,
10.624284654,9.190000000000001,1,detector_inference,,6.294620990753174,
10.624618444000001,9.190000000000001,1,camera_to_measurement,9.175,7.533147,True
10.631662588000001,9.200000000000001,2,control_period,9.2,49.999999999998934,
10.632232009,9.200000000000001,2,controller_to_actual_cmd,,0.642093,
10.632365722000001,9.200000000000001,3,controller_to_actual_cmd,,0.046551999999999996,
10.632456710000001,9.200000000000001,3,control_period,9.2,49.999999999998934,
10.632994902,9.200000000000001,1,measurement_to_controller_cmd,,8.376458,True
10.633096744000001,9.200000000000001,1,control_period,9.2,49.999999999998934,
10.633140993000001,9.200000000000001,3,camera_to_measurement,9.175,9.776292,True
10.633180454000001,9.200000000000001,3,detector_inference,,6.89113712310791,
10.633475133000001,9.200000000000001,1,controller_to_actual_cmd,,0.48023099999999996,
10.683847890000001,9.25,1,control_period,9.25,50.00000000000071,
10.684005639,9.25,2,control_period,9.25,50.00000000000071,
10.684136476,9.25,3,measurement_to_controller_cmd,,50.995483,True
10.684983169,9.25,2,controller_to_actual_cmd,,2.1252839999999997,
10.685512887,9.25,3,control_period,9.25,50.00000000000071,
10.689074204,9.25,3,controller_to_actual_cmd,,4.937728,
10.690059325,9.255,1,controller_to_actual_cmd,,7.320209999999999,
10.705660312000001,9.270000000000001,2,detector_inference,,9.020299911499023,
10.706604319,9.275,2,camera_to_measurement,9.245,11.807044,True
10.708304877000002,9.275,1,detector_inference,,17.84458351135254,
10.708675328,9.275,1,camera_to_measurement,9.245,20.054472999999998,True
10.715995733000002,9.280000000000001,3,detector_inference,,11.748393058776855,
10.716903946,9.285,3,camera_to_measurement,9.245,16.566619,True
10.732222657000001,9.3,1,measurement_to_controller_cmd,,23.547328999999998,True
10.732347674000001,9.3,1,controller_to_actual_cmd,,0.125017,
10.732492971000001,9.3,1,control_period,9.3,50.00000000000071,
10.732592655000001,9.3,2,measurement_to_controller_cmd,,25.988336,True
10.732676955,9.3,2,controller_to_actual_cmd,,0.0843,
10.732775557,9.3,2,control_period,9.3,50.00000000000071,
10.732866518,9.3,3,measurement_to_controller_cmd,,15.962572,True
10.732949506,9.3,3,controller_to_actual_cmd,,0.08298799999999999,
10.733045954000001,9.3,3,control_period,9.3,50.00000000000071,
10.761844851000001,9.33,1,camera_to_measurement,9.31,10.840823,True
10.762005851000001,9.33,1,detector_inference,,8.671262741088867,
10.782489861,9.350000000000001,1,measurement_to_controller_cmd,,20.64501,True
10.78261228,9.350000000000001,1,control_period,9.35,49.999999999998934,
10.782706196000001,9.350000000000001,3,control_period,9.35,49.999999999998934,
10.783066321000002,9.350000000000001,1,controller_to_actual_cmd,,0.57646,
10.783151841,9.350000000000001,2,control_period,9.35,49.999999999998934,
10.783438263,9.350000000000001,3,controller_to_actual_cmd,,0.7729469999999999,
10.783758243000001,9.350000000000001,2,controller_to_actual_cmd,,0.6451,
10.832120961000001,9.4,1,control_period,9.4,50.00000000000071,
10.832281629,9.4,2,control_period,9.4,50.00000000000071,
10.832406032000002,9.4,3,controller_to_actual_cmd,,0.053204999999999995,
10.832478622,9.4,3,control_period,9.4,50.00000000000071,
10.832848902,9.4,1,controller_to_actual_cmd,,0.8316549999999999,
10.832892309,9.4,2,controller_to_actual_cmd,,0.677393,
10.834702429,9.4,3,camera_to_measurement,9.375,7.718006,True
10.834753666000001,9.4,3,detector_inference,,5.863822937011719,
10.882683210000001,9.450000000000001,1,control_period,9.45,49.999999999998934,
10.885592526,9.450000000000001,2,control_period,9.45,49.999999999998934,
10.886135877000001,9.450000000000001,1,controller_to_actual_cmd,,3.6053129999999998,
10.886247997,9.450000000000001,2,controller_to_actual_cmd,,0.73534,
10.886296377,9.450000000000001,3,measurement_to_controller_cmd,,51.593948,True
10.886337461,9.450000000000001,3,controller_to_actual_cmd,,0.041083999999999996,
10.88641364,9.450000000000001,3,control_period,9.45,49.999999999998934,
10.888992558,9.455,1,camera_to_measurement,9.44,10.33949,True
10.889064492000001,9.455,1,detector_inference,,9.010095596313477,
10.898217683,9.465,3,detector_inference,,5.814830780029297,
10.898602532,9.465,3,camera_to_measurement,9.44,7.342167,True
10.93170504,9.5,1,measurement_to_controller_cmd,,42.712482,True
10.931784371000001,9.5,1,control_period,9.5,50.00000000000071,
10.931855761000001,9.5,2,control_period,9.5,50.00000000000071,
10.93188819,9.5,3,measurement_to_controller_cmd,,33.285658,True
10.931931076000001,9.5,3,control_period,9.5,50.00000000000071,
10.932243527,9.5,1,controller_to_actual_cmd,,0.5384869999999999,
10.932280204000001,9.5,2,controller_to_actual_cmd,,0.457769,
10.932313206,9.5,3,controller_to_actual_cmd,,0.425016,
10.963003292000002,9.530000000000001,3,detector_inference,,7.06138801574707,
10.963662784,9.530000000000001,3,camera_to_measurement,9.505,9.471665999999999,True
10.964272209,9.530000000000001,1,camera_to_measurement,9.505,19.928046,True
10.96436257,9.530000000000001,1,detector_inference,,18.264652252197266,
10.982076195000001,9.55,1,measurement_to_controller_cmd,,17.803986,True
10.982153262,9.55,1,controller_to_actual_cmd,,0.077067,
10.982248643,9.55,1,control_period,9.55,50.00000000000071,
10.982331444000001,9.55,2,control_period,9.55,50.00000000000071,
10.982712207,9.55,2,controller_to_actual_cmd,,0.419545,
10.982777791,9.55,3,measurement_to_controller_cmd,,19.115007,True
10.982845578000001,9.55,3,control_period,9.55,50.00000000000071,
10.983125431000001,9.55,3,controller_to_actual_cmd,,0.34764,
11.027636828,9.595,1,detector_inference,,11.976826667785645,
11.028378027,9.595,1,camera_to_measurement,9.575,13.574285,True
11.031832199,9.600000000000001,1,measurement_to_controller_cmd,,3.454172,True
11.032312326000001,9.600000000000001,1,controller_to_actual_cmd,,0.48012699999999997,
11.032408662,9.600000000000001,1,control_period,9.6,49.999999999998934,
11.032457291,9.600000000000001,3,controller_to_actual_cmd,,0.530068,
11.032503209000001,9.600000000000001,3,control_period,9.6,49.999999999998934,
11.033791363,9.600000000000001,2,control_period,9.6,49.999999999998934,
11.034212743000001,9.600000000000001,2,camera_to_measurement,9.575,14.822830999999999,True
11.034272582,9.600000000000001,2,detector_inference,,14.019740104675293,
11.034319832000001,9.600000000000001,2,controller_to_actual_cmd,,0.8534689999999999,
11.034364738,9.600000000000001,3,detector_inference,,9.804510116577148,
11.034687422000001,9.600000000000001,3,camera_to_measurement,9.575,12.178533999999999,True
11.082484885000001,9.65,1,control_period,9.65,50.00000000000071,
11.082628904,9.65,3,measurement_to_controller_cmd,,47.941482,True
11.082776760000002,9.65,3,control_period,9.65,50.00000000000071,
11.08363158,9.65,1,controller_to_actual_cmd,,1.2674159999999999,
11.083740148,9.65,3,controller_to_actual_cmd,,1.111244,
11.084458048,9.65,2,measurement_to_controller_cmd,,50.245304999999995,True
11.084587199000001,9.65,2,control_period,9.65,50.00000000000071,
11.087665519000002,9.655000000000001,2,controller_to_actual_cmd,,3.207471,
11.093797827000001,9.66,1,detector_inference,,11.239251136779785,
11.094439615,9.66,1,camera_to_measurement,9.64,14.460261,True
11.131644459,9.700000000000001,1,measurement_to_controller_cmd,,37.204844,True
11.132098554,9.700000000000001,1,controller_to_actual_cmd,,0.45409499999999997,
11.13216092,9.700000000000001,1,control_period,9.7,49.999999999998934,
11.132242839,9.700000000000001,3,controller_to_actual_cmd,,0.042692,
11.132344421,9.700000000000001,3,control_period,9.7,49.999999999998934,
11.132683603,9.700000000000001,2,control_period,9.7,49.999999999998934,
11.132956060000001,9.700000000000001,2,controller_to_actual_cmd,,0.318726,
11.157811664,9.725000000000001,1,camera_to_measurement,9.705,13.290963,True
11.157921536,9.725000000000001,1,detector_inference,,12.002220153808594,
11.158003504,9.725000000000001,2,detector_inference,,7.003262996673584,
11.158474669,9.725000000000001,2,camera_to_measurement,9.705,9.599103,True
11.165322883,9.73,3,detector_inference,,6.124916076660156,
11.18259162,9.75,1,measurement_to_controller_cmd,,24.779956,True
11.182669791,9.75,1,control_period,9.75,50.00000000000071,
11.182706281000002,9.75,3,measurement_to_controller_cmd,,17.470207,True
11.182972215000001,9.75,1,controller_to_actual_cmd,,0.38059499999999996,
11.183008143,9.75,2,measurement_to_controller_cmd,,24.533474,True
11.183037045,9.75,2,controller_to_actual_cmd,,0.028901999999999997,
11.183073189,9.75,2,control_period,9.75,50.00000000000071,
11.183109147000001,9.75,3,controller_to_actual_cmd,,0.402866,
11.183150997,9.75,3,control_period,9.75,50.00000000000071,
11.221522927,9.790000000000001,1,detector_inference,,10.121102333068848,
11.221866315000002,9.790000000000001,1,camera_to_measurement,9.77,12.910048999999999,True
11.231685870000002,9.8,1,measurement_to_controller_cmd,,9.819555,True
11.231818144,9.8,1,control_period,9.8,50.00000000000071,
11.232394026000001,9.8,1,controller_to_actual_cmd,,0.708156,
11.233137131000001,9.8,2,control_period,9.8,50.00000000000071,
11.233229999,9.8,3,controller_to_actual_cmd,,0.734628,
11.233353575,9.8,3,control_period,9.8,50.00000000000071,
11.233646339,9.8,2,controller_to_actual_cmd,,0.61435,
11.283290156000001,9.850000000000001,1,control_period,9.85,49.999999999998934,
11.283388153,9.850000000000001,3,control_period,9.85,49.999999999998934,
11.283746493,9.850000000000001,1,controller_to_actual_cmd,,0.5975309999999999,
11.284412334,9.850000000000001,3,controller_to_actual_cmd,,1.6691099999999999,
11.285151769,9.850000000000001,2,control_period,9.85,49.999999999998934,
11.287030046,9.855,2,controller_to_actual_cmd,,2.055295,
11.297647621000001,9.865,1,detector_inference,,19.098844528198242,
11.29838651,9.865,1,camera_to_measurement,9.835,22.838331,True
11.298548536,9.865,3,camera_to_measurement,9.835,9.617272,True
11.298693646,9.865,3,detector_inference,,7.962285041809082,
11.331921228,9.9,3,measurement_to_controller_cmd,,33.372692,True
11.33202724,9.9,3,control_period,9.9,50.00000000000071,
11.332529906000001,9.9,1,measurement_to_controller_cmd,,34.143395999999996,True
11.332579382,9.9,1,controller_to_actual_cmd,,0.049476,
11.332635593000001,9.9,1,control_period,9.9,50.00000000000071,
11.332701715,9.9,2,controller_to_actual_cmd,,0.028048,
11.332744574000001,9.9,2,control_period,9.9,50.00000000000071,
11.332780777,9.9,3,controller_to_actual_cmd,,0.859549,
11.361639196,9.930000000000001,2,camera_to_measurement,9.905,11.606569,True
11.361699073,9.930000000000001,2,detector_inference,,10.085904121398926,
11.362279277,9.930000000000001,3,detector_inference,,8.14119815826416,
11.362565483000001,9.930000000000001,3,camera_to_measurement,9.905,9.653108999999999,True
11.381483020000001,9.950000000000001,3,measurement_to_controller_cmd,,18.917537,True
11.382146646,9.950000000000001,1,controller_to_actual_cmd,,0.7330409999999999,
11.382276799000001,9.950000000000001,1,control_period,9.95,49.999999999998934,
11.382357409,9.950000000000001,2,measurement_to_controller_cmd,,20.718213,True
11.382441231000001,9.950000000000001,2,control_period,9.95,49.999999999998934,
11.382523406,9.950000000000001,3,controller_to_actual_cmd,,1.040386,
11.382600172,9.950000000000001,3,control_period,9.95,49.999999999998934,
11.383083537000001,9.950000000000001,2,controller_to_actual_cmd,,0.726128,
11.418049187000001,9.985000000000001,1,camera_to_measurement,9.97,8.498827,True
11.418182376,9.985000000000001,1,detector_inference,,7.567612171173096,
11.430345565000001,9.995000000000001,3,camera_to_measurement,9.97,8.502124,True
11.430483517,9.995000000000001,3,detector_inference,,6.122169017791748,
11.432009073000001,10.0,2,control_period,10.0,50.00000000000071,
11.432093753,10.0,3,measurement_to_controller_cmd,,1.7481879999999999,True
11.432155900000001,10.0,3,control_period,10.0,50.00000000000071,
11.432493946000001,10.0,1,measurement_to_controller_cmd,,14.444759,True
11.432538759,10.0,1,controller_to_actual_cmd,,0.044813,
11.432585169000001,10.0,1,control_period,10.0,50.00000000000071,
11.432621248,10.0,2,controller_to_actual_cmd,,0.7457969999999999,
11.43265654,10.0,3,controller_to_actual_cmd,,0.5627869999999999,
11.482369853000002,10.05,2,control_period,10.05,50.00000000000071,
11.483355601000001,10.05,2,controller_to_actual_cmd,,1.113794,
11.485371973000001,10.05,3,control_period,10.05,50.00000000000071,
11.486154324000001,10.055000000000001,1,controller_to_actual_cmd,,0.038721,
11.486254616,10.055000000000001,1,control_period,10.05,50.00000000000071,
11.486318154000001,10.055000000000001,3,controller_to_actual_cmd,,1.019164,
11.491852905,10.06,2,detector_inference,,9.028543472290039,
11.492513112000001,10.06,2,camera_to_measurement,10.035,12.622532999999999,True
11.494458379000001,10.06,1,detector_inference,,16.80743408203125,
11.494884273,10.06,1,camera_to_measurement,10.035,19.197785,True
11.532498165000002,10.100000000000001,1,measurement_to_controller_cmd,,37.613892,True
11.532585419,10.100000000000001,1,control_period,10.1,49.999999999998934,
11.532624991,10.100000000000001,2,measurement_to_controller_cmd,,40.111878999999995,True
11.532667104000002,10.100000000000001,2,control_period,10.1,49.999999999998934,
11.532742175000001,10.100000000000001,3,control_period,10.1,49.999999999998934,
11.533146802000001,10.100000000000001,1,controller_to_actual_cmd,,0.648637,
11.53319575,10.100000000000001,2,controller_to_actual_cmd,,0.570759,
11.533288433000001,10.100000000000001,3,controller_to_actual_cmd,,0.582936,
11.556653861000001,10.125,2,detector_inference,,11.863038063049316,
11.557041853000001,10.125,3,camera_to_measurement,10.1,11.000784,True
11.557080636,10.125,3,detector_inference,,9.107381820678711,
11.582107396000001,10.15,1,control_period,10.15,50.00000000000071,
11.582199259000001,10.15,2,measurement_to_controller_cmd,,25.204078,True
11.582386003,10.15,2,control_period,10.15,50.00000000000071,
11.582442508000002,10.15,3,measurement_to_controller_cmd,,25.400655,True
11.582496196000001,10.15,3,control_period,10.15,50.00000000000071,
11.582792416,10.15,1,controller_to_actual_cmd,,0.789289,
11.582843188,10.15,2,controller_to_actual_cmd,,0.643929,
11.582874980000001,10.15,3,controller_to_actual_cmd,,0.43247199999999997,
11.612797817,10.180000000000001,1,camera_to_measurement,10.165,8.51098,True
11.612855663000001,10.180000000000001,1,detector_inference,,7.4690117835998535,
11.620303791000001,10.185,3,detector_inference,,6.872163772583008,
11.620931222000001,10.185,3,camera_to_measurement,10.165,8.989186,True
11.632010721,10.200000000000001,1,measurement_to_controller_cmd,,19.212903999999998,True
11.632108076000002,10.200000000000001,1,controller_to_actual_cmd,,0.097355,
11.632225441000001,10.200000000000001,1,control_period,10.2,49.999999999998934,
11.632304474000001,10.200000000000001,2,controller_to_actual_cmd,,0.898196,
11.632386423000002,10.200000000000001,2,control_period,10.2,49.999999999998934,
11.632459302000001,10.200000000000001,3,measurement_to_controller_cmd,,11.52808,True
11.632550160000001,10.200000000000001,3,control_period,10.2,49.999999999998934,
11.633057505,10.200000000000001,3,controller_to_actual_cmd,,0.5982029999999999,
11.682891168000001,10.25,1,controller_to_actual_cmd,,0.07590899999999999,
11.683017971,10.25,1,control_period,10.25,50.00000000000071,
11.683175015000002,10.25,2,control_period,10.25,50.00000000000071,
11.683294764000001,10.25,3,control_period,10.25,50.00000000000071,
11.683882303,10.25,2,controller_to_actual_cmd,,0.78089,
11.687672382,10.255,3,controller_to_actual_cmd,,4.425707,
11.688949268,10.255,1,detector_inference,,13.47183895111084,
11.689578042,10.255,1,camera_to_measurement,10.235,14.984306,True
11.69700536,10.265,3,camera_to_measurement,10.235,10.369195,True
11.697079874,10.265,3,detector_inference,,7.717155933380127,
11.731801948000001,10.3,2,control_period,10.3,50.00000000000071,
11.732239576000001,10.3,1,measurement_to_controller_cmd,,42.661533999999996,True
11.732305123000002,10.3,1,controller_to_actual_cmd,,0.065547,
11.732376073000001,10.3,1,control_period,10.3,50.00000000000071,
11.73242944,10.3,2,controller_to_actual_cmd,,0.693359,
11.732493020000001,10.3,3,measurement_to_controller_cmd,,35.48766,True
11.73294534,10.3,3,controller_to_actual_cmd,,0.45232,
11.732998954000001,10.3,3,control_period,10.3,50.00000000000071,
11.753460879,10.32,1,detector_inference,,10.188158988952637,
11.754082099000001,10.32,1,camera_to_measurement,10.3,12.678484,True
11.754861345,10.32,2,detector_inference,,9.69998836517334,
11.781879687,10.350000000000001,1,measurement_to_controller_cmd,,27.797587999999998,True
11.78196909,10.350000000000001,1,controller_to_actual_cmd,,0.089403,
11.78205993,10.350000000000001,1,control_period,10.35,49.999999999998934,
11.782114464000001,10.350000000000001,2,measurement_to_controller_cmd,,27.335058,True
11.782146513,10.350000000000001,2,controller_to_actual_cmd,,0.032049,
11.782182786,10.350000000000001,2,control_period,10.35,49.999999999998934,
11.782475701000001,10.350000000000001,3,controller_to_actual_cmd,,0.252471,
11.782517485000001,10.350000000000001,3,control_period,10.35,49.999999999998934,
11.814419901,10.38,1,detector_inference,,9.31100082397461,
11.815086158000002,10.38,1,camera_to_measurement,10.365,10.947232,True
11.816659199,10.385,2,detector_inference,,7.173826217651367,
11.817271573000001,10.385,2,camera_to_measurement,10.365,9.487824,True
11.831771510000001,10.4,1,measurement_to_controller_cmd,,16.685351999999998,True
11.831819170000001,10.4,1,controller_to_actual_cmd,,0.04766,
11.831877737000001,10.4,1,control_period,10.4,50.00000000000071,
11.831912951000001,10.4,2,measurement_to_controller_cmd,,14.641378,True
11.831942568,10.4,2,controller_to_actual_cmd,,0.029616999999999997,
11.831975177,10.4,2,control_period,10.4,50.00000000000071,
11.832029207000001,10.4,3,controller_to_actual_cmd,,0.023927999999999998,
11.83206309,10.4,3,control_period,10.4,50.00000000000071,
11.883229407,10.450000000000001,1,controller_to_actual_cmd,,0.096707,
11.883350117,10.450000000000001,1,control_period,10.45,49.999999999998934,
11.883506872,10.450000000000001,3,controller_to_actual_cmd,,0.036964,
11.883565364,10.450000000000001,3,control_period,10.45,49.999999999998934,
11.883961856,10.450000000000001,2,controller_to_actual_cmd,,0.537544,
11.884032095,10.450000000000001,2,control_period,10.45,49.999999999998934,
11.893446504,10.46,2,detector_inference,,15.783276557922363,
11.894125567000001,10.46,2,camera_to_measurement,10.43,19.593389,True
11.932652429000001,10.5,2,measurement_to_controller_cmd,,38.526862,True
11.932730031,10.5,2,control_period,10.5,50.00000000000071,
11.935351919,10.5,1,control_period,10.5,50.00000000000071,
11.935432440000001,10.5,2,controller_to_actual_cmd,,2.780011,
11.935513581,10.5,3,control_period,10.5,50.00000000000071,
11.936022045000001,10.5,1,controller_to_actual_cmd,,0.8379719999999999,
11.936122504,10.5,3,controller_to_actual_cmd,,0.646323,
11.954754179,10.520000000000001,3,detector_inference,,8.962779998779297,
11.9551979,10.520000000000001,3,camera_to_measurement,10.495,11.744162,True
11.956057925000001,10.525,2,detector_inference,,14.637408256530762,
11.956689933000002,10.525,2,camera_to_measurement,10.495,16.713228,True
11.982089508000001,10.55,1,control_period,10.55,50.00000000000071,
11.982178647000001,10.55,2,measurement_to_controller_cmd,,25.488713999999998,True
11.982285466,10.55,2,control_period,10.55,50.00000000000071,
11.982377921000001,10.55,3,measurement_to_controller_cmd,,27.180021,True
11.982459785000001,10.55,3,control_period,10.55,50.00000000000071,
11.9829582,10.55,1,controller_to_actual_cmd,,0.9741909999999999,
11.983034983000001,10.55,2,controller_to_actual_cmd,,0.856336,
11.983101687000001,10.55,3,controller_to_actual_cmd,,0.723766,
12.017335846,10.585,3,detector_inference,,7.559378147125244,
12.017637428,10.585,3,camera_to_measurement,10.565,8.689503,True
12.032058164,10.600000000000001,1,controller_to_actual_cmd,,0.06476599999999999,
12.032169736,10.600000000000001,1,control_period,10.6,49.999999999998934,
12.032439934000001,10.600000000000001,2,controller_to_actual_cmd,,0.057900999999999994,
12.032494575000001,10.600000000000001,2,control_period,10.6,49.999999999998934,
12.032529114,10.600000000000001,3,measurement_to_controller_cmd,,14.891686,True
12.032560615000001,10.600000000000001,3,controller_to_actual_cmd,,0.031501,
12.032595720000002,10.600000000000001,3,control_period,10.6,49.999999999998934,
12.077876972,10.645000000000001,1,detector_inference,,6.190353870391846,
12.078715496000001,10.645000000000001,1,camera_to_measurement,10.63,8.192536,True
12.082367816000001,10.65,1,measurement_to_controller_cmd,,3.65232,True
12.082569878000001,10.65,1,control_period,10.65,50.00000000000071,
12.082844331,10.65,3,control_period,10.65,50.00000000000071,
12.083329330000002,10.65,1,controller_to_actual_cmd,,0.961514,
12.083417419,10.65,2,controller_to_actual_cmd,,0.030559999999999997,
12.083474831,10.65,2,control_period,10.65,50.00000000000071,
12.083511860000002,10.65,3,controller_to_actual_cmd,,0.800114,
12.084886831,10.65,3,detector_inference,,7.715879917144775,
12.085590086000002,10.65,3,camera_to_measurement,10.63,9.999426999999999,True
12.133628889,10.700000000000001,1,control_period,10.7,49.999999999998934,
12.133700061,10.700000000000001,3,measurement_to_controller_cmd,,48.109975,True
12.133765396000001,10.700000000000001,3,control_period,10.7,49.999999999998934,
12.134362288,10.700000000000001,3,controller_to_actual_cmd,,0.662227,
12.134866521000001,10.700000000000001,2,control_period,10.7,49.999999999998934,
12.135286435000001,10.700000000000001,2,controller_to_actual_cmd,,0.511339,
12.136365533000001,10.705,1,controller_to_actual_cmd,,2.831419,
12.149850993000001,10.715,2,camera_to_measurement,10.695,9.98238,True
12.149976233,10.715,2,detector_inference,,8.150142669677734,
12.154232437000001,10.72,3,detector_inference,,10.236639976501465,
12.181636872,10.75,3,measurement_to_controller_cmd,,26.985082,True
12.182232183,10.75,2,measurement_to_controller_cmd,,32.38119,True
12.182773469,10.75,3,control_period,10.75,50.00000000000071,
12.183014633,10.75,1,controller_to_actual_cmd,,0.869169,
12.183106582,10.75,1,control_period,10.75,50.00000000000071,
12.183153372000001,10.75,2,controller_to_actual_cmd,,0.9211889999999999,
12.183199203000001,10.75,2,control_period,10.75,50.00000000000071,
12.183236307000001,10.75,3,controller_to_actual_cmd,,1.599435,
12.205867453000002,10.770000000000001,1,detector_inference,,6.196381092071533,
12.206411626000001,10.775,1,camera_to_measurement,10.76,8.546482,True
12.218617,10.785,3,detector_inference,,10.338977813720703,
12.231691965000001,10.8,1,measurement_to_controller_cmd,,25.280338999999998,True
12.231812634,10.8,1,control_period,10.8,50.00000000000071,
12.231945971,10.8,2,controller_to_actual_cmd,,0.058757,
12.232032915000001,10.8,2,control_period,10.8,50.00000000000071,
12.232106141000001,10.8,3,measurement_to_controller_cmd,,13.123013,True
12.232206945000001,10.8,3,controller_to_actual_cmd,,0.10080399999999999,
12.232266718,10.8,3,control_period,10.8,50.00000000000071,
12.232549519,10.8,1,controller_to_actual_cmd,,0.8575539999999999,
12.281306826000002,10.850000000000001,2,detector_inference,,13.522321701049805,
12.282286922,10.850000000000001,1,camera_to_measurement,10.825,18.312852,True
12.282417050000001,10.850000000000001,1,detector_inference,,15.557405471801758,
12.282493745,10.850000000000001,2,camera_to_measurement,10.825,15.817198,True
12.28302803,10.850000000000001,1,measurement_to_controller_cmd,,0.741108,True
12.283080364,10.850000000000001,1,controller_to_actual_cmd,,0.052334,
12.283133445,10.850000000000001,1,control_period,10.85,49.999999999998934,
12.283170251000001,10.850000000000001,2,measurement_to_controller_cmd,,0.6765059999999999,True
12.28323506,10.850000000000001,2,control_period,10.85,49.999999999998934,
12.283314923,10.850000000000001,3,controller_to_actual_cmd,,0.033750999999999996,
12.283355947,10.850000000000001,3,control_period,10.85,49.999999999998934,
12.283710275,10.850000000000001,2,controller_to_actual_cmd,,0.540024,
12.284316476,10.850000000000001,3,detector_inference,,10.742294311523438,
12.332465299,10.9,1,control_period,10.9,50.00000000000071,
12.332611335000001,10.9,2,control_period,10.9,50.00000000000071,
12.332676947000001,10.9,3,measurement_to_controller_cmd,,48.401817,True
12.33274755,10.9,3,control_period,10.9,50.00000000000071,
12.333421521,10.9,2,controller_to_actual_cmd,,0.8785489999999999,
12.333481226,10.9,3,controller_to_actual_cmd,,0.804279,
12.333815838000001,10.9,1,controller_to_actual_cmd,,1.43506,
12.352134663000001,10.92,3,detector_inference,,8.278376579284668,
12.35283746,10.92,2,camera_to_measurement,10.895,13.249093,True
12.352960020000001,10.92,2,detector_inference,,10.952901840209961,
12.382062074,10.950000000000001,2,measurement_to_controller_cmd,,29.224614,True
12.382184178000001,10.950000000000001,2,control_period,10.95,49.999999999998934,
12.382252788,10.950000000000001,3,measurement_to_controller_cmd,,29.177653,True
12.382303933000001,10.950000000000001,3,controller_to_actual_cmd,,0.051144999999999996,
12.382359923000001,10.950000000000001,3,control_period,10.95,49.999999999998934,
12.382917563000001,10.950000000000001,1,controller_to_actual_cmd,,0.060029,
12.383008687,10.950000000000001,1,control_period,10.95,49.999999999998934,
12.383074047000001,10.950000000000001,2,controller_to_actual_cmd,,1.011973,
12.415807042,10.98,1,camera_to_measurement,10.96,16.727684999999997,True
12.415965600000002,10.98,1,detector_inference,,15.199968338012695,
12.41839247,10.985000000000001,2,camera_to_measurement,10.96,15.382074,True
12.418518809,10.985000000000001,2,detector_inference,,13.32807731628418,
12.419192153000001,10.985000000000001,3,camera_to_measurement,10.96,11.844975999999999,True
12.41930832,10.985000000000001,3,detector_inference,,8.465204238891602,
12.431627027000001,11.0,2,measurement_to_controller_cmd,,13.234556999999999,True
12.431767957,11.0,2,control_period,11.0,50.00000000000071,
12.431858728,11.0,3,measurement_to_controller_cmd,,12.666575,True
12.431953043,11.0,3,control_period,11.0,50.00000000000071,
12.432360873,11.0,1,measurement_to_controller_cmd,,16.553831,True
12.432406965,11.0,1,controller_to_actual_cmd,,0.046092,
12.432457874,11.0,1,control_period,11.0,50.00000000000071,
12.432492514000002,11.0,2,controller_to_actual_cmd,,0.865487,
12.43252412,11.0,3,controller_to_actual_cmd,,0.665392,
12.472844815,11.040000000000001,1,detector_inference,,7.203765869140625,
12.473605950000001,11.040000000000001,1,camera_to_measurement,11.025,9.423601999999999,True
12.482799047,11.05,1,measurement_to_controller_cmd,,9.193097,True
12.483121516,11.05,2,control_period,11.05,50.00000000000071,
12.483442455,11.05,3,control_period,11.05,50.00000000000071,
12.483999819000001,11.05,1,controller_to_actual_cmd,,1.200772,
12.484088191000001,11.05,1,control_period,11.05,50.00000000000071,
12.484140445000001,11.05,2,controller_to_actual_cmd,,1.173931,
12.484190323,11.05,3,controller_to_actual_cmd,,0.921064,
12.485565990000001,11.05,3,detector_inference,,7.660501003265381,
12.486974184000001,11.05,3,camera_to_measurement,11.025,10.021573,True
12.533405036000001,11.100000000000001,1,controller_to_actual_cmd,,0.082754,
12.533554661,11.100000000000001,1,control_period,11.1,49.999999999998934,
12.533725650000001,11.100000000000001,2,controller_to_actual_cmd,,0.073577,
12.533839523000001,11.100000000000001,2,control_period,11.1,49.999999999998934,
12.533965625,11.100000000000001,3,measurement_to_controller_cmd,,46.991440999999995,True
12.534073605000001,11.100000000000001,3,controller_to_actual_cmd,,0.10797999999999999,
12.534146883,11.100000000000001,3,control_period,11.1,49.999999999998934,
12.539281625000001,11.105,1,camera_to_measurement,11.09,7.098561999999999,True
12.539349080000001,11.105,1,detector_inference,,5.934778213500977,
12.550259025,11.115,3,detector_inference,,9.187089920043945,
12.550933460000001,11.120000000000001,3,camera_to_measurement,11.09,12.247366999999999,True
12.581814405000001,11.15,1,measurement_to_controller_cmd,,42.532779999999995,True
12.581887255000002,11.15,3,measurement_to_controller_cmd,,30.953795,True
12.581969815,11.15,3,control_period,11.15,50.00000000000071,
12.582242609000001,11.15,1,controller_to_actual_cmd,,0.428204,
12.582293714,11.15,1,control_period,11.15,50.00000000000071,
12.582349137000001,11.15,2,controller_to_actual_cmd,,0.02361,
12.582379190000001,11.15,3,controller_to_actual_cmd,,0.49193499999999996,
12.582617598,11.15,2,control_period,11.15,50.00000000000071,
12.603353908,11.17,1,camera_to_measurement,11.155,9.993072999999999,True
12.60343548,11.17,1,detector_inference,,6.364150047302246,
12.609031081000001,11.175,3,camera_to_measurement,11.155,6.833419,True
12.609108512,11.175,3,detector_inference,,6.196149826049805,
12.631847651000001,11.200000000000001,1,measurement_to_controller_cmd,,28.493743,True
12.631915169,11.200000000000001,1,controller_to_actual_cmd,,0.067518,
12.631982462000002,11.200000000000001,1,control_period,11.2,49.999999999998934,
12.632047341000002,11.200000000000001,2,control_period,11.2,49.999999999998934,
12.632077154000001,11.200000000000001,3,measurement_to_controller_cmd,,23.046073,True
12.632114318000001,11.200000000000001,3,controller_to_actual_cmd,,0.037163999999999996,
12.632147906,11.200000000000001,3,control_period,11.2,49.999999999998934,
12.632409044000001,11.200000000000001,2,controller_to_actual_cmd,,0.392061,
12.682942759000001,11.25,1,control_period,11.25,50.00000000000071,
12.683108528,11.25,2,control_period,11.25,50.00000000000071,
12.683647321,11.25,1,controller_to_actual_cmd,,1.276662,
12.683712251000001,11.25,2,controller_to_actual_cmd,,0.672941,
12.685090711,11.25,2,camera_to_measurement,11.225,14.232913,True
12.685225158000001,11.25,2,detector_inference,,13.5309476852417,
12.685317112000002,11.25,3,control_period,11.25,50.00000000000071,
12.686087616,11.255,3,controller_to_actual_cmd,,2.312833,
12.687107046000001,11.255,1,camera_to_measurement,11.225,20.449203,True
12.68721852,11.255,1,detector_inference,,18.313095092773438,
12.68782816,11.255,3,detector_inference,,12.028985977172852,
12.734306035000001,11.3,3,measurement_to_controller_cmd,,46.537115,True
12.735099295000001,11.3,1,measurement_to_controller_cmd,,47.992249,True
12.735344456,11.3,1,controller_to_actual_cmd,,0.245161,
12.735498810000001,11.3,1,control_period,11.3,50.00000000000071,
12.738695878000001,11.3,2,measurement_to_controller_cmd,,53.605166999999994,True
12.738795404000001,11.3,2,control_period,11.3,50.00000000000071,
12.738841667,11.3,3,controller_to_actual_cmd,,4.535632,
12.738888014,11.3,3,control_period,11.3,50.00000000000071,
12.739412275000001,11.305000000000001,2,controller_to_actual_cmd,,0.716397,
12.743771947,11.31,1,detector_inference,,8.423469543457031,
12.752978117000001,11.32,2,camera_to_measurement,11.29,14.653625,True
12.753051252,11.32,2,detector_inference,,13.10368537902832,
12.753096011,11.32,3,detector_inference,,9.038389205932617,
12.753464515000001,11.32,3,camera_to_measurement,11.29,10.754294999999999,True
12.782112198,11.350000000000001,1,measurement_to_controller_cmd,,38.385422,True
12.782199567000001,11.350000000000001,1,control_period,11.35,49.999999999998934,
12.782257703,11.350000000000001,2,measurement_to_controller_cmd,,29.279586,True
12.782350028000002,11.350000000000001,2,control_period,11.35,49.999999999998934,
12.782458836,11.350000000000001,3,measurement_to_controller_cmd,,28.994321,True
12.782520069,11.350000000000001,3,control_period,11.35,49.999999999998934,
12.782824501,11.350000000000001,1,controller_to_actual_cmd,,0.712303,
12.78286538,11.350000000000001,2,controller_to_actual_cmd,,0.607677,
12.782916986,11.350000000000001,3,controller_to_actual_cmd,,0.45815,
12.801458199,11.370000000000001,1,camera_to_measurement,11.355,7.924962,True
12.801512856,11.370000000000001,1,detector_inference,,5.855485916137695,
12.80876446,11.375,3,detector_inference,,5.847876071929932,
12.809436385000001,11.375,3,camera_to_measurement,11.355,8.693969,True
12.831629601000001,11.4,1,measurement_to_controller_cmd,,30.171401999999997,True
12.831729556,11.4,1,control_period,11.4,50.00000000000071,
12.832128103,11.4,1,controller_to_actual_cmd,,0.498502,
12.83219663,11.4,2,controller_to_actual_cmd,,0.026184,
12.832250629,11.4,2,control_period,11.4,50.00000000000071,
12.832280921,11.4,3,measurement_to_controller_cmd,,22.844535999999998,True
12.832308840000001,11.4,3,controller_to_actual_cmd,,0.027919,
12.832340760000001,11.4,3,control_period,11.4,50.00000000000071,
12.869542689000001,11.435,1,camera_to_measurement,11.42,9.963395,True
12.869664309000001,11.435,1,detector_inference,,7.754509925842285,
12.882819436,11.450000000000001,1,measurement_to_controller_cmd,,13.276746999999999,True
12.882900202,11.450000000000001,1,controller_to_actual_cmd,,0.08076599999999999,
12.882974346000001,11.450000000000001,1,control_period,11.45,49.999999999998934,
12.883053633000001,11.450000000000001,2,controller_to_actual_cmd,,0.034794,
12.883105528000002,11.450000000000001,2,control_period,11.45,49.999999999998934,
12.883187337,11.450000000000001,3,controller_to_actual_cmd,,0.031831,
12.883249930000002,11.450000000000001,3,control_period,11.45,49.999999999998934,
12.932737041000001,11.5,1,control_period,11.5,50.00000000000071,
12.934883251,11.5,3,controller_to_actual_cmd,,2.85012,
12.935029619000002,11.5,3,control_period,11.5,50.00000000000071,
12.935807035000002,11.505,1,controller_to_actual_cmd,,3.1338079999999997,
12.935995031000001,11.505,2,controller_to_actual_cmd,,0.07833799999999999,
12.936117566,11.505,2,control_period,11.5,50.00000000000071,
12.941012615,11.510000000000002,1,camera_to_measurement,11.485,14.626539999999999,True
12.941121155000001,11.510000000000002,1,detector_inference,,12.380099296569824,
12.982019930000002,11.55,2,control_period,11.55,50.00000000000071,
12.982104014,11.55,3,controller_to_actual_cmd,,0.027721,
12.982145225,11.55,3,control_period,11.55,50.00000000000071,
12.982462191000002,11.55,1,measurement_to_controller_cmd,,41.449576,True
12.982507812000001,11.55,1,control_period,11.55,50.00000000000071,
12.982537085,11.55,2,controller_to_actual_cmd,,0.599181,
12.982775152,11.55,1,controller_to_actual_cmd,,0.312961,
13.007680284000001,11.575000000000001,2,detector_inference,,10.749031066894531,
13.008091129,11.575000000000001,2,camera_to_measurement,11.555,12.739104,True
13.008862632000001,11.575000000000001,3,detector_inference,,9.487813949584961,
13.009192983,11.575000000000001,3,camera_to_measurement,11.555,11.225050999999999,True
13.031742262000002,11.600000000000001,1,controller_to_actual_cmd,,0.273302,
13.031806148000001,11.600000000000001,1,control_period,11.6,49.999999999998934,
13.031838955000001,11.600000000000001,2,measurement_to_controller_cmd,,23.747826,True
13.031868652,11.600000000000001,2,controller_to_actual_cmd,,0.029696999999999998,
13.031900393,11.600000000000001,2,control_period,11.6,49.999999999998934,
13.03215883,11.600000000000001,3,measurement_to_controller_cmd,,22.965847,True
13.032214586,11.600000000000001,3,control_period,11.6,49.999999999998934,
13.032454338,11.600000000000001,3,controller_to_actual_cmd,,0.295508,
13.080320080000002,11.645000000000001,2,detector_inference,,13.44817066192627,
13.081121573,11.645000000000001,2,camera_to_measurement,11.62,15.388485,True
13.082119976000001,11.65,3,camera_to_measurement,11.62,13.049475,True
13.082256555,11.65,3,detector_inference,,10.3561372756958,
13.082365892,11.65,3,measurement_to_controller_cmd,,0.245916,True
13.083034349,11.65,1,camera_to_measurement,11.62,21.846072,True
13.083146669000001,11.65,1,detector_inference,,18.755308151245117,
13.083254216,11.65,2,measurement_to_controller_cmd,,2.132643,True
13.083369705,11.65,2,control_period,11.65,50.00000000000071,
13.08347256,11.65,3,controller_to_actual_cmd,,1.106668,
13.083603448000002,11.65,3,control_period,11.65,50.00000000000071,
13.084210870000001,11.65,1,measurement_to_controller_cmd,,1.176521,True
13.084305538,11.65,1,controller_to_actual_cmd,,0.094668,
13.084402325000001,11.65,1,control_period,11.65,50.00000000000071,
13.084481804000001,11.65,2,controller_to_actual_cmd,,1.227588,
13.132548333,11.700000000000001,1,controller_to_actual_cmd,,0.061867,
13.132637853,11.700000000000001,1,control_period,11.7,49.999999999998934,
13.132718726,11.700000000000001,2,control_period,11.7,49.999999999998934,
13.132815305000001,11.700000000000001,3,control_period,11.7,49.999999999998934,
13.133173654,11.700000000000001,2,controller_to_actual_cmd,,0.49401,
13.133237359,11.700000000000001,3,controller_to_actual_cmd,,0.464642,
13.138972563000001,11.705,1,camera_to_measurement,11.685,11.989640999999999,True
13.139077577,11.705,1,detector_inference,,10.992140769958496,
13.139643715,11.705,2,camera_to_measurement,11.685,8.90208,True
13.139739109,11.705,2,detector_inference,,6.987061023712158,
13.143877186000001,11.71,3,camera_to_measurement,11.685,6.735975,True
13.144002249000001,11.71,3,detector_inference,,5.427003860473633,
13.181686509,11.75,2,measurement_to_controller_cmd,,42.042794,True
13.181787435,11.75,2,control_period,11.75,50.00000000000071,
13.181868578000001,11.75,3,measurement_to_controller_cmd,,37.991392,True
13.182330505000001,11.75,1,measurement_to_controller_cmd,,43.357942,True
13.182377870000002,11.75,2,controller_to_actual_cmd,,0.691361,
13.182417125,11.75,3,controller_to_actual_cmd,,0.548547,
13.182474959,11.75,3,control_period,11.75,50.00000000000071,
13.18281565,11.75,1,controller_to_actual_cmd,,0.485145,
13.182874837,11.75,1,control_period,11.75,50.00000000000071,
13.202880388,11.770000000000001,1,camera_to_measurement,11.75,13.016219,True
13.202962318,11.770000000000001,1,detector_inference,,10.116881370544434,
13.208692503,11.775,2,detector_inference,,10.393696784973145,
13.209133124000001,11.775,2,camera_to_measurement,11.75,14.184557,True
13.215096604000001,11.780000000000001,3,camera_to_measurement,11.75,10.785202,True
13.215254080000001,11.780000000000001,3,detector_inference,,7.048295974731445,
13.231624735,11.8,1,measurement_to_controller_cmd,,28.744346999999998,True
13.232127338000002,11.8,1,controller_to_actual_cmd,,0.502603,
13.232233875,11.8,1,control_period,11.8,50.00000000000071,
13.232288593000002,11.8,2,measurement_to_controller_cmd,,23.155469,True
13.232329099000001,11.8,2,controller_to_actual_cmd,,0.040506,
13.232368762,11.8,2,control_period,11.8,50.00000000000071,
13.232401390000001,11.8,3,measurement_to_controller_cmd,,17.304786,True
13.23243429,11.8,3,controller_to_actual_cmd,,0.0329,
13.23247057,11.8,3,control_period,11.8,50.00000000000071,
13.269326576000001,11.835,2,detector_inference,,8.468612670898438,
13.269700498,11.835,1,detector_inference,,12.57368278503418,
13.269793089,11.835,2,camera_to_measurement,11.815,10.037828,True
13.270130828000001,11.835,1,camera_to_measurement,11.815,14.456638,True
13.277005159000002,11.845,3,camera_to_measurement,11.815,13.002803,True
13.277071716,11.845,3,detector_inference,,9.410673141479492,
13.283107327000002,11.850000000000001,1,measurement_to_controller_cmd,,12.976498999999999,True
13.283254803,11.850000000000001,1,controller_to_actual_cmd,,0.147476,
13.283405491000002,11.850000000000001,1,control_period,11.85,49.999999999998934,
13.283520687000001,11.850000000000001,3,measurement_to_controller_cmd,,6.515528,True
13.283614713,11.850000000000001,3,control_period,11.85,49.999999999998934,
13.284485009,11.850000000000001,2,measurement_to_controller_cmd,,14.69192,True
13.284588629000002,11.850000000000001,2,controller_to_actual_cmd,,0.10361999999999999,
13.284698809,11.850000000000001,2,control_period,11.85,49.999999999998934,
13.284783993000001,11.850000000000001,3,controller_to_actual_cmd,,1.263306,
13.333469106,11.9,1,control_period,11.9,50.00000000000071,
13.333579651,11.9,2,control_period,11.9,50.00000000000071,
13.333667888,11.9,3,controller_to_actual_cmd,,0.037101999999999996,
13.333713831,11.9,3,control_period,11.9,50.00000000000071,
13.334022144,11.9,1,controller_to_actual_cmd,,1.160999,
13.334600746000001,11.9,2,controller_to_actual_cmd,,1.063674,
13.346734744,11.915000000000001,1,camera_to_measurement,11.885,17.384968999999998,True
13.346821171,11.915000000000001,1,detector_inference,,13.66466236114502,
13.381978352,11.950000000000001,1,measurement_to_controller_cmd,,35.243608,True
13.38212447,11.950000000000001,1,control_period,11.95,49.999999999998934,
13.382432136,11.950000000000001,2,control_period,11.95,49.999999999998934,
13.382742214,11.950000000000001,1,controller_to_actual_cmd,,0.7638619999999999,
13.382784129000001,11.950000000000001,2,controller_to_actual_cmd,,0.414367,
13.382837639000002,11.950000000000001,3,controller_to_actual_cmd,,0.023679,
13.382873579,11.950000000000001,3,control_period,11.95,49.999999999998934,
13.400511191000001,11.965,2,detector_inference,,6.765452861785889,
13.401334333000001,11.97,2,camera_to_measurement,11.95,8.428128,True
13.408855286000001,11.975000000000001,3,detector_inference,,9.806678771972656,
13.409427549,11.975000000000001,3,camera_to_measurement,11.95,12.027344999999999,True
13.431762034,12.0,1,controller_to_actual_cmd,,0.030362,
13.431821609,12.0,1,control_period,12.0,50.00000000000071,
13.431865321,12.0,2,measurement_to_controller_cmd,,30.530987999999997,True
13.431901100000001,12.0,2,controller_to_actual_cmd,,0.035779,
13.431935389000001,12.0,2,control_period,12.0,50.00000000000071,
13.431964598,12.0,3,measurement_to_controller_cmd,,22.537049,True
13.431991609,12.0,3,controller_to_actual_cmd,,0.027011,
13.4320228,12.0,3,control_period,12.0,50.00000000000071,
13.472060034,12.040000000000001,2,camera_to_measurement,12.015,9.723431999999999,True
13.472178799000002,12.040000000000001,2,detector_inference,,6.645738124847412,
13.482476488000001,12.05,1,control_period,12.05,50.00000000000071,
13.482575845000001,12.05,2,measurement_to_controller_cmd,,10.515811,True
13.482673929,12.05,2,control_period,12.05,50.00000000000071,
13.482818209000001,12.05,3,control_period,12.05,50.00000000000071,
13.483316851000001,12.05,1,controller_to_actual_cmd,,0.9469529999999999,
13.483375244000001,12.05,2,controller_to_actual_cmd,,0.799399,
13.483419016000001,12.05,3,controller_to_actual_cmd,,0.670844,
13.532448945,12.100000000000001,3,control_period,12.1,49.999999999998934,
13.533162522000001,12.100000000000001,1,controller_to_actual_cmd,,1.003499,
13.533307805000002,12.100000000000001,1,control_period,12.1,49.999999999998934,
13.533417380000001,12.100000000000001,2,controller_to_actual_cmd,,1.192669,
13.533533701000001,12.100000000000001,2,control_period,12.1,49.999999999998934,
13.533635116000001,12.100000000000001,3,controller_to_actual_cmd,,1.3554309999999998,
13.582727762000001,12.15,3,controller_to_actual_cmd,,0.551037,
13.582882159,12.15,3,control_period,12.15,50.00000000000071,
13.585830192000001,12.15,1,control_period,12.15,50.00000000000071,
13.586040516,12.15,2,control_period,12.15,50.00000000000071,
13.586966961000002,12.155000000000001,1,controller_to_actual_cmd,,1.288398,
13.587044451,12.155000000000001,2,controller_to_actual_cmd,,1.084968,
13.593522428,12.16,1,detector_inference,,7.57980489730835,
13.593920536,12.16,1,camera_to_measurement,12.145,8.613013,True
13.603071647,12.17,3,camera_to_measurement,12.145,6.771274999999999,True
13.603145582000002,12.17,3,detector_inference,,5.429382801055908,
13.631785776000001,12.200000000000001,2,control_period,12.2,49.999999999998934,
13.631824074,12.200000000000001,3,measurement_to_controller_cmd,,28.752426999999997,True
13.631854759000001,12.200000000000001,3,controller_to_actual_cmd,,0.030684999999999997,
13.63188865,12.200000000000001,3,control_period,12.2,49.999999999998934,
13.632128767000001,12.200000000000001,1,measurement_to_controller_cmd,,38.208231,True
13.632162951000002,12.200000000000001,2,controller_to_actual_cmd,,0.429541,
13.632387605000002,12.200000000000001,1,controller_to_actual_cmd,,0.258838,
13.632427413,12.200000000000001,1,control_period,12.2,49.999999999998934,
13.666493593,12.235000000000001,1,detector_inference,,7.53223991394043,
13.667193694000002,12.235000000000001,1,camera_to_measurement,12.215,11.598353,True
13.674721175,12.24,3,detector_inference,,7.869430065155029,
13.675450871,12.24,3,camera_to_measurement,12.215,10.576172,True
13.682557071000002,12.25,1,measurement_to_controller_cmd,,15.363377,True
13.682746874000001,12.25,1,control_period,12.25,50.00000000000071,
13.682998963000001,12.25,2,controller_to_actual_cmd,,0.093983,
13.68313831,12.25,2,control_period,12.25,50.00000000000071,
13.683298484000002,12.25,3,measurement_to_controller_cmd,,7.847613,True
13.684065439000001,12.25,1,controller_to_actual_cmd,,1.508368,
13.684184755,12.25,3,controller_to_actual_cmd,,0.8862709999999999,
13.684337202,12.25,3,control_period,12.25,50.00000000000071,
13.732906162,12.3,1,detector_inference,,7.764149188995361,
13.733024341,12.3,2,control_period,12.3,50.00000000000071,
13.733506082000002,12.3,1,camera_to_measurement,12.28,8.902744,True
13.733593522000001,12.3,3,control_period,12.3,50.00000000000071,
13.733990632000001,12.3,1,measurement_to_controller_cmd,,0.48455,True
13.734037168,12.3,1,controller_to_actual_cmd,,0.046536,
13.734086619000001,12.3,1,control_period,12.3,50.00000000000071,
13.736472938,12.305000000000001,2,controller_to_actual_cmd,,3.5057519999999998,
13.736527213,12.305000000000001,3,controller_to_actual_cmd,,3.4442649999999997,
13.751979721000001,12.32,3,camera_to_measurement,12.28,16.530554,True
13.752118019000001,12.32,3,detector_inference,,14.095608711242676,
13.783642119000001,12.350000000000001,3,measurement_to_controller_cmd,,31.662398,True
13.783756329000001,12.350000000000001,3,control_period,12.35,49.999999999998934,
13.787419592000001,12.350000000000001,1,control_period,12.35,49.999999999998934,
13.787547841,12.350000000000001,2,controller_to_actual_cmd,,3.9607859999999997,
13.787687372,12.350000000000001,2,control_period,12.35,49.999999999998934,
13.788486991000001,12.355,1,controller_to_actual_cmd,,1.2546599999999999,
13.788602761000002,12.355,3,controller_to_actual_cmd,,4.960642,
13.795083389,12.360000000000001,1,detector_inference,,7.654428958892822,
13.795558213000001,12.360000000000001,1,camera_to_measurement,12.345,8.783733,True
13.806143068,12.375,3,detector_inference,,5.727019786834717,
13.806845877,12.375,3,camera_to_measurement,12.345,8.366889,True
13.831845198000002,12.4,1,measurement_to_controller_cmd,,36.286985,True
13.831920926,12.4,1,control_period,12.4,50.00000000000071,
13.83199128,12.4,2,control_period,12.4,50.00000000000071,
13.832021081,12.4,3,measurement_to_controller_cmd,,25.175203999999997,True
13.83230823,12.4,1,controller_to_actual_cmd,,0.463032,
13.832345632000001,12.4,2,controller_to_actual_cmd,,0.386494,
13.832381878000001,12.4,3,controller_to_actual_cmd,,0.360797,
13.832419844,12.4,3,control_period,12.4,50.00000000000071,
13.874567878,12.440000000000001,2,detector_inference,,11.745528221130371,
13.874686901,12.440000000000001,3,detector_inference,,7.660865783691406,
13.875416219000002,12.440000000000001,2,camera_to_measurement,12.41,14.355912,True
13.875580897,12.440000000000001,3,camera_to_measurement,12.41,9.572521,True
13.882440509,12.450000000000001,2,measurement_to_controller_cmd,,7.02429,True
13.882593744000001,12.450000000000001,2,control_period,12.45,49.999999999998934,
13.882700402000001,12.450000000000001,3,measurement_to_controller_cmd,,7.119504999999999,True
13.882824798000001,12.450000000000001,3,control_period,12.45,49.999999999998934,
13.883682374000001,12.450000000000001,1,controller_to_actual_cmd,,0.101869,
13.883855724,12.450000000000001,1,control_period,12.45,49.999999999998934,
13.884705577,12.450000000000001,2,controller_to_actual_cmd,,2.265068,
13.884831515,12.450000000000001,3,controller_to_actual_cmd,,2.131113,
13.935280575,12.5,1,camera_to_measurement,12.475,17.258174999999998,True
13.935353214000001,12.5,1,detector_inference,,11.939870834350586,
13.935403047000001,12.5,1,measurement_to_controller_cmd,,0.122472,True
13.935445981,12.5,1,controller_to_actual_cmd,,0.042934,
13.935492737,12.5,1,control_period,12.5,50.00000000000071,
13.935665364,12.5,3,controller_to_actual_cmd,,0.054723999999999995,
13.935754473000001,12.5,3,control_period,12.5,50.00000000000071,
13.93715154,12.505,2,controller_to_actual_cmd,,1.597964,
13.937239161,12.505,2,control_period,12.5,50.00000000000071,
13.944522518000001,12.510000000000002,2,camera_to_measurement,12.475,23.651123,True
13.944646875,12.510000000000002,2,detector_inference,,20.923442840576172,
13.944764725,12.510000000000002,3,camera_to_measurement,12.475,16.47314,True
13.944899758,12.510000000000002,3,detector_inference,,12.858752250671387,
13.982081966,12.55,2,measurement_to_controller_cmd,,37.559447999999996,True
13.982209308000002,12.55,3,measurement_to_controller_cmd,,37.444583,True
13.982349647000001,12.55,3,control_period,12.55,50.00000000000071,
13.982894175,12.55,1,controller_to_actual_cmd,,0.036257,
13.982951806,12.55,1,control_period,12.55,50.00000000000071,
13.982988532,12.55,2,controller_to_actual_cmd,,0.906566,
13.983027118,12.55,2,control_period,12.55,50.00000000000071,
13.983059597,12.55,3,controller_to_actual_cmd,,0.850289,
14.031717006000001,12.600000000000001,1,control_period,12.6,49.999999999998934,
14.031838544000001,12.600000000000001,2,control_period,12.6,49.999999999998934,
14.031945113,12.600000000000001,3,control_period,12.6,49.999999999998934,
14.032303538,12.600000000000001,1,controller_to_actual_cmd,,0.657856,
14.032343982,12.600000000000001,2,controller_to_actual_cmd,,0.559715,
14.032373985000001,12.600000000000001,3,controller_to_actual_cmd,,0.479273,
14.068031011,12.635000000000002,2,detector_inference,,11.026972770690918,
14.068662558000002,12.635000000000002,2,camera_to_measurement,12.61,13.19974,True
14.068853595,12.635000000000002,3,detector_inference,,8.023076057434082,
14.082701498,12.65,3,measurement_to_controller_cmd,,13.919203999999999,True
14.082850383,12.65,3,controller_to_actual_cmd,,0.148885,
14.083013344000001,12.65,3,control_period,12.65,50.00000000000071,
14.083818046000001,12.65,1,controller_to_actual_cmd,,1.242765,
14.083964484000001,12.65,1,control_period,12.65,50.00000000000071,
14.084066274000001,12.65,2,measurement_to_controller_cmd,,15.403716,True
14.084179429,12.65,2,control_period,12.65,50.00000000000071,
14.084736313,12.65,2,controller_to_actual_cmd,,0.6700389999999999,
14.128844565000001,12.695,1,detector_inference,,12.063109397888184,
14.129525269,12.695,1,camera_to_measurement,12.675,14.395375999999999,True
14.129598033,12.695,2,camera_to_measurement,12.675,10.226443,True
14.129638700000001,12.695,2,detector_inference,,9.030854225158691,
14.133054839000001,12.700000000000001,1,measurement_to_controller_cmd,,3.5295699999999997,True
14.133096997,12.700000000000001,1,controller_to_actual_cmd,,0.042158,
14.133162647,12.700000000000001,1,control_period,12.7,49.999999999998934,
14.133198234000002,12.700000000000001,2,measurement_to_controller_cmd,,3.6002009999999998,True
14.133248109,12.700000000000001,2,controller_to_actual_cmd,,0.049874999999999996,
14.133289963000001,12.700000000000001,2,control_period,12.7,49.999999999998934,
14.133324153,12.700000000000001,3,controller_to_actual_cmd,,0.623445,
14.133361369000001,12.700000000000001,3,control_period,12.7,49.999999999998934,
14.137384378,12.705,3,detector_inference,,6.16103982925415,
14.137976210000001,12.705,3,camera_to_measurement,12.675,7.072654999999999,True
14.182752044,12.75,2,control_period,12.75,50.00000000000071,
14.182833516,12.75,3,measurement_to_controller_cmd,,44.857306,True
14.182912809000001,12.75,3,control_period,12.75,50.00000000000071,
14.183652629000001,12.75,1,controller_to_actual_cmd,,0.058559999999999994,
14.183751675000002,12.75,1,control_period,12.75,50.00000000000071,
14.183803970000001,12.75,2,controller_to_actual_cmd,,1.150888,
14.183841632,12.75,3,controller_to_actual_cmd,,1.008116,
14.193777128,12.760000000000002,1,detector_inference,,14.51484489440918,
14.231765208,12.8,1,measurement_to_controller_cmd,,38.039653,True
14.231825691000001,12.8,1,controller_to_actual_cmd,,0.060482999999999995,
14.231880827000001,12.8,1,control_period,12.8,50.00000000000071,
14.231934316,12.8,2,controller_to_actual_cmd,,0.022737,
14.231972652000001,12.8,2,control_period,12.8,50.00000000000071,
14.232024049000001,12.8,3,controller_to_actual_cmd,,0.023181,
14.232056138,12.8,3,control_period,12.8,50.00000000000071,
14.262219496,12.83,3,camera_to_measurement,12.805,7.413431999999999,True
14.262323462000001,12.83,3,detector_inference,,6.527912139892578,
14.282468028,12.850000000000001,3,measurement_to_controller_cmd,,20.248531999999997,True
14.282761062,12.850000000000001,2,controller_to_actual_cmd,,0.32798,
14.282829859000001,12.850000000000001,2,control_period,12.85,49.999999999998934,
14.282868496,12.850000000000001,3,controller_to_actual_cmd,,0.400468,
14.282911177,12.850000000000001,3,control_period,12.85,49.999999999998934,
14.283232934,12.850000000000001,1,control_period,12.85,49.999999999998934,
14.283506189,12.850000000000001,1,controller_to_actual_cmd,,0.322662,
14.332297986,12.9,1,control_period,12.9,50.00000000000071,
14.332523654000001,12.9,2,control_period,12.9,50.00000000000071,
14.332718678,12.9,3,control_period,12.9,50.00000000000071,
14.333294227000001,12.9,1,controller_to_actual_cmd,,1.129222,
14.333385199,12.9,2,controller_to_actual_cmd,,0.9572839999999999,
14.333464730000001,12.9,3,controller_to_actual_cmd,,0.839565,
14.33686151,12.905000000000001,2,camera_to_measurement,12.875,16.952272999999998,True
14.336986738,12.905000000000001,2,detector_inference,,13.760068893432617,
14.337094571000002,12.905000000000001,3,camera_to_measurement,12.875,9.709163,True
14.337179288000002,12.905000000000001,3,detector_inference,,8.20501708984375,
14.382810117000002,12.950000000000001,1,control_period,12.95,49.999999999998934,
14.382886137000002,12.950000000000001,2,measurement_to_controller_cmd,,46.024626999999995,True
14.383075365000002,12.950000000000001,2,control_period,12.95,49.999999999998934,
14.383235696000002,12.950000000000001,3,measurement_to_controller_cmd,,46.141124999999995,True
14.383368820000001,12.950000000000001,3,control_period,12.95,49.999999999998934,
14.384135966,12.950000000000001,1,controller_to_actual_cmd,,1.412517,
14.384366438,12.950000000000001,2,controller_to_actual_cmd,,1.4803009999999999,
14.387037118,12.955,3,controller_to_actual_cmd,,3.8014219999999996,
14.396699314000001,12.965000000000002,2,camera_to_measurement,12.94,15.586829,True
14.396763988,12.965000000000002,2,detector_inference,,13.797202110290527,
14.397979382,12.965000000000002,1,camera_to_measurement,12.94,19.575869,True
14.398054902,12.965000000000002,1,detector_inference,,17.698532104492188,
14.398428379,12.965000000000002,3,camera_to_measurement,12.94,12.079225,True
14.398476979000002,12.965000000000002,3,detector_inference,,10.8511962890625,
14.431319043,13.0,2,measurement_to_controller_cmd,,34.619729,True
14.431611296000002,13.0,2,controller_to_actual_cmd,,0.292253,
14.431667562000001,13.0,2,control_period,13.0,50.00000000000071,
14.431996516000002,13.0,1,measurement_to_controller_cmd,,34.017134,True
14.432068594,13.0,1,control_period,13.0,50.00000000000071,
14.432107,13.0,3,measurement_to_controller_cmd,,33.678621,True
14.432143013000001,13.0,3,control_period,13.0,50.00000000000071,
14.432378156,13.0,1,controller_to_actual_cmd,,0.38164,
14.432413118000001,13.0,3,controller_to_actual_cmd,,0.306118,
14.456515279000001,13.025,1,detector_inference,,7.849613189697266,
14.456959105000001,13.025,1,camera_to_measurement,13.005,10.856354,True
14.468813746,13.035,3,detector_inference,,13.75827407836914,
14.469213847,13.035,3,camera_to_measurement,13.005,16.050241,True
14.482935546,13.05,1,measurement_to_controller_cmd,,25.976440999999998,True
14.483138687,13.05,1,controller_to_actual_cmd,,0.203141,
14.483372503000002,13.05,1,control_period,13.05,50.00000000000071,
14.484158398000002,13.05,2,controller_to_actual_cmd,,0.052552999999999996,
14.484255905000001,13.05,2,control_period,13.05,50.00000000000071,
14.484307175000001,13.05,3,measurement_to_controller_cmd,,15.093328,True
14.484352972000002,13.05,3,controller_to_actual_cmd,,0.045797,
14.484400534,13.05,3,control_period,13.05,50.00000000000071,
14.529199885,13.095,1,detector_inference,,15.7964448928833,
14.529957769000001,13.095,1,camera_to_measurement,13.07,18.530585,True
14.530113703000001,13.095,2,camera_to_measurement,13.07,12.915647,True
14.530237913,13.095,2,detector_inference,,11.497976303100586,
14.531654516000001,13.100000000000001,1,measurement_to_controller_cmd,,1.696747,True
14.532331345000001,13.100000000000001,1,controller_to_actual_cmd,,0.676829,
14.532408326,13.100000000000001,1,control_period,13.1,49.999999999998934,
14.53245186,13.100000000000001,2,measurement_to_controller_cmd,,2.338157,True
14.53249094,13.100000000000001,2,controller_to_actual_cmd,,0.03908,
14.53253323,13.100000000000001,2,control_period,13.1,49.999999999998934,
14.532597440000002,13.100000000000001,3,controller_to_actual_cmd,,0.028293,
14.532638402000002,13.100000000000001,3,control_period,13.1,49.999999999998934,
14.536716770000002,13.105,3,detector_inference,,8.88979434967041,
14.537024019,13.105,3,camera_to_measurement,13.07,12.82639,True
14.582998094,13.15,1,controller_to_actual_cmd,,0.035626,
14.583098403000001,13.15,1,control_period,13.15,50.00000000000071,
14.583179343000001,13.15,2,controller_to_actual_cmd,,0.030607,
14.583236070000002,13.15,2,control_period,13.15,50.00000000000071,
14.583815501,13.15,3,measurement_to_controller_cmd,,46.791481999999995,True
14.583924261000002,13.15,3,control_period,13.15,50.00000000000071,
14.584460698000001,13.15,3,controller_to_actual_cmd,,0.645197,
14.591277433,13.16,1,detector_inference,,14.621875762939453,
14.592118823000002,13.16,1,camera_to_measurement,13.135,17.247281,True
14.596093423000001,13.165000000000001,2,detector_inference,,14.252432823181152,
14.596695759000001,13.165000000000001,2,camera_to_measurement,13.135,17.437385,True
14.632059568,13.200000000000001,1,measurement_to_controller_cmd,,39.940745,True
14.632107923000001,13.200000000000001,1,controller_to_actual_cmd,,0.048354999999999995,
14.632171016000001,13.200000000000001,1,control_period,13.2,49.999999999998934,
14.632210345,13.200000000000001,2,measurement_to_controller_cmd,,35.514586,True
14.632242413,13.200000000000001,2,controller_to_actual_cmd,,0.032068,
14.632275744000001,13.200000000000001,2,control_period,13.2,49.999999999998934,
14.632325552000001,13.200000000000001,3,controller_to_actual_cmd,,0.022465,
14.632357235,13.200000000000001,3,control_period,13.2,49.999999999998934,
14.666674706,13.235000000000001,2,camera_to_measurement,13.205,14.732937999999999,True
14.666811435000001,13.235000000000001,2,detector_inference,,12.060752868652344,
14.667549141,13.235000000000001,1,detector_inference,,21.050979614257812,
14.668193059,13.235000000000001,1,camera_to_measurement,13.205,23.025828,True
14.67303655,13.24,3,detector_inference,,15.24578857421875,
14.673747788000002,13.24,3,camera_to_measurement,13.205,18.724134,True
14.682662526000001,13.25,2,measurement_to_controller_cmd,,15.98782,True
14.682831735,13.25,2,control_period,13.25,50.00000000000071,
14.682937012000002,13.25,3,measurement_to_controller_cmd,,9.189224,True
14.683055445,13.25,3,control_period,13.25,50.00000000000071,
14.683777345000001,13.25,1,measurement_to_controller_cmd,,15.584285999999999,True
14.683889187,13.25,1,controller_to_actual_cmd,,0.111842,
14.684003101,13.25,1,control_period,13.25,50.00000000000071,
14.684097364000001,13.25,2,controller_to_actual_cmd,,1.4348379999999998,
14.684193572000002,13.25,3,controller_to_actual_cmd,,1.25656,
14.719128967000001,13.285,1,camera_to_measurement,13.27,8.35064,True
14.719271934000002,13.285,1,detector_inference,,7.15145206451416,
14.72848276,13.295000000000002,3,detector_inference,,6.251811981201172,
14.728855924000001,13.295000000000002,3,camera_to_measurement,13.27,7.4310149999999995,True
14.732108947,13.3,1,measurement_to_controller_cmd,,12.97998,True
14.732155973000001,13.3,1,controller_to_actual_cmd,,0.047026,
14.732228281000001,13.3,1,control_period,13.3,50.00000000000071,
14.732314538,13.3,2,control_period,13.3,50.00000000000071,
14.732350190000002,13.3,3,measurement_to_controller_cmd,,3.4942659999999997,True
14.732383613000001,13.3,3,controller_to_actual_cmd,,0.033423,
14.732423721000002,13.3,3,control_period,13.3,50.00000000000071,
14.732731298000001,13.3,2,controller_to_actual_cmd,,0.460462,
14.782891552,13.350000000000001,1,control_period,13.35,49.999999999998934,
14.783088439,13.350000000000001,2,controller_to_actual_cmd,,0.06656,
14.783186928000001,13.350000000000001,2,control_period,13.35,49.999999999998934,
14.783368439,13.350000000000001,3,controller_to_actual_cmd,,0.04869,
14.783429448000001,13.350000000000001,3,control_period,13.35,49.999999999998934,
14.783767599,13.350000000000001,1,camera_to_measurement,13.335,8.931972,True
14.783815372000001,13.350000000000001,1,detector_inference,,8.034897804260254,
14.783853928000001,13.350000000000001,1,controller_to_actual_cmd,,1.08412,
14.831846356000002,13.4,1,measurement_to_controller_cmd,,48.078756999999996,True
14.831967337000002,13.4,1,control_period,13.4,50.00000000000071,
14.832168277000001,13.4,2,control_period,13.4,50.00000000000071,
14.832322002000002,13.4,3,control_period,13.4,50.00000000000071,
14.832600036,13.4,1,controller_to_actual_cmd,,0.75368,
14.832638751000001,13.4,2,controller_to_actual_cmd,,0.572974,
14.832674962,13.4,3,controller_to_actual_cmd,,0.398362,
14.858373294000002,13.425,1,camera_to_measurement,13.4,16.437614,True
14.858446339,13.425,1,detector_inference,,14.297969818115234,
14.867919307000001,13.435,3,camera_to_measurement,13.4,11.177947,True
14.868002947,13.435,3,detector_inference,,8.790081024169922,
14.868651095,13.435,2,detector_inference,,18.51028823852539,
14.868979463,13.435,2,camera_to_measurement,13.4,19.802453999999997,True
14.882571849000001,13.450000000000001,1,measurement_to_controller_cmd,,24.198555,True
14.882631150000002,13.450000000000001,1,controller_to_actual_cmd,,0.059301,
14.882699704,13.450000000000001,1,control_period,13.45,49.999999999998934,
14.882746697000002,13.450000000000001,2,measurement_to_controller_cmd,,13.767234,True
14.882801465000002,13.450000000000001,3,measurement_to_controller_cmd,,14.882157999999999,True
14.882871477,13.450000000000001,3,control_period,13.45,49.999999999998934,
14.883371848000001,13.450000000000001,2,controller_to_actual_cmd,,0.625151,
14.883432319,13.450000000000001,2,control_period,13.45,49.999999999998934,
14.883475675000001,13.450000000000001,3,controller_to_actual_cmd,,0.67421,
14.920887810000002,13.485000000000001,1,detector_inference,,12.056756973266602,
14.922163821000002,13.49,1,camera_to_measurement,13.465,15.942825,True
14.923621969000001,13.49,2,camera_to_measurement,13.465,12.50558,True
14.923751043000001,13.49,2,detector_inference,,11.229301452636719,
14.932597121,13.5,2,measurement_to_controller_cmd,,8.975152,True
14.932653919000002,13.5,2,controller_to_actual_cmd,,0.056797999999999994,
14.932730630000002,13.5,2,control_period,13.5,50.00000000000071,
14.932819933000001,13.5,3,controller_to_actual_cmd,,0.034747,
14.932875288000002,13.5,3,control_period,13.5,50.00000000000071,
14.933254635,13.5,1,measurement_to_controller_cmd,,11.090814,True
14.933321004000002,13.5,1,control_period,13.5,50.00000000000071,
14.933679883000002,13.5,1,controller_to_actual_cmd,,0.42524799999999996,
14.934448267,13.5,3,detector_inference,,16.337873458862305,
14.934772473,13.5,3,camera_to_measurement,13.465,18.832046,True
14.982115979000001,13.55,1,control_period,13.55,50.00000000000071,
14.982237587,13.55,3,measurement_to_controller_cmd,,47.465114,True
14.98230526,13.55,3,control_period,13.55,50.00000000000071,
14.982712515000001,13.55,1,controller_to_actual_cmd,,0.681364,
14.982776634,13.55,2,control_period,13.55,50.00000000000071,
14.982823448000001,13.55,3,controller_to_actual_cmd,,0.585861,
14.983288768000001,13.55,2,controller_to_actual_cmd,,1.1023429999999999,
14.989539498000001,13.555000000000001,1,camera_to_measurement,13.535,13.062424,True
14.989608004,13.555000000000001,1,detector_inference,,11.653703689575195,
15.031946994,13.600000000000001,1,measurement_to_controller_cmd,,42.407495999999995,True
15.032064106000002,13.600000000000001,1,controller_to_actual_cmd,,0.117112,
15.032166429,13.600000000000001,1,control_period,13.6,49.999999999998934,
15.032425519,13.600000000000001,2,controller_to_actual_cmd,,0.043299,
15.032492014,13.600000000000001,2,control_period,13.6,49.999999999998934,
15.032825882000001,13.600000000000001,3,controller_to_actual_cmd,,0.29060199999999997,
15.032877107000001,13.600000000000001,3,control_period,13.6,49.999999999998934,
15.055216059000001,13.620000000000001,1,camera_to_measurement,13.6,15.39799,True
15.055366496000001,13.620000000000001,1,detector_inference,,13.148360252380371,
15.083750805000001,13.65,1,measurement_to_controller_cmd,,28.534746,True
15.083952477,13.65,1,control_period,13.65,50.00000000000071,
15.084238269,13.65,2,control_period,13.65,50.00000000000071,
15.085025608,13.65,1,controller_to_actual_cmd,,1.274803,
15.085153932,13.65,2,controller_to_actual_cmd,,1.060473,
15.085387581,13.65,3,controller_to_actual_cmd,,0.092765,
15.085534646000001,13.65,3,control_period,13.65,50.00000000000071,
15.114629165,13.680000000000001,1,detector_inference,,6.490406036376953,
15.114978771,13.680000000000001,1,camera_to_measurement,13.665,8.126057,True
15.126848377000002,13.695,3,camera_to_measurement,13.665,13.245999,True
15.126911241,13.695,3,detector_inference,,10.598464012145996,
15.132721633000001,13.700000000000001,1,measurement_to_controller_cmd,,17.742862,True
15.132859728000001,13.700000000000001,1,controller_to_actual_cmd,,0.138095,
15.133010237,13.700000000000001,1,control_period,13.7,49.999999999998934,
15.133253463,13.700000000000001,2,control_period,13.7,49.999999999998934,
15.13396544,13.700000000000001,2,controller_to_actual_cmd,,0.841142,
15.134093094,13.700000000000001,3,measurement_to_controller_cmd,,7.244717,True
15.134175557,13.700000000000001,3,controller_to_actual_cmd,,0.082463,
15.134352674,13.700000000000001,3,control_period,13.7,49.999999999998934,
15.180097959000001,13.745000000000001,1,detector_inference,,8.076576232910156,
15.180816737,13.745000000000001,1,camera_to_measurement,13.73,10.365732,True
15.184299191000001,13.75,1,measurement_to_controller_cmd,,3.4824539999999997,True
15.184413817000001,13.75,1,controller_to_actual_cmd,,0.11462599999999999,
15.184555627000002,13.75,1,control_period,13.75,50.00000000000071,
15.184732159000001,13.75,2,controller_to_actual_cmd,,0.075706,
15.184841677000001,13.75,2,control_period,13.75,50.00000000000071,
15.185000609000001,13.75,3,controller_to_actual_cmd,,0.067685,
15.185112969,13.75,3,control_period,13.75,50.00000000000071,
15.188251993000002,13.755,2,camera_to_measurement,13.73,11.632513,True
15.188324331,13.755,2,detector_inference,,10.091385841369629,
15.232619153000002,13.8,1,controller_to_actual_cmd,,0.077654,
15.232746305000001,13.8,1,control_period,13.8,50.00000000000071,
15.232907773,13.8,3,controller_to_actual_cmd,,0.066907,
15.233005760000001,13.8,3,control_period,13.8,50.00000000000071,
15.233566809000001,13.8,2,measurement_to_controller_cmd,,45.314816,True
15.233659689000001,13.8,2,controller_to_actual_cmd,,0.09287999999999999,
15.233757486000002,13.8,2,control_period,13.8,50.00000000000071,
15.250810822000002,13.815000000000001,2,detector_inference,,12.703770637512207,
15.251824615,13.82,2,camera_to_measurement,13.795,15.473393999999999,True
15.255309688,13.82,3,camera_to_measurement,13.795,15.592445999999999,True
15.255401386,13.82,3,detector_inference,,13.400915145874023,
15.282276477000002,13.850000000000001,3,measurement_to_controller_cmd,,26.966789,True
15.282347622000001,13.850000000000001,3,controller_to_actual_cmd,,0.071145,
15.282424238,13.850000000000001,3,control_period,13.85,49.999999999998934,
15.283193199000001,13.850000000000001,1,control_period,13.85,49.999999999998934,
15.283265042000002,13.850000000000001,2,measurement_to_controller_cmd,,31.440427,True
15.283638254000001,13.850000000000001,1,controller_to_actual_cmd,,0.520531,
15.283720949000001,13.850000000000001,2,controller_to_actual_cmd,,0.455907,
15.283782892000001,13.850000000000001,2,control_period,13.85,49.999999999998934,
15.314541227000001,13.88,1,detector_inference,,7.827716827392578,
15.315008871000002,13.88,1,camera_to_measurement,13.865,10.016167,True
15.330147301,13.895000000000001,2,camera_to_measurement,13.865,19.968062,True
15.330293112000001,13.895000000000001,2,detector_inference,,16.531940460205078,
15.330418174000002,13.895000000000001,3,camera_to_measurement,13.865,12.613180999999999,True
15.330518586,13.895000000000001,3,detector_inference,,11.021567344665527,
15.331992763,13.9,1,measurement_to_controller_cmd,,16.983892,True
15.332119552000002,13.9,1,control_period,13.9,50.00000000000071,
15.332255789000001,13.9,2,measurement_to_controller_cmd,,2.108488,True
15.332363955000002,13.9,2,control_period,13.9,50.00000000000071,
15.332415762,13.9,3,measurement_to_controller_cmd,,1.997588,True
15.332463953000001,13.9,3,control_period,13.9,50.00000000000071,
15.332800977000002,13.9,1,controller_to_actual_cmd,,0.808214,
15.332847752000001,13.9,2,controller_to_actual_cmd,,0.591963,
15.332890141000002,13.9,3,controller_to_actual_cmd,,0.474379,
15.380960600000002,13.950000000000001,3,detector_inference,,5.543572902679443,
15.381623977,13.950000000000001,3,camera_to_measurement,13.93,7.603097,True
15.382527003000002,13.950000000000001,2,control_period,13.95,49.999999999998934,
15.38287955,13.950000000000001,1,controller_to_actual_cmd,,0.45621799999999996,
15.382940988000001,13.950000000000001,1,control_period,13.95,49.999999999998934,
15.382981015,13.950000000000001,2,controller_to_actual_cmd,,0.507058,
15.383018801,13.950000000000001,3,measurement_to_controller_cmd,,1.3948239999999998,True
15.383053363,13.950000000000001,3,controller_to_actual_cmd,,0.034561999999999996,
15.383092943000001,13.950000000000001,3,control_period,13.95,49.999999999998934,
15.432742584000001,14.0,2,control_period,14.0,50.00000000000071,
15.432875363,14.0,3,controller_to_actual_cmd,,0.86715,
15.433003245,14.0,3,control_period,14.0,50.00000000000071,
15.433690159000001,14.0,1,control_period,14.0,50.00000000000071,
15.433815368000001,14.0,2,controller_to_actual_cmd,,1.8942189999999999,
15.434445541,14.0,1,controller_to_actual_cmd,,1.833762,
15.444094394,14.010000000000002,1,detector_inference,,6.6813530921936035,
15.451757601,14.020000000000001,2,camera_to_measurement,13.995000000000001,11.739956999999999,True
15.451858911,14.020000000000001,2,detector_inference,,9.219337463378906,
15.456758332000001,14.025,3,camera_to_measurement,13.995000000000001,13.71936,True
15.456909738,14.025,3,detector_inference,,11.18071174621582,
15.482236293000001,14.05,3,measurement_to_controller_cmd,,25.477961,True
15.482344584000002,14.05,3,control_period,14.05,50.00000000000071,
15.482775743000001,14.05,1,measurement_to_controller_cmd,,38.784329,True
15.482885458,14.05,1,control_period,14.05,50.00000000000071,
15.483528542,14.05,1,controller_to_actual_cmd,,0.752799,
15.483611990000002,14.05,2,measurement_to_controller_cmd,,31.854388999999998,True
15.483658811000002,14.05,2,controller_to_actual_cmd,,0.046820999999999995,
15.483721286000002,14.05,2,control_period,14.05,50.00000000000071,
15.483762776,14.05,3,controller_to_actual_cmd,,1.526483,
15.510472255000002,14.075000000000001,1,detector_inference,,8.044681549072266,
15.511065236,14.075000000000001,1,camera_to_measurement,14.06,9.646676,True
15.523846312000002,14.090000000000002,3,detector_inference,,8.79118824005127,
15.524402976000001,14.090000000000002,2,camera_to_measurement,14.06,19.465107,True
15.524498054,14.090000000000002,2,detector_inference,,17.308025360107422,
15.524556736000001,14.090000000000002,3,camera_to_measurement,14.06,10.218786,True
15.532760475000002,14.100000000000001,1,measurement_to_controller_cmd,,21.695238999999997,True
15.532814866,14.100000000000001,1,controller_to_actual_cmd,,0.054390999999999995,
15.532880248000001,14.100000000000001,1,control_period,14.1,49.999999999998934,
15.532922038,14.100000000000001,2,measurement_to_controller_cmd,,8.519062,True
15.533042022000002,14.100000000000001,2,controller_to_actual_cmd,,0.119984,
15.533096198,14.100000000000001,2,control_period,14.1,49.999999999998934,
15.533153211,14.100000000000001,3,measurement_to_controller_cmd,,8.596475,True
15.533188905000001,14.100000000000001,3,controller_to_actual_cmd,,0.035694,
15.53323682,14.100000000000001,3,control_period,14.1,49.999999999998934,
15.578225410000002,14.145000000000001,1,camera_to_measurement,14.125,13.537446,True
15.578283625000001,14.145000000000001,1,detector_inference,,11.43936824798584,
15.582102220000001,14.15,2,detector_inference,,8.932027816772461,
15.583706991000001,14.15,2,measurement_to_controller_cmd,,0.071087,True
15.584062436000002,14.15,1,measurement_to_controller_cmd,,5.837026,True
15.58411951,14.15,1,controller_to_actual_cmd,,0.057074,
15.584176815000001,14.15,1,control_period,14.15,50.00000000000071,
15.584225737,14.15,2,controller_to_actual_cmd,,0.5187459999999999,
15.584270415,14.15,2,control_period,14.15,50.00000000000071,
15.584331443000002,14.15,3,controller_to_actual_cmd,,0.027104,
15.584368063000001,14.15,3,control_period,14.15,50.00000000000071,
15.589609125,14.155000000000001,3,detector_inference,,9.655054092407227,
15.590252098,14.155000000000001,3,camera_to_measurement,14.125,12.701395999999999,True
15.632420646000002,14.200000000000001,1,control_period,14.2,49.999999999998934,
15.632498162000001,14.200000000000001,2,controller_to_actual_cmd,,0.029512999999999998,
15.632550241,14.200000000000001,2,control_period,14.2,49.999999999998934,
15.633024162000002,14.200000000000001,1,controller_to_actual_cmd,,0.6681929999999999,
15.633592999000001,14.200000000000001,3,measurement_to_controller_cmd,,43.340900999999995,True
15.633665125,14.200000000000001,3,control_period,14.2,49.999999999998934,
15.633972156,14.200000000000001,3,controller_to_actual_cmd,,0.37915699999999997,
15.649522462,14.215000000000002,2,camera_to_measurement,14.195,13.197673,True
15.649609006,14.215000000000002,2,detector_inference,,10.782282829284668,
15.657800345000002,14.225000000000001,3,camera_to_measurement,14.195,16.458202,True
15.657866752,14.225000000000001,3,detector_inference,,13.951695442199707,
15.682491587000001,14.25,2,measurement_to_controller_cmd,,32.969125,True
15.682645923,14.25,2,control_period,14.25,50.00000000000071,
15.682710707000002,14.25,3,measurement_to_controller_cmd,,24.910362,True
15.682761390000001,14.25,3,control_period,14.25,50.00000000000071,
15.683228996,14.25,1,controller_to_actual_cmd,,0.045785,
15.683294934000001,14.25,1,control_period,14.25,50.00000000000071,
15.683348295000002,14.25,2,controller_to_actual_cmd,,0.8567079999999999,
15.683406517000002,14.25,3,controller_to_actual_cmd,,0.6958099999999999,
15.70956248,14.275,1,detector_inference,,7.038262844085693,
15.710421277000002,14.275,1,camera_to_measurement,14.26,10.371428,True
15.722466553,14.290000000000001,2,detector_inference,,6.877108097076416,
15.732772542000001,14.3,2,measurement_to_controller_cmd,,10.396473,True
15.732856988000002,14.3,2,controller_to_actual_cmd,,0.084446,
15.732944677,14.3,2,control_period,14.3,50.00000000000071,
15.733450669000002,14.3,1,measurement_to_controller_cmd,,23.029391999999998,True
15.733499865,14.3,1,controller_to_actual_cmd,,0.049196,
15.733565230000002,14.3,1,control_period,14.3,50.00000000000071,
15.733625293000001,14.3,3,controller_to_actual_cmd,,0.632968,
15.733679144000002,14.3,3,control_period,14.3,50.00000000000071,
15.783784997000001,14.350000000000001,1,control_period,14.35,49.999999999998934,
15.783932497,14.350000000000001,2,detector_inference,,9.863022804260254,
15.784691197,14.350000000000001,1,controller_to_actual_cmd,,1.0562829999999999,
15.784822429,14.350000000000001,2,camera_to_measurement,14.325,14.144777,False
15.785023628000001,14.350000000000001,2,controller_to_actual_cmd,,0.084853,
15.785154601,14.350000000000001,2,control_period,14.35,49.999999999998934,
15.785375273000001,14.350000000000001,3,detector_inference,,8.863107681274414,
15.785485285000002,14.350000000000001,3,controller_to_actual_cmd,,1.4154579999999999,
15.785614361,14.350000000000001,3,control_period,14.35,49.999999999998934,
15.832414894000001,14.4,3,measurement_to_controller_cmd,,47.123667,True
15.832499644,14.4,3,control_period,14.4,50.00000000000071,
15.832865898000001,14.4,1,controller_to_actual_cmd,,0.5150669999999999,
15.832926081000002,14.4,1,control_period,14.4,50.00000000000071,
15.832978082,14.4,2,control_period,14.4,50.00000000000071,
15.833012553000001,14.4,3,controller_to_actual_cmd,,0.5976589999999999,
15.833285632,14.4,2,controller_to_actual_cmd,,0.898419,
15.842011910000002,14.41,2,camera_to_measurement,14.39,11.669227,False
15.842086206000001,14.41,2,detector_inference,,9.545527458190918,
15.842703215,14.41,3,detector_inference,,7.981421947479248,
15.882725740000001,14.450000000000001,2,control_period,14.45,49.999999999998934,
15.882866478,14.450000000000001,3,measurement_to_controller_cmd,,39.440233,True
15.883033431000001,14.450000000000001,3,control_period,14.45,49.999999999998934,
15.883873489,14.450000000000001,1,control_period,14.45,49.999999999998934,
15.883994573,14.450000000000001,2,controller_to_actual_cmd,,1.415052,
15.884109908000001,14.450000000000001,3,controller_to_actual_cmd,,1.24343,
15.884782822000002,14.450000000000001,1,controller_to_actual_cmd,,1.0399779999999998,
15.912172249000001,14.48,2,camera_to_measurement,14.455,9.438654999999999,False
15.912324966000002,14.48,2,detector_inference,,6.770707130432129,
15.913113266000002,14.48,1,camera_to_measurement,14.455,16.270169,True
15.913822494000001,14.48,1,detector_inference,,13.98951244354248,
15.932643315000002,14.500000000000002,1,measurement_to_controller_cmd,,19.530048999999998,True
15.932739949,14.500000000000002,1,control_period,14.5,50.00000000000071,
15.932821584000001,14.500000000000002,2,controller_to_actual_cmd,,0.034270999999999996,
15.932869313000001,14.500000000000002,2,control_period,14.5,50.00000000000071,
15.932942100000002,14.500000000000002,3,controller_to_actual_cmd,,0.031242,
15.932986453000002,14.500000000000002,3,control_period,14.5,50.00000000000071,
15.933353719000001,14.500000000000002,1,controller_to_actual_cmd,,0.7104039999999999,
15.983040229,14.55,1,control_period,14.55,50.00000000000071,
15.983424675,14.55,3,control_period,14.55,50.00000000000071,
15.984336694000001,14.55,1,controller_to_actual_cmd,,1.450779,
15.984513359000001,14.55,2,controller_to_actual_cmd,,1.327373,
15.984669024,14.55,2,control_period,14.55,50.00000000000071,
15.984783784000001,14.55,3,controller_to_actual_cmd,,1.48139,
15.989677367,14.555000000000001,2,detector_inference,,13.045851707458496,
15.990068347000001,14.555000000000001,2,camera_to_measurement,14.525,14.594199999999999,False
16.032875635,14.600000000000001,1,control_period,14.6,49.999999999998934,
16.032997344,14.600000000000001,2,control_period,14.6,49.999999999998934,
16.033109409,14.600000000000001,3,control_period,14.6,49.999999999998934,
16.033552733,14.600000000000001,1,controller_to_actual_cmd,,0.7595999999999999,
16.033603759000002,14.600000000000001,2,controller_to_actual_cmd,,0.6625489999999999,
16.033639007,14.600000000000001,3,controller_to_actual_cmd,,0.5837899999999999,
16.044188789,14.610000000000001,1,detector_inference,,13.07921314239502,
16.044756976000002,14.610000000000001,1,camera_to_measurement,14.59,15.257482999999999,True
16.044837915000002,14.610000000000001,3,detector_inference,,6.663374900817871,
16.045551857,14.610000000000001,3,camera_to_measurement,14.59,8.230202,True
16.082181158,14.65,1,measurement_to_controller_cmd,,37.424182,True
16.082362276,14.65,1,control_period,14.65,50.00000000000071,
16.082468739,14.65,3,measurement_to_controller_cmd,,36.916882,True
16.082559981,14.65,3,controller_to_actual_cmd,,0.09124199999999999,
16.082668481000002,14.65,3,control_period,14.65,50.00000000000071,
16.083312369,14.65,1,controller_to_actual_cmd,,1.131211,
16.083483191000003,14.65,2,controller_to_actual_cmd,,0.063734,
16.083589686,14.65,2,control_period,14.65,50.00000000000071,
16.112665036000003,14.680000000000001,1,detector_inference,,12.096345901489258,
16.113464005,14.680000000000001,1,camera_to_measurement,14.655,14.535883,True
16.119079959,14.685,3,detector_inference,,8.494978904724121,
16.119980444,14.685,3,camera_to_measurement,14.655,11.090669,True
16.132615588,14.700000000000001,1,measurement_to_controller_cmd,,19.151583,True
16.132843361000003,14.700000000000001,1,controller_to_actual_cmd,,0.227773,
16.133017562000003,14.700000000000001,1,control_period,14.7,49.999999999998934,
16.133142442,14.700000000000001,3,measurement_to_controller_cmd,,13.161997999999999,True
16.133910853,14.700000000000001,2,controller_to_actual_cmd,,0.075071,
16.133999763000002,14.700000000000001,2,control_period,14.7,49.999999999998934,
16.134046162,14.700000000000001,3,controller_to_actual_cmd,,0.90372,
16.13409229,14.700000000000001,3,control_period,14.7,49.999999999998934,
16.167853089,14.735000000000001,1,detector_inference,,6.327915191650391,
16.177106185,14.745000000000001,2,detector_inference,,10.798088073730469,
16.177849239,14.745000000000001,3,camera_to_measurement,14.72,12.117356,True
16.17795569,14.745000000000001,3,detector_inference,,10.86526107788086,
16.182462851,14.750000000000002,1,measurement_to_controller_cmd,,14.713576999999999,True
16.182620827,14.750000000000002,1,control_period,14.75,50.00000000000071,
16.182709170000003,14.750000000000002,2,control_period,14.75,50.00000000000071,
16.182746648000002,14.750000000000002,3,measurement_to_controller_cmd,,4.897409,True
16.182785246,14.750000000000002,3,control_period,14.75,50.00000000000071,
16.183117933000002,14.750000000000002,1,controller_to_actual_cmd,,0.6550819999999999,
16.183170598,14.750000000000002,2,controller_to_actual_cmd,,0.5011909999999999,
16.183218694,14.750000000000002,3,controller_to_actual_cmd,,0.47204599999999997,
16.232404693,14.8,1,control_period,14.8,50.00000000000071,
16.23252412,14.8,2,control_period,14.8,50.00000000000071,
16.232887932,14.8,2,controller_to_actual_cmd,,0.41223699999999996,
16.232999902,14.8,3,controller_to_actual_cmd,,0.042575999999999996,
16.233085802,14.8,3,control_period,14.8,50.00000000000071,
16.233693476000003,14.8,1,controller_to_actual_cmd,,1.356398,
16.239707468000002,14.805000000000001,3,detector_inference,,8.778626441955566,
16.240514399000002,14.805000000000001,3,camera_to_measurement,14.785,10.877661,True
16.241583271,14.81,1,camera_to_measurement,14.785,18.321977,True
16.241688323,14.81,1,detector_inference,,15.494568824768066,
16.282631374,14.850000000000001,1,measurement_to_controller_cmd,,41.048103,True
16.282814180000003,14.850000000000001,1,control_period,14.85,49.999999999998934,
16.283052792,14.850000000000001,2,controller_to_actual_cmd,,0.093844,
16.283175807000003,14.850000000000001,2,control_period,14.85,49.999999999998934,
16.283330359,14.850000000000001,3,measurement_to_controller_cmd,,42.81596,True
16.283435958000002,14.850000000000001,3,controller_to_actual_cmd,,0.105599,
16.283558341000003,14.850000000000001,3,control_period,14.85,49.999999999998934,
16.284311201,14.850000000000001,1,controller_to_actual_cmd,,1.679827,
16.307901678,14.875000000000002,1,camera_to_measurement,14.855,9.53534,True
16.307994797000003,14.875000000000002,1,detector_inference,,8.165203094482422,
16.315569887000002,14.88,3,detector_inference,,7.826508045196533,
16.316194696,14.885000000000002,3,camera_to_measurement,14.855,9.995434999999999,True
16.332363571000002,14.9,1,measurement_to_controller_cmd,,24.461893,True
16.332434351,14.9,1,control_period,14.9,50.00000000000071,
16.332522441000002,14.9,2,controller_to_actual_cmd,,0.039709,
16.332568011,14.9,2,control_period,14.9,50.00000000000071,
16.33260672,14.9,3,measurement_to_controller_cmd,,16.412024,True
16.332647734000002,14.9,3,control_period,14.9,50.00000000000071,
16.332962496,14.9,1,controller_to_actual_cmd,,0.5989249999999999,
16.333009644,14.9,3,controller_to_actual_cmd,,0.402924,
16.371314057,14.940000000000001,1,camera_to_measurement,14.92,11.535601,True
16.371472683,14.940000000000001,1,detector_inference,,9.643957138061523,
16.374816135,14.940000000000001,2,camera_to_measurement,14.92,9.770306999999999,True
16.374896475,14.940000000000001,2,detector_inference,,8.979022979736328,
16.382075584000003,14.950000000000001,3,camera_to_measurement,14.92,8.033709,True
16.382169051,14.950000000000001,3,detector_inference,,6.671090126037598,
16.382300121,14.950000000000001,3,measurement_to_controller_cmd,,0.224537,True
16.383077725,14.950000000000001,1,measurement_to_controller_cmd,,11.763668,True
16.38319842,14.950000000000001,1,controller_to_actual_cmd,,0.120695,
16.383349971,14.950000000000001,1,control_period,14.95,49.999999999998934,
16.383458995,14.950000000000001,2,measurement_to_controller_cmd,,8.642859999999999,True
16.383553283,14.950000000000001,2,controller_to_actual_cmd,,0.094288,
16.383665241000003,14.950000000000001,2,control_period,14.95,49.999999999998934,
16.383769595,14.950000000000001,3,controller_to_actual_cmd,,1.469474,
16.383884903000002,14.950000000000001,3,control_period,14.95,49.999999999998934,
16.432370363,15.000000000000002,1,control_period,15.0,50.00000000000071,
16.432540022,15.000000000000002,2,control_period,15.0,50.00000000000071,
16.432626583,15.000000000000002,3,control_period,15.0,50.00000000000071,
16.432947286,15.000000000000002,1,controller_to_actual_cmd,,1.242481,
16.432990724,15.000000000000002,2,controller_to_actual_cmd,,0.51493,
16.433028626000002,15.000000000000002,3,controller_to_actual_cmd,,0.440395,
16.433971876,15.000000000000002,1,camera_to_measurement,14.985,9.320158,True
16.434019052,15.000000000000002,1,detector_inference,,7.945116996765137,
16.440487632,15.005,2,detector_inference,,10.531290054321289,
16.483578612000002,15.05,1,measurement_to_controller_cmd,,49.606736,True
16.483803696000003,15.05,1,control_period,15.05,50.00000000000071,
16.483933927000002,15.05,2,measurement_to_controller_cmd,,43.604057999999995,True
16.484088693,15.05,2,controller_to_actual_cmd,,0.154766,
16.484210758,15.05,2,control_period,15.05,50.00000000000071,
16.484353928,15.05,3,control_period,15.05,50.00000000000071,
16.48494419,15.05,1,controller_to_actual_cmd,,1.365578,
16.485016752,15.05,3,controller_to_actual_cmd,,0.728475,
16.507676829,15.075000000000001,1,detector_inference,,12.210700988769531,
16.507849543000003,15.075000000000001,2,camera_to_measurement,15.05,9.308083,True
16.507952453,15.075000000000001,2,detector_inference,,7.973237037658691,
16.508604133000002,15.075000000000001,1,camera_to_measurement,15.05,13.762201999999998,True
16.532803989,15.100000000000001,1,measurement_to_controller_cmd,,24.199856,True
16.532946017,15.100000000000001,1,control_period,15.1,49.999999999998934,
16.533044466,15.100000000000001,2,measurement_to_controller_cmd,,25.194923,True
16.533155132,15.100000000000001,2,control_period,15.1,49.999999999998934,
16.533469330000003,15.100000000000001,3,control_period,15.1,49.999999999998934,
16.534134484000003,15.100000000000001,1,controller_to_actual_cmd,,1.330495,
16.534179588,15.100000000000001,2,controller_to_actual_cmd,,1.135122,
16.534225516,15.100000000000001,3,controller_to_actual_cmd,,0.8621489999999999,
16.569458586,15.135000000000002,1,detector_inference,,9.124902725219727,
16.573431648,15.14,2,detector_inference,,9.93166446685791,
16.573840256,15.14,2,camera_to_measurement,15.115,11.706736999999999,True
16.580767969,15.145000000000001,3,detector_inference,,11.286765098571777,
16.581576347000002,15.15,3,camera_to_measurement,15.115,13.327969,True
16.582382881,15.15,2,measurement_to_controller_cmd,,8.542625,True
16.582495924,15.15,2,control_period,15.15,50.00000000000071,
16.582563709000002,15.15,3,measurement_to_controller_cmd,,0.987362,True
16.582637541,15.15,3,control_period,15.15,50.00000000000071,
16.583262163,15.15,1,measurement_to_controller_cmd,,13.895396,True
16.583372360000002,15.15,1,control_period,15.15,50.00000000000071,
16.583444141,15.15,2,controller_to_actual_cmd,,1.0612599999999999,
16.583496666000002,15.15,3,controller_to_actual_cmd,,0.9329569999999999,
16.583860763,15.15,1,controller_to_actual_cmd,,0.5986,
16.632997869,15.200000000000001,2,controller_to_actual_cmd,,0.058418,
16.633108214,15.200000000000001,2,control_period,15.2,49.999999999998934,
16.635147152000002,15.200000000000001,3,control_period,15.2,49.999999999998934,
16.636012319000002,15.205,1,controller_to_actual_cmd,,3.155719,
16.636116365,15.205,1,control_period,15.2,49.999999999998934,
16.636193666,15.205,3,controller_to_actual_cmd,,1.1475009999999999,
16.639032336,15.205,2,detector_inference,,8.330338478088379,
16.639723014,15.205,2,camera_to_measurement,15.185,10.429732,True
16.682541126,15.250000000000002,3,control_period,15.25,50.00000000000071,
16.683433043,15.250000000000002,2,measurement_to_controller_cmd,,43.710029,True
16.683643239000002,15.250000000000002,2,control_period,15.25,50.00000000000071,
16.683785626000002,15.250000000000002,3,controller_to_actual_cmd,,1.337527,
16.684603496,15.250000000000002,1,controller_to_actual_cmd,,1.3207229999999999,
16.684725288000003,15.250000000000002,1,control_period,15.25,50.00000000000071,
16.684777503,15.250000000000002,2,controller_to_actual_cmd,,1.34446,
16.715336174,15.280000000000001,3,detector_inference,,9.001940727233887,
16.715899552,15.280000000000001,3,camera_to_measurement,15.25,10.776570999999999,True
16.732467706,15.3,3,measurement_to_controller_cmd,,16.568154,True
16.732609298,15.3,3,controller_to_actual_cmd,,0.141592,
16.732761362,15.3,3,control_period,15.3,50.00000000000071,
16.733632744,15.3,1,controller_to_actual_cmd,,0.076264,
16.733845029,15.3,1,control_period,15.3,50.00000000000071,
16.734018718,15.3,2,controller_to_actual_cmd,,0.06918099999999999,
16.734129714,15.3,2,control_period,15.3,50.00000000000071,
16.768453778,15.335,1,detector_inference,,9.94827938079834,
16.768950847,15.335,1,camera_to_measurement,15.315,11.718696,True
16.783843497,15.350000000000001,1,measurement_to_controller_cmd,,14.89265,True
16.783992434,15.350000000000001,1,control_period,15.35,49.999999999998934,
16.784089865000002,15.350000000000001,3,controller_to_actual_cmd,,1.2456429999999998,
16.784182338,15.350000000000001,3,control_period,15.35,49.999999999998934,
16.784936382,15.350000000000001,1,controller_to_actual_cmd,,1.0928849999999999,
16.785129333,15.350000000000001,2,control_period,15.35,49.999999999998934,
16.785817444000003,15.350000000000001,2,controller_to_actual_cmd,,0.7787029999999999,
16.786994402,15.355,3,camera_to_measurement,15.315,16.225293,True
16.787153209,15.355,3,detector_inference,,12.942891120910645,
16.828965566,15.395000000000001,2,detector_inference,,5.4859161376953125,
16.832635357,15.4,1,control_period,15.4,50.00000000000071,
16.832732656,15.4,2,measurement_to_controller_cmd,,3.431883,True
16.832803038,15.4,2,controller_to_actual_cmd,,0.070382,
16.832930853,15.4,2,control_period,15.4,50.00000000000071,
16.832997665,15.4,3,measurement_to_controller_cmd,,46.003263,True
16.833045662,15.4,3,controller_to_actual_cmd,,0.047997,
16.833091120000002,15.4,3,control_period,15.4,50.00000000000071,
16.833417185000002,15.4,1,controller_to_actual_cmd,,1.371766,
16.885057259,15.450000000000001,1,control_period,15.45,49.999999999998934,
16.88519231,15.450000000000001,2,control_period,15.45,49.999999999998934,
16.885261351,15.450000000000001,3,controller_to_actual_cmd,,1.6826729999999999,
16.885328154,15.450000000000001,3,control_period,15.45,49.999999999998934,
16.885862783,15.450000000000001,2,controller_to_actual_cmd,,0.7193309999999999,
16.891739916000002,15.455000000000002,1,controller_to_actual_cmd,,6.840522,
16.911945493,15.48,3,camera_to_measurement,15.445,11.580826,True
16.912151408,15.48,3,detector_inference,,8.112754821777344,
16.914553870000002,15.48,2,detector_inference,,15.972187042236328,
16.915304175000003,15.48,2,camera_to_measurement,15.445,19.815231,True
16.932653034,15.500000000000002,2,measurement_to_controller_cmd,,17.348859,True
16.932865712,15.500000000000002,2,control_period,15.5,50.00000000000071,
16.933587392,15.500000000000002,1,controller_to_actual_cmd,,0.047778999999999995,
16.933662088000002,15.500000000000002,1,control_period,15.5,50.00000000000071,
16.933708225,15.500000000000002,2,controller_to_actual_cmd,,1.055191,
16.933764438,15.500000000000002,3,measurement_to_controller_cmd,,21.818945,True
16.934125650000002,15.500000000000002,3,controller_to_actual_cmd,,0.361212,
16.934184887,15.500000000000002,3,control_period,15.5,50.00000000000071,
16.977750545000003,15.545000000000002,3,detector_inference,,9.51443099975586,
16.978392178,15.545000000000002,3,camera_to_measurement,15.515,11.773822,True
16.982860405,15.55,1,control_period,15.55,50.00000000000071,
16.98346003,15.55,1,controller_to_actual_cmd,,0.69924,
16.983515432,15.55,2,controller_to_actual_cmd,,0.59019,
16.983582377,15.55,2,control_period,15.55,50.00000000000071,
16.983633619000003,15.55,3,measurement_to_controller_cmd,,5.241441,True
16.983746935000003,15.55,3,controller_to_actual_cmd,,0.113316,
16.983802891,15.55,3,control_period,15.55,50.00000000000071,
16.985155607,15.55,2,detector_inference,,21.061250686645508,
16.985681324,15.55,2,camera_to_measurement,15.515,24.428337,True
17.032998464000002,15.600000000000001,2,measurement_to_controller_cmd,,47.317139999999995,True
17.033148407000002,15.600000000000001,2,control_period,15.6,49.999999999998934,
17.033932644,15.600000000000001,1,control_period,15.6,49.999999999998934,
17.034021227,15.600000000000001,2,controller_to_actual_cmd,,1.0227629999999999,
17.034173286,15.600000000000001,3,control_period,15.6,49.999999999998934,
17.03481146,15.600000000000001,1,controller_to_actual_cmd,,0.981637,
17.034900996,15.600000000000001,3,controller_to_actual_cmd,,0.800773,
17.035552654,15.600000000000001,1,camera_to_measurement,15.58,13.048418,True
17.035632625,15.600000000000001,1,detector_inference,,11.160361289978027,
17.03706425,15.605,2,camera_to_measurement,15.58,10.15317,True
17.037225871,15.605,2,detector_inference,,8.042769432067871,
17.084968970000002,15.65,3,control_period,15.65,50.00000000000071,
17.085910562000002,15.65,1,measurement_to_controller_cmd,,50.357907999999995,True
17.086085288,15.65,1,controller_to_actual_cmd,,0.174726,
17.087109428,15.65,1,control_period,15.65,50.00000000000071,
17.087316838,15.65,2,measurement_to_controller_cmd,,50.252587999999996,True
17.087429862,15.65,2,controller_to_actual_cmd,,0.113024,
17.087567759000002,15.65,2,control_period,15.65,50.00000000000071,
17.08769577,15.65,3,controller_to_actual_cmd,,2.9438139999999997,
17.105686639,15.670000000000002,1,camera_to_measurement,15.645,14.841654,True
17.10579943,15.670000000000002,1,detector_inference,,14.114761352539062,
17.115874714,15.680000000000001,2,detector_inference,,14.749327659606934,
17.116815939000002,15.685,2,camera_to_measurement,15.645,16.884881,True
17.117509589,15.685,3,detector_inference,,10.336896896362305,
17.118216923000002,15.685,3,camera_to_measurement,15.645,13.652668,True
17.132133547000002,15.700000000000001,1,measurement_to_controller_cmd,,26.446908,True
17.132999451,15.700000000000001,1,controller_to_actual_cmd,,0.865904,
17.133158263000002,15.700000000000001,1,control_period,15.7,49.999999999998934,
17.133264897,15.700000000000001,3,measurement_to_controller_cmd,,15.047974,True
17.133359564000003,15.700000000000001,3,control_period,15.7,49.999999999998934,
17.134234904,15.700000000000001,2,measurement_to_controller_cmd,,17.418965,True
17.134409774,15.700000000000001,2,control_period,15.7,49.999999999998934,
17.134524197,15.700000000000001,3,controller_to_actual_cmd,,1.2592999999999999,
17.135193132,15.700000000000001,2,controller_to_actual_cmd,,0.958228,
17.162193511,15.73,1,camera_to_measurement,15.71,9.830029999999999,True
17.162346397,15.73,1,detector_inference,,7.383409023284912,
17.183775622000002,15.750000000000002,1,measurement_to_controller_cmd,,21.582110999999998,True
17.183928821000002,15.750000000000002,1,control_period,15.75,50.00000000000071,
17.184030153000002,15.750000000000002,3,camera_to_measurement,15.71,13.584629999999999,True
17.184080908000002,15.750000000000002,3,detector_inference,,9.133611679077148,
17.184575044000002,15.750000000000002,1,controller_to_actual_cmd,,0.799422,
17.184628632000003,15.750000000000002,2,controller_to_actual_cmd,,0.643037,
17.184687615,15.750000000000002,2,control_period,15.75,50.00000000000071,
17.185024281,15.750000000000002,3,measurement_to_controller_cmd,,0.9941279999999999,True
17.185083833,15.750000000000002,3,controller_to_actual_cmd,,0.059552,
17.185137354000002,15.750000000000002,3,control_period,15.75,50.00000000000071,
17.185938859,15.755,2,camera_to_measurement,15.71,25.341269,True
17.186068608,15.755,2,detector_inference,,22.31275749206543,
17.229630679,15.795000000000002,1,detector_inference,,9.450597763061523,
17.230039145000003,15.795000000000002,1,camera_to_measurement,15.775,10.753383999999999,True
17.232516446,15.8,1,measurement_to_controller_cmd,,2.4773009999999998,True
17.233160618,15.8,1,controller_to_actual_cmd,,0.644172,
17.233319876,15.8,1,control_period,15.8,50.00000000000071,
17.233425718,15.8,2,measurement_to_controller_cmd,,47.486858999999995,True
17.233525577,15.8,2,controller_to_actual_cmd,,0.09985899999999999,
17.233640351000002,15.8,2,control_period,15.8,50.00000000000071,
17.23381634,15.8,3,controller_to_actual_cmd,,0.077738,
17.233933012,15.8,3,control_period,15.8,50.00000000000071,
17.234603843000002,15.8,2,camera_to_measurement,15.775,12.298086999999999,True
17.234718293,15.8,2,detector_inference,,10.741860389709473,
17.242566722,15.81,3,detector_inference,,12.470751762390137,
17.283946144,15.850000000000001,1,control_period,15.85,49.999999999998934,
17.2840253,15.850000000000001,2,measurement_to_controller_cmd,,49.421457,True
17.284073064,15.850000000000001,2,controller_to_actual_cmd,,0.047764,
17.284129738,15.850000000000001,2,control_period,15.85,49.999999999998934,
17.284883085,15.850000000000001,1,controller_to_actual_cmd,,1.036903,
17.285006416,15.850000000000001,3,measurement_to_controller_cmd,,41.64785,True
17.285088884,15.850000000000001,3,controller_to_actual_cmd,,0.082468,
17.285235792,15.850000000000001,3,control_period,15.85,49.999999999998934,
17.302940313,15.870000000000001,3,detector_inference,,6.886692047119141,
17.303392872,15.870000000000001,3,camera_to_measurement,15.845,8.702338,True
17.332593617,15.9,1,controller_to_actual_cmd,,0.040708999999999995,
17.332667177,15.9,1,control_period,15.9,50.00000000000071,
17.33273734,15.9,2,controller_to_actual_cmd,,0.030213999999999998,
17.332779728000002,15.9,2,control_period,15.9,50.00000000000071,
17.333149377,15.9,3,measurement_to_controller_cmd,,29.756504999999997,True
17.333198039000003,15.9,3,controller_to_actual_cmd,,0.048662,
17.333259077,15.9,3,control_period,15.9,50.00000000000071,
17.365219975000002,15.930000000000001,2,detector_inference,,8.932085990905762,
17.367331201000002,15.935,2,camera_to_measurement,15.91,11.936219999999999,True
17.368337462,15.935,1,camera_to_measurement,15.91,18.364484,True
17.368419137,15.935,1,detector_inference,,15.79105281829834,
17.382700103,15.950000000000001,1,measurement_to_controller_cmd,,14.362641,True
17.382782013,15.950000000000001,1,controller_to_actual_cmd,,0.08191,
17.382863578000002,15.950000000000001,1,control_period,15.95,49.999999999998934,
17.382918678,15.950000000000001,2,measurement_to_controller_cmd,,15.587477,True
17.382967025000003,15.950000000000001,2,control_period,15.95,49.999999999998934,
17.383356014,15.950000000000001,2,controller_to_actual_cmd,,0.437336,
17.383435692000003,15.950000000000001,3,controller_to_actual_cmd,,0.031160999999999998,
17.383481099,15.950000000000001,3,control_period,15.95,49.999999999998934,
17.428238082,15.995000000000001,1,camera_to_measurement,15.975,12.038753,True
17.428369702,15.995000000000001,1,detector_inference,,10.736163139343262,
17.429043202000003,15.995000000000001,2,camera_to_measurement,15.975,8.73535,True
17.429150815,15.995000000000001,2,detector_inference,,7.668641090393066,
17.432200763,16.0,1,measurement_to_controller_cmd,,3.962681,True
17.432321228000003,16.0,1,controller_to_actual_cmd,,0.12046499999999999,
17.432455279000003,16.0,1,control_period,16.0,50.00000000000071,
17.432549525000002,16.0,2,measurement_to_controller_cmd,,3.5063229999999996,True
17.432630088,16.0,2,controller_to_actual_cmd,,0.080563,
17.432724013,16.0,2,control_period,16.0,50.00000000000071,
17.433412315,16.0,3,controller_to_actual_cmd,,0.07805,
17.433527619,16.0,3,control_period,16.0,50.00000000000071,
17.434790519,16.0,3,detector_inference,,6.489357948303223,
17.43537538,16.0,3,camera_to_measurement,15.975,8.207049,True
17.484887512,16.05,1,controller_to_actual_cmd,,0.085738,
17.485163257,16.05,1,control_period,16.05,50.00000000000071,
17.485590111,16.05,2,control_period,16.05,50.00000000000071,
17.485752048000002,16.05,3,measurement_to_controller_cmd,,50.376667999999995,True
17.485939558000002,16.05,3,control_period,16.05,50.00000000000071,
17.488249528,16.055,2,controller_to_actual_cmd,,2.842158,
17.488390311,16.055,3,controller_to_actual_cmd,,2.638263,
17.498565589000002,16.065,2,detector_inference,,8.497014999389648,
17.507166608000002,16.075,3,camera_to_measurement,16.04,9.810758,True
17.507388996,16.075,3,detector_inference,,8.370534896850586,
17.533438048,16.1,1,control_period,16.1,50.00000000000071,
17.533574939,16.1,2,measurement_to_controller_cmd,,35.093495,True
17.533749162,16.1,2,control_period,16.1,50.00000000000071,
17.533884796000002,16.1,3,measurement_to_controller_cmd,,26.718187999999998,True
17.533996512,16.1,3,controller_to_actual_cmd,,0.111716,
17.534157121,16.1,3,control_period,16.1,50.00000000000071,
17.534910658,16.1,1,controller_to_actual_cmd,,1.6638979999999999,
17.535025416,16.1,2,controller_to_actual_cmd,,1.450477,
17.563587566000002,16.130000000000003,1,camera_to_measurement,16.105,14.018001,True
17.563657491,16.130000000000003,1,detector_inference,,11.015456199645996,
17.563740316,16.130000000000003,2,detector_inference,,8.172009468078613,
17.5745136,16.14,3,detector_inference,,10.376289367675781,
17.575132013,16.14,3,camera_to_measurement,16.105,12.099176,True
17.582907619,16.150000000000002,1,measurement_to_controller_cmd,,19.320052999999998,True
17.582973771000002,16.150000000000002,2,measurement_to_controller_cmd,,19.263678,True
17.583354489,16.150000000000002,1,controller_to_actual_cmd,,0.44687,
17.583441997,16.150000000000002,1,control_period,16.15,49.99999999999716,
17.583489973000002,16.150000000000002,2,controller_to_actual_cmd,,0.5162019999999999,
17.583538868,16.150000000000002,2,control_period,16.15,49.99999999999716,
17.5835779,16.150000000000002,3,measurement_to_controller_cmd,,8.445886999999999,True
17.583620245000002,16.150000000000002,3,controller_to_actual_cmd,,0.042345,
17.583669078,16.150000000000002,3,control_period,16.15,49.99999999999716,
17.633360839,16.2,1,control_period,16.2,50.00000000000071,
17.633417943,16.2,2,controller_to_actual_cmd,,0.9079919999999999,
17.6334662,16.2,2,control_period,16.2,50.00000000000071,
17.633503961000002,16.2,3,controller_to_actual_cmd,,0.896497,
17.633552213,16.2,3,control_period,16.2,50.00000000000071,
17.633895916,16.2,1,controller_to_actual_cmd,,0.62041,
17.634197387,16.2,3,camera_to_measurement,16.175,7.52046,True
17.634257939,16.2,3,detector_inference,,6.35538911819458,
17.684299639000002,16.25,1,control_period,16.25,50.00000000000071,
17.684524392,16.25,3,measurement_to_controller_cmd,,50.327005,True
17.684729493000003,16.25,3,control_period,16.25,50.00000000000071,
17.685792213000003,16.25,1,controller_to_actual_cmd,,1.748935,
17.686105172,16.25,2,control_period,16.25,50.00000000000071,
17.687152476,16.25,3,controller_to_actual_cmd,,2.628084,
17.692365053,16.26,2,controller_to_actual_cmd,,6.4054839999999995,
17.699488157,16.265,1,camera_to_measurement,16.24,17.058076,True
17.699589124000003,16.265,1,detector_inference,,15.270125389099121,
17.701752754,16.27,2,detector_inference,,8.515350341796875,
17.702543485,16.27,2,camera_to_measurement,16.24,11.393965,True
17.709309716,16.275000000000002,3,detector_inference,,7.144969940185547,
17.709783231,16.275000000000002,3,camera_to_measurement,16.24,12.068572,True
17.732851984,16.3,1,measurement_to_controller_cmd,,33.363827,True
17.732994694000002,16.3,1,control_period,16.3,50.00000000000071,
17.733656008,16.3,1,controller_to_actual_cmd,,0.804024,
17.73375935,16.3,2,measurement_to_controller_cmd,,31.215864999999997,True
17.733840445000002,16.3,2,controller_to_actual_cmd,,0.081095,
17.733965447000003,16.3,2,control_period,16.3,50.00000000000071,
17.734200005,16.3,3,measurement_to_controller_cmd,,24.416774,True
17.734355745000002,16.3,3,controller_to_actual_cmd,,0.15574,
17.734480338,16.3,3,control_period,16.3,50.00000000000071,
17.760945102,16.325,1,detector_inference,,8.738703727722168,
17.761930116000002,16.330000000000002,1,camera_to_measurement,16.305,11.129026,True
17.77288254,16.34,2,camera_to_measurement,16.305,14.536083,True
17.773019941,16.34,2,detector_inference,,11.334044456481934,
17.780343599000002,16.345000000000002,3,detector_inference,,15.697297096252441,
17.781380206,16.35,3,camera_to_measurement,16.305,17.527556,True
17.782138344,16.35,3,measurement_to_controller_cmd,,0.758138,True
17.782834484000002,16.35,3,control_period,16.35,50.00000000000071,
17.783602430000002,16.35,2,measurement_to_controller_cmd,,10.71989,True
17.783756296,16.35,2,control_period,16.35,50.00000000000071,
17.783868702,16.35,3,controller_to_actual_cmd,,1.7303579999999998,
17.784510087,16.35,1,measurement_to_controller_cmd,,22.579971,True
17.784642885,16.35,1,control_period,16.35,50.00000000000071,
17.784746542,16.35,2,controller_to_actual_cmd,,1.144112,
17.785386988000003,16.35,1,controller_to_actual_cmd,,0.8769009999999999,
17.829259594,16.395,3,detector_inference,,5.645624160766602,
17.829616023,16.395,3,camera_to_measurement,16.37,6.789623,True
17.832199641000003,16.400000000000002,1,control_period,16.4,49.99999999999716,
17.832883587,16.400000000000002,1,controller_to_actual_cmd,,0.8126979999999999,
17.833048779000002,16.400000000000002,2,controller_to_actual_cmd,,0.067313,
17.833152363,16.400000000000002,2,control_period,16.4,49.99999999999716,
17.833240816,16.400000000000002,3,measurement_to_controller_cmd,,3.624793,True
17.833328791,16.400000000000002,3,control_period,16.4,49.99999999999716,
17.833873336,16.400000000000002,3,controller_to_actual_cmd,,0.63252,
17.884084123,16.45,2,control_period,16.45,50.00000000000071,
17.88425996,16.45,3,control_period,16.45,50.00000000000071,
17.888047212,16.455000000000002,1,control_period,16.45,50.00000000000071,
17.888180973,16.455000000000002,2,controller_to_actual_cmd,,4.923909999999999,
17.888290109,16.455000000000002,3,controller_to_actual_cmd,,4.109459,
17.889414071,16.455000000000002,1,controller_to_actual_cmd,,1.5251359999999998,
17.904110912,16.470000000000002,1,detector_inference,,22.669986724853516,
17.904663484,16.470000000000002,1,camera_to_measurement,16.435,25.912005999999998,True
17.907737757,16.475,2,detector_inference,,16.93089485168457,
17.907851413,16.475,3,camera_to_measurement,16.435,13.195921,True
17.907935721,16.475,3,detector_inference,,9.791101455688477,
17.932567074,16.5,1,measurement_to_controller_cmd,,27.903589999999998,True
17.932640268,16.5,1,controller_to_actual_cmd,,0.073194,
17.932730239,16.5,1,control_period,16.5,50.00000000000071,
17.93339658,16.5,2,measurement_to_controller_cmd,,25.74374,True
17.93358713,16.5,2,control_period,16.5,50.00000000000071,
17.933707746,16.5,3,measurement_to_controller_cmd,,25.856333,True
17.933804086000002,16.5,3,controller_to_actual_cmd,,0.09634,
17.933914595,16.5,3,control_period,16.5,50.00000000000071,
17.934565905,16.5,2,controller_to_actual_cmd,,1.169325,
17.963770284000002,16.53,2,detector_inference,,8.567605972290039,
17.967552254,16.535,1,detector_inference,,17.58317756652832,
17.96851196,16.535,1,camera_to_measurement,16.505,22.368883999999998,True
17.982939381,16.55,1,measurement_to_controller_cmd,,14.427420999999999,True
17.983128993,16.55,1,control_period,16.55,50.00000000000071,
17.983336785000002,16.55,2,measurement_to_controller_cmd,,18.860075,True
17.983454749,16.55,2,control_period,16.55,50.00000000000071,
17.983665352000003,16.55,3,control_period,16.55,50.00000000000071,
17.98437818,16.55,1,controller_to_actual_cmd,,1.438799,
17.984495637000002,16.55,2,controller_to_actual_cmd,,1.158852,
17.984593443,16.55,3,controller_to_actual_cmd,,1.036008,
18.032586067,16.6,1,controller_to_actual_cmd,,0.033353,
18.032656927,16.6,1,control_period,16.6,50.00000000000071,
18.032724376,16.6,2,control_period,16.6,50.00000000000071,
18.032784407,16.6,3,controller_to_actual_cmd,,0.026129,
18.032820519,16.6,3,control_period,16.6,50.00000000000071,
18.03310868,16.6,2,controller_to_actual_cmd,,0.41513,
18.033620252000002,16.6,3,detector_inference,,5.574325084686279,
18.03389375,16.6,3,camera_to_measurement,16.57,7.549005999999999,True
18.085979319,16.650000000000002,2,controller_to_actual_cmd,,0.10661699999999999,
18.086169173000002,16.650000000000002,2,control_period,16.65,49.99999999999716,
18.086388098,16.650000000000002,3,measurement_to_controller_cmd,,52.494347999999995,True
18.086563585,16.650000000000002,3,control_period,16.65,49.99999999999716,
18.087456717000002,16.655,1,controller_to_actual_cmd,,1.700758,
18.087608470000003,16.655,1,control_period,16.65,49.99999999999716,
18.087723293,16.655,3,controller_to_actual_cmd,,1.335195,
18.096184270000002,16.665000000000003,1,detector_inference,,18.064237594604492,
18.096961101,16.665000000000003,1,camera_to_measurement,16.635,20.765345,True
18.102333625,16.67,2,camera_to_measurement,16.635,20.588956,True
18.102445171,16.67,2,detector_inference,,17.926132202148438,
18.103160562000003,16.67,3,detector_inference,,13.367637634277344,
18.132656804,16.7,1,measurement_to_controller_cmd,,35.695703,True
18.13274964,16.7,1,controller_to_actual_cmd,,0.092836,
18.132865940000002,16.7,1,control_period,16.7,50.00000000000071,
18.132957031,16.7,2,measurement_to_controller_cmd,,30.623406,True
18.133036773,16.7,2,controller_to_actual_cmd,,0.079742,
18.133131835,16.7,2,control_period,16.7,50.00000000000071,
18.133275334,16.7,3,measurement_to_controller_cmd,,30.200668999999998,True
18.133362521000002,16.7,3,controller_to_actual_cmd,,0.087187,
18.133421393000003,16.7,3,control_period,16.7,50.00000000000071,
18.159304717,16.725,1,detector_inference,,16.305885314941406,
18.159988978,16.725,1,camera_to_measurement,16.7,18.742292,True
18.160217959,16.725,3,detector_inference,,9.983856201171875,
18.161284684,16.73,2,camera_to_measurement,16.7,16.351198999999998,True
18.161352884,16.73,2,detector_inference,,15.39935302734375,
18.183267320000002,16.75,1,measurement_to_controller_cmd,,23.278342,True
18.183352874,16.75,2,measurement_to_controller_cmd,,22.068189999999998,True
18.183996623000002,16.75,1,controller_to_actual_cmd,,0.7293029999999999,
18.184149505,16.75,1,control_period,16.75,50.00000000000071,
18.184270589,16.75,2,controller_to_actual_cmd,,0.917715,
18.184400737,16.75,2,control_period,16.75,50.00000000000071,
18.184500344,16.75,3,measurement_to_controller_cmd,,24.371997,True
18.18459323,16.75,3,controller_to_actual_cmd,,0.092886,
18.184699026,16.75,3,control_period,16.75,50.00000000000071,
18.220164539000002,16.785,2,detector_inference,,10.412670135498047,
18.220987239,16.790000000000003,2,camera_to_measurement,16.765,11.597909,True
18.221106056,16.790000000000003,3,detector_inference,,6.5110650062561035,
18.221771209,16.790000000000003,3,camera_to_measurement,16.765,7.530761,True
18.232367348,16.8,1,controller_to_actual_cmd,,0.67994,
18.23247031,16.8,1,control_period,16.8,50.00000000000071,
18.232522340000003,16.8,2,measurement_to_controller_cmd,,11.535101,True
18.232558738,16.8,2,controller_to_actual_cmd,,0.036398,
18.232598836,16.8,2,control_period,16.8,50.00000000000071,
18.232631831000003,16.8,3,measurement_to_controller_cmd,,10.860622,True
18.232664651,16.8,3,controller_to_actual_cmd,,0.03282,
18.232703184000002,16.8,3,control_period,16.8,50.00000000000071,
18.283068630000002,16.85,1,controller_to_actual_cmd,,0.046763,
18.283165630000003,16.85,1,control_period,16.85,50.00000000000071,
18.283269062000002,16.85,2,controller_to_actual_cmd,,0.041123,
18.283329545,16.85,2,control_period,16.85,50.00000000000071,
18.283434288000002,16.85,3,controller_to_actual_cmd,,0.039839,
18.283489809000002,16.85,3,control_period,16.85,50.00000000000071,
18.293909601000003,16.86,3,detector_inference,,9.286998748779297,
18.295305379000002,16.86,1,camera_to_measurement,16.835,19.451368,True
18.295434777,16.86,1,detector_inference,,16.91265106201172,
18.332817963,16.900000000000002,1,measurement_to_controller_cmd,,37.512584,True
18.332885557,16.900000000000002,3,measurement_to_controller_cmd,,38.257233,True
18.333314877,16.900000000000002,1,controller_to_actual_cmd,,0.49691399999999997,
18.333390935,16.900000000000002,1,control_period,16.9,49.99999999999716,
18.333475337,16.900000000000002,2,controller_to_actual_cmd,,0.035405,
18.333517188000002,16.900000000000002,2,control_period,16.9,49.99999999999716,
18.333549745000003,16.900000000000002,3,controller_to_actual_cmd,,0.664188,
18.333584172000002,16.900000000000002,3,control_period,16.9,49.99999999999716,
18.361534149,16.93,2,camera_to_measurement,16.9,15.130832,True
18.361632955,16.93,2,detector_inference,,13.547211647033691,
18.362436869,16.93,3,camera_to_measurement,16.9,10.393825999999999,True
18.362551216,16.93,3,detector_inference,,8.493157386779785,
18.363340094,16.93,1,detector_inference,,18.584138870239258,
18.382209446,16.95,2,measurement_to_controller_cmd,,20.675297,True
18.382340651,16.95,3,measurement_to_controller_cmd,,19.903782,True
18.382886888,16.95,1,measurement_to_controller_cmd,,19.633803999999998,True
18.382965235,16.95,2,control_period,16.95,50.00000000000071,
18.383002861,16.95,3,controller_to_actual_cmd,,0.66221,
18.383041636,16.95,3,control_period,16.95,50.00000000000071,
18.383526064,16.95,1,controller_to_actual_cmd,,0.639176,
18.383573332,16.95,1,control_period,16.95,50.00000000000071,
18.383607950000002,16.95,2,controller_to_actual_cmd,,1.398504,
18.414602855000002,16.98,1,camera_to_measurement,16.965,10.154869999999999,True
18.414713306,16.98,1,detector_inference,,8.41598129272461,
18.431977343,17.0,1,measurement_to_controller_cmd,,17.374488,True
18.432108082000003,17.0,1,control_period,17.0,50.00000000000071,
18.432274028000002,17.0,2,controller_to_actual_cmd,,0.076907,
18.43236792,17.0,2,control_period,17.0,50.00000000000071,
18.432516515,17.0,3,control_period,17.0,50.00000000000071,
18.433013731000003,17.0,1,controller_to_actual_cmd,,1.0363879999999999,
18.433113016,17.0,3,controller_to_actual_cmd,,0.668563,
18.484446013,17.05,1,control_period,17.05,50.00000000000071,
18.484717963,17.05,2,control_period,17.05,50.00000000000071,
18.484932416,17.05,3,controller_to_actual_cmd,,0.093039,
18.485099256,17.05,3,control_period,17.05,50.00000000000071,
18.485985958,17.05,1,controller_to_actual_cmd,,1.7265759999999999,
18.486143877,17.05,2,controller_to_actual_cmd,,1.5386069999999998,
18.489911921,17.055,2,detector_inference,,12.240017890930176,
18.490882158,17.055,2,camera_to_measurement,17.03,14.314283999999999,True
18.500262596000002,17.065,3,camera_to_measurement,17.03,18.520051,True
18.500417914,17.065,3,detector_inference,,16.717853546142578,
18.533451705,17.1,2,measurement_to_controller_cmd,,42.569547,True
18.533899876,17.1,1,control_period,17.1,50.00000000000071,
18.533974152000003,17.1,2,control_period,17.1,50.00000000000071,
18.534630428,17.1,3,measurement_to_controller_cmd,,34.367832,True
18.534873319000003,17.1,3,control_period,17.1,50.00000000000071,
18.537635818000002,17.1,2,controller_to_actual_cmd,,4.184113,
18.537718884,17.1,3,controller_to_actual_cmd,,3.088456,
18.538289776000003,17.105,1,controller_to_actual_cmd,,4.877737,
18.545969851000002,17.115000000000002,1,detector_inference,,6.405655860900879,
18.546843759,17.115000000000002,1,camera_to_measurement,17.095,9.521384,True
18.582014457,17.150000000000002,1,measurement_to_controller_cmd,,35.170698,True
18.582149740000002,17.150000000000002,1,control_period,17.15,49.99999999999716,
18.582693566,17.150000000000002,1,controller_to_actual_cmd,,0.679109,
18.582810604000002,17.150000000000002,2,controller_to_actual_cmd,,0.047317,
18.582889495,17.150000000000002,2,control_period,17.15,49.99999999999716,
18.582990217000003,17.150000000000002,3,controller_to_actual_cmd,,0.043304999999999996,
18.583045662,17.150000000000002,3,control_period,17.15,49.99999999999716,
18.616933482,17.185000000000002,2,detector_inference,,7.377338886260986,
18.617276075,17.185000000000002,2,camera_to_measurement,17.165,9.705694,True
18.631867436,17.200000000000003,1,controller_to_actual_cmd,,0.050724,
18.631964362,17.200000000000003,1,control_period,17.2,50.00000000000071,
18.632157533,17.200000000000003,3,control_period,17.2,50.00000000000071,
18.632738500000002,17.200000000000003,2,measurement_to_controller_cmd,,15.462425,True
18.632815667000003,17.200000000000003,2,controller_to_actual_cmd,,0.077167,
18.632902046,17.200000000000003,2,control_period,17.2,50.00000000000071,
18.632973275,17.200000000000003,3,controller_to_actual_cmd,,0.94012,
18.684223182,17.25,1,camera_to_measurement,17.23,14.245389999999999,True
18.684345337,17.25,1,detector_inference,,11.042858123779297,
18.684409698,17.25,1,measurement_to_controller_cmd,,0.186516,True
18.684547132000002,17.25,2,controller_to_actual_cmd,,0.052351999999999996,
18.684633346000002,17.25,2,control_period,17.25,50.00000000000071,
18.684759628000002,17.25,3,control_period,17.25,50.00000000000071,
18.685523169,17.25,1,control_period,17.25,50.00000000000071,
18.686478435,17.255000000000003,1,controller_to_actual_cmd,,2.068737,
18.686541749,17.255000000000003,3,controller_to_actual_cmd,,1.843592,
18.693538936,17.26,3,detector_inference,,10.947222709655762,
18.693949302,17.26,3,camera_to_measurement,17.23,12.146063999999999,True
18.697547123,17.265,2,detector_inference,,17.70037841796875,
18.733767113000003,17.3,1,controller_to_actual_cmd,,0.055282,
18.73388701,17.3,1,control_period,17.3,50.00000000000071,
18.733975974,17.3,3,measurement_to_controller_cmd,,40.026672,True
18.734056038000002,17.3,3,control_period,17.3,50.00000000000071,
18.734757146,17.3,2,measurement_to_controller_cmd,,36.850707,True
18.734806422000002,17.3,2,controller_to_actual_cmd,,0.049276,
18.73485208,17.3,3,controller_to_actual_cmd,,0.8761059999999999,
18.738357816,17.3,2,control_period,17.3,50.00000000000071,
18.750424438,17.315,1,detector_inference,,10.822599411010742,
18.750994763,17.32,1,camera_to_measurement,17.295,13.127844999999999,True
18.757178598,17.325000000000003,3,detector_inference,,6.40843391418457,
18.757750039,17.325000000000003,3,camera_to_measurement,17.295,8.149284999999999,True
18.782162126000003,17.35,1,measurement_to_controller_cmd,,31.167362999999998,True
18.782263562,17.35,1,controller_to_actual_cmd,,0.101436,
18.782347787000003,17.35,1,control_period,17.35,50.00000000000071,
18.782460215,17.35,2,control_period,17.35,50.00000000000071,
18.782502761,17.35,3,measurement_to_controller_cmd,,24.752722,True
18.782845374,17.35,2,controller_to_actual_cmd,,0.43880399999999997,
18.782887681000002,17.35,3,controller_to_actual_cmd,,0.38492,
18.782930108000002,17.35,3,control_period,17.35,50.00000000000071,
18.814947093,17.380000000000003,2,detector_inference,,11.440240859985352,
18.815573127,17.380000000000003,2,camera_to_measurement,17.36,14.034184999999999,False
18.815702352000002,17.380000000000003,3,camera_to_measurement,17.36,11.926347999999999,True
18.815792917,17.380000000000003,3,detector_inference,,10.10297966003418,
18.831335890000002,17.400000000000002,3,measurement_to_controller_cmd,,15.633538,True
18.831599134,17.400000000000002,1,controller_to_actual_cmd,,0.30183699999999997,
18.831665126,17.400000000000002,1,control_period,17.4,49.99999999999716,
18.831710921000003,17.400000000000002,3,control_period,17.4,49.99999999999716,
18.831981875,17.400000000000002,2,control_period,17.4,49.99999999999716,
18.832019756,17.400000000000002,3,controller_to_actual_cmd,,0.683866,
18.832249082,17.400000000000002,2,controller_to_actual_cmd,,0.301603,
18.883220699000002,17.450000000000003,1,control_period,17.45,50.00000000000071,
18.883533417000002,17.450000000000003,2,controller_to_actual_cmd,,0.172491,
18.883715588,17.450000000000003,2,control_period,17.45,50.00000000000071,
18.883952129,17.450000000000003,3,controller_to_actual_cmd,,0.09664299999999999,
18.884093253,17.450000000000003,3,control_period,17.45,50.00000000000071,
18.884910611000002,17.450000000000003,1,controller_to_actual_cmd,,1.848854,
18.886364679,17.450000000000003,1,detector_inference,,17.5477294921875,
18.887094947,17.450000000000003,1,camera_to_measurement,17.425,21.091404,True
18.887950185,17.455000000000002,2,camera_to_measurement,17.425,15.347135,False
18.888024293,17.455000000000002,2,detector_inference,,13.044646263122559,
18.888112805000002,17.455000000000002,3,detector_inference,,12.175490379333496,
18.932431568000002,17.5,1,measurement_to_controller_cmd,,45.336621,True
18.933389276,17.5,1,controller_to_actual_cmd,,0.957708,
18.933559681000002,17.5,1,control_period,17.5,50.00000000000071,
18.933674519,17.5,2,controller_to_actual_cmd,,1.1711989999999999,
18.933794809000002,17.5,2,control_period,17.5,50.00000000000071,
18.933889839000003,17.5,3,measurement_to_controller_cmd,,45.810147,True
18.933989947,17.5,3,control_period,17.5,50.00000000000071,
18.934618928000003,17.5,3,controller_to_actual_cmd,,0.729089,
18.950423202,17.515,3,detector_inference,,5.745205879211426,
18.95127674,17.52,3,camera_to_measurement,17.495,7.455448,True
18.982388569,17.55,1,control_period,17.55,50.00000000000071,
18.982453278,17.55,3,measurement_to_controller_cmd,,31.176537999999997,True
18.982494103,17.55,3,control_period,17.55,50.00000000000071,
18.982750802,17.55,1,controller_to_actual_cmd,,0.445885,
18.982816031000002,17.55,3,controller_to_actual_cmd,,0.362753,
18.983053385,17.55,2,controller_to_actual_cmd,,0.266327,
18.983099676000002,17.55,2,control_period,17.55,50.00000000000071,
19.009788568,17.575000000000003,1,detector_inference,,9.600452423095703,
19.010721895,17.575000000000003,1,camera_to_measurement,17.56,11.391442999999999,True
19.018441686000003,17.585,2,camera_to_measurement,17.56,11.352572,False
19.01852536,17.585,2,detector_inference,,8.462045669555664,
19.032162506000002,17.6,1,measurement_to_controller_cmd,,21.440611,True
19.032267839000003,17.6,1,controller_to_actual_cmd,,0.105333,
19.032396278,17.6,1,control_period,17.6,50.00000000000071,
19.03249036,17.6,2,control_period,17.6,50.00000000000071,
19.032648451,17.6,3,control_period,17.6,50.00000000000071,
19.033157983000002,17.6,2,controller_to_actual_cmd,,1.6024289999999999,
19.033255151000002,17.6,3,controller_to_actual_cmd,,0.68268,
19.077930421,17.645,1,camera_to_measurement,17.625,10.959033,True
19.077990034000003,17.645,1,detector_inference,,7.929463863372803,
19.082765125,17.650000000000002,3,control_period,17.65,49.99999999999716,
19.083489355,17.650000000000002,1,measurement_to_controller_cmd,,5.558934,True
19.083607628000003,17.650000000000002,1,controller_to_actual_cmd,,0.11827299999999999,
19.083739856,17.650000000000002,1,control_period,17.65,49.99999999999716,
19.083858539,17.650000000000002,2,camera_to_measurement,17.625,11.906697,False
19.083962604,17.650000000000002,2,detector_inference,,9.003877639770508,
19.084130594,17.650000000000002,2,controller_to_actual_cmd,,0.076675,
19.084336476,17.650000000000002,2,control_period,17.65,49.99999999999716,
19.084451459,17.650000000000002,3,controller_to_actual_cmd,,1.831755,
19.087787152,17.655,3,detector_inference,,8.206954002380371,
19.088524128,17.655,3,camera_to_measurement,17.625,11.275936999999999,True
19.132843855,17.700000000000003,1,control_period,17.7,50.00000000000071,
19.132933839,17.700000000000003,3,measurement_to_controller_cmd,,44.409711,True
19.13301771,17.700000000000003,3,control_period,17.7,50.00000000000071,
19.133739523000003,17.700000000000003,2,controller_to_actual_cmd,,0.063398,
19.133849902,17.700000000000003,2,control_period,17.7,50.00000000000071,
19.133910689,17.700000000000003,3,controller_to_actual_cmd,,0.97685,
19.134468282,17.700000000000003,1,controller_to_actual_cmd,,1.7207459999999999,
19.149984865,17.715,3,detector_inference,,7.169489860534668,
19.150418917,17.715,3,camera_to_measurement,17.69,9.277624,True
19.182363524,17.75,1,control_period,17.75,50.00000000000071,
19.182471301,17.75,2,control_period,17.75,50.00000000000071,
19.183106947000002,17.75,1,controller_to_actual_cmd,,0.8503499999999999,
19.183170202,17.75,2,controller_to_actual_cmd,,1.536357,
19.183234739,17.75,3,measurement_to_controller_cmd,,32.815822,True
19.183304106,17.75,3,control_period,17.75,50.00000000000071,
19.183600782000003,17.75,3,controller_to_actual_cmd,,0.366043,
19.202951284,17.77,1,detector_inference,,6.471625804901123,
19.203705000000003,17.77,1,camera_to_measurement,17.755,8.116367,True
19.231886918,17.8,1,measurement_to_controller_cmd,,28.181918,True
19.23196005,17.8,1,control_period,17.8,50.00000000000071,
19.232039134,17.8,2,control_period,17.8,50.00000000000071,
19.232103864000003,17.8,3,control_period,17.8,50.00000000000071,
19.232378335,17.8,1,controller_to_actual_cmd,,0.491417,
19.232417164,17.8,2,controller_to_actual_cmd,,0.413933,
19.232448303,17.8,3,controller_to_actual_cmd,,0.37487699999999996,
19.285308232000002,17.85,3,control_period,17.85,50.00000000000071,
19.28670246,17.85,1,control_period,17.85,50.00000000000071,
19.287038699,17.85,2,controller_to_actual_cmd,,0.112651,
19.287841522,17.85,2,control_period,17.85,50.00000000000071,
19.288008594,17.85,3,controller_to_actual_cmd,,2.955707,
19.289088009,17.855,1,controller_to_actual_cmd,,4.190263,
19.289998952,17.855,1,camera_to_measurement,17.825,23.659429,True
19.290137483000002,17.855,1,detector_inference,,20.813352584838867,
19.290403039,17.855,3,detector_inference,,11.582457542419434,
19.293214983000002,17.855,2,detector_inference,,16.74846649169922,
19.294077473,17.86,2,camera_to_measurement,17.825,19.309684999999998,False
19.33299222,17.900000000000002,1,measurement_to_controller_cmd,,42.993268,True
19.333172442000002,17.900000000000002,1,control_period,17.9,49.99999999999716,
19.33417096,17.900000000000002,3,measurement_to_controller_cmd,,43.862269,True
19.334258622,17.900000000000002,3,control_period,17.9,49.99999999999716,
19.334597754,17.900000000000002,1,controller_to_actual_cmd,,1.605534,
19.334668421,17.900000000000002,3,controller_to_actual_cmd,,0.497461,
19.335135551,17.900000000000002,2,control_period,17.9,49.99999999999716,
19.335514912,17.900000000000002,2,controller_to_actual_cmd,,0.43210899999999997,
19.349413897,17.915000000000003,1,camera_to_measurement,17.89,17.348917,True
19.349492994000002,17.915000000000003,1,detector_inference,,14.272215843200684,
19.381954975000003,17.950000000000003,3,controller_to_actual_cmd,,0.025297999999999998,
19.382043384000003,17.950000000000003,3,control_period,17.95,50.00000000000071,
19.382341687,17.950000000000003,1,measurement_to_controller_cmd,,32.92779,True
19.382397154,17.950000000000003,1,control_period,17.95,50.00000000000071,
19.382433214000002,17.950000000000003,2,control_period,17.95,50.00000000000071,
19.382665443,17.950000000000003,1,controller_to_actual_cmd,,0.323756,
19.38288232,17.950000000000003,2,controller_to_actual_cmd,,0.982018,
19.405618324000002,17.970000000000002,1,camera_to_measurement,17.955,11.401149,True
19.405791087,17.970000000000002,1,detector_inference,,10.03743839263916,
19.406989719000002,17.975,2,detector_inference,,5.831479072570801,
19.431832526,18.0,1,measurement_to_controller_cmd,,26.214202,True
19.432190687000002,18.0,1,controller_to_actual_cmd,,0.358161,
19.432255216,18.0,1,control_period,18.0,50.00000000000071,
19.432286854,18.0,2,controller_to_actual_cmd,,0.398028,
19.432319072000002,18.0,2,control_period,18.0,50.00000000000071,
19.432371473,18.0,3,controller_to_actual_cmd,,0.023045,
19.432402358,18.0,3,control_period,18.0,50.00000000000071,
19.469506980000002,18.035,1,detector_inference,,6.652124881744385,
19.469891235000002,18.035,1,camera_to_measurement,18.02,7.997172,True
19.481491638,18.05,2,camera_to_measurement,18.02,14.68709,False
19.481630023,18.05,2,detector_inference,,11.82938003540039,
19.482514289,18.05,1,measurement_to_controller_cmd,,12.623054,True
19.482683061,18.05,1,control_period,18.05,50.00000000000071,
19.483488,18.05,1,controller_to_actual_cmd,,0.973711,
19.483594252,18.05,2,controller_to_actual_cmd,,0.779694,
19.483707831,18.05,2,control_period,18.05,50.00000000000071,
19.48388574,18.05,3,controller_to_actual_cmd,,0.078681,
19.483999489000002,18.05,3,control_period,18.05,50.00000000000071,
19.532748968,18.1,1,control_period,18.1,50.00000000000071,
19.532988652,18.1,2,control_period,18.1,50.00000000000071,
19.533173137000002,18.1,3,controller_to_actual_cmd,,0.073874,
19.533291792,18.1,3,control_period,18.1,50.00000000000071,
19.533932296,18.1,1,controller_to_actual_cmd,,1.317185,
19.534044372,18.1,2,controller_to_actual_cmd,,1.171532,
19.537188664000002,18.105,1,camera_to_measurement,18.085,9.832939999999999,True
19.537268476,18.105,1,detector_inference,,7.9108757972717285,
19.546711114,18.115000000000002,3,camera_to_measurement,18.085,7.527971999999999,True
19.546803532000002,18.115000000000002,3,detector_inference,,5.800802230834961,
19.582154024,18.150000000000002,1,measurement_to_controller_cmd,,44.96536,True
19.582369623,18.150000000000002,2,control_period,18.15,49.99999999999716,
19.582490347,18.150000000000002,3,measurement_to_controller_cmd,,35.779233,True
19.582560844,18.150000000000002,3,control_period,18.15,49.99999999999716,
19.582956590000002,18.150000000000002,1,controller_to_actual_cmd,,0.802566,
19.583032775,18.150000000000002,1,control_period,18.15,49.99999999999716,
19.583094021,18.150000000000002,3,controller_to_actual_cmd,,0.6036739999999999,
19.583473875000003,18.150000000000002,2,controller_to_actual_cmd,,1.2065169999999998,
19.609271063,18.175,2,detector_inference,,9.236302375793457,
19.610107999,18.175,2,camera_to_measurement,18.155,10.793877,False
19.612752963000002,18.18,1,detector_inference,,14.819974899291992,
19.615699000000003,18.18,3,detector_inference,,11.229667663574219,
19.632016507,18.200000000000003,3,measurement_to_controller_cmd,,16.416667999999998,True
19.632492274,18.200000000000003,2,control_period,18.2,50.00000000000071,
19.632555602,18.200000000000003,3,control_period,18.2,50.00000000000071,
19.633240044,18.200000000000003,1,measurement_to_controller_cmd,,19.781408,True
19.633303953000002,18.200000000000003,1,controller_to_actual_cmd,,0.063909,
19.633371051,18.200000000000003,1,control_period,18.2,50.00000000000071,
19.633413501,18.200000000000003,2,controller_to_actual_cmd,,0.992529,
19.633452243,18.200000000000003,3,controller_to_actual_cmd,,1.435736,
19.680860196,18.245,3,camera_to_measurement,18.22,6.641979999999999,True
19.681003444,18.245,3,detector_inference,,6.089664936065674,
19.682962223,18.25,3,measurement_to_controller_cmd,,2.102027,True
19.683615446,18.25,1,controller_to_actual_cmd,,0.744123,
19.683773816000002,18.25,1,control_period,18.25,50.00000000000071,
19.68396406,18.25,2,controller_to_actual_cmd,,0.08201599999999999,
19.68409734,18.25,2,control_period,18.25,50.00000000000071,
19.684219887,18.25,3,controller_to_actual_cmd,,1.257664,
19.684336584,18.25,3,control_period,18.25,50.00000000000071,
19.734089932,18.3,2,controller_to_actual_cmd,,0.109223,
19.734289098,18.3,2,control_period,18.3,50.00000000000071,
19.734544586000002,18.3,3,control_period,18.3,50.00000000000071,
19.735656306000003,18.3,1,controller_to_actual_cmd,,0.117864,
19.735849431000002,18.3,1,control_period,18.3,50.00000000000071,
19.737433909,18.305,3,controller_to_actual_cmd,,3.016737,
19.745794720000003,18.310000000000002,2,detector_inference,,10.006555557250977,
19.74709974,18.315,1,detector_inference,,17.262407302856445,
19.747498936,18.315,1,camera_to_measurement,18.285,19.130626,True
19.753109353000003,18.32,3,detector_inference,,14.069829940795898,
19.781999197,18.35,1,measurement_to_controller_cmd,,34.500261,True
19.782093608,18.35,1,controller_to_actual_cmd,,0.094411,
19.782214399,18.35,1,control_period,18.35,50.00000000000071,
19.782296833,18.35,3,measurement_to_controller_cmd,,28.781958,True
19.782379085000002,18.35,3,control_period,18.35,50.00000000000071,
19.783010463,18.35,2,controller_to_actual_cmd,,0.07853299999999999,
19.783159905,18.35,2,control_period,18.35,50.00000000000071,
19.783247916,18.35,3,controller_to_actual_cmd,,0.951083,
19.807328713,18.375,3,detector_inference,,8.430134773254395,
19.807692851000002,18.375,3,camera_to_measurement,18.35,9.723469,True
19.809755355,18.375,2,detector_inference,,13.967427253723145,
19.810102406000002,18.375,2,camera_to_measurement,18.35,15.347131,False
19.831428938000002,18.400000000000002,3,measurement_to_controller_cmd,,23.736086999999998,True
19.831515567,18.400000000000002,3,control_period,18.4,49.99999999999716,
19.831821624,18.400000000000002,3,controller_to_actual_cmd,,0.392686,
19.832091616,18.400000000000002,1,control_period,18.4,49.99999999999716,
19.83234097,18.400000000000002,1,controller_to_actual_cmd,,0.288117,
19.832411242000003,18.400000000000002,2,control_period,18.4,49.99999999999716,
19.832656683,18.400000000000002,2,controller_to_actual_cmd,,0.279619,
19.870438915,18.435000000000002,2,camera_to_measurement,18.415,7.264754,False
19.870545875,18.435000000000002,2,detector_inference,,6.179854869842529,
19.871172365,18.435000000000002,1,camera_to_measurement,18.415,14.392491999999999,True
19.871274569,18.435000000000002,1,detector_inference,,12.393767356872559,
19.882251197000002,18.450000000000003,2,control_period,18.45,50.00000000000071,
19.882669471,18.450000000000003,3,controller_to_actual_cmd,,0.045051,
19.88274676,18.450000000000003,3,control_period,18.45,50.00000000000071,
19.883219261,18.450000000000003,1,measurement_to_controller_cmd,,12.046896,True
19.883381351,18.450000000000003,1,control_period,18.45,50.00000000000071,
19.883461902,18.450000000000003,2,controller_to_actual_cmd,,1.284895,
19.883943024,18.450000000000003,1,controller_to_actual_cmd,,0.7237629999999999,
19.884805788,18.450000000000003,3,detector_inference,,14.626543998718262,
19.885156605000002,18.450000000000003,3,camera_to_measurement,18.415,16.558248,True
19.933303114,18.5,1,control_period,18.5,50.00000000000071,
19.933701374,18.5,2,control_period,18.5,50.00000000000071,
19.933857097,18.5,3,measurement_to_controller_cmd,,48.700492,True
19.933999878,18.5,3,control_period,18.5,50.00000000000071,
19.934663333,18.5,1,controller_to_actual_cmd,,1.510537,
19.934768609000002,18.5,2,controller_to_actual_cmd,,1.227304,
19.936872442000002,18.5,3,controller_to_actual_cmd,,3.015345,
19.942412445000002,18.51,3,camera_to_measurement,18.485,5.846254999999999,True
19.942484855,18.51,3,detector_inference,,5.984347820281982,
19.982583607000002,18.55,1,control_period,18.55,50.00000000000071,
19.982671909,18.55,2,controller_to_actual_cmd,,0.027850999999999997,
19.982716317,18.55,2,control_period,18.55,50.00000000000071,
19.98275023,18.55,3,measurement_to_controller_cmd,,40.337785,True
19.982780499,18.55,3,controller_to_actual_cmd,,0.030268999999999997,
19.982812142,18.55,3,control_period,18.55,50.00000000000071,
19.983109808000002,18.55,1,controller_to_actual_cmd,,0.59604,
20.008908574000003,18.575000000000003,2,detector_inference,,10.612836837768555,
20.009527151,18.575000000000003,2,camera_to_measurement,18.55,12.402994999999999,False
20.011851688,18.580000000000002,1,detector_inference,,17.115943908691406,
20.012216842,18.580000000000002,1,camera_to_measurement,18.55,20.061730999999998,True
20.013403693,18.580000000000002,3,detector_inference,,12.232555389404297,
20.014056852,18.580000000000002,3,camera_to_measurement,18.55,14.809735,True
20.031442634,18.6,1,measurement_to_controller_cmd,,19.225792,True
20.031535086,18.6,1,control_period,18.6,50.00000000000071,
20.031589161000003,18.6,3,measurement_to_controller_cmd,,17.532308999999998,True
20.031649799,18.6,3,control_period,18.6,50.00000000000071,
20.032111878000002,18.6,1,controller_to_actual_cmd,,0.669244,
20.032427554,18.6,2,controller_to_actual_cmd,,0.02777,
20.032477178,18.6,2,control_period,18.6,50.00000000000071,
20.032513618000003,18.6,3,controller_to_actual_cmd,,0.924457,
20.068722238000003,18.635,1,detector_inference,,7.731291770935059,
20.069396093,18.635,1,camera_to_measurement,18.615,11.913114,True
20.082379314,18.650000000000002,1,measurement_to_controller_cmd,,12.983220999999999,True
20.082450988,18.650000000000002,1,controller_to_actual_cmd,,0.071674,
20.082564465,18.650000000000002,1,control_period,18.65,49.99999999999716,
20.082684741,18.650000000000002,2,controller_to_actual_cmd,,0.050317,
20.082743742,18.650000000000002,2,control_period,18.65,49.99999999999716,
20.082867889000003,18.650000000000002,3,control_period,18.65,49.99999999999716,
20.083361618,18.650000000000002,3,controller_to_actual_cmd,,0.5704239999999999,
20.134323998000003,18.700000000000003,3,control_period,18.7,50.00000000000071,
20.135296871,18.700000000000003,1,controller_to_actual_cmd,,0.100381,
20.135480416,18.700000000000003,1,control_period,18.7,50.00000000000071,
20.135679055,18.700000000000003,2,controller_to_actual_cmd,,0.077317,
20.135797134,18.700000000000003,2,control_period,18.7,50.00000000000071,
20.13592274,18.700000000000003,3,controller_to_actual_cmd,,1.7733249999999998,
20.136912879,18.705000000000002,1,detector_inference,,8.55666732788086,
20.137656154000002,18.705000000000002,1,camera_to_measurement,18.68,11.23374,True
20.146664401000002,18.715,2,detector_inference,,8.801039695739746,
20.18276938,18.75,3,control_period,18.75,50.00000000000071,
20.183402232000002,18.75,3,controller_to_actual_cmd,,0.7469439999999999,
20.183981209000002,18.75,1,measurement_to_controller_cmd,,46.325055,True
20.184145036,18.75,1,control_period,18.75,50.00000000000071,
20.185374629000002,18.75,1,controller_to_actual_cmd,,1.3934199999999999,
20.185472458,18.75,2,measurement_to_controller_cmd,,38.851901999999995,True
20.186113234,18.755000000000003,2,controller_to_actual_cmd,,0.640776,
20.187156536,18.755000000000003,2,control_period,18.75,50.00000000000071,
20.202648562,18.77,2,detector_inference,,6.930596828460693,
20.203333535000002,18.77,2,camera_to_measurement,18.745,8.600495,True
20.232632943000002,18.8,1,controller_to_actual_cmd,,0.090347,
20.232768329000002,18.8,1,control_period,18.8,50.00000000000071,
20.232861671000002,18.8,2,measurement_to_controller_cmd,,29.528136,True
20.232967576,18.8,2,control_period,18.8,50.00000000000071,
20.233145695,18.8,3,controller_to_actual_cmd,,0.044697999999999995,
20.23322264,18.8,3,control_period,18.8,50.00000000000071,
20.233562726000002,18.8,2,controller_to_actual_cmd,,0.701055,
20.273573513000002,18.84,1,detector_inference,,13.992509841918945,
20.274337753,18.84,1,camera_to_measurement,18.815,17.366493,True
20.28278385,18.85,1,measurement_to_controller_cmd,,8.446097,True
20.282961796000002,18.85,1,control_period,18.85,50.00000000000071,
20.283120301,18.85,2,control_period,18.85,50.00000000000071,
20.283469491,18.85,3,control_period,18.85,50.00000000000071,
20.284273163,18.85,1,controller_to_actual_cmd,,1.4893129999999999,
20.284374229,18.85,2,controller_to_actual_cmd,,1.329837,
20.284424644,18.85,3,controller_to_actual_cmd,,1.126623,
20.285192789,18.85,3,detector_inference,,16.462432861328125,
20.285717704,18.85,3,camera_to_measurement,18.815,18.487142,True
20.333674202,18.900000000000002,1,controller_to_actual_cmd,,0.045641999999999995,
20.333770181000002,18.900000000000002,1,control_period,18.9,49.99999999999716,
20.333867276000003,18.900000000000002,2,controller_to_actual_cmd,,0.049511,
20.333917046,18.900000000000002,2,control_period,18.9,49.99999999999716,
20.333954173000002,18.900000000000002,3,measurement_to_controller_cmd,,48.236469,True
20.333995231000003,18.900000000000002,3,control_period,18.9,49.99999999999716,
20.334389029,18.900000000000002,3,controller_to_actual_cmd,,0.43485599999999996,
20.344341172,18.91,3,detector_inference,,10.535260200500488,
20.344960295,18.91,2,camera_to_measurement,18.88,16.913756,True
20.345060415000003,18.91,2,detector_inference,,13.437074661254883,
20.345164564,18.91,3,camera_to_measurement,18.88,12.709131999999999,True
20.385332491,18.950000000000003,2,measurement_to_controller_cmd,,40.372195999999995,True
20.385458572,18.950000000000003,2,control_period,18.95,50.00000000000071,
20.385519236,18.950000000000003,3,measurement_to_controller_cmd,,40.354672,True
20.385578138,18.950000000000003,3,control_period,18.95,50.00000000000071,
20.386366869,18.950000000000003,1,control_period,18.95,50.00000000000071,
20.386478437,18.950000000000003,2,controller_to_actual_cmd,,1.145946,
20.389809895000003,18.950000000000003,3,controller_to_actual_cmd,,4.290659,
20.390848874,18.955000000000002,1,controller_to_actual_cmd,,4.674109,
20.402510805000002,18.970000000000002,1,detector_inference,,11.697832107543945,
20.403372774,18.970000000000002,1,camera_to_measurement,18.945,13.930702,True
20.412253625,18.98,2,camera_to_measurement,18.945,18.286333,True
20.412312679000003,18.98,2,detector_inference,,14.947792053222656,
20.412359616,18.98,3,camera_to_measurement,18.945,12.440382,True
20.412395618,18.98,3,detector_inference,,10.14560604095459,
20.43192909,19.0,1,measurement_to_controller_cmd,,28.556316,True
20.431975313000002,19.0,1,controller_to_actual_cmd,,0.046223,
20.432034034,19.0,1,control_period,19.0,50.00000000000071,
20.432066541,19.0,2,measurement_to_controller_cmd,,19.812915999999998,True
20.432096434,19.0,2,controller_to_actual_cmd,,0.029893,
20.432130435,19.0,2,control_period,19.0,50.00000000000071,
20.43217011,19.0,3,measurement_to_controller_cmd,,19.810494,True
20.432198442,19.0,3,controller_to_actual_cmd,,0.028332,
20.432240578000002,19.0,3,control_period,19.0,50.00000000000071,
20.468632066,19.035,1,detector_inference,,12.082694053649902,
20.469044275,19.035,1,camera_to_measurement,19.01,13.621191,True
20.469140406,19.035,2,detector_inference,,7.921061038970947,
20.482703041,19.05,1,measurement_to_controller_cmd,,13.658766,True
20.482838096000002,19.05,1,controller_to_actual_cmd,,0.13505499999999998,
20.483003133,19.05,1,control_period,19.05,50.00000000000071,
20.483071732000003,19.05,2,measurement_to_controller_cmd,,13.962893999999999,True
20.483127778,19.05,2,control_period,19.05,50.00000000000071,
20.483217070000002,19.05,3,control_period,19.05,50.00000000000071,
20.483605791000002,19.05,2,controller_to_actual_cmd,,0.534059,
20.483651094000003,19.05,3,controller_to_actual_cmd,,0.48017,
20.534908242,19.1,1,controller_to_actual_cmd,,0.034956,
20.534991097000002,19.1,1,control_period,19.1,50.00000000000071,
20.535098472,19.1,2,controller_to_actual_cmd,,0.044116999999999996,
20.535167504,19.1,2,control_period,19.1,50.00000000000071,
20.53532063,19.1,3,controller_to_actual_cmd,,0.054453999999999995,
20.535417984000002,19.1,3,control_period,19.1,50.00000000000071,
20.537383714,19.105,2,camera_to_measurement,19.075,9.469389,True
20.537500178000002,19.105,2,detector_inference,,10.30550765991211,
20.538488835000003,19.105,1,detector_inference,,18.95606231689453,
20.538852394000003,19.105,1,camera_to_measurement,19.075,21.054747,True
20.582190475,19.150000000000002,3,control_period,19.15,49.99999999999716,
20.582645617,19.150000000000002,1,measurement_to_controller_cmd,,43.793223,True
20.582761841,19.150000000000002,1,control_period,19.15,49.99999999999716,
20.582819324000003,19.150000000000002,2,measurement_to_controller_cmd,,45.43561,True
20.582860277,19.150000000000002,2,controller_to_actual_cmd,,0.040952999999999996,
20.582910436000002,19.150000000000002,2,control_period,19.15,49.99999999999716,
20.585752768000003,19.150000000000002,3,controller_to_actual_cmd,,3.6338299999999997,
20.5868803,19.155,1,controller_to_actual_cmd,,4.2346829999999995,
20.594991237000002,19.16,1,camera_to_measurement,19.145,9.776235,True
20.595062745,19.16,1,detector_inference,,8.58631420135498,
20.603428427,19.17,3,detector_inference,,7.138599872589111,
20.604189711,19.17,3,camera_to_measurement,19.145,9.792634999999999,True
20.631868748000002,19.200000000000003,1,measurement_to_controller_cmd,,36.877511,True
20.631948329,19.200000000000003,1,controller_to_actual_cmd,,0.079581,
20.632030978,19.200000000000003,1,control_period,19.2,50.00000000000071,
20.632140688,19.200000000000003,2,controller_to_actual_cmd,,0.051634,
20.632197098000002,19.200000000000003,2,control_period,19.2,50.00000000000071,
20.632258672000003,19.200000000000003,3,measurement_to_controller_cmd,,28.068960999999998,True
20.632542518,19.200000000000003,3,controller_to_actual_cmd,,0.283846,
20.632590246000003,19.200000000000003,3,control_period,19.2,50.00000000000071,
20.662910052,19.23,1,detector_inference,,7.680304050445557,
20.663491982,19.23,1,camera_to_measurement,19.21,9.030342,True
20.667970773,19.235,2,detector_inference,,7.639194011688232,
20.668347791000002,19.235,2,camera_to_measurement,19.21,10.549995,True
20.674444349,19.240000000000002,3,detector_inference,,6.673366069793701,
20.675218052,19.240000000000002,3,camera_to_measurement,19.21,9.212446,True
20.68240785,19.25,1,measurement_to_controller_cmd,,18.915868,True
20.682591295,19.25,1,control_period,19.25,50.00000000000071,
20.682685268,19.25,3,measurement_to_controller_cmd,,7.467216,True
20.682773722,19.25,3,control_period,19.25,50.00000000000071,
20.683538090000003,19.25,1,controller_to_actual_cmd,,1.13024,
20.683604002000003,19.25,2,measurement_to_controller_cmd,,15.256210999999999,True
20.683650626000002,19.25,2,controller_to_actual_cmd,,0.046624,
20.683733318,19.25,2,control_period,19.25,50.00000000000071,
20.683789625000003,19.25,3,controller_to_actual_cmd,,1.104357,
20.72638865,19.295,1,camera_to_measurement,19.275,11.341586999999999,True
20.726528078,19.295,1,detector_inference,,7.0773420333862305,
20.7323668,19.3,3,control_period,19.3,50.00000000000071,
20.733031096,19.3,1,measurement_to_controller_cmd,,6.642446,True
20.733139342,19.3,1,controller_to_actual_cmd,,0.108246,
20.733286514,19.3,1,control_period,19.3,50.00000000000071,
20.733383946,19.3,2,controller_to_actual_cmd,,1.267468,
20.733479831,19.3,2,control_period,19.3,50.00000000000071,
20.733571292,19.3,3,camera_to_measurement,19.275,8.618321,True
20.733655052,19.3,3,detector_inference,,6.7663350105285645,
20.733735672,19.3,3,controller_to_actual_cmd,,1.5034239999999999,
20.782909144,19.35,1,control_period,19.35,50.00000000000071,
20.78299064,19.35,3,measurement_to_controller_cmd,,49.419348,True
20.783068115000003,19.35,3,control_period,19.35,50.00000000000071,
20.783515669,19.35,1,controller_to_actual_cmd,,0.685282,
20.783588567000002,19.35,2,controller_to_actual_cmd,,0.026817999999999998,
20.783635496000002,19.35,2,control_period,19.35,50.00000000000071,
20.783666946,19.35,3,controller_to_actual_cmd,,0.676306,
20.794506422,19.36,3,detector_inference,,8.929727554321289,
20.795154749,19.36,2,camera_to_measurement,19.34,13.416191999999999,True
20.795227896,19.36,2,detector_inference,,10.899771690368652,
20.831851263,19.400000000000002,1,control_period,19.4,49.99999999999716,
20.831935463,19.400000000000002,2,measurement_to_controller_cmd,,36.780713999999996,True
20.83201816,19.400000000000002,2,control_period,19.4,49.99999999999716,
20.832086835000002,19.400000000000002,3,measurement_to_controller_cmd,,36.790939,True
20.832167077,19.400000000000002,3,control_period,19.4,49.99999999999716,
20.832639710000002,19.400000000000002,1,controller_to_actual_cmd,,0.879969,
20.832716226000002,19.400000000000002,2,controller_to_actual_cmd,,0.780763,
20.83278217,19.400000000000002,3,controller_to_actual_cmd,,0.6953349999999999,
20.858437807,19.425,1,camera_to_measurement,19.405,12.496996999999999,True
20.858499184000003,19.425,1,detector_inference,,11.15275764465332,
20.868313146000002,19.435000000000002,2,detector_inference,,15.842201232910156,
20.868731063000002,19.435000000000002,2,camera_to_measurement,19.405,17.899834,True
20.870777882000002,19.435000000000002,3,detector_inference,,11.722217559814453,
20.871441912,19.44,3,camera_to_measurement,19.405,13.858856999999999,True
20.882356910000002,19.450000000000003,3,measurement_to_controller_cmd,,10.914997999999999,True
20.882543094000003,19.450000000000003,3,control_period,19.45,50.00000000000071,
20.883261416,19.450000000000003,1,measurement_to_controller_cmd,,24.823608999999998,True
20.8834364,19.450000000000003,1,control_period,19.45,50.00000000000071,
20.883532664,19.450000000000003,2,measurement_to_controller_cmd,,14.801601,True
20.883614635,19.450000000000003,2,controller_to_actual_cmd,,0.081971,
20.883711375,19.450000000000003,2,control_period,19.45,50.00000000000071,
20.883796301,19.450000000000003,3,controller_to_actual_cmd,,1.4393909999999999,
20.884547057000002,19.450000000000003,1,controller_to_actual_cmd,,1.285641,
20.93166906,19.5,1,camera_to_measurement,19.475,12.833819,True
20.931810071,19.5,1,detector_inference,,10.985548973083496,
20.933008285,19.5,2,control_period,19.5,50.00000000000071,
20.933748738000002,19.5,1,measurement_to_controller_cmd,,2.079678,True
20.933894535,19.5,1,controller_to_actual_cmd,,0.14579699999999998,
20.934089802000003,19.5,1,control_period,19.5,50.00000000000071,
20.934182012,19.5,2,controller_to_actual_cmd,,1.311383,
20.934282889000002,19.5,3,controller_to_actual_cmd,,0.036534,
20.934339545,19.5,3,control_period,19.5,50.00000000000071,
20.945395617000003,19.51,3,detector_inference,,14.676192283630371,
20.982179860000002,19.55,3,measurement_to_controller_cmd,,36.043938,True
20.982294564,19.55,3,control_period,19.55,50.00000000000071,
20.982854364,19.55,2,control_period,19.55,50.00000000000071,
20.982920261,19.55,3,controller_to_actual_cmd,,0.740401,
20.983508592,19.55,1,controller_to_actual_cmd,,0.785677,
20.983651002000002,19.55,1,control_period,19.55,50.00000000000071,
20.987506162000003,19.555,2,controller_to_actual_cmd,,4.726515,
20.995149402000003,19.560000000000002,2,detector_inference,,7.317873954772949,
20.995979217000002,19.565,2,camera_to_measurement,19.54,9.994470999999999,True
21.006442307,19.575000000000003,3,camera_to_measurement,19.54,15.517596999999999,True
21.006528888000002,19.575000000000003,3,detector_inference,,13.162158966064453,
21.032688242000003,19.6,1,controller_to_actual_cmd,,0.042079,
21.032764450000002,19.6,1,control_period,19.6,50.00000000000071,
21.032806091,19.6,2,measurement_to_controller_cmd,,36.826874,True
21.032851051,19.6,2,control_period,19.6,50.00000000000071,
21.032886034,19.6,3,measurement_to_controller_cmd,,26.443727,True
21.032920141,19.6,3,controller_to_actual_cmd,,0.034107,
21.032959328,19.6,3,control_period,19.6,50.00000000000071,
21.033278218000003,19.6,2,controller_to_actual_cmd,,0.47212699999999996,
21.057313928000003,19.625,1,camera_to_measurement,19.605,12.051155999999999,True
21.057381015,19.625,1,detector_inference,,10.417367935180664,
21.063864422,19.630000000000003,3,detector_inference,,6.012484073638916,
21.064580489,19.630000000000003,3,camera_to_measurement,19.605,8.58804,True
21.081887747,19.650000000000002,1,measurement_to_controller_cmd,,24.573819,True
21.082798155000003,19.650000000000002,1,controller_to_actual_cmd,,0.910408,
21.082975459,19.650000000000002,1,control_period,19.65,49.99999999999716,
21.083211676,19.650000000000002,3,measurement_to_controller_cmd,,18.631187,True
21.084148582,19.650000000000002,2,controller_to_actual_cmd,,0.074961,
21.084319959000002,19.650000000000002,2,control_period,19.65,49.99999999999716,
21.084424131000002,19.650000000000002,3,controller_to_actual_cmd,,1.2124549999999998,
21.084531624,19.650000000000002,3,control_period,19.65,49.99999999999716,
21.126791095,19.695,2,detector_inference,,10.915305137634277,
21.132132363,19.700000000000003,1,control_period,19.7,50.00000000000071,
21.132227097,19.700000000000003,3,controller_to_actual_cmd,,0.043905,
21.132272262,19.700000000000003,3,control_period,19.7,50.00000000000071,
21.132558308,19.700000000000003,1,controller_to_actual_cmd,,0.482936,
21.132825706000002,19.700000000000003,2,measurement_to_controller_cmd,,6.082161,True
21.132864143000003,19.700000000000003,2,controller_to_actual_cmd,,0.038437,
21.132908838000002,19.700000000000003,2,control_period,19.7,50.00000000000071,
21.183534612000003,19.75,1,controller_to_actual_cmd,,0.086172,
21.183673477000003,19.75,1,control_period,19.75,50.00000000000071,
21.183915886,19.75,3,controller_to_actual_cmd,,0.07095599999999999,
21.184019646000003,19.75,3,control_period,19.75,50.00000000000071,
21.184695341,19.75,2,controller_to_actual_cmd,,0.925655,
21.184838192,19.75,2,control_period,19.75,50.00000000000071,
21.19190661,19.76,3,camera_to_measurement,19.735,9.665493999999999,True
21.192012322,19.76,3,detector_inference,,7.972442150115967,
21.231943879000003,19.8,2,controller_to_actual_cmd,,0.055901,
21.232053756000003,19.8,2,control_period,19.8,50.00000000000071,
21.232130315000003,19.8,3,measurement_to_controller_cmd,,40.223704999999995,True
21.232199755,19.8,3,controller_to_actual_cmd,,0.06944,
21.232281665000002,19.8,3,control_period,19.8,50.00000000000071,
21.232714776,19.8,1,controller_to_actual_cmd,,0.902272,
21.232793339,19.8,1,control_period,19.8,50.00000000000071,
21.253896100000002,19.82,1,detector_inference,,6.864530086517334,
21.25460348,19.82,1,camera_to_measurement,19.805,9.056735,True
21.282457164,19.85,1,measurement_to_controller_cmd,,27.853683999999998,True
21.282525297000003,19.85,1,controller_to_actual_cmd,,0.068133,
21.282610055000003,19.85,1,control_period,19.85,50.00000000000071,
21.28271127,19.85,2,control_period,19.85,50.00000000000071,
21.28278383,19.85,3,controller_to_actual_cmd,,0.031312,
21.282828356,19.85,3,control_period,19.85,50.00000000000071,
21.283189204000003,19.85,2,controller_to_actual_cmd,,0.523708,
21.324754180000003,19.89,2,detector_inference,,11.23129653930664,
21.325356899000003,19.89,2,camera_to_measurement,19.87,12.991173,True
21.325451707000003,19.89,3,detector_inference,,7.585025787353516,
21.32616219,19.89,3,camera_to_measurement,19.87,10.274006,True
21.332379004,19.900000000000002,1,control_period,19.9,49.99999999999716,
21.332476955,19.900000000000002,2,measurement_to_controller_cmd,,7.120056,True
21.332888081,19.900000000000002,1,controller_to_actual_cmd,,0.656114,
21.332946392,19.900000000000002,2,controller_to_actual_cmd,,0.469437,
21.333048715,19.900000000000002,2,control_period,19.9,49.99999999999716,
21.333110919000003,19.900000000000002,3,measurement_to_controller_cmd,,6.948728999999999,True
21.333481521000003,19.900000000000002,3,controller_to_actual_cmd,,0.370602,
21.333539066,19.900000000000002,3,control_period,19.9,49.99999999999716,
21.383565731,19.950000000000003,1,detector_inference,,8.106491088867188,
21.383659773,19.950000000000003,1,controller_to_actual_cmd,,0.037253999999999995,
21.383716262,19.950000000000003,1,control_period,19.95,50.00000000000071,
21.383783435,19.950000000000003,2,control_period,19.95,50.00000000000071,
21.383857754,19.950000000000003,3,controller_to_actual_cmd,,0.034039,
21.38389911,19.950000000000003,3,control_period,19.95,50.00000000000071,
21.384200214,19.950000000000003,1,camera_to_measurement,19.935,9.986464,True
21.384273049,19.950000000000003,2,controller_to_actual_cmd,,0.522455,
21.389590779000002,19.955000000000002,3,detector_inference,,6.59519100189209,
21.389954170000003,19.955000000000002,3,camera_to_measurement,19.935,7.340891,True
21.43138033,20.0,2,control_period,20.0,50.00000000000071,
21.431424277,20.0,3,measurement_to_controller_cmd,,41.470107,True
21.431464984,20.0,3,control_period,20.0,50.00000000000071,
21.43177442,20.0,3,controller_to_actual_cmd,,0.350143,
21.432078846,20.0,1,measurement_to_controller_cmd,,47.878631999999996,True
21.432114195,20.0,1,controller_to_actual_cmd,,0.035349,
21.432160177,20.0,1,control_period,20.0,50.00000000000071,
21.432196286,20.0,2,controller_to_actual_cmd,,0.867545,
21.448757999,20.015,1,camera_to_measurement,20.0,10.847856,True
21.448907695000003,20.015,1,detector_inference,,8.464982032775879,
21.459971773000003,20.025000000000002,3,detector_inference,,8.920015335083008,
21.460463320000002,20.025000000000002,3,camera_to_measurement,20.0,9.272762,True
21.463409403,20.03,2,camera_to_measurement,20.0,18.438057,True
21.463485949000003,20.03,2,detector_inference,,16.608083724975586,
21.482973854,20.05,1,measurement_to_controller_cmd,,34.215855,True
21.483058794,20.05,1,controller_to_actual_cmd,,0.08494,
21.483176579000002,20.05,1,control_period,20.05,50.00000000000071,
21.483253144000003,20.05,2,measurement_to_controller_cmd,,19.843740999999998,True
21.4832934,20.05,2,controller_to_actual_cmd,,0.040256,
21.483337437000003,20.05,2,control_period,20.05,50.00000000000071,
21.483375524000003,20.05,3,measurement_to_controller_cmd,,22.912204,True
21.483415303,20.05,3,controller_to_actual_cmd,,0.039778999999999995,
21.483454073,20.05,3,control_period,20.05,50.00000000000071,
21.522596526,20.09,1,camera_to_measurement,20.065,16.489226,True
21.522723264,20.09,1,detector_inference,,12.461408615112305,
21.522832856,20.09,2,detector_inference,,9.24547004699707,
21.523578286000003,20.09,2,camera_to_measurement,20.065,11.648064999999999,True
21.531915918000003,20.1,1,measurement_to_controller_cmd,,9.319391999999999,True
21.532441132000002,20.1,1,controller_to_actual_cmd,,0.525214,
21.532531839,20.1,1,control_period,20.1,50.00000000000071,
21.53259118,20.1,2,measurement_to_controller_cmd,,9.012894,True
21.53264974,20.1,2,control_period,20.1,50.00000000000071,
21.532690491,20.1,3,camera_to_measurement,20.065,12.691443999999999,True
21.532729955,20.1,3,detector_inference,,9.761224746704102,
21.532764871,20.1,3,measurement_to_controller_cmd,,0.07438,True
21.532805765000003,20.1,3,control_period,20.1,50.00000000000071,
21.533194143000003,20.1,2,controller_to_actual_cmd,,0.602963,
21.533267028,20.1,3,controller_to_actual_cmd,,0.502157,
21.584183113,20.150000000000002,1,controller_to_actual_cmd,,0.061264,
21.584302697000002,20.150000000000002,1,control_period,20.15,49.99999999999716,
21.584379085000002,20.150000000000002,2,controller_to_actual_cmd,,0.02957,
21.584423771,20.150000000000002,2,control_period,20.15,49.99999999999716,
21.584464413000003,20.150000000000002,3,control_period,20.15,49.99999999999716,
21.586468221,20.150000000000002,3,controller_to_actual_cmd,,2.919006,
21.594578598000002,20.16,2,detector_inference,,13.368037223815918,
21.595653389000002,20.16,1,detector_inference,,17.422107696533203,
21.596722806000002,20.165000000000003,3,camera_to_measurement,20.135,10.475273,True
21.596781648,20.165000000000003,3,detector_inference,,9.365277290344238,
21.631864625000002,20.200000000000003,1,measurement_to_controller_cmd,,36.267527,True
21.631986384,20.200000000000003,1,control_period,20.2,50.00000000000071,
21.632068008,20.200000000000003,3,measurement_to_controller_cmd,,35.345202,True
21.632238013000002,20.200000000000003,3,control_period,20.2,50.00000000000071,
21.632753764,20.200000000000003,1,controller_to_actual_cmd,,0.889139,
21.632840332,20.200000000000003,2,measurement_to_controller_cmd,,37.849081,True
21.632906607000002,20.200000000000003,2,controller_to_actual_cmd,,0.066275,
21.633012325000003,20.200000000000003,2,control_period,20.2,50.00000000000071,
21.633083931,20.200000000000003,3,controller_to_actual_cmd,,1.015923,
21.653144553,20.220000000000002,1,camera_to_measurement,20.2,11.753565,True
21.653224659000003,20.220000000000002,1,detector_inference,,10.159377098083496,
21.661606161,20.23,2,camera_to_measurement,20.2,15.207327,True
21.661696567,20.23,2,detector_inference,,13.730839729309082,
21.661769853000003,20.23,3,camera_to_measurement,20.2,9.914837,True
21.661824528,20.23,3,detector_inference,,8.395413398742676,
21.681984599,20.25,1,measurement_to_controller_cmd,,28.840045999999997,True
21.682102553,20.25,2,measurement_to_controller_cmd,,20.496392,True
21.682779321,20.25,1,controller_to_actual_cmd,,0.7947219999999999,
21.682876816,20.25,1,control_period,20.25,50.00000000000071,
21.682938561,20.25,2,control_period,20.25,50.00000000000071,
21.682995118,20.25,3,measurement_to_controller_cmd,,21.225265,True
21.683062407,20.25,3,control_period,20.25,50.00000000000071,
21.683413791000003,20.25,2,controller_to_actual_cmd,,1.311238,
21.683458131000002,20.25,3,controller_to_actual_cmd,,0.46301299999999995,
21.717906765000002,20.285,1,camera_to_measurement,20.265,11.380068999999999,True
21.718035366000002,20.285,1,detector_inference,,9.310465812683105,
21.724239986,20.290000000000003,2,detector_inference,,11.212327003479004,
21.725031479000002,20.290000000000003,2,camera_to_measurement,20.265,13.306355,True
21.727473929000002,20.295,3,detector_inference,,7.349916934967041,
21.728107383,20.295,3,camera_to_measurement,20.265,8.403762,True
21.732655410000003,20.3,1,measurement_to_controller_cmd,,14.748645,True
21.732721006000002,20.3,1,controller_to_actual_cmd,,0.065596,
21.732786293,20.3,1,control_period,20.3,50.00000000000071,
21.73282661,20.3,2,measurement_to_controller_cmd,,7.795131,True
21.732866526000002,20.3,2,controller_to_actual_cmd,,0.039916,
21.732917662000002,20.3,2,control_period,20.3,50.00000000000071,
21.732955943,20.3,3,measurement_to_controller_cmd,,4.84856,True
21.733002517000003,20.3,3,controller_to_actual_cmd,,0.046574,
21.733045017000002,20.3,3,control_period,20.3,50.00000000000071,
21.783607014,20.35,1,controller_to_actual_cmd,,0.03777,
21.783706461,20.35,1,control_period,20.35,50.00000000000071,
21.783824878,20.35,2,controller_to_actual_cmd,,0.046562,
21.783881627000003,20.35,2,control_period,20.35,50.00000000000071,
21.783950653,20.35,3,controller_to_actual_cmd,,0.028988,
21.783992996000002,20.35,3,control_period,20.35,50.00000000000071,
21.784357936000003,20.35,1,camera_to_measurement,20.33,11.632753,True
21.784415723000002,20.35,1,detector_inference,,11.489766120910645,
21.784459402000003,20.35,2,camera_to_measurement,20.33,9.489343,True
21.784494175000003,20.35,2,detector_inference,,8.346169471740723,
21.832008005000002,20.400000000000002,1,measurement_to_controller_cmd,,47.650068999999995,True
21.832137923,20.400000000000002,2,measurement_to_controller_cmd,,47.678520999999996,True
21.834259846000002,20.400000000000002,1,controller_to_actual_cmd,,2.2518409999999998,
21.83436405,20.400000000000002,1,control_period,20.4,49.99999999999716,
21.834409745000002,20.400000000000002,2,controller_to_actual_cmd,,2.271822,
21.834455707,20.400000000000002,2,control_period,20.4,49.99999999999716,
21.834498383,20.400000000000002,3,controller_to_actual_cmd,,2.319416,
21.834541851,20.400000000000002,3,control_period,20.4,49.99999999999716,
21.849432656,20.415000000000003,2,detector_inference,,9.997556686401367,
21.849981768000003,20.415000000000003,2,camera_to_measurement,20.395,11.627232999999999,True
21.852526579000003,20.42,3,camera_to_measurement,20.395,10.585405999999999,True
21.852668563,20.42,3,detector_inference,,8.5964994430542,
21.883023808,20.450000000000003,3,measurement_to_controller_cmd,,30.497228999999997,True
21.884065246000002,20.450000000000003,1,controller_to_actual_cmd,,0.072568,
21.884188095000003,20.450000000000003,1,control_period,20.45,50.00000000000071,
21.88428113,20.450000000000003,2,measurement_to_controller_cmd,,34.299361999999995,True
21.88435574,20.450000000000003,2,controller_to_actual_cmd,,0.07461,
21.884448622,20.450000000000003,2,control_period,20.45,50.00000000000071,
21.884518271,20.450000000000003,3,controller_to_actual_cmd,,1.4944629999999999,
21.884590662,20.450000000000003,3,control_period,20.45,50.00000000000071,
21.918090420000002,20.485000000000003,1,camera_to_measurement,20.465,13.127471,True
21.918151216000002,20.485000000000003,1,detector_inference,,9.70932388305664,
21.927189659,20.495,3,detector_inference,,7.9515461921691895,
21.927926181,20.495,3,camera_to_measurement,20.465,10.668171,True
21.932093821000002,20.5,1,measurement_to_controller_cmd,,14.003401,True
21.93222712,20.5,1,control_period,20.5,50.00000000000071,
21.932536174000003,20.5,2,control_period,20.5,50.00000000000071,
21.93263958,20.5,3,measurement_to_controller_cmd,,4.713399,True
21.932744192,20.5,3,control_period,20.5,50.00000000000071,
21.933352581,20.5,1,controller_to_actual_cmd,,1.2587599999999999,
21.933461089,20.5,2,controller_to_actual_cmd,,1.039719,
21.933551787000003,20.5,3,controller_to_actual_cmd,,0.912207,
21.977642561,20.545,1,camera_to_measurement,20.53,8.224122999999999,True
21.977699109000003,20.545,1,detector_inference,,7.416745185852051,
21.982341606000002,20.55,1,measurement_to_controller_cmd,,4.699045,True
21.982492096,20.55,1,control_period,20.55,50.00000000000071,
21.98270798,20.55,2,control_period,20.55,50.00000000000071,
21.982888763000002,20.55,3,control_period,20.55,50.00000000000071,
21.983521353,20.55,1,controller_to_actual_cmd,,1.1797469999999999,
21.98363651,20.55,2,controller_to_actual_cmd,,1.019947,
21.98374167,20.55,3,controller_to_actual_cmd,,0.935558,
21.987613307,20.555,3,detector_inference,,8.811572074890137,
21.987947262000002,20.555,3,camera_to_measurement,20.53,11.166775999999999,True
22.032128543000002,20.6,1,control_period,20.6,50.00000000000071,
22.032271182000002,20.6,2,control_period,20.6,50.00000000000071,
22.034220716,20.6,2,controller_to_actual_cmd,,2.023943,
22.034284308,20.6,3,measurement_to_controller_cmd,,46.337046,True
22.034329395,20.6,3,controller_to_actual_cmd,,0.045086999999999995,
22.034394471000002,20.6,3,control_period,20.6,50.00000000000071,
22.034837007,20.6,1,controller_to_actual_cmd,,2.806669,
22.044876615,20.610000000000003,1,detector_inference,,9.604790687561035,
22.045687744000002,20.610000000000003,1,camera_to_measurement,20.595,11.749168,True
22.049796781,20.615000000000002,2,detector_inference,,9.593408584594727,
22.050439494000003,20.615000000000002,2,camera_to_measurement,20.595,11.288335,True
22.082611056,20.650000000000002,1,measurement_to_controller_cmd,,36.923311999999996,True
22.082750054,20.650000000000002,1,controller_to_actual_cmd,,0.13899799999999998,
22.082921141,20.650000000000002,1,control_period,20.65,49.99999999999716,
22.083142775000002,20.650000000000002,3,controller_to_actual_cmd,,0.096799,
22.083275448000002,20.650000000000002,3,control_period,20.65,49.99999999999716,
22.083994666000002,20.650000000000002,2,measurement_to_controller_cmd,,33.555172,True
22.084110273,20.650000000000002,2,controller_to_actual_cmd,,0.115607,
22.084244018,20.650000000000002,2,control_period,20.65,49.99999999999716,
22.116165954000003,20.685000000000002,3,detector_inference,,8.249292373657227,
22.116807367,20.685000000000002,3,camera_to_measurement,20.66,10.679395999999999,True
22.117877807000003,20.685000000000002,1,detector_inference,,14.99010944366455,
22.118189423,20.685000000000002,1,camera_to_measurement,20.66,18.352777,True
22.132361206000002,20.700000000000003,2,control_period,20.7,50.00000000000071,
22.132865846,20.700000000000003,2,controller_to_actual_cmd,,0.578257,
22.132944220000002,20.700000000000003,3,measurement_to_controller_cmd,,16.136853,True
22.133030874000003,20.700000000000003,3,control_period,20.7,50.00000000000071,
22.13344765,20.700000000000003,1,measurement_to_controller_cmd,,15.258227,True
22.133493525000002,20.700000000000003,1,controller_to_actual_cmd,,0.045875,
22.13354285,20.700000000000003,1,control_period,20.7,50.00000000000071,
22.133582157000003,20.700000000000003,3,controller_to_actual_cmd,,0.637937,
22.182563136000002,20.75,2,control_period,20.75,50.00000000000071,
22.182729866000003,20.75,3,controller_to_actual_cmd,,0.046377999999999996,
22.182778520000003,20.75,3,control_period,20.75,50.00000000000071,
22.18339912,20.75,1,controller_to_actual_cmd,,0.947372,
22.183541615000003,20.75,1,control_period,20.75,50.00000000000071,
22.183647097,20.75,2,camera_to_measurement,20.725,12.629679,True
22.183737941,20.75,2,detector_inference,,9.79885482788086,
22.183824564000002,20.75,2,controller_to_actual_cmd,,1.333491,
22.184297609,20.75,1,camera_to_measurement,20.725,19.261459,True
22.184354764000002,20.75,1,detector_inference,,16.74589729309082,
22.233835527,20.8,1,measurement_to_controller_cmd,,49.537918,True
22.234149516000002,20.8,1,control_period,20.8,50.00000000000071,
22.234282418000003,20.8,2,measurement_to_controller_cmd,,50.635321,True
22.234384796,20.8,2,control_period,20.8,50.00000000000071,
22.234495625,20.8,3,controller_to_actual_cmd,,0.049422999999999995,
22.234570823000002,20.8,3,control_period,20.8,50.00000000000071,
22.235048731000003,20.8,1,controller_to_actual_cmd,,1.213204,
22.238048852000002,20.805,2,controller_to_actual_cmd,,3.766434,
22.247341701,20.815,1,detector_inference,,13.362747192382812,
22.247405999,20.815,2,detector_inference,,9.03752613067627,
22.247817106000003,20.815,1,camera_to_measurement,20.795,14.955584,True
22.247900237,20.815,2,camera_to_measurement,20.795,10.678421,True
22.282148804000002,20.85,1,measurement_to_controller_cmd,,34.331697999999996,True
22.282285427,20.85,1,control_period,20.85,50.00000000000071,
22.282746656,20.85,1,controller_to_actual_cmd,,0.5978519999999999,
22.28280513,20.85,2,measurement_to_controller_cmd,,34.904893,True
22.282890252,20.85,3,controller_to_actual_cmd,,0.033109,
22.282958067000003,20.85,3,control_period,20.85,50.00000000000071,
22.283285813000003,20.85,2,controller_to_actual_cmd,,0.48068299999999997,
22.283350605000003,20.85,2,control_period,20.85,50.00000000000071,
22.319660818000003,20.885,2,detector_inference,,13.500472068786621,
22.321749942,20.89,1,camera_to_measurement,20.86,21.647105999999997,True
22.321823730000002,20.89,1,detector_inference,,18.940425872802734,
22.323579117,20.89,3,detector_inference,,13.55358600616455,
22.324015093,20.89,3,camera_to_measurement,20.86,15.075775,True
22.332134197000002,20.900000000000002,1,measurement_to_controller_cmd,,10.384255,True
22.332279134,20.900000000000002,1,controller_to_actual_cmd,,0.14493699999999998,
22.332404689,20.900000000000002,1,control_period,20.9,49.99999999999716,
22.33249212,20.900000000000002,2,measurement_to_controller_cmd,,12.249898,True
22.332591957,20.900000000000002,2,control_period,20.9,49.99999999999716,
22.332688149000003,20.900000000000002,3,measurement_to_controller_cmd,,8.673055999999999,True
22.332767861,20.900000000000002,3,controller_to_actual_cmd,,0.07971199999999999,
22.332859769000002,20.900000000000002,3,control_period,20.9,49.99999999999716,
22.33344258,20.900000000000002,2,controller_to_actual_cmd,,0.95046,
22.377950182000003,20.945,2,detector_inference,,6.172504901885986,
22.378357233000003,20.945,2,camera_to_measurement,20.925,7.827738999999999,True
22.382440974,20.950000000000003,2,measurement_to_controller_cmd,,4.083741,True
22.382625629,20.950000000000003,2,control_period,20.95,50.00000000000071,
22.382911556,20.950000000000003,3,control_period,20.95,50.00000000000071,
22.383375081,20.950000000000003,1,controller_to_actual_cmd,,0.040929,
22.383437003,20.950000000000003,1,control_period,20.95,50.00000000000071,
22.383479131,20.950000000000003,2,controller_to_actual_cmd,,1.038157,
22.383516101,20.950000000000003,3,controller_to_actual_cmd,,0.75596,
22.388895216,20.955000000000002,3,detector_inference,,11.368435859680176,
22.389378143000002,20.955000000000002,3,camera_to_measurement,20.925,14.376522,True
22.432248941,21.0,2,controller_to_actual_cmd,,0.06665399999999999,
22.432332775000003,21.0,2,control_period,21.0,50.00000000000071,
22.432677314000003,21.0,3,measurement_to_controller_cmd,,43.299171,True
22.43273677,21.0,3,control_period,21.0,50.00000000000071,
22.433017516000003,21.0,3,controller_to_actual_cmd,,0.340202,
22.434775852,21.0,1,controller_to_actual_cmd,,0.39234399999999997,
22.434858313000003,21.0,1,control_period,21.0,50.00000000000071,
22.445143848,21.01,1,detector_inference,,14.610992431640625,
22.445927382,21.01,1,camera_to_measurement,20.99,17.122628,True
22.447420459,21.015,2,detector_inference,,13.929864883422852,
22.447498621,21.015,3,camera_to_measurement,20.99,9.36342,True
22.447539966,21.015,3,detector_inference,,7.636353015899658,
22.447874756,21.015,2,camera_to_measurement,20.99,17.167866999999998,True
22.481852069000002,21.05,1,measurement_to_controller_cmd,,35.924687,True
22.481934178000003,21.05,1,control_period,21.05,50.00000000000071,
22.481978614000003,21.05,3,measurement_to_controller_cmd,,34.479993,True
22.482021207000003,21.05,3,control_period,21.05,50.00000000000071,
22.482395249,21.05,1,controller_to_actual_cmd,,0.54318,
22.482464608,21.05,2,measurement_to_controller_cmd,,34.589852,True
22.482521248,21.05,2,control_period,21.05,50.00000000000071,
22.482839504,21.05,2,controller_to_actual_cmd,,0.374896,
22.482887017000003,21.05,3,controller_to_actual_cmd,,0.908403,
22.516902452,21.085,3,camera_to_measurement,21.055,10.321392999999999,True
22.516999502,21.085,3,detector_inference,,7.519134044647217,
22.517614874000003,21.085,2,detector_inference,,14.833419799804688,
22.517943244,21.085,2,camera_to_measurement,21.055,16.522517999999998,True
22.532332722000003,21.1,1,controller_to_actual_cmd,,0.036427999999999995,
22.532405947,21.1,1,control_period,21.1,50.00000000000071,
22.532446382,21.1,3,measurement_to_controller_cmd,,15.54393,True
22.532490516000003,21.1,3,control_period,21.1,50.00000000000071,
22.532810316000003,21.1,2,measurement_to_controller_cmd,,14.867071999999999,True
22.53286735,21.1,2,control_period,21.1,50.00000000000071,
22.532908113,21.1,3,controller_to_actual_cmd,,0.461731,
22.533245374,21.1,2,controller_to_actual_cmd,,0.435058,
22.578588796000002,21.145,2,detector_inference,,12.097640037536621,
22.579253051000002,21.145,2,camera_to_measurement,21.125,13.222479,True
22.579382264000003,21.145,3,camera_to_measurement,21.125,7.8675809999999995,True
22.579476071000002,21.145,3,detector_inference,,8.541753768920898,
22.582137059,21.150000000000002,2,measurement_to_controller_cmd,,2.8840079999999997,True
22.582301114,21.150000000000002,2,control_period,21.15,49.99999999999716,
22.582430878,21.150000000000002,3,measurement_to_controller_cmd,,3.0486139999999997,True
22.582558645000002,21.150000000000002,3,control_period,21.15,49.99999999999716,
22.583350387000003,21.150000000000002,1,controller_to_actual_cmd,,0.157553,
22.583469456000003,21.150000000000002,1,control_period,21.15,49.99999999999716,
22.583569158000003,21.150000000000002,2,controller_to_actual_cmd,,1.432099,
22.583652818,21.150000000000002,3,controller_to_actual_cmd,,1.22194,
22.632075084,21.200000000000003,3,control_period,21.2,50.00000000000071,
22.632760414,21.200000000000003,1,controller_to_actual_cmd,,0.046479,
22.632830332,21.200000000000003,1,control_period,21.2,50.00000000000071,
22.632892413,21.200000000000003,2,controller_to_actual_cmd,,0.025880999999999998,
22.632927912000003,21.200000000000003,2,control_period,21.2,50.00000000000071,
22.63296241,21.200000000000003,3,controller_to_actual_cmd,,0.9619599999999999,
22.63952411,21.205000000000002,3,detector_inference,,5.706913948059082,
22.681997745,21.25,3,measurement_to_controller_cmd,,42.095833,True
22.682795893,21.25,2,controller_to_actual_cmd,,0.878388,
22.682908454,21.25,2,control_period,21.25,50.00000000000071,
22.682975510000002,21.25,3,controller_to_actual_cmd,,0.977765,
22.683046312000002,21.25,3,control_period,21.25,50.00000000000071,
22.683602287000003,21.25,1,controller_to_actual_cmd,,0.866786,
22.683683175000002,21.25,1,control_period,21.25,50.00000000000071,
22.703771811000003,21.27,1,detector_inference,,7.181759834289551,
22.704476071000002,21.27,1,camera_to_measurement,21.255,9.254366,True
22.715382247,21.28,3,camera_to_measurement,21.255,9.103898,True
22.715530589,21.28,3,detector_inference,,7.335984230041504,
22.731898879000003,21.3,1,measurement_to_controller_cmd,,27.422808,True
22.731982368,21.3,1,control_period,21.3,50.00000000000071,
22.73203347,21.3,3,measurement_to_controller_cmd,,16.651222999999998,True
22.732068547,21.3,3,controller_to_actual_cmd,,0.035077,
22.732113597,21.3,3,control_period,21.3,50.00000000000071,
22.732573616,21.3,1,controller_to_actual_cmd,,0.6747369999999999,
22.732656039000002,21.3,2,controller_to_actual_cmd,,0.029914999999999997,
22.732712341000003,21.3,2,control_period,21.3,50.00000000000071,
22.768393888000002,21.335,1,detector_inference,,7.7041239738464355,
22.768733906,21.335,1,camera_to_measurement,21.32,9.346252999999999,True
22.773194271,21.34,3,camera_to_measurement,21.32,8.272765999999999,True
22.773279396000003,21.34,3,detector_inference,,6.858421802520752,
22.781840848,21.35,1,measurement_to_controller_cmd,,13.106942,True
22.781932952000002,21.35,1,controller_to_actual_cmd,,0.09210399999999999,
22.782022257,21.35,1,control_period,21.35,50.00000000000071,
22.78208128,21.35,3,measurement_to_controller_cmd,,8.887008999999999,True
22.782146840000003,21.35,3,control_period,21.35,50.00000000000071,
22.782523205,21.35,2,control_period,21.35,50.00000000000071,
22.782556806000002,21.35,3,controller_to_actual_cmd,,0.475526,
22.782804121,21.35,2,controller_to_actual_cmd,,0.315494,
22.832239266000002,21.400000000000002,3,control_period,21.4,49.99999999999716,
22.832683176,21.400000000000002,1,controller_to_actual_cmd,,0.629416,
22.832745535,21.400000000000002,1,control_period,21.4,49.99999999999716,
22.832798169,21.400000000000002,2,control_period,21.4,49.99999999999716,
22.832845647000003,21.400000000000002,3,controller_to_actual_cmd,,0.6856639999999999,
22.833874075,21.400000000000002,2,controller_to_actual_cmd,,1.755428,
22.838881325000003,21.405,2,detector_inference,,10.894584655761719,
22.839005682,21.405,3,camera_to_measurement,21.385,10.724345,True
22.839076283,21.405,3,detector_inference,,9.071032524108887,
22.839502845000002,21.405,2,camera_to_measurement,21.385,13.145681999999999,True
22.882704898,21.450000000000003,1,control_period,21.45,50.00000000000071,
22.882824967,21.450000000000003,2,measurement_to_controller_cmd,,43.322122,True
22.882936425,21.450000000000003,2,control_period,21.45,50.00000000000071,
22.883034145,21.450000000000003,3,measurement_to_controller_cmd,,44.028462999999995,True
22.883152348000003,21.450000000000003,3,control_period,21.45,50.00000000000071,
22.883674194,21.450000000000003,1,controller_to_actual_cmd,,1.115357,
22.883731328,21.450000000000003,2,controller_to_actual_cmd,,0.906361,
22.883768305,21.450000000000003,3,controller_to_actual_cmd,,0.7341599999999999,
22.914054418000003,21.48,1,detector_inference,,11.333596229553223,
22.914917318,21.48,1,camera_to_measurement,21.455,15.363268999999999,True
22.922702868000002,21.490000000000002,2,detector_inference,,13.613253593444824,
22.928176758000003,21.495,3,detector_inference,,16.03700065612793,
22.928887827,21.495,3,camera_to_measurement,21.455,18.729521,True
22.932368584000002,21.5,1,measurement_to_controller_cmd,,17.451266,True
22.932444701,21.5,3,measurement_to_controller_cmd,,3.5568739999999996,True
22.932896018,21.5,1,controller_to_actual_cmd,,0.527434,
22.93296733,21.5,1,control_period,21.5,50.00000000000071,
22.933017319,21.5,2,measurement_to_controller_cmd,,10.436746,True
22.933057856,21.5,2,controller_to_actual_cmd,,0.040537,
22.933103189,21.5,2,control_period,21.5,50.00000000000071,
22.933145258,21.5,3,controller_to_actual_cmd,,0.700557,
22.933195761,21.5,3,control_period,21.5,50.00000000000071,
22.979769992,21.545,2,detector_inference,,13.30566692352295,
22.981727984000003,21.55,3,camera_to_measurement,21.52,11.105518,True
22.981813157,21.55,3,detector_inference,,9.477916717529297,
22.983618842000002,21.55,1,control_period,21.55,50.00000000000071,
22.983772317,21.55,2,measurement_to_controller_cmd,,3.2661059999999997,True
22.983916574000002,21.55,2,control_period,21.55,50.00000000000071,
22.984045794,21.55,3,measurement_to_controller_cmd,,2.3178099999999997,True
22.984145146000003,21.55,3,controller_to_actual_cmd,,0.099352,
22.984277616,21.55,3,control_period,21.55,50.00000000000071,
22.984954892,21.55,1,controller_to_actual_cmd,,1.473925,
22.985071055000002,21.55,2,controller_to_actual_cmd,,1.298738,
23.032810309000002,21.6,1,control_period,21.6,50.00000000000071,
23.032986529000002,21.6,2,control_period,21.6,50.00000000000071,
23.033114236000003,21.6,3,controller_to_actual_cmd,,1.0319859999999998,
23.033270218000002,21.6,3,control_period,21.6,50.00000000000071,
23.033978937,21.6,1,controller_to_actual_cmd,,2.005467,
23.034112613,21.6,2,controller_to_actual_cmd,,2.081582,
23.040969425,21.605,1,detector_inference,,13.22652816772461,
23.041771099,21.610000000000003,1,camera_to_measurement,21.585,16.049888,True
23.049417608000002,21.615000000000002,3,detector_inference,,8.583270072937012,
23.049847655,21.615000000000002,3,camera_to_measurement,21.585,11.480152,True
23.082700757,21.650000000000002,3,measurement_to_controller_cmd,,32.853102,True
23.082990632,21.650000000000002,3,control_period,21.65,49.99999999999716,
23.083832408000003,21.650000000000002,1,measurement_to_controller_cmd,,42.061309,True
23.083992409,21.650000000000002,1,control_period,21.65,49.99999999999716,
23.084181453000003,21.650000000000002,2,controller_to_actual_cmd,,0.072078,
23.084325336000003,21.650000000000002,2,control_period,21.65,49.99999999999716,
23.084426193000002,21.650000000000002,3,controller_to_actual_cmd,,1.725436,
23.085095807000002,21.650000000000002,1,controller_to_actual_cmd,,1.263399,
23.110880870000003,21.675,1,camera_to_measurement,21.65,13.800690999999999,True
23.111050372,21.675,1,detector_inference,,12.476160049438477,
23.120160021,21.685000000000002,2,detector_inference,,17.665634155273438,
23.121184693,21.69,2,camera_to_measurement,21.65,20.056345999999998,True
23.121354014,21.69,3,detector_inference,,8.061863899230957,
23.122085241,21.69,3,camera_to_measurement,21.65,12.301777999999999,True
23.13274328,21.700000000000003,2,measurement_to_controller_cmd,,11.558587,True
23.132929016000002,21.700000000000003,2,control_period,21.7,50.00000000000071,
23.133073502000002,21.700000000000003,3,measurement_to_controller_cmd,,10.988261,True
23.133240258,21.700000000000003,3,control_period,21.7,50.00000000000071,
23.134086369000002,21.700000000000003,1,measurement_to_controller_cmd,,23.205499,True
23.134377843000003,21.700000000000003,1,control_period,21.7,50.00000000000071,
23.134514912,21.700000000000003,3,controller_to_actual_cmd,,1.4414099999999999,
23.135325014000003,21.700000000000003,1,controller_to_actual_cmd,,1.238645,
23.135515259,21.700000000000003,2,controller_to_actual_cmd,,2.771979,
23.177867239,21.745,1,camera_to_measurement,21.715,16.194948,True
23.177989478,21.745,1,detector_inference,,12.518207550048828,
23.182918285000003,21.75,1,measurement_to_controller_cmd,,5.0510459999999995,True
23.183178899,21.75,3,control_period,21.75,50.00000000000071,
23.183898528,21.75,1,control_period,21.75,50.00000000000071,
23.184000907,21.75,3,controller_to_actual_cmd,,0.949889,
23.184410075000002,21.75,1,controller_to_actual_cmd,,1.49179,
23.184944047000002,21.75,2,control_period,21.75,50.00000000000071,
23.185327526000002,21.75,2,controller_to_actual_cmd,,0.47845099999999996,
23.18757829,21.755000000000003,2,detector_inference,,14.295611381530762,
23.188096126,21.755000000000003,2,camera_to_measurement,21.715,15.054355999999999,True
23.23307187,21.8,1,controller_to_actual_cmd,,0.065896,
23.233194035,21.8,1,control_period,21.8,50.00000000000071,
23.233293409,21.8,2,measurement_to_controller_cmd,,45.197283,True
23.233389848,21.8,2,control_period,21.8,50.00000000000071,
23.236526833000003,21.8,3,controller_to_actual_cmd,,0.076085,
23.236666898000003,21.8,3,control_period,21.8,50.00000000000071,
23.237439987000002,21.805,2,controller_to_actual_cmd,,4.146578,
23.242105022,21.810000000000002,1,camera_to_measurement,21.785,11.551959,True
23.24216994,21.810000000000002,1,detector_inference,,8.873804092407227,
23.282969738000002,21.85,1,measurement_to_controller_cmd,,40.864716,True
23.283182286000002,21.85,1,control_period,21.85,50.00000000000071,
23.283934151,21.85,1,controller_to_actual_cmd,,0.964413,
23.284027135000002,21.85,2,controller_to_actual_cmd,,0.671325,
23.284118809000002,21.85,2,control_period,21.85,50.00000000000071,
23.284250652,21.85,3,controller_to_actual_cmd,,0.072923,
23.284315704,21.85,3,control_period,21.85,50.00000000000071,
23.315002882,21.880000000000003,3,detector_inference,,6.8676438331604,
23.315457903000002,21.880000000000003,3,camera_to_measurement,21.85,8.286071,True
23.332708016,21.900000000000002,1,control_period,21.9,49.99999999999716,
23.332832209000003,21.900000000000002,2,controller_to_actual_cmd,,0.038626,
23.3328913,21.900000000000002,2,control_period,21.9,49.99999999999716,
23.332942078000002,21.900000000000002,3,measurement_to_controller_cmd,,17.484175,True
23.333001829,21.900000000000002,3,controller_to_actual_cmd,,0.059751,
23.333045554,21.900000000000002,3,control_period,21.9,49.99999999999716,
23.333470026,21.900000000000002,1,controller_to_actual_cmd,,0.914974,
23.379728188,21.945,2,detector_inference,,12.11657428741455,
23.380479897,21.945,2,camera_to_measurement,21.915,14.448618999999999,True
23.381249716000003,21.945,3,camera_to_measurement,21.915,10.029181,True
23.381377657,21.945,3,detector_inference,,7.703883171081543,
23.382898759,21.950000000000003,2,measurement_to_controller_cmd,,2.418862,True
23.383028357,21.950000000000003,2,controller_to_actual_cmd,,0.129598,
23.383171303,21.950000000000003,2,control_period,21.95,50.00000000000071,
23.383333800000003,21.950000000000003,3,measurement_to_controller_cmd,,2.084084,True
23.383434465,21.950000000000003,3,controller_to_actual_cmd,,0.10066499999999999,
23.383552594,21.950000000000003,3,control_period,21.95,50.00000000000071,
23.384475418,21.950000000000003,1,control_period,21.95,50.00000000000071,
23.385055597,21.950000000000003,1,controller_to_actual_cmd,,0.712167,
23.435969212,22.0,3,control_period,22.0,50.00000000000071,
23.436835336,22.0,1,controller_to_actual_cmd,,0.11726099999999999,
23.437014906,22.0,1,control_period,22.0,50.00000000000071,
23.440597329000003,22.0,2,control_period,22.0,50.00000000000071,
23.440765434000003,22.0,3,controller_to_actual_cmd,,4.9588779999999995,
23.44186463,22.005000000000003,2,controller_to_actual_cmd,,1.4524839999999999,
23.460568317,22.025000000000002,2,detector_inference,,19.363374710083008,
23.461646878,22.03,2,camera_to_measurement,21.98,21.727971,True
23.465317158,22.03,3,camera_to_measurement,21.98,18.383604,True
23.465499541,22.03,3,detector_inference,,14.749348640441895,
23.48257504,22.05,3,measurement_to_controller_cmd,,17.257882,True
23.483228878000002,22.05,2,measurement_to_controller_cmd,,21.582,True
23.483330304000003,22.05,2,controller_to_actual_cmd,,0.101426,
23.483474271000002,22.05,2,control_period,22.05,50.00000000000071,
23.483560241000003,22.05,3,control_period,22.05,50.00000000000071,
23.484265183,22.05,3,controller_to_actual_cmd,,1.690143,
23.484890447,22.05,1,control_period,22.05,50.00000000000071,
23.485356699,22.05,1,controller_to_actual_cmd,,0.538229,
23.507685554000002,22.075000000000003,1,camera_to_measurement,22.045,16.398993,True
23.507814252000003,22.075000000000003,1,detector_inference,,13.779419898986816,
23.532483203,22.1,1,measurement_to_controller_cmd,,24.797649,True
23.532575619000003,22.1,1,control_period,22.1,50.00000000000071,
23.532672844,22.1,2,control_period,22.1,50.00000000000071,
23.533159849,22.1,1,controller_to_actual_cmd,,0.676646,
23.533223508000003,22.1,2,controller_to_actual_cmd,,0.593908,
23.533269328000003,22.1,3,controller_to_actual_cmd,,0.550673,
23.533321961000002,22.1,3,control_period,22.1,50.00000000000071,
23.579929786,22.145000000000003,2,detector_inference,,17.451929092407227,
23.582303641000003,22.150000000000002,1,control_period,22.15,49.99999999999716,
23.582431978000002,22.150000000000002,2,measurement_to_controller_cmd,,1.608218,True
23.582565563000003,22.150000000000002,2,control_period,22.15,49.99999999999716,
23.582803837,22.150000000000002,3,control_period,22.15,49.99999999999716,
23.583490958000002,22.150000000000002,1,controller_to_actual_cmd,,1.357435,
23.583592493,22.150000000000002,2,controller_to_actual_cmd,,1.160515,
23.583706127000003,22.150000000000002,3,camera_to_measurement,22.115,16.309606,True
23.583797425,22.150000000000002,3,detector_inference,,14.91981315612793,
23.583884972,22.150000000000002,3,controller_to_actual_cmd,,1.193467,
23.629482156,22.195,1,camera_to_measurement,22.18,8.84463,True
23.629559925000002,22.195,1,detector_inference,,8.11528491973877,
23.632044996,22.200000000000003,1,measurement_to_controller_cmd,,2.56284,True
23.63216667,22.200000000000003,1,control_period,22.2,50.00000000000071,
23.632754441000003,22.200000000000003,1,controller_to_actual_cmd,,0.709445,
23.632812637,22.200000000000003,2,controller_to_actual_cmd,,0.5689489999999999,
23.632875253,22.200000000000003,2,control_period,22.2,50.00000000000071,
23.633188692,22.200000000000003,3,measurement_to_controller_cmd,,49.482565,True
23.633246221,22.200000000000003,3,controller_to_actual_cmd,,0.057529,
23.633294824,22.200000000000003,3,control_period,22.2,50.00000000000071,
23.638994725,22.205000000000002,3,detector_inference,,7.813655853271484,
23.639659847,22.205000000000002,3,camera_to_measurement,22.18,10.81372,True
23.685014363,22.25,1,control_period,22.25,50.00000000000071,
23.685331171,22.25,2,control_period,22.25,50.00000000000071,
23.685449274,22.25,3,measurement_to_controller_cmd,,45.789426999999996,True
23.685566135000002,22.25,3,control_period,22.25,50.00000000000071,
23.689536367000002,22.25,2,controller_to_actual_cmd,,4.337511999999999,
23.689707551,22.25,3,controller_to_actual_cmd,,4.258277,
23.690764360000003,22.255000000000003,1,controller_to_actual_cmd,,5.933211,
23.698053287,22.265,1,detector_inference,,9.205109596252441,
23.698642117000002,22.265,1,camera_to_measurement,22.245,9.743172999999999,True
23.707891735,22.275000000000002,2,camera_to_measurement,22.245,11.853385999999999,True
23.707963265,22.275000000000002,2,detector_inference,,10.014459609985352,
23.732562213,22.3,1,measurement_to_controller_cmd,,33.920096,True
23.732703656,22.3,2,measurement_to_controller_cmd,,24.811920999999998,True
23.732807348,22.3,2,controller_to_actual_cmd,,0.10369199999999999,
23.732942303,22.3,2,control_period,22.3,50.00000000000071,
23.733037205000002,22.3,3,controller_to_actual_cmd,,1.147251,
23.733148370000002,22.3,3,control_period,22.3,50.00000000000071,
23.733826290000003,22.3,1,controller_to_actual_cmd,,1.264077,
23.733936816,22.3,1,control_period,22.3,50.00000000000071,
23.773111891000003,22.34,3,detector_inference,,10.502143859863281,
23.773478255,22.34,3,camera_to_measurement,22.31,12.141618999999999,True
23.781958733,22.35,1,control_period,22.35,50.00000000000071,
23.782005458,22.35,3,measurement_to_controller_cmd,,8.527203,True
23.782542923,22.35,1,controller_to_actual_cmd,,0.6348619999999999,
23.782650003,22.35,2,control_period,22.35,50.00000000000071,
23.782685033,22.35,3,controller_to_actual_cmd,,0.6795749999999999,
23.782723317000002,22.35,3,control_period,22.35,50.00000000000071,
23.78298484,22.35,2,controller_to_actual_cmd,,0.38409899999999997,
23.825262366,22.39,1,camera_to_measurement,22.375,10.112129,True
23.825418850000002,22.39,1,detector_inference,,7.879650115966797,
23.833247734,22.400000000000002,1,measurement_to_controller_cmd,,7.985367999999999,True
23.833359244,22.400000000000002,1,controller_to_actual_cmd,,0.11151,
23.833488819000003,22.400000000000002,1,control_period,22.4,49.99999999999716,
23.833657040000002,22.400000000000002,2,controller_to_actual_cmd,,0.070769,
23.833762516,22.400000000000002,2,control_period,22.4,49.99999999999716,
23.833929596,22.400000000000002,3,controller_to_actual_cmd,,0.071662,
23.834037188,22.400000000000002,3,control_period,22.4,49.99999999999716,
23.836549166,22.405,3,camera_to_measurement,22.375,9.064089,True
23.836679692,22.405,3,detector_inference,,7.220523834228516,
23.883509545000003,22.450000000000003,1,control_period,22.45,50.00000000000071,
23.883855587000003,22.450000000000003,2,control_period,22.45,50.00000000000071,
23.884652772000003,22.450000000000003,1,controller_to_actual_cmd,,1.329011,
23.884811271,22.450000000000003,2,controller_to_actual_cmd,,1.103898,
23.884889303,22.450000000000003,3,measurement_to_controller_cmd,,48.340137,True
23.884965748000003,22.450000000000003,3,controller_to_actual_cmd,,0.076445,
23.885255846,22.450000000000003,3,control_period,22.45,50.00000000000071,
23.904971586000002,22.470000000000002,1,camera_to_measurement,22.445,14.146125,True
23.905063859000002,22.470000000000002,1,detector_inference,,11.449690818786621,
23.912033272000002,22.48,2,camera_to_measurement,22.445,15.909866,True
23.912104317,22.48,2,detector_inference,,12.499119758605957,
23.932403913,22.5,1,measurement_to_controller_cmd,,27.432326999999997,True
23.932456324,22.5,1,controller_to_actual_cmd,,0.052411,
23.932518613000003,22.5,1,control_period,22.5,50.00000000000071,
23.932560650000003,22.5,2,measurement_to_controller_cmd,,20.527378,True
23.93260403,22.5,2,control_period,22.5,50.00000000000071,
23.932674891,22.5,3,controller_to_actual_cmd,,0.031049,
23.932715560000002,22.5,3,control_period,22.5,50.00000000000071,
23.933109008000002,22.5,2,controller_to_actual_cmd,,0.548358,
23.975249071,22.540000000000003,2,detector_inference,,14.993867874145508,
23.975526645000002,22.540000000000003,3,detector_inference,,12.02065372467041,
23.976405581,22.540000000000003,2,camera_to_measurement,22.51,17.697892,True
23.976601473000002,22.540000000000003,3,camera_to_measurement,22.51,15.565176999999998,True
23.977472545,22.545,1,detector_inference,,22.179765701293945,
23.978260872,22.545,1,camera_to_measurement,22.51,25.032494,True
23.982513233000002,22.55,1,measurement_to_controller_cmd,,4.252361,True
23.982619644000003,22.55,1,control_period,22.55,50.00000000000071,
23.982699778,22.55,3,measurement_to_controller_cmd,,6.098305,True
23.983341755,22.55,1,controller_to_actual_cmd,,0.828522,
23.98341164,22.55,3,controller_to_actual_cmd,,0.711862,
23.983468988000002,22.55,3,control_period,22.55,50.00000000000071,
23.983813728,22.55,2,measurement_to_controller_cmd,,7.408147,True
23.983858317000003,22.55,2,controller_to_actual_cmd,,0.044589,
23.983905799000002,22.55,2,control_period,22.55,50.00000000000071,
24.03076484,22.595000000000002,1,detector_inference,,10.463977813720703,
24.032217091000003,22.6,1,camera_to_measurement,22.575,14.220943,True
24.03302274,22.6,1,measurement_to_controller_cmd,,0.805649,True
24.033112018,22.6,1,controller_to_actual_cmd,,0.089278,
24.033234713000002,22.6,1,control_period,22.6,50.00000000000071,
24.033335325000003,22.6,2,camera_to_measurement,22.575,9.548043,True
24.033433637,22.6,2,detector_inference,,6.163908004760742,
24.033518907,22.6,2,controller_to_actual_cmd,,1.162702,
24.033615230000002,22.6,2,control_period,22.6,50.00000000000071,
24.033764998000002,22.6,3,controller_to_actual_cmd,,0.06571199999999999,
24.033858679,22.6,3,control_period,22.6,50.00000000000071,
24.082990374,22.650000000000002,1,controller_to_actual_cmd,,0.070328,
24.083154384,22.650000000000002,1,control_period,22.65,49.99999999999716,
24.083329313,22.650000000000002,3,control_period,22.65,49.99999999999716,
24.084309033,22.650000000000002,3,controller_to_actual_cmd,,1.0464149999999999,
24.084766054000003,22.650000000000002,2,measurement_to_controller_cmd,,51.430729,True
24.085229659000003,22.650000000000002,2,control_period,22.65,49.99999999999716,
24.08579569,22.650000000000002,2,controller_to_actual_cmd,,1.029636,
24.104502668000002,22.67,3,camera_to_measurement,22.64,7.836963,True
24.104627005,22.67,3,detector_inference,,5.966999053955078,
24.133110322,22.700000000000003,1,control_period,22.7,50.00000000000071,
24.133185199000003,22.700000000000003,3,measurement_to_controller_cmd,,28.682530999999997,True
24.133262121,22.700000000000003,3,controller_to_actual_cmd,,0.07692199999999999,
24.133346068,22.700000000000003,3,control_period,22.7,50.00000000000071,
24.133968136,22.700000000000003,1,controller_to_actual_cmd,,1.969391,
24.138158357000002,22.705000000000002,2,control_period,22.7,50.00000000000071,
24.138878778000002,22.705000000000002,2,controller_to_actual_cmd,,3.416165,
24.185079711,22.75,1,camera_to_measurement,22.705,9.842316,True
24.185215604000003,22.75,1,detector_inference,,8.552639961242676,
24.18530655,22.75,1,measurement_to_controller_cmd,,0.22683899999999999,True
24.185397674,22.75,1,control_period,22.75,50.00000000000071,
24.185539086000002,22.75,2,controller_to_actual_cmd,,0.061114999999999996,
24.185626493,22.75,2,control_period,22.75,50.00000000000071,
24.18575381,22.75,3,controller_to_actual_cmd,,0.054640999999999995,
24.185865532,22.75,3,control_period,22.75,50.00000000000071,
24.187341673000002,22.75,1,controller_to_actual_cmd,,2.035123,
24.232716103,22.8,2,control_period,22.8,50.00000000000071,
24.233776753,22.8,1,control_period,22.8,50.00000000000071,
24.233903785000003,22.8,2,controller_to_actual_cmd,,1.344701,
24.234027546,22.8,3,controller_to_actual_cmd,,1.172699,
24.234165580000003,22.8,3,control_period,22.8,50.00000000000071,
24.237378672000002,22.8,1,controller_to_actual_cmd,,3.7490829999999997,
24.246476057000002,22.810000000000002,1,camera_to_measurement,22.775,9.486321,True
24.246639306000002,22.810000000000002,1,detector_inference,,7.5521321296691895,
24.256790900000002,22.82,2,camera_to_measurement,22.775,13.780361,True
24.256970525,22.82,2,detector_inference,,10.187789916992188,
24.286964709000003,22.855,3,control_period,22.855,54.999999999999716,
24.287695597000003,22.855,2,measurement_to_controller_cmd,,30.904697,True
24.287825327,22.855,2,control_period,22.855,54.999999999999716,
24.288253132,22.855,2,controller_to_actual_cmd,,0.557535,
24.288358643000002,22.855,3,controller_to_actual_cmd,,1.4901419999999999,
24.28978418,22.855,1,measurement_to_controller_cmd,,43.308122999999995,True
24.290275562,22.855,1,controller_to_actual_cmd,,0.491382,
24.290409485,22.855,1,control_period,22.855,54.999999999999716,
24.293885819,22.860000000000003,1,camera_to_measurement,22.84,11.820139,True
24.293947787,22.860000000000003,1,detector_inference,,9.572347640991211,
24.300524108,22.865000000000002,3,detector_inference,,5.903759956359863,
24.301349405,22.87,3,camera_to_measurement,22.84,7.968698,True
24.331783986,22.900000000000002,1,measurement_to_controller_cmd,,37.898167,True
24.331862857,22.900000000000002,1,control_period,22.9,44.99999999999815,
24.331909853000003,22.900000000000002,3,measurement_to_controller_cmd,,30.560447999999997,True
24.331953170000002,22.900000000000002,3,control_period,22.9,44.99999999999815,
24.332266623000002,22.900000000000002,1,controller_to_actual_cmd,,0.482637,
24.332353424,22.900000000000002,2,control_period,22.9,44.99999999999815,
24.332389681000002,22.900000000000002,3,controller_to_actual_cmd,,0.479828,
24.332676592000002,22.900000000000002,2,controller_to_actual_cmd,,0.367566,
24.353637480000003,22.92,1,detector_inference,,6.998805046081543,
24.354241544,22.92,1,camera_to_measurement,22.905,9.302976,True
24.381980525000003,22.950000000000003,1,measurement_to_controller_cmd,,27.738981,True
24.383050139,22.950000000000003,1,controller_to_actual_cmd,,1.0696139999999998,
24.383123279000003,22.950000000000003,1,control_period,22.95,50.00000000000071,
24.383158677,22.950000000000003,2,controller_to_actual_cmd,,1.126669,
24.383194469000003,22.950000000000003,2,control_period,22.95,50.00000000000071,
24.383234969,22.950000000000003,3,controller_to_actual_cmd,,1.1059409999999998,
24.383268716,22.950000000000003,3,control_period,22.95,50.00000000000071,
24.421832244,22.990000000000002,3,camera_to_measurement,22.97,6.849346,True
24.421908501,22.990000000000002,3,detector_inference,,6.250744819641113,
24.431907975,23.0,1,controller_to_actual_cmd,,0.040697,
24.431981092,23.0,1,control_period,23.0,50.00000000000071,
24.432051501,23.0,2,controller_to_actual_cmd,,0.030012999999999998,
24.432094415,23.0,2,control_period,23.0,50.00000000000071,
24.432132849000002,23.0,3,measurement_to_controller_cmd,,10.300605,True
24.432165536000003,23.0,3,controller_to_actual_cmd,,0.032687,
24.432214453,23.0,3,control_period,23.0,50.00000000000071,
24.484270046000002,23.05,1,control_period,23.05,50.00000000000071,
24.485086757,23.05,1,controller_to_actual_cmd,,0.965895,
24.485229451000002,23.05,2,controller_to_actual_cmd,,0.052514,
24.485331607000003,23.05,2,control_period,23.05,50.00000000000071,
24.485385136,23.05,3,control_period,23.05,50.00000000000071,
24.488789194000002,23.055,1,camera_to_measurement,23.035,13.896495,True
24.488877487,23.055,1,detector_inference,,9.518917083740234,
24.488951046,23.055,3,controller_to_actual_cmd,,4.559127999999999,
24.493768657,23.060000000000002,2,detector_inference,,12.239727973937988,
24.494220305000002,23.060000000000002,2,camera_to_measurement,23.035,15.086243,True
24.499736951000003,23.065,3,detector_inference,,9.279288291931152,
24.500415945,23.065,3,camera_to_measurement,23.035,12.43534,True
24.532053667000003,23.1,1,measurement_to_controller_cmd,,43.264472999999995,True
24.532555721,23.1,1,controller_to_actual_cmd,,0.502054,
24.532660638000003,23.1,1,control_period,23.1,50.00000000000071,
24.532706385,23.1,2,measurement_to_controller_cmd,,38.48608,True
24.532746792,23.1,2,controller_to_actual_cmd,,0.040407,
24.532788386,23.1,2,control_period,23.1,50.00000000000071,
24.53282497,23.1,3,measurement_to_controller_cmd,,32.409025,True
24.532861261,23.1,3,controller_to_actual_cmd,,0.036291,
24.532919240000002,23.1,3,control_period,23.1,50.00000000000071,
24.557997722000003,23.125,1,camera_to_measurement,23.105,11.723839,True
24.558060114,23.125,1,detector_inference,,10.378687858581543,
24.562547608000003,23.130000000000003,2,detector_inference,,10.058324813842773,
24.562886751,23.130000000000003,2,camera_to_measurement,23.105,12.489022,True
24.57050169,23.135,3,detector_inference,,11.622057914733887,
24.571136099,23.14,3,camera_to_measurement,23.105,13.862279,True
24.582073813,23.150000000000002,1,measurement_to_controller_cmd,,24.076090999999998,True
24.582119717,23.150000000000002,1,controller_to_actual_cmd,,0.045904,
24.582172165000003,23.150000000000002,1,control_period,23.15,49.99999999999716,
24.58221254,23.150000000000002,2,measurement_to_controller_cmd,,19.325789,True
24.582244406,23.150000000000002,2,controller_to_actual_cmd,,0.031866,
24.582279470000003,23.150000000000002,2,control_period,23.15,49.99999999999716,
24.58255166,23.150000000000002,3,measurement_to_controller_cmd,,11.415561,True
24.582590523,23.150000000000002,3,control_period,23.15,49.99999999999716,
24.582804965,23.150000000000002,3,controller_to_actual_cmd,,0.253305,
24.627480324,23.195,1,camera_to_measurement,23.17,16.873188,True
24.627592159000002,23.195,1,detector_inference,,16.167888641357422,
24.627659417,23.195,2,detector_inference,,13.657243728637695,
24.628439953,23.195,2,camera_to_measurement,23.17,15.016535,True
24.628570828,23.195,3,detector_inference,,9.10859203338623,
24.632338917000002,23.200000000000003,1,measurement_to_controller_cmd,,4.858593,True
24.632394874000003,23.200000000000003,1,controller_to_actual_cmd,,0.055957,
24.632458141,23.200000000000003,1,control_period,23.2,50.00000000000071,
24.632499176000003,23.200000000000003,2,measurement_to_controller_cmd,,4.059223,True
24.632537674,23.200000000000003,2,controller_to_actual_cmd,,0.038498,
24.632579284000002,23.200000000000003,2,control_period,23.2,50.00000000000071,
24.632626003000002,23.200000000000003,3,measurement_to_controller_cmd,,3.425642,True
24.632669921,23.200000000000003,3,controller_to_actual_cmd,,0.043918,
24.632712319000003,23.200000000000003,3,control_period,23.2,50.00000000000071,
24.684628797000002,23.25,1,controller_to_actual_cmd,,0.11151499999999999,
24.684830159,23.25,1,control_period,23.25,50.00000000000071,
24.685817169,23.25,2,controller_to_actual_cmd,,0.8413919999999999,
24.686037691000003,23.25,2,control_period,23.25,50.00000000000071,
24.688119458000003,23.255000000000003,1,camera_to_measurement,23.235,13.947512999999999,True
24.688287269,23.255000000000003,1,detector_inference,,9.395577430725098,
24.688621545,23.255000000000003,3,control_period,23.25,50.00000000000071,
24.693584783000002,23.26,3,controller_to_actual_cmd,,5.126028,
24.704185676,23.270000000000003,2,detector_inference,,22.101051330566406,
24.705077457,23.270000000000003,2,camera_to_measurement,23.235,24.778684,True
24.705723477000003,23.270000000000003,3,camera_to_measurement,23.235,13.100090999999999,True
24.705822131,23.270000000000003,3,detector_inference,,12.21864128112793,
24.732104008,23.3,2,measurement_to_controller_cmd,,27.026550999999998,True
24.732282803,23.3,2,control_period,23.3,50.00000000000071,
24.732394801,23.3,3,measurement_to_controller_cmd,,26.671324,True
24.732491786,23.3,3,controller_to_actual_cmd,,0.096985,
24.732584283,23.3,3,control_period,23.3,50.00000000000071,
24.733102689000003,23.3,1,measurement_to_controller_cmd,,44.983230999999996,True
24.733181174000002,23.3,1,controller_to_actual_cmd,,0.078485,
24.733292357,23.3,1,control_period,23.3,50.00000000000071,
24.733379664,23.3,2,controller_to_actual_cmd,,1.275656,
24.762146537000003,23.330000000000002,2,camera_to_measurement,23.3,16.524485,True
24.762287725,23.330000000000002,2,detector_inference,,12.81363296508789,
24.763060458,23.330000000000002,3,camera_to_measurement,23.3,10.919074,True
24.763123477,23.330000000000002,3,detector_inference,,8.819140434265137,
24.763693666,23.330000000000002,1,camera_to_measurement,23.3,22.358444,True
24.763737537,23.330000000000002,1,detector_inference,,19.894027709960938,
24.782353998,23.35,1,measurement_to_controller_cmd,,18.660332,True
24.782536383,23.35,1,control_period,23.35,50.00000000000071,
24.782622073000002,23.35,2,measurement_to_controller_cmd,,20.475535999999998,True
24.782691471000003,23.35,2,controller_to_actual_cmd,,0.069398,
24.782770846000002,23.35,2,control_period,23.35,50.00000000000071,
24.782841525000002,23.35,3,measurement_to_controller_cmd,,19.781067,True
24.782916521,23.35,3,controller_to_actual_cmd,,0.074996,
24.783001376,23.35,3,control_period,23.35,50.00000000000071,
24.783489724000002,23.35,1,controller_to_actual_cmd,,1.135726,
24.813985463,23.380000000000003,1,detector_inference,,7.720603942871094,
24.814447421,23.380000000000003,1,camera_to_measurement,23.365,8.614526,True
24.824753487000002,23.39,3,camera_to_measurement,23.365,8.377711,True
24.824833437000002,23.39,3,detector_inference,,6.237617015838623,
24.832008986,23.400000000000002,1,measurement_to_controller_cmd,,17.561564999999998,True
24.832066629,23.400000000000002,3,measurement_to_controller_cmd,,7.313142,True
24.832388217000002,23.400000000000002,1,controller_to_actual_cmd,,0.379231,
24.83246592,23.400000000000002,1,control_period,23.4,49.99999999999716,
24.832544488,23.400000000000002,2,control_period,23.4,49.99999999999716,
24.832580256,23.400000000000002,3,controller_to_actual_cmd,,0.513627,
24.832619943,23.400000000000002,3,control_period,23.4,49.99999999999716,
24.832906122,23.400000000000002,2,controller_to_actual_cmd,,0.39911199999999997,
24.882898601,23.450000000000003,1,control_period,23.45,50.00000000000071,
24.883073063,23.450000000000003,2,control_period,23.45,50.00000000000071,
24.883786315000002,23.450000000000003,1,controller_to_actual_cmd,,0.995003,
24.883901778000002,23.450000000000003,2,controller_to_actual_cmd,,0.9026,
24.885028392000002,23.450000000000003,1,detector_inference,,8.429099082946777,
24.885828898000003,23.450000000000003,1,camera_to_measurement,23.435,10.935876,True
24.885976138,23.450000000000003,3,control_period,23.45,50.00000000000071,
24.886664415000002,23.450000000000003,3,controller_to_actual_cmd,,1.516233,
24.898768929000003,23.465,3,detector_inference,,8.089115142822266,
24.899123733000003,23.465,3,camera_to_measurement,23.435,9.568622999999999,True
24.899671920000003,23.465,2,detector_inference,,18.426084518432617,
24.932041296,23.5,1,measurement_to_controller_cmd,,46.212398,True
24.932101328,23.5,1,controller_to_actual_cmd,,0.060031999999999995,
24.932167553000003,23.5,1,control_period,23.5,50.00000000000071,
24.932226894000003,23.5,2,measurement_to_controller_cmd,,32.58999,True
24.932292073000003,23.5,2,control_period,23.5,50.00000000000071,
24.932346064,23.5,3,measurement_to_controller_cmd,,33.222331,True
24.932405550000002,23.5,3,control_period,23.5,50.00000000000071,
24.932788689000002,23.5,2,controller_to_actual_cmd,,0.5617949999999999,
24.932869534,23.5,3,controller_to_actual_cmd,,0.52347,
24.95746776,23.525000000000002,3,detector_inference,,7.224548816680908,
24.958018770000002,23.525000000000002,2,camera_to_measurement,23.5,13.587842,True
24.958113659000002,23.525000000000002,2,detector_inference,,11.324775695800781,
24.958240326000002,23.525000000000002,3,camera_to_measurement,23.5,8.943302,True
24.982115896,23.55,1,controller_to_actual_cmd,,0.44906599999999997,
24.982190464000002,23.55,1,control_period,23.55,50.00000000000071,
24.982233801000003,23.55,2,measurement_to_controller_cmd,,24.215031,True
24.982274914,23.55,2,control_period,23.55,50.00000000000071,
24.982307784000003,23.55,3,measurement_to_controller_cmd,,24.067458,True
24.982341538,23.55,3,control_period,23.55,50.00000000000071,
24.982574380000003,23.55,2,controller_to_actual_cmd,,0.34057899999999997,
24.982609175,23.55,3,controller_to_actual_cmd,,0.30139099999999996,
25.01386811,23.580000000000002,1,detector_inference,,9.365660667419434,
25.01431167,23.580000000000002,1,camera_to_measurement,23.565,11.478017,True
25.031985860000002,23.6,1,measurement_to_controller_cmd,,17.67419,True
25.032083886000002,23.6,1,control_period,23.6,50.00000000000071,
25.032166940000003,23.6,2,control_period,23.6,50.00000000000071,
25.032240308000002,23.6,3,control_period,23.6,50.00000000000071,
25.032540959000002,23.6,1,controller_to_actual_cmd,,0.555099,
25.032608107,23.6,2,controller_to_actual_cmd,,0.48006899999999997,
25.032653168000003,23.6,3,controller_to_actual_cmd,,0.45439199999999996,
25.081151497,23.645000000000003,1,detector_inference,,10.00713062286377,
25.082784993,23.650000000000002,1,camera_to_measurement,23.63,13.468014,True
25.08624345,23.650000000000002,1,measurement_to_controller_cmd,,3.4584569999999997,True
25.086334088,23.650000000000002,1,controller_to_actual_cmd,,0.090638,
25.08643159,23.650000000000002,1,control_period,23.65,49.99999999999716,
25.086535826000002,23.650000000000002,2,controller_to_actual_cmd,,0.037146,
25.086609072,23.650000000000002,2,control_period,23.65,49.99999999999716,
25.086692208000002,23.650000000000002,3,controller_to_actual_cmd,,0.030417,
25.086737543,23.650000000000002,3,control_period,23.65,49.99999999999716,
25.091961446000003,23.66,3,camera_to_measurement,23.63,6.790647,True
25.092095033000003,23.66,3,detector_inference,,6.160415172576904,
25.13329697,23.700000000000003,3,measurement_to_controller_cmd,,41.335524,True
25.133437207,23.700000000000003,3,control_period,23.7,50.00000000000071,
25.134131873,23.700000000000003,1,control_period,23.7,50.00000000000071,
25.134188694000002,23.700000000000003,2,controller_to_actual_cmd,,1.021013,
25.134251062,23.700000000000003,2,control_period,23.7,50.00000000000071,
25.134307652,23.700000000000003,3,controller_to_actual_cmd,,1.0106819999999999,
25.137737010000002,23.705000000000002,1,controller_to_actual_cmd,,3.6961429999999997,
25.147016115000003,23.715,1,camera_to_measurement,23.695,10.549702,True
25.147079869000002,23.715,1,detector_inference,,8.575359344482422,
25.152470229000002,23.720000000000002,3,camera_to_measurement,23.695,7.796520999999999,True
25.152540161,23.720000000000002,3,detector_inference,,6.249782085418701,
25.181565294000002,23.75,1,measurement_to_controller_cmd,,34.549178999999995,True
25.181630013000003,23.75,3,measurement_to_controller_cmd,,29.159784,True
25.181920739000002,23.75,1,controller_to_actual_cmd,,0.355445,
25.181980809000002,23.75,1,control_period,23.75,50.00000000000071,
25.182020812,23.75,3,controller_to_actual_cmd,,0.390799,
25.182054897,23.75,3,control_period,23.75,50.00000000000071,
25.182367810000002,23.75,2,control_period,23.75,50.00000000000071,
25.182609966,23.75,2,controller_to_actual_cmd,,0.282143,
25.21959949,23.785,2,detector_inference,,10.71804141998291,
25.219712790000003,23.785,3,detector_inference,,7.514575958251953,
25.220363964,23.785,2,camera_to_measurement,23.765,12.447809,True
25.220504547,23.785,3,camera_to_measurement,23.765,9.288561999999999,True
25.231678943000002,23.8,3,measurement_to_controller_cmd,,11.174396,True
25.232300315,23.8,2,measurement_to_controller_cmd,,11.936351,True
25.232402014,23.8,2,controller_to_actual_cmd,,0.101699,
25.2325467,23.8,2,control_period,23.8,50.00000000000071,
25.232643635000002,23.8,3,controller_to_actual_cmd,,0.964692,
25.232746724000002,23.8,3,control_period,23.8,50.00000000000071,
25.233366305,23.8,1,controller_to_actual_cmd,,0.051507,
25.23342616,23.8,1,control_period,23.8,50.00000000000071,
25.283521969000002,23.85,1,control_period,23.85,50.00000000000071,
25.283645817,23.85,2,control_period,23.85,50.00000000000071,
25.284081744,23.85,1,controller_to_actual_cmd,,0.652042,
25.284135707,23.85,2,controller_to_actual_cmd,,0.544352,
25.284245373,23.85,3,controller_to_actual_cmd,,0.059088999999999996,
25.284318841,23.85,3,control_period,23.85,50.00000000000071,
25.287658973000003,23.855,1,detector_inference,,12.789338111877441,
25.289523441,23.855,2,camera_to_measurement,23.83,13.952670999999999,True
25.289634470000003,23.855,2,detector_inference,,11.475810050964355,
25.333380271000003,23.900000000000002,1,measurement_to_controller_cmd,,44.980747,True
25.333510954,23.900000000000002,1,control_period,23.9,49.99999999999716,
25.333571406,23.900000000000002,2,measurement_to_controller_cmd,,44.047965,True
25.333609950000003,23.900000000000002,2,controller_to_actual_cmd,,0.038543999999999995,
25.333650796,23.900000000000002,2,control_period,23.9,49.99999999999716,
25.333725029,23.900000000000002,3,control_period,23.9,49.99999999999716,
25.334084122,23.900000000000002,3,controller_to_actual_cmd,,0.39244799999999996,
25.33452665,23.900000000000002,1,controller_to_actual_cmd,,1.146379,
25.343036092000002,23.91,1,detector_inference,,6.8637590408325195,
25.354552291,23.92,3,detector_inference,,6.148921966552734,
25.355134179,23.92,3,camera_to_measurement,23.895,7.676133,True
25.381986088,23.950000000000003,1,measurement_to_controller_cmd,,38.133033999999995,True
25.38202961,23.950000000000003,1,controller_to_actual_cmd,,0.043522,
25.382091136000003,23.950000000000003,1,control_period,23.95,50.00000000000071,
25.382148659000002,23.950000000000003,2,controller_to_actual_cmd,,0.024999,
25.382182871,23.950000000000003,2,control_period,23.95,50.00000000000071,
25.382216298000003,23.950000000000003,3,measurement_to_controller_cmd,,27.082119,True
25.382244172,23.950000000000003,3,controller_to_actual_cmd,,0.027874,
25.382275354,23.950000000000003,3,control_period,23.95,50.00000000000071,
25.407306247,23.975,1,detector_inference,,7.140646934509277,
25.43174802,24.0,1,measurement_to_controller_cmd,,24.552685999999998,True
25.432110397000002,24.0,1,controller_to_actual_cmd,,0.362377,
25.432187385000002,24.0,1,control_period,24.0,50.00000000000071,
25.432283430000002,24.0,2,control_period,24.0,50.00000000000071,
25.432355131,24.0,3,control_period,24.0,50.00000000000071,
25.432616148,24.0,2,controller_to_actual_cmd,,0.368612,
25.432656140000002,24.0,3,controller_to_actual_cmd,,0.33699599999999996,
25.478890639000003,24.045,1,camera_to_measurement,24.025,13.491531,True
25.479001189,24.045,1,detector_inference,,10.58082103729248,
25.479109477,24.045,2,camera_to_measurement,24.025,9.682114,True
25.479199,24.045,2,detector_inference,,7.370316982269287,
25.482109832000003,24.05,1,measurement_to_controller_cmd,,3.2191929999999997,True
25.482313252,24.05,1,control_period,24.05,50.00000000000071,
25.482441659000003,24.05,2,measurement_to_controller_cmd,,3.332182,True
25.483315133,24.05,1,controller_to_actual_cmd,,1.205301,
25.483390104,24.05,2,controller_to_actual_cmd,,0.948445,
25.48348366,24.05,2,control_period,24.05,50.00000000000071,
25.483537838,24.05,3,controller_to_actual_cmd,,0.9793679999999999,
25.483594810000003,24.05,3,control_period,24.05,50.00000000000071,
25.484915341,24.05,3,detector_inference,,6.982028961181641,
25.485311086000003,24.05,3,camera_to_measurement,24.025,7.430859,True
25.532365192,24.1,1,control_period,24.1,50.00000000000071,
25.532457546,24.1,2,control_period,24.1,50.00000000000071,
25.532491500000003,24.1,3,measurement_to_controller_cmd,,47.180414,True
25.532539665,24.1,3,control_period,24.1,50.00000000000071,
25.533195095,24.1,2,controller_to_actual_cmd,,0.7725569999999999,
25.533338410000002,24.1,3,controller_to_actual_cmd,,0.8469099999999999,
25.535911314000003,24.105,1,controller_to_actual_cmd,,3.616698,
25.549976994,24.115000000000002,2,camera_to_measurement,24.095,11.526548,True
25.550065482,24.115000000000002,2,detector_inference,,10.74459457397461,
25.551753636,24.12,1,detector_inference,,13.592090606689453,
25.552149661,24.12,1,camera_to_measurement,24.095,17.167453,True
25.557290651000002,24.125,3,camera_to_measurement,24.095,14.844750999999999,True
25.557417162,24.125,3,detector_inference,,12.18143081665039,
25.581914034,24.150000000000002,1,measurement_to_controller_cmd,,29.764373,True
25.582043865000003,24.150000000000002,1,control_period,24.15,49.99999999999716,
25.5821277,24.150000000000002,2,measurement_to_controller_cmd,,32.150706,True
25.582228665000002,24.150000000000002,2,control_period,24.15,49.99999999999716,
25.582685008000002,24.150000000000002,1,controller_to_actual_cmd,,0.7709739999999999,
25.582760429,24.150000000000002,2,controller_to_actual_cmd,,0.632729,
25.582823433,24.150000000000002,3,measurement_to_controller_cmd,,25.532781999999997,True
25.582883125000002,24.150000000000002,3,controller_to_actual_cmd,,0.059691999999999995,
25.582957519,24.150000000000002,3,control_period,24.15,49.99999999999716,
25.613666234,24.180000000000003,3,detector_inference,,8.417547225952148,
25.614513548,24.180000000000003,2,camera_to_measurement,24.16,14.42309,True
25.61465884,24.180000000000003,2,detector_inference,,11.162137985229492,
25.614806727,24.180000000000003,3,camera_to_measurement,24.16,10.211298,True
25.633009832000003,24.200000000000003,1,controller_to_actual_cmd,,0.039443,
25.63307894,24.200000000000003,1,control_period,24.2,50.00000000000071,
25.633126099000002,24.200000000000003,2,measurement_to_controller_cmd,,18.612551,True
25.633162600000002,24.200000000000003,2,controller_to_actual_cmd,,0.036501,
25.633218582,24.200000000000003,2,control_period,24.2,50.00000000000071,
25.633258060000003,24.200000000000003,3,measurement_to_controller_cmd,,18.451332999999998,True
25.633293317000003,24.200000000000003,3,controller_to_actual_cmd,,0.035257,
25.633333533000002,24.200000000000003,3,control_period,24.2,50.00000000000071,
25.673019056,24.240000000000002,1,camera_to_measurement,24.225,8.494507,True
25.673170656,24.240000000000002,1,detector_inference,,7.254345893859863,
25.68301406,24.25,1,measurement_to_controller_cmd,,9.995004,True
25.683152758000002,24.25,1,control_period,24.25,50.00000000000071,
25.68332974,24.25,2,control_period,24.25,50.00000000000071,
25.683475005000002,24.25,3,control_period,24.25,50.00000000000071,
25.68414753,24.25,1,controller_to_actual_cmd,,1.13347,
25.684260923,24.25,2,controller_to_actual_cmd,,1.01309,
25.684334787,24.25,3,controller_to_actual_cmd,,0.9268109999999999,
25.692012416,24.26,3,detector_inference,,18.826757431030273,
25.692844892,24.26,3,camera_to_measurement,24.225,22.1158,True
25.733682547,24.3,3,measurement_to_controller_cmd,,40.837655,True
25.733859383000002,24.3,3,control_period,24.3,50.00000000000071,
25.734444411000002,24.3,2,controller_to_actual_cmd,,0.8343119999999999,
25.73451087,24.3,2,control_period,24.3,50.00000000000071,
25.734554720000002,24.3,3,controller_to_actual_cmd,,0.872173,
25.735103973,24.3,1,controller_to_actual_cmd,,0.7000569999999999,
25.735188922000003,24.3,1,control_period,24.3,50.00000000000071,
25.742335214,24.310000000000002,1,detector_inference,,8.093893051147461,
25.743097295000002,24.310000000000002,1,camera_to_measurement,24.29,11.219623,True
25.758497053000003,24.325000000000003,3,detector_inference,,9.235016822814941,
25.759098053000002,24.325000000000003,2,detector_inference,,18.062707901000977,
25.759227895000002,24.325000000000003,3,camera_to_measurement,24.29,11.710324,True
25.759611319,24.325000000000003,2,camera_to_measurement,24.29,19.918319,True
25.781499507000003,24.35,3,measurement_to_controller_cmd,,22.271611999999998,True
25.78208469,24.35,1,measurement_to_controller_cmd,,38.987395,True
25.782160428,24.35,1,controller_to_actual_cmd,,0.075738,
25.782261736000002,24.35,1,control_period,24.35,50.00000000000071,
25.782343499000003,24.35,2,measurement_to_controller_cmd,,22.73218,True
25.782406522000002,24.35,2,controller_to_actual_cmd,,0.063023,
25.782485939,24.35,2,control_period,24.35,50.00000000000071,
25.782550344,24.35,3,controller_to_actual_cmd,,1.050837,
25.782622353,24.35,3,control_period,24.35,50.00000000000071,
25.810119723000003,24.375,1,detector_inference,,15.540261268615723,
25.810996036000002,24.375,1,camera_to_measurement,24.355,17.154018,True
25.812535542000003,24.380000000000003,2,camera_to_measurement,24.355,15.818826999999999,True
25.812615257,24.380000000000003,2,detector_inference,,13.081725120544434,
25.812668926,24.380000000000003,3,camera_to_measurement,24.355,11.391703999999999,True
25.812705693,24.380000000000003,3,detector_inference,,9.281940460205078,
25.831817686,24.400000000000002,1,measurement_to_controller_cmd,,20.821649999999998,True
25.831908337,24.400000000000002,3,measurement_to_controller_cmd,,19.239411,True
25.831984170000002,24.400000000000002,3,controller_to_actual_cmd,,0.075833,
25.832081492,24.400000000000002,3,control_period,24.4,49.99999999999716,
25.832620405,24.400000000000002,1,controller_to_actual_cmd,,0.802719,
25.832714313,24.400000000000002,1,control_period,24.4,49.99999999999716,
25.833198667,24.400000000000002,2,measurement_to_controller_cmd,,20.663124999999997,True
25.833284893000002,24.400000000000002,2,controller_to_actual_cmd,,0.086226,
25.833376816,24.400000000000002,2,control_period,24.4,49.99999999999716,
25.883168901,24.450000000000003,1,camera_to_measurement,24.425,17.141606,True
25.883286466,24.450000000000003,1,detector_inference,,13.102677345275879,
25.884281321000003,24.450000000000003,1,measurement_to_controller_cmd,,1.11242,True
25.884438588000002,24.450000000000003,1,controller_to_actual_cmd,,0.157267,
25.884613193,24.450000000000003,1,control_period,24.45,50.00000000000071,
25.884749715,24.450000000000003,2,camera_to_measurement,24.425,14.767446,True
25.884868481,24.450000000000003,2,detector_inference,,9.673205375671387,
25.884982744000002,24.450000000000003,2,measurement_to_controller_cmd,,0.233029,True
25.885100567000002,24.450000000000003,2,controller_to_actual_cmd,,0.117823,
25.885264659,24.450000000000003,2,control_period,24.45,50.00000000000071,
25.886440779,24.455000000000002,3,controller_to_actual_cmd,,0.10789599999999999,
25.886636548000002,24.455000000000002,3,control_period,24.45,50.00000000000071,
25.891833024,24.46,3,camera_to_measurement,24.425,18.133134,True
25.891968315000003,24.46,3,detector_inference,,15.914311408996582,
25.934152957000002,24.5,1,control_period,24.5,50.00000000000071,
25.937499718,24.505000000000003,1,controller_to_actual_cmd,,4.27395,
25.937595374,24.505000000000003,2,controller_to_actual_cmd,,0.836074,
25.937712338,24.505000000000003,2,control_period,24.5,50.00000000000071,
25.937811921,24.505000000000003,3,measurement_to_controller_cmd,,45.978896999999996,True
25.937915487,24.505000000000003,3,control_period,24.5,50.00000000000071,
25.940880575,24.505000000000003,3,controller_to_actual_cmd,,3.068654,
25.947468986,24.515,1,detector_inference,,15.108255386352539,
25.948346939,24.515,1,camera_to_measurement,24.49,16.416646999999998,True
25.949216498000002,24.515,2,camera_to_measurement,24.49,12.839953,True
25.949296436,24.515,2,detector_inference,,10.999114990234375,
25.952376498000003,24.520000000000003,3,detector_inference,,10.06243896484375,
25.953184571,24.520000000000003,3,camera_to_measurement,24.49,12.609445,True
25.982084039,24.55,1,measurement_to_controller_cmd,,33.7371,True
25.982149763000002,24.55,1,control_period,24.55,50.00000000000071,
25.982181808,24.55,2,measurement_to_controller_cmd,,32.965309999999995,True
25.982227255,24.55,2,control_period,24.55,50.00000000000071,
25.982255929,24.55,3,measurement_to_controller_cmd,,29.071358,True
25.982283785,24.55,3,controller_to_actual_cmd,,0.027856,
25.982315325000002,24.55,3,control_period,24.55,50.00000000000071,
25.982560056,24.55,1,controller_to_actual_cmd,,0.47601699999999997,
25.982594009000003,24.55,2,controller_to_actual_cmd,,0.412201,
26.009673656,24.575000000000003,2,detector_inference,,10.634718894958496,
26.010529983,24.575000000000003,1,camera_to_measurement,24.555,16.633426,True
26.010704029000003,24.575000000000003,1,detector_inference,,13.256368637084961,
26.010855927,24.575000000000003,2,camera_to_measurement,24.555,14.555487999999999,True
26.032169533,24.6,1,measurement_to_controller_cmd,,21.63955,True
26.032278352000002,24.6,2,measurement_to_controller_cmd,,21.422425,True
26.032346372000003,24.6,2,controller_to_actual_cmd,,0.06802,
26.032434291,24.6,2,control_period,24.6,50.00000000000071,
26.032556949,24.6,3,controller_to_actual_cmd,,0.053262,
26.032635672,24.6,3,control_period,24.6,50.00000000000071,
26.033097021000003,24.6,1,controller_to_actual_cmd,,0.927488,
26.033183055000002,24.6,1,control_period,24.6,50.00000000000071,
26.072227147000003,24.64,2,camera_to_measurement,24.62,8.469952,True
26.072298266,24.64,2,detector_inference,,6.199210166931152,
26.076835919,24.645000000000003,3,detector_inference,,7.305048942565918,
26.07738514,24.645000000000003,3,camera_to_measurement,24.62,9.166407,True
26.082406638000002,24.650000000000002,2,measurement_to_controller_cmd,,10.179490999999999,True
26.082515431,24.650000000000002,2,control_period,24.65,49.99999999999716,
26.082584123,24.650000000000002,3,measurement_to_controller_cmd,,5.198983,True
26.082638826,24.650000000000002,3,controller_to_actual_cmd,,0.054702999999999995,
26.082706015000003,24.650000000000002,3,control_period,24.65,49.99999999999716,
26.083032546000002,24.650000000000002,2,controller_to_actual_cmd,,0.625908,
26.083397243,24.650000000000002,1,control_period,24.65,49.99999999999716,
26.083683782,24.650000000000002,1,controller_to_actual_cmd,,0.340393,
26.134710267000003,24.700000000000003,1,controller_to_actual_cmd,,0.07637,
26.134837271000002,24.700000000000003,1,control_period,24.7,50.00000000000071,
26.134999538000002,24.700000000000003,2,controller_to_actual_cmd,,0.069923,
26.135102394,24.700000000000003,2,control_period,24.7,50.00000000000071,
26.135358269,24.700000000000003,3,control_period,24.7,50.00000000000071,
26.136246275,24.700000000000003,1,camera_to_measurement,24.685,9.759532,True
26.136364303,24.700000000000003,1,detector_inference,,8.202545166015625,
26.139120984,24.705000000000002,3,controller_to_actual_cmd,,3.881764,
26.144459516,24.71,2,detector_inference,,9.194954872131348,
26.145295976,24.71,2,camera_to_measurement,24.685,11.844032,True
26.150392705,24.715,3,detector_inference,,11.468202590942383,
26.15125364,24.720000000000002,3,camera_to_measurement,24.685,13.103893,True
26.181825680000003,24.75,2,measurement_to_controller_cmd,,36.529703999999995,True
26.182182724,24.75,1,measurement_to_controller_cmd,,45.936448999999996,True
26.182288811000003,24.75,2,control_period,24.75,50.00000000000071,
26.182333886000002,24.75,3,measurement_to_controller_cmd,,31.080246,True
26.182374346000003,24.75,3,controller_to_actual_cmd,,0.040459999999999996,
26.182423703,24.75,3,control_period,24.75,50.00000000000071,
26.182741949,24.75,1,controller_to_actual_cmd,,0.559225,
26.182801897,24.75,1,control_period,24.75,50.00000000000071,
26.182840752,24.75,2,controller_to_actual_cmd,,1.015072,
26.212336384,24.78,2,detector_inference,,11.000978469848633,
26.212492127,24.78,3,camera_to_measurement,24.755,10.483995,True
26.212561902,24.78,3,detector_inference,,8.879509925842285,
26.212965212,24.78,2,camera_to_measurement,24.755,13.059099,True
26.232079712,24.8,2,measurement_to_controller_cmd,,19.1145,True
26.232225004,24.8,2,control_period,24.8,50.00000000000071,
26.232315389,24.8,3,measurement_to_controller_cmd,,19.823262,True
26.232391322,24.8,3,controller_to_actual_cmd,,0.075933,
26.232477430000003,24.8,3,control_period,24.8,50.00000000000071,
26.233018631,24.8,1,controller_to_actual_cmd,,0.059236,
26.233104967000003,24.8,1,control_period,24.8,50.00000000000071,
26.233180141000002,24.8,2,controller_to_actual_cmd,,1.1004289999999999,
26.273363902000003,24.84,1,camera_to_measurement,24.82,9.553004,True
26.273522819,24.84,1,detector_inference,,8.140360832214355,
26.282673083000002,24.85,1,measurement_to_controller_cmd,,9.309180999999999,True
26.282783605000002,24.85,1,control_period,24.85,50.00000000000071,
26.282909537000002,24.85,2,control_period,24.85,50.00000000000071,
26.283026942000003,24.85,3,control_period,24.85,50.00000000000071,
26.28358684,24.85,3,controller_to_actual_cmd,,0.611067,
26.284015409000002,24.85,1,controller_to_actual_cmd,,1.342326,
26.284084059,24.85,2,controller_to_actual_cmd,,1.23708,
26.288035867,24.855,2,detector_inference,,17.098825454711914,
26.288570398,24.855,2,camera_to_measurement,24.82,21.432098999999997,True
26.289269253,24.855,3,detector_inference,,12.401904106140137,
26.336348026000003,24.905,1,control_period,24.9,49.99999999999716,
26.338870286000002,24.905,2,measurement_to_controller_cmd,,50.299887999999996,True
26.339077966,24.905,2,control_period,24.9,49.99999999999716,
26.339174849000003,24.905,3,measurement_to_controller_cmd,,49.956449,True
26.339233289000003,24.905,3,controller_to_actual_cmd,,0.05844,
26.339291439,24.905,3,control_period,24.9,49.99999999999716,
26.339683969000003,24.905,1,controller_to_actual_cmd,,3.4940279999999997,
26.339735093,24.905,2,controller_to_actual_cmd,,0.864807,
26.352854563,24.92,1,camera_to_measurement,24.885,20.796964,True
26.35291871,24.92,1,detector_inference,,17.270706176757812,
26.362109927000002,24.930000000000003,3,camera_to_measurement,24.885,16.695014,True
26.362196403000002,24.930000000000003,3,detector_inference,,13.019387245178223,
26.381841086,24.950000000000003,1,measurement_to_controller_cmd,,28.986523,True
26.381940111000002,24.950000000000003,1,control_period,24.95,50.00000000000071,
26.382070811000002,24.950000000000003,2,control_period,24.95,50.00000000000071,
26.382521445000002,24.950000000000003,1,controller_to_actual_cmd,,0.6803589999999999,
26.382572937000003,24.950000000000003,2,controller_to_actual_cmd,,0.567912,
26.382987401,24.950000000000003,3,measurement_to_controller_cmd,,20.877474,True
26.383348669,24.950000000000003,3,control_period,24.95,50.00000000000071,
26.383677731000002,24.950000000000003,3,controller_to_actual_cmd,,0.69033,
26.410640414000003,24.975,2,detector_inference,,12.400992393493652,
26.410773819000003,24.975,3,detector_inference,,9.03358268737793,
26.411589294000002,24.975,2,camera_to_measurement,24.95,15.559163999999999,True
26.411774267000002,24.975,3,camera_to_measurement,24.95,11.401506,True
26.433054602000002,25.0,1,control_period,25.0,50.00000000000071,
26.433167599,25.0,2,measurement_to_controller_cmd,,21.578305,True
26.433276069,25.0,2,controller_to_actual_cmd,,0.10847,
26.433410943000002,25.0,2,control_period,25.0,50.00000000000071,
26.433522742,25.0,3,measurement_to_controller_cmd,,21.748475,True
26.433632165000002,25.0,3,control_period,25.0,50.00000000000071,
26.434322212,25.0,1,controller_to_actual_cmd,,1.391103,
26.434472033000002,25.0,3,controller_to_actual_cmd,,0.949291,
26.470486208,25.035,1,detector_inference,,9.067729949951172,
26.471293491,25.040000000000003,1,camera_to_measurement,25.015,11.560262,True
26.482468609,25.05,2,control_period,25.05,50.00000000000071,
26.482630329000003,25.05,3,control_period,25.05,50.00000000000071,
26.483194383,25.05,1,measurement_to_controller_cmd,,11.900891999999999,True
26.483324524,25.05,1,control_period,25.05,50.00000000000071,
26.483388036,25.05,2,controller_to_actual_cmd,,1.017078,
26.483439290000003,25.05,3,controller_to_actual_cmd,,0.875961,
26.483818288000002,25.05,1,controller_to_actual_cmd,,0.6239049999999999,
26.534322056,25.1,2,control_period,25.1,50.00000000000071,
26.534426773000003,25.1,3,controller_to_actual_cmd,,0.038435,
26.534483087,25.1,3,control_period,25.1,50.00000000000071,
26.534958126000003,25.1,1,controller_to_actual_cmd,,2.393681,
26.535020764000002,25.1,1,control_period,25.1,50.00000000000071,
26.535074031,25.1,2,controller_to_actual_cmd,,0.8222649999999999,
26.53723657,25.1,1,detector_inference,,7.782087802886963,
26.538490701,25.105,1,camera_to_measurement,25.085,10.126339999999999,True
26.549361727,25.115000000000002,3,camera_to_measurement,25.085,8.623607,True
26.549519202000003,25.115000000000002,3,detector_inference,,6.926694869995117,
26.582127217,25.150000000000002,1,measurement_to_controller_cmd,,43.636516,True
26.582196393,25.150000000000002,1,controller_to_actual_cmd,,0.069176,
26.582301732,25.150000000000002,1,control_period,25.15,49.99999999999716,
26.582398743000002,25.150000000000002,2,control_period,25.15,49.99999999999716,
26.582438069000002,25.150000000000002,3,measurement_to_controller_cmd,,33.076342,True
26.582472388000003,25.150000000000002,3,control_period,25.15,49.99999999999716,
26.582829537000002,25.150000000000002,2,controller_to_actual_cmd,,0.48311099999999996,
26.582886757,25.150000000000002,3,controller_to_actual_cmd,,0.448688,
26.606080400000003,25.17,1,detector_inference,,14.228093147277832,
26.607164528000002,25.175,1,camera_to_measurement,25.15,16.990205,True
26.607801541,25.175,2,camera_to_measurement,25.15,14.51493,True
26.607865399,25.175,2,detector_inference,,11.776667594909668,
26.609498616000003,25.175,3,detector_inference,,12.715639114379883,
26.609944022,25.175,3,camera_to_measurement,25.15,14.674304999999999,True
26.631861983,25.200000000000003,1,measurement_to_controller_cmd,,24.697454999999998,True
26.631935981,25.200000000000003,1,control_period,25.2,50.00000000000071,
26.631971756000002,25.200000000000003,2,measurement_to_controller_cmd,,24.170215,True
26.632003948,25.200000000000003,2,controller_to_actual_cmd,,0.032192,
26.632040053,25.200000000000003,2,control_period,25.2,50.00000000000071,
26.632081673000002,25.200000000000003,3,measurement_to_controller_cmd,,22.137650999999998,True
26.632115873,25.200000000000003,3,control_period,25.2,50.00000000000071,
26.632381878,25.200000000000003,1,controller_to_actual_cmd,,0.519895,
26.632420070000002,25.200000000000003,3,controller_to_actual_cmd,,0.338397,
26.667821296000003,25.235000000000003,1,detector_inference,,9.65095329284668,
26.668575079,25.235000000000003,1,camera_to_measurement,25.215,12.034621,True
26.67923107,25.245,2,camera_to_measurement,25.215,19.022163,True
26.679344326000002,25.245,2,detector_inference,,15.729625701904297,
26.679455295,25.245,3,detector_inference,,8.336660385131836,
26.6825845,25.25,3,measurement_to_controller_cmd,,3.173743,True
26.683320138000003,25.25,1,measurement_to_controller_cmd,,14.745059,True
26.683430109000003,25.25,1,controller_to_actual_cmd,,0.109971,
26.683558258,25.25,1,control_period,25.25,50.00000000000071,
26.683642272,25.25,2,measurement_to_controller_cmd,,4.411201999999999,True
26.683733659,25.25,2,control_period,25.25,50.00000000000071,
26.683812217000003,25.25,3,control_period,25.25,50.00000000000071,
26.684659557000003,25.25,2,controller_to_actual_cmd,,1.017285,
26.684834272000003,25.25,3,controller_to_actual_cmd,,2.249772,
26.733924354000003,25.3,1,control_period,25.3,50.00000000000071,
26.734031262000002,25.3,2,controller_to_actual_cmd,,0.03594,
26.734081287000002,25.3,2,control_period,25.3,50.00000000000071,
26.734128592,25.3,3,control_period,25.3,50.00000000000071,
26.734481717,25.3,1,controller_to_actual_cmd,,0.638505,
26.734536675,25.3,3,controller_to_actual_cmd,,1.9602069999999998,
26.73922392,25.305000000000003,2,detector_inference,,9.515643119812012,
26.739628741,25.305000000000003,2,camera_to_measurement,25.28,12.966833,True
26.782496246,25.35,1,control_period,25.35,50.00000000000071,
26.782549539,25.35,2,measurement_to_controller_cmd,,42.920798,True
26.783012775000003,25.35,1,controller_to_actual_cmd,,0.5863579999999999,
26.783405145000003,25.35,2,control_period,25.35,50.00000000000071,
26.783639071000003,25.35,3,control_period,25.35,50.00000000000071,
26.784198510000003,25.35,2,controller_to_actual_cmd,,1.648971,
26.784452535000003,25.35,3,controller_to_actual_cmd,,0.9120619999999999,
26.799010918,25.365000000000002,1,detector_inference,,12.64574146270752,
26.800050634,25.365000000000002,2,camera_to_measurement,25.345,12.628281,True
26.800170641,25.365000000000002,2,detector_inference,,9.910595893859863,
26.807428479000002,25.375,3,detector_inference,,10.310321807861328,
26.808025853,25.375,3,camera_to_measurement,25.345,13.746286,True
26.831790511,25.400000000000002,1,measurement_to_controller_cmd,,31.885731999999997,True
26.831850545,25.400000000000002,1,controller_to_actual_cmd,,0.060034,
26.831918553,25.400000000000002,1,control_period,25.4,49.99999999999716,
26.831967275,25.400000000000002,3,measurement_to_controller_cmd,,23.941422,True
26.832029724,25.400000000000002,3,controller_to_actual_cmd,,0.062449,
26.832168928,25.400000000000002,3,control_period,25.4,49.99999999999716,
26.832495947,25.400000000000002,2,measurement_to_controller_cmd,,32.445313,True
26.832538672000002,25.400000000000002,2,controller_to_actual_cmd,,0.042725,
26.832582263000003,25.400000000000002,2,control_period,25.4,49.99999999999716,
26.872199712,25.44,1,detector_inference,,10.995020866394043,
26.872532143,25.44,1,camera_to_measurement,25.415,12.741539,True
26.872581426,25.44,2,detector_inference,,7.300969123840332,
26.872858627000003,25.44,2,camera_to_measurement,25.415,9.399161,True
26.882145158,25.450000000000003,2,measurement_to_controller_cmd,,9.286531,True
26.882921848000002,25.450000000000003,2,controller_to_actual_cmd,,0.77669,
26.883054840000003,25.450000000000003,2,control_period,25.45,50.00000000000071,
26.883779667000002,25.450000000000003,1,measurement_to_controller_cmd,,11.247524,True
26.883933124000002,25.450000000000003,1,control_period,25.45,50.00000000000071,
26.884066981,25.450000000000003,3,controller_to_actual_cmd,,0.9355439999999999,
26.884182342000003,25.450000000000003,3,control_period,25.45,50.00000000000071,
26.885056423,25.450000000000003,1,controller_to_actual_cmd,,1.276756,
26.932687437000002,25.5,1,controller_to_actual_cmd,,0.053527,
26.932790592,25.5,1,control_period,25.5,50.00000000000071,
26.933493028,25.5,2,controller_to_actual_cmd,,0.636474,
26.933636632000002,25.5,2,control_period,25.5,50.00000000000071,
26.933798205000002,25.5,3,controller_to_actual_cmd,,0.069045,
26.933891636000002,25.5,3,control_period,25.5,50.00000000000071,
26.937316108,25.505000000000003,1,detector_inference,,14.539377212524414,
26.937915973000003,25.505000000000003,1,camera_to_measurement,25.48,16.59398,True
26.938014864000003,25.505000000000003,2,detector_inference,,8.916529655456543,
26.938570999000003,25.505000000000003,2,camera_to_measurement,25.48,11.8563,True
26.982339479,25.55,1,measurement_to_controller_cmd,,44.423505999999996,True
26.982441992000002,25.55,2,measurement_to_controller_cmd,,43.870993,True
26.985192776,25.55,1,control_period,25.55,50.00000000000071,
26.985302319000002,25.55,2,controller_to_actual_cmd,,2.860327,
26.985358978,25.55,2,control_period,25.55,50.00000000000071,
26.986078418,25.55,1,controller_to_actual_cmd,,3.738939,
26.986248737,25.55,3,controller_to_actual_cmd,,0.07489699999999999,
26.986338328000002,25.55,3,control_period,25.55,50.00000000000071,
27.007712629,25.575000000000003,2,detector_inference,,12.644692420959473,
27.008392406000002,25.575000000000003,2,camera_to_measurement,25.545,16.056307,True
27.009320365,25.575000000000003,1,camera_to_measurement,25.545,24.481939,True
27.00940156,25.575000000000003,1,detector_inference,,20.720733642578125,
27.009457125,25.575000000000003,3,camera_to_measurement,25.545,10.618447,True
27.009493964,25.575000000000003,3,detector_inference,,9.232292175292969,
27.031911037,25.6,1,measurement_to_controller_cmd,,22.590671999999998,True
27.031966590000003,25.6,1,controller_to_actual_cmd,,0.055553,
27.032021450000002,25.6,1,control_period,25.6,50.00000000000071,
27.032058002000003,25.6,3,measurement_to_controller_cmd,,22.600877,True
27.032088008000002,25.6,3,controller_to_actual_cmd,,0.030005999999999998,
27.032123473000002,25.6,3,control_period,25.6,50.00000000000071,
27.032497232,25.6,2,measurement_to_controller_cmd,,24.104826,True
27.032791567,25.6,2,controller_to_actual_cmd,,0.294335,
27.032846102,25.6,2,control_period,25.6,50.00000000000071,
27.062712418,25.630000000000003,1,detector_inference,,9.309581756591797,
27.082430735000003,25.650000000000002,1,measurement_to_controller_cmd,,19.813561,True
27.082598163,25.650000000000002,3,control_period,25.65,49.99999999999716,
27.083028789,25.650000000000002,1,control_period,25.65,49.99999999999716,
27.083133453000002,25.650000000000002,2,control_period,25.65,49.99999999999716,
27.083185066000002,25.650000000000002,3,controller_to_actual_cmd,,0.6622009999999999,
27.083536815000002,25.650000000000002,1,controller_to_actual_cmd,,1.10608,
27.08391548,25.650000000000002,2,controller_to_actual_cmd,,0.826073,
27.132874240000003,25.700000000000003,1,camera_to_measurement,25.675,15.994506999999999,True
27.132972016,25.700000000000003,1,detector_inference,,12.8555269241333,
27.133241448000003,25.700000000000003,2,control_period,25.7,50.00000000000071,
27.133351835000003,25.700000000000003,3,detector_inference,,8.452719688415527,
27.133564934000002,25.700000000000003,3,control_period,25.7,50.00000000000071,
27.13418928,25.700000000000003,1,measurement_to_controller_cmd,,1.31504,True
27.134322077,25.700000000000003,1,controller_to_actual_cmd,,0.132797,
27.134385094000002,25.700000000000003,1,control_period,25.7,50.00000000000071,
27.134426657000002,25.700000000000003,2,controller_to_actual_cmd,,1.358986,
27.134470156000003,25.700000000000003,3,camera_to_measurement,25.675,11.860425,True
27.134512769,25.700000000000003,3,controller_to_actual_cmd,,1.060837,
27.182393681,25.75,1,controller_to_actual_cmd,,0.510455,
27.182507587000003,25.75,1,control_period,25.75,50.00000000000071,
27.182619374,25.75,2,control_period,25.75,50.00000000000071,
27.183126501,25.75,2,controller_to_actual_cmd,,0.561676,
27.183646445,25.75,3,measurement_to_controller_cmd,,49.176289,True
27.183706023000003,25.75,3,controller_to_actual_cmd,,0.059578,
27.183801325,25.75,3,control_period,25.75,50.00000000000071,
27.202129659,25.770000000000003,1,detector_inference,,13.882988929748535,
27.202847092000003,25.770000000000003,1,camera_to_measurement,25.745,16.841760999999998,True
27.203533420000003,25.770000000000003,2,camera_to_measurement,25.745,10.511725,True
27.203611886,25.770000000000003,2,detector_inference,,8.268515586853027,
27.210802592,25.775000000000002,3,detector_inference,,8.959200859069824,
27.212033441000003,25.78,3,camera_to_measurement,25.745,12.186613999999999,True
27.232009863000002,25.8,2,measurement_to_controller_cmd,,28.476443,True
27.232061803,25.8,2,controller_to_actual_cmd,,0.05194,
27.232125290000003,25.8,2,control_period,25.8,50.00000000000071,
27.232157445000002,25.8,3,measurement_to_controller_cmd,,20.124004,True
27.232194513000003,25.8,3,control_period,25.8,50.00000000000071,
27.232483695000003,25.8,1,measurement_to_controller_cmd,,29.636602999999997,True
27.232520400000002,25.8,1,controller_to_actual_cmd,,0.036705,
27.232558814,25.8,1,control_period,25.8,50.00000000000071,
27.232591134000003,25.8,3,controller_to_actual_cmd,,0.433689,
27.273846182000003,25.84,1,detector_inference,,19.143177032470703,
27.273995787,25.84,3,camera_to_measurement,25.81,9.897767,True
27.274071595000002,25.84,3,detector_inference,,8.246122360229492,
27.274746111000002,25.84,1,camera_to_measurement,25.81,21.888758,True
27.283022443,25.85,3,measurement_to_controller_cmd,,9.026656,True
27.283189316,25.85,3,control_period,25.85,50.00000000000071,
27.284022614,25.85,1,measurement_to_controller_cmd,,9.276503,True
27.284294803,25.85,1,control_period,25.85,50.00000000000071,
27.284481627,25.85,2,control_period,25.85,50.00000000000071,
27.284613418000003,25.85,3,controller_to_actual_cmd,,1.590975,
27.28546202,25.85,1,controller_to_actual_cmd,,1.439406,
27.285620926,25.85,2,controller_to_actual_cmd,,2.682772,
27.334323297,25.900000000000002,1,detector_inference,,10.158356666564941,
27.334377307,25.900000000000002,1,measurement_to_controller_cmd,,0.095384,True
27.334418912,25.900000000000002,1,controller_to_actual_cmd,,0.041604999999999996,
27.334465819000002,25.900000000000002,1,control_period,25.9,49.99999999999716,
27.334537002,25.900000000000002,2,controller_to_actual_cmd,,0.029868,
27.334579322000003,25.900000000000002,2,control_period,25.9,49.99999999999716,
27.334647521,25.900000000000002,3,controller_to_actual_cmd,,0.029879,
27.334687845,25.900000000000002,3,control_period,25.9,49.99999999999716,
27.341783376000002,25.91,2,camera_to_measurement,25.875,19.887912,True
27.341857488000002,25.91,2,detector_inference,,15.936083793640137,
27.347694697,25.915000000000003,3,detector_inference,,12.293468475341797,
27.348118034000002,25.915000000000003,3,camera_to_measurement,25.875,16.404042,True
27.383150851000003,25.950000000000003,1,control_period,25.95,50.00000000000071,
27.384363229,25.950000000000003,2,measurement_to_controller_cmd,,42.579853,True
27.384433489000003,25.950000000000003,3,measurement_to_controller_cmd,,36.315455,True
27.384737653000002,25.950000000000003,1,controller_to_actual_cmd,,2.328211,
27.386500467,25.950000000000003,2,controller_to_actual_cmd,,2.137238,
27.386610592,25.950000000000003,2,control_period,25.95,50.00000000000071,
27.386656919,25.950000000000003,3,controller_to_actual_cmd,,2.22343,
27.386705128000003,25.950000000000003,3,control_period,25.95,50.00000000000071,
27.39732056,25.965,1,detector_inference,,17.067907333374023,
27.399570932000003,25.965,2,detector_inference,,12.713784217834473,
27.399957978000003,25.965,2,camera_to_measurement,25.94,13.835242,True
27.400024015000003,25.965,3,camera_to_measurement,25.94,11.60695,True
27.400067537,25.965,3,detector_inference,,9.915966987609863,
27.431870786,26.0,1,measurement_to_controller_cmd,,33.917061,True
27.431986585,26.0,1,control_period,26.0,50.00000000000071,
27.432064507000003,26.0,3,measurement_to_controller_cmd,,32.040492,True
27.432143917,26.0,3,control_period,26.0,50.00000000000071,
27.432643506,26.0,1,controller_to_actual_cmd,,0.77272,
27.432719522000003,26.0,2,measurement_to_controller_cmd,,32.761544,True
27.432780246,26.0,2,controller_to_actual_cmd,,0.060724,
27.432851868,26.0,2,control_period,26.0,50.00000000000071,
27.432911617000002,26.0,3,controller_to_actual_cmd,,0.8471099999999999,
27.463582449,26.03,1,detector_inference,,14.760709762573242,
27.464038837,26.03,1,camera_to_measurement,26.005,18.398339999999997,True
27.482895737000003,26.05,1,measurement_to_controller_cmd,,18.8569,True
27.482964341000002,26.05,3,controller_to_actual_cmd,,0.482573,
27.483056562,26.05,3,control_period,26.05,50.00000000000071,
27.483491238000003,26.05,1,controller_to_actual_cmd,,0.595501,
27.483570743,26.05,1,control_period,26.05,50.00000000000071,
27.484900982000003,26.05,2,control_period,26.05,50.00000000000071,
27.485296235000003,26.05,2,controller_to_actual_cmd,,0.8745729999999999,
27.52666083,26.095000000000002,1,detector_inference,,10.019519805908203,
27.527183475,26.095000000000002,1,camera_to_measurement,26.075,11.425829,True
27.532149322000002,26.1,2,control_period,26.1,50.00000000000071,
27.532537143000003,26.1,2,detector_inference,,8.240683555603027,
27.532852480000003,26.1,1,measurement_to_controller_cmd,,5.669004999999999,True
27.532912433000003,26.1,1,control_period,26.1,50.00000000000071,
27.532979926000003,26.1,3,controller_to_actual_cmd,,0.029696,
27.533035866000002,26.1,3,control_period,26.1,50.00000000000071,
27.533323953,26.1,1,controller_to_actual_cmd,,0.471473,
27.533602831000003,26.1,2,controller_to_actual_cmd,,1.519051,
27.535717285,26.105,3,detector_inference,,5.962250232696533,
27.536103317000002,26.105,3,camera_to_measurement,26.075,7.137054999999999,True
27.582285130000002,26.150000000000002,3,measurement_to_controller_cmd,,46.181813,True
27.583409882,26.150000000000002,1,controller_to_actual_cmd,,0.09829299999999999,
27.583735200000003,26.150000000000002,1,control_period,26.15,49.99999999999716,
27.583890352,26.150000000000002,3,controller_to_actual_cmd,,1.605222,
27.584028848000003,26.150000000000002,3,control_period,26.15,49.99999999999716,
27.586661826,26.150000000000002,2,measurement_to_controller_cmd,,54.169027,True
27.586770077,26.150000000000002,2,controller_to_actual_cmd,,0.108251,
27.586883158000003,26.150000000000002,2,control_period,26.15,49.99999999999716,
27.588847813,26.155,1,detector_inference,,8.491159439086914,
27.589512736000003,26.155,1,camera_to_measurement,26.14,9.89674,True
27.599600588,26.165000000000003,3,detector_inference,,5.562321186065674,
27.631967300000003,26.200000000000003,1,measurement_to_controller_cmd,,42.454564,True
27.632035806,26.200000000000003,3,measurement_to_controller_cmd,,32.514753999999996,True
27.632065937,26.200000000000003,3,controller_to_actual_cmd,,0.030130999999999998,
27.63212508,26.200000000000003,3,control_period,26.2,50.00000000000071,
27.632405554,26.200000000000003,1,controller_to_actual_cmd,,0.438254,
27.632449574000002,26.200000000000003,1,control_period,26.2,50.00000000000071,
27.632480967000003,26.200000000000003,2,controller_to_actual_cmd,,0.472574,
27.632514352,26.200000000000003,2,control_period,26.2,50.00000000000071,
27.661783823,26.23,1,camera_to_measurement,26.205,16.299307,True
27.661907108,26.23,1,detector_inference,,13.110336303710938,
27.682685207000002,26.25,1,measurement_to_controller_cmd,,20.901384,True
27.682865796,26.25,1,control_period,26.25,50.00000000000071,
27.683130653000003,26.25,2,control_period,26.25,50.00000000000071,
27.683359958,26.25,3,control_period,26.25,50.00000000000071,
27.684177679,26.25,1,controller_to_actual_cmd,,1.492472,
27.684373757000003,26.25,2,controller_to_actual_cmd,,1.3636979999999999,
27.684485612000003,26.25,3,controller_to_actual_cmd,,1.2274509999999998,
27.722940552,26.290000000000003,1,detector_inference,,9.780011177062988,
27.72339742,26.290000000000003,1,camera_to_measurement,26.27,12.535782,True
27.726844496000002,26.295,3,camera_to_measurement,26.27,8.299403,True
27.726991354000003,26.295,3,detector_inference,,5.900585174560547,
27.732272981,26.3,1,measurement_to_controller_cmd,,8.875561,True
27.732364849000003,26.3,1,control_period,26.3,50.00000000000071,
27.732420327000003,26.3,2,controller_to_actual_cmd,,0.5795319999999999,
27.732466451,26.3,2,control_period,26.3,50.00000000000071,
27.732502994,26.3,3,measurement_to_controller_cmd,,5.658498,True
27.732542783000003,26.3,3,control_period,26.3,50.00000000000071,
27.732831552,26.3,1,controller_to_actual_cmd,,0.5585709999999999,
27.732872707000002,26.3,3,controller_to_actual_cmd,,0.36971299999999996,
27.782624230000003,26.35,2,control_period,26.35,50.00000000000071,
27.782750236000002,26.35,3,control_period,26.35,50.00000000000071,
27.783210846000003,26.35,1,controller_to_actual_cmd,,0.048265999999999996,
27.783287607000002,26.35,1,control_period,26.35,50.00000000000071,
27.783331808000003,26.35,2,controller_to_actual_cmd,,0.8116709999999999,
27.783370281000003,26.35,3,controller_to_actual_cmd,,0.66528,
27.794850429,26.360000000000003,2,camera_to_measurement,26.335,16.203508,True
27.794963126000003,26.360000000000003,2,detector_inference,,14.606614112854004,
27.832049648,26.400000000000002,1,control_period,26.4,49.99999999999716,
27.832105478000003,26.400000000000002,3,control_period,26.4,49.99999999999716,
27.832637499,26.400000000000002,1,controller_to_actual_cmd,,1.059694,
27.832676125000003,26.400000000000002,2,measurement_to_controller_cmd,,37.825696,True
27.832725582000002,26.400000000000002,2,control_period,26.4,49.99999999999716,
27.832987796,26.400000000000002,2,controller_to_actual_cmd,,0.311671,
27.833025090000003,26.400000000000002,3,controller_to_actual_cmd,,1.407984,
27.862513921,26.430000000000003,2,detector_inference,,10.131879806518555,
27.863351317000003,26.430000000000003,2,camera_to_measurement,26.405,12.391921,True
27.872166191,26.44,1,camera_to_measurement,26.405,26.075405,True
27.87224368,26.44,1,detector_inference,,24.072105407714844,
27.873237446,26.44,3,detector_inference,,6.832645893096924,
27.873550662000003,26.44,3,camera_to_measurement,26.405,8.419038,True
27.882743585,26.450000000000003,1,measurement_to_controller_cmd,,10.577394,True
27.882916885,26.450000000000003,1,control_period,26.45,50.00000000000071,
27.883049866,26.450000000000003,3,measurement_to_controller_cmd,,9.499203999999999,True
27.883145974,26.450000000000003,3,controller_to_actual_cmd,,0.096108,
27.883267031000003,26.450000000000003,3,control_period,26.45,50.00000000000071,
27.883905898000002,26.450000000000003,1,controller_to_actual_cmd,,1.162313,
27.883998947000002,26.450000000000003,2,measurement_to_controller_cmd,,20.64763,True
27.884077034,26.450000000000003,2,controller_to_actual_cmd,,0.07808699999999999,
27.884175998000003,26.450000000000003,2,control_period,26.45,50.00000000000071,
27.929858974000002,26.495,1,camera_to_measurement,26.47,11.399032,True
27.929943065000003,26.495,1,detector_inference,,11.498977661132812,
27.932346913000003,26.5,1,measurement_to_controller_cmd,,2.487939,True
27.932540473000003,26.5,1,control_period,26.5,50.00000000000071,
27.9327925,26.5,2,control_period,26.5,50.00000000000071,
27.932898856,26.5,3,control_period,26.5,50.00000000000071,
27.933248191,26.5,1,controller_to_actual_cmd,,0.9012779999999999,
27.933296412,26.5,2,controller_to_actual_cmd,,0.623817,
27.933336321000002,26.5,3,controller_to_actual_cmd,,0.481296,
27.937921541,26.505000000000003,3,camera_to_measurement,26.47,8.726626999999999,True
27.93799813,26.505000000000003,3,detector_inference,,8.009305000305176,
27.983745715,26.55,1,controller_to_actual_cmd,,0.081925,
27.983890046000003,26.55,1,control_period,26.55,50.00000000000071,
27.984060353,26.55,2,controller_to_actual_cmd,,0.071505,
27.984165443000002,26.55,2,control_period,26.55,50.00000000000071,
27.984273610000002,26.55,3,measurement_to_controller_cmd,,46.352069,True
27.984366731,26.55,3,controller_to_actual_cmd,,0.093121,
27.984515162,26.55,3,control_period,26.55,50.00000000000071,
27.993846931,26.560000000000002,2,camera_to_measurement,26.535,11.326246,True
27.99393797,26.560000000000002,2,detector_inference,,9.672918319702148,
28.001466431,26.57,3,camera_to_measurement,26.535,8.596506999999999,True
28.001533078,26.57,3,detector_inference,,6.254036903381348,
28.032100834,26.6,1,controller_to_actual_cmd,,0.06415699999999999,
28.032212004,26.6,1,control_period,26.6,50.00000000000071,
28.032297275,26.6,2,measurement_to_controller_cmd,,38.450344,True
28.032394427000003,26.6,2,control_period,26.6,50.00000000000071,
28.032437750000003,26.6,3,measurement_to_controller_cmd,,30.971318999999998,True
28.032473852000003,26.6,3,controller_to_actual_cmd,,0.036101999999999995,
28.032800836000003,26.6,2,controller_to_actual_cmd,,0.5035609999999999,
28.032853777000003,26.6,3,control_period,26.6,50.00000000000071,
28.051245986,26.615000000000002,1,detector_inference,,9.121955871582031,
28.082600829,26.650000000000002,2,controller_to_actual_cmd,,0.050241999999999995,
28.082735041000003,26.650000000000002,2,control_period,26.65,49.99999999999716,
28.083184524,26.650000000000002,1,measurement_to_controller_cmd,,32.082409999999996,True
28.083339813000002,26.650000000000002,3,control_period,26.65,49.99999999999716,
28.084067288000004,26.650000000000002,1,controller_to_actual_cmd,,0.882764,
28.084293601000002,26.650000000000002,1,control_period,26.65,49.99999999999716,
28.084451868000002,26.650000000000002,3,controller_to_actual_cmd,,1.1914,
28.125791683000003,26.69,2,detector_inference,,10.338112831115723,
28.126700208000003,26.695,2,camera_to_measurement,26.665,15.083630999999999,True
28.12912107,26.695,3,camera_to_measurement,26.665,11.843983,True
28.129282429000003,26.695,3,detector_inference,,10.222573280334473,
28.132328045,26.700000000000003,1,control_period,26.7,50.00000000000071,
28.132413263,26.700000000000003,3,measurement_to_controller_cmd,,3.2921929999999997,True
28.132500393,26.700000000000003,3,control_period,26.7,50.00000000000071,
28.133146035000003,26.700000000000003,1,controller_to_actual_cmd,,0.9005449999999999,
28.133194188,26.700000000000003,2,measurement_to_controller_cmd,,6.49398,True
28.133245296000002,26.700000000000003,2,controller_to_actual_cmd,,0.051108,
28.133305792,26.700000000000003,2,control_period,26.7,50.00000000000071,
28.133351750000003,26.700000000000003,3,controller_to_actual_cmd,,0.938487,
28.183470164000003,26.75,1,controller_to_actual_cmd,,0.034430999999999996,
28.183546233,26.75,1,control_period,26.75,50.00000000000071,
28.183641726,26.75,2,controller_to_actual_cmd,,0.044941999999999996,
28.1837078,26.75,2,control_period,26.75,50.00000000000071,
28.183805887000002,26.75,3,controller_to_actual_cmd,,0.037771,
28.183853429000003,26.75,3,control_period,26.75,50.00000000000071,
28.192129479000002,26.76,1,detector_inference,,16.219512939453125,
28.192784170000003,26.76,1,camera_to_measurement,26.735,17.848077999999997,True
28.192879385,26.76,3,camera_to_measurement,26.735,10.19262,True
28.192930460000003,26.76,3,detector_inference,,8.079227447509766,
28.231714040000004,26.8,1,measurement_to_controller_cmd,,38.92987,True
28.231860233000003,26.8,1,control_period,26.8,50.00000000000071,
28.232100009000003,26.8,2,control_period,26.8,50.00000000000071,
28.232171708000003,26.8,3,measurement_to_controller_cmd,,39.292322999999996,True
28.232228436000003,26.8,3,control_period,26.8,50.00000000000071,
28.232611551,26.8,1,controller_to_actual_cmd,,0.897511,
28.232658769,26.8,2,controller_to_actual_cmd,,0.67577,
28.232692024000002,26.8,3,controller_to_actual_cmd,,0.520316,
28.282646681000003,26.85,1,control_period,26.85,50.00000000000071,
28.282893273000003,26.85,2,control_period,26.85,50.00000000000071,
28.283705269000002,26.85,1,controller_to_actual_cmd,,1.198891,
28.283827873000003,26.85,2,controller_to_actual_cmd,,1.034333,
28.284022466000003,26.85,3,control_period,26.85,50.00000000000071,
28.284584835,26.85,3,controller_to_actual_cmd,,0.6619309999999999,
28.326094132,26.89,1,detector_inference,,17.596384048461914,
28.328679218,26.895000000000003,1,camera_to_measurement,26.865,23.412838,True
28.329626648,26.895000000000003,2,camera_to_measurement,26.865,18.393423,True
28.329723887,26.895000000000003,2,detector_inference,,15.064634323120117,
28.333120776,26.900000000000002,1,measurement_to_controller_cmd,,4.441558,True
28.333257602000003,26.900000000000002,1,controller_to_actual_cmd,,0.136826,
28.333399702,26.900000000000002,1,control_period,26.9,49.99999999999716,
28.333590718000004,26.900000000000002,3,controller_to_actual_cmd,,0.072003,
28.333702806,26.900000000000002,3,control_period,26.9,49.99999999999716,
28.334328825,26.900000000000002,2,measurement_to_controller_cmd,,4.702177,True
28.334422850000003,26.900000000000002,2,controller_to_actual_cmd,,0.094025,
28.334521772000002,26.900000000000002,2,control_period,26.9,49.99999999999716,
28.382938749,26.950000000000003,1,control_period,26.95,50.00000000000071,
28.383116374,26.950000000000003,2,control_period,26.95,50.00000000000071,
28.383271281000003,26.950000000000003,3,control_period,26.95,50.00000000000071,
28.383695811000003,26.950000000000003,1,controller_to_actual_cmd,,0.9145209999999999,
28.383741916,26.950000000000003,2,controller_to_actual_cmd,,0.7000719999999999,
28.383779152000002,26.950000000000003,3,controller_to_actual_cmd,,0.587336,
28.387271064,26.955000000000002,3,detector_inference,,7.279751777648926,
28.387922606,26.955000000000002,3,camera_to_measurement,26.93,8.652013,True
28.43315099,27.0,1,control_period,27.0,50.00000000000071,
28.433448916000003,27.0,2,control_period,27.0,50.00000000000071,
28.433563213000003,27.0,3,measurement_to_controller_cmd,,45.640606999999996,True
28.43364722,27.0,3,controller_to_actual_cmd,,0.084007,
28.433739336000002,27.0,3,control_period,27.0,50.00000000000071,
28.434413448,27.0,1,controller_to_actual_cmd,,1.401586,
28.434542101,27.0,2,controller_to_actual_cmd,,1.2196,
28.448546355,27.015,2,camera_to_measurement,26.995,10.266416,True
28.448639501000002,27.015,2,detector_inference,,8.20470142364502,
28.457697814000003,27.025000000000002,3,detector_inference,,14.039681434631348,
28.458169043,27.025000000000002,3,camera_to_measurement,26.995,16.280723,True
28.484212076000002,27.05,2,measurement_to_controller_cmd,,35.665721,True
28.484384676,27.05,3,measurement_to_controller_cmd,,26.215633,True
28.484567611000003,27.05,3,control_period,27.05,50.00000000000071,
28.485521131000002,27.05,1,controller_to_actual_cmd,,0.079915,
28.485694018,27.05,1,control_period,27.05,50.00000000000071,
28.485811355000003,27.05,2,controller_to_actual_cmd,,1.599279,
28.485943538,27.05,2,control_period,27.05,50.00000000000071,
28.486057359,27.05,3,controller_to_actual_cmd,,1.672683,
28.532828172000002,27.1,1,control_period,27.1,50.00000000000071,
28.532932898000002,27.1,3,controller_to_actual_cmd,,0.7330789999999999,
28.533020119000003,27.1,3,control_period,27.1,50.00000000000071,
28.533615369000003,27.1,1,controller_to_actual_cmd,,1.485193,
28.533713555000002,27.1,2,controller_to_actual_cmd,,0.031035999999999998,
28.533775226000003,27.1,2,control_period,27.1,50.00000000000071,
28.533814314,27.1,3,detector_inference,,15.15030574798584,
28.534165538000003,27.1,3,camera_to_measurement,27.065,14.450622,True
28.584851269,27.150000000000002,1,controller_to_actual_cmd,,0.104416,
28.585034946,27.150000000000002,1,control_period,27.15,49.99999999999716,
28.585159662000002,27.150000000000002,3,measurement_to_controller_cmd,,50.994124,True
28.58529167,27.150000000000002,3,controller_to_actual_cmd,,0.132008,
28.585449041,27.150000000000002,3,control_period,27.15,49.99999999999716,
28.586315758,27.150000000000002,2,controller_to_actual_cmd,,0.100989,
28.586478912,27.150000000000002,2,control_period,27.15,49.99999999999716,
28.587889003,27.155,1,camera_to_measurement,27.13,14.641865,True
28.588016984000003,27.155,1,detector_inference,,12.748385429382324,
28.596273638000003,27.165000000000003,3,camera_to_measurement,27.13,12.816115,True
28.596361214,27.165000000000003,3,detector_inference,,10.394221305847168,
28.596975811,27.165000000000003,2,detector_inference,,16.40378189086914,
28.597362777,27.165000000000003,2,camera_to_measurement,27.13,19.894809,True
28.633047997000002,27.200000000000003,1,measurement_to_controller_cmd,,45.158994,True
28.633160969000002,27.200000000000003,1,control_period,27.2,50.00000000000071,
28.633224702000003,27.200000000000003,2,measurement_to_controller_cmd,,35.861925,True
28.633266947000003,27.200000000000003,3,measurement_to_controller_cmd,,36.993308999999996,True
28.633310607000002,27.200000000000003,3,control_period,27.2,50.00000000000071,
28.633703791000002,27.200000000000003,1,controller_to_actual_cmd,,0.655794,
28.633751326000002,27.200000000000003,2,controller_to_actual_cmd,,0.526624,
28.633796901,27.200000000000003,2,control_period,27.2,50.00000000000071,
28.633829784000003,27.200000000000003,3,controller_to_actual_cmd,,0.5628369999999999,
28.651494374000002,27.220000000000002,1,detector_inference,,15.397720336914062,
28.652332347,27.220000000000002,2,detector_inference,,11.829912185668945,
28.652798135,27.220000000000002,2,camera_to_measurement,27.195,14.827995999999999,True
28.656886278,27.225,3,detector_inference,,10.938934326171875,
28.657582693000002,27.225,3,camera_to_measurement,27.195,13.824833,True
28.682816825000003,27.25,1,measurement_to_controller_cmd,,30.546675999999998,True
28.682918464,27.25,2,measurement_to_controller_cmd,,30.120328999999998,True
28.683000803000002,27.25,3,measurement_to_controller_cmd,,25.41811,True
28.683059011,27.25,3,controller_to_actual_cmd,,0.058207999999999996,
28.683164209,27.25,3,control_period,27.25,50.00000000000071,
28.683803707000003,27.25,1,controller_to_actual_cmd,,0.9868819999999999,
28.68393126,27.25,1,control_period,27.25,50.00000000000071,
28.684007067000003,27.25,2,controller_to_actual_cmd,,1.088603,
28.684076636,27.25,2,control_period,27.25,50.00000000000071,
28.71123124,27.275000000000002,1,camera_to_measurement,27.26,9.787671,True
28.711342513,27.275000000000002,1,detector_inference,,7.58775520324707,
28.723986116000003,27.290000000000003,2,detector_inference,,11.386289596557617,
28.724132778,27.290000000000003,3,detector_inference,,11.865681648254395,
28.724915301000003,27.290000000000003,2,camera_to_measurement,27.26,16.216387,True
28.725090808,27.290000000000003,3,camera_to_measurement,27.26,14.505263,True
28.732919574,27.3,1,measurement_to_controller_cmd,,21.688333999999998,True
28.732990669000003,27.3,1,controller_to_actual_cmd,,0.07109499999999999,
28.733061372,27.3,1,control_period,27.3,50.00000000000071,
28.733230754,27.3,3,measurement_to_controller_cmd,,8.139946,True
28.733354275000003,27.3,3,controller_to_actual_cmd,,0.12352099999999999,
28.733488166,27.3,3,control_period,27.3,50.00000000000071,
28.734136080000003,27.3,2,measurement_to_controller_cmd,,9.220779,True
28.734268466000003,27.3,2,controller_to_actual_cmd,,0.132386,
28.73437476,27.3,2,control_period,27.3,50.00000000000071,
28.777183999000002,27.345000000000002,1,camera_to_measurement,27.325,13.072837,True
28.777307198000003,27.345000000000002,1,detector_inference,,10.61574935913086,
28.780081324,27.345000000000002,2,detector_inference,,7.721957206726074,
28.780599440000003,27.345000000000002,2,camera_to_measurement,27.325,9.351493,True
28.782455247,27.35,1,measurement_to_controller_cmd,,5.271248,True
28.782517925,27.35,1,controller_to_actual_cmd,,0.062678,
28.782587202000002,27.35,1,control_period,27.35,50.00000000000071,
28.782627694000002,27.35,2,measurement_to_controller_cmd,,2.028254,True
28.78266829,27.35,2,controller_to_actual_cmd,,0.040596,
28.782715877,27.35,2,control_period,27.35,50.00000000000071,
28.782786307000002,27.35,3,control_period,27.35,50.00000000000071,
28.783094911000003,27.35,3,controller_to_actual_cmd,,0.342333,
28.832541347000003,27.400000000000002,2,controller_to_actual_cmd,,0.077656,
28.832673954,27.400000000000002,2,control_period,27.4,49.99999999999716,
28.832847292,27.400000000000002,3,control_period,27.4,49.99999999999716,
28.835733213,27.400000000000002,1,control_period,27.4,49.99999999999716,
28.835869288,27.400000000000002,3,controller_to_actual_cmd,,3.105143,
28.836671861000003,27.405,1,controller_to_actual_cmd,,1.1535929999999999,
28.849114599000004,27.415000000000003,2,detector_inference,,9.489034652709961,
28.849867768000003,27.415000000000003,2,camera_to_measurement,27.395,11.401406,True
28.853996501,27.42,1,camera_to_measurement,27.395,18.884525,True
28.854158098000003,27.42,1,detector_inference,,18.160411834716797,
28.857486079,27.425,3,detector_inference,,13.982362747192383,
28.857859627000003,27.425,3,camera_to_measurement,27.395,16.898832,True
28.882704191000002,27.450000000000003,1,measurement_to_controller_cmd,,28.70769,True
28.88279232,27.450000000000003,2,measurement_to_controller_cmd,,32.924552,True
28.883515731000003,27.450000000000003,1,controller_to_actual_cmd,,0.8115399999999999,
28.88360561,27.450000000000003,1,control_period,27.45,50.00000000000071,
28.883650094,27.450000000000003,2,controller_to_actual_cmd,,0.8577739999999999,
28.883699851000003,27.450000000000003,2,control_period,27.45,50.00000000000071,
28.883742828000003,27.450000000000003,3,measurement_to_controller_cmd,,25.883201,True
28.883782062,27.450000000000003,3,controller_to_actual_cmd,,0.039234,
28.883825248,27.450000000000003,3,control_period,27.45,50.00000000000071,
28.912999925,27.48,2,detector_inference,,5.912045001983643,
28.913601074000002,27.48,2,camera_to_measurement,27.46,8.15028,True
28.932424559,27.5,1,control_period,27.5,50.00000000000071,
28.93250726,27.5,3,controller_to_actual_cmd,,0.029911999999999998,
28.932559262,27.5,3,control_period,27.5,50.00000000000071,
28.932956785000002,27.5,1,controller_to_actual_cmd,,0.591083,
28.93302719,27.5,2,measurement_to_controller_cmd,,19.426116,True
28.933096224000003,27.5,2,control_period,27.5,50.00000000000071,
28.933407833,27.5,2,controller_to_actual_cmd,,0.380643,
28.98208551,27.55,1,camera_to_measurement,27.525,18.613084999999998,True
28.982166551000002,27.55,1,detector_inference,,16.32852554321289,
28.982244087,27.55,1,measurement_to_controller_cmd,,0.158577,True
28.982339272,27.55,1,control_period,27.55,50.00000000000071,
28.982420093,27.55,2,detector_inference,,9.685126304626465,
28.982459191,27.55,2,measurement_to_controller_cmd,,0.07256,True
28.982816835,27.55,1,controller_to_actual_cmd,,0.5727479999999999,
28.982859166,27.55,2,controller_to_actual_cmd,,0.39997499999999997,
28.982904362000003,27.55,2,control_period,27.55,50.00000000000071,
28.982969293000004,27.55,3,controller_to_actual_cmd,,0.028124999999999997,
28.983008722,27.55,3,control_period,27.55,50.00000000000071,
29.032664518,27.6,1,controller_to_actual_cmd,,0.063525,
29.032777995000004,27.6,1,control_period,27.6,50.00000000000071,
29.032913885000003,27.6,2,control_period,27.6,50.00000000000071,
29.033046543,27.6,3,control_period,27.6,50.00000000000071,
29.034002347,27.6,3,controller_to_actual_cmd,,1.016759,
29.034952522,27.6,2,controller_to_actual_cmd,,2.103606,
29.044601575,27.610000000000003,1,detector_inference,,14.078508377075195,
29.045108324,27.610000000000003,1,camera_to_measurement,27.59,15.784212,True
29.051951368,27.62,2,detector_inference,,14.06005859375,
29.052613179,27.62,3,camera_to_measurement,27.59,11.975219,True
29.052673830000003,27.62,3,detector_inference,,9.609336853027344,
29.083239404,27.650000000000002,1,measurement_to_controller_cmd,,38.13108,True
29.083449547,27.650000000000002,1,control_period,27.65,49.99999999999716,
29.083608095000002,27.650000000000002,3,measurement_to_controller_cmd,,30.994916,True
29.083735129,27.650000000000002,3,control_period,27.65,49.99999999999716,
29.084456501000002,27.650000000000002,1,controller_to_actual_cmd,,1.2170969999999999,
29.084559976,27.650000000000002,2,measurement_to_controller_cmd,,32.030512,True
29.084639706,27.650000000000002,2,controller_to_actual_cmd,,0.07973,
29.084777847,27.650000000000002,2,control_period,27.65,49.99999999999716,
29.084886878000002,27.650000000000002,3,controller_to_actual_cmd,,1.278783,
29.104570493,27.67,1,detector_inference,,7.012825012207031,
29.104907123,27.67,1,camera_to_measurement,27.655,8.196553999999999,True
29.132107848,27.700000000000003,1,measurement_to_controller_cmd,,27.200725,True
29.132180469,27.700000000000003,1,control_period,27.7,50.00000000000071,
29.132279158000003,27.700000000000003,2,control_period,27.7,50.00000000000071,
29.132362912,27.700000000000003,3,control_period,27.7,50.00000000000071,
29.13282085,27.700000000000003,1,controller_to_actual_cmd,,0.7130019999999999,
29.132883156000002,27.700000000000003,2,controller_to_actual_cmd,,0.645143,
29.132923493000003,27.700000000000003,3,controller_to_actual_cmd,,0.602074,
29.180719708,27.745,1,camera_to_measurement,27.725,14.317668,True
29.180873934,27.745,1,detector_inference,,12.426547050476074,
29.184027189000002,27.75,1,measurement_to_controller_cmd,,3.3074809999999997,True
29.184181943000002,27.75,1,controller_to_actual_cmd,,0.154754,
29.184362381000003,27.75,1,control_period,27.75,50.00000000000071,
29.184768398000003,27.75,3,control_period,27.75,50.00000000000071,
29.185650592000002,27.75,2,controller_to_actual_cmd,,0.106974,
29.185807061000002,27.75,2,control_period,27.75,50.00000000000071,
29.185935750000002,27.75,3,controller_to_actual_cmd,,1.305067,
29.188584275,27.755000000000003,3,detector_inference,,9.957842826843262,
29.189315905,27.755000000000003,3,camera_to_measurement,27.725,11.653836,True
29.194372638,27.76,2,camera_to_measurement,27.725,22.546283,True
29.194450074000002,27.76,2,detector_inference,,20.346988677978516,
29.232222859,27.8,1,control_period,27.8,50.00000000000071,
29.232283658,27.8,2,measurement_to_controller_cmd,,37.91102,True
29.23234417,27.8,2,control_period,27.8,50.00000000000071,
29.232391630000002,27.8,3,measurement_to_controller_cmd,,43.075725,True
29.232717616000002,27.8,1,controller_to_actual_cmd,,0.564913,
29.232759991,27.8,2,controller_to_actual_cmd,,0.47633299999999995,
29.232794598,27.8,3,controller_to_actual_cmd,,0.402968,
29.232839462,27.8,3,control_period,27.8,50.00000000000071,
29.247459747,27.815,3,camera_to_measurement,27.79,9.008289,True
29.247642594000002,27.815,3,detector_inference,,7.228177070617676,
29.283180693000002,27.85,2,control_period,27.85,50.00000000000071,
29.283291703000003,27.85,3,measurement_to_controller_cmd,,35.831956,True
29.283340944000003,27.85,3,controller_to_actual_cmd,,0.049241,
29.283413902000003,27.85,3,control_period,27.85,50.00000000000071,
29.284313808,27.85,1,controller_to_actual_cmd,,0.080537,
29.284457501000002,27.85,1,control_period,27.85,50.00000000000071,
29.284541833000002,27.85,2,controller_to_actual_cmd,,1.476048,
29.311254595,27.875,1,camera_to_measurement,27.855,13.85297,True
29.311361242,27.875,1,detector_inference,,9.73119068145752,
29.319590554,27.885,3,camera_to_measurement,27.855,9.156634,True
29.319689703,27.885,3,detector_inference,,6.441666126251221,
29.332692384,27.900000000000002,1,measurement_to_controller_cmd,,21.437789,True
29.333429523000003,27.900000000000002,1,control_period,27.9,49.99999999999716,
29.334486532000003,27.900000000000002,2,control_period,27.9,49.99999999999716,
29.33693634,27.905,1,controller_to_actual_cmd,,4.243956,
29.337029981,27.905,2,controller_to_actual_cmd,,3.499173,
29.337101945,27.905,3,measurement_to_controller_cmd,,17.511391,True
29.337198887000003,27.905,3,control_period,27.9,49.99999999999716,
29.339457087000003,27.905,3,controller_to_actual_cmd,,2.355142,
29.387801586000002,27.950000000000003,1,control_period,27.95,50.00000000000071,
29.38795951,27.950000000000003,2,control_period,27.95,50.00000000000071,
29.388884714000003,27.955000000000002,3,control_period,27.95,50.00000000000071,
29.398827051,27.96,1,controller_to_actual_cmd,,11.119505,
29.398966587,27.96,2,controller_to_actual_cmd,,11.079575,
29.399050125000002,27.96,3,controller_to_actual_cmd,,10.259373,
29.433633258,28.0,3,control_period,28.0,50.00000000000071,
29.434449029000003,28.0,1,control_period,28.0,50.00000000000071,
29.43457563,28.0,2,controller_to_actual_cmd,,0.049559,
29.434644740000003,28.0,2,control_period,28.0,50.00000000000071,
29.435262035,28.0,1,controller_to_actual_cmd,,1.770425,
29.435353718000002,28.0,3,controller_to_actual_cmd,,1.802624,
29.456801863000003,28.025000000000002,2,detector_inference,,12.287367820739746,
29.457473373000003,28.025000000000002,2,camera_to_measurement,27.985,15.58428,True
29.461429138000003,28.03,3,camera_to_measurement,27.985,13.15908,True
29.461539686000002,28.03,3,detector_inference,,11.175627708435059,
29.483945816000002,28.05,1,controller_to_actual_cmd,,0.072624,
29.484090299000002,28.05,1,control_period,28.05,50.00000000000071,
29.484168784,28.05,2,measurement_to_controller_cmd,,26.695411,True
29.484290151000003,28.05,2,controller_to_actual_cmd,,0.12136699999999999,
29.484402312,28.05,2,control_period,28.05,50.00000000000071,
29.484471685000003,28.05,3,measurement_to_controller_cmd,,23.042547,True
29.484516488,28.05,3,controller_to_actual_cmd,,0.044802999999999996,
29.484562704000002,28.05,3,control_period,28.05,50.00000000000071,
29.518365454,28.085,2,detector_inference,,9.93065357208252,
29.519135973,28.085,2,camera_to_measurement,28.055,11.857923999999999,True
29.522778711,28.090000000000003,3,detector_inference,,10.110494613647461,
29.523622359,28.090000000000003,3,camera_to_measurement,28.055,12.390277,True
29.532223220000002,28.1,2,measurement_to_controller_cmd,,13.087247,True
29.532416054000002,28.1,2,control_period,28.1,50.00000000000071,
29.533169076,28.1,1,controller_to_actual_cmd,,0.06999899999999999,
29.533285694000003,28.1,1,control_period,28.1,50.00000000000071,
29.533373726,28.1,2,controller_to_actual_cmd,,1.150506,
29.533454276,28.1,3,measurement_to_controller_cmd,,9.831916999999999,True
29.533536747000003,28.1,3,controller_to_actual_cmd,,0.082471,
29.53363849,28.1,3,control_period,28.1,50.00000000000071,
29.575001792000002,28.14,1,detector_inference,,8.069404602050781,
29.582192777000003,28.150000000000002,2,control_period,28.15,49.99999999999716,
29.582346982,28.150000000000002,3,control_period,28.15,49.99999999999716,
29.582787201000002,28.150000000000002,1,measurement_to_controller_cmd,,7.877383,True
29.582841263000002,28.150000000000002,1,controller_to_actual_cmd,,0.054062,
29.582898432,28.150000000000002,1,control_period,28.15,49.99999999999716,
29.582937971000003,28.150000000000002,2,controller_to_actual_cmd,,0.832388,
29.582975372000003,28.150000000000002,3,controller_to_actual_cmd,,0.678723,
29.584183498,28.150000000000002,3,detector_inference,,8.729982376098633,
29.584495526,28.150000000000002,3,camera_to_measurement,28.12,6.632136999999999,True
29.632382908,28.200000000000003,2,control_period,28.2,50.00000000000071,
29.632491939,28.200000000000003,3,measurement_to_controller_cmd,,47.996413,True
29.632608313000002,28.200000000000003,3,control_period,28.2,50.00000000000071,
29.633094387000003,28.200000000000003,1,controller_to_actual_cmd,,0.033788,
29.633153546000003,28.200000000000003,1,control_period,28.2,50.00000000000071,
29.633197135000003,28.200000000000003,2,controller_to_actual_cmd,,0.945739,
29.633250564,28.200000000000003,3,controller_to_actual_cmd,,0.758625,
29.638713707,28.205000000000002,3,detector_inference,,6.929268836975098,
29.639333086,28.205000000000002,3,camera_to_measurement,28.185,8.312792,True
29.682966255,28.25,2,control_period,28.25,50.00000000000071,
29.683093778000003,28.25,3,measurement_to_controller_cmd,,43.760692,True
29.683245874,28.25,3,control_period,28.25,50.00000000000071,
29.683935312000003,28.25,1,controller_to_actual_cmd,,0.055668999999999996,
29.684030202000002,28.25,1,control_period,28.25,50.00000000000071,
29.684108081,28.25,2,controller_to_actual_cmd,,1.27203,
29.684172972000002,28.25,3,controller_to_actual_cmd,,1.079194,
29.707054623,28.275000000000002,1,camera_to_measurement,28.25,12.168982999999999,True
29.707149071000003,28.275000000000002,1,detector_inference,,9.246272087097168,
29.712639021,28.28,2,detector_inference,,11.98251724243164,
29.713293306,28.28,2,camera_to_measurement,28.25,13.610076,True
29.732623129,28.3,1,measurement_to_controller_cmd,,25.568506,True
29.732714498000004,28.3,1,controller_to_actual_cmd,,0.09136899999999999,
29.732840204000002,28.3,1,control_period,28.3,50.00000000000071,
29.732927640000003,28.3,2,measurement_to_controller_cmd,,19.634334,True
29.733004695,28.3,2,controller_to_actual_cmd,,0.077055,
29.733091894,28.3,2,control_period,28.3,50.00000000000071,
29.733238795000002,28.3,3,controller_to_actual_cmd,,0.071604,
29.733324108,28.3,3,control_period,28.3,50.00000000000071,
29.777892516,28.345000000000002,2,detector_inference,,13.778491020202637,
29.777955368,28.345000000000002,3,detector_inference,,9.543734550476074,
29.778362987,28.345000000000002,2,camera_to_measurement,28.315,17.672565,True
29.778437066000002,28.345000000000002,3,camera_to_measurement,28.315,11.585079,True
29.78226073,28.35,1,control_period,28.35,50.00000000000071,
29.782456922,28.35,3,measurement_to_controller_cmd,,4.019856,True
29.782650545000003,28.35,3,control_period,28.35,50.00000000000071,
29.783394429,28.35,1,controller_to_actual_cmd,,1.235579,
29.783517970000002,28.35,3,controller_to_actual_cmd,,1.061048,
29.784242762,28.35,2,measurement_to_controller_cmd,,5.8797749999999995,True
29.784360168000003,28.35,2,controller_to_actual_cmd,,0.117406,
29.784485726000003,28.35,2,control_period,28.35,50.00000000000071,
29.832356592000004,28.400000000000002,1,control_period,28.4,49.99999999999716,
29.832464766,28.400000000000002,3,control_period,28.4,49.99999999999716,
29.832847142000002,28.400000000000002,3,controller_to_actual_cmd,,0.428021,
29.833199126,28.400000000000002,1,controller_to_actual_cmd,,0.92685,
29.833916865000003,28.400000000000002,2,controller_to_actual_cmd,,0.054678,
29.834003082000002,28.400000000000002,2,control_period,28.4,49.99999999999716,
29.834404001000003,28.400000000000002,1,camera_to_measurement,28.385,9.221363,True
29.834465223000002,28.400000000000002,1,detector_inference,,7.631367206573486,
29.849826172,28.415000000000003,3,detector_inference,,15.451923370361328,
29.883335462,28.450000000000003,1,measurement_to_controller_cmd,,48.931461,True
29.883478228,28.450000000000003,1,control_period,28.45,50.00000000000071,
29.883618123,28.450000000000003,2,control_period,28.45,50.00000000000071,
29.883672827,28.450000000000003,3,measurement_to_controller_cmd,,33.967228,True
29.883724703000002,28.450000000000003,3,control_period,28.45,50.00000000000071,
29.884510848,28.450000000000003,1,controller_to_actual_cmd,,1.175386,
29.884578858,28.450000000000003,2,controller_to_actual_cmd,,1.018059,
29.884622763000003,28.450000000000003,3,controller_to_actual_cmd,,0.949936,
29.905472425000003,28.470000000000002,1,detector_inference,,6.709086894989014,
29.906302806000003,28.475,1,camera_to_measurement,28.45,9.366137,True
29.932614114000003,28.5,1,measurement_to_controller_cmd,,26.311308,True
29.932863843000003,28.5,3,control_period,28.5,50.00000000000071,
29.933580207000002,28.5,1,controller_to_actual_cmd,,0.966093,
29.933741656000002,28.5,1,control_period,28.5,50.00000000000071,
29.933923710000002,28.5,2,controller_to_actual_cmd,,0.07639399999999999,
29.934030980000003,28.5,2,control_period,28.5,50.00000000000071,
29.934114957000002,28.5,3,controller_to_actual_cmd,,1.367202,
29.967882339000003,28.535,1,detector_inference,,7.709269046783447,
29.968197531,28.535,1,camera_to_measurement,28.515,8.777292,True
29.978595416,28.545,3,camera_to_measurement,28.515,7.204263,True
29.978667232000003,28.545,3,detector_inference,,5.775096893310547,
29.982444159000003,28.55,1,measurement_to_controller_cmd,,14.246628,True
29.98265921,28.55,1,control_period,28.55,50.00000000000071,
29.983358942000002,28.55,1,controller_to_actual_cmd,,0.914783,
29.983439969000003,28.55,2,controller_to_actual_cmd,,0.029684,
29.98348821,28.55,2,control_period,28.55,50.00000000000071,
29.983523041,28.55,3,measurement_to_controller_cmd,,4.927625,True
29.983556735,28.55,3,controller_to_actual_cmd,,0.033694,
29.983594128000004,28.55,3,control_period,28.55,50.00000000000071,
30.032305377,28.6,1,control_period,28.6,50.00000000000071,
30.03238307,28.6,3,controller_to_actual_cmd,,0.842877,
30.032455716,28.6,3,control_period,28.6,50.00000000000071,
30.033136346000003,28.6,1,controller_to_actual_cmd,,0.915306,
30.033357654000003,28.6,2,controller_to_actual_cmd,,0.08548599999999999,
30.033498771,28.6,2,control_period,28.6,50.00000000000071,
30.040383298000002,28.605,2,camera_to_measurement,28.58,15.116392,True
30.040519689000003,28.605,2,detector_inference,,12.928849220275879,
30.086124411,28.650000000000002,2,measurement_to_controller_cmd,,45.741113,True
30.086240527,28.650000000000002,2,controller_to_actual_cmd,,0.116116,
30.086362731,28.650000000000002,2,control_period,28.65,49.99999999999716,
30.086507657000002,28.650000000000002,3,control_period,28.65,49.99999999999716,
30.087434169,28.655,1,controller_to_actual_cmd,,0.038265,
30.087517157,28.655,1,control_period,28.65,49.99999999999716,
30.087560295000003,28.655,3,controller_to_actual_cmd,,1.1185939999999999,
30.103982777000002,28.67,2,detector_inference,,8.347129821777344,
30.104747714000002,28.67,2,camera_to_measurement,28.645,10.187389999999999,True
30.132669871,28.700000000000003,2,measurement_to_controller_cmd,,27.922157,True
30.132820951000003,28.700000000000003,2,control_period,28.7,50.00000000000071,
30.133044555,28.700000000000003,3,control_period,28.7,50.00000000000071,
30.133979447,28.700000000000003,1,control_period,28.7,50.00000000000071,
30.134085421,28.700000000000003,2,controller_to_actual_cmd,,1.4155499999999999,
30.134218031000003,28.700000000000003,3,controller_to_actual_cmd,,1.281895,
30.134586628,28.700000000000003,1,controller_to_actual_cmd,,0.743922,
30.168528637,28.735000000000003,1,camera_to_measurement,28.715,11.164154,True
30.168694324,28.735000000000003,1,detector_inference,,8.558438301086426,
30.177402018000002,28.745,3,camera_to_measurement,28.715,11.275929999999999,True
30.177468934,28.745,3,detector_inference,,9.740492820739746,
30.178140707,28.745,2,detector_inference,,15.975299835205078,
30.178455816000003,28.745,2,camera_to_measurement,28.715,17.584267,True
30.182121869000003,28.750000000000004,3,measurement_to_controller_cmd,,4.719850999999999,True
30.182522692000003,28.750000000000004,1,measurement_to_controller_cmd,,13.994055,True
30.182626985000002,28.750000000000004,1,control_period,28.75,50.00000000000071,
30.182678534,28.750000000000004,2,measurement_to_controller_cmd,,4.2227179999999995,True
30.182724934000003,28.750000000000004,2,control_period,28.75,50.00000000000071,
30.182762581000002,28.750000000000004,3,controller_to_actual_cmd,,0.640712,
30.182807883000002,28.750000000000004,3,control_period,28.75,50.00000000000071,
30.183099208,28.750000000000004,1,controller_to_actual_cmd,,0.576516,
30.183141623,28.750000000000004,2,controller_to_actual_cmd,,0.463089,
30.233071839,28.8,1,control_period,28.8,50.00000000000071,
30.233168688000003,28.8,2,controller_to_actual_cmd,,1.007314,
30.233253071000004,28.8,2,control_period,28.8,50.00000000000071,
30.233347257000002,28.8,3,controller_to_actual_cmd,,0.039932999999999996,
30.233412882000003,28.8,3,control_period,28.8,50.00000000000071,
30.233826268,28.8,1,controller_to_actual_cmd,,1.718585,
30.241550845000003,28.810000000000002,1,camera_to_measurement,28.78,20.252647,True
30.241739029,28.810000000000002,1,detector_inference,,17.31524658203125,
30.242576715000002,28.810000000000002,2,camera_to_measurement,28.78,15.624697999999999,True
30.242669028,28.810000000000002,2,detector_inference,,12.091184616088867,
30.242733848,28.810000000000002,3,camera_to_measurement,28.78,12.666126,True
30.242780114000002,28.810000000000002,3,detector_inference,,9.838237762451172,
30.28271648,28.85,1,measurement_to_controller_cmd,,41.165634999999995,True
30.282885371000003,28.85,1,control_period,28.85,50.00000000000071,
30.28296896,28.85,2,measurement_to_controller_cmd,,40.392244999999996,True
30.283146664,28.85,2,control_period,28.85,50.00000000000071,
30.283964222,28.85,1,controller_to_actual_cmd,,1.247742,
30.284059904000003,28.85,2,controller_to_actual_cmd,,1.090944,
30.284649536000003,28.85,3,measurement_to_controller_cmd,,41.915687999999996,True
30.284704478000002,28.85,3,controller_to_actual_cmd,,0.054942,
30.284775179,28.85,3,control_period,28.85,50.00000000000071,
30.31063423,28.875000000000004,1,camera_to_measurement,28.845,22.662722,True
30.310773933,28.875000000000004,1,detector_inference,,20.343673706054688,
30.310911064000003,28.875000000000004,3,camera_to_measurement,28.845,9.762917,True
30.311010789,28.875000000000004,3,detector_inference,,7.163143157958984,
30.331793760000004,28.900000000000002,2,control_period,28.9,49.99999999999716,
30.332448115000002,28.900000000000002,1,measurement_to_controller_cmd,,21.813885,True
30.332498133,28.900000000000002,1,controller_to_actual_cmd,,0.050018,
30.332552536,28.900000000000002,1,control_period,28.9,49.99999999999716,
30.33258762,28.900000000000002,2,controller_to_actual_cmd,,0.8851549999999999,
30.332620000000002,28.900000000000002,3,measurement_to_controller_cmd,,21.708935999999998,True
30.332664966000003,28.900000000000002,3,control_period,28.9,49.99999999999716,
30.332935918,28.900000000000002,3,controller_to_actual_cmd,,0.315918,
30.367132332,28.935000000000002,1,detector_inference,,11.59795093536377,
30.368478054,28.935000000000002,2,detector_inference,,9.175398826599121,
30.368809519000003,28.935000000000002,2,camera_to_measurement,28.91,11.719743999999999,True
30.376710362,28.945,3,camera_to_measurement,28.91,12.236341,True
30.376780512000003,28.945,3,detector_inference,,9.192546844482422,
30.381929818000003,28.950000000000003,3,measurement_to_controller_cmd,,5.219456,True
30.382017193000003,28.950000000000003,3,control_period,28.95,50.00000000000071,
30.382351815000003,28.950000000000003,3,controller_to_actual_cmd,,0.42199699999999996,
30.382655663,28.950000000000003,2,measurement_to_controller_cmd,,13.846143999999999,True
30.382956114000002,28.950000000000003,1,measurement_to_controller_cmd,,15.389412,True
30.383020619000003,28.950000000000003,1,control_period,28.95,50.00000000000071,
30.383066523000004,28.950000000000003,2,control_period,28.95,50.00000000000071,
30.383345664,28.950000000000003,1,controller_to_actual_cmd,,0.38955,
30.383387019,28.950000000000003,2,controller_to_actual_cmd,,0.731356,
30.430071742000003,28.995,1,detector_inference,,10.467049598693848,
30.430522041000003,28.995,1,camera_to_measurement,28.975,11.237568999999999,True
30.432187589,29.000000000000004,3,control_period,29.0,50.00000000000071,
30.432702969,29.000000000000004,2,control_period,29.0,50.00000000000071,
30.432770128,29.000000000000004,3,controller_to_actual_cmd,,0.680064,
30.433186182000004,29.000000000000004,1,measurement_to_controller_cmd,,2.664141,True
30.43327169,29.000000000000004,1,control_period,29.0,50.00000000000071,
30.433316017000003,29.000000000000004,2,controller_to_actual_cmd,,0.679974,
30.433629257000003,29.000000000000004,1,controller_to_actual_cmd,,0.443075,
30.438597606000002,29.005000000000003,2,detector_inference,,14.173012733459473,
30.438758028000002,29.005000000000003,3,camera_to_measurement,28.975,10.357607,True
30.438856224000002,29.005000000000003,3,detector_inference,,8.807405471801758,
30.482789456000003,29.05,3,measurement_to_controller_cmd,,44.031428,True
30.482940906000003,29.05,3,control_period,29.05,50.00000000000071,
30.483612793000002,29.05,1,controller_to_actual_cmd,,0.89106,
30.483734654000003,29.05,1,control_period,29.05,50.00000000000071,
30.484222555000002,29.05,3,controller_to_actual_cmd,,1.433099,
30.484775078000002,29.05,2,measurement_to_controller_cmd,,45.298263,True
30.485657803000002,29.05,2,controller_to_actual_cmd,,0.882725,
30.485821742000002,29.05,2,control_period,29.05,50.00000000000071,
30.499553856000002,29.065,1,detector_inference,,8.50948429107666,
30.500455846,29.065,1,camera_to_measurement,29.045,9.59884,True
30.507231442000002,29.075000000000003,2,detector_inference,,7.541362762451172,
30.507591609000002,29.075000000000003,2,camera_to_measurement,29.045,10.427396,True
30.512176325000002,29.080000000000002,3,camera_to_measurement,29.045,9.025557,True
30.51233501,29.080000000000002,3,detector_inference,,7.412700176239014,
30.53222711,29.1,1,measurement_to_controller_cmd,,31.771264,True
30.532355543,29.1,1,control_period,29.1,50.00000000000071,
30.532439720000003,29.1,2,measurement_to_controller_cmd,,24.848111,True
30.532517178000003,29.1,2,controller_to_actual_cmd,,0.077458,
30.532606181000002,29.1,2,control_period,29.1,50.00000000000071,
30.532684385000003,29.1,3,measurement_to_controller_cmd,,20.50806,True
30.532757727000003,29.1,3,controller_to_actual_cmd,,0.07334199999999999,
30.532842406,29.1,3,control_period,29.1,50.00000000000071,
30.533357747,29.1,1,controller_to_actual_cmd,,1.130637,
30.562574204,29.130000000000003,1,camera_to_measurement,29.11,10.002321,True
30.562661391000002,29.130000000000003,1,detector_inference,,7.686240196228027,
30.573739286000002,29.14,3,camera_to_measurement,29.11,9.11591,True
30.573825467000002,29.14,3,detector_inference,,7.625219821929932,
30.582259263,29.150000000000002,1,measurement_to_controller_cmd,,19.685059,True
30.582362205000003,29.150000000000002,3,measurement_to_controller_cmd,,8.622919,True
30.582864240000003,29.150000000000002,1,controller_to_actual_cmd,,0.604977,
30.582936642000004,29.150000000000002,1,control_period,29.15,49.99999999999716,
30.583012016,29.150000000000002,2,controller_to_actual_cmd,,0.028159,
30.583052455,29.150000000000002,2,control_period,29.15,49.99999999999716,
30.583087942000002,29.150000000000002,3,controller_to_actual_cmd,,0.725737,
30.583125589,29.150000000000002,3,control_period,29.15,49.99999999999716,
30.632900135000003,29.200000000000003,1,controller_to_actual_cmd,,0.052174,
30.632992544,29.200000000000003,1,control_period,29.2,50.00000000000071,
30.633095624000003,29.200000000000003,2,controller_to_actual_cmd,,0.044024,
30.633158228000003,29.200000000000003,2,control_period,29.2,50.00000000000071,
30.633272073,29.200000000000003,3,controller_to_actual_cmd,,0.049082,
30.633344596,29.200000000000003,3,control_period,29.2,50.00000000000071,
30.635867641,29.200000000000003,1,detector_inference,,18.0207462310791,
30.636783404000003,29.205000000000002,1,camera_to_measurement,29.175,21.223807,True
30.63690924,29.205000000000002,2,detector_inference,,7.782498836517334,
30.637624409,29.205000000000002,2,camera_to_measurement,29.175,9.95014,True
30.683927387,29.250000000000004,2,measurement_to_controller_cmd,,46.302977999999996,True
30.684292471000003,29.250000000000004,3,control_period,29.25,50.00000000000071,
30.685474378000002,29.250000000000004,1,measurement_to_controller_cmd,,48.690974,True
30.685733204,29.250000000000004,1,control_period,29.25,50.00000000000071,
30.688585380000003,29.250000000000004,2,control_period,29.25,50.00000000000071,
30.688687891,29.250000000000004,3,controller_to_actual_cmd,,4.596011,
30.689187244000003,29.255000000000003,1,controller_to_actual_cmd,,3.712866,
30.689255519000003,29.255000000000003,2,controller_to_actual_cmd,,5.328132,
30.707336620000003,29.275000000000002,3,camera_to_measurement,29.24,11.644012,True
30.70748465,29.275000000000002,3,detector_inference,,9.433210372924805,
30.708234392,29.275000000000002,1,camera_to_measurement,29.24,27.110428,True
30.708358921000002,29.275000000000002,1,detector_inference,,24.532514572143555,
30.708487547,29.275000000000002,2,camera_to_measurement,29.24,20.256736,True
30.708583094,29.275000000000002,2,detector_inference,,15.86210823059082,
30.732852547,29.3,1,measurement_to_controller_cmd,,24.618154999999998,True
30.732927558000004,29.3,1,controller_to_actual_cmd,,0.075011,
30.733025056000002,29.3,1,control_period,29.3,50.00000000000071,
30.733073724,29.3,2,measurement_to_controller_cmd,,24.586177,True
30.733124435,29.3,2,control_period,29.3,50.00000000000071,
30.733166958,29.3,3,measurement_to_controller_cmd,,25.830337999999998,True
30.733220250000002,29.3,3,controller_to_actual_cmd,,0.053292,
30.733272080000003,29.3,3,control_period,29.3,50.00000000000071,
30.733905877,29.3,2,controller_to_actual_cmd,,0.8321529999999999,
30.754396414000002,29.32,1,detector_inference,,7.679769039154053,
30.755177679000003,29.32,1,camera_to_measurement,29.305,9.424782,True
30.767493835000003,29.335,2,camera_to_measurement,29.305,10.039856,True
30.767601376000002,29.335,2,detector_inference,,7.070023059844971,
30.771768088,29.340000000000003,3,detector_inference,,6.980972766876221,
30.782156536000002,29.35,1,measurement_to_controller_cmd,,26.978856999999998,True
30.782267168,29.35,1,control_period,29.35,50.00000000000071,
30.782311874,29.35,2,measurement_to_controller_cmd,,14.818038999999999,True
30.782348583,29.35,2,controller_to_actual_cmd,,0.036709,
30.782388433,29.35,2,control_period,29.35,50.00000000000071,
30.782420794000004,29.35,3,measurement_to_controller_cmd,,10.708442999999999,True
30.782456261000004,29.35,3,control_period,29.35,50.00000000000071,
30.782781232,29.35,1,controller_to_actual_cmd,,0.6246959999999999,
30.782820706000003,29.35,3,controller_to_actual_cmd,,0.399912,
30.823819855000004,29.39,1,detector_inference,,6.565662860870361,
30.824418776,29.39,1,camera_to_measurement,29.375,7.784776,True
30.831773319000003,29.400000000000002,3,camera_to_measurement,29.375,9.863869,True
30.831958915,29.400000000000002,3,detector_inference,,6.855105876922607,
30.832978386,29.400000000000002,2,controller_to_actual_cmd,,0.081564,
30.833145489000003,29.400000000000002,2,control_period,29.4,49.99999999999716,
30.833917299000003,29.400000000000002,1,measurement_to_controller_cmd,,9.498522999999999,True
30.834063091,29.400000000000002,1,controller_to_actual_cmd,,0.145792,
30.834215335000003,29.400000000000002,1,control_period,29.4,49.99999999999716,
30.834320229000003,29.400000000000002,3,measurement_to_controller_cmd,,2.54691,True
30.834420383,29.400000000000002,3,controller_to_actual_cmd,,0.10015399999999999,
30.834537035,29.400000000000002,3,control_period,29.4,49.99999999999716,
30.883595377000002,29.450000000000003,1,controller_to_actual_cmd,,0.046648999999999996,
30.883686835000002,29.450000000000003,1,control_period,29.45,50.00000000000071,
30.883741298,29.450000000000003,2,controller_to_actual_cmd,,0.7391679999999999,
30.883787363000003,29.450000000000003,2,control_period,29.45,50.00000000000071,
30.883827858000004,29.450000000000003,3,controller_to_actual_cmd,,0.7662439999999999,
30.883870222000002,29.450000000000003,3,control_period,29.45,50.00000000000071,
30.902853578000002,29.470000000000002,3,detector_inference,,7.496277809143066,
30.903212424000003,29.470000000000002,3,camera_to_measurement,29.44,8.98521,True
30.932022725000003,29.500000000000004,1,control_period,29.5,50.00000000000071,
30.932096864000002,29.500000000000004,3,measurement_to_controller_cmd,,28.884439999999998,True
30.93255156,29.500000000000004,1,controller_to_actual_cmd,,0.6223139999999999,
30.932646865000002,29.500000000000004,2,controller_to_actual_cmd,,0.034075,
30.932706842,29.500000000000004,2,control_period,29.5,50.00000000000071,
30.932748725000003,29.500000000000004,3,controller_to_actual_cmd,,0.651861,
30.932792705,29.500000000000004,3,control_period,29.5,50.00000000000071,
30.957745817000003,29.525000000000002,1,camera_to_measurement,29.505,12.867346,True
30.957803547,29.525000000000002,1,detector_inference,,11.863578796386719,
30.958472678000003,29.525000000000002,2,detector_inference,,7.359617233276367,
30.968232917,29.535,3,detector_inference,,9.724096298217773,
30.968627949000002,29.535,3,camera_to_measurement,29.505,11.860475,True
30.981856277000002,29.55,2,measurement_to_controller_cmd,,23.087259,True
30.981939423000004,29.55,2,control_period,29.55,50.00000000000071,
30.981976967,29.55,3,measurement_to_controller_cmd,,13.349018,True
30.982018925000002,29.55,3,controller_to_actual_cmd,,0.041957999999999995,
30.982075349000002,29.55,3,control_period,29.55,50.00000000000071,
30.982510766,29.55,1,measurement_to_controller_cmd,,24.764948999999998,True
30.982558625000003,29.55,1,controller_to_actual_cmd,,0.047859,
30.982609285000002,29.55,1,control_period,29.55,50.00000000000071,
30.982642284,29.55,2,controller_to_actual_cmd,,0.786007,
31.028654882,29.595000000000002,3,camera_to_measurement,29.57,12.238489999999999,True
31.02872968,29.595000000000002,3,detector_inference,,10.628081321716309,
31.030166361000003,29.595000000000002,2,detector_inference,,14.710122108459473,
31.030574918000003,29.595000000000002,2,camera_to_measurement,29.57,16.936529999999998,True
31.032487316,29.6,1,controller_to_actual_cmd,,0.089973,
31.032645955000003,29.6,1,control_period,29.6,50.00000000000071,
31.032744969000003,29.6,2,measurement_to_controller_cmd,,2.170051,True
31.032851943,29.6,2,control_period,29.6,50.00000000000071,
31.032942617000003,29.6,3,measurement_to_controller_cmd,,4.287735,True
31.033028975,29.6,3,controller_to_actual_cmd,,0.08635799999999999,
31.033126436000003,29.6,3,control_period,29.6,50.00000000000071,
31.033570889000003,29.6,2,controller_to_actual_cmd,,0.82592,
31.083410855,29.650000000000002,1,control_period,29.65,49.99999999999716,
31.085409597,29.650000000000002,3,control_period,29.65,49.99999999999716,
31.086284193,29.655,1,controller_to_actual_cmd,,2.968924,
31.086425121,29.655,2,controller_to_actual_cmd,,0.054175999999999995,
31.086496823,29.655,2,control_period,29.65,49.99999999999716,
31.086563735000002,29.655,3,controller_to_actual_cmd,,1.2505579999999998,
31.099448520000003,29.665000000000003,3,camera_to_measurement,29.635,14.493428999999999,True
31.099576362,29.665000000000003,3,detector_inference,,12.392383575439453,
31.131931367000004,29.700000000000003,2,controller_to_actual_cmd,,0.039307999999999996,
31.132015290000002,29.700000000000003,2,control_period,29.7,50.00000000000071,
31.132460109000004,29.700000000000003,1,controller_to_actual_cmd,,0.03623,
31.132521649,29.700000000000003,1,control_period,29.7,50.00000000000071,
31.132560776000002,29.700000000000003,3,measurement_to_controller_cmd,,33.112255999999995,True
31.132603463000002,29.700000000000003,3,controller_to_actual_cmd,,0.042686999999999996,
31.132643599,29.700000000000003,3,control_period,29.7,50.00000000000071,
31.165588943000003,29.73,2,detector_inference,,12.007190704345703,
31.165730743,29.73,3,detector_inference,,8.50965404510498,
31.166625516000003,29.735000000000003,2,camera_to_measurement,29.705,16.503313,True
31.166755015000003,29.735000000000003,3,camera_to_measurement,29.705,12.631421,True
31.181598935,29.750000000000004,2,measurement_to_controller_cmd,,14.973419,True
31.181664653000002,29.750000000000004,2,controller_to_actual_cmd,,0.065718,
31.181721192,29.750000000000004,2,control_period,29.75,50.00000000000071,
31.181761410000004,29.750000000000004,3,measurement_to_controller_cmd,,15.006395,True
31.181802993,29.750000000000004,3,controller_to_actual_cmd,,0.041582999999999995,
31.181843426,29.750000000000004,3,control_period,29.75,50.00000000000071,
31.182367048000003,29.750000000000004,1,control_period,29.75,50.00000000000071,
31.182623759000002,29.750000000000004,1,controller_to_actual_cmd,,0.304579,
31.225238604,29.790000000000003,1,detector_inference,,12.937332153320312,
31.225306720000003,29.790000000000003,2,detector_inference,,7.473012924194336,
31.225766936000003,29.790000000000003,1,camera_to_measurement,29.77,14.794115,True
31.225836628000003,29.790000000000003,2,camera_to_measurement,29.77,8.480383999999999,True
31.232121725000002,29.8,3,controller_to_actual_cmd,,0.084524,
31.232302638,29.8,3,control_period,29.8,50.00000000000071,
31.232931659000002,29.8,1,measurement_to_controller_cmd,,7.1647229999999995,True
31.233069813,29.8,1,control_period,29.8,50.00000000000071,
31.233162572,29.8,2,measurement_to_controller_cmd,,7.325944,True
31.233259789,29.8,2,controller_to_actual_cmd,,0.097217,
31.233358599000002,29.8,2,control_period,29.8,50.00000000000071,
31.23392477,29.8,1,controller_to_actual_cmd,,0.993111,
31.234036421000003,29.8,3,camera_to_measurement,29.77,11.353106,True
31.234125368,29.8,3,detector_inference,,9.344706535339355,
31.284075874000003,29.85,2,control_period,29.85,50.00000000000071,
31.284269377,29.85,3,measurement_to_controller_cmd,,50.232955999999994,True
31.284441707000003,29.85,3,control_period,29.85,50.00000000000071,
31.28530883,29.85,1,controller_to_actual_cmd,,0.125119,
31.285491166000003,29.85,1,control_period,29.85,50.00000000000071,
31.285612620000002,29.85,2,controller_to_actual_cmd,,1.689883,
31.288997367,29.855,3,controller_to_actual_cmd,,4.72799,
31.290062412,29.855,1,detector_inference,,14.573084831237793,
31.290737580000002,29.855,1,camera_to_measurement,29.835,16.309072,True
31.297521911,29.865000000000002,3,detector_inference,,8.630829811096191,
31.297887050000003,29.865000000000002,3,camera_to_measurement,29.835,9.962537,True
31.331945339,29.900000000000002,1,measurement_to_controller_cmd,,41.207758999999996,True
31.332016770000003,29.900000000000002,1,control_period,29.9,49.99999999999716,
31.332066918000002,29.900000000000002,3,measurement_to_controller_cmd,,34.179868,True
31.332107489000002,29.900000000000002,3,controller_to_actual_cmd,,0.040570999999999996,
31.332169626000002,29.900000000000002,3,control_period,29.9,49.99999999999716,
31.332521014,29.900000000000002,1,controller_to_actual_cmd,,0.5756749999999999,
31.332866955000004,29.900000000000002,2,controller_to_actual_cmd,,0.041360999999999995,
31.3329333,29.900000000000002,2,control_period,29.9,49.99999999999716,
31.349955813,29.915000000000003,1,camera_to_measurement,29.9,9.039242999999999,True
31.350018924,29.915000000000003,1,detector_inference,,7.218589782714844,
31.359496580000002,29.925,3,detector_inference,,8.632046699523926,
31.359967796000003,29.925,2,camera_to_measurement,29.9,14.697797999999999,True
31.36005175,29.925,2,detector_inference,,12.058150291442871,
31.360148848,29.925,3,camera_to_measurement,29.9,10.860391,True
31.381618167000003,29.950000000000003,2,measurement_to_controller_cmd,,21.650371,True
31.381714905000003,29.950000000000003,2,control_period,29.95,50.00000000000071,
31.381753064,29.950000000000003,3,measurement_to_controller_cmd,,21.604215999999997,True
31.381782013000002,29.950000000000003,3,controller_to_actual_cmd,,0.028949,
31.381814340000002,29.950000000000003,3,control_period,29.95,50.00000000000071,
31.382086403000002,29.950000000000003,2,controller_to_actual_cmd,,0.468236,
31.382639599,29.950000000000003,1,measurement_to_controller_cmd,,32.683786,True
31.382735931000003,29.950000000000003,1,control_period,29.95,50.00000000000071,
31.383041740000003,29.950000000000003,1,controller_to_actual_cmd,,0.40214099999999997,
31.422039648000002,29.990000000000002,3,detector_inference,,6.9218292236328125,
31.422380965000002,29.990000000000002,3,camera_to_measurement,29.965,8.170696999999999,True
31.431665822000003,30.000000000000004,2,control_period,30.0,50.00000000000071,
31.431704101,30.000000000000004,3,measurement_to_controller_cmd,,9.323136,True
31.431739348,30.000000000000004,3,controller_to_actual_cmd,,0.035247,
31.431779176000003,30.000000000000004,3,control_period,30.0,50.00000000000071,
31.432132988000003,30.000000000000004,2,controller_to_actual_cmd,,0.519632,
31.432428524000002,30.000000000000004,1,controller_to_actual_cmd,,0.329625,
31.432481001000003,30.000000000000004,1,control_period,30.0,50.00000000000071,
31.48358723,30.05,1,control_period,30.05,50.00000000000071,
31.483716809,30.05,2,control_period,30.05,50.00000000000071,
31.483866107,30.05,3,control_period,30.05,50.00000000000071,
31.484604146000002,30.05,1,controller_to_actual_cmd,,1.104797,
31.484670219,30.05,2,controller_to_actual_cmd,,1.006469,
31.487659062000002,30.055000000000003,3,controller_to_actual_cmd,,3.873935,
31.494552654000003,30.060000000000002,1,detector_inference,,19.433412551879883,
31.494977636,30.060000000000002,1,camera_to_measurement,30.035,20.935084999999997,True
31.495382506000002,30.060000000000002,3,camera_to_measurement,30.035,8.442121,True
31.495434733000003,30.060000000000002,3,detector_inference,,7.104087829589844,
31.532160353000002,30.1,1,measurement_to_controller_cmd,,37.182717,True
31.532305899,30.1,3,measurement_to_controller_cmd,,36.923393,True
31.532409344,30.1,3,controller_to_actual_cmd,,0.103445,
31.532550802000003,30.1,3,control_period,30.1,50.00000000000071,
31.532997788000003,30.1,1,controller_to_actual_cmd,,0.8374349999999999,
31.533074642000003,30.1,1,control_period,30.1,50.00000000000071,
31.533157484000004,30.1,2,controller_to_actual_cmd,,0.041735999999999995,
31.533227365000002,30.1,2,control_period,30.1,50.00000000000071,
31.553482735000003,30.12,2,detector_inference,,6.24573278427124,
31.554095845000003,30.12,2,camera_to_measurement,30.1,8.148118,True
31.581929066,30.150000000000002,1,control_period,30.15,49.99999999999716,
31.581992405,30.150000000000002,2,measurement_to_controller_cmd,,27.896559999999997,True
31.582035920000003,30.150000000000002,2,control_period,30.15,49.99999999999716,
31.582096036000003,30.150000000000002,3,control_period,30.15,49.99999999999716,
31.582374299,30.150000000000002,1,controller_to_actual_cmd,,0.559184,
31.582411865,30.150000000000002,2,controller_to_actual_cmd,,0.41946,
31.58245205,30.150000000000002,3,controller_to_actual_cmd,,0.384665,
31.616368848,30.185000000000002,1,camera_to_measurement,30.165,12.134278,True
31.616477014,30.185000000000002,1,detector_inference,,10.902777671813965,
31.621935742,30.19,2,detector_inference,,12.52497386932373,
31.622545409,30.19,2,camera_to_measurement,30.165,14.273646,True
31.632228909000002,30.200000000000003,1,measurement_to_controller_cmd,,15.860061,True
31.632305286,30.200000000000003,1,control_period,30.2,50.00000000000071,
31.6323453,30.200000000000003,2,measurement_to_controller_cmd,,9.799890999999999,True
31.632395975,30.200000000000003,2,control_period,30.2,50.00000000000071,
31.632481941,30.200000000000003,3,control_period,30.2,50.00000000000071,
31.632777053,30.200000000000003,1,controller_to_actual_cmd,,0.548144,
31.632816975,30.200000000000003,2,controller_to_actual_cmd,,0.47167499999999996,
31.632851048000003,30.200000000000003,3,controller_to_actual_cmd,,0.407634,
31.682469769,30.250000000000004,1,controller_to_actual_cmd,,0.103087,
31.682629649000003,30.250000000000004,1,control_period,30.25,50.00000000000071,
31.682859242000003,30.250000000000004,3,control_period,30.25,50.00000000000071,
31.683753592000002,30.250000000000004,2,control_period,30.25,50.00000000000071,
31.683873723,30.250000000000004,3,controller_to_actual_cmd,,1.131543,
31.684588338,30.250000000000004,2,controller_to_actual_cmd,,0.9823069999999999,
31.687416299000002,30.255000000000003,2,detector_inference,,10.381209373474121,
31.733189073000002,30.3,2,measurement_to_controller_cmd,,45.87256,True
31.733554087,30.3,1,controller_to_actual_cmd,,0.422884,
31.733655333,30.3,1,control_period,30.3,50.00000000000071,
31.733715898000003,30.3,2,controller_to_actual_cmd,,0.526825,
31.733778108000003,30.3,2,control_period,30.3,50.00000000000071,
31.733872464,30.3,3,controller_to_actual_cmd,,0.041004,
31.733917401000003,30.3,3,control_period,30.3,50.00000000000071,
31.747587248000002,30.315,2,detector_inference,,7.04487419128418,
31.754552720000003,30.32,3,detector_inference,,6.847471237182617,
31.755130211,30.32,3,camera_to_measurement,30.295,9.121651,True
31.781967976,30.35,1,controller_to_actual_cmd,,0.031681,
31.782045733,30.35,1,control_period,30.35,50.00000000000071,
31.782085953000003,30.35,2,measurement_to_controller_cmd,,33.921611,True
31.782134375000002,30.35,2,control_period,30.35,50.00000000000071,
31.782164301,30.35,3,measurement_to_controller_cmd,,27.03409,True
31.782192023,30.35,3,controller_to_actual_cmd,,0.027722,
31.782234261000003,30.35,3,control_period,30.35,50.00000000000071,
31.782552522000003,30.35,2,controller_to_actual_cmd,,0.46656899999999996,
31.813962855000003,30.380000000000003,1,detector_inference,,9.377720832824707,
31.82323587,30.39,2,detector_inference,,12.85507869720459,
31.823351935,30.39,3,detector_inference,,9.030899047851562,
31.823988156000002,30.39,2,camera_to_measurement,30.365,16.198874,True
31.824118398000003,30.39,3,camera_to_measurement,30.365,11.907905,True
31.831676691000002,30.400000000000002,1,measurement_to_controller_cmd,,17.310938999999998,True
31.83174701,30.400000000000002,3,measurement_to_controller_cmd,,7.6286119999999995,True
31.832340809,30.400000000000002,1,controller_to_actual_cmd,,0.664118,
31.832453095,30.400000000000002,1,control_period,30.4,49.99999999999716,
31.832498749000003,30.400000000000002,2,measurement_to_controller_cmd,,8.510593,True
31.832543893,30.400000000000002,2,control_period,30.4,49.99999999999716,
31.832594632000003,30.400000000000002,3,control_period,30.4,49.99999999999716,
31.832918939000002,30.400000000000002,2,controller_to_actual_cmd,,0.42019,
31.832961304,30.400000000000002,3,controller_to_actual_cmd,,1.214294,
31.882661785000003,30.450000000000003,1,control_period,30.45,50.00000000000071,
31.882916813,30.450000000000003,2,control_period,30.45,50.00000000000071,
31.883742642,30.450000000000003,2,controller_to_actual_cmd,,0.942835,
31.883969858,30.450000000000003,3,control_period,30.45,50.00000000000071,
31.884661217,30.450000000000003,3,controller_to_actual_cmd,,0.79919,
31.885292271,30.450000000000003,1,controller_to_actual_cmd,,2.780858,
31.88929067,30.455000000000002,3,camera_to_measurement,30.43,13.937935999999999,True
31.889456184000004,30.455000000000002,3,detector_inference,,12.20387077331543,
31.890286357,30.455000000000002,1,detector_inference,,17.0698184967041,
31.890408446000002,30.455000000000002,2,camera_to_measurement,30.43,17.762286,True
31.890495251,30.455000000000002,2,detector_inference,,14.341852188110352,
31.933971553000003,30.500000000000004,1,measurement_to_controller_cmd,,43.793794999999996,True
31.934121534000003,30.500000000000004,1,control_period,30.5,50.00000000000071,
31.934234036000003,30.500000000000004,2,measurement_to_controller_cmd,,43.82559,True
31.934331836000002,30.500000000000004,2,controller_to_actual_cmd,,0.0978,
31.934452501000003,30.500000000000004,2,control_period,30.5,50.00000000000071,
31.934572435000003,30.500000000000004,3,measurement_to_controller_cmd,,45.281765,True
31.934692653000003,30.500000000000004,3,controller_to_actual_cmd,,0.12021799999999999,
31.934836716000003,30.500000000000004,3,control_period,30.5,50.00000000000071,
31.937491112000004,30.500000000000004,1,controller_to_actual_cmd,,3.5195589999999997,
31.95006507,30.515,1,detector_inference,,13.425861358642578,
31.950426592000003,30.515,1,camera_to_measurement,30.495,13.226574999999999,True
31.952010657000002,30.520000000000003,2,detector_inference,,9.507420539855957,
31.959846976,30.525000000000002,3,detector_inference,,13.719683647155762,
31.960531635000002,30.525000000000002,3,camera_to_measurement,30.495,16.282163,True
31.981928542000002,30.55,1,measurement_to_controller_cmd,,31.501949999999997,True
31.982396715000004,30.55,1,controller_to_actual_cmd,,0.468173,
31.982460308,30.55,1,control_period,30.55,50.00000000000071,
31.982494889,30.55,2,measurement_to_controller_cmd,,30.550689,True
31.982524262000002,30.55,2,controller_to_actual_cmd,,0.029373,
31.982557857000003,30.55,2,control_period,30.55,50.00000000000071,
31.982585124000003,30.55,3,measurement_to_controller_cmd,,22.053489,True
31.982610264,30.55,3,controller_to_actual_cmd,,0.02514,
31.982648449000003,30.55,3,control_period,30.55,50.00000000000071,
32.007112199000005,30.575000000000003,1,camera_to_measurement,30.56,8.658011,True
32.007167403000004,30.575000000000003,1,detector_inference,,7.376760005950928,
32.017840779000004,30.585,2,detector_inference,,13.816743850708008,
32.018245843,30.585,2,camera_to_measurement,30.56,16.850309,True
32.018317357,30.585,3,camera_to_measurement,30.56,12.312949,True
32.01835511,30.585,3,detector_inference,,9.18939208984375,
32.031794618,30.6,1,measurement_to_controller_cmd,,24.682419,True
32.031868171,30.6,1,control_period,30.6,50.00000000000071,
32.031904967,30.6,2,measurement_to_controller_cmd,,13.659124,True
32.031941962000005,30.6,2,control_period,30.6,50.00000000000071,
32.031972516,30.6,3,measurement_to_controller_cmd,,13.655159,True
32.032008021,30.6,3,control_period,30.6,50.00000000000071,
32.032281987000005,30.6,1,controller_to_actual_cmd,,0.487369,
32.032322895,30.6,2,controller_to_actual_cmd,,0.41792799999999997,
32.032354899000005,30.6,3,controller_to_actual_cmd,,0.382383,
32.079504799,30.645000000000003,1,camera_to_measurement,30.625,13.886512,True
32.07964797,30.645000000000003,1,detector_inference,,10.330314636230469,
32.079788781000005,30.645000000000003,2,camera_to_measurement,30.625,9.739037,True
32.079899672,30.645000000000003,2,detector_inference,,7.039649963378906,
32.082644678,30.650000000000002,1,measurement_to_controller_cmd,,3.1398789999999996,True
32.08278557,30.650000000000002,1,controller_to_actual_cmd,,0.140892,
32.082949127,30.650000000000002,1,control_period,30.65,49.99999999999716,
32.083674394,30.650000000000002,2,measurement_to_controller_cmd,,3.8856129999999998,True
32.083739749,30.650000000000002,2,controller_to_actual_cmd,,0.065355,
32.083813935,30.650000000000002,2,control_period,30.65,49.99999999999716,
32.083863254,30.650000000000002,3,controller_to_actual_cmd,,0.787226,
32.083913097,30.650000000000002,3,control_period,30.65,49.99999999999716,
32.093008737000005,30.66,3,camera_to_measurement,30.625,14.527139,True
32.093085973,30.66,3,detector_inference,,12.269105911254883,
32.133120043000005,30.700000000000003,1,control_period,30.7,50.00000000000071,
32.133248659,30.700000000000003,2,controller_to_actual_cmd,,0.054737,
32.133326524000005,30.700000000000003,2,control_period,30.7,50.00000000000071,
32.133504567,30.700000000000003,3,measurement_to_controller_cmd,,40.49583,True
32.13368612,30.700000000000003,3,control_period,30.7,50.00000000000071,
32.136764181000004,30.700000000000003,3,controller_to_actual_cmd,,3.259614,
32.137523541,30.705000000000002,1,controller_to_actual_cmd,,4.490753,
32.156610421,30.725,2,camera_to_measurement,30.695,15.29308,True
32.156724693,30.725,2,detector_inference,,11.42823314666748,
32.157231167,30.725,1,detector_inference,,19.544906616210938,
32.157578044000005,30.725,1,camera_to_measurement,30.695,21.195774,True
32.159218603,30.725,3,detector_inference,,11.064674377441406,
32.15992836,30.725,3,camera_to_measurement,30.695,15.051069,True
32.182126844,30.750000000000004,3,measurement_to_controller_cmd,,22.198484,True
32.18225561,30.750000000000004,3,control_period,30.75,50.00000000000071,
32.182851425,30.750000000000004,2,measurement_to_controller_cmd,,26.241004,True
32.183280878000005,30.750000000000004,1,measurement_to_controller_cmd,,25.702834,True
32.183359030000005,30.750000000000004,1,control_period,30.75,50.00000000000071,
32.183399011,30.750000000000004,2,controller_to_actual_cmd,,0.547586,
32.183438471,30.750000000000004,2,control_period,30.75,50.00000000000071,
32.183472278,30.750000000000004,3,controller_to_actual_cmd,,1.345434,
32.183758114,30.750000000000004,1,controller_to_actual_cmd,,0.477236,
32.217947488,30.785,2,detector_inference,,9.695430755615234,
32.218581571,30.785,2,camera_to_measurement,30.76,12.886141,True
32.220322359,30.785,1,detector_inference,,15.267314910888672,
32.220860677000005,30.785,1,camera_to_measurement,30.76,18.262449,True
32.232093458,30.8,1,measurement_to_controller_cmd,,11.232781,True
32.232270172,30.8,1,control_period,30.8,50.00000000000071,
32.232789164,30.8,2,measurement_to_controller_cmd,,14.207593,True
32.232894987,30.8,2,control_period,30.8,50.00000000000071,
32.23410073,30.8,3,control_period,30.8,50.00000000000071,
32.234454725,30.8,1,controller_to_actual_cmd,,2.361267,
32.23450666,30.8,2,controller_to_actual_cmd,,1.717496,
32.234548362000005,30.8,3,controller_to_actual_cmd,,1.587465,
32.278290701,30.845000000000002,1,detector_inference,,6.992045879364014,
32.279087968,30.845000000000002,1,camera_to_measurement,30.825,8.83854,True
32.283994123,30.85,1,measurement_to_controller_cmd,,4.906155,True
32.284067969,30.85,1,controller_to_actual_cmd,,0.073846,
32.284159674,30.85,1,control_period,30.85,50.00000000000071,
32.284284728,30.85,2,controller_to_actual_cmd,,0.055755,
32.284362179,30.85,2,control_period,30.85,50.00000000000071,
32.284494538000004,30.85,3,control_period,30.85,50.00000000000071,
32.285247899000005,30.85,3,controller_to_actual_cmd,,0.8160419999999999,
32.292719423,30.860000000000003,3,detector_inference,,8.05013370513916,
32.29344667,30.860000000000003,3,camera_to_measurement,30.825,10.682895,True
32.332824356,30.900000000000002,1,control_period,30.9,49.99999999999716,
32.33291285,30.900000000000002,3,measurement_to_controller_cmd,,39.46618,True
32.333933686,30.900000000000002,1,controller_to_actual_cmd,,1.215748,
32.334129322,30.900000000000002,2,control_period,30.9,49.99999999999716,
32.334199068000004,30.900000000000002,3,controller_to_actual_cmd,,1.2862179999999999,
32.334368586000004,30.900000000000002,3,control_period,30.9,49.99999999999716,
32.337451129,30.905,2,controller_to_actual_cmd,,3.419915,
32.345311975,30.910000000000004,1,detector_inference,,11.840888023376465,
32.34592765,30.910000000000004,1,camera_to_measurement,30.89,15.035298,True
32.353116157,30.92,2,detector_inference,,15.557814598083496,
32.353493647,30.92,2,camera_to_measurement,30.89,17.203201,True
32.355605686000004,30.92,3,detector_inference,,11.702323913574219,
32.356217938,30.925,3,camera_to_measurement,30.89,13.878784999999999,True
32.381899517,30.950000000000003,1,measurement_to_controller_cmd,,35.971866999999996,True
32.382031658,30.950000000000003,2,measurement_to_controller_cmd,,28.538010999999997,True
32.382170971,30.950000000000003,2,control_period,30.95,50.00000000000071,
32.382318307,30.950000000000003,3,measurement_to_controller_cmd,,26.100368999999997,True
32.382422188,30.950000000000003,3,controller_to_actual_cmd,,0.103881,
32.382551108,30.950000000000003,3,control_period,30.95,50.00000000000071,
32.383225772,30.950000000000003,1,controller_to_actual_cmd,,1.326255,
32.383356668000005,30.950000000000003,1,control_period,30.95,50.00000000000071,
32.383465159,30.950000000000003,2,controller_to_actual_cmd,,1.433501,
32.404683561,30.970000000000002,1,detector_inference,,6.896100997924805,
32.405478392,30.970000000000002,1,camera_to_measurement,30.955,8.702109,True
32.417386480000005,30.985000000000003,2,detector_inference,,13.473908424377441,
32.417713708,30.985000000000003,3,detector_inference,,7.408074855804443,
32.418023272,30.985000000000003,3,camera_to_measurement,30.955,8.550551,True
32.43169901,31.000000000000004,2,measurement_to_controller_cmd,,14.371008999999999,True
32.431776409,31.000000000000004,3,measurement_to_controller_cmd,,13.753136999999999,True
32.432148025000004,31.000000000000004,1,measurement_to_controller_cmd,,26.669632999999997,True
32.432188573000005,31.000000000000004,1,controller_to_actual_cmd,,0.040548,
32.432256094,31.000000000000004,1,control_period,31.0,50.00000000000071,
32.432296788,31.000000000000004,2,controller_to_actual_cmd,,0.5977779999999999,
32.432332147000004,31.000000000000004,2,control_period,31.0,50.00000000000071,
32.43236606,31.000000000000004,3,controller_to_actual_cmd,,0.5896509999999999,
32.432403774,31.000000000000004,3,control_period,31.0,50.00000000000071,
32.476498639,31.045,2,camera_to_measurement,31.025,8.518502,True
32.476625317,31.045,2,detector_inference,,5.732149124145508,
32.482596185000006,31.05,1,control_period,31.05,50.00000000000071,
32.482720622,31.05,2,measurement_to_controller_cmd,,6.221983,True
32.482828350000005,31.05,2,controller_to_actual_cmd,,0.10772799999999999,
32.482957754000005,31.05,2,control_period,31.05,50.00000000000071,
32.483596486,31.05,1,controller_to_actual_cmd,,1.138225,
32.483761664,31.05,3,controller_to_actual_cmd,,0.063447,
32.483862704,31.05,3,control_period,31.05,50.00000000000071,
32.53306017,31.1,1,controller_to_actual_cmd,,0.033391,
32.533142349,31.1,1,control_period,31.1,50.00000000000071,
32.533226311,31.1,3,control_period,31.1,50.00000000000071,
32.533689289,31.1,3,controller_to_actual_cmd,,0.509759,
32.535869913,31.1,2,control_period,31.1,50.00000000000071,
32.536361246000006,31.1,2,controller_to_actual_cmd,,0.581392,
32.549491099,31.115000000000002,1,detector_inference,,15.958328247070312,
32.550146192,31.115000000000002,1,camera_to_measurement,31.09,18.769113,True
32.550267468,31.115000000000002,2,detector_inference,,13.091739654541016,
32.551008715,31.12,2,camera_to_measurement,31.09,15.499029,True
32.551166222,31.12,3,camera_to_measurement,31.09,11.081925,True
32.55126826,31.12,3,detector_inference,,8.129281044006348,
32.582785269,31.150000000000002,1,measurement_to_controller_cmd,,32.639077,True
32.582831137,31.150000000000002,1,controller_to_actual_cmd,,0.045868,
32.582882103,31.150000000000002,1,control_period,31.15,49.99999999999716,
32.58291482,31.150000000000002,2,measurement_to_controller_cmd,,31.906105,True
32.58294285,31.150000000000002,2,controller_to_actual_cmd,,0.02803,
32.582976312,31.150000000000002,2,control_period,31.15,49.99999999999716,
32.583006246000004,31.150000000000002,3,measurement_to_controller_cmd,,31.840024,True
32.583034389000005,31.150000000000002,3,controller_to_actual_cmd,,0.028142999999999998,
32.583066184,31.150000000000002,3,control_period,31.15,49.99999999999716,
32.604584738,31.17,1,detector_inference,,10.081710815429688,
32.605436827000005,31.17,1,camera_to_measurement,31.155,12.117405,True
32.606261721,31.175,2,camera_to_measurement,31.155,10.565956,True
32.606380650000006,31.175,2,detector_inference,,7.685617923736572,
32.631765716000004,31.200000000000003,1,measurement_to_controller_cmd,,26.328889,True
32.631816136000005,31.200000000000003,2,measurement_to_controller_cmd,,25.554415,True
32.632077627,31.200000000000003,1,controller_to_actual_cmd,,0.311911,
32.632135179,31.200000000000003,1,control_period,31.2,50.00000000000071,
32.632170210000005,31.200000000000003,2,controller_to_actual_cmd,,0.354074,
32.632212890000005,31.200000000000003,2,control_period,31.2,50.00000000000071,
32.632245722,31.200000000000003,3,controller_to_actual_cmd,,0.39700599999999997,
32.632279281,31.200000000000003,3,control_period,31.2,50.00000000000071,
32.673634515,31.240000000000002,2,detector_inference,,6.9288649559021,
32.673967495,31.240000000000002,1,camera_to_measurement,31.22,12.452395,True
32.674015679,31.240000000000002,1,detector_inference,,11.608342170715332,
32.674059055,31.240000000000002,2,camera_to_measurement,31.22,8.899751,True
32.678663798,31.245,3,detector_inference,,5.296261787414551,
32.679224578,31.245,3,camera_to_measurement,31.22,6.854158,True
32.681974102000005,31.250000000000004,1,measurement_to_controller_cmd,,8.006606999999999,True
32.682059251000005,31.250000000000004,3,measurement_to_controller_cmd,,2.834673,True
32.682476467,31.250000000000004,1,controller_to_actual_cmd,,0.502365,
32.682545759,31.250000000000004,1,control_period,31.25,50.00000000000071,
32.682585708000005,31.250000000000004,2,measurement_to_controller_cmd,,8.526653,True
32.682630234,31.250000000000004,2,control_period,31.25,50.00000000000071,
32.682667239000004,31.250000000000004,3,controller_to_actual_cmd,,0.607988,
32.682715167000005,31.250000000000004,3,control_period,31.25,50.00000000000071,
32.683022105,31.250000000000004,2,controller_to_actual_cmd,,0.436397,
32.732120631,31.3,2,control_period,31.3,50.00000000000071,
32.732566831,31.3,1,control_period,31.3,50.00000000000071,
32.732619101000004,31.3,2,controller_to_actual_cmd,,0.97342,
32.734023655,31.3,3,control_period,31.3,50.00000000000071,
32.734380438,31.3,1,camera_to_measurement,31.285,8.352181999999999,True
32.734424024,31.3,1,detector_inference,,6.635883808135986,
32.734462749,31.3,1,controller_to_actual_cmd,,2.4292499999999997,
32.734499803,31.3,3,controller_to_actual_cmd,,2.317619,
32.740717661000005,31.305000000000003,3,camera_to_measurement,31.285,6.905777,True
32.740819524,31.305000000000003,3,detector_inference,,5.630134105682373,
32.782302056,31.35,1,measurement_to_controller_cmd,,47.921617999999995,True
32.782391857,31.35,1,controller_to_actual_cmd,,0.08980099999999999,
32.782477312000005,31.35,1,control_period,31.35,50.00000000000071,
32.782533769000004,31.35,3,measurement_to_controller_cmd,,41.816108,True
32.782590116,31.35,3,control_period,31.35,50.00000000000071,
32.783035781,31.35,2,controller_to_actual_cmd,,0.029502999999999998,
32.783089398,31.35,2,control_period,31.35,50.00000000000071,
32.783125918,31.35,3,controller_to_actual_cmd,,0.5921489999999999,
32.812520208,31.380000000000003,1,camera_to_measurement,31.355,17.868477,True
32.812616847,31.380000000000003,1,detector_inference,,15.777922630310059,
32.812711073,31.380000000000003,2,camera_to_measurement,31.355,15.304345,True
32.812770755,31.380000000000003,2,detector_inference,,12.495678901672363,
32.815627855,31.380000000000003,3,detector_inference,,12.607587814331055,
32.816325442,31.380000000000003,3,camera_to_measurement,31.355,16.019911,True
32.831439644,31.400000000000002,2,measurement_to_controller_cmd,,18.728571,True
32.831480527000004,31.400000000000002,3,measurement_to_controller_cmd,,15.155085,True
32.83199294,31.400000000000002,1,measurement_to_controller_cmd,,19.472732,True
32.832041534000005,31.400000000000002,2,controller_to_actual_cmd,,0.6018899999999999,
32.832095673000005,31.400000000000002,2,control_period,31.4,49.99999999999716,
32.832130828000004,31.400000000000002,3,control_period,31.4,49.99999999999716,
32.832378489,31.400000000000002,1,controller_to_actual_cmd,,0.385549,
32.832417305,31.400000000000002,1,control_period,31.4,49.99999999999716,
32.832448201000005,31.400000000000002,3,controller_to_actual_cmd,,0.9676739999999999,
32.875148137000004,31.44,2,camera_to_measurement,31.42,10.456571,True
32.875232000000004,31.44,2,detector_inference,,7.554358959197998,
32.876122535,31.445,3,camera_to_measurement,31.42,7.6012059999999995,True
32.876188715000005,31.445,3,detector_inference,,5.900509834289551,
32.882545399,31.450000000000003,1,controller_to_actual_cmd,,0.112483,
32.882636748,31.450000000000003,1,control_period,31.45,50.00000000000071,
32.882689502000005,31.450000000000003,3,measurement_to_controller_cmd,,6.566967,True
32.883132446000005,31.450000000000003,2,measurement_to_controller_cmd,,7.984309,True
32.88322156,31.450000000000003,2,control_period,31.45,50.00000000000071,
32.883274999,31.450000000000003,3,controller_to_actual_cmd,,0.5854969999999999,
32.883328026,31.450000000000003,3,control_period,31.45,50.00000000000071,
32.88368911,31.450000000000003,2,controller_to_actual_cmd,,0.5566639999999999,
32.932148809000005,31.500000000000004,1,control_period,31.5,50.00000000000071,
32.932543932,31.500000000000004,2,control_period,31.5,50.00000000000071,
32.932694673,31.500000000000004,3,control_period,31.5,50.00000000000071,
32.933353403000005,31.500000000000004,1,controller_to_actual_cmd,,1.2845,
32.933413819,31.500000000000004,2,controller_to_actual_cmd,,0.976935,
32.9334706,31.500000000000004,3,controller_to_actual_cmd,,0.836305,
32.936429451,31.505000000000003,1,detector_inference,,8.43734073638916,
32.936983861,31.505000000000003,1,camera_to_measurement,31.485,10.743793,True
32.946924215,31.515,2,camera_to_measurement,31.485,15.859717999999999,True
32.946996524,31.515,2,detector_inference,,13.70240592956543,
32.981813423000006,31.55,1,measurement_to_controller_cmd,,44.829561999999996,True
32.981908023,31.55,1,control_period,31.55,50.00000000000071,
32.981986407,31.55,3,control_period,31.55,50.00000000000071,
32.982285185,31.55,1,controller_to_actual_cmd,,0.47176199999999996,
32.982342414,31.55,2,measurement_to_controller_cmd,,35.418199,True
32.982379782,31.55,2,controller_to_actual_cmd,,0.037368,
32.982428905,31.55,2,control_period,31.55,50.00000000000071,
32.982467297,31.55,3,controller_to_actual_cmd,,0.518968,
33.00750961,31.575000000000003,1,camera_to_measurement,31.55,16.950336,True
33.007637545,31.575000000000003,1,detector_inference,,15.767744064331055,
33.007835838000005,31.575000000000003,2,detector_inference,,11.009218215942383,
33.009054879000004,31.575000000000003,3,detector_inference,,11.30577278137207,
33.009706972000004,31.575000000000003,3,camera_to_measurement,31.55,13.858747999999999,True
33.031693793,31.6,1,measurement_to_controller_cmd,,24.184182999999997,True
33.031768573,31.6,1,control_period,31.6,50.00000000000071,
33.031804742000006,31.6,3,measurement_to_controller_cmd,,22.09777,True
33.031834522000004,31.6,3,controller_to_actual_cmd,,0.029779999999999997,
33.031868108000005,31.6,3,control_period,31.6,50.00000000000071,
33.032094466000004,31.6,2,measurement_to_controller_cmd,,24.336145,True
33.032127192000004,31.6,2,controller_to_actual_cmd,,0.032726,
33.032162602,31.6,2,control_period,31.6,50.00000000000071,
33.032400626000005,31.6,1,controller_to_actual_cmd,,0.7068329999999999,
33.072252732,31.64,1,camera_to_measurement,31.615,16.746102999999998,True
33.072400906,31.64,1,detector_inference,,14.788735389709473,
33.073141138000004,31.64,2,camera_to_measurement,31.615,13.325849999999999,True
33.073275645,31.64,2,detector_inference,,10.003155708312988,
33.083097146,31.650000000000002,1,measurement_to_controller_cmd,,10.844413999999999,True
33.083310651000005,31.650000000000002,1,control_period,31.65,49.99999999999716,
33.083448950000005,31.650000000000002,2,measurement_to_controller_cmd,,10.307812,True
33.08413051,31.650000000000002,1,controller_to_actual_cmd,,1.033364,
33.084230241,31.650000000000002,2,controller_to_actual_cmd,,0.781291,
33.084313581,31.650000000000002,2,control_period,31.65,49.99999999999716,
33.084368673,31.650000000000002,3,camera_to_measurement,31.615,20.493492,True
33.084421209000006,31.650000000000002,3,detector_inference,,15.705021858215332,
33.084461828,31.650000000000002,3,measurement_to_controller_cmd,,0.093155,True
33.084501711,31.650000000000002,3,controller_to_actual_cmd,,0.039882999999999995,
33.084546316,31.650000000000002,3,control_period,31.65,49.99999999999716,
33.132040599,31.700000000000003,3,control_period,31.7,50.00000000000071,
33.132515105,31.700000000000003,2,control_period,31.7,50.00000000000071,
33.134472710000004,31.700000000000003,1,controller_to_actual_cmd,,0.036267,
33.134542129,31.700000000000003,1,control_period,31.7,50.00000000000071,
33.134577737,31.700000000000003,2,controller_to_actual_cmd,,2.113139,
33.13461163,31.700000000000003,3,controller_to_actual_cmd,,2.654677,
33.144155535,31.71,3,camera_to_measurement,31.685,10.207353999999999,True
33.144241872,31.71,3,detector_inference,,7.697961807250977,
33.144574148000004,31.71,2,camera_to_measurement,31.685,14.622720999999999,True
33.144615109,31.71,2,detector_inference,,13.066134452819824,
33.18135454,31.750000000000004,3,measurement_to_controller_cmd,,37.199005,True
33.181945703000004,31.750000000000004,1,control_period,31.75,50.00000000000071,
33.182023514,31.750000000000004,3,control_period,31.75,50.00000000000071,
33.182650397,31.750000000000004,1,controller_to_actual_cmd,,0.7763169999999999,
33.182730542,31.750000000000004,2,measurement_to_controller_cmd,,38.156394,True
33.182826095,31.750000000000004,2,controller_to_actual_cmd,,0.095553,
33.182915803,31.750000000000004,2,control_period,31.75,50.00000000000071,
33.182987557000004,31.750000000000004,3,controller_to_actual_cmd,,1.633017,
33.19958093,31.765,1,detector_inference,,8.257885932922363,
33.199985486,31.765,1,camera_to_measurement,31.75,9.555745,True
33.209701041,31.775000000000002,2,camera_to_measurement,31.75,15.551848999999999,True
33.209781878,31.775000000000002,2,detector_inference,,14.015091896057129,
33.209822844,31.775000000000002,3,detector_inference,,8.922122955322266,
33.210183714,31.775000000000002,3,camera_to_measurement,31.75,11.739431,True
33.232048943,31.8,1,measurement_to_controller_cmd,,32.063457,True
33.232123286000004,31.8,1,controller_to_actual_cmd,,0.07434299999999999,
33.23223051,31.8,1,control_period,31.8,50.00000000000071,
33.232305291,31.8,2,measurement_to_controller_cmd,,22.60425,True
33.232370871,31.8,2,controller_to_actual_cmd,,0.06558,
33.23244596,31.8,2,control_period,31.8,50.00000000000071,
33.232506952,31.8,3,measurement_to_controller_cmd,,22.323238,True
33.232565716,31.8,3,controller_to_actual_cmd,,0.058764,
33.232637159,31.8,3,control_period,31.8,50.00000000000071,
33.270039654,31.835,2,detector_inference,,5.969685077667236,
33.27069669,31.835,2,camera_to_measurement,31.815,9.310308,True
33.282469348,31.85,1,controller_to_actual_cmd,,0.065203,
33.282620985,31.85,1,control_period,31.85,50.00000000000071,
33.282696068,31.85,2,measurement_to_controller_cmd,,11.999378,True
33.282775348,31.85,2,control_period,31.85,50.00000000000071,
33.283624072,31.85,2,controller_to_actual_cmd,,0.9280039999999999,
33.283837155,31.85,3,controller_to_actual_cmd,,0.075705,
33.283971321,31.85,3,control_period,31.85,50.00000000000071,
33.334635841,31.900000000000002,1,controller_to_actual_cmd,,0.033572,
33.334718449,31.900000000000002,1,control_period,31.9,49.99999999999716,
33.33478841,31.900000000000002,2,controller_to_actual_cmd,,0.02844,
33.334839822,31.900000000000002,2,control_period,31.9,49.99999999999716,
33.334893611000005,31.900000000000002,3,controller_to_actual_cmd,,0.661777,
33.334937705,31.900000000000002,3,control_period,31.9,49.99999999999716,
33.335265918000005,31.900000000000002,1,camera_to_measurement,31.88,11.794649,True
33.335312525,31.900000000000002,1,detector_inference,,9.75344181060791,
33.343007598,31.910000000000004,2,detector_inference,,14.646642684936523,
33.343640259000004,31.910000000000004,2,camera_to_measurement,31.88,17.318161,True
33.381918536,31.950000000000003,1,measurement_to_controller_cmd,,46.652618,True
33.382018611,31.950000000000003,3,controller_to_actual_cmd,,0.027791,
33.382076918,31.950000000000003,3,control_period,31.95,50.00000000000071,
33.382486129,31.950000000000003,1,control_period,31.95,50.00000000000071,
33.382530561,31.950000000000003,2,measurement_to_controller_cmd,,38.890302,True
33.382584054,31.950000000000003,2,control_period,31.95,50.00000000000071,
33.382850902,31.950000000000003,2,controller_to_actual_cmd,,0.320341,
33.383411943,31.950000000000003,1,controller_to_actual_cmd,,1.493407,
33.40042324,31.965000000000003,2,detector_inference,,9.960277557373047,
33.401135259,31.965000000000003,2,camera_to_measurement,31.945,12.688903999999999,True
33.401347665,31.965000000000003,3,detector_inference,,6.9633259773254395,
33.431605344000005,32.0,1,controller_to_actual_cmd,,0.045966,
33.431723574,32.0,1,control_period,32.0,50.00000000000071,
33.431773587,32.0,2,measurement_to_controller_cmd,,30.638327999999998,True
33.431808261,32.0,2,controller_to_actual_cmd,,0.034673999999999996,
33.431911145,32.0,2,control_period,32.0,50.00000000000071,
33.432028484,32.0,3,measurement_to_controller_cmd,,30.754413999999997,True
33.432124723,32.0,3,control_period,32.0,50.00000000000071,
33.432528017,32.0,3,controller_to_actual_cmd,,0.499533,
33.468347642000005,32.035000000000004,1,detector_inference,,8.00904369354248,
33.468996439,32.035000000000004,1,camera_to_measurement,32.015,9.008234,True
33.473765408000006,32.04,3,camera_to_measurement,32.015,6.9590819999999995,True
33.473841702,32.04,3,detector_inference,,5.987851142883301,
33.482389571,32.050000000000004,3,measurement_to_controller_cmd,,8.624163,True
33.482492495,32.050000000000004,3,control_period,32.05,49.99999999999716,
33.483017038,32.050000000000004,1,measurement_to_controller_cmd,,14.020598999999999,True
33.483090512000004,32.050000000000004,1,controller_to_actual_cmd,,0.073474,
33.483165231,32.050000000000004,1,control_period,32.05,49.99999999999716,
33.483236575,32.050000000000004,3,controller_to_actual_cmd,,0.847004,
33.484050303000004,32.050000000000004,2,controller_to_actual_cmd,,0.111885,
33.484279931,32.050000000000004,2,control_period,32.05,49.99999999999716,
33.530168352000004,32.095,1,detector_inference,,7.636569023132324,
33.530596255,32.095,1,camera_to_measurement,32.08,9.622887,True
33.532011318,32.1,3,control_period,32.1,50.00000000000426,
33.532429235,32.1,1,measurement_to_controller_cmd,,1.8329799999999998,True
33.532471844,32.1,1,controller_to_actual_cmd,,0.042609,
33.532531914,32.1,1,control_period,32.1,50.00000000000426,
33.532602025,32.1,2,control_period,32.1,50.00000000000426,
33.532635671,32.1,3,controller_to_actual_cmd,,0.679049,
33.532916624,32.1,2,controller_to_actual_cmd,,0.347626,
33.539101639,32.105000000000004,3,detector_inference,,7.6576619148254395,
33.58310936,32.15,2,control_period,32.15,49.99999999999716,
33.583180084,32.15,3,measurement_to_controller_cmd,,44.128353999999995,True
33.583256657,32.15,3,control_period,32.15,49.99999999999716,
33.583621346,32.15,1,control_period,32.15,49.99999999999716,
33.583692708,32.15,3,controller_to_actual_cmd,,0.512624,
33.584567312000004,32.15,1,controller_to_actual_cmd,,1.005414,
33.587067758,32.15,2,controller_to_actual_cmd,,4.04489,
33.597773103,32.165,2,detector_inference,,9.373379707336426,
33.598479499,32.165,2,camera_to_measurement,32.145,12.324097,True
33.599890051,32.165,3,detector_inference,,7.835179805755615,
33.600677161,32.165,3,camera_to_measurement,32.145,10.326913,True
33.631864069,32.2,2,measurement_to_controller_cmd,,33.38457,True
33.631941865,32.2,2,controller_to_actual_cmd,,0.07779599999999999,
33.632033920000005,32.2,2,control_period,32.2,50.00000000000426,
33.632100381,32.2,3,measurement_to_controller_cmd,,31.423219999999997,True
33.632161408,32.2,3,controller_to_actual_cmd,,0.061027,
33.632246957,32.2,3,control_period,32.2,50.00000000000426,
33.633087449,32.2,1,controller_to_actual_cmd,,0.055248,
33.633165286,32.2,1,control_period,32.2,50.00000000000426,
33.668285703,32.235,3,detector_inference,,8.534173965454102,
33.668935339,32.235,3,camera_to_measurement,32.21,11.075972,True
33.670052158000004,32.235,2,camera_to_measurement,32.21,15.200137999999999,True
33.670137227000005,32.235,2,detector_inference,,13.883591651916504,
33.6819593,32.25,2,measurement_to_controller_cmd,,11.907142,True
33.682080878,32.25,2,control_period,32.25,49.99999999999716,
33.682133936,32.25,3,measurement_to_controller_cmd,,13.198597,True
33.68218404,32.25,3,control_period,32.25,49.99999999999716,
33.682513408000005,32.25,2,controller_to_actual_cmd,,0.5541079999999999,
33.682560309,32.25,3,controller_to_actual_cmd,,0.426373,
33.684162375,32.25,1,controller_to_actual_cmd,,0.607138,
33.684363232,32.25,1,control_period,32.25,49.99999999999716,
33.729160806,32.295,1,camera_to_measurement,32.275,11.013131,True
33.729236055,32.295,1,detector_inference,,10.876032829284668,
33.731978911,32.300000000000004,1,measurement_to_controller_cmd,,2.818105,True
33.732121978,32.300000000000004,3,control_period,32.3,49.99999999999716,
33.732535112,32.300000000000004,1,controller_to_actual_cmd,,0.556201,
33.732587665000004,32.300000000000004,1,control_period,32.3,49.99999999999716,
33.732624087000005,32.300000000000004,2,controller_to_actual_cmd,,0.5892919999999999,
33.73267202,32.300000000000004,2,control_period,32.3,49.99999999999716,
33.733775735,32.300000000000004,3,controller_to_actual_cmd,,1.7104979999999999,
33.738998385,32.305,2,detector_inference,,13.861981391906738,
33.739625312,32.305,2,camera_to_measurement,32.275,16.854522,True
33.741852623,32.31,3,camera_to_measurement,32.275,14.373208,True
33.741961218,32.31,3,detector_inference,,12.675934791564941,
33.784781055,32.35,1,controller_to_actual_cmd,,0.032719,
33.784852423000004,32.35,1,control_period,32.35,50.00000000000426,
33.784892262,32.35,2,measurement_to_controller_cmd,,45.26695,True
33.78493358,32.35,2,control_period,32.35,50.00000000000426,
33.784978033,32.35,3,measurement_to_controller_cmd,,43.125409999999995,True
33.785018499,32.35,3,controller_to_actual_cmd,,0.040465999999999995,
33.785076090000004,32.35,3,control_period,32.35,50.00000000000426,
33.785396377000005,32.35,2,controller_to_actual_cmd,,0.504115,
33.796512803,32.365,1,camera_to_measurement,32.345,12.838049999999999,True
33.796637083,32.365,1,detector_inference,,11.288976669311523,
33.796855478000005,32.365,2,detector_inference,,9.45685863494873,
33.807667873,32.375,3,camera_to_measurement,32.345,8.56718,True
33.807750711000004,32.375,3,detector_inference,,6.306703090667725,
33.831598411,32.4,2,measurement_to_controller_cmd,,34.833123,True
33.831664921000005,32.4,2,control_period,32.4,49.99999999999716,
33.831699095000005,32.4,3,measurement_to_controller_cmd,,24.031222,True
33.831737588,32.4,3,controller_to_actual_cmd,,0.038493,
33.831772937000004,32.4,3,control_period,32.4,49.99999999999716,
33.832006431,32.4,2,controller_to_actual_cmd,,0.40802,
33.83350481,32.4,1,measurement_to_controller_cmd,,36.992007,True
33.833630801000005,32.4,1,controller_to_actual_cmd,,0.125991,
33.83372974,32.4,1,control_period,32.4,49.99999999999716,
33.862743903,32.43,1,detector_inference,,7.170874118804932,
33.872814004000006,32.440000000000005,3,detector_inference,,9.808770179748535,
33.873182723,32.440000000000005,2,camera_to_measurement,32.41,15.768035,True
33.873264909,32.440000000000005,2,detector_inference,,11.31203556060791,
33.873316033,32.440000000000005,3,camera_to_measurement,32.41,11.383341999999999,True
33.882568293000006,32.45,1,measurement_to_controller_cmd,,19.867705,True
33.882797995000004,32.45,1,control_period,32.45,50.00000000000426,
33.882979498000005,32.45,2,measurement_to_controller_cmd,,9.796775,True
33.883081443,32.45,2,control_period,32.45,50.00000000000426,
33.883156682,32.45,3,measurement_to_controller_cmd,,9.840648999999999,True
33.883661421,32.45,1,controller_to_actual_cmd,,1.0931279999999999,
33.88371178,32.45,2,controller_to_actual_cmd,,0.732282,
33.883752242,32.45,3,controller_to_actual_cmd,,0.59556,
33.883806752000005,32.45,3,control_period,32.45,50.00000000000426,
33.931646564000005,32.5,2,detector_inference,,11.176213264465332,
33.931708585,32.5,3,detector_inference,,8.802651405334473,
33.932303354000005,32.5,1,control_period,32.5,49.99999999999716,
33.932350009000004,32.5,2,camera_to_measurement,32.475,13.266243999999999,True
33.932391204000005,32.5,2,measurement_to_controller_cmd,,0.041194999999999996,True
33.932424456,32.5,2,controller_to_actual_cmd,,0.033252,
33.9324785,32.5,2,control_period,32.5,49.99999999999716,
33.932532001000006,32.5,3,camera_to_measurement,32.475,10.569284999999999,True
33.932569807,32.5,3,measurement_to_controller_cmd,,0.037806,True
33.932615430000006,32.5,3,control_period,32.5,49.99999999999716,
33.932934344,32.5,1,controller_to_actual_cmd,,0.693133,
33.932978174,32.5,3,controller_to_actual_cmd,,0.408367,
33.982875818000004,32.550000000000004,1,control_period,32.55,49.99999999999716,
33.982943102,32.550000000000004,2,controller_to_actual_cmd,,0.024709,
33.982982187000005,32.550000000000004,2,control_period,32.55,49.99999999999716,
33.983038097000005,32.550000000000004,3,controller_to_actual_cmd,,0.024579,
33.983073576,32.550000000000004,3,control_period,32.55,49.99999999999716,
33.983356036,32.550000000000004,1,controller_to_actual_cmd,,0.528818,
33.989423492,32.555,2,detector_inference,,5.645593166351318,
33.989792737,32.555,2,camera_to_measurement,32.54,7.734921,True
34.031671795,32.6,1,control_period,32.6,50.00000000000426,
34.031740499,32.6,3,control_period,32.6,50.00000000000426,
34.032114892,32.6,1,controller_to_actual_cmd,,0.730436,
34.032212337000004,32.6,2,measurement_to_controller_cmd,,42.419599999999996,True
34.032309072000004,32.6,2,control_period,32.6,50.00000000000426,
34.032739211,32.6,2,controller_to_actual_cmd,,0.526874,
34.032806294000004,32.6,3,controller_to_actual_cmd,,1.3915279999999999,
34.065576981,32.63,2,camera_to_measurement,32.605,16.482844,True
34.065710639,32.63,2,detector_inference,,12.98661994934082,
34.068624577,32.635000000000005,3,detector_inference,,13.580096244812012,
34.083031801000004,32.65,1,controller_to_actual_cmd,,0.081898,
34.083143585,32.65,1,control_period,32.65,49.99999999999716,
34.083194063,32.65,2,measurement_to_controller_cmd,,17.617082,True
34.083261026,32.65,2,control_period,32.65,49.99999999999716,
34.083304224,32.65,3,measurement_to_controller_cmd,,14.318487,True
34.083352642,32.65,3,control_period,32.65,49.99999999999716,
34.08371957,32.65,2,controller_to_actual_cmd,,0.525507,
34.083768388,32.65,3,controller_to_actual_cmd,,0.46416399999999997,
34.132708496,32.7,2,control_period,32.7,50.00000000000426,
34.132805834,32.7,3,control_period,32.7,50.00000000000426,
34.133238072000005,32.7,1,controller_to_actual_cmd,,0.61776,
34.133320501,32.7,1,control_period,32.7,50.00000000000426,
34.133384682,32.7,2,controller_to_actual_cmd,,0.7274419999999999,
34.133431192,32.7,3,controller_to_actual_cmd,,0.673088,
34.137449749000005,32.705000000000005,1,detector_inference,,20.257244110107422,
34.137847083000004,32.705000000000005,1,camera_to_measurement,32.675,21.847531999999998,True
34.140971575,32.705000000000005,3,detector_inference,,10.115583419799805,
34.141884085,32.71,3,camera_to_measurement,32.675,13.592805,True
34.184354779,32.75,2,controller_to_actual_cmd,,0.093331,
34.184519058,32.75,2,control_period,32.75,49.99999999999716,
34.184633369000004,32.75,3,measurement_to_controller_cmd,,42.749283999999996,True
34.184766478,32.75,3,control_period,32.75,49.99999999999716,
34.185482919,32.75,1,measurement_to_controller_cmd,,47.635836,True
34.185607118,32.75,1,controller_to_actual_cmd,,0.12419899999999999,
34.185741608,32.75,1,control_period,32.75,49.99999999999716,
34.18641345,32.75,3,controller_to_actual_cmd,,1.780081,
34.195450755,32.760000000000005,1,camera_to_measurement,32.74,12.553104999999999,True
34.195617454,32.760000000000005,1,detector_inference,,11.431680679321289,
34.212335449,32.78,2,camera_to_measurement,32.74,23.539313,True
34.212475994,32.78,2,detector_inference,,20.426464080810547,
34.215462186,32.78,3,detector_inference,,14.667278289794922,
34.216197574,32.78,3,camera_to_measurement,32.74,17.186313,True
34.231640676000005,32.800000000000004,3,measurement_to_controller_cmd,,15.443102,True
34.231720635,32.800000000000004,3,controller_to_actual_cmd,,0.079959,
34.231822918,32.800000000000004,3,control_period,32.8,49.99999999999716,
34.232510737000005,32.800000000000004,1,measurement_to_controller_cmd,,37.059982,True
34.232652367,32.800000000000004,1,control_period,32.8,49.99999999999716,
34.232756944,32.800000000000004,2,measurement_to_controller_cmd,,20.421495,True
34.232862922,32.800000000000004,2,control_period,32.8,49.99999999999716,
34.233406218,32.800000000000004,1,controller_to_actual_cmd,,0.895481,
34.233471111,32.800000000000004,2,controller_to_actual_cmd,,0.714167,
34.258417668,32.825,1,detector_inference,,9.417691230773926,
34.258829373000005,32.825,1,camera_to_measurement,32.805,13.23068,True
34.282582224,32.85,2,control_period,32.85,50.00000000000426,
34.282822831000004,32.85,3,controller_to_actual_cmd,,0.097214,
34.282976574,32.85,3,control_period,32.85,50.00000000000426,
34.283677876,32.85,1,measurement_to_controller_cmd,,24.848502999999997,True
34.283846123000004,32.85,1,controller_to_actual_cmd,,0.16824699999999998,
34.283962289,32.85,1,control_period,32.85,50.00000000000426,
34.284049827000004,32.85,2,controller_to_actual_cmd,,1.620874,
34.33247516,32.9,1,detector_inference,,21.045597076416016,
34.33262056,32.9,1,controller_to_actual_cmd,,0.040018,
34.332707357000004,32.9,1,control_period,32.9,49.99999999999716,
34.332779999,32.9,2,controller_to_actual_cmd,,0.030535,
34.332824411000004,32.9,2,control_period,32.9,49.99999999999716,
34.332897143000004,32.9,3,detector_inference,,10.8461332321167,
34.332934627,32.9,3,measurement_to_controller_cmd,,0.06977699999999999,True
34.332989712,32.9,3,controller_to_actual_cmd,,0.055084999999999995,
34.333032263,32.9,3,control_period,32.9,49.99999999999716,
34.333428519,32.9,1,camera_to_measurement,32.87,23.588918,True
34.333480939000005,32.9,2,camera_to_measurement,32.87,16.975559,True
34.333516546000006,32.9,2,detector_inference,,15.796553611755371,
34.382263371,32.95,1,measurement_to_controller_cmd,,48.834852,True
34.382313966000005,32.95,1,controller_to_actual_cmd,,0.050595,
34.382371264,32.95,1,control_period,32.95,50.00000000000426,
34.382443383,32.95,3,control_period,32.95,50.00000000000426,
34.382756928,32.95,2,measurement_to_controller_cmd,,49.275988999999996,True
34.382793792,32.95,2,controller_to_actual_cmd,,0.036864,
34.38283142,32.95,2,control_period,32.95,50.00000000000426,
34.382862164,32.95,3,controller_to_actual_cmd,,0.449314,
34.390629013,32.955000000000005,2,detector_inference,,10.658656120300293,
34.391430106,32.96,2,camera_to_measurement,32.935,13.840389,True
34.392052168,32.96,3,camera_to_measurement,32.935,12.878259,True
34.39214922,32.96,3,detector_inference,,10.65523624420166,
34.43156117,33.0,3,measurement_to_controller_cmd,,39.509001999999995,True
34.432116094,33.0,1,controller_to_actual_cmd,,0.630394,
34.432263379000005,33.0,1,control_period,33.0,49.99999999999716,
34.432363822,33.0,3,control_period,33.0,49.99999999999716,
34.432836475,33.0,2,measurement_to_controller_cmd,,41.406369,True
34.432904257000004,33.0,2,controller_to_actual_cmd,,0.067782,
34.432981447,33.0,2,control_period,33.0,49.99999999999716,
34.433043808,33.0,3,controller_to_actual_cmd,,1.482638,
34.458618079000004,33.025,1,camera_to_measurement,33.005,14.015906999999999,True
34.45873915,33.025,1,detector_inference,,11.0621337890625,
34.482289094,33.050000000000004,1,measurement_to_controller_cmd,,23.671015,True
34.482488896,33.050000000000004,1,control_period,33.05,49.99999999999716,
34.482771036,33.050000000000004,2,control_period,33.05,49.99999999999716,
34.483436976,33.050000000000004,1,controller_to_actual_cmd,,1.1478819999999998,
34.483548059,33.050000000000004,2,controller_to_actual_cmd,,0.8962129999999999,
34.483728,33.050000000000004,3,controller_to_actual_cmd,,0.079681,
34.48385545,33.050000000000004,3,control_period,33.05,49.99999999999716,
34.521880886000005,33.09,1,camera_to_measurement,33.07,12.411133,True
34.522031807000005,33.09,1,detector_inference,,10.328631401062012,
34.524166319,33.09,2,detector_inference,,7.584170818328857,
34.524872051,33.09,2,camera_to_measurement,33.07,9.183694,True
34.531739915,33.1,1,measurement_to_controller_cmd,,9.859029,True
34.531795706000004,33.1,1,controller_to_actual_cmd,,0.055791,
34.531854502,33.1,1,control_period,33.1,50.00000000000426,
34.53192458,33.1,3,control_period,33.1,50.00000000000426,
34.532282928,33.1,3,controller_to_actual_cmd,,0.390855,
34.532791836,33.1,2,measurement_to_controller_cmd,,7.919785,True
34.532848714000004,33.1,2,control_period,33.1,50.00000000000426,
34.533121035,33.1,2,controller_to_actual_cmd,,0.32919899999999996,
34.582487555,33.15,1,controller_to_actual_cmd,,0.09200599999999999,
34.582624401000004,33.15,1,control_period,33.15,49.99999999999716,
34.582795074,33.15,3,controller_to_actual_cmd,,0.07499499999999999,
34.582910832,33.15,3,control_period,33.15,49.99999999999716,
34.583635237,33.15,1,detector_inference,,6.642912864685059,
34.583884285,33.15,2,controller_to_actual_cmd,,0.098899,
34.584051105,33.15,2,control_period,33.15,49.99999999999716,
34.584760072,33.15,1,camera_to_measurement,33.135,8.759319999999999,True
34.631826747000005,33.2,1,measurement_to_controller_cmd,,47.066675,True
34.631873988,33.2,1,controller_to_actual_cmd,,0.047241,
34.6319305,33.2,1,control_period,33.2,50.00000000000426,
34.631966124,33.2,2,controller_to_actual_cmd,,0.39422399999999996,
34.632020259,33.2,2,control_period,33.2,50.00000000000426,
34.632386099,33.2,3,controller_to_actual_cmd,,0.031595,
34.632435854,33.2,3,control_period,33.2,50.00000000000426,
34.657333118000004,33.225,2,detector_inference,,12.752395629882812,
34.658043072000005,33.225,2,camera_to_measurement,33.2,16.275199,True
34.65818384,33.225,3,camera_to_measurement,33.2,13.219476,True
34.658294549000004,33.225,3,detector_inference,,10.739859580993652,
34.682689025,33.25,2,measurement_to_controller_cmd,,24.645953,True
34.682804706,33.25,2,control_period,33.25,49.99999999999716,
34.682869345,33.25,3,measurement_to_controller_cmd,,24.685505,True
34.682936387000005,33.25,3,control_period,33.25,49.99999999999716,
34.683383381,33.25,2,controller_to_actual_cmd,,0.694356,
34.683879505,33.25,1,controller_to_actual_cmd,,0.044486,
34.683961479000004,33.25,1,control_period,33.25,49.99999999999716,
34.684010907,33.25,3,controller_to_actual_cmd,,1.141562,
34.719909733,33.285000000000004,2,detector_inference,,9.749499320983887,
34.723483621,33.29,1,detector_inference,,14.8382568359375,
34.724219663,33.29,1,camera_to_measurement,33.265,16.399752,True
34.731757354,33.300000000000004,1,measurement_to_controller_cmd,,7.537691,True
34.732449907,33.300000000000004,1,controller_to_actual_cmd,,0.692553,
34.732544276,33.300000000000004,1,control_period,33.3,49.99999999999716,
34.732589133000005,33.300000000000004,2,measurement_to_controller_cmd,,12.239265,True
34.732625567,33.300000000000004,2,controller_to_actual_cmd,,0.036434,
34.732668132,33.300000000000004,2,control_period,33.3,49.99999999999716,
34.73273399,33.300000000000004,3,controller_to_actual_cmd,,0.029540999999999998,
34.732773511000005,33.300000000000004,3,control_period,33.3,49.99999999999716,
34.782620396,33.35,3,control_period,33.35,50.00000000000426,
34.783317326,33.35,1,control_period,33.35,50.00000000000426,
34.783403407,33.35,2,controller_to_actual_cmd,,0.8794299999999999,
34.783457186,33.35,2,control_period,33.35,50.00000000000426,
34.783496847,33.35,3,controller_to_actual_cmd,,1.492155,
34.783788471,33.35,1,controller_to_actual_cmd,,0.589185,
34.789841057000004,33.355000000000004,1,detector_inference,,14.477378845214844,
34.790309209,33.355000000000004,1,camera_to_measurement,33.335,16.558198,True
34.790834048,33.36,3,detector_inference,,7.571529865264893,
34.791504657000004,33.36,3,camera_to_measurement,33.335,12.289225,True
34.831686330000004,33.4,1,measurement_to_controller_cmd,,41.377120999999995,True
34.831769746,33.4,1,control_period,33.4,49.99999999999716,
34.831841861,33.4,2,controller_to_actual_cmd,,0.027201,
34.831885246,33.4,2,control_period,33.4,49.99999999999716,
34.83221607,33.4,1,controller_to_actual_cmd,,0.52974,
34.832256974,33.4,3,measurement_to_controller_cmd,,40.752317,True
34.832287643,33.4,3,controller_to_actual_cmd,,0.030669,
34.832331874000005,33.4,3,control_period,33.4,49.99999999999716,
34.857242304,33.425000000000004,1,detector_inference,,14.108467102050781,
34.857351383,33.425000000000004,3,detector_inference,,9.168939590454102,
34.857932949,33.425000000000004,1,camera_to_measurement,33.4,16.288967,True
34.858054931000005,33.425000000000004,3,camera_to_measurement,33.4,10.176183,True
34.882373639,33.45,1,measurement_to_controller_cmd,,24.44069,True
34.882536732000005,33.45,1,control_period,33.45,50.00000000000426,
34.882760513,33.45,2,control_period,33.45,50.00000000000426,
34.883425925000004,33.45,1,controller_to_actual_cmd,,1.052286,
34.883521517000005,33.45,2,controller_to_actual_cmd,,0.875057,
34.883605979,33.45,3,measurement_to_controller_cmd,,25.551047999999998,True
34.883686043000004,33.45,3,controller_to_actual_cmd,,0.080064,
34.883789272,33.45,3,control_period,33.45,50.00000000000426,
34.922163566,33.49,3,camera_to_measurement,33.465,9.997912,True
34.922253225000006,33.49,3,detector_inference,,7.949316024780273,
34.922891284,33.49,2,detector_inference,,11.317218780517578,
34.923222603,33.49,2,camera_to_measurement,33.465,14.12896,True
34.932091214,33.5,1,controller_to_actual_cmd,,0.076345,
34.932234672,33.5,1,control_period,33.5,49.99999999999716,
34.932328971000004,33.5,3,measurement_to_controller_cmd,,10.165405,True
34.932371432000004,33.5,3,controller_to_actual_cmd,,0.042461,
34.932421145,33.5,3,control_period,33.5,49.99999999999716,
34.9327126,33.5,2,measurement_to_controller_cmd,,9.489996999999999,True
34.932751323000005,33.5,2,controller_to_actual_cmd,,0.038723,
34.932794309,33.5,2,control_period,33.5,49.99999999999716,
34.983314696,33.550000000000004,1,control_period,33.55,49.99999999999716,
34.983466773,33.550000000000004,2,controller_to_actual_cmd,,0.056109,
34.983565887000005,33.550000000000004,2,control_period,33.55,49.99999999999716,
34.983631569,33.550000000000004,3,controller_to_actual_cmd,,1.0236319999999999,
34.983704097,33.550000000000004,3,control_period,33.55,49.99999999999716,
34.984088067,33.550000000000004,1,camera_to_measurement,33.53,14.391988,True
34.984140602000004,33.550000000000004,1,detector_inference,,12.855830192565918,
34.984181056000004,33.550000000000004,1,controller_to_actual_cmd,,1.66005,
34.984513096,33.550000000000004,2,camera_to_measurement,33.53,9.59855,True
34.984555241,33.550000000000004,2,detector_inference,,8.394689559936523,
35.032913632,33.6,3,control_period,33.6,50.00000000000426,
35.033478143,33.6,1,measurement_to_controller_cmd,,49.390076,True
35.033529094,33.6,1,controller_to_actual_cmd,,0.050950999999999996,
35.033595976,33.6,1,control_period,33.6,50.00000000000426,
35.033633185,33.6,2,measurement_to_controller_cmd,,49.120089,True
35.033673095000005,33.6,2,control_period,33.6,50.00000000000426,
35.033708937,33.6,3,controller_to_actual_cmd,,0.880409,
35.034471909000004,33.6,2,controller_to_actual_cmd,,0.8387239999999999,
35.048109582,33.615,2,detector_inference,,10.186938285827637,
35.053411328,33.620000000000005,3,camera_to_measurement,33.595,13.920620999999999,True
35.053555489000004,33.620000000000005,3,detector_inference,,11.94389820098877,
35.082485378,33.65,1,control_period,33.65,49.99999999999716,
35.082923491,33.65,1,controller_to_actual_cmd,,0.5134299999999999,
35.083011803000005,33.65,2,measurement_to_controller_cmd,,34.381765,True
35.083100565,33.65,2,control_period,33.65,49.99999999999716,
35.083154784,33.65,3,measurement_to_controller_cmd,,29.743456,True
35.083219204,33.65,3,control_period,33.65,49.99999999999716,
35.083575617,33.65,2,controller_to_actual_cmd,,0.5638139999999999,
35.083633405,33.65,3,controller_to_actual_cmd,,0.47862099999999996,
35.11737222,33.685,1,camera_to_measurement,33.665,12.826476999999999,True
35.117480914000005,33.685,1,detector_inference,,10.313261032104492,
35.118033092000005,33.685,2,camera_to_measurement,33.665,8.514196,True
35.11811401,33.685,2,detector_inference,,7.191053867340088,
35.124044109,33.690000000000005,3,detector_inference,,5.945437908172607,
35.124685115000005,33.690000000000005,3,camera_to_measurement,33.665,8.534003,True
35.132150616000004,33.7,1,measurement_to_controller_cmd,,14.778395999999999,True
35.132279961,33.7,2,measurement_to_controller_cmd,,14.246869,True
35.132360704,33.7,2,control_period,33.7,50.00000000000426,
35.132404801,33.7,3,measurement_to_controller_cmd,,7.719685999999999,True
35.132446558000005,33.7,3,control_period,33.7,50.00000000000426,
35.132740717000004,33.7,1,controller_to_actual_cmd,,0.590101,
35.13279029,33.7,1,control_period,33.7,50.00000000000426,
35.132826662,33.7,2,controller_to_actual_cmd,,0.546701,
35.132859738,33.7,3,controller_to_actual_cmd,,0.454937,
35.177569335,33.745000000000005,1,camera_to_measurement,33.73,8.435839999999999,True
35.177695709000005,33.745000000000005,1,detector_inference,,6.610840797424316,
35.18325901,33.75,1,measurement_to_controller_cmd,,5.689674999999999,True
35.183313854000005,33.75,1,controller_to_actual_cmd,,0.054844,
35.183371481,33.75,1,control_period,33.75,49.99999999999716,
35.183441649,33.75,2,controller_to_actual_cmd,,0.026732,
35.183480317000004,33.75,2,control_period,33.75,49.99999999999716,
35.183543825,33.75,3,control_period,33.75,49.99999999999716,
35.183890357,33.75,3,controller_to_actual_cmd,,0.376652,
35.189290673,33.755,3,camera_to_measurement,33.73,13.216842,True
35.189387102000005,33.755,3,detector_inference,,11.64041519165039,
35.232172194,33.800000000000004,1,control_period,33.8,49.99999999999716,
35.232393876,33.800000000000004,2,control_period,33.8,49.99999999999716,
35.232967963,33.800000000000004,1,controller_to_actual_cmd,,0.915859,
35.233067858000005,33.800000000000004,2,controller_to_actual_cmd,,0.7703949999999999,
35.233157837,33.800000000000004,3,measurement_to_controller_cmd,,43.867163999999995,True
35.233249567,33.800000000000004,3,controller_to_actual_cmd,,0.09172999999999999,
35.233352558,33.800000000000004,3,control_period,33.8,49.99999999999716,
35.253589123000005,33.82,2,detector_inference,,13.27199935913086,
35.254315164000005,33.82,2,camera_to_measurement,33.795,17.331665,True
35.254401458000004,33.82,3,camera_to_measurement,33.795,14.400217999999999,True
35.254454026000005,33.82,3,detector_inference,,11.634838104248047,
35.282876603000005,33.85,1,controller_to_actual_cmd,,0.090265,
35.28306493,33.85,1,control_period,33.85,50.00000000000426,
35.283169134000005,33.85,2,measurement_to_controller_cmd,,28.85397,True
35.283319996,33.85,2,controller_to_actual_cmd,,0.150862,
35.283426097,33.85,2,control_period,33.85,50.00000000000426,
35.283513591,33.85,3,measurement_to_controller_cmd,,29.112133,True
35.284292416,33.85,3,controller_to_actual_cmd,,0.778825,
35.284418722000005,33.85,3,control_period,33.85,50.00000000000426,
35.314357551,33.88,1,detector_inference,,11.39380931854248,
35.31521721,33.88,1,camera_to_measurement,33.86,14.749105,True
35.322157069,33.89,3,camera_to_measurement,33.86,14.77816,True
35.322302688,33.89,3,detector_inference,,12.09311294555664,
35.331935098,33.9,1,measurement_to_controller_cmd,,16.717888,True
35.332085972,33.9,1,control_period,33.9,49.99999999999716,
35.332303541,33.9,2,control_period,33.9,49.99999999999716,
35.332393306,33.9,3,measurement_to_controller_cmd,,10.236237,True
35.332492362,33.9,3,control_period,33.9,49.99999999999716,
35.333036013000005,33.9,1,controller_to_actual_cmd,,1.1009149999999999,
35.333137098,33.9,2,controller_to_actual_cmd,,0.944295,
35.333257514,33.9,3,controller_to_actual_cmd,,0.864208,
35.373389453,33.940000000000005,2,detector_inference,,7.396468162536621,
35.373764217,33.940000000000005,2,camera_to_measurement,33.925,9.010841,True
35.379420315000004,33.945,3,camera_to_measurement,33.925,9.806958999999999,True
35.379491353,33.945,3,detector_inference,,7.358177185058594,
35.381826748,33.95,1,control_period,33.95,50.00000000000426,
35.381896986,33.95,2,measurement_to_controller_cmd,,8.132769,True
35.381981781,33.95,2,control_period,33.95,50.00000000000426,
35.382648819,33.95,2,controller_to_actual_cmd,,0.751833,
35.382721453,33.95,3,measurement_to_controller_cmd,,3.301138,True
35.383061495,33.95,1,controller_to_actual_cmd,,1.296719,
35.383109788,33.95,3,controller_to_actual_cmd,,0.388335,
35.383174002000004,33.95,3,control_period,33.95,50.00000000000426,
35.432267544000005,34.0,1,controller_to_actual_cmd,,0.10056899999999999,
35.432417738000005,34.0,1,control_period,34.0,49.99999999999716,
35.432571234,34.0,2,controller_to_actual_cmd,,0.065005,
35.432664927000005,34.0,2,control_period,34.0,49.99999999999716,
35.432819762,34.0,3,control_period,34.0,49.99999999999716,
35.433489986000005,34.0,3,controller_to_actual_cmd,,0.746042,
35.448224540000005,34.015,2,detector_inference,,8.530688285827637,
35.448915774,34.015,2,camera_to_measurement,33.995,12.893262,True
35.450573894,34.015,3,detector_inference,,6.80275821685791,
35.451065932,34.02,3,camera_to_measurement,33.995,8.926827,True
35.48222903,34.050000000000004,1,control_period,34.05,49.99999999999716,
35.482298821,34.050000000000004,3,measurement_to_controller_cmd,,31.232889,True
35.482351919,34.050000000000004,3,control_period,34.05,49.99999999999716,
35.482727037000004,34.050000000000004,1,controller_to_actual_cmd,,0.59681,
35.482781802000005,34.050000000000004,3,controller_to_actual_cmd,,0.482981,
35.483114558000004,34.050000000000004,2,measurement_to_controller_cmd,,34.198783999999996,True
35.48317679,34.050000000000004,2,control_period,34.05,49.99999999999716,
35.483899463,34.050000000000004,2,controller_to_actual_cmd,,0.784905,
35.51986869,34.085,1,detector_inference,,16.896846771240234,
35.520390252000006,34.085,1,camera_to_measurement,34.06,19.489929999999998,True
35.532232639,34.1,1,measurement_to_controller_cmd,,11.842386999999999,True
35.532312069,34.1,1,controller_to_actual_cmd,,0.07943,
35.532411463,34.1,1,control_period,34.1,50.00000000000426,
35.532608932,34.1,2,control_period,34.1,50.00000000000426,
35.533193894,34.1,2,controller_to_actual_cmd,,0.711449,
35.533303345,34.1,3,controller_to_actual_cmd,,0.035625,
35.533370362,34.1,3,control_period,34.1,50.00000000000426,
35.575778062000005,34.14,1,camera_to_measurement,34.125,8.829161,True
35.575921371,34.14,1,detector_inference,,7.776828765869141,
35.582078371,34.15,2,control_period,34.15,49.99999999999716,
35.582224010000004,34.15,3,control_period,34.15,49.99999999999716,
35.58274269,34.15,1,measurement_to_controller_cmd,,6.964627999999999,True
35.582811334,34.15,1,control_period,34.15,49.99999999999716,
35.582850395,34.15,2,controller_to_actual_cmd,,0.877744,
35.583544967,34.15,1,controller_to_actual_cmd,,0.802277,
35.583697615000005,34.15,2,camera_to_measurement,34.125,9.391938,True
35.583820729,34.15,2,detector_inference,,7.787539005279541,
35.583924972000005,34.15,3,controller_to_actual_cmd,,1.769564,
35.589997325,34.155,3,camera_to_measurement,34.125,12.322858,True
35.590081725000005,34.155,3,detector_inference,,10.929147720336914,
35.633724311,34.2,1,control_period,34.2,50.00000000000426,
35.633785307000004,34.2,2,measurement_to_controller_cmd,,50.087692,True
35.633854032,34.2,2,control_period,34.2,50.00000000000426,
35.63391175,34.2,3,measurement_to_controller_cmd,,43.914425,True
35.633985199,34.2,3,control_period,34.2,50.00000000000426,
35.634504007000004,34.2,2,controller_to_actual_cmd,,0.7187,
35.634869802000004,34.2,1,controller_to_actual_cmd,,1.21147,
35.637853474,34.205000000000005,3,controller_to_actual_cmd,,3.941724,
35.645472634,34.21,2,detector_inference,,10.251184463500977,
35.646465227,34.21,2,camera_to_measurement,34.19,14.022423999999999,True
35.649771861000005,34.215,3,detector_inference,,11.120261192321777,
35.650493623,34.215,3,camera_to_measurement,34.19,13.38707,True
35.682379258000005,34.25,3,measurement_to_controller_cmd,,31.885634999999997,True
35.682838427,34.25,1,control_period,34.25,49.99999999999716,
35.682922006000005,34.25,3,control_period,34.25,49.99999999999716,
35.683464997,34.25,2,measurement_to_controller_cmd,,36.99977,True
35.683543015000005,34.25,2,controller_to_actual_cmd,,0.07801799999999999,
35.683627168,34.25,2,control_period,34.25,49.99999999999716,
35.683678099000005,34.25,3,controller_to_actual_cmd,,1.298841,
35.683984814000006,34.25,1,controller_to_actual_cmd,,1.23614,
35.721502693000005,34.285000000000004,3,camera_to_measurement,34.255,16.880373,True
35.721620762,34.285000000000004,3,detector_inference,,14.471439361572266,
35.733189465,34.300000000000004,2,controller_to_actual_cmd,,0.08452599999999999,
35.733351816,34.300000000000004,2,control_period,34.3,49.99999999999716,
35.733447356,34.300000000000004,3,measurement_to_controller_cmd,,11.944663,True
35.733536226000005,34.300000000000004,3,controller_to_actual_cmd,,0.08886999999999999,
35.733635553,34.300000000000004,3,control_period,34.3,49.99999999999716,
35.734291222,34.300000000000004,1,controller_to_actual_cmd,,1.2841939999999998,
35.734438536,34.300000000000004,1,control_period,34.3,49.99999999999716,
35.783034570000005,34.35,1,controller_to_actual_cmd,,0.058633,
35.783132508,34.35,1,control_period,34.35,50.00000000000426,
35.783262816000004,34.35,2,controller_to_actual_cmd,,0.063498,
35.783348745000005,34.35,2,control_period,34.35,50.00000000000426,
35.784365140000006,34.35,1,camera_to_measurement,34.325,18.51018,True
35.784507818,34.35,1,detector_inference,,15.199117660522461,
35.784623077,34.35,3,controller_to_actual_cmd,,1.067666,
35.78477254,34.35,3,control_period,34.35,50.00000000000426,
35.788609627,34.355000000000004,3,camera_to_measurement,34.325,9.935445999999999,True
35.788749882000005,34.355000000000004,3,detector_inference,,8.692071914672852,
35.832342731000004,34.400000000000006,3,measurement_to_controller_cmd,,43.733104,True
35.832437885000004,34.400000000000006,3,control_period,34.4,49.99999999999716,
35.833296592,34.400000000000006,2,control_period,34.4,49.99999999999716,
35.83337975,34.400000000000006,3,controller_to_actual_cmd,,1.037019,
35.834017161000006,34.400000000000006,1,measurement_to_controller_cmd,,49.652021,True
35.834096463,34.400000000000006,1,controller_to_actual_cmd,,0.079302,
35.834193027000005,34.400000000000006,1,control_period,34.4,49.99999999999716,
35.834282302000005,34.400000000000006,2,controller_to_actual_cmd,,1.104739,
35.843164991,34.410000000000004,1,camera_to_measurement,34.39,12.76816,True
35.843263716,34.410000000000004,1,detector_inference,,11.763663291931152,
35.844099750000005,34.410000000000004,2,detector_inference,,7.95471715927124,
35.854620721,34.42,3,detector_inference,,10.763619422912598,
35.855384457,34.42,3,camera_to_measurement,34.39,14.046064,True
35.882761051,34.45,1,measurement_to_controller_cmd,,39.59606,True
35.882824106,34.45,1,controller_to_actual_cmd,,0.063055,
35.882890790000005,34.45,1,control_period,34.45,50.00000000000426,
35.882931932000005,34.45,2,measurement_to_controller_cmd,,38.167452999999995,True
35.882975172,34.45,2,control_period,34.45,50.00000000000426,
35.883342795000004,34.45,2,controller_to_actual_cmd,,0.410863,
35.883391444000004,34.45,3,measurement_to_controller_cmd,,28.006987,True
35.883432833,34.45,3,controller_to_actual_cmd,,0.041388999999999995,
35.883485156,34.45,3,control_period,34.45,50.00000000000426,
35.909658961000005,34.475,1,camera_to_measurement,34.455,12.805898,True
35.909729057,34.475,1,detector_inference,,8.60417366027832,
35.912372109,34.480000000000004,2,camera_to_measurement,34.455,12.947344,True
35.912494107,34.480000000000004,2,detector_inference,,10.119778633117676,
35.917409048,34.485,3,detector_inference,,6.2424092292785645,
35.917993923000004,34.485,3,camera_to_measurement,34.455,8.922194,True
35.932777068,34.5,1,measurement_to_controller_cmd,,23.118107,True
35.932880281,34.5,1,controller_to_actual_cmd,,0.103213,
35.933006387,34.5,1,control_period,34.5,49.99999999999716,
35.933104475,34.5,3,measurement_to_controller_cmd,,15.110551999999998,True
35.93325626,34.5,3,control_period,34.5,49.99999999999716,
35.933911456000004,34.5,2,measurement_to_controller_cmd,,21.539347,True
35.933990958,34.5,2,controller_to_actual_cmd,,0.079502,
35.934084463000005,34.5,2,control_period,34.5,49.99999999999716,
35.934160860000006,34.5,3,controller_to_actual_cmd,,1.056385,
35.978488051,34.545,1,detector_inference,,16.971691131591797,
35.978913676000005,34.545,1,camera_to_measurement,34.52,18.597656999999998,True
35.980750046000004,34.545,3,detector_inference,,11.369937896728516,
35.981413071000006,34.545,3,camera_to_measurement,34.52,14.323635999999999,True
35.982010852,34.550000000000004,2,camera_to_measurement,34.52,17.277221,True
35.982086708000004,34.550000000000004,2,detector_inference,,14.218517303466797,
35.982155269,34.550000000000004,2,measurement_to_controller_cmd,,0.144417,True
35.982771782,34.550000000000004,1,measurement_to_controller_cmd,,3.858106,True
35.982817716,34.550000000000004,2,controller_to_actual_cmd,,0.662447,
35.982870601,34.550000000000004,2,control_period,34.55,49.99999999999716,
35.982907319,34.550000000000004,3,measurement_to_controller_cmd,,1.494248,True
35.982951174,34.550000000000004,3,controller_to_actual_cmd,,0.043855,
35.982988925,34.550000000000004,3,control_period,34.55,49.99999999999716,
35.983841778000006,34.550000000000004,1,controller_to_actual_cmd,,1.069996,
35.983914468,34.550000000000004,1,control_period,34.55,49.99999999999716,
36.032182168000006,34.6,1,control_period,34.6,50.00000000000426,
36.03272528,34.6,1,controller_to_actual_cmd,,0.636957,
36.032878284,34.6,2,control_period,34.6,50.00000000000426,
36.032997678,34.6,3,controller_to_actual_cmd,,0.054366,
36.033053018000004,34.6,3,control_period,34.6,50.00000000000426,
36.033391246,34.6,2,controller_to_actual_cmd,,0.588017,
36.039162163,34.605000000000004,1,camera_to_measurement,34.585,15.459375999999999,True
36.039316683,34.605000000000004,1,detector_inference,,13.87883472442627,
36.039461856,34.605000000000004,3,camera_to_measurement,34.585,10.301617,True
36.039567806,34.605000000000004,3,detector_inference,,8.41193962097168,
36.083081012,34.650000000000006,3,measurement_to_controller_cmd,,43.619156,True
36.083284529000004,34.650000000000006,3,control_period,34.65,49.99999999999716,
36.083963195,34.650000000000006,1,measurement_to_controller_cmd,,44.801032,True
36.084054107,34.650000000000006,1,controller_to_actual_cmd,,0.09091199999999999,
36.084150984000004,34.650000000000006,1,control_period,34.65,49.99999999999716,
36.084239491000005,34.650000000000006,2,controller_to_actual_cmd,,1.22678,
36.084313231,34.650000000000006,2,control_period,34.65,49.99999999999716,
36.084380354000004,34.650000000000006,3,controller_to_actual_cmd,,1.299342,
36.117379616,34.685,1,camera_to_measurement,34.655,19.353203999999998,True
36.117545504,34.685,1,detector_inference,,16.38207244873047,
36.117665447,34.685,2,detector_inference,,10.0328950881958,
36.120382353000004,34.685,3,detector_inference,,9.67081356048584,
36.121306680000004,34.690000000000005,3,camera_to_measurement,34.655,13.443316999999999,True
36.132754433,34.7,1,measurement_to_controller_cmd,,15.374817,True
36.132870962000005,34.7,2,measurement_to_controller_cmd,,14.347379,True
36.133009325,34.7,2,control_period,34.7,50.00000000000426,
36.133112906,34.7,3,measurement_to_controller_cmd,,11.806225999999999,True
36.133221408000004,34.7,3,controller_to_actual_cmd,,0.108502,
36.133338198000004,34.7,3,control_period,34.7,50.00000000000426,
36.133995179,34.7,1,controller_to_actual_cmd,,1.240746,
36.134098507000004,34.7,1,control_period,34.7,50.00000000000426,
36.134175344,34.7,2,controller_to_actual_cmd,,1.304382,
36.16910707,34.735,1,detector_inference,,8.868239402770996,
36.16958408,34.735,1,camera_to_measurement,34.72,9.702547,True
36.173054461,34.74,2,detector_inference,,8.237391471862793,
36.173552692,34.74,2,camera_to_measurement,34.72,9.670038,True
36.182770115000004,34.75,1,measurement_to_controller_cmd,,13.186034999999999,True
36.182869589,34.75,1,control_period,34.75,49.99999999999716,
36.182913172,34.75,2,measurement_to_controller_cmd,,9.360479999999999,True
36.18295537,34.75,2,control_period,34.75,49.99999999999716,
36.182995581,34.75,3,controller_to_actual_cmd,,0.5737709999999999,
36.183039255000004,34.75,3,control_period,34.75,49.99999999999716,
36.183494322,34.75,1,controller_to_actual_cmd,,0.7242069999999999,
36.183570141000004,34.75,2,controller_to_actual_cmd,,0.656969,
36.232557594,34.800000000000004,1,controller_to_actual_cmd,,0.058844,
36.232644933,34.800000000000004,1,control_period,34.8,49.99999999999716,
36.232741103,34.800000000000004,2,control_period,34.8,49.99999999999716,
36.232821922,34.800000000000004,3,controller_to_actual_cmd,,0.035597,
36.232877957,34.800000000000004,3,control_period,34.8,49.99999999999716,
36.233338778000004,34.800000000000004,2,controller_to_actual_cmd,,0.6404909999999999,
36.233660185000005,34.800000000000004,2,detector_inference,,7.486876010894775,
36.233988959,34.800000000000004,2,camera_to_measurement,34.785,8.336686,True
36.242919574000005,34.81,3,detector_inference,,10.050911903381348,
36.243625638000005,34.81,3,camera_to_measurement,34.785,12.321257,True
36.282602832,34.85,1,control_period,34.85,50.00000000000426,
36.282672733000005,34.85,3,measurement_to_controller_cmd,,39.047095,True
36.282753299,34.85,3,control_period,34.85,50.00000000000426,
36.283342055000006,34.85,1,controller_to_actual_cmd,,0.8185669999999999,
36.283586824000004,34.85,2,measurement_to_controller_cmd,,49.597865,True
36.283787699,34.85,2,control_period,34.85,50.00000000000426,
36.283899328000004,34.85,3,controller_to_actual_cmd,,1.2265949999999999,
36.284735372,34.85,2,controller_to_actual_cmd,,1.148548,
36.308491556,34.875,3,detector_inference,,5.9308600425720215,
36.308856737,34.875,3,camera_to_measurement,34.85,7.230207,True
36.332718625000005,34.900000000000006,2,control_period,34.9,49.99999999999716,
36.332773081,34.900000000000006,3,measurement_to_controller_cmd,,23.916344,True
36.332820541000004,34.900000000000006,3,control_period,34.9,49.99999999999716,
36.333227291,34.900000000000006,1,control_period,34.9,49.99999999999716,
36.333308957,34.900000000000006,2,controller_to_actual_cmd,,0.658422,
36.333370373,34.900000000000006,3,controller_to_actual_cmd,,0.5972919999999999,
36.333684229,34.900000000000006,1,controller_to_actual_cmd,,0.530258,
36.368981154000004,34.935,1,camera_to_measurement,34.915,13.447642,True
36.369053910000005,34.935,1,detector_inference,,8.720466613769531,
36.374613316,34.940000000000005,2,detector_inference,,11.29703140258789,
36.375237876,34.940000000000005,2,camera_to_measurement,34.915,14.839595999999998,True
36.382939625,34.95,1,measurement_to_controller_cmd,,13.958471,True
36.383092864000005,34.95,2,measurement_to_controller_cmd,,7.854988,True
36.383278260000004,34.95,2,control_period,34.95,50.00000000000426,
36.383511845,34.95,3,controller_to_actual_cmd,,0.100612,
36.383653381,34.95,3,control_period,34.95,50.00000000000426,
36.384476829,34.95,1,controller_to_actual_cmd,,1.537204,
36.38465801,34.95,1,control_period,34.95,50.00000000000426,
36.384783905,34.95,2,controller_to_actual_cmd,,1.691041,
36.388458691000004,34.955000000000005,3,camera_to_measurement,34.915,20.884721,True
36.388605469000005,34.955000000000005,3,detector_inference,,18.39126205444336,
36.430727365,34.995000000000005,1,detector_inference,,5.764113903045654,
36.432484110000004,35.0,1,camera_to_measurement,34.985,9.191778,True
36.433244203,35.0,1,measurement_to_controller_cmd,,0.760093,True
36.433337416,35.0,1,controller_to_actual_cmd,,0.09321299999999999,
36.433442308000004,35.0,1,control_period,35.0,49.99999999999716,
36.43360254,35.0,2,controller_to_actual_cmd,,0.06912599999999999,
36.433699952000005,35.0,2,control_period,35.0,49.99999999999716,
36.433791354,35.0,3,measurement_to_controller_cmd,,45.332663,True
36.433883829,35.0,3,controller_to_actual_cmd,,0.092475,
36.433983036,35.0,3,control_period,35.0,49.99999999999716,
36.482489386000005,35.050000000000004,1,control_period,35.05,49.99999999999716,
36.483173263000005,35.050000000000004,1,controller_to_actual_cmd,,0.7936829999999999,
36.48331515,35.050000000000004,2,controller_to_actual_cmd,,0.741717,
36.483412949000005,35.050000000000004,2,control_period,35.05,49.99999999999716,
36.483476752,35.050000000000004,3,control_period,35.05,49.99999999999716,
36.483984435,35.050000000000004,3,controller_to_actual_cmd,,1.359059,
36.508652805000004,35.075,3,detector_inference,,5.746936798095703,
36.509330775,35.075,3,camera_to_measurement,35.05,7.707859,True
36.531997492,35.1,3,measurement_to_controller_cmd,,22.666717,True
36.53246765,35.1,1,control_period,35.1,50.00000000000426,
36.532548923,35.1,2,control_period,35.1,50.00000000000426,
36.532593081,35.1,3,control_period,35.1,50.00000000000426,
36.532897795000004,35.1,2,controller_to_actual_cmd,,0.386466,
36.533181803000005,35.1,1,controller_to_actual_cmd,,0.7743289999999999,
36.533471489,35.1,3,controller_to_actual_cmd,,1.473997,
36.579128658,35.145,3,detector_inference,,9.809529304504395,
36.579566663,35.145,3,camera_to_measurement,35.115,11.626054,True
36.582357606,35.150000000000006,1,control_period,35.15,49.99999999999716,
36.582560480000005,35.150000000000006,2,control_period,35.15,49.99999999999716,
36.582621082,35.150000000000006,3,measurement_to_controller_cmd,,3.0544189999999998,True
36.582689779,35.150000000000006,3,control_period,35.15,49.99999999999716,
36.583106577,35.150000000000006,1,controller_to_actual_cmd,,0.832194,
36.583157629000006,35.150000000000006,2,controller_to_actual_cmd,,0.660945,
36.583210353000005,35.150000000000006,3,controller_to_actual_cmd,,0.589271,
36.633383147,35.2,2,control_period,35.2,50.00000000000426,
36.633646881000004,35.2,3,control_period,35.2,50.00000000000426,
36.63445024,35.2,1,controller_to_actual_cmd,,1.379243,
36.634607783,35.2,1,control_period,35.2,50.00000000000426,
36.634748482,35.2,2,controller_to_actual_cmd,,1.559661,
36.634861674,35.2,3,controller_to_actual_cmd,,1.333731,
36.635576531000005,35.2,2,detector_inference,,9.1231050491333,
36.646990782,35.215,3,camera_to_measurement,35.18,20.147205,True
36.647087486000004,35.215,3,detector_inference,,16.96636962890625,
36.682324541,35.25,1,control_period,35.25,49.99999999999716,
36.68241304,35.25,3,measurement_to_controller_cmd,,35.422258,True
36.682487635,35.25,3,control_period,35.25,49.99999999999716,
36.683447191,35.25,1,controller_to_actual_cmd,,1.21823,
36.683554093000005,35.25,2,measurement_to_controller_cmd,,48.053853,True
36.683610318,35.25,3,controller_to_actual_cmd,,1.1972779999999998,
36.684123758000005,35.25,2,controller_to_actual_cmd,,0.569665,
36.684332222,35.25,2,control_period,35.25,49.99999999999716,
36.708845189,35.275000000000006,1,detector_inference,,15.51907730102539,
36.709544365,35.275000000000006,1,camera_to_measurement,35.245,18.074084,True
36.709684136,35.275000000000006,3,camera_to_measurement,35.245,11.465027,True
36.709774069000005,35.275000000000006,3,detector_inference,,8.229453086853027,
36.732524742,35.300000000000004,1,measurement_to_controller_cmd,,22.980377,True
36.732592528000005,35.300000000000004,1,controller_to_actual_cmd,,0.067786,
36.732661293,35.300000000000004,1,control_period,35.3,49.99999999999716,
36.73274833,35.300000000000004,2,control_period,35.3,49.99999999999716,
36.732787694,35.300000000000004,3,measurement_to_controller_cmd,,23.103558,True
36.732831122,35.300000000000004,3,control_period,35.3,49.99999999999716,
36.733268024000004,35.300000000000004,2,controller_to_actual_cmd,,0.557286,
36.733311473,35.300000000000004,3,controller_to_actual_cmd,,0.523779,
36.769898619,35.335,2,detector_inference,,8.146382331848145,
36.770898287,35.335,2,camera_to_measurement,35.315,11.901575999999999,True
36.772296694000005,35.34,3,camera_to_measurement,35.315,8.622117,True
36.77238131,35.34,3,detector_inference,,7.15814208984375,
36.782135025,35.35,2,measurement_to_controller_cmd,,11.236737999999999,True
36.782225753,35.35,2,controller_to_actual_cmd,,0.09072799999999999,
36.783254426,35.35,2,control_period,35.35,50.00000000000426,
36.783400801,35.35,3,measurement_to_controller_cmd,,11.104106999999999,True
36.783485538,35.35,3,controller_to_actual_cmd,,0.08473699999999999,
36.783578446,35.35,3,control_period,35.35,50.00000000000426,
36.784348511000005,35.35,1,controller_to_actual_cmd,,0.063444,
36.784445997,35.35,1,control_period,35.35,50.00000000000426,
36.832665547000005,35.400000000000006,1,control_period,35.4,49.99999999999716,
36.832902999000005,35.400000000000006,3,control_period,35.4,49.99999999999716,
36.833566512000004,35.400000000000006,1,controller_to_actual_cmd,,1.053156,
36.833759202,35.400000000000006,2,controller_to_actual_cmd,,0.07908699999999999,
36.83387478,35.400000000000006,2,control_period,35.4,49.99999999999716,
36.833969247,35.400000000000006,3,controller_to_actual_cmd,,1.173053,
36.836518177,35.405,1,detector_inference,,16.008651733398438,
36.837907925,35.405,2,camera_to_measurement,35.38,13.65944,True
36.838017521000005,35.405,2,detector_inference,,11.643295288085938,
36.838659002,35.405,3,camera_to_measurement,35.38,11.848041,True
36.838755172,35.405,3,detector_inference,,9.282219886779785,
36.883137854000005,35.45,1,measurement_to_controller_cmd,,45.866783,True
36.883300483,35.45,1,controller_to_actual_cmd,,0.162629,
36.883495506,35.45,1,control_period,35.45,50.00000000000426,
36.884327201000005,35.45,2,measurement_to_controller_cmd,,46.419275999999996,True
36.884472779,35.45,2,controller_to_actual_cmd,,0.14557799999999999,
36.884642702,35.45,2,control_period,35.45,50.00000000000426,
36.884771166,35.45,3,measurement_to_controller_cmd,,46.112164,True
36.88488824,35.45,3,controller_to_actual_cmd,,0.117074,
36.885040568,35.45,3,control_period,35.45,50.00000000000426,
36.907153614,35.475,1,camera_to_measurement,35.445,17.289105,True
36.907320124,35.475,1,detector_inference,,14.085826873779297,
36.907412022,35.475,3,camera_to_measurement,35.445,10.007785,True
36.907456131,35.475,3,detector_inference,,8.16604232788086,
36.932385935,35.5,3,measurement_to_controller_cmd,,24.973913,True
36.932773505,35.5,1,measurement_to_controller_cmd,,25.619891,True
36.932813823000004,35.5,1,controller_to_actual_cmd,,0.040318,
36.932874239,35.5,1,control_period,35.5,49.99999999999716,
36.932939029,35.5,2,controller_to_actual_cmd,,0.029012999999999997,
36.932978905,35.5,2,control_period,35.5,49.99999999999716,
36.933014254,35.5,3,controller_to_actual_cmd,,0.628319,
36.933061084,35.5,3,control_period,35.5,49.99999999999716,
36.968467374,35.535000000000004,1,detector_inference,,15.850744247436523,
36.968977539,35.535000000000004,1,camera_to_measurement,35.51,17.552291,True
36.969475074,35.535000000000004,2,camera_to_measurement,35.51,15.021021,True
36.969569658000005,35.535000000000004,2,detector_inference,,12.00272274017334,
36.969625809,35.535000000000004,3,detector_inference,,9.322190284729004,
36.970257225000005,35.535000000000004,3,camera_to_measurement,35.51,11.657314,True
36.981860042,35.550000000000004,2,measurement_to_controller_cmd,,12.384967999999999,True
36.981961495,35.550000000000004,3,measurement_to_controller_cmd,,11.70427,True
36.98242166,35.550000000000004,1,measurement_to_controller_cmd,,13.444120999999999,True
36.982486483,35.550000000000004,1,control_period,35.55,49.99999999999716,
36.982523643,35.550000000000004,2,controller_to_actual_cmd,,0.663601,
36.982562560000005,35.550000000000004,2,control_period,35.55,49.99999999999716,
36.98259582,35.550000000000004,3,controller_to_actual_cmd,,0.6343249999999999,
36.982630942,35.550000000000004,3,control_period,35.55,49.99999999999716,
36.982899987,35.550000000000004,1,controller_to_actual_cmd,,0.478327,
37.024826822,35.59,1,detector_inference,,8.806645393371582,
37.025350062,35.59,1,camera_to_measurement,35.575,10.744779999999999,True
37.032344266,35.6,1,measurement_to_controller_cmd,,6.994204,True
37.032545024,35.6,1,control_period,35.6,50.00000000000426,
37.032793871,35.6,3,controller_to_actual_cmd,,0.10270699999999999,
37.032942631000004,35.6,3,control_period,35.6,50.00000000000426,
37.03357779,35.6,1,controller_to_actual_cmd,,1.2335239999999998,
37.033742666,35.6,2,controller_to_actual_cmd,,0.067914,
37.033844961,35.6,2,control_period,35.6,50.00000000000426,
37.03643752,35.605000000000004,3,camera_to_measurement,35.575,12.713287999999999,True
37.03655363,35.605000000000004,3,detector_inference,,10.964262962341309,
37.082614461000006,35.650000000000006,3,measurement_to_controller_cmd,,46.176941,True
37.082816727,35.650000000000006,3,control_period,35.65,49.99999999999716,
37.083697495,35.650000000000006,1,control_period,35.65,49.99999999999716,
37.083937282,35.650000000000006,2,controller_to_actual_cmd,,0.093916,
37.084088895,35.650000000000006,2,control_period,35.65,49.99999999999716,
37.084200606,35.650000000000006,3,controller_to_actual_cmd,,1.586145,
37.088961334000004,35.655,1,controller_to_actual_cmd,,5.430775,
37.103537415000005,35.67,1,detector_inference,,14.372296333312988,
37.104222206,35.67,1,camera_to_measurement,35.645,16.459526,True
37.112656382000004,35.68,2,detector_inference,,13.968293190002441,
37.112815444,35.68,3,camera_to_measurement,35.645,11.631128,True
37.112909155000004,35.68,3,detector_inference,,9.213255882263184,
37.113555535,35.68,2,camera_to_measurement,35.645,17.27566,True
37.132436988,35.7,3,measurement_to_controller_cmd,,19.621544,True
37.132514512,35.7,3,controller_to_actual_cmd,,0.077524,
37.132601141,35.7,3,control_period,35.7,50.00000000000426,
37.132939542,35.7,1,measurement_to_controller_cmd,,28.717336,True
37.132983858,35.7,1,controller_to_actual_cmd,,0.044316,
37.133051647,35.7,1,control_period,35.7,50.00000000000426,
37.133091084,35.7,2,measurement_to_controller_cmd,,19.535549,True
37.133124693,35.7,2,controller_to_actual_cmd,,0.033609,
37.133163319000005,35.7,2,control_period,35.7,50.00000000000426,
37.170356104,35.735,1,detector_inference,,19.404476165771484,
37.171192417,35.735,1,camera_to_measurement,35.71,21.660292,True
37.171922235000004,35.74,2,camera_to_measurement,35.71,16.974601,True
37.172010035,35.74,2,detector_inference,,12.99523639678955,
37.172080714,35.74,3,detector_inference,,12.36354923248291,
37.172543326,35.74,3,camera_to_measurement,35.71,14.401636,True
37.182227284,35.75,2,measurement_to_controller_cmd,,10.305049,True
37.183011089000004,35.75,1,measurement_to_controller_cmd,,11.818672,True
37.183096319,35.75,1,control_period,35.75,49.99999999999716,
37.183148985,35.75,2,controller_to_actual_cmd,,0.921701,
37.183192033000005,35.75,2,control_period,35.75,49.99999999999716,
37.183239768,35.75,3,measurement_to_controller_cmd,,10.696442,True
37.183276662000004,35.75,3,controller_to_actual_cmd,,0.036893999999999996,
37.183322869,35.75,3,control_period,35.75,49.99999999999716,
37.183684564,35.75,1,controller_to_actual_cmd,,0.6734749999999999,
37.22758306,35.795,1,camera_to_measurement,35.775,10.426556999999999,True
37.227690724000006,35.795,1,detector_inference,,7.110630989074707,
37.233069451000006,35.800000000000004,1,measurement_to_controller_cmd,,5.486390999999999,True
37.23313168,35.800000000000004,1,controller_to_actual_cmd,,0.062229,
37.233230349,35.800000000000004,1,control_period,35.8,49.99999999999716,
37.233322641,35.800000000000004,2,controller_to_actual_cmd,,0.043873999999999996,
37.233374044,35.800000000000004,2,control_period,35.8,49.99999999999716,
37.233425561000004,35.800000000000004,3,camera_to_measurement,35.775,8.164569,True
37.233480209,35.800000000000004,3,detector_inference,,6.246370792388916,
37.233518518000004,35.800000000000004,3,measurement_to_controller_cmd,,0.092957,True
37.233563464,35.800000000000004,3,controller_to_actual_cmd,,0.044946,
37.233609767000004,35.800000000000004,3,control_period,35.8,49.99999999999716,
37.283050266000004,35.85,1,control_period,35.85,50.00000000000426,
37.283385201,35.85,3,control_period,35.85,50.00000000000426,
37.284420336000004,35.85,3,controller_to_actual_cmd,,1.201987,
37.285298164000004,35.85,1,controller_to_actual_cmd,,2.4351179999999997,
37.285527914,35.85,2,control_period,35.85,50.00000000000426,
37.290016248,35.855000000000004,2,controller_to_actual_cmd,,5.697881,
37.302019377,35.870000000000005,2,camera_to_measurement,35.84,12.350052,True
37.30213079,35.870000000000005,2,detector_inference,,9.834711074829102,
37.302646848,35.870000000000005,1,detector_inference,,16.70025634765625,
37.310008201,35.875,3,detector_inference,,7.452372074127197,
37.310680172000005,35.875,3,camera_to_measurement,35.84,10.736269,True
37.332569337,35.900000000000006,2,measurement_to_controller_cmd,,30.54996,True
37.332643892,35.900000000000006,2,controller_to_actual_cmd,,0.074555,
37.33276713,35.900000000000006,2,control_period,35.9,49.99999999999716,
37.332839921,35.900000000000006,3,measurement_to_controller_cmd,,22.159748999999998,True
37.3329163,35.900000000000006,3,control_period,35.9,49.99999999999716,
37.333304872,35.900000000000006,1,measurement_to_controller_cmd,,30.701878999999998,True
37.333373116000004,35.900000000000006,1,control_period,35.9,49.99999999999716,
37.333417616000006,35.900000000000006,3,controller_to_actual_cmd,,0.577695,
37.333727884000005,35.900000000000006,1,controller_to_actual_cmd,,0.423012,
37.364907175,35.93,2,detector_inference,,10.343928337097168,
37.365720545,35.93,2,camera_to_measurement,35.905,13.200013,True
37.365831602,35.93,3,camera_to_measurement,35.905,10.619708,True
37.36589396,35.93,3,detector_inference,,7.105230808258057,
37.382420054,35.95,1,control_period,35.95,50.00000000000426,
37.382527815,35.95,2,measurement_to_controller_cmd,,16.80727,True
37.382614461,35.95,2,controller_to_actual_cmd,,0.086646,
37.382737323,35.95,2,control_period,35.95,50.00000000000426,
37.383368981000004,35.95,1,controller_to_actual_cmd,,1.083377,
37.383477707000004,35.95,3,measurement_to_controller_cmd,,17.646105,True
37.383561423,35.95,3,controller_to_actual_cmd,,0.083716,
37.383667723,35.95,3,control_period,35.95,50.00000000000426,
37.428688246,35.995000000000005,2,detector_inference,,9.632587432861328,
37.429334665,35.995000000000005,2,camera_to_measurement,35.975,11.494074999999999,True
37.429938502,35.995000000000005,3,camera_to_measurement,35.975,9.060549,True
37.430013803,35.995000000000005,3,detector_inference,,7.525848865509033,
37.431613432,36.0,2,measurement_to_controller_cmd,,2.2787669999999998,True
37.432131003,36.0,1,controller_to_actual_cmd,,0.043741999999999996,
37.432219981,36.0,1,control_period,36.0,49.99999999999716,
37.432276039,36.0,2,control_period,36.0,49.99999999999716,
37.432315027,36.0,3,measurement_to_controller_cmd,,2.376525,True
37.432371909000004,36.0,3,control_period,36.0,49.99999999999716,
37.432676809,36.0,2,controller_to_actual_cmd,,1.063377,
37.432720381,36.0,3,controller_to_actual_cmd,,0.405354,
37.485986620000006,36.050000000000004,1,control_period,36.05,49.99999999999716,
37.486389154,36.050000000000004,2,control_period,36.05,49.99999999999716,
37.486562846000005,36.050000000000004,3,controller_to_actual_cmd,,1.962707,
37.486718338,36.050000000000004,3,control_period,36.05,49.99999999999716,
37.487664164,36.050000000000004,1,controller_to_actual_cmd,,1.8549719999999998,
37.487829633000004,36.050000000000004,2,controller_to_actual_cmd,,1.636622,
37.504269643,36.07,1,camera_to_measurement,36.04,20.966257,True
37.504416797000005,36.07,1,detector_inference,,16.958030700683594,
37.505189787,36.07,2,detector_inference,,13.339605331420898,
37.511923848,36.080000000000005,3,camera_to_measurement,36.04,14.331394,True
37.512002968000004,36.080000000000005,3,detector_inference,,11.063370704650879,
37.532259459,36.1,3,measurement_to_controller_cmd,,20.335611,True
37.532391351,36.1,3,control_period,36.1,50.00000000000426,
37.532949439,36.1,1,measurement_to_controller_cmd,,28.679796,True
37.533055726,36.1,1,control_period,36.1,50.00000000000426,
37.533107268,36.1,2,measurement_to_controller_cmd,,28.007576,True
37.533179341,36.1,3,controller_to_actual_cmd,,0.919882,
37.533562036,36.1,1,controller_to_actual_cmd,,0.612597,
37.533613093,36.1,2,controller_to_actual_cmd,,0.505825,
37.533673378,36.1,2,control_period,36.1,50.00000000000426,
37.561820586,36.13,2,camera_to_measurement,36.105,9.885759,True
37.561925059000004,36.13,2,detector_inference,,7.802631855010986,
37.562445147000005,36.13,1,camera_to_measurement,36.105,16.04334,True
37.562494952,36.13,1,detector_inference,,15.193074226379395,
37.582107072,36.150000000000006,2,measurement_to_controller_cmd,,20.286486,True
37.582270429000005,36.150000000000006,2,control_period,36.15,49.99999999999716,
37.582397276,36.150000000000006,3,controller_to_actual_cmd,,0.052428999999999996,
37.582478978000005,36.150000000000006,3,control_period,36.15,49.99999999999716,
37.583004117,36.150000000000006,1,measurement_to_controller_cmd,,20.55897,True
37.583052949,36.150000000000006,1,controller_to_actual_cmd,,0.048832,
37.583102877,36.150000000000006,1,control_period,36.15,49.99999999999716,
37.583139264,36.150000000000006,2,controller_to_actual_cmd,,1.032192,
37.623169827000005,36.190000000000005,1,camera_to_measurement,36.17,11.696209,True
37.623238805,36.190000000000005,1,detector_inference,,10.920354843139648,
37.623919558000004,36.190000000000005,2,camera_to_measurement,36.17,8.849965,True
37.623971127000004,36.190000000000005,2,detector_inference,,8.124077796936035,
37.631765132000005,36.2,1,measurement_to_controller_cmd,,8.595305,True
37.631868664,36.2,1,control_period,36.2,50.00000000000426,
37.632339837,36.2,1,controller_to_actual_cmd,,0.574705,
37.632421271000005,36.2,2,measurement_to_controller_cmd,,8.501712999999999,True
37.632515371000004,36.2,2,control_period,36.2,50.00000000000426,
37.632630321,36.2,3,controller_to_actual_cmd,,0.049754,
37.632708045,36.2,3,control_period,36.2,50.00000000000426,
37.633188173,36.2,2,controller_to_actual_cmd,,0.766902,
37.684537423,36.25,1,control_period,36.25,49.99999999999716,
37.68476818,36.25,3,control_period,36.25,49.99999999999716,
37.685687343000005,36.25,1,controller_to_actual_cmd,,1.2491539999999999,
37.685882124,36.25,2,controller_to_actual_cmd,,1.250943,
37.686080269,36.25,2,control_period,36.25,49.99999999999716,
37.688775121,36.25,3,controller_to_actual_cmd,,4.0846279999999995,
37.694032077,36.260000000000005,2,camera_to_measurement,36.235,14.205343,True
37.694154193,36.260000000000005,2,detector_inference,,12.43642520904541,
37.695244043,36.260000000000005,1,detector_inference,,16.11363983154297,
37.695968300000004,36.265,1,camera_to_measurement,36.235,19.123618999999998,True
37.73264298,36.300000000000004,1,measurement_to_controller_cmd,,36.674679999999995,True
37.732786609,36.300000000000004,1,controller_to_actual_cmd,,0.143629,
37.732922157000004,36.300000000000004,1,control_period,36.3,49.99999999999716,
37.733065369,36.300000000000004,2,measurement_to_controller_cmd,,39.033291999999996,True
37.733165658000004,36.300000000000004,2,control_period,36.3,49.99999999999716,
37.733520483,36.300000000000004,2,controller_to_actual_cmd,,0.45511399999999996,
37.733604475,36.300000000000004,3,controller_to_actual_cmd,,0.038938,
37.733652094,36.300000000000004,3,control_period,36.3,49.99999999999716,
37.767770074000005,36.335,1,camera_to_measurement,36.305,21.42157,True
37.767900021,36.335,1,detector_inference,,17.430057525634766,
37.769326249,36.335,2,detector_inference,,13.906719207763672,
37.769976226000004,36.335,3,camera_to_measurement,36.305,14.587083,True
37.770072432,36.335,3,detector_inference,,11.680516242980957,
37.782045622000005,36.35,1,measurement_to_controller_cmd,,14.275547999999999,True
37.782134792,36.35,1,control_period,36.35,50.00000000000426,
37.782186099,36.35,2,measurement_to_controller_cmd,,12.96964,True
37.782230103,36.35,2,controller_to_actual_cmd,,0.044004,
37.782272418000005,36.35,2,control_period,36.35,50.00000000000426,
37.782305913,36.35,3,measurement_to_controller_cmd,,12.329687,True
37.782337081,36.35,3,controller_to_actual_cmd,,0.031167999999999998,
37.782373874,36.35,3,control_period,36.35,50.00000000000426,
37.782647901000004,36.35,1,controller_to_actual_cmd,,0.602279,
37.828111006,36.395,3,detector_inference,,8.53454303741455,
37.828746656,36.395,2,camera_to_measurement,36.37,14.894639999999999,True
37.828845852,36.395,2,detector_inference,,13.645216941833496,
37.828950928000005,36.395,3,camera_to_measurement,36.37,11.927126,True
37.832300428,36.400000000000006,1,control_period,36.4,49.99999999999716,
37.832405893,36.400000000000006,3,measurement_to_controller_cmd,,3.454965,True
37.832521382,36.400000000000006,3,control_period,36.4,49.99999999999716,
37.83306823,36.400000000000006,1,controller_to_actual_cmd,,0.9042509999999999,
37.833156742,36.400000000000006,2,measurement_to_controller_cmd,,4.410086,True
37.833269212000005,36.400000000000006,2,controller_to_actual_cmd,,0.11247,
37.833383469000005,36.400000000000006,2,control_period,36.4,49.99999999999716,
37.833434955,36.400000000000006,3,controller_to_actual_cmd,,1.029062,
37.885351086,36.45,1,controller_to_actual_cmd,,0.184583,
37.885601433000005,36.45,1,control_period,36.45,50.00000000000426,
37.88587425,36.45,2,controller_to_actual_cmd,,0.126812,
37.886024317,36.45,2,control_period,36.45,50.00000000000426,
37.886316129,36.45,3,controller_to_actual_cmd,,0.142998,
37.886468829,36.45,3,control_period,36.45,50.00000000000426,
37.893131658,36.46,1,detector_inference,,11.451708793640137,
37.905031766,36.47,3,camera_to_measurement,36.435,10.505561,True
37.905114258000005,36.47,3,detector_inference,,8.496232986450195,
37.905598274,36.47,2,detector_inference,,19.053396224975586,
37.906365012,36.475,2,camera_to_measurement,36.435,22.526183,True
37.932585870000004,36.5,1,measurement_to_controller_cmd,,39.576271,True
37.93271635,36.5,1,controller_to_actual_cmd,,0.13047999999999998,
37.932858131,36.5,1,control_period,36.5,49.99999999999716,
37.932958903,36.5,2,measurement_to_controller_cmd,,26.593891,True
37.933078612,36.5,2,control_period,36.5,49.99999999999716,
37.933733445,36.5,2,controller_to_actual_cmd,,0.774542,
37.9338433,36.5,3,measurement_to_controller_cmd,,28.811533999999998,True
37.933944077,36.5,3,controller_to_actual_cmd,,0.10077699999999999,
37.934050588000005,36.5,3,control_period,36.5,49.99999999999716,
37.953709095,36.52,1,detector_inference,,10.017760276794434,
37.954087489,36.52,1,camera_to_measurement,36.5,11.896633,True
37.96224549,36.53,3,detector_inference,,6.5155229568481445,
37.981928339,36.550000000000004,1,measurement_to_controller_cmd,,27.84085,True
37.982043863,36.550000000000004,1,controller_to_actual_cmd,,0.115524,
37.982154159000004,36.550000000000004,1,control_period,36.55,49.99999999999716,
37.982278358,36.550000000000004,3,measurement_to_controller_cmd,,19.43284,True
37.982348602,36.550000000000004,3,controller_to_actual_cmd,,0.070244,
37.982429965,36.550000000000004,3,control_period,36.55,49.99999999999716,
37.982981537,36.550000000000004,2,controller_to_actual_cmd,,0.036969999999999996,
37.983041078,36.550000000000004,2,control_period,36.55,49.99999999999716,
38.015528255,36.580000000000005,2,detector_inference,,7.2027058601379395,
38.016357598,36.585,2,camera_to_measurement,36.565,10.594216,True
38.031951561,36.6,1,controller_to_actual_cmd,,0.061645,
38.032057613,36.6,1,control_period,36.6,50.00000000000426,
38.032136166,36.6,2,measurement_to_controller_cmd,,15.778568,True
38.032257316,36.6,2,control_period,36.6,50.00000000000426,
38.032541777000006,36.6,2,controller_to_actual_cmd,,0.405611,
38.032621687,36.6,3,control_period,36.6,50.00000000000426,
38.03285605,36.6,3,controller_to_actual_cmd,,0.273864,
38.082827291,36.650000000000006,1,control_period,36.65,49.99999999999716,
38.083358388,36.650000000000006,1,controller_to_actual_cmd,,0.621027,
38.083422462,36.650000000000006,2,controller_to_actual_cmd,,0.521196,
38.083495232000004,36.650000000000006,2,control_period,36.65,49.99999999999716,
38.083568025000005,36.650000000000006,3,control_period,36.65,49.99999999999716,
38.083926361,36.650000000000006,3,controller_to_actual_cmd,,0.39200799999999997,
38.094051519000004,36.660000000000004,3,detector_inference,,10.906388282775879,
38.094728568,36.660000000000004,2,camera_to_measurement,36.635,18.358591999999998,True
38.094824338,36.660000000000004,2,detector_inference,,15.39474105834961,
38.094921799000005,36.660000000000004,3,camera_to_measurement,36.635,15.26691,True
38.132334164,36.7,2,measurement_to_controller_cmd,,37.605596,True
38.133224004000006,36.7,1,control_period,36.7,50.00000000000426,
38.133288820000004,36.7,2,control_period,36.7,50.00000000000426,
38.133327268,36.7,3,measurement_to_controller_cmd,,38.405469,True
38.133362067,36.7,3,controller_to_actual_cmd,,0.034799,
38.133400966,36.7,3,control_period,36.7,50.00000000000426,
38.133694162000005,36.7,1,controller_to_actual_cmd,,0.5660459999999999,
38.133736805000005,36.7,2,controller_to_actual_cmd,,1.402641,
38.162099567000006,36.730000000000004,2,detector_inference,,11.58553409576416,
38.162738492,36.730000000000004,1,camera_to_measurement,36.7,21.314056,True
38.162837742,36.730000000000004,1,detector_inference,,19.09137725830078,
38.163424697,36.730000000000004,3,camera_to_measurement,36.7,11.235838,True
38.163482444,36.730000000000004,3,detector_inference,,8.19709300994873,
38.181858531,36.75,3,measurement_to_controller_cmd,,18.433834,True
38.181954978,36.75,3,control_period,36.75,49.99999999999716,
38.182385168,36.75,1,measurement_to_controller_cmd,,19.646676,True
38.182468159,36.75,1,control_period,36.75,49.99999999999716,
38.182515493000004,36.75,3,controller_to_actual_cmd,,0.6569619999999999,
38.182846028,36.75,1,controller_to_actual_cmd,,0.46086,
38.182885511,36.75,2,measurement_to_controller_cmd,,20.874861,True
38.182914934,36.75,2,controller_to_actual_cmd,,0.029422999999999998,
38.182959305000004,36.75,2,control_period,36.75,49.99999999999716,
38.222448256,36.79,2,detector_inference,,9.244694709777832,
38.222990174,36.79,2,camera_to_measurement,36.765,11.614384999999999,True
38.223374039,36.79,1,camera_to_measurement,36.765,16.428456999999998,True
38.223427259000005,36.79,1,detector_inference,,16.708696365356445,
38.232841996000005,36.800000000000004,1,measurement_to_controller_cmd,,9.467957,True
38.233015033,36.800000000000004,1,control_period,36.8,49.99999999999716,
38.233121962000006,36.800000000000004,2,measurement_to_controller_cmd,,10.131788,True
38.233235501,36.800000000000004,2,controller_to_actual_cmd,,0.113539,
38.233351419,36.800000000000004,2,control_period,36.8,49.99999999999716,
38.233520821,36.800000000000004,3,controller_to_actual_cmd,,0.07353,
38.233626843,36.800000000000004,3,control_period,36.8,49.99999999999716,
38.234327759,36.800000000000004,1,controller_to_actual_cmd,,1.485763,
38.283508944000005,36.85,1,controller_to_actual_cmd,,0.99356,
38.283788642000005,36.85,1,control_period,36.85,50.00000000000426,
38.284064452,36.85,2,controller_to_actual_cmd,,0.125628,
38.284263883,36.85,2,control_period,36.85,50.00000000000426,
38.284388124,36.85,3,controller_to_actual_cmd,,1.7474729999999998,
38.2845175,36.85,3,control_period,36.85,50.00000000000426,
38.299364449,36.865,3,detector_inference,,18.83149528503418,
38.333017192,36.900000000000006,1,control_period,36.9,49.99999999999716,
38.333126449000005,36.900000000000006,2,control_period,36.9,49.99999999999716,
38.333168693000005,36.900000000000006,3,measurement_to_controller_cmd,,33.88716,True
38.333225306,36.900000000000006,3,control_period,36.9,49.99999999999716,
38.333664246000005,36.900000000000006,1,controller_to_actual_cmd,,0.726966,
38.333718277,36.900000000000006,2,controller_to_actual_cmd,,0.6340749999999999,
38.333760628,36.900000000000006,3,controller_to_actual_cmd,,0.591935,
38.353264933000005,36.92,2,detector_inference,,11.409903526306152,
38.353325369000004,36.92,3,detector_inference,,7.184645175933838,
38.353702103,36.92,3,camera_to_measurement,36.895,9.063055,True
38.382335368,36.95,1,controller_to_actual_cmd,,0.08007299999999999,
38.382471592,36.95,1,control_period,36.95,50.00000000000426,
38.382568659,36.95,3,measurement_to_controller_cmd,,28.866556,True
38.382689892,36.95,3,control_period,36.95,50.00000000000426,
38.383231037,36.95,2,measurement_to_controller_cmd,,29.574032,True
38.38331548,36.95,2,controller_to_actual_cmd,,0.08444299999999999,
38.383403225,36.95,2,control_period,36.95,50.00000000000426,
38.383472627,36.95,3,controller_to_actual_cmd,,0.903968,
38.425599687,36.99,1,detector_inference,,19.11556053161621,
38.426416595,36.995000000000005,1,camera_to_measurement,36.965,22.22909,True
38.426523522000004,36.995000000000005,2,detector_inference,,14.649018287658691,
38.426630793,36.995000000000005,3,camera_to_measurement,36.965,13.368027999999999,True
38.426723606,36.995000000000005,3,detector_inference,,11.352387428283691,
38.432172730000005,37.0,1,measurement_to_controller_cmd,,5.756135,True
38.432274682,37.0,1,control_period,37.0,49.99999999999716,
38.432333657,37.0,2,measurement_to_controller_cmd,,5.017112,True
38.432373343,37.0,3,measurement_to_controller_cmd,,5.74255,True
38.432407665,37.0,3,controller_to_actual_cmd,,0.034322,
38.432449908,37.0,3,control_period,37.0,49.99999999999716,
38.432736338000005,37.0,1,controller_to_actual_cmd,,0.563608,
38.432778132,37.0,2,controller_to_actual_cmd,,0.44447499999999995,
38.432820746000004,37.0,2,control_period,37.0,49.99999999999716,
38.482473514000006,37.050000000000004,1,control_period,37.05,49.99999999999716,
38.482691967,37.050000000000004,2,controller_to_actual_cmd,,0.089098,
38.482833026,37.050000000000004,2,control_period,37.05,49.99999999999716,
38.483609209,37.050000000000004,1,controller_to_actual_cmd,,1.271725,
38.483835872,37.050000000000004,3,controller_to_actual_cmd,,0.07811699999999999,
38.483991763000006,37.050000000000004,3,control_period,37.05,49.99999999999716,
38.488077043000004,37.055,3,detector_inference,,9.041707992553711,
38.488801886000005,37.055,3,camera_to_measurement,37.03,10.274567,True
38.534042769,37.1,1,control_period,37.1,50.00000000000426,
38.537161359,37.1,3,measurement_to_controller_cmd,,48.359473,True
38.537838828000005,37.105000000000004,1,controller_to_actual_cmd,,3.9044839999999996,
38.53796482,37.105000000000004,2,controller_to_actual_cmd,,0.037572,
38.53803149,37.105000000000004,2,control_period,37.1,50.00000000000426,
38.538071911,37.105000000000004,3,controller_to_actual_cmd,,0.9105519999999999,
38.538115639000004,37.105000000000004,3,control_period,37.1,50.00000000000426,
38.55841942,37.125,2,detector_inference,,14.831595420837402,
38.559142474000005,37.125,2,camera_to_measurement,37.095,17.488587,True
38.559388886,37.125,3,detector_inference,,7.169940948486328,
38.582125245,37.150000000000006,1,control_period,37.15,49.99999999999716,
38.582200297,37.150000000000006,2,measurement_to_controller_cmd,,23.057823,True
38.582402355,37.150000000000006,2,control_period,37.15,49.99999999999716,
38.582546533000006,37.150000000000006,3,measurement_to_controller_cmd,,23.227121999999998,True
38.582655947,37.150000000000006,3,controller_to_actual_cmd,,0.109414,
38.582784488,37.150000000000006,3,control_period,37.15,49.99999999999716,
38.583397635000004,37.150000000000006,1,controller_to_actual_cmd,,1.368307,
38.583463101,37.150000000000006,2,controller_to_actual_cmd,,1.262804,
38.613344422000004,37.18,1,detector_inference,,12.416683197021484,
38.613775427,37.18,1,camera_to_measurement,37.16,14.2743,True
38.613855607000005,37.18,2,camera_to_measurement,37.16,10.061178,True
38.613894352,37.18,2,detector_inference,,8.111593246459961,
38.631647359000006,37.2,2,measurement_to_controller_cmd,,17.791752,True
38.631734189,37.2,2,control_period,37.2,50.00000000000426,
38.631809202,37.2,3,control_period,37.2,50.00000000000426,
38.632111103,37.2,1,measurement_to_controller_cmd,,18.335676,True
38.632145322,37.2,1,controller_to_actual_cmd,,0.034219,
38.632185416000006,37.2,1,control_period,37.2,50.00000000000426,
38.632228777,37.2,2,controller_to_actual_cmd,,0.581418,
38.632258744000005,37.2,3,controller_to_actual_cmd,,0.483104,
38.677774158000005,37.245000000000005,1,detector_inference,,9.491097450256348,
38.678509293000005,37.245000000000005,1,camera_to_measurement,37.225,11.404038,True
38.682483668,37.25,1,measurement_to_controller_cmd,,3.9743749999999998,True
38.683415321000005,37.25,1,control_period,37.25,49.99999999999716,
38.683520729,37.25,2,controller_to_actual_cmd,,0.8973369999999999,
38.683653477,37.25,2,control_period,37.25,49.99999999999716,
38.683866614,37.25,3,controller_to_actual_cmd,,0.089983,
38.684013626,37.25,3,control_period,37.25,49.99999999999716,
38.684751988,37.25,1,controller_to_actual_cmd,,2.26832,
38.684910368000004,37.25,2,camera_to_measurement,37.225,14.319296,True
38.68501526,37.25,2,detector_inference,,11.518766403198242,
38.691185457,37.260000000000005,3,detector_inference,,13.177092552185059,
38.691861954000004,37.260000000000005,3,camera_to_measurement,37.225,16.506003,True
38.732688790000005,37.300000000000004,2,measurement_to_controller_cmd,,47.778422,True
38.732795954000004,37.300000000000004,2,control_period,37.3,49.99999999999716,
38.733660906000004,37.300000000000004,3,measurement_to_controller_cmd,,41.798952,True
38.733798477,37.300000000000004,3,control_period,37.3,49.99999999999716,
38.734416705,37.300000000000004,1,controller_to_actual_cmd,,0.845808,
38.734497703,37.300000000000004,1,control_period,37.3,49.99999999999716,
38.734543097,37.300000000000004,2,controller_to_actual_cmd,,1.854307,
38.734583309,37.300000000000004,3,controller_to_actual_cmd,,0.922403,
38.755274104,37.32,2,detector_inference,,9.143150329589844,
38.756014569,37.32,2,camera_to_measurement,37.295,12.315202,True
38.756777642,37.325,3,camera_to_measurement,37.295,9.497459,True
38.756877818,37.325,3,detector_inference,,7.955880165100098,
38.782024671,37.35,2,measurement_to_controller_cmd,,26.010102,True
38.782086469,37.35,3,measurement_to_controller_cmd,,25.308826999999997,True
38.782170793000006,37.35,3,control_period,37.35,50.00000000000426,
38.782531474,37.35,1,control_period,37.35,50.00000000000426,
38.782568674000004,37.35,2,controller_to_actual_cmd,,0.544003,
38.78260377,37.35,2,control_period,37.35,50.00000000000426,
38.782636151000005,37.35,3,controller_to_actual_cmd,,0.549682,
38.782859130000006,37.35,1,controller_to_actual_cmd,,0.37678,
38.815390881,37.38,2,detector_inference,,11.21982479095459,
38.815491575,37.38,3,detector_inference,,8.419564247131348,
38.816068248,37.385000000000005,2,camera_to_measurement,37.36,13.375435,True
38.816147764,37.385000000000005,3,camera_to_measurement,37.36,10.703702,True
38.832006178,37.400000000000006,2,measurement_to_controller_cmd,,15.93793,True
38.832141385,37.400000000000006,2,control_period,37.4,49.99999999999716,
38.832241407000005,37.400000000000006,3,measurement_to_controller_cmd,,16.093643,True
38.832339196,37.400000000000006,3,controller_to_actual_cmd,,0.097789,
38.832431855,37.400000000000006,3,control_period,37.4,49.99999999999716,
38.832969818,37.400000000000006,1,controller_to_actual_cmd,,0.056096,
38.833053448,37.400000000000006,1,control_period,37.4,49.99999999999716,
38.833126095000004,37.400000000000006,2,controller_to_actual_cmd,,1.119917,
38.879945537000005,37.445,2,detector_inference,,7.622776985168457,
38.880498664,37.445,1,camera_to_measurement,37.425,13.939240999999999,True
38.880602091,37.445,1,detector_inference,,12.410054206848145,
38.880693645,37.445,2,camera_to_measurement,37.425,9.202418999999999,True
38.882803215,37.45,1,measurement_to_controller_cmd,,2.304551,True
38.882870757,37.45,1,controller_to_actual_cmd,,0.06754199999999999,
38.882948704,37.45,1,control_period,37.45,50.00000000000426,
38.883007953,37.45,3,control_period,37.45,50.00000000000426,
38.883449373000005,37.45,3,controller_to_actual_cmd,,1.271522,
38.885488928,37.45,2,measurement_to_controller_cmd,,4.7952829999999995,True
38.886243093000004,37.45,2,control_period,37.45,50.00000000000426,
38.887019036000005,37.455000000000005,2,controller_to_actual_cmd,,1.530108,
38.888418456000004,37.455000000000005,3,detector_inference,,8.65401554107666,
38.934478885000004,37.5,1,controller_to_actual_cmd,,0.100822,
38.93463049,37.5,1,control_period,37.5,49.99999999999716,
38.934868276,37.5,2,control_period,37.5,49.99999999999716,
38.935666677,37.5,2,controller_to_actual_cmd,,0.9114589999999999,
38.935794687000005,37.5,3,measurement_to_controller_cmd,,47.48645,True
38.935912274,37.5,3,controller_to_actual_cmd,,0.117587,
38.936080044,37.5,3,control_period,37.5,49.99999999999716,
38.94877953,37.515,1,detector_inference,,14.241701126098633,
38.949237525,37.515,1,camera_to_measurement,37.49,16.237804999999998,True
38.952778061000004,37.52,3,detector_inference,,7.0400872230529785,
38.953150173000004,37.52,3,camera_to_measurement,37.49,9.143013,True
38.981894507,37.550000000000004,1,measurement_to_controller_cmd,,32.656982,True
38.981971012,37.550000000000004,1,controller_to_actual_cmd,,0.07650499999999999,
38.982055221,37.550000000000004,1,control_period,37.55,49.99999999999716,
38.982108042,37.550000000000004,3,measurement_to_controller_cmd,,28.957869,True
38.982169457000005,37.550000000000004,3,control_period,37.55,49.99999999999716,
38.982919523,37.550000000000004,2,controller_to_actual_cmd,,0.06805499999999999,
38.983038498,37.550000000000004,2,control_period,37.55,49.99999999999716,
38.983111993,37.550000000000004,3,controller_to_actual_cmd,,1.003951,
39.019030672,37.585,1,camera_to_measurement,37.555,22.329636,True
39.019148858,37.585,1,detector_inference,,19.210168838500977,
39.019875208,37.585,2,camera_to_measurement,37.555,20.249834,True
39.019958221,37.585,2,detector_inference,,16.529254913330078,
39.022567421000005,37.59,3,detector_inference,,14.015559196472168,
39.023307363,37.59,3,camera_to_measurement,37.555,17.916957999999997,True
39.032582462,37.6,3,measurement_to_controller_cmd,,9.275098999999999,True
39.033213083,37.6,1,measurement_to_controller_cmd,,14.182411,True
39.033312741,37.6,1,controller_to_actual_cmd,,0.099658,
39.033421072,37.6,1,control_period,37.6,50.00000000000426,
39.033497269,37.6,2,measurement_to_controller_cmd,,13.622060999999999,True
39.033564658,37.6,2,controller_to_actual_cmd,,0.06738899999999999,
39.033644987,37.6,2,control_period,37.6,50.00000000000426,
39.03370172,37.6,3,controller_to_actual_cmd,,1.1192579999999999,
39.033750272,37.6,3,control_period,37.6,50.00000000000426,
39.082790798000005,37.650000000000006,1,control_period,37.65,49.99999999999716,
39.082995848,37.650000000000006,3,control_period,37.65,49.99999999999716,
39.083841955000004,37.650000000000006,1,controller_to_actual_cmd,,1.174587,
39.084052511,37.650000000000006,2,controller_to_actual_cmd,,0.075558,
39.084192636000004,37.650000000000006,2,control_period,37.65,49.99999999999716,
39.084741053,37.650000000000006,3,controller_to_actual_cmd,,1.843229,
39.088038152,37.655,2,detector_inference,,10.968393325805664,
39.088793478,37.655,2,camera_to_measurement,37.625,14.707025,True
39.134380127,37.7,1,controller_to_actual_cmd,,0.060362,
39.134491478,37.7,1,control_period,37.7,50.00000000000426,
39.13536132,37.7,2,measurement_to_controller_cmd,,46.567842,True
39.135633696,37.7,2,control_period,37.7,50.00000000000426,
39.135890892,37.7,3,controller_to_actual_cmd,,0.11455,
39.136056364000005,37.7,3,control_period,37.7,50.00000000000426,
39.137164978,37.705000000000005,2,controller_to_actual_cmd,,1.803658,
39.161419756,37.730000000000004,1,detector_inference,,16.75177764892578,
39.162778915000004,37.730000000000004,1,camera_to_measurement,37.69,21.355148999999997,True
39.168485038,37.735,3,detector_inference,,9.60726547241211,
39.168973990000005,37.735,3,camera_to_measurement,37.69,11.743184999999999,True
39.182446586000005,37.75,1,measurement_to_controller_cmd,,19.667671,True
39.182600037,37.75,1,control_period,37.75,49.99999999999716,
39.182702349,37.75,3,measurement_to_controller_cmd,,13.728359,True
39.182812838000004,37.75,3,control_period,37.75,49.99999999999716,
39.183484151,37.75,1,controller_to_actual_cmd,,1.0375649999999998,
39.183597713000005,37.75,3,controller_to_actual_cmd,,0.8953639999999999,
39.184405964,37.75,2,controller_to_actual_cmd,,0.09343499999999999,
39.184553334,37.75,2,control_period,37.75,49.99999999999716,
39.212437489,37.78,1,camera_to_measurement,37.755,11.722064999999999,True
39.212516694,37.78,1,detector_inference,,9.342416763305664,
39.227672742,37.795,3,detector_inference,,11.00650405883789,
39.228279525000005,37.795,3,camera_to_measurement,37.755,13.092958999999999,True
39.232366928000005,37.800000000000004,1,measurement_to_controller_cmd,,19.929439,True
39.232430355000005,37.800000000000004,1,controller_to_actual_cmd,,0.063427,
39.232494792000004,37.800000000000004,1,control_period,37.8,49.99999999999716,
39.23287165,37.800000000000004,2,controller_to_actual_cmd,,0.337511,
39.232945163000004,37.800000000000004,2,control_period,37.8,49.99999999999716,
39.232989266000004,37.800000000000004,3,measurement_to_controller_cmd,,4.709741,True
39.233047884,37.800000000000004,3,control_period,37.8,49.99999999999716,
39.233463496000006,37.800000000000004,3,controller_to_actual_cmd,,0.47423,
39.280595971000004,37.845,2,detector_inference,,8.079949378967285,
39.281620132,37.85,2,camera_to_measurement,37.82,9.2038,True
39.282925607,37.85,1,control_period,37.85,50.00000000000426,
39.283076419000004,37.85,2,measurement_to_controller_cmd,,1.4562869999999999,True
39.283244188000005,37.85,2,control_period,37.85,50.00000000000426,
39.284092752,37.85,1,controller_to_actual_cmd,,1.300751,
39.284257747000005,37.85,2,controller_to_actual_cmd,,1.181328,
39.284491551,37.85,3,controller_to_actual_cmd,,0.090075,
39.284640168,37.85,3,control_period,37.85,50.00000000000426,
39.334123095,37.900000000000006,2,control_period,37.9,49.99999999999716,
39.335588252,37.900000000000006,3,control_period,37.9,49.99999999999716,
39.336648585,37.900000000000006,1,control_period,37.9,49.99999999999716,
39.339749433,37.900000000000006,3,controller_to_actual_cmd,,4.622396999999999,
39.340886303000005,37.905,1,controller_to_actual_cmd,,4.4002159999999995,
39.341018227,37.905,2,controller_to_actual_cmd,,7.091653999999999,
39.362466289000004,37.93,2,camera_to_measurement,37.885,23.294159999999998,True
39.362600984000004,37.93,2,detector_inference,,21.197492599487305,
39.362719155,37.93,3,camera_to_measurement,37.885,11.473341,True
39.362810168,37.93,3,detector_inference,,8.953981399536133,
39.382237204,37.95,3,measurement_to_controller_cmd,,19.518048999999998,True
39.382394066,37.95,3,control_period,37.95,50.00000000000426,
39.383093676,37.95,1,controller_to_actual_cmd,,0.9643649999999999,
39.383238852000005,37.95,1,control_period,37.95,50.00000000000426,
39.383362344000005,37.95,3,controller_to_actual_cmd,,1.12514,
39.384139928,37.95,2,measurement_to_controller_cmd,,21.673638999999998,True
39.384352031000006,37.95,2,controller_to_actual_cmd,,0.21210299999999999,
39.384539777,37.95,2,control_period,37.95,50.00000000000426,
39.415933289,37.985,2,detector_inference,,10.678940773010254,
39.416755759000004,37.985,2,camera_to_measurement,37.955,10.838561,True
39.432669828,38.0,1,control_period,38.0,49.99999999999716,
39.432749396000006,38.0,3,control_period,38.0,49.99999999999716,
39.433415689,38.0,2,measurement_to_controller_cmd,,16.65993,True
39.433484766,38.0,2,control_period,38.0,49.99999999999716,
39.433534374000004,38.0,3,controller_to_actual_cmd,,1.418469,
39.433848526000006,38.0,1,controller_to_actual_cmd,,1.814037,
39.433893324,38.0,2,controller_to_actual_cmd,,0.477635,
39.485764367,38.050000000000004,1,control_period,38.05,49.99999999999716,
39.487162737000006,38.055,1,controller_to_actual_cmd,,1.5648419999999998,
39.487561773,38.055,2,camera_to_measurement,38.02,15.742192999999999,True
39.487656613000006,38.055,2,detector_inference,,11.52515697479248,
39.487718896000004,38.055,2,controller_to_actual_cmd,,1.847963,
39.487781411,38.055,2,control_period,38.05,49.99999999999716,
39.4878805,38.055,3,controller_to_actual_cmd,,0.042057,
39.487935161,38.055,3,control_period,38.05,49.99999999999716,
39.490737595000006,38.055,3,detector_inference,,11.814635276794434,
39.491756191,38.06,3,camera_to_measurement,38.02,13.715043,True
39.534213426,38.1,1,control_period,38.1,50.00000000000426,
39.534307072000004,38.1,2,measurement_to_controller_cmd,,46.745298999999996,True
39.534385742000005,38.1,2,control_period,38.1,50.00000000000426,
39.534443947,38.1,3,measurement_to_controller_cmd,,42.687756,True
39.534491333000005,38.1,3,controller_to_actual_cmd,,0.047386,
39.534540193000005,38.1,3,control_period,38.1,50.00000000000426,
39.535029057,38.1,1,controller_to_actual_cmd,,0.9506049999999999,
39.535089861,38.1,2,controller_to_actual_cmd,,0.782789,
39.557453832,38.125,3,camera_to_measurement,38.085,11.1219,True
39.557591538000004,38.125,3,detector_inference,,7.500431060791016,
39.58326049,38.150000000000006,1,control_period,38.15,49.99999999999716,
39.583955618000005,38.150000000000006,1,controller_to_actual_cmd,,0.7993089999999999,
39.584155367,38.150000000000006,2,control_period,38.15,49.99999999999716,
39.584244772000005,38.150000000000006,3,measurement_to_controller_cmd,,26.79094,True
39.584308618,38.150000000000006,3,controller_to_actual_cmd,,0.063846,
39.584387774,38.150000000000006,3,control_period,38.15,49.99999999999716,
39.584899624,38.150000000000006,2,controller_to_actual_cmd,,0.838691,
39.613996627000006,38.18,1,detector_inference,,13.469626426696777,
39.614884499000006,38.18,1,camera_to_measurement,38.15,15.726412999999999,True
39.626934932000005,38.195,2,detector_inference,,18.770771026611328,
39.627719497,38.195,2,camera_to_measurement,38.15,21.96952,True
39.632570562000005,38.2,1,measurement_to_controller_cmd,,17.686063,True
39.632663562000005,38.2,1,control_period,38.2,50.00000000000426,
39.632730918,38.2,2,measurement_to_controller_cmd,,5.0114209999999995,True
39.63301725,38.2,3,controller_to_actual_cmd,,0.09156299999999999,
39.633156420000006,38.2,3,control_period,38.2,50.00000000000426,
39.63384928,38.2,1,controller_to_actual_cmd,,1.278718,
39.633983259000004,38.2,2,controller_to_actual_cmd,,1.252341,
39.634131085,38.2,2,control_period,38.2,50.00000000000426,
39.679245809,38.245000000000005,1,detector_inference,,15.888198852539062,
39.679656183000006,38.245000000000005,1,camera_to_measurement,38.215,17.510649,True
39.682452683,38.25,1,measurement_to_controller_cmd,,2.7965,True
39.682925435,38.25,1,controller_to_actual_cmd,,0.472752,
39.68301369,38.25,1,control_period,38.25,49.99999999999716,
39.683105118,38.25,2,controller_to_actual_cmd,,0.046394,
39.683168032000005,38.25,2,control_period,38.25,49.99999999999716,
39.683279692,38.25,3,control_period,38.25,49.99999999999716,
39.683638596,38.25,3,controller_to_actual_cmd,,0.402644,
39.733026169000006,38.300000000000004,1,control_period,38.3,49.99999999999716,
39.733852721000005,38.300000000000004,1,controller_to_actual_cmd,,0.933004,
39.734686179,38.300000000000004,2,control_period,38.3,49.99999999999716,
39.734762961,38.300000000000004,3,controller_to_actual_cmd,,0.771289,
39.734836693000005,38.300000000000004,3,control_period,38.3,49.99999999999716,
39.741970102,38.305,2,controller_to_actual_cmd,,7.380471,
39.754960146,38.32,3,detector_inference,,6.543409824371338,
39.755381526,38.32,3,camera_to_measurement,38.285,9.529619,True
39.782229294000004,38.35,2,control_period,38.35,50.00000000000426,
39.783189866,38.35,1,controller_to_actual_cmd,,0.473525,
39.783326657,38.35,1,control_period,38.35,50.00000000000426,
39.783393055000005,38.35,2,controller_to_actual_cmd,,1.272966,
39.783450672,38.35,3,measurement_to_controller_cmd,,28.069146,True
39.783504454,38.35,3,control_period,38.35,50.00000000000426,
39.783931878000004,38.35,3,controller_to_actual_cmd,,0.48120599999999997,
39.825638178000005,38.39,3,detector_inference,,7.867607116699219,
39.826489703,38.395,3,camera_to_measurement,38.35,11.34816,True
39.832749972,38.400000000000006,1,control_period,38.4,49.99999999999716,
39.832869065000004,38.400000000000006,2,control_period,38.4,49.99999999999716,
39.832912746000005,38.400000000000006,3,measurement_to_controller_cmd,,6.423043,True
39.832973136,38.400000000000006,3,control_period,38.4,49.99999999999716,
39.83337566,38.400000000000006,1,controller_to_actual_cmd,,0.728271,
39.833433085,38.400000000000006,2,controller_to_actual_cmd,,0.6142599999999999,
39.833478602,38.400000000000006,3,controller_to_actual_cmd,,0.565856,
39.882549222,38.45,1,control_period,38.45,50.00000000000426,
39.882716891,38.45,2,control_period,38.45,50.00000000000426,
39.882798879,38.45,3,controller_to_actual_cmd,,0.922246,
39.882883057,38.45,3,control_period,38.45,50.00000000000426,
39.883501915000004,38.45,1,controller_to_actual_cmd,,1.0456079999999999,
39.883566537,38.45,2,controller_to_actual_cmd,,0.9288829999999999,
39.934577789,38.5,2,control_period,38.5,49.99999999999716,
39.934651352,38.5,3,control_period,38.5,49.99999999999716,
39.935075760000004,38.5,2,controller_to_actual_cmd,,1.06959,
39.935468849,38.5,1,control_period,38.5,49.99999999999716,
39.935560581000004,38.5,3,controller_to_actual_cmd,,1.493431,
39.936141086,38.505,1,controller_to_actual_cmd,,1.10721,
39.986447842000004,38.550000000000004,3,control_period,38.55,49.99999999999716,
39.987724623000005,38.550000000000004,1,control_period,38.55,49.99999999999716,
39.987926243000004,38.550000000000004,2,control_period,38.55,49.99999999999716,
39.988001557000004,38.550000000000004,3,controller_to_actual_cmd,,2.32573,
39.990245798000004,38.555,2,controller_to_actual_cmd,,2.4005259999999997,
39.994546642,38.555,1,controller_to_actual_cmd,,8.972688,
40.027840423,38.580000000000005,3,detector_inference,,12.493707656860352,
40.047154428000006,38.6,3,measurement_to_controller_cmd,,18.290654999999997,True
40.047304752,38.6,3,control_period,38.6,50.00000000000426,
40.048671197000004,38.605000000000004,1,controller_to_actual_cmd,,0.05875,
40.04878008,38.605000000000004,1,control_period,38.6,50.00000000000426,
40.050668309,38.605000000000004,2,control_period,38.6,50.00000000000426,
40.050765403,38.605000000000004,3,controller_to_actual_cmd,,3.610975,
40.051557426,38.605000000000004,2,controller_to_actual_cmd,,1.002079,
40.100256234,38.650000000000006,2,control_period,38.65,49.99999999999716,
40.101326205,38.655,1,controller_to_actual_cmd,,0.045242,
40.101436018,38.655,1,control_period,38.65,49.99999999999716,
40.101490909000006,38.655,2,controller_to_actual_cmd,,1.395278,
40.101574907,38.655,3,controller_to_actual_cmd,,0.035796,
40.101635276,38.655,3,control_period,38.65,49.99999999999716,
40.107154527000006,38.660000000000004,1,camera_to_measurement,38.615,9.729527,True
40.107238922,38.660000000000004,1,detector_inference,,9.903597831726074,
40.117832752000005,38.67,3,detector_inference,,8.982527732849121,
40.119023949,38.67,3,camera_to_measurement,38.615,12.548046,True
40.145928304,38.7,1,measurement_to_controller_cmd,,38.773776999999995,True
40.14606157,38.7,1,controller_to_actual_cmd,,0.133266,
40.146144532,38.7,1,control_period,38.7,50.00000000000426,
40.148722798,38.7,2,control_period,38.7,50.00000000000426,
40.148820775000004,38.7,3,measurement_to_controller_cmd,,29.796826,True
40.149728398,38.7,2,controller_to_actual_cmd,,1.117526,
40.149919336,38.7,3,controller_to_actual_cmd,,1.098561,
40.150107049000006,38.7,3,control_period,38.7,50.00000000000426,
40.18304545,38.735,1,detector_inference,,36.605831146240234,
40.196424237,38.75,1,measurement_to_controller_cmd,,12.575464,True
40.196556716,38.75,1,controller_to_actual_cmd,,0.13247899999999999,
40.196708198,38.75,1,control_period,38.75,49.99999999999716,
40.196920682000005,38.75,2,controller_to_actual_cmd,,0.094774,
40.197112361,38.75,2,control_period,38.75,49.99999999999716,
40.197395957000005,38.75,3,control_period,38.75,49.99999999999716,
40.198278476000006,38.75,3,controller_to_actual_cmd,,1.015244,
40.21704839,38.77,1,detector_inference,,11.012234687805176,
40.229730188000005,38.785000000000004,2,detector_inference,,12.905707359313965,
40.245892117000004,38.800000000000004,2,measurement_to_controller_cmd,,16.216165,True
40.246011253000006,38.800000000000004,2,controller_to_actual_cmd,,0.11913599999999999,
40.246197006,38.800000000000004,2,control_period,38.8,49.99999999999716,
40.246408687000006,38.800000000000004,3,controller_to_actual_cmd,,0.061824,
40.246502066000005,38.800000000000004,3,control_period,38.8,49.99999999999716,
40.247383954,38.800000000000004,1,measurement_to_controller_cmd,,30.457168,True
40.247487236000005,38.800000000000004,1,controller_to_actual_cmd,,0.103282,
40.247588501,38.800000000000004,1,control_period,38.8,49.99999999999716,
40.295774062,38.85,1,controller_to_actual_cmd,,0.090136,
40.295921404000005,38.85,1,control_period,38.85,50.00000000000426,
40.296155799000005,38.85,2,control_period,38.85,50.00000000000426,
40.296362363,38.85,3,control_period,38.85,50.00000000000426,
40.296756563,38.85,2,controller_to_actual_cmd,,0.720627,
40.296810305,38.85,3,controller_to_actual_cmd,,0.5066959999999999,
40.347480075,38.900000000000006,1,control_period,38.9,49.99999999999716,
40.348543175,38.900000000000006,1,controller_to_actual_cmd,,1.191189,
40.348785792,38.900000000000006,2,controller_to_actual_cmd,,0.105137,
40.34908832,38.900000000000006,2,control_period,38.9,49.99999999999716,
40.349375415000004,38.900000000000006,3,control_period,38.9,49.99999999999716,
40.353554388,38.905,3,controller_to_actual_cmd,,4.310957999999999,
40.365661356000004,38.92,2,detector_inference,,18.307294845581055,
40.366543894,38.92,2,camera_to_measurement,38.875,22.844998999999998,True
40.369682409,38.925000000000004,3,detector_inference,,16.033992767333984,
40.370413775,38.925000000000004,3,camera_to_measurement,38.875,17.367915,True
40.396240408000004,38.95,2,measurement_to_controller_cmd,,29.696513999999997,True
40.396341171,38.95,2,controller_to_actual_cmd,,0.10076299999999999,
40.396438460000006,38.95,2,control_period,38.95,50.00000000000426,
40.396487088,38.95,3,measurement_to_controller_cmd,,26.073313,True
40.3965655,38.95,3,control_period,38.95,50.00000000000426,
40.397515089,38.95,3,controller_to_actual_cmd,,1.028001,
40.400036159,38.955000000000005,1,controller_to_actual_cmd,,0.9693029999999999,
40.400249295,38.955000000000005,1,control_period,38.95,50.00000000000426,
40.426088718,38.980000000000004,3,camera_to_measurement,38.945,8.994755999999999,True
40.426262137,38.980000000000004,3,detector_inference,,9.059592247009277,
40.427509007000005,38.980000000000004,2,detector_inference,,17.999332427978516,
40.428438309,38.980000000000004,2,camera_to_measurement,38.945,21.103087,True
40.445549662000005,39.0,2,measurement_to_controller_cmd,,17.111352999999998,True
40.445820556,39.0,2,control_period,39.0,49.99999999999716,
40.446636435,39.0,1,control_period,39.0,49.99999999999716,
40.447479758,39.0,1,controller_to_actual_cmd,,0.9730129999999999,
40.44763707,39.0,2,controller_to_actual_cmd,,2.087408,
40.447753803000005,39.0,3,measurement_to_controller_cmd,,21.665084999999998,True
40.447907849,39.0,3,control_period,39.0,49.99999999999716,
40.448722046,39.005,3,controller_to_actual_cmd,,0.968243,
40.489350380000005,39.045,3,detector_inference,,8.958562850952148,
40.491010054,39.045,2,detector_inference,,18.50054931640625,
40.491433152,39.045,2,camera_to_measurement,39.01,20.951873,True
40.495138263,39.050000000000004,1,controller_to_actual_cmd,,0.056329,
40.49526397,39.050000000000004,1,control_period,39.05,49.99999999999716,
40.495341606000004,39.050000000000004,3,measurement_to_controller_cmd,,5.12258,True
40.49540614,39.050000000000004,3,control_period,39.05,49.99999999999716,
40.495848892000005,39.050000000000004,2,measurement_to_controller_cmd,,4.4157399999999996,True
40.495903645000006,39.050000000000004,2,controller_to_actual_cmd,,0.054752999999999996,
40.495959701000004,39.050000000000004,2,control_period,39.05,49.99999999999716,
40.496002554,39.050000000000004,3,controller_to_actual_cmd,,0.660948,
40.544819385000004,39.1,1,control_period,39.1,50.00000000000426,
40.544961458,39.1,2,control_period,39.1,50.00000000000426,
40.545092398,39.1,3,control_period,39.1,50.00000000000426,
40.545722372,39.1,1,controller_to_actual_cmd,,1.003429,
40.545792301000006,39.1,2,controller_to_actual_cmd,,0.890362,
40.545842208,39.1,3,controller_to_actual_cmd,,0.8128289999999999,
40.554851332000005,39.11,2,detector_inference,,10.453373908996582,
40.596442362000005,39.150000000000006,1,control_period,39.15,49.99999999999716,
40.596524300000006,39.150000000000006,2,measurement_to_controller_cmd,,40.932114999999996,True
40.596591599,39.150000000000006,2,controller_to_actual_cmd,,0.067299,
40.596676890000005,39.150000000000006,2,control_period,39.15,49.99999999999716,
40.596801834000004,39.150000000000006,3,control_period,39.15,49.99999999999716,
40.597452636,39.150000000000006,1,controller_to_actual_cmd,,1.0938409999999998,
40.597535352,39.150000000000006,3,controller_to_actual_cmd,,0.79474,
40.611685056000006,39.165,2,detector_inference,,9.846120834350586,
40.612287909,39.165,2,camera_to_measurement,39.14,12.47021,True
40.614081795000004,39.17,1,camera_to_measurement,39.14,19.942386,True
40.614236950000006,39.17,1,detector_inference,,16.654327392578125,
40.620910085000006,39.175000000000004,3,detector_inference,,9.896413803100586,
40.621386213,39.175000000000004,3,camera_to_measurement,39.14,11.840164999999999,True
40.644856361,39.2,2,measurement_to_controller_cmd,,32.568452,True
40.645103162000005,39.2,2,control_period,39.2,50.00000000000426,
40.645185244000004,39.2,3,measurement_to_controller_cmd,,23.799031,True
40.645639542000005,39.2,1,measurement_to_controller_cmd,,31.557747,True
40.64569439,39.2,1,controller_to_actual_cmd,,0.054848,
40.645746179,39.2,1,control_period,39.2,50.00000000000426,
40.645780987,39.2,2,controller_to_actual_cmd,,0.924626,
40.645812907,39.2,3,controller_to_actual_cmd,,0.627663,
40.645851148000006,39.2,3,control_period,39.2,50.00000000000426,
40.676354308,39.230000000000004,2,detector_inference,,10.376144409179688,
40.676999273,39.230000000000004,2,camera_to_measurement,39.205,12.34896,True
40.677138786,39.230000000000004,3,camera_to_measurement,39.205,8.4108,True
40.677240665,39.230000000000004,3,detector_inference,,6.198822975158691,
40.695005435000006,39.25,1,control_period,39.25,49.99999999999716,
40.695054349,39.25,2,measurement_to_controller_cmd,,18.055076,True
40.695092394,39.25,2,controller_to_actual_cmd,,0.038044999999999995,
40.695135306000005,39.25,2,control_period,39.25,49.99999999999716,
40.695173792000006,39.25,3,measurement_to_controller_cmd,,18.035006,True
40.695229165,39.25,3,control_period,39.25,49.99999999999716,
40.695586430000006,39.25,1,controller_to_actual_cmd,,0.6347999999999999,
40.695636858,39.25,3,controller_to_actual_cmd,,0.463066,
40.745150715,39.300000000000004,1,control_period,39.3,49.99999999999716,
40.745401443000006,39.300000000000004,2,control_period,39.3,49.99999999999716,
40.745609689000005,39.300000000000004,3,controller_to_actual_cmd,,0.08524799999999999,
40.745728563,39.300000000000004,3,control_period,39.3,49.99999999999716,
40.746340880000005,39.300000000000004,1,controller_to_actual_cmd,,1.32862,
40.746447248,39.300000000000004,2,controller_to_actual_cmd,,1.151551,
40.747953753000004,39.300000000000004,3,detector_inference,,8.249293327331543,
40.74844067,39.300000000000004,2,camera_to_measurement,39.275,14.429039999999999,True
40.748537604,39.300000000000004,2,detector_inference,,11.953571319580078,
40.748606781,39.300000000000004,3,camera_to_measurement,39.275,10.890976,True
40.794567049,39.35,1,control_period,39.35,50.00000000000426,
40.794977891,39.35,1,controller_to_actual_cmd,,0.493998,
40.795035621000004,39.35,2,measurement_to_controller_cmd,,46.594950999999995,True
40.795092488,39.35,2,control_period,39.35,50.00000000000426,
40.796797819000005,39.35,2,controller_to_actual_cmd,,1.762198,
40.796853374,39.35,3,measurement_to_controller_cmd,,48.246593,True
40.796891696,39.35,3,controller_to_actual_cmd,,0.038321999999999995,
40.796961444000004,39.35,3,control_period,39.35,50.00000000000426,
40.80512645,39.36,2,camera_to_measurement,39.34,12.027744,True
40.805218302,39.36,2,detector_inference,,10.180072784423828,
40.805718788,39.36,3,camera_to_measurement,39.34,9.380897,True
40.805809298,39.36,3,detector_inference,,7.918316841125488,
40.845047861000005,39.400000000000006,3,measurement_to_controller_cmd,,39.329073,True
40.845582142000005,39.400000000000006,1,controller_to_actual_cmd,,0.615339,
40.845707155,39.400000000000006,1,control_period,39.4,49.99999999999716,
40.845802083,39.400000000000006,2,measurement_to_controller_cmd,,40.675633,True
40.845881011,39.400000000000006,2,controller_to_actual_cmd,,0.078928,
40.845971704,39.400000000000006,2,control_period,39.4,49.99999999999716,
40.84604842,39.400000000000006,3,controller_to_actual_cmd,,1.000559,
40.846137616,39.400000000000006,3,control_period,39.4,49.99999999999716,
40.872035269,39.425000000000004,1,camera_to_measurement,39.405,12.847493,True
40.872108447,39.425000000000004,1,detector_inference,,8.87700080871582,
40.881965415,39.435,2,detector_inference,,17.369714736938477,
40.882844101,39.435,2,camera_to_measurement,39.405,19.918022999999998,True
40.883514987000005,39.435,3,camera_to_measurement,39.405,12.105739999999999,True
40.883597607000006,39.435,3,detector_inference,,9.90417194366455,
40.895054817,39.45,3,measurement_to_controller_cmd,,11.53983,True
40.895155192000004,39.45,3,control_period,39.45,50.00000000000426,
40.895932019,39.45,1,measurement_to_controller_cmd,,23.896749999999997,True
40.896042179000005,39.45,1,controller_to_actual_cmd,,0.11016,
40.896169653,39.45,1,control_period,39.45,50.00000000000426,
40.896288188,39.45,2,measurement_to_controller_cmd,,13.444087,True
40.896377231,39.45,2,controller_to_actual_cmd,,0.089043,
40.896478648000006,39.45,2,control_period,39.45,50.00000000000426,
40.896568393,39.45,3,controller_to_actual_cmd,,1.513576,
40.940061069,39.495000000000005,2,detector_inference,,6.094641208648682,
40.944729594,39.5,2,measurement_to_controller_cmd,,4.740800999999999,True
40.944872135000004,39.5,2,control_period,39.5,49.99999999999716,
40.945699775,39.5,1,control_period,39.5,49.99999999999716,
40.945783453000004,39.5,2,controller_to_actual_cmd,,1.0538589999999999,
40.945923268,39.5,3,controller_to_actual_cmd,,0.061176999999999995,
40.946010708,39.5,3,control_period,39.5,49.99999999999716,
40.946488555,39.5,1,controller_to_actual_cmd,,0.877317,
40.946817923000005,39.5,3,camera_to_measurement,39.47,7.882319,True
40.946868985,39.5,3,detector_inference,,6.914867877960205,
40.994565007000006,39.550000000000004,1,controller_to_actual_cmd,,0.035427,
40.9946434,39.550000000000004,1,control_period,39.55,49.99999999999716,
40.995521674,39.550000000000004,2,controller_to_actual_cmd,,0.064506,
40.995621085,39.550000000000004,2,control_period,39.55,49.99999999999716,
40.995667575000006,39.550000000000004,3,measurement_to_controller_cmd,,48.849652,True
40.995996632,39.550000000000004,3,controller_to_actual_cmd,,0.329057,
40.99606465,39.550000000000004,3,control_period,39.55,49.99999999999716,
41.000259138000004,39.555,1,camera_to_measurement,39.535,12.323592,True
41.000314125,39.555,1,detector_inference,,10.591618537902832,
41.000615311000004,39.555,2,detector_inference,,7.94347620010376,
41.000890885000004,39.555,2,camera_to_measurement,39.535,9.052092,True
41.013079600000005,39.565000000000005,3,detector_inference,,11.450786590576172,
41.013764724000005,39.57,3,camera_to_measurement,39.535,14.504415999999999,True
41.044905560000004,39.6,1,measurement_to_controller_cmd,,44.646422,True
41.045053987,39.6,1,control_period,39.6,50.00000000000426,
41.045138775000005,39.6,2,measurement_to_controller_cmd,,44.24789,True
41.045233481000004,39.6,2,controller_to_actual_cmd,,0.094706,
41.045328816,39.6,2,control_period,39.6,50.00000000000426,
41.045409384,39.6,3,measurement_to_controller_cmd,,31.64466,True
41.045496971000006,39.6,3,control_period,39.6,50.00000000000426,
41.046055061000004,39.6,1,controller_to_actual_cmd,,1.1495009999999999,
41.046127732,39.6,3,controller_to_actual_cmd,,0.718348,
41.074752563000004,39.63,2,detector_inference,,8.590688705444336,
41.075502657,39.63,2,camera_to_measurement,39.605,14.225957,True
41.079569410000005,39.635000000000005,1,camera_to_measurement,39.605,21.795388,True
41.079705446000006,39.635000000000005,1,detector_inference,,18.2387752532959,
41.080405522,39.635000000000005,3,detector_inference,,8.751806259155273,
41.081061665,39.635000000000005,3,camera_to_measurement,39.605,13.527882,True
41.094834747,39.650000000000006,1,measurement_to_controller_cmd,,15.265336999999999,True
41.094902538,39.650000000000006,1,controller_to_actual_cmd,,0.06779099999999999,
41.094965489,39.650000000000006,1,control_period,39.65,49.99999999999716,
41.095005189000005,39.650000000000006,2,measurement_to_controller_cmd,,19.502532,True
41.09503998,39.650000000000006,2,controller_to_actual_cmd,,0.034790999999999996,
41.095081255000004,39.650000000000006,2,control_period,39.65,49.99999999999716,
41.095393484000006,39.650000000000006,3,measurement_to_controller_cmd,,14.331819,True
41.095675391,39.650000000000006,3,controller_to_actual_cmd,,0.28190699999999996,
41.095725457,39.650000000000006,3,control_period,39.65,49.99999999999716,
41.131943570000004,39.685,1,camera_to_measurement,39.67,8.076502999999999,True
41.132040669000006,39.685,1,detector_inference,,7.04495096206665,
41.142027377000005,39.695,3,detector_inference,,5.965854167938232,
41.142455396,39.695,3,camera_to_measurement,39.67,7.745171,True
41.144536123,39.7,1,measurement_to_controller_cmd,,12.592552999999999,True
41.144654279,39.7,1,control_period,39.7,50.00000000000426,
41.144727592,39.7,3,measurement_to_controller_cmd,,2.272196,True
41.144800315000005,39.7,3,control_period,39.7,50.00000000000426,
41.145251597000005,39.7,1,controller_to_actual_cmd,,0.7154739999999999,
41.145331924000004,39.7,3,controller_to_actual_cmd,,0.604332,
41.145689191,39.7,2,controller_to_actual_cmd,,0.38992,
41.145795152000005,39.7,2,control_period,39.7,50.00000000000426,
41.194911080000004,39.75,3,control_period,39.75,49.99999999999716,
41.195571761000004,39.75,1,controller_to_actual_cmd,,0.058823,
41.195663721,39.75,1,control_period,39.75,49.99999999999716,
41.195741495,39.75,2,control_period,39.75,49.99999999999716,
41.195777451000005,39.75,3,controller_to_actual_cmd,,0.992752,
41.196101565,39.75,2,controller_to_actual_cmd,,0.396925,
41.2002175,39.755,1,detector_inference,,9.558395385742188,
41.200579956000006,39.755,1,camera_to_measurement,39.735,12.782071,True
41.203529106000005,39.760000000000005,3,detector_inference,,6.731194019317627,
41.244786588000004,39.800000000000004,1,measurement_to_controller_cmd,,44.206632,True
41.244920154000006,39.800000000000004,1,control_period,39.8,49.99999999999716,
41.24509064,39.800000000000004,2,control_period,39.8,49.99999999999716,
41.245178708000005,39.800000000000004,3,measurement_to_controller_cmd,,40.415237,True
41.245297762,39.800000000000004,3,control_period,39.8,49.99999999999716,
41.245942851,39.800000000000004,1,controller_to_actual_cmd,,1.156263,
41.245997512,39.800000000000004,2,controller_to_actual_cmd,,0.9946109999999999,
41.246030883,39.800000000000004,3,controller_to_actual_cmd,,0.852175,
41.273192068,39.825,2,detector_inference,,10.654986381530762,
41.273342785000004,39.825,3,detector_inference,,7.584360122680664,
41.274162093,39.830000000000005,2,camera_to_measurement,39.8,13.156855,True
41.274325699,39.830000000000005,3,camera_to_measurement,39.8,10.586008999999999,True
41.295070815,39.85,3,measurement_to_controller_cmd,,20.745116,True
41.295631327,39.85,1,controller_to_actual_cmd,,0.601282,
41.295811058000005,39.85,1,control_period,39.85,50.00000000000426,
41.295926047,39.85,2,measurement_to_controller_cmd,,21.763954,True
41.296029927,39.85,3,controller_to_actual_cmd,,0.959112,
41.296146495,39.85,3,control_period,39.85,50.00000000000426,
41.296786725000004,39.85,2,controller_to_actual_cmd,,0.8606779999999999,
41.296931628,39.85,2,control_period,39.85,50.00000000000426,
41.336097130000006,39.89,2,detector_inference,,10.719881057739258,
41.336592969,39.89,2,camera_to_measurement,39.865,12.985031999999999,True
41.337152137000004,39.89,3,detector_inference,,7.326486110687256,
41.337468645,39.89,3,camera_to_measurement,39.865,8.738099,True
41.345162464000005,39.900000000000006,1,controller_to_actual_cmd,,0.054236,
41.345246432,39.900000000000006,1,control_period,39.9,49.99999999999716,
41.345295301,39.900000000000006,2,measurement_to_controller_cmd,,8.702332,True
41.345333349,39.900000000000006,2,controller_to_actual_cmd,,0.038048,
41.345375383000004,39.900000000000006,2,control_period,39.9,49.99999999999716,
41.345411856000005,39.900000000000006,3,measurement_to_controller_cmd,,7.943211,True
41.345452917,39.900000000000006,3,control_period,39.9,49.99999999999716,
41.345786834,39.900000000000006,3,controller_to_actual_cmd,,0.374978,
41.395356672000005,39.95,2,control_period,39.95,50.00000000000426,
41.396063364,39.95,1,controller_to_actual_cmd,,0.041755,
41.396136528,39.95,1,control_period,39.95,50.00000000000426,
41.396187341,39.95,3,control_period,39.95,50.00000000000426,
41.396514597,39.95,2,controller_to_actual_cmd,,1.25675,
41.401253953,39.955000000000005,3,controller_to_actual_cmd,,5.816371999999999,
41.402261318,39.955000000000005,2,detector_inference,,7.462495803833008,
41.402640225000006,39.955000000000005,2,camera_to_measurement,39.935,9.217269,True
41.411359244,39.965,3,detector_inference,,9.085972785949707,
41.411988304000005,39.965,3,camera_to_measurement,39.935,11.593131,True
41.445416568000006,40.0,3,measurement_to_controller_cmd,,33.428264,True
41.446160553000006,40.0,1,control_period,40.0,49.99999999999716,
41.446257023,40.0,2,measurement_to_controller_cmd,,43.616797999999996,True
41.446346191,40.0,2,controller_to_actual_cmd,,0.089168,
41.446440228,40.0,2,control_period,40.0,49.99999999999716,
41.446518696000005,40.0,3,controller_to_actual_cmd,,1.102128,
41.446601541,40.0,3,control_period,40.0,49.99999999999716,
41.447116335000004,40.0,1,controller_to_actual_cmd,,1.0687769999999999,
41.463065057,40.015,1,detector_inference,,7.383854866027832,
41.476722959,40.03,3,detector_inference,,8.532770156860352,
41.477482505000005,40.03,2,camera_to_measurement,40.0,19.941337,True
41.47755576,40.03,2,detector_inference,,17.08838653564453,
41.477615899,40.03,3,camera_to_measurement,40.0,11.05419,True
41.494892081,40.050000000000004,2,measurement_to_controller_cmd,,17.409575999999998,True
41.494954454,40.050000000000004,2,controller_to_actual_cmd,,0.062373,
41.495023799,40.050000000000004,2,control_period,40.05,49.99999999999716,
41.495066486000006,40.050000000000004,3,measurement_to_controller_cmd,,17.450587,True
41.495104228,40.050000000000004,3,controller_to_actual_cmd,,0.037742,
41.495148565,40.050000000000004,3,control_period,40.05,49.99999999999716,
41.495494557,40.050000000000004,1,measurement_to_controller_cmd,,31.411365,True
41.495553765000004,40.050000000000004,1,control_period,40.05,49.99999999999716,
41.495862379,40.050000000000004,1,controller_to_actual_cmd,,0.367822,
41.536633591000005,40.09,1,detector_inference,,15.276618003845215,
41.536701319,40.09,2,detector_inference,,12.7876615524292,
41.537078955000005,40.09,2,camera_to_measurement,40.065,15.563438999999999,True
41.544697291000006,40.1,1,measurement_to_controller_cmd,,7.6660379999999995,True
41.544812820000004,40.1,1,control_period,40.1,50.00000000000426,
41.544883542,40.1,2,measurement_to_controller_cmd,,7.804587,True
41.544957714000006,40.1,2,control_period,40.1,50.00000000000426,
41.545025478,40.1,3,camera_to_measurement,40.065,17.375306,True
41.545079655,40.1,3,detector_inference,,15.042308807373047,
41.545134294,40.1,3,measurement_to_controller_cmd,,0.108816,True
41.545176882,40.1,3,control_period,40.1,50.00000000000426,
41.545527451000005,40.1,2,controller_to_actual_cmd,,0.643909,
41.545584489,40.1,3,controller_to_actual_cmd,,0.45019499999999996,
41.545879517,40.1,1,controller_to_actual_cmd,,1.182226,
41.594489247000006,40.150000000000006,1,controller_to_actual_cmd,,0.034329,
41.5945613,40.150000000000006,1,control_period,40.15,49.99999999999716,
41.594888342000004,40.150000000000006,2,control_period,40.15,49.99999999999716,
41.594926022,40.150000000000006,3,controller_to_actual_cmd,,0.306168,
41.594961395000006,40.150000000000006,3,control_period,40.15,49.99999999999716,
41.595284558,40.150000000000006,2,controller_to_actual_cmd,,0.690095,
41.601177952,40.155,2,camera_to_measurement,40.13,14.562638,True
41.601325338,40.155,2,detector_inference,,11.804970741271973,
41.601422908,40.155,3,detector_inference,,9.307877540588379,
41.602081566,40.155,3,camera_to_measurement,40.13,12.722971999999999,True
41.645809122,40.2,1,control_period,40.2,50.00000000000426,
41.645921534,40.2,2,measurement_to_controller_cmd,,44.743581999999996,True
41.646029403,40.2,2,controller_to_actual_cmd,,0.10786899999999999,
41.646157325000004,40.2,2,control_period,40.2,50.00000000000426,
41.649475624000004,40.2,3,measurement_to_controller_cmd,,47.394058,True
41.649614480000004,40.2,3,controller_to_actual_cmd,,0.138856,
41.64977117,40.2,3,control_period,40.2,50.00000000000426,
41.650780543,40.205000000000005,1,controller_to_actual_cmd,,5.101767,
41.660896053,40.215,1,detector_inference,,11.463059425354004,
41.661591518,40.215,1,camera_to_measurement,40.195,12.57513,True
41.669912982,40.225,3,detector_inference,,7.568778038024902,
41.670582048,40.225,2,camera_to_measurement,40.195,15.794538999999999,True
41.670683726,40.225,2,detector_inference,,13.89635181427002,
41.695180441000005,40.25,2,measurement_to_controller_cmd,,24.598392999999998,True
41.695598133000004,40.25,1,measurement_to_controller_cmd,,34.006615,True
41.695657558,40.25,1,controller_to_actual_cmd,,0.059425,
41.695738038,40.25,1,control_period,40.25,49.99999999999716,
41.695781276000005,40.25,2,controller_to_actual_cmd,,0.600835,
41.695824710000004,40.25,2,control_period,40.25,49.99999999999716,
41.695862724,40.25,3,measurement_to_controller_cmd,,25.076421,True
41.695896801,40.25,3,controller_to_actual_cmd,,0.034076999999999996,
41.695934672,40.25,3,control_period,40.25,49.99999999999716,
41.733078325,40.285000000000004,1,detector_inference,,11.82956314086914,
41.733874445000005,40.29,2,camera_to_measurement,40.265,11.705483,True
41.73398327,40.29,2,detector_inference,,8.65568733215332,
41.739243589000004,40.295,3,camera_to_measurement,40.265,7.137656,True
41.739370906000005,40.295,3,detector_inference,,5.740975856781006,
41.744883210000005,40.300000000000004,1,measurement_to_controller_cmd,,11.911781,True
41.744961175,40.300000000000004,2,measurement_to_controller_cmd,,11.08673,True
41.745014476,40.300000000000004,3,measurement_to_controller_cmd,,5.770887,True
41.745379109000005,40.300000000000004,1,control_period,40.3,49.99999999999716,
41.745433714,40.300000000000004,2,controller_to_actual_cmd,,0.472539,
41.745480783000005,40.300000000000004,2,control_period,40.3,49.99999999999716,
41.745522165000004,40.300000000000004,3,controller_to_actual_cmd,,0.507689,
41.745567436,40.300000000000004,3,control_period,40.3,49.99999999999716,
41.745903259,40.300000000000004,1,controller_to_actual_cmd,,1.020049,
41.79275999,40.345000000000006,2,detector_inference,,6.410429954528809,
41.793105494,40.345000000000006,2,camera_to_measurement,40.33,8.677491999999999,True
41.794245411000006,40.35,2,measurement_to_controller_cmd,,1.1399169999999998,True
41.794354297000005,40.35,2,control_period,40.35,50.00000000000426,
41.794795979,40.35,1,control_period,40.35,50.00000000000426,
41.794848906000006,40.35,2,controller_to_actual_cmd,,0.603495,
41.794887828,40.35,3,controller_to_actual_cmd,,0.47020999999999996,
41.794938094,40.35,3,control_period,40.35,50.00000000000426,
41.795226091,40.35,1,controller_to_actual_cmd,,1.0376269999999999,
41.798213603,40.35,3,camera_to_measurement,40.33,10.472208,True
41.798310559,40.35,3,detector_inference,,8.368671417236328,
41.845559388000005,40.400000000000006,2,controller_to_actual_cmd,,0.050911,
41.845666359,40.400000000000006,2,control_period,40.4,49.99999999999716,
41.845725277,40.400000000000006,3,measurement_to_controller_cmd,,47.511674,True
41.845776693000005,40.400000000000006,3,controller_to_actual_cmd,,0.051415999999999996,
41.845843242,40.400000000000006,3,control_period,40.4,49.99999999999716,
41.849233885000004,40.400000000000006,1,control_period,40.4,49.99999999999716,
41.850262849,40.405,1,controller_to_actual_cmd,,1.184636,
41.864042553000004,40.42,2,camera_to_measurement,40.395,11.280648,True
41.864131001000004,40.42,2,detector_inference,,8.88834285736084,
41.865959681,40.42,1,camera_to_measurement,40.395,17.287134,True
41.866032892,40.42,1,detector_inference,,16.302488327026367,
41.894989280000004,40.45,1,measurement_to_controller_cmd,,29.029598999999997,True
41.895087492,40.45,1,control_period,40.45,50.00000000000426,
41.895133448,40.45,2,measurement_to_controller_cmd,,31.090895,True
41.895183098000004,40.45,2,control_period,40.45,50.00000000000426,
41.895238941,40.45,3,controller_to_actual_cmd,,0.6336499999999999,
41.895285636000004,40.45,3,control_period,40.45,50.00000000000426,
41.895586597000005,40.45,1,controller_to_actual_cmd,,0.597317,
41.895632121000006,40.45,2,controller_to_actual_cmd,,0.498673,
41.929181215,40.485,1,detector_inference,,11.977100372314453,
41.930953021,40.485,1,camera_to_measurement,40.46,15.695495999999999,True
41.931082394,40.485,2,camera_to_measurement,40.46,12.4599,True
41.931175821000004,40.485,2,detector_inference,,10.646491050720215,
41.944742598000005,40.5,1,measurement_to_controller_cmd,,13.789577,True
41.944809070000005,40.5,1,controller_to_actual_cmd,,0.066472,
41.944875790000005,40.5,1,control_period,40.5,49.99999999999716,
41.944922021000004,40.5,2,measurement_to_controller_cmd,,13.839627,True
41.944965728,40.5,2,control_period,40.5,49.99999999999716,
41.945032008000005,40.5,3,control_period,40.5,49.99999999999716,
41.945335211,40.5,2,controller_to_actual_cmd,,0.41319,
41.945375431,40.5,3,controller_to_actual_cmd,,0.37607999999999997,
41.995662394,40.550000000000004,1,detector_inference,,15.828164100646973,
41.995769863,40.550000000000004,1,controller_to_actual_cmd,,0.034152999999999996,
41.995832769,40.550000000000004,1,control_period,40.55,49.99999999999716,
41.995903015,40.550000000000004,2,detector_inference,,11.305747985839844,
41.995938134,40.550000000000004,2,measurement_to_controller_cmd,,0.06347,True
41.995971985000004,40.550000000000004,2,controller_to_actual_cmd,,0.033851,
41.996011712000005,40.550000000000004,2,control_period,40.55,49.99999999999716,
41.996072882,40.550000000000004,3,controller_to_actual_cmd,,0.026386,
41.996110518,40.550000000000004,3,control_period,40.55,49.99999999999716,
41.996444782000005,40.550000000000004,1,camera_to_measurement,40.525,18.68664,True
41.999927829,40.555,3,detector_inference,,13.762431144714355,
42.000293043,40.555,3,camera_to_measurement,40.525,15.291813,True
42.046527064,40.6,3,measurement_to_controller_cmd,,46.234021,True
42.046692084,40.6,3,control_period,40.6,50.00000000000426,
42.047282176,40.6,2,controller_to_actual_cmd,,0.832255,
42.047376482000004,40.6,2,control_period,40.6,50.00000000000426,
42.047441716,40.6,3,controller_to_actual_cmd,,0.9146519999999999,
42.048224629,40.6,1,measurement_to_controller_cmd,,51.779847,True
42.048323444000005,40.6,1,control_period,40.6,50.00000000000426,
42.04867532,40.605000000000004,1,controller_to_actual_cmd,,0.45069099999999995,
42.066775272,40.620000000000005,2,detector_inference,,12.894575119018555,
42.067254722,40.620000000000005,2,camera_to_measurement,40.595,14.966832,True
42.067327925,40.620000000000005,3,camera_to_measurement,40.595,9.168334,True
42.067371818000005,40.620000000000005,3,detector_inference,,7.027008056640625,
42.094575215000006,40.650000000000006,3,measurement_to_controller_cmd,,27.24729,True
42.095413566000005,40.650000000000006,1,controller_to_actual_cmd,,0.084212,
42.095556658,40.650000000000006,1,control_period,40.65,49.99999999999716,
42.095663814000005,40.650000000000006,2,measurement_to_controller_cmd,,28.409091999999998,True
42.095751104,40.650000000000006,2,controller_to_actual_cmd,,0.08728999999999999,
42.095845698000005,40.650000000000006,2,control_period,40.65,49.99999999999716,
42.095935665000006,40.650000000000006,3,control_period,40.65,49.99999999999716,
42.096513308000006,40.650000000000006,3,controller_to_actual_cmd,,1.9380929999999998,
42.133429406000005,40.685,1,detector_inference,,17.262792587280273,
42.13437444,40.690000000000005,1,camera_to_measurement,40.66,20.130515,True
42.135038481,40.690000000000005,2,camera_to_measurement,40.66,15.153476,True
42.135173807,40.690000000000005,2,detector_inference,,11.961352348327637,
42.135375393000004,40.690000000000005,3,detector_inference,,8.256047248840332,
42.144658149,40.7,1,measurement_to_controller_cmd,,10.283709,True
42.144746655000006,40.7,1,control_period,40.7,50.00000000000426,
42.144793764,40.7,2,measurement_to_controller_cmd,,9.755283,True
42.144841149,40.7,2,control_period,40.7,50.00000000000426,
42.144879281,40.7,3,measurement_to_controller_cmd,,9.571285,True
42.144924599,40.7,3,controller_to_actual_cmd,,0.045318,
42.14498312,40.7,3,control_period,40.7,50.00000000000426,
42.145355102,40.7,1,controller_to_actual_cmd,,0.6969529999999999,
42.145404358,40.7,2,controller_to_actual_cmd,,0.610594,
42.195525141000005,40.75,2,control_period,40.75,49.99999999999716,
42.196077977,40.75,1,controller_to_actual_cmd,,0.6836789999999999,
42.196261267000004,40.75,1,control_period,40.75,49.99999999999716,
42.196374682000005,40.75,2,controller_to_actual_cmd,,0.924607,
42.196864284,40.75,3,controller_to_actual_cmd,,0.043711,
42.196930479,40.75,3,control_period,40.75,49.99999999999716,
42.198845638,40.755,1,camera_to_measurement,40.725,21.472832,True
42.198907428000005,40.755,1,detector_inference,,19.817020416259766,
42.199551,40.755,3,camera_to_measurement,40.725,9.995059999999999,True
42.199637864,40.755,3,detector_inference,,7.4503960609436035,
42.246914186000005,40.800000000000004,1,measurement_to_controller_cmd,,48.068548,True
42.247051873000004,40.800000000000004,3,measurement_to_controller_cmd,,47.500873,True
42.247216502,40.800000000000004,3,control_period,40.8,49.99999999999716,
42.248085965,40.800000000000004,1,controller_to_actual_cmd,,1.171779,
42.248261395,40.800000000000004,1,control_period,40.8,49.99999999999716,
42.248453569000006,40.800000000000004,2,controller_to_actual_cmd,,0.082907,
42.248578839000004,40.800000000000004,2,control_period,40.8,49.99999999999716,
42.248679408,40.800000000000004,3,controller_to_actual_cmd,,1.627535,
42.254987504000006,40.81,1,detector_inference,,12.686529159545898,
42.256379589000005,40.81,2,detector_inference,,10.825390815734863,
42.256775577,40.81,2,camera_to_measurement,40.79,12.043061999999999,True
42.294291818000005,40.85,1,measurement_to_controller_cmd,,38.588471,True
42.295059819,40.85,1,control_period,40.85,50.00000000000426,
42.295243038,40.85,2,measurement_to_controller_cmd,,38.467461,True
42.295341812000004,40.85,2,control_period,40.85,50.00000000000426,
42.295393833000006,40.85,3,controller_to_actual_cmd,,1.006892,
42.295440157,40.85,3,control_period,40.85,50.00000000000426,
42.295801945,40.85,1,controller_to_actual_cmd,,1.510127,
42.295862666000005,40.85,2,controller_to_actual_cmd,,0.619628,
42.328704945000005,40.885000000000005,2,detector_inference,,12.931868553161621,
42.329443500000004,40.885000000000005,2,camera_to_measurement,40.855,16.672175,True
42.329589696,40.885000000000005,3,camera_to_measurement,40.855,13.304521,True
42.329690788,40.885000000000005,3,detector_inference,,9.282864570617676,
42.345364577000005,40.900000000000006,1,controller_to_actual_cmd,,0.091581,
42.34551475,40.900000000000006,1,control_period,40.9,49.99999999999716,
42.345616204,40.900000000000006,2,measurement_to_controller_cmd,,16.172704,True
42.345704021,40.900000000000006,2,controller_to_actual_cmd,,0.08781699999999999,
42.345810055,40.900000000000006,2,control_period,40.9,49.99999999999716,
42.345904368,40.900000000000006,3,measurement_to_controller_cmd,,16.314671999999998,True
42.346006117,40.900000000000006,3,control_period,40.9,49.99999999999716,
42.346642309,40.900000000000006,3,controller_to_actual_cmd,,0.737941,
42.38497221,40.940000000000005,1,camera_to_measurement,40.925,7.8915999999999995,True
42.385089599000004,40.940000000000005,1,detector_inference,,6.54562520980835,
42.390274860000005,40.945,3,detector_inference,,6.6175031661987305,
42.394824881000005,40.95,1,measurement_to_controller_cmd,,9.852670999999999,True
42.394966254,40.95,1,control_period,40.95,50.00000000000426,
42.395133759000004,40.95,2,controller_to_actual_cmd,,0.070352,
42.395252299,40.95,2,control_period,40.95,50.00000000000426,
42.395350659,40.95,3,measurement_to_controller_cmd,,5.17966,True
42.395422523,40.95,3,controller_to_actual_cmd,,0.071864,
42.395506063,40.95,3,control_period,40.95,50.00000000000426,
42.396026405,40.95,1,controller_to_actual_cmd,,1.201524,
42.447568129000004,41.0,2,control_period,41.0,49.99999999999716,
42.447651216000004,41.0,3,control_period,41.0,49.99999999999716,
42.448332454,41.0,1,controller_to_actual_cmd,,1.855634,
42.448484267000005,41.0,1,control_period,41.0,49.99999999999716,
42.449654842,41.005,2,controller_to_actual_cmd,,3.1420239999999997,
42.450600379,41.005,3,controller_to_actual_cmd,,4.04472,
42.457738546,41.010000000000005,1,detector_inference,,13.384243965148926,
42.458608198,41.015,1,camera_to_measurement,40.99,15.687584,True
42.465373572000004,41.02,3,detector_inference,,7.207087993621826,
42.495185680000006,41.050000000000004,1,measurement_to_controller_cmd,,36.577481999999996,True
42.495457547,41.050000000000004,3,measurement_to_controller_cmd,,30.19942,True
42.495640511000005,41.050000000000004,3,control_period,41.05,49.99999999999716,
42.496371371,41.050000000000004,1,controller_to_actual_cmd,,1.185691,
42.496484941000006,41.050000000000004,1,control_period,41.05,49.99999999999716,
42.496651495,41.050000000000004,2,controller_to_actual_cmd,,0.076107,
42.496775597,41.050000000000004,2,control_period,41.05,49.99999999999716,
42.496872292000006,41.050000000000004,3,controller_to_actual_cmd,,1.414745,
42.527644651,41.080000000000005,3,detector_inference,,8.306084632873535,
42.528578827000004,41.080000000000005,3,camera_to_measurement,41.055,11.624922,True
42.545826012,41.1,1,controller_to_actual_cmd,,0.09433699999999999,
42.545999847000004,41.1,1,control_period,41.1,50.00000000000426,
42.54623128,41.1,2,controller_to_actual_cmd,,0.10495399999999999,
42.546388004,41.1,2,control_period,41.1,50.00000000000426,
42.546448631000004,41.1,3,measurement_to_controller_cmd,,17.869804,True
42.546492209,41.1,3,controller_to_actual_cmd,,0.043578,
42.546539818,41.1,3,control_period,41.1,50.00000000000426,
42.589196399,41.145,2,camera_to_measurement,41.12,11.36117,True
42.589274517,41.145,2,detector_inference,,6.949409008026123,
42.590594455,41.145,3,detector_inference,,7.152609825134277,
42.591185985,41.145,3,camera_to_measurement,41.12,9.079084,True
42.594723155000004,41.150000000000006,1,control_period,41.15,49.99999999999716,
42.594771062,41.150000000000006,2,measurement_to_controller_cmd,,5.574663,True
42.594808403,41.150000000000006,2,controller_to_actual_cmd,,0.037341,
42.594848482,41.150000000000006,2,control_period,41.15,49.99999999999716,
42.594881796,41.150000000000006,3,measurement_to_controller_cmd,,3.695811,True
42.594928588,41.150000000000006,3,control_period,41.15,49.99999999999716,
42.595211982,41.150000000000006,1,controller_to_actual_cmd,,0.5468149999999999,
42.595254648,41.150000000000006,3,controller_to_actual_cmd,,0.37285199999999996,
42.645033624,41.2,1,control_period,41.2,50.00000000000426,
42.645196446,41.2,3,control_period,41.2,50.00000000000426,
42.645688792,41.2,1,controller_to_actual_cmd,,0.777917,
42.645775739,41.2,2,controller_to_actual_cmd,,0.034141,
42.645830509,41.2,2,control_period,41.2,50.00000000000426,
42.645870645,41.2,3,controller_to_actual_cmd,,0.7450399999999999,
42.647181686,41.2,2,detector_inference,,6.582115173339844,
42.647568761,41.2,2,camera_to_measurement,41.185,8.794971,True
42.655675213,41.21,3,detector_inference,,12.468341827392578,
42.656038083000006,41.21,3,camera_to_measurement,41.185,14.882817999999999,True
42.694708648,41.25,1,control_period,41.25,49.99999999999716,
42.694760640000005,41.25,2,measurement_to_controller_cmd,,47.191879,True
42.694809086,41.25,2,control_period,41.25,49.99999999999716,
42.694850835000004,41.25,3,measurement_to_controller_cmd,,38.812751999999996,True
42.694887283,41.25,3,controller_to_actual_cmd,,0.036448,
42.694929194000004,41.25,3,control_period,41.25,49.99999999999716,
42.695291266000005,41.25,1,controller_to_actual_cmd,,0.643425,
42.695338464,41.25,2,controller_to_actual_cmd,,0.577824,
42.719472972000005,41.275000000000006,1,camera_to_measurement,41.255,12.099036,True
42.71960662,41.275000000000006,1,detector_inference,,9.87279224395752,
42.726682904,41.28,2,detector_inference,,11.416589736938477,
42.727508401,41.28,2,camera_to_measurement,41.255,14.933185,True
42.727661093,41.28,3,camera_to_measurement,41.255,9.368829,True
42.727773635000005,41.28,3,detector_inference,,7.852521896362305,
42.745270062,41.300000000000004,2,measurement_to_controller_cmd,,17.761661,True
42.745338419,41.300000000000004,2,controller_to_actual_cmd,,0.068357,
42.745441875000004,41.300000000000004,2,control_period,41.3,49.99999999999716,
42.74552604,41.300000000000004,3,measurement_to_controller_cmd,,17.864947,True
42.745616442,41.300000000000004,3,control_period,41.3,49.99999999999716,
42.746212135,41.300000000000004,1,measurement_to_controller_cmd,,26.739162999999998,True
42.746265418,41.300000000000004,1,controller_to_actual_cmd,,0.053283,
42.746320059000006,41.300000000000004,1,control_period,41.3,49.99999999999716,
42.746363013,41.300000000000004,3,controller_to_actual_cmd,,0.836973,
42.786539284,41.34,1,camera_to_measurement,41.32,14.255694,True
42.786609282,41.34,1,detector_inference,,10.979007720947266,
42.786645463,41.34,2,detector_inference,,8.191961288452148,
42.786969693,41.34,2,camera_to_measurement,41.32,9.7774,True
42.794551892,41.35,2,measurement_to_controller_cmd,,7.582198999999999,True
42.794610794,41.35,2,controller_to_actual_cmd,,0.058901999999999996,
42.794667829000005,41.35,2,control_period,41.35,50.00000000000426,
42.794729334,41.35,3,controller_to_actual_cmd,,0.026539,
42.794767558000004,41.35,3,control_period,41.35,50.00000000000426,
42.795058517,41.35,1,measurement_to_controller_cmd,,8.519233,True
42.795106417,41.35,1,control_period,41.35,50.00000000000426,
42.795374333000005,41.35,1,controller_to_actual_cmd,,0.315816,
42.845627208,41.400000000000006,2,controller_to_actual_cmd,,0.09364199999999999,
42.845780664,41.400000000000006,2,control_period,41.4,49.99999999999716,
42.845978105,41.400000000000006,3,control_period,41.4,49.99999999999716,
42.846795665,41.400000000000006,1,control_period,41.4,49.99999999999716,
42.846928842000004,41.400000000000006,3,controller_to_actual_cmd,,1.04524,
42.847645994000004,41.400000000000006,1,controller_to_actual_cmd,,0.9966039999999999,
42.853069714,41.405,2,detector_inference,,13.437950134277344,
42.853951945000006,41.410000000000004,2,camera_to_measurement,41.385,14.558079,True
42.854642697,41.410000000000004,3,camera_to_measurement,41.385,11.733169,True
42.854744637,41.410000000000004,3,detector_inference,,10.651284217834473,
42.855333931000004,41.410000000000004,1,camera_to_measurement,41.385,19.125397,True
42.855417762,41.410000000000004,1,detector_inference,,17.00884437561035,
42.894694166,41.45,2,measurement_to_controller_cmd,,40.742221,True
42.895052043,41.45,1,measurement_to_controller_cmd,,39.718112,True
42.895096045,41.45,1,controller_to_actual_cmd,,0.044002,
42.895168334000005,41.45,1,control_period,41.45,50.00000000000426,
42.895214055000004,41.45,2,controller_to_actual_cmd,,0.5198889999999999,
42.895261968,41.45,2,control_period,41.45,50.00000000000426,
42.895309341,41.45,3,measurement_to_controller_cmd,,40.666644,True
42.895354235,41.45,3,controller_to_actual_cmd,,0.044893999999999996,
42.895403878,41.45,3,control_period,41.45,50.00000000000426,
42.915338518000006,41.470000000000006,3,camera_to_measurement,41.45,7.585596,True
42.915451138,41.470000000000006,3,detector_inference,,5.9237518310546875,
42.945200735,41.5,1,control_period,41.5,49.99999999999716,
42.945412106,41.5,2,control_period,41.5,49.99999999999716,
42.945503435000006,41.5,3,measurement_to_controller_cmd,,30.164917,True
42.945610797,41.5,3,control_period,41.5,49.99999999999716,
42.946226403000004,41.5,1,controller_to_actual_cmd,,1.152798,
42.946335899000005,41.5,2,controller_to_actual_cmd,,1.0224039999999999,
42.946424500000006,41.5,3,controller_to_actual_cmd,,0.9210649999999999,
42.975453460000004,41.53,1,detector_inference,,7.006126880645752,
42.976029926,41.53,1,camera_to_measurement,41.515,7.146356,True
42.994131848,41.550000000000004,1,measurement_to_controller_cmd,,18.101922,True
42.994176582,41.550000000000004,1,controller_to_actual_cmd,,0.044733999999999996,
42.994250126000004,41.550000000000004,1,control_period,41.55,49.99999999999716,
42.994318122,41.550000000000004,2,control_period,41.55,49.99999999999716,
42.994373218,41.550000000000004,3,controller_to_actual_cmd,,0.024073999999999998,
42.994408022,41.550000000000004,3,control_period,41.55,49.99999999999716,
42.994649074,41.550000000000004,2,controller_to_actual_cmd,,0.36161299999999996,
43.044884711,41.6,1,control_period,41.6,50.00000000000426,
43.044982323,41.6,2,control_period,41.6,50.00000000000426,
43.045060111000005,41.6,3,controller_to_actual_cmd,,0.035251,
43.045098381,41.6,3,control_period,41.6,50.00000000000426,
43.045511523,41.6,1,controller_to_actual_cmd,,0.6906329999999999,
43.045577401,41.6,2,controller_to_actual_cmd,,0.637129,
43.054507241,41.61,2,camera_to_measurement,41.585,17.475187,True
43.054570965,41.61,2,detector_inference,,14.780628204345703,
43.096334018,41.650000000000006,1,controller_to_actual_cmd,,0.089643,
43.096507897,41.650000000000006,1,control_period,41.65,49.99999999999716,
43.096632654000004,41.650000000000006,2,measurement_to_controller_cmd,,42.125412999999995,True
43.09668458,41.650000000000006,2,controller_to_actual_cmd,,0.051926,
43.096740429,41.650000000000006,2,control_period,41.65,49.99999999999716,
43.096794698000004,41.650000000000006,3,controller_to_actual_cmd,,1.236759,
43.096850373,41.650000000000006,3,control_period,41.65,49.99999999999716,
43.115093514,41.67,1,camera_to_measurement,41.65,10.719503999999999,True
43.115239914,41.67,1,detector_inference,,7.465580940246582,
43.125110139,41.68,2,detector_inference,,12.830645561218262,
43.125855396000006,41.68,2,camera_to_measurement,41.65,15.472133,True
43.144545987,41.7,1,measurement_to_controller_cmd,,29.452472999999998,True
43.144647537000004,41.7,1,control_period,41.7,50.00000000000426,
43.144709695,41.7,2,measurement_to_controller_cmd,,18.854298999999997,True
43.144770023,41.7,2,controller_to_actual_cmd,,0.060328,
43.144833520000006,41.7,2,control_period,41.7,50.00000000000426,
43.145411648,41.7,1,controller_to_actual_cmd,,0.865661,
43.145526991000004,41.7,3,controller_to_actual_cmd,,0.046252999999999996,
43.145600217,41.7,3,control_period,41.7,50.00000000000426,
43.175472067,41.730000000000004,1,camera_to_measurement,41.715,8.531831,True
43.175584114,41.730000000000004,1,detector_inference,,7.3668599128723145,
43.189398185,41.745000000000005,3,camera_to_measurement,41.715,11.125083,True
43.189495515000004,41.745000000000005,3,detector_inference,,8.66586971282959,
43.194234428,41.75,3,measurement_to_controller_cmd,,4.836243,True
43.194806716,41.75,1,measurement_to_controller_cmd,,19.334649,True
43.194896328000006,41.75,1,controller_to_actual_cmd,,0.089612,
43.195002737,41.75,1,control_period,41.75,49.99999999999716,
43.195082837,41.75,2,controller_to_actual_cmd,,0.947712,
43.195167008000006,41.75,2,control_period,41.75,49.99999999999716,
43.195253966,41.75,3,controller_to_actual_cmd,,1.019538,
43.19537572,41.75,3,control_period,41.75,49.99999999999716,
43.245759183000004,41.800000000000004,1,control_period,41.8,49.99999999999716,
43.245967435000004,41.800000000000004,2,controller_to_actual_cmd,,0.08193399999999999,
43.246094375000006,41.800000000000004,2,control_period,41.8,49.99999999999716,
43.246593575000006,41.800000000000004,1,camera_to_measurement,41.78,15.456911999999999,True
43.246685834000004,41.800000000000004,1,detector_inference,,13.417339324951172,
43.246739541000004,41.800000000000004,1,controller_to_actual_cmd,,1.6418389999999998,
43.246843781,41.800000000000004,3,controller_to_actual_cmd,,0.040812,
43.246910905,41.800000000000004,3,control_period,41.8,49.99999999999716,
43.252314420000005,41.805,3,detector_inference,,12.85991096496582,
43.252730341,41.805,3,camera_to_measurement,41.78,15.251479,True
43.296004828,41.85,1,measurement_to_controller_cmd,,49.411252999999995,True
43.296071097,41.85,3,measurement_to_controller_cmd,,43.340756,True
43.296144258000005,41.85,3,control_period,41.85,50.00000000000426,
43.299475507000004,41.85,1,control_period,41.85,50.00000000000426,
43.300692678000004,41.855000000000004,1,controller_to_actual_cmd,,4.68785,
43.300795603000005,41.855000000000004,2,controller_to_actual_cmd,,1.031498,
43.300918404,41.855000000000004,2,control_period,41.85,50.00000000000426,
43.301000755000004,41.855000000000004,3,controller_to_actual_cmd,,4.929658,
43.313530245,41.865,1,camera_to_measurement,41.845,14.793194,True
43.313718354,41.865,1,detector_inference,,9.250509262084961,
43.321254314,41.875,3,detector_inference,,7.873918056488037,
43.321692256000006,41.875,3,camera_to_measurement,41.845,9.300631,True
43.344402361,41.900000000000006,3,measurement_to_controller_cmd,,22.710105,True
43.345013179000006,41.900000000000006,1,measurement_to_controller_cmd,,31.482934,True
43.345133535,41.900000000000006,1,control_period,41.9,49.99999999999716,
43.345277551,41.900000000000006,2,controller_to_actual_cmd,,0.06018,
43.345337835,41.900000000000006,2,control_period,41.9,49.99999999999716,
43.345375868000005,41.900000000000006,3,controller_to_actual_cmd,,0.973507,
43.345417529,41.900000000000006,3,control_period,41.9,49.99999999999716,
43.345724993000005,41.900000000000006,1,controller_to_actual_cmd,,0.711814,
43.387274591,41.940000000000005,1,camera_to_measurement,41.915,18.337941999999998,True
43.387428837,41.940000000000005,1,detector_inference,,15.65822982788086,
43.387529511000004,41.940000000000005,2,detector_inference,,12.84618091583252,
43.388219772,41.940000000000005,2,camera_to_measurement,41.915,16.117418,True
43.388359060000006,41.940000000000005,3,camera_to_measurement,41.915,11.776757,True
43.388447314000004,41.940000000000005,3,detector_inference,,9.284590721130371,
43.394644732,41.95,1,measurement_to_controller_cmd,,7.370140999999999,True
43.394720375000006,41.95,1,controller_to_actual_cmd,,0.075643,
43.394784306000005,41.95,1,control_period,41.95,50.00000000000426,
43.394822291000004,41.95,2,measurement_to_controller_cmd,,6.602519,True
43.394855499,41.95,2,controller_to_actual_cmd,,0.033208,
43.394892408000004,41.95,2,control_period,41.95,50.00000000000426,
43.394925984000004,41.95,3,measurement_to_controller_cmd,,6.566923999999999,True
43.394962568000004,41.95,3,control_period,41.95,50.00000000000426,
43.395266060000004,41.95,3,controller_to_actual_cmd,,0.340076,
43.439109916,41.995000000000005,1,camera_to_measurement,41.98,6.985563,True
43.439191612,41.995000000000005,1,detector_inference,,5.874882221221924,
43.445318718,42.0,2,controller_to_actual_cmd,,0.05082,
43.445425037,42.0,2,control_period,42.0,49.99999999999716,
43.445534027,42.0,3,controller_to_actual_cmd,,0.037077,
43.445577903,42.0,3,control_period,42.0,49.99999999999716,
43.445842454,42.0,1,measurement_to_controller_cmd,,6.732538,True
43.445879655000006,42.0,1,controller_to_actual_cmd,,0.037201,
43.445919565000004,42.0,1,control_period,42.0,49.99999999999716,
43.494685589,42.050000000000004,1,control_period,42.05,49.99999999999716,
43.494905481,42.050000000000004,3,controller_to_actual_cmd,,0.105942,
43.494990731,42.050000000000004,3,control_period,42.05,49.99999999999716,
43.495719824000005,42.050000000000004,1,controller_to_actual_cmd,,1.095256,
43.496157458000006,42.050000000000004,2,controller_to_actual_cmd,,0.363514,
43.496237332,42.050000000000004,2,control_period,42.05,49.99999999999716,
43.505494593,42.06,1,detector_inference,,6.8548431396484375,
43.517303728,42.07,3,camera_to_measurement,42.045,10.274975999999999,True
43.517418617000004,42.07,3,detector_inference,,8.022014617919922,
43.544470227000005,42.1,1,measurement_to_controller_cmd,,39.024781999999995,True
43.544550433000005,42.1,1,control_period,42.1,50.00000000000426,
43.544613217000006,42.1,3,measurement_to_controller_cmd,,27.309489,True
43.545155888000004,42.1,1,controller_to_actual_cmd,,0.685661,
43.545264688,42.1,2,controller_to_actual_cmd,,0.031056999999999998,
43.545325404,42.1,2,control_period,42.1,50.00000000000426,
43.545371064,42.1,3,controller_to_actual_cmd,,0.7578469999999999,
43.545409815,42.1,3,control_period,42.1,50.00000000000426,
43.582153144,42.135000000000005,3,camera_to_measurement,42.11,7.37637,True
43.582251084,42.135000000000005,3,detector_inference,,6.413947105407715,
43.595049825000004,42.150000000000006,1,controller_to_actual_cmd,,0.0765,
43.595177676000006,42.150000000000006,1,control_period,42.15,49.99999999999716,
43.595347782000005,42.150000000000006,2,controller_to_actual_cmd,,0.06877699999999999,
43.595442804,42.150000000000006,2,control_period,42.15,49.99999999999716,
43.595996314000004,42.150000000000006,3,measurement_to_controller_cmd,,13.843169999999999,True
43.596098950000005,42.150000000000006,3,control_period,42.15,49.99999999999716,
43.596478048,42.150000000000006,3,controller_to_actual_cmd,,0.481734,
43.637125261,42.190000000000005,1,detector_inference,,9.201606750488281,
43.638070835,42.190000000000005,1,camera_to_measurement,42.175,11.781592,True
43.645379483,42.2,1,measurement_to_controller_cmd,,7.308648,True
43.645457519000004,42.2,1,control_period,42.2,50.00000000000426,
43.645543388,42.2,2,control_period,42.2,50.00000000000426,
43.645623613000005,42.2,3,control_period,42.2,50.00000000000426,
43.646004993000005,42.2,1,controller_to_actual_cmd,,0.62551,
43.646052437,42.2,2,controller_to_actual_cmd,,0.5494359999999999,
43.646095001000006,42.2,3,controller_to_actual_cmd,,0.50867,
43.646553875,42.2,2,camera_to_measurement,42.175,15.710301999999999,True
43.646614992,42.2,2,detector_inference,,15.09196662902832,
43.646664673000004,42.2,3,camera_to_measurement,42.175,13.089653,True
43.646701999,42.2,3,detector_inference,,10.418758392333984,
43.695848625,42.25,1,control_period,42.25,49.99999999999716,
43.696019023000005,42.25,3,measurement_to_controller_cmd,,49.35435,True
43.696182346,42.25,3,control_period,42.25,49.99999999999716,
43.699561947,42.25,3,controller_to_actual_cmd,,3.5429239999999997,
43.700624431,42.255,1,controller_to_actual_cmd,,4.942756,
43.70073277,42.255,2,measurement_to_controller_cmd,,54.178895,True
43.70082816,42.255,2,controller_to_actual_cmd,,0.09539,
43.700964927,42.255,2,control_period,42.25,49.99999999999716,
43.717346175,42.27,1,detector_inference,,16.162437438964844,
43.717951247,42.27,1,camera_to_measurement,42.245,18.830638,True
43.718925674000005,42.275000000000006,3,detector_inference,,8.739826202392578,
43.719424814,42.275000000000006,2,camera_to_measurement,42.245,15.628853999999999,True
43.719511887,42.275000000000006,2,detector_inference,,13.359004974365234,
43.71958517,42.275000000000006,3,camera_to_measurement,42.245,11.364984,True
43.744808026,42.300000000000004,2,measurement_to_controller_cmd,,25.383212,True
43.744931712,42.300000000000004,2,controller_to_actual_cmd,,0.12368599999999999,
43.745052207,42.300000000000004,2,control_period,42.3,49.99999999999716,
43.745148727,42.300000000000004,3,measurement_to_controller_cmd,,25.563557,True
43.745250252000005,42.300000000000004,3,controller_to_actual_cmd,,0.10152499999999999,
43.745354394,42.300000000000004,3,control_period,42.3,49.99999999999716,
43.74590718,42.300000000000004,1,measurement_to_controller_cmd,,27.955932999999998,True
43.74598685,42.300000000000004,1,controller_to_actual_cmd,,0.07966999999999999,
43.746073142,42.300000000000004,1,control_period,42.3,49.99999999999716,
43.771881283000006,42.325,1,detector_inference,,8.783402442932129,
43.772275527000005,42.325,1,camera_to_measurement,42.31,10.095988,True
43.782397874000004,42.335,3,detector_inference,,5.874186992645264,
43.782805136,42.335,3,camera_to_measurement,42.31,7.983053,True
43.794653263,42.35,1,measurement_to_controller_cmd,,22.377736,True
43.794765634,42.35,1,controller_to_actual_cmd,,0.112371,
43.794889235,42.35,1,control_period,42.35,50.00000000000426,
43.795073931000005,42.35,2,control_period,42.35,50.00000000000426,
43.795156475000006,42.35,3,measurement_to_controller_cmd,,12.351339,True
43.79568248,42.35,2,controller_to_actual_cmd,,0.7072849999999999,
43.795766158,42.35,3,controller_to_actual_cmd,,0.609683,
43.795870037,42.35,3,control_period,42.35,50.00000000000426,
43.841048999,42.395,2,detector_inference,,8.830035209655762,
43.8468451,42.400000000000006,1,control_period,42.4,49.99999999999716,
43.846992296,42.400000000000006,2,measurement_to_controller_cmd,,5.40395,True
43.847144471,42.400000000000006,2,control_period,42.4,49.99999999999716,
43.847391239000004,42.400000000000006,3,controller_to_actual_cmd,,0.097675,
43.847530039000006,42.400000000000006,3,control_period,42.4,49.99999999999716,
43.848447608,42.400000000000006,1,controller_to_actual_cmd,,1.7676539999999998,
43.848600186000006,42.400000000000006,2,controller_to_actual_cmd,,1.6078899999999998,
43.855585176000005,42.410000000000004,3,camera_to_measurement,42.375,23.386336,True
43.855713449,42.410000000000004,3,detector_inference,,19.711780548095703,
43.895919447000004,42.45,1,control_period,42.45,50.00000000000426,
43.896076799,42.45,3,measurement_to_controller_cmd,,40.491623,True
43.896249190000006,42.45,3,control_period,42.45,50.00000000000426,
43.899531877,42.45,2,controller_to_actual_cmd,,0.072061,
43.899659930000006,42.45,2,control_period,42.45,50.00000000000426,
43.899716309000006,42.45,3,controller_to_actual_cmd,,3.63951,
43.901415186,42.455000000000005,1,controller_to_actual_cmd,,5.6687639999999995,
43.912925834,42.465,1,camera_to_measurement,42.44,13.870114,True
43.913066198,42.465,1,detector_inference,,10.655073165893555,
43.920142409,42.475,2,detector_inference,,13.691912651062012,
43.921019589000004,42.475,2,camera_to_measurement,42.44,15.712168,True
43.921216357000006,42.475,3,camera_to_measurement,42.44,11.184849999999999,True
43.921355576,42.475,3,detector_inference,,8.820474624633789,
43.946018105,42.5,1,measurement_to_controller_cmd,,33.092271,True
43.94607714,42.5,1,controller_to_actual_cmd,,0.059035,
43.946149948000006,42.5,1,control_period,42.5,49.99999999999716,
43.946196281000006,42.5,2,measurement_to_controller_cmd,,25.176692,True
43.946253608,42.5,2,controller_to_actual_cmd,,0.057326999999999996,
43.946305620000004,42.5,2,control_period,42.5,49.99999999999716,
43.946348751,42.5,3,measurement_to_controller_cmd,,25.132393999999998,True
43.946398564000006,42.5,3,controller_to_actual_cmd,,0.049812999999999996,
43.946446609000006,42.5,3,control_period,42.5,49.99999999999716,
43.981068130000004,42.535000000000004,2,detector_inference,,13.50374984741211,
43.981843196,42.535000000000004,2,camera_to_measurement,42.505,15.938362999999999,True
43.982775722,42.535000000000004,3,detector_inference,,9.736449241638184,
43.995134215,42.550000000000004,2,measurement_to_controller_cmd,,13.291018999999999,True
43.995867315000005,42.550000000000004,1,controller_to_actual_cmd,,0.057311999999999995,
43.995975129,42.550000000000004,1,control_period,42.55,49.99999999999716,
43.996058878,42.550000000000004,2,controller_to_actual_cmd,,0.924663,
43.996138096,42.550000000000004,2,control_period,42.55,49.99999999999716,
43.996213335,42.550000000000004,3,measurement_to_controller_cmd,,13.491162,True
43.996289241,42.550000000000004,3,control_period,42.55,49.99999999999716,
43.996670514,42.550000000000004,3,controller_to_actual_cmd,,0.457179,
44.038491321,42.59,1,detector_inference,,7.784823894500732,
44.039280348000005,42.595000000000006,1,camera_to_measurement,42.575,10.189860999999999,True
44.046721333,42.6,1,measurement_to_controller_cmd,,7.4409849999999995,True
44.046861061,42.6,1,controller_to_actual_cmd,,0.139728,
44.047039940000005,42.6,1,control_period,42.6,50.00000000000426,
44.047281497,42.6,2,controller_to_actual_cmd,,0.106843,
44.047403693,42.6,2,control_period,42.6,50.00000000000426,
44.047576899000006,42.6,3,controller_to_actual_cmd,,0.07291399999999999,
44.047686057,42.6,3,control_period,42.6,50.00000000000426,
44.052953177000006,42.605000000000004,3,camera_to_measurement,42.575,7.524386,True
44.053104388,42.605000000000004,3,detector_inference,,6.988653182983398,
44.09722834,42.650000000000006,1,control_period,42.65,49.99999999999716,
44.097416292000005,42.650000000000006,2,control_period,42.65,49.99999999999716,
44.097487192,42.650000000000006,3,measurement_to_controller_cmd,,44.534015,True
44.097551758,42.650000000000006,3,control_period,42.65,49.99999999999716,
44.098237839,42.650000000000006,1,controller_to_actual_cmd,,1.137621,
44.098308379,42.650000000000006,2,controller_to_actual_cmd,,0.9672499999999999,
44.098368877000006,42.650000000000006,3,controller_to_actual_cmd,,0.8816849999999999,
44.114954883,42.67,2,camera_to_measurement,42.64,9.607096,True
44.115080653,42.67,2,detector_inference,,8.835785865783691,
44.127713122,42.68,3,detector_inference,,14.674644470214844,
44.128672897,42.68,3,camera_to_measurement,42.64,17.826366,True
44.145898486,42.7,1,controller_to_actual_cmd,,0.048274,
44.145990766000004,42.7,1,control_period,42.7,50.00000000000426,
44.146043389000006,42.7,2,measurement_to_controller_cmd,,31.088506,True
44.146094713000004,42.7,2,controller_to_actual_cmd,,0.051323999999999995,
44.146143922,42.7,2,control_period,42.7,50.00000000000426,
44.146185908,42.7,3,measurement_to_controller_cmd,,17.513011,True
44.146286401000005,42.7,3,controller_to_actual_cmd,,0.100493,
44.146333945,42.7,3,control_period,42.7,50.00000000000426,
44.192506456000004,42.745000000000005,2,detector_inference,,19.995529174804688,
44.193338083,42.745000000000005,2,camera_to_measurement,42.705,23.844831,True
44.193484843,42.745000000000005,3,camera_to_measurement,42.705,12.921346999999999,True
44.193563233000006,42.745000000000005,3,detector_inference,,13.676003456115723,
44.195279105000004,42.75,2,measurement_to_controller_cmd,,1.9410219999999998,True
44.195469666,42.75,2,control_period,42.75,49.99999999999716,
44.195598574,42.75,3,measurement_to_controller_cmd,,2.113731,True
44.195759108000004,42.75,3,control_period,42.75,49.99999999999716,
44.196635519000004,42.75,1,controller_to_actual_cmd,,0.087645,
44.196817081000006,42.75,1,control_period,42.75,49.99999999999716,
44.196901757000006,42.75,2,controller_to_actual_cmd,,1.622652,
44.1969603,42.75,3,controller_to_actual_cmd,,1.361726,
44.236579595,42.79,1,camera_to_measurement,42.77,10.719142,True
44.236738761000005,42.79,1,detector_inference,,8.67318344116211,
44.245611126,42.800000000000004,1,measurement_to_controller_cmd,,9.031531,True
44.245797703,42.800000000000004,1,control_period,42.8,49.99999999999716,
44.246715975,42.800000000000004,1,controller_to_actual_cmd,,1.104849,
44.246921383,42.800000000000004,2,camera_to_measurement,42.77,13.472187,True
44.247049629,42.800000000000004,2,detector_inference,,12.445219993591309,
44.247165323000004,42.800000000000004,2,measurement_to_controller_cmd,,0.24394,True
44.247300548000005,42.800000000000004,2,controller_to_actual_cmd,,0.13522499999999998,
44.247446401000005,42.800000000000004,2,control_period,42.8,49.99999999999716,
44.248441845,42.800000000000004,3,controller_to_actual_cmd,,0.168822,
44.248599952,42.800000000000004,3,control_period,42.8,49.99999999999716,
44.250888635,42.805,3,detector_inference,,9.80473518371582,
44.251644307,42.805,3,camera_to_measurement,42.77,11.336273,True
44.295396424,42.85,1,control_period,42.85,50.00000000000426,
44.295548486,42.85,3,measurement_to_controller_cmd,,43.904179,True
44.295692162,42.85,3,control_period,42.85,50.00000000000426,
44.296517447,42.85,1,controller_to_actual_cmd,,1.275156,
44.296660204000005,42.85,3,controller_to_actual_cmd,,1.111718,
44.297410724,42.85,2,controller_to_actual_cmd,,0.08628799999999999,
44.297539713000006,42.85,2,control_period,42.85,50.00000000000426,
44.307281463,42.86,1,detector_inference,,13.759918212890625,
44.30807412,42.86,1,camera_to_measurement,42.835,15.648738,True
44.322575554000004,42.875,2,detector_inference,,20.918954849243164,
44.323170852000004,42.875,3,camera_to_measurement,42.835,18.477061,True
44.323316713000004,42.875,3,detector_inference,,16.39809799194336,
44.345238099,42.900000000000006,1,measurement_to_controller_cmd,,37.163979,True
44.345367209,42.900000000000006,1,control_period,42.9,49.99999999999716,
44.345431721000004,42.900000000000006,2,measurement_to_controller_cmd,,23.030718,True
44.34548737,42.900000000000006,2,controller_to_actual_cmd,,0.055649,
44.345555049000005,42.900000000000006,2,control_period,42.9,49.99999999999716,
44.345631520000005,42.900000000000006,3,measurement_to_controller_cmd,,22.460668,True
44.345691296000005,42.900000000000006,3,control_period,42.9,49.99999999999716,
44.346129809000004,42.900000000000006,1,controller_to_actual_cmd,,0.89171,
44.346558008,42.900000000000006,3,controller_to_actual_cmd,,0.926488,
44.377212018,42.93,1,detector_inference,,12.993160247802734,
44.378124809000006,42.93,1,camera_to_measurement,42.905,15.070215,True
44.389392401,42.945,3,camera_to_measurement,42.905,8.644776,True
44.38949014,42.945,3,detector_inference,,7.125615119934082,
44.394813306,42.95,3,measurement_to_controller_cmd,,5.420904999999999,True
44.394917368,42.95,3,controller_to_actual_cmd,,0.104062,
44.395027966,42.95,3,control_period,42.95,50.00000000000426,
44.395720959,42.95,1,measurement_to_controller_cmd,,17.596149999999998,True
44.395793414,42.95,1,controller_to_actual_cmd,,0.07245499999999999,
44.395878802000006,42.95,1,control_period,42.95,50.00000000000426,
44.396007946000005,42.95,2,control_period,42.95,50.00000000000426,
44.396630308000006,42.95,2,controller_to_actual_cmd,,0.6845,
44.435833175000006,42.99,1,detector_inference,,7.229029178619385,
44.446217257,43.0,1,measurement_to_controller_cmd,,9.613762,True
44.446273354000006,43.0,1,controller_to_actual_cmd,,0.056096999999999994,
44.446338163,43.0,1,control_period,43.0,49.99999999999716,
44.446417013,43.0,2,controller_to_actual_cmd,,0.029748999999999998,
44.446457052,43.0,2,control_period,43.0,49.99999999999716,
44.446520463000006,43.0,3,controller_to_actual_cmd,,0.027923999999999997,
44.446561735,43.0,3,control_period,43.0,49.99999999999716,
44.450423025000006,43.005,3,detector_inference,,8.372522354125977,
44.450807866000005,43.005,3,camera_to_measurement,42.97,10.313188,True
44.497733537,43.050000000000004,1,control_period,43.05,49.99999999999716,
44.497813404000006,43.050000000000004,3,measurement_to_controller_cmd,,47.005538,True
44.497864382,43.050000000000004,3,controller_to_actual_cmd,,0.050977999999999996,
44.497921348000006,43.050000000000004,3,control_period,43.05,49.99999999999716,
44.498612901,43.050000000000004,1,controller_to_actual_cmd,,0.965108,
44.498724237000005,43.050000000000004,2,controller_to_actual_cmd,,0.039305,
44.498803125,43.050000000000004,2,control_period,43.05,49.99999999999716,
44.512181528,43.065000000000005,1,detector_inference,,17.119762420654297,
44.512670024,43.065000000000005,1,camera_to_measurement,43.035,20.534072,True
44.515778814,43.07,2,camera_to_measurement,43.035,19.48442,True
44.51594621,43.07,2,detector_inference,,15.180508613586426,
44.528098035,43.080000000000005,3,detector_inference,,19.284658432006836,
44.528664816,43.085,3,camera_to_measurement,43.035,22.732701,True
44.545228795,43.1,1,measurement_to_controller_cmd,,32.558771,True
44.545285439000004,43.1,1,controller_to_actual_cmd,,0.056644,
44.545386153,43.1,1,control_period,43.1,50.00000000000426,
44.545965976000005,43.1,2,measurement_to_controller_cmd,,30.187161999999997,True
44.546044052000006,43.1,2,controller_to_actual_cmd,,0.07807599999999999,
44.546109683000005,43.1,2,control_period,43.1,50.00000000000426,
44.546144396,43.1,3,measurement_to_controller_cmd,,17.47958,True
44.546175403,43.1,3,controller_to_actual_cmd,,0.031007,
44.546218766,43.1,3,control_period,43.1,50.00000000000426,
44.56279294,43.115,1,camera_to_measurement,43.1,7.7412719999999995,True
44.562954741000006,43.115,1,detector_inference,,6.825334072113037,
44.595367306,43.150000000000006,2,controller_to_actual_cmd,,0.6633549999999999,
44.595528484000006,43.150000000000006,2,control_period,43.15,49.99999999999716,
44.595716997000004,43.150000000000006,3,controller_to_actual_cmd,,0.078039,
44.595819961000004,43.150000000000006,3,control_period,43.15,49.99999999999716,
44.596401182,43.150000000000006,1,measurement_to_controller_cmd,,33.608242,True
44.596491963000005,43.150000000000006,1,controller_to_actual_cmd,,0.090781,
44.596629514,43.150000000000006,1,control_period,43.15,49.99999999999716,
44.63345154,43.185,1,detector_inference,,11.036494255065918,
44.634372371000005,43.185,1,camera_to_measurement,43.165,13.062140999999999,True
44.638451251,43.190000000000005,2,detector_inference,,11.891141891479492,
44.639261244000004,43.195,2,camera_to_measurement,43.165,12.830668,True
44.640159856000004,43.195,3,detector_inference,,8.292614936828613,
44.640590642,43.195,3,camera_to_measurement,43.165,10.399391999999999,True
44.645988428,43.2,1,measurement_to_controller_cmd,,11.616057,True
44.646150601,43.2,1,control_period,43.2,50.00000000000426,
44.646292327000005,43.2,2,measurement_to_controller_cmd,,7.031083,True
44.646399684,43.2,2,controller_to_actual_cmd,,0.107357,
44.646517404,43.2,2,control_period,43.2,50.00000000000426,
44.646619504,43.2,3,measurement_to_controller_cmd,,6.028862,True
44.646739475000004,43.2,3,control_period,43.2,50.00000000000426,
44.647378728,43.2,1,controller_to_actual_cmd,,1.3902999999999999,
44.647488505000005,43.2,3,controller_to_actual_cmd,,0.8690009999999999,
44.696497898000004,43.25,1,controller_to_actual_cmd,,0.049522,
44.696590208,43.25,1,control_period,43.25,49.99999999999716,
44.696632982000004,43.25,2,controller_to_actual_cmd,,0.9723449999999999,
44.696674857000005,43.25,2,control_period,43.25,49.99999999999716,
44.697023004,43.25,3,control_period,43.25,49.99999999999716,
44.702380706,43.255,3,controller_to_actual_cmd,,5.672079999999999,
44.710073491,43.265,1,camera_to_measurement,43.235,17.730694,True
44.710217241,43.265,1,detector_inference,,14.711461067199707,
44.710352986000004,43.265,3,camera_to_measurement,43.235,9.170098,True
44.71044406,43.265,3,detector_inference,,7.403686046600342,
44.745497776,43.300000000000004,1,measurement_to_controller_cmd,,35.424285,True
44.745679874000004,43.300000000000004,1,control_period,43.3,49.99999999999716,
44.745791867,43.300000000000004,3,measurement_to_controller_cmd,,35.438880999999995,True
44.745894195000005,43.300000000000004,3,controller_to_actual_cmd,,0.102328,
44.746017524,43.300000000000004,3,control_period,43.3,49.99999999999716,
44.746537649000004,43.300000000000004,1,controller_to_actual_cmd,,1.039873,
44.746638587,43.300000000000004,2,controller_to_actual_cmd,,0.035767,
44.746699042,43.300000000000004,2,control_period,43.3,49.99999999999716,
44.773145389,43.325,2,detector_inference,,9.060356140136719,
44.773998599,43.330000000000005,2,camera_to_measurement,43.3,10.934948,True
44.795105893000006,43.35,1,controller_to_actual_cmd,,0.048874,
44.795174624000005,43.35,1,control_period,43.35,50.00000000000426,
44.795216783,43.35,2,measurement_to_controller_cmd,,21.218183999999997,True
44.795250268000004,43.35,2,controller_to_actual_cmd,,0.033485,
44.795286934,43.35,2,control_period,43.35,50.00000000000426,
44.795344374,43.35,3,controller_to_actual_cmd,,0.025946999999999998,
44.795380469,43.35,3,control_period,43.35,50.00000000000426,
44.845109097000005,43.400000000000006,2,control_period,43.4,49.99999999999716,
44.845558612000005,43.400000000000006,2,controller_to_actual_cmd,,0.552473,
44.846124574,43.400000000000006,1,control_period,43.4,49.99999999999716,
44.846178316,43.400000000000006,3,controller_to_actual_cmd,,0.56238,
44.846249935,43.400000000000006,3,control_period,43.4,49.99999999999716,
44.846547018,43.400000000000006,1,controller_to_actual_cmd,,0.505993,
44.896971889,43.45,1,control_period,43.45,50.00000000000426,
44.897291524,43.45,2,controller_to_actual_cmd,,0.109995,
44.897444204,43.45,2,control_period,43.45,50.00000000000426,
44.898145424000006,43.45,1,controller_to_actual_cmd,,1.294835,
44.899171375,43.45,3,controller_to_actual_cmd,,0.07067899999999999,
44.899338689000004,43.45,3,control_period,43.45,50.00000000000426,
44.90662296,43.46,3,detector_inference,,6.772018909454346,
44.945495202000004,43.5,1,control_period,43.5,49.99999999999716,
44.945756312,43.5,2,controller_to_actual_cmd,,0.104128,
44.945914536000004,43.5,2,control_period,43.5,49.99999999999716,
44.947986842000006,43.5,1,controller_to_actual_cmd,,2.673688,
44.948164205000005,43.5,3,measurement_to_controller_cmd,,41.630209,True
44.94833405,43.5,3,controller_to_actual_cmd,,0.169845,
44.948500765000006,43.5,3,control_period,43.5,49.99999999999716,
44.975259548000004,43.53,2,camera_to_measurement,43.495,15.065138,True
44.975392639000006,43.53,2,detector_inference,,12.573330879211426,
44.986880686000006,43.540000000000006,3,detector_inference,,16.314287185668945,
44.987384654,43.540000000000006,3,camera_to_measurement,43.495,18.449493999999998,True
44.994893235,43.550000000000004,1,control_period,43.55,49.99999999999716,
44.994943446,43.550000000000004,2,measurement_to_controller_cmd,,19.683898,True
44.994982447000005,43.550000000000004,2,controller_to_actual_cmd,,0.039001,
44.995035833,43.550000000000004,2,control_period,43.55,49.99999999999716,
44.995072781000005,43.550000000000004,3,measurement_to_controller_cmd,,7.688127,True
44.995107071,43.550000000000004,3,controller_to_actual_cmd,,0.03429,
44.995144096000004,43.550000000000004,3,control_period,43.55,49.99999999999716,
44.995471645,43.550000000000004,1,controller_to_actual_cmd,,0.636084,
45.040673783,43.595000000000006,2,camera_to_measurement,43.565,15.608514,True
45.040813400000005,43.595000000000006,2,detector_inference,,13.628158569335938,
45.04245447,43.595000000000006,1,camera_to_measurement,43.565,24.679703,True
45.042544375000006,43.595000000000006,1,detector_inference,,21.123273849487305,
45.042613129,43.595000000000006,3,camera_to_measurement,43.565,14.992581999999999,True
45.042668462,43.595000000000006,3,detector_inference,,10.150248527526855,
45.046255869,43.6,2,measurement_to_controller_cmd,,5.582085999999999,True
45.046369962,43.6,2,control_period,43.6,50.00000000000426,
45.04697594,43.6,1,measurement_to_controller_cmd,,4.52147,True
45.047061696,43.6,1,controller_to_actual_cmd,,0.085756,
45.047187501,43.6,1,control_period,43.6,50.00000000000426,
45.047271423000005,43.6,2,controller_to_actual_cmd,,1.0155539999999998,
45.047318243,43.6,3,measurement_to_controller_cmd,,4.705114,True
45.047696037,43.6,3,controller_to_actual_cmd,,0.37779399999999996,
45.047753236000005,43.6,3,control_period,43.6,50.00000000000426,
45.097861621,43.650000000000006,3,control_period,43.65,49.99999999999716,
45.098778306,43.655,1,controller_to_actual_cmd,,3.463793,
45.098928326,43.655,1,control_period,43.65,49.99999999999716,
45.099124436000004,43.655,2,controller_to_actual_cmd,,0.080055,
45.09926548,43.655,2,control_period,43.65,49.99999999999716,
45.099379464,43.655,3,controller_to_actual_cmd,,1.639986,
45.100006009000005,43.655,1,camera_to_measurement,43.63,16.081065,True
45.100102042,43.655,1,detector_inference,,12.923253059387207,
45.104451472,43.660000000000004,2,camera_to_measurement,43.63,14.294455,True
45.104556867,43.660000000000004,2,detector_inference,,12.291396141052246,
45.105223847000005,43.660000000000004,3,camera_to_measurement,43.63,7.799136,True
45.105320566,43.660000000000004,3,detector_inference,,6.783233165740967,
45.144648324,43.7,2,measurement_to_controller_cmd,,40.196852,True
45.14526544,43.7,1,measurement_to_controller_cmd,,45.259431,True
45.145391012000005,43.7,1,control_period,43.7,50.00000000000426,
45.145461348000005,43.7,2,controller_to_actual_cmd,,0.813024,
45.145548207000004,43.7,2,control_period,43.7,50.00000000000426,
45.145692397000005,43.7,3,measurement_to_controller_cmd,,40.46855,True
45.145847455,43.7,3,control_period,43.7,50.00000000000426,
45.148642402,43.7,1,controller_to_actual_cmd,,3.376962,
45.148805199,43.7,3,controller_to_actual_cmd,,3.112802,
45.157257232000006,43.71,1,camera_to_measurement,43.695,9.088521,True
45.157423497,43.71,1,detector_inference,,8.398303985595703,
45.164974304000005,43.720000000000006,2,detector_inference,,8.586224555969238,
45.165576815,43.720000000000006,2,camera_to_measurement,43.695,10.601721999999999,True
45.171297759000005,43.725,3,detector_inference,,9.55675220489502,
45.171887491,43.725,3,camera_to_measurement,43.695,11.805202999999999,True
45.19414932,43.75,2,measurement_to_controller_cmd,,28.572505,True
45.194197382000006,43.75,3,measurement_to_controller_cmd,,22.309891,True
45.194469706,43.75,2,controller_to_actual_cmd,,0.320386,
45.194557522000004,43.75,2,control_period,43.75,49.99999999999716,
45.194593594000004,43.75,3,controller_to_actual_cmd,,0.396212,
45.194636997,43.75,3,control_period,43.75,49.99999999999716,
45.194874959,43.75,1,measurement_to_controller_cmd,,37.617726999999995,True
45.194907183000005,43.75,1,controller_to_actual_cmd,,0.032223999999999996,
45.194944102,43.75,1,control_period,43.75,49.99999999999716,
45.224504785,43.78,3,detector_inference,,5.732838153839111,
45.225127961000005,43.78,3,camera_to_measurement,43.76,7.3598859999999995,True
45.245188854000006,43.800000000000004,1,control_period,43.8,49.99999999999716,
45.245413825,43.800000000000004,2,control_period,43.8,49.99999999999716,
45.245510837000005,43.800000000000004,3,measurement_to_controller_cmd,,20.382876,True
45.245623452000004,43.800000000000004,3,control_period,43.8,49.99999999999716,
45.246242895,43.800000000000004,1,controller_to_actual_cmd,,1.173857,
45.246342983000005,43.800000000000004,2,controller_to_actual_cmd,,1.0300749999999999,
45.246418551000005,43.800000000000004,3,controller_to_actual_cmd,,0.9077139999999999,
45.290532813000006,43.845000000000006,1,camera_to_measurement,43.825,12.354268,True
45.290589202,43.845000000000006,1,detector_inference,,10.006033897399902,
45.294848881,43.85,3,control_period,43.85,50.00000000000426,
45.295169092,43.85,1,measurement_to_controller_cmd,,4.636279,True
45.295244189,43.85,1,controller_to_actual_cmd,,0.075097,
45.295300422000004,43.85,1,control_period,43.85,50.00000000000426,
45.295367143,43.85,2,controller_to_actual_cmd,,0.030961,
45.295405783,43.85,2,control_period,43.85,50.00000000000426,
45.295736913000006,43.85,3,controller_to_actual_cmd,,0.9604459999999999,
45.300870602,43.855000000000004,2,detector_inference,,14.56690788269043,
45.301231576,43.855000000000004,2,camera_to_measurement,43.825,16.798751,True
45.303107502,43.855000000000004,3,detector_inference,,10.925053596496582,
45.303731182,43.86,3,camera_to_measurement,43.825,13.962981,True
45.345005824000005,43.900000000000006,1,control_period,43.9,49.99999999999716,
45.345069092,43.900000000000006,3,measurement_to_controller_cmd,,41.33791,True
45.34512694,43.900000000000006,3,control_period,43.9,49.99999999999716,
45.345490548,43.900000000000006,1,controller_to_actual_cmd,,0.5445639999999999,
45.34554199,43.900000000000006,2,measurement_to_controller_cmd,,44.310414,True
45.345602226000004,43.900000000000006,2,control_period,43.9,49.99999999999716,
45.345641642000004,43.900000000000006,3,controller_to_actual_cmd,,0.57255,
45.345933695,43.900000000000006,2,controller_to_actual_cmd,,0.39170499999999997,
45.366224778,43.92,3,detector_inference,,6.728728771209717,
45.366697728000005,43.92,3,camera_to_measurement,43.895,8.371962,True
45.36719293,43.92,2,camera_to_measurement,43.895,15.635651999999999,True
45.367281678000005,43.92,2,detector_inference,,13.757209777832031,
45.394445458,43.95,3,measurement_to_controller_cmd,,27.747729999999997,True
45.394565346,43.95,3,control_period,43.95,50.00000000000426,
45.395053474,43.95,1,controller_to_actual_cmd,,0.036987,
45.395111820000004,43.95,1,control_period,43.95,50.00000000000426,
45.395151335,43.95,2,measurement_to_controller_cmd,,27.958405,True
45.39518685,43.95,2,controller_to_actual_cmd,,0.035515,
45.39524259,43.95,2,control_period,43.95,50.00000000000426,
45.395289298,43.95,3,controller_to_actual_cmd,,0.8438399999999999,
45.422642818,43.975,1,camera_to_measurement,43.96,8.310341,True
45.422743303000004,43.975,1,detector_inference,,6.612009048461914,
45.433869775000005,43.99,3,camera_to_measurement,43.96,8.274853,True
45.433993219,43.99,3,detector_inference,,7.09985876083374,
45.445199101,44.0,2,controller_to_actual_cmd,,0.07800599999999999,
45.445374593000004,44.0,2,control_period,44.0,49.99999999999716,
45.445476082000006,44.0,3,measurement_to_controller_cmd,,11.606307,True
45.445582696,44.0,3,control_period,44.0,49.99999999999716,
45.446250965000004,44.0,1,measurement_to_controller_cmd,,23.608147,True
45.446355690000004,44.0,1,controller_to_actual_cmd,,0.104725,
45.446468033,44.0,1,control_period,44.0,49.99999999999716,
45.446632697000005,44.0,3,controller_to_actual_cmd,,1.156615,
45.492379346,44.045,1,camera_to_measurement,44.025,12.676131999999999,True
45.492447891000005,44.045,1,detector_inference,,10.284623146057129,
45.496125496000005,44.050000000000004,1,measurement_to_controller_cmd,,3.7461499999999996,True
45.496267157000005,44.050000000000004,1,controller_to_actual_cmd,,0.14166099999999998,
45.496403071,44.050000000000004,1,control_period,44.05,49.99999999999716,
45.496497037000005,44.050000000000004,2,controller_to_actual_cmd,,1.1433769999999999,
45.496628012,44.050000000000004,2,control_period,44.05,49.99999999999716,
45.496821165,44.050000000000004,3,controller_to_actual_cmd,,0.08022599999999999,
45.496938778,44.050000000000004,3,control_period,44.05,49.99999999999716,
45.498282856,44.050000000000004,2,detector_inference,,11.867965698242188,
45.508540045000004,44.06,3,detector_inference,,14.321510314941406,
45.509394651,44.065000000000005,3,camera_to_measurement,44.025,17.60406,True
45.54613159,44.1,1,control_period,44.1,50.00000000000426,
45.546512768,44.1,2,measurement_to_controller_cmd,,48.353277999999996,True
45.546681419,44.1,2,control_period,44.1,50.00000000000426,
45.547141141000004,44.1,1,controller_to_actual_cmd,,1.096643,
45.547192981,44.1,2,controller_to_actual_cmd,,0.680213,
45.547242785,44.1,3,measurement_to_controller_cmd,,37.848134,True
45.547312227000006,44.1,3,control_period,44.1,50.00000000000426,
45.547685098,44.1,3,controller_to_actual_cmd,,0.44231299999999996,
45.557041163,44.11,1,camera_to_measurement,44.09,12.077563999999999,True
45.557106012000006,44.11,1,detector_inference,,9.68451976776123,
45.563802358000004,44.120000000000005,3,camera_to_measurement,44.09,7.285175,True
45.563893696,44.120000000000005,3,detector_inference,,5.763384819030762,
45.594420523000004,44.150000000000006,1,measurement_to_controller_cmd,,37.37936,True
45.594462664000005,44.150000000000006,1,controller_to_actual_cmd,,0.042141,
45.594514199,44.150000000000006,1,control_period,44.15,49.99999999999716,
45.594565997000004,44.150000000000006,2,controller_to_actual_cmd,,0.021504,
45.594598708,44.150000000000006,2,control_period,44.15,49.99999999999716,
45.594626461000004,44.150000000000006,3,measurement_to_controller_cmd,,30.824102999999997,True
45.594651311,44.150000000000006,3,controller_to_actual_cmd,,0.02485,
45.594680173,44.150000000000006,3,control_period,44.15,49.99999999999716,
45.645095117000004,44.2,1,control_period,44.2,50.00000000000426,
45.645245701,44.2,2,control_period,44.2,50.00000000000426,
45.645345034,44.2,3,control_period,44.2,50.00000000000426,
45.645735771000005,44.2,1,controller_to_actual_cmd,,0.733174,
45.645780807,44.2,2,controller_to_actual_cmd,,0.618571,
45.645820508,44.2,3,controller_to_actual_cmd,,0.521211,
45.694940752,44.25,2,control_period,44.25,49.99999999999716,
45.695198336000004,44.25,3,control_period,44.25,49.99999999999716,
45.695926642,44.25,1,controller_to_actual_cmd,,0.080996,
45.696060489000004,44.25,1,control_period,44.25,49.99999999999716,
45.696165886,44.25,2,controller_to_actual_cmd,,1.369486,
45.696283093000005,44.25,3,controller_to_actual_cmd,,1.202078,
45.696934723000005,44.25,1,camera_to_measurement,44.225,17.428425,True
45.69705228,44.25,1,detector_inference,,16.254188537597656,
45.697708344000006,44.25,3,camera_to_measurement,44.225,8.423644,True
45.697806264,44.25,3,detector_inference,,8.005814552307129,
45.699277502,44.255,2,camera_to_measurement,44.225,14.437192,True
45.699387053,44.255,2,detector_inference,,14.486998558044434,
45.745913043,44.300000000000004,1,measurement_to_controller_cmd,,48.97832,True
45.746003463,44.300000000000004,1,control_period,44.3,49.99999999999716,
45.746051917,44.300000000000004,2,measurement_to_controller_cmd,,46.774415,True
45.746100802,44.300000000000004,2,control_period,44.3,49.99999999999716,
45.746141377,44.300000000000004,3,measurement_to_controller_cmd,,48.433032999999995,True
45.746181901,44.300000000000004,3,control_period,44.3,49.99999999999716,
45.746587496000004,44.300000000000004,1,controller_to_actual_cmd,,0.674453,
45.746638495000006,44.300000000000004,2,controller_to_actual_cmd,,0.5865779999999999,
45.746674974,44.300000000000004,3,controller_to_actual_cmd,,0.533597,
45.760955453,44.315000000000005,2,detector_inference,,12.130382537841797,
45.761693846,44.315000000000005,3,camera_to_measurement,44.29,9.909633999999999,True
45.761805682,44.315000000000005,3,detector_inference,,8.154129981994629,
45.794070292,44.35,1,control_period,44.35,50.00000000000426,
45.794131488000005,44.35,2,measurement_to_controller_cmd,,32.539867,True
45.79417998,44.35,2,control_period,44.35,50.00000000000426,
45.794222265,44.35,3,measurement_to_controller_cmd,,32.528419,True
45.794259916,44.35,3,controller_to_actual_cmd,,0.037651,
45.79430998,44.35,3,control_period,44.35,50.00000000000426,
45.794580882000005,44.35,1,controller_to_actual_cmd,,0.588077,
45.794613609,44.35,2,controller_to_actual_cmd,,0.48212099999999997,
45.825837499,44.38,3,camera_to_measurement,44.355,13.170855999999999,True
45.825924839,44.38,3,detector_inference,,9.24942398071289,
45.826321187000005,44.38,2,camera_to_measurement,44.355,16.832053,True
45.826372127000006,44.38,2,detector_inference,,14.875134468078613,
45.845265989000005,44.400000000000006,2,measurement_to_controller_cmd,,18.944802,True
45.845334650000005,44.400000000000006,2,controller_to_actual_cmd,,0.068661,
45.845431861,44.400000000000006,2,control_period,44.4,49.99999999999716,
45.845488879,44.400000000000006,3,measurement_to_controller_cmd,,19.65138,True
45.845539324,44.400000000000006,3,controller_to_actual_cmd,,0.050445,
45.845594925,44.400000000000006,3,control_period,44.4,49.99999999999716,
45.846098952000006,44.400000000000006,1,controller_to_actual_cmd,,0.8795919999999999,
45.846187256,44.400000000000006,1,control_period,44.4,49.99999999999716,
45.890480363,44.445,2,detector_inference,,10.267431259155273,
45.89123252,44.445,1,camera_to_measurement,44.42,16.841855,True
45.891343239,44.445,1,detector_inference,,14.271527290344238,
45.891469449000006,44.445,2,camera_to_measurement,44.42,12.665496,True
45.895176374,44.45,1,measurement_to_controller_cmd,,3.943854,True
45.895315655000005,44.45,1,controller_to_actual_cmd,,0.139281,
45.895448989,44.45,1,control_period,44.45,50.00000000000426,
45.895546360000004,44.45,2,measurement_to_controller_cmd,,4.076911,True
45.895630714000006,44.45,2,controller_to_actual_cmd,,0.084354,
45.895731691,44.45,2,control_period,44.45,50.00000000000426,
45.895906247000006,44.45,3,controller_to_actual_cmd,,0.08762199999999999,
45.896015388,44.45,3,control_period,44.45,50.00000000000426,
45.946029179,44.5,1,controller_to_actual_cmd,,0.032639999999999995,
45.946092811,44.5,1,control_period,44.5,49.99999999999716,
45.946174973000005,44.5,2,controller_to_actual_cmd,,0.02496,
45.946221782,44.5,2,control_period,44.5,49.99999999999716,
45.946282347,44.5,3,controller_to_actual_cmd,,0.026535,
45.946319788000004,44.5,3,control_period,44.5,49.99999999999716,
45.956909428,44.510000000000005,3,detector_inference,,8.452611923217773,
45.957488853,44.510000000000005,3,camera_to_measurement,44.485,12.236231,True
45.960133398,44.515,2,detector_inference,,15.09652042388916,
45.960433163000005,44.515,2,camera_to_measurement,44.485,17.831467,True
45.994495277000006,44.550000000000004,2,measurement_to_controller_cmd,,34.062114,True
45.994584414,44.550000000000004,2,control_period,44.55,49.99999999999716,
45.994620317000006,44.550000000000004,3,measurement_to_controller_cmd,,37.131464,True
45.994655269000006,44.550000000000004,3,control_period,44.55,49.99999999999716,
45.994920243,44.550000000000004,1,controller_to_actual_cmd,,0.027128,
45.994956476000006,44.550000000000004,1,control_period,44.55,49.99999999999716,
45.994986103,44.550000000000004,2,controller_to_actual_cmd,,0.490826,
45.995014329,44.550000000000004,3,controller_to_actual_cmd,,0.394012,
46.025046564,44.580000000000005,1,detector_inference,,16.836833953857422,
46.025412145000004,44.580000000000005,1,camera_to_measurement,44.555,18.634304999999998,True
46.026009738000006,44.580000000000005,3,detector_inference,,7.941554069519043,
46.044934897000005,44.6,1,measurement_to_controller_cmd,,19.522752,True
46.045041488,44.6,1,control_period,44.6,50.00000000000426,
46.045116318000005,44.6,2,controller_to_actual_cmd,,0.031265,
46.04516082,44.6,2,control_period,44.6,50.00000000000426,
46.045229747,44.6,3,measurement_to_controller_cmd,,19.278907,True
46.045266756000004,44.6,3,control_period,44.6,50.00000000000426,
46.045632882,44.6,3,controller_to_actual_cmd,,0.40313499999999997,
46.045945065000005,44.6,1,controller_to_actual_cmd,,1.010168,
46.095536818,44.650000000000006,1,control_period,44.65,49.99999999999716,
46.095688943000006,44.650000000000006,2,controller_to_actual_cmd,,0.055300999999999996,
46.095782333,44.650000000000006,3,camera_to_measurement,44.62,16.373995,True
46.095855416000006,44.650000000000006,3,detector_inference,,12.536578178405762,
46.095925359000006,44.650000000000006,3,measurement_to_controller_cmd,,0.143026,True
46.096449175000004,44.650000000000006,1,controller_to_actual_cmd,,1.0775759999999999,
46.096524519000006,44.650000000000006,2,control_period,44.65,49.99999999999716,
46.096574282000006,44.650000000000006,3,controller_to_actual_cmd,,0.6489229999999999,
46.096624292,44.650000000000006,3,control_period,44.65,49.99999999999716,
46.147137511000004,44.7,2,control_period,44.7,50.00000000000426,
46.147462423,44.7,3,control_period,44.7,50.00000000000426,
46.148412453000006,44.7,1,controller_to_actual_cmd,,0.11820599999999999,
46.148606744000006,44.7,1,control_period,44.7,50.00000000000426,
46.148740209,44.7,2,controller_to_actual_cmd,,2.556216,
46.148867832,44.7,3,controller_to_actual_cmd,,1.5337129999999999,
46.156234677,44.71,2,detector_inference,,9.876627922058105,
46.156822389000006,44.71,2,camera_to_measurement,44.685,13.096262999999999,True
46.194624606000005,44.75,3,controller_to_actual_cmd,,0.064716,
46.194770035000005,44.75,3,control_period,44.75,49.99999999999716,
46.195329573,44.75,1,controller_to_actual_cmd,,0.058400999999999995,
46.195449156,44.75,1,control_period,44.75,49.99999999999716,
46.195513476,44.75,2,measurement_to_controller_cmd,,38.691086999999996,True
46.195549582000005,44.75,2,controller_to_actual_cmd,,0.036106,
46.195590464000006,44.75,2,control_period,44.75,49.99999999999716,
46.221471843,44.775000000000006,1,camera_to_measurement,44.75,17.370556,True
46.221546188000005,44.775000000000006,1,detector_inference,,13.244874000549316,
46.226395271,44.78,2,detector_inference,,14.081809997558594,
46.227072086,44.78,2,camera_to_measurement,44.75,16.763794,True
46.244979285,44.800000000000004,2,measurement_to_controller_cmd,,17.907199,True
46.245060184,44.800000000000004,2,controller_to_actual_cmd,,0.080899,
46.245210962,44.800000000000004,2,control_period,44.8,49.99999999999716,
46.245334893000006,44.800000000000004,3,control_period,44.8,49.99999999999716,
46.245817013,44.800000000000004,1,measurement_to_controller_cmd,,24.34517,True
46.245911609000004,44.800000000000004,1,control_period,44.8,49.99999999999716,
46.24597344,44.800000000000004,3,controller_to_actual_cmd,,0.689819,
46.246549761000004,44.800000000000004,1,controller_to_actual_cmd,,0.732748,
46.28769665,44.84,1,detector_inference,,14.952261924743652,
46.288448584,44.84,1,camera_to_measurement,44.815,18.544832,True
46.293032769,44.845000000000006,2,camera_to_measurement,44.815,16.092537999999998,True
46.293197348,44.845000000000006,2,detector_inference,,14.976296424865723,
46.293368578000006,44.845000000000006,3,camera_to_measurement,44.815,10.378511,True
46.293467782,44.845000000000006,3,detector_inference,,9.28199291229248,
46.295154053000005,44.85,2,measurement_to_controller_cmd,,2.1212839999999997,True
46.295505085,44.85,1,measurement_to_controller_cmd,,7.056501,True
46.295550644,44.85,1,controller_to_actual_cmd,,0.045558999999999995,
46.295609606000006,44.85,1,control_period,44.85,50.00000000000426,
46.295648812,44.85,2,controller_to_actual_cmd,,0.494759,
46.295686025,44.85,2,control_period,44.85,50.00000000000426,
46.295719301000005,44.85,3,measurement_to_controller_cmd,,2.350723,True
46.295757555,44.85,3,control_period,44.85,50.00000000000426,
46.296034701,44.85,3,controller_to_actual_cmd,,0.31539999999999996,
46.344677521,44.900000000000006,3,control_period,44.9,49.99999999999716,
46.345623270000004,44.900000000000006,1,controller_to_actual_cmd,,0.041985,
46.345695170000006,44.900000000000006,1,control_period,44.9,49.99999999999716,
46.345766327,44.900000000000006,2,control_period,44.9,49.99999999999716,
46.346059544000006,44.900000000000006,2,controller_to_actual_cmd,,0.327078,
46.346100567,44.900000000000006,3,controller_to_actual_cmd,,1.556868,
46.394395167000006,44.95,1,control_period,44.95,50.00000000000426,
46.394467838000004,44.95,2,control_period,44.95,50.00000000000426,
46.394535491000006,44.95,3,control_period,44.95,50.00000000000426,
46.394798217,44.95,1,controller_to_actual_cmd,,0.46092299999999997,
46.394878597,44.95,2,controller_to_actual_cmd,,0.44059099999999995,
46.394992223,44.95,3,controller_to_actual_cmd,,0.49405499999999997,
46.415270717000006,44.970000000000006,1,camera_to_measurement,44.95,13.147724,True
46.415403867,44.970000000000006,1,detector_inference,,10.93089771270752,
46.420048138000006,44.975,3,camera_to_measurement,44.95,10.625717,True
46.420193925,44.975,3,detector_inference,,7.180025100708008,
46.445401393000004,45.0,1,measurement_to_controller_cmd,,30.130675999999998,True
46.445597456,45.0,1,control_period,45.0,49.99999999999716,
46.445715983,45.0,3,measurement_to_controller_cmd,,25.667845,True
46.445806406,45.0,3,controller_to_actual_cmd,,0.09042299999999999,
46.445888768,45.0,3,control_period,45.0,49.99999999999716,
46.446336450000004,45.0,1,controller_to_actual_cmd,,0.9350569999999999,
46.446412399,45.0,2,controller_to_actual_cmd,,0.026316,
46.446459542,45.0,2,control_period,45.0,49.99999999999716,
46.484899611,45.040000000000006,2,camera_to_measurement,45.015,10.451426999999999,True
46.485030677000005,45.040000000000006,2,detector_inference,,8.999519348144531,
46.487002976,45.040000000000006,1,detector_inference,,17.27914047241211,
46.487455592,45.040000000000006,1,camera_to_measurement,45.015,18.997191,True
46.495659088000004,45.050000000000004,1,measurement_to_controller_cmd,,8.203496,True
46.495730720000005,45.050000000000004,1,control_period,45.05,49.99999999999716,
46.495776233,45.050000000000004,2,measurement_to_controller_cmd,,10.876622,True
46.495815633,45.050000000000004,2,controller_to_actual_cmd,,0.0394,
46.495859978000006,45.050000000000004,2,control_period,45.05,49.99999999999716,
46.495931076000005,45.050000000000004,3,controller_to_actual_cmd,,0.030605,
46.495975413000004,45.050000000000004,3,control_period,45.05,49.99999999999716,
46.496382091,45.050000000000004,1,controller_to_actual_cmd,,0.723003,
46.545811526,45.1,3,control_period,45.1,50.00000000000426,
46.546758483000005,45.1,1,controller_to_actual_cmd,,1.2837399999999999,
46.547029272,45.1,1,control_period,45.1,50.00000000000426,
46.54732194,45.1,2,controller_to_actual_cmd,,0.12845199999999998,
46.547496145000004,45.1,2,control_period,45.1,50.00000000000426,
46.548473821,45.1,3,controller_to_actual_cmd,,2.877213,
46.549980165,45.105000000000004,1,camera_to_measurement,45.08,14.287128,True
46.550118548,45.105000000000004,1,detector_inference,,12.318577766418457,
46.551746585000004,45.105000000000004,2,detector_inference,,10.731382369995117,
46.559951421,45.115,3,detector_inference,,8.85619831085205,
46.594666290000006,45.150000000000006,1,measurement_to_controller_cmd,,44.686125,True
46.594814501,45.150000000000006,1,control_period,45.15,49.99999999999716,
46.594908966000006,45.150000000000006,3,measurement_to_controller_cmd,,35.04537,True
46.59499368,45.150000000000006,3,controller_to_actual_cmd,,0.084714,
46.595101482000004,45.150000000000006,3,control_period,45.15,49.99999999999716,
46.596288742000006,45.150000000000006,2,measurement_to_controller_cmd,,43.682249999999996,True
46.596468491,45.150000000000006,2,control_period,45.15,49.99999999999716,
46.599612660000005,45.150000000000006,1,controller_to_actual_cmd,,4.94637,
46.599741821,45.150000000000006,2,controller_to_actual_cmd,,3.453079,
46.607425660000004,45.160000000000004,1,detector_inference,,7.419858932495117,
46.60809381,45.160000000000004,1,camera_to_measurement,45.145,8.862515,True
46.645161647,45.2,2,control_period,45.2,50.00000000000426,
46.645401347,45.2,3,controller_to_actual_cmd,,0.08122,
46.645532630000005,45.2,3,control_period,45.2,50.00000000000426,
46.646072565000004,45.2,1,measurement_to_controller_cmd,,37.978755,True
46.646175545000006,45.2,1,controller_to_actual_cmd,,0.10298,
46.646291330000004,45.2,1,control_period,45.2,50.00000000000426,
46.646368700000004,45.2,2,controller_to_actual_cmd,,1.392101,
46.68685356,45.24,2,detector_inference,,10.611154556274414,
46.687547751000004,45.24,2,camera_to_measurement,45.215,12.696458999999999,True
46.689896562,45.245000000000005,1,detector_inference,,18.42399024963379,
46.690360015,45.245000000000005,1,camera_to_measurement,45.215,22.088811,True
46.691357987,45.245000000000005,3,detector_inference,,10.956653594970703,
46.691709423000006,45.245000000000005,3,camera_to_measurement,45.215,13.291113999999999,True
46.694994220000005,45.25,1,measurement_to_controller_cmd,,4.634205,True
46.695131954000004,45.25,1,controller_to_actual_cmd,,0.137734,
46.695274546,45.25,1,control_period,45.25,49.99999999999716,
46.695360547,45.25,2,measurement_to_controller_cmd,,7.812796,True
46.695435346000004,45.25,2,controller_to_actual_cmd,,0.07479899999999999,
46.695524373000005,45.25,2,control_period,45.25,49.99999999999716,
46.695616681000004,45.25,3,measurement_to_controller_cmd,,3.9072579999999997,True
46.695698354,45.25,3,controller_to_actual_cmd,,0.081673,
46.695796559,45.25,3,control_period,45.25,49.99999999999716,
46.745637448000004,45.300000000000004,2,controller_to_actual_cmd,,0.08841199999999999,
46.745785932000004,45.300000000000004,2,control_period,45.3,49.99999999999716,
46.746468095000004,45.300000000000004,1,controller_to_actual_cmd,,0.040892,
46.746537252,45.300000000000004,1,control_period,45.3,49.99999999999716,
46.746582501000006,45.300000000000004,3,controller_to_actual_cmd,,0.6871689999999999,
46.746628655,45.300000000000004,3,control_period,45.3,49.99999999999716,
46.752826193000004,45.305,2,detector_inference,,13.487051963806152,
46.753549192,45.305,2,camera_to_measurement,45.28,16.388763,True
46.754801492000006,45.31,3,camera_to_measurement,45.28,12.477101999999999,True
46.754908185000005,45.31,3,detector_inference,,10.258200645446777,
46.755459946,45.31,1,detector_inference,,18.90669059753418,
46.756066465,45.31,1,camera_to_measurement,45.28,21.393736999999998,True
46.796297086,45.35,2,measurement_to_controller_cmd,,42.747893999999995,True
46.796438947000006,45.35,2,control_period,45.35,50.00000000000426,
46.796481371000006,45.35,3,measurement_to_controller_cmd,,41.679879,True
46.796520077000004,45.35,3,control_period,45.35,50.00000000000426,
46.796900085000004,45.35,1,measurement_to_controller_cmd,,40.833619999999996,True
46.796950824,45.35,1,controller_to_actual_cmd,,0.050739,
46.797013723000006,45.35,1,control_period,45.35,50.00000000000426,
46.797055962,45.35,2,controller_to_actual_cmd,,0.758876,
46.797097365000006,45.35,3,controller_to_actual_cmd,,0.6159939999999999,
46.810135453,45.365,1,detector_inference,,12.436716079711914,
46.810944510000006,45.365,1,camera_to_measurement,45.345,14.976930999999999,True
46.815762472,45.370000000000005,3,camera_to_measurement,45.345,11.879641,True
46.815841053,45.370000000000005,3,detector_inference,,9.882811546325684,
46.844836045,45.400000000000006,1,measurement_to_controller_cmd,,33.891535,True
46.845031727000006,45.400000000000006,1,control_period,45.4,49.99999999999716,
46.845191366,45.400000000000006,2,controller_to_actual_cmd,,0.063586,
46.845353809,45.400000000000006,2,control_period,45.4,49.99999999999716,
46.845920849,45.400000000000006,1,controller_to_actual_cmd,,1.0848039999999999,
46.846001216000005,45.400000000000006,3,measurement_to_controller_cmd,,30.238743999999997,True
46.846062474,45.400000000000006,3,controller_to_actual_cmd,,0.061258,
46.846140521,45.400000000000006,3,control_period,45.4,49.99999999999716,
46.872364049000005,45.425000000000004,1,detector_inference,,7.73403787612915,
46.872857996,45.425000000000004,1,camera_to_measurement,45.41,9.957531,True
46.892883206,45.445,2,detector_inference,,22.889745712280273,
46.893789894,45.445,2,camera_to_measurement,45.41,26.982910999999998,True
46.893927587,45.445,3,camera_to_measurement,45.41,17.457172,True
46.894019449000005,45.445,3,detector_inference,,13.850367546081543,
46.894865385,45.45,1,measurement_to_controller_cmd,,22.007389,True
46.895980902000005,45.45,1,control_period,45.45,50.00000000000426,
46.896107129,45.45,2,measurement_to_controller_cmd,,2.3172349999999997,True
46.896248758000006,45.45,2,control_period,45.45,50.00000000000426,
46.89635124,45.45,3,measurement_to_controller_cmd,,2.423653,True
46.896457797000004,45.45,3,control_period,45.45,50.00000000000426,
46.897102459,45.45,1,controller_to_actual_cmd,,2.237074,
46.897233444,45.45,2,controller_to_actual_cmd,,1.126315,
46.897335253,45.45,3,controller_to_actual_cmd,,0.9840129999999999,
46.945430198000004,45.5,1,control_period,45.5,49.99999999999716,
46.945654118,45.5,2,control_period,45.5,49.99999999999716,
46.945850366,45.5,3,controller_to_actual_cmd,,0.083193,
46.945981676,45.5,3,control_period,45.5,49.99999999999716,
46.946831943,45.5,1,camera_to_measurement,45.475,16.437030999999998,True
46.946954065,45.5,1,detector_inference,,14.20876693725586,
46.94707787,45.5,1,controller_to_actual_cmd,,1.778916,
46.947235899000006,45.5,2,camera_to_measurement,45.475,12.363449,True
46.947337056,45.5,2,detector_inference,,9.259222984313965,
46.947402062,45.5,2,controller_to_actual_cmd,,1.848779,
46.95472687,45.510000000000005,3,detector_inference,,10.799529075622559,
46.994791119000006,45.550000000000004,1,measurement_to_controller_cmd,,47.959176,True
46.994858415,45.550000000000004,1,control_period,45.55,49.99999999999716,
46.994895949000004,45.550000000000004,2,measurement_to_controller_cmd,,47.66005,True
46.994947147000005,45.550000000000004,2,control_period,45.55,49.99999999999716,
46.995496387,45.550000000000004,2,controller_to_actual_cmd,,0.600438,
46.995564323,45.550000000000004,3,measurement_to_controller_cmd,,40.927081,True
46.995612469,45.550000000000004,3,controller_to_actual_cmd,,0.048145999999999994,
46.995663158000006,45.550000000000004,3,control_period,45.55,49.99999999999716,
46.99847836,45.550000000000004,1,controller_to_actual_cmd,,3.6872409999999998,
47.015822337,45.57,2,detector_inference,,13.314457893371582,
47.016525935000004,45.57,2,camera_to_measurement,45.545,16.206808,True
47.018435048,45.57,1,detector_inference,,18.559587478637695,
47.019249443,45.575,1,camera_to_measurement,45.545,21.6937,True
47.021135628,45.575,3,detector_inference,,14.696748733520508,
47.021994165,45.575,3,camera_to_measurement,45.545,17.552222,True
47.045254606,45.6,1,measurement_to_controller_cmd,,26.005163,True
47.045511933,45.6,1,control_period,45.6,50.00000000000426,
47.045621954000005,45.6,2,measurement_to_controller_cmd,,29.096019,True
47.046191400000005,45.6,1,controller_to_actual_cmd,,0.9367939999999999,
47.046270914000004,45.6,2,controller_to_actual_cmd,,0.64896,
47.046354104,45.6,2,control_period,45.6,50.00000000000426,
47.046407936,45.6,3,measurement_to_controller_cmd,,24.413771,True
47.046455466000005,45.6,3,controller_to_actual_cmd,,0.047529999999999996,
47.046521964,45.6,3,control_period,45.6,50.00000000000426,
47.073576037,45.625,1,detector_inference,,7.997912883758545,
47.074467853,45.625,1,camera_to_measurement,45.61,9.823547,True
47.08080119,45.635000000000005,2,camera_to_measurement,45.61,11.068647,True
47.080934341,45.635000000000005,2,detector_inference,,7.882593154907227,
47.088915346,45.645,3,camera_to_measurement,45.61,10.06345,True
47.089060836,45.645,3,detector_inference,,8.00513744354248,
47.095377213000006,45.650000000000006,1,measurement_to_controller_cmd,,20.90936,True
47.095498317,45.650000000000006,1,controller_to_actual_cmd,,0.12110399999999999,
47.095624431000005,45.650000000000006,1,control_period,45.65,49.99999999999716,
47.09571837,45.650000000000006,2,measurement_to_controller_cmd,,14.91718,True
47.09581457,45.650000000000006,2,controller_to_actual_cmd,,0.0962,
47.095931919,45.650000000000006,2,control_period,45.65,49.99999999999716,
47.096583728000006,45.650000000000006,3,measurement_to_controller_cmd,,7.668381999999999,True
47.097320714000006,45.650000000000006,3,controller_to_actual_cmd,,0.7369859999999999,
47.097478918,45.650000000000006,3,control_period,45.65,49.99999999999716,
47.147087641000006,45.7,1,control_period,45.7,50.00000000000426,
47.14723913300001,45.7,2,controller_to_actual_cmd,,0.06392199999999999,
47.147342307,45.7,2,control_period,45.7,50.00000000000426,
47.147466758,45.7,3,controller_to_actual_cmd,,0.051344999999999995,
47.147545132000005,45.7,3,control_period,45.7,50.00000000000426,
47.148443516,45.7,1,controller_to_actual_cmd,,1.455846,
47.153302819000004,45.705000000000005,2,detector_inference,,12.431781768798828,
47.155323552000006,45.71,2,camera_to_measurement,45.675,15.841678,True
47.156857296000005,45.71,1,detector_inference,,22.83034324645996,
47.157295608000005,45.71,1,camera_to_measurement,45.675,26.058701,True
47.158872460000005,45.71,3,detector_inference,,11.968832969665527,
47.159644975000006,45.71,3,camera_to_measurement,45.675,14.508035999999999,True
47.196547900000006,45.75,1,measurement_to_controller_cmd,,39.252292,True
47.196681554,45.75,2,measurement_to_controller_cmd,,41.358002,True
47.197481474,45.75,1,controller_to_actual_cmd,,0.9335739999999999,
47.197628166,45.75,1,control_period,45.75,49.99999999999716,
47.200011554,45.75,2,control_period,45.75,49.99999999999716,
47.200153931,45.75,3,measurement_to_controller_cmd,,40.508956,True
47.200275113000004,45.75,3,controller_to_actual_cmd,,0.121182,
47.200380342,45.75,3,control_period,45.75,49.99999999999716,
47.201179779,45.755,2,controller_to_actual_cmd,,4.498225,
47.211704712,45.765,1,detector_inference,,13.443191528320312,
47.212428967,45.765,1,camera_to_measurement,45.74,16.269007,True
47.212521200000005,45.765,2,camera_to_measurement,45.74,12.915384999999999,True
47.212577203,45.765,2,detector_inference,,13.439016342163086,
47.218482854,45.77,3,camera_to_measurement,45.74,13.312278,True
47.218646473,45.77,3,detector_inference,,11.966357231140137,
47.244811394,45.800000000000004,1,measurement_to_controller_cmd,,32.382427,True
47.244891915000004,45.800000000000004,2,measurement_to_controller_cmd,,32.370715,True
47.244955083,45.800000000000004,3,measurement_to_controller_cmd,,26.472229,True
47.245604425,45.800000000000004,1,control_period,45.8,49.99999999999716,
47.245675616,45.800000000000004,2,controller_to_actual_cmd,,0.783701,
47.245740415,45.800000000000004,2,control_period,45.8,49.99999999999716,
47.245791545,45.800000000000004,3,control_period,45.8,49.99999999999716,
47.246081373,45.800000000000004,1,controller_to_actual_cmd,,1.269979,
47.246133112,45.800000000000004,3,controller_to_actual_cmd,,1.178029,
47.271083581000006,45.825,1,camera_to_measurement,45.805,9.801117999999999,True
47.271244273,45.825,1,detector_inference,,8.117857933044434,
47.286660965,45.84,2,detector_inference,,16.931028366088867,
47.287502586,45.84,2,camera_to_measurement,45.805,19.338753999999998,True
47.287624526,45.84,3,camera_to_measurement,45.805,12.60226,True
47.287698697,45.84,3,detector_inference,,10.190153121948242,
47.295804518000004,45.85,1,measurement_to_controller_cmd,,24.720937,True
47.29595144,45.85,1,control_period,45.85,50.00000000000426,
47.296045339,45.85,2,measurement_to_controller_cmd,,8.542753,True
47.296117108000004,45.85,2,controller_to_actual_cmd,,0.071769,
47.296210674,45.85,2,control_period,45.85,50.00000000000426,
47.296941134,45.85,1,controller_to_actual_cmd,,1.1366159999999998,
47.297056788000006,45.85,3,measurement_to_controller_cmd,,9.432262,True
47.297129953,45.85,3,controller_to_actual_cmd,,0.073165,
47.297234722000006,45.85,3,control_period,45.85,50.00000000000426,
47.34728487,45.900000000000006,1,controller_to_actual_cmd,,0.13977299999999998,
47.347501789000006,45.900000000000006,1,control_period,45.9,49.99999999999716,
47.347789071,45.900000000000006,3,control_period,45.9,49.99999999999716,
47.348993755,45.900000000000006,2,controller_to_actual_cmd,,0.123481,
47.349171785,45.900000000000006,2,control_period,45.9,49.99999999999716,
47.349322977,45.900000000000006,3,controller_to_actual_cmd,,1.6746139999999998,
47.354981701,45.910000000000004,1,detector_inference,,22.301063537597656,
47.355727312000006,45.910000000000004,1,camera_to_measurement,45.875,24.004797,True
47.357129713000006,45.910000000000004,2,detector_inference,,14.935916900634766,
47.357618279,45.910000000000004,2,camera_to_measurement,45.875,18.004471,True
47.360334903,45.915000000000006,3,detector_inference,,11.848533630371094,
47.360953369,45.915000000000006,3,camera_to_measurement,45.875,15.501921,True
47.396367850000004,45.95,1,measurement_to_controller_cmd,,40.640538,True
47.396443256000005,45.95,1,control_period,45.95,50.00000000000426,
47.396502644,45.95,2,measurement_to_controller_cmd,,38.884364999999995,True
47.396563104,45.95,2,control_period,45.95,50.00000000000426,
47.396605012,45.95,3,measurement_to_controller_cmd,,35.651643,True
47.396652445,45.95,3,controller_to_actual_cmd,,0.047432999999999996,
47.396709742000006,45.95,3,control_period,45.95,50.00000000000426,
47.397184210000006,45.95,1,controller_to_actual_cmd,,0.81636,
47.398049099000005,45.95,2,controller_to_actual_cmd,,1.546455,
47.445566125000006,46.0,2,controller_to_actual_cmd,,0.071133,
47.445698330000006,46.0,2,control_period,46.0,49.99999999999716,
47.446362316000005,46.0,1,control_period,46.0,49.99999999999716,
47.446508728000005,46.0,3,controller_to_actual_cmd,,0.057638999999999996,
47.446594817000005,46.0,3,control_period,46.0,49.99999999999716,
47.447277959000004,46.0,1,controller_to_actual_cmd,,1.85324,
47.470646810000005,46.025000000000006,1,camera_to_measurement,46.005,8.992794,True
47.470713218,46.025000000000006,1,detector_inference,,7.2949748039245605,
47.477920572,46.03,2,detector_inference,,8.611228942871094,
47.479009989000005,46.03,2,camera_to_measurement,46.005,12.464736,True
47.492330024000005,46.045,3,detector_inference,,17.637680053710938,
47.492760563000004,46.045,3,camera_to_measurement,46.005,20.804399999999998,True
47.49426795,46.050000000000004,3,measurement_to_controller_cmd,,1.507387,True
47.494828062,46.050000000000004,2,measurement_to_controller_cmd,,15.818073,True
47.495227491,46.050000000000004,1,measurement_to_controller_cmd,,24.580681,True
47.495277764,46.050000000000004,1,controller_to_actual_cmd,,0.050273,
47.495345284,46.050000000000004,1,control_period,46.05,49.99999999999716,
47.495385824,46.050000000000004,2,controller_to_actual_cmd,,0.557762,
47.495426539,46.050000000000004,2,control_period,46.05,49.99999999999716,
47.495463087000005,46.050000000000004,3,controller_to_actual_cmd,,1.195137,
47.495502609000006,46.050000000000004,3,control_period,46.05,49.99999999999716,
47.541165331,46.095000000000006,1,detector_inference,,12.85943603515625,
47.541936884,46.095000000000006,1,camera_to_measurement,46.07,14.339977,True
47.544999982,46.1,1,measurement_to_controller_cmd,,3.0630979999999997,True
47.545330488000005,46.1,3,controller_to_actual_cmd,,0.133814,
47.545514263,46.1,3,control_period,46.1,50.00000000000426,
47.546499238,46.1,1,controller_to_actual_cmd,,1.499256,
47.546685228,46.1,1,control_period,46.1,50.00000000000426,
47.547687086,46.1,2,controller_to_actual_cmd,,0.103792,
47.54787057,46.1,2,control_period,46.1,50.00000000000426,
47.550815005000004,46.105000000000004,3,camera_to_measurement,46.07,13.172091,True
47.550933245,46.105000000000004,3,detector_inference,,8.18144702911377,
47.595901455,46.150000000000006,2,controller_to_actual_cmd,,0.085756,
47.596055411,46.150000000000006,2,control_period,46.15,49.99999999999716,
47.596156851,46.150000000000006,3,measurement_to_controller_cmd,,45.341846,True
47.596313848,46.150000000000006,3,controller_to_actual_cmd,,0.156997,
47.596384261000004,46.150000000000006,3,control_period,46.15,49.99999999999716,
47.596792753,46.150000000000006,1,controller_to_actual_cmd,,0.03771,
47.596852207000005,46.150000000000006,1,control_period,46.15,49.99999999999716,
47.599738048000006,46.155,1,detector_inference,,11.072307586669922,
47.600224213000004,46.155,1,camera_to_measurement,46.135,12.801893999999999,True
47.600564924000004,46.155,2,camera_to_measurement,46.135,8.096388,True
47.600611569,46.155,2,detector_inference,,7.477924823760986,
47.615068418,46.17,3,detector_inference,,11.386966705322266,
47.64500618,46.2,3,measurement_to_controller_cmd,,30.025344999999998,True
47.645786859000005,46.2,1,measurement_to_controller_cmd,,45.562646,True
47.645926774,46.2,2,measurement_to_controller_cmd,,45.36185,True
47.646708335,46.2,1,controller_to_actual_cmd,,0.921476,
47.646861091000005,46.2,1,control_period,46.2,50.00000000000426,
47.646985235,46.2,2,controller_to_actual_cmd,,1.0584609999999999,
47.647152256000005,46.2,2,control_period,46.2,50.00000000000426,
47.647311891,46.2,3,control_period,46.2,50.00000000000426,
47.648111216000004,46.2,3,controller_to_actual_cmd,,3.1050359999999997,
47.685270218,46.24,3,detector_inference,,9.290413856506348,
47.686117003,46.24,2,camera_to_measurement,46.205,21.28852,True
47.686196541,46.24,2,detector_inference,,19.165407180786133,
47.695453448,46.25,1,control_period,46.25,49.99999999999716,
47.695600119000005,46.25,3,measurement_to_controller_cmd,,10.420822,True
47.695718160000006,46.25,3,control_period,46.25,49.99999999999716,
47.696469282,46.25,1,controller_to_actual_cmd,,1.169188,
47.696601809,46.25,2,measurement_to_controller_cmd,,10.484805999999999,True
47.696720838000005,46.25,3,controller_to_actual_cmd,,1.120719,
47.697446014,46.25,2,controller_to_actual_cmd,,0.844205,
47.69761183,46.25,2,control_period,46.25,49.99999999999716,
47.742884014000005,46.295,1,detector_inference,,9.195980072021484,
47.745241092,46.300000000000004,3,controller_to_actual_cmd,,0.112269,
47.745401241,46.300000000000004,3,control_period,46.3,49.99999999999716,
47.745932622000005,46.300000000000004,1,measurement_to_controller_cmd,,3.196409,True
47.746000661000004,46.300000000000004,1,controller_to_actual_cmd,,0.068039,
47.74608062,46.300000000000004,1,control_period,46.3,49.99999999999716,
47.746533945,46.300000000000004,2,controller_to_actual_cmd,,0.39693999999999996,
47.746616987,46.300000000000004,2,control_period,46.3,49.99999999999716,
47.751545272,46.305,3,detector_inference,,8.291485786437988,
47.75258204,46.305,3,camera_to_measurement,46.27,10.918377,True
47.795147148000005,46.35,1,controller_to_actual_cmd,,0.115038,
47.795334151000006,46.35,1,control_period,46.35,50.00000000000426,
47.795613483000004,46.35,2,control_period,46.35,50.00000000000426,
47.79573956,46.35,3,measurement_to_controller_cmd,,43.15752,True
47.795834883000005,46.35,3,controller_to_actual_cmd,,0.09532299999999999,
47.79594267,46.35,3,control_period,46.35,50.00000000000426,
47.799287603,46.35,2,controller_to_actual_cmd,,3.8116369999999997,
47.820670055,46.375,2,camera_to_measurement,46.335,21.887992,True
47.820847514,46.375,2,detector_inference,,19.66944694519043,
47.820999049,46.375,3,camera_to_measurement,46.335,15.313329,True
47.821154039,46.375,3,detector_inference,,12.130101203918457,
47.845296813000004,46.400000000000006,1,control_period,46.4,49.99999999999716,
47.845365286,46.400000000000006,3,measurement_to_controller_cmd,,24.366236999999998,True
47.845816153,46.400000000000006,1,controller_to_actual_cmd,,0.643042,
47.845872406000005,46.400000000000006,2,measurement_to_controller_cmd,,25.202351,True
47.845913904,46.400000000000006,2,controller_to_actual_cmd,,0.041498,
47.846040921000004,46.400000000000006,2,control_period,46.4,49.99999999999716,
47.846107889,46.400000000000006,3,controller_to_actual_cmd,,0.742603,
47.846163738,46.400000000000006,3,control_period,46.4,49.99999999999716,
47.873361448000004,46.425000000000004,1,detector_inference,,13.26749324798584,
47.874199423,46.43,1,camera_to_measurement,46.4,15.815408,True
47.875420646,46.43,2,camera_to_measurement,46.4,10.659922,True
47.87563558,46.43,2,detector_inference,,7.828896999359131,
47.886261766000004,46.440000000000005,3,detector_inference,,7.578240871429443,
47.894719136000006,46.45,1,measurement_to_controller_cmd,,20.519713,True
47.894805032,46.45,1,control_period,46.45,50.00000000000426,
47.895424099,46.45,2,measurement_to_controller_cmd,,20.003453,True
47.895506946000005,46.45,3,measurement_to_controller_cmd,,8.524969,True
47.895585316,46.45,3,control_period,46.45,50.00000000000426,
47.895929919000004,46.45,1,controller_to_actual_cmd,,1.210783,
47.895980888000004,46.45,2,controller_to_actual_cmd,,0.556789,
47.896045924000006,46.45,2,control_period,46.45,50.00000000000426,
47.896088048,46.45,3,controller_to_actual_cmd,,0.581102,
47.941487338,46.495000000000005,2,detector_inference,,8.550101280212402,
47.942112640000005,46.495000000000005,2,camera_to_measurement,46.465,10.820651,True
47.945447468000005,46.5,1,control_period,46.5,49.99999999999716,
47.945562879,46.5,2,measurement_to_controller_cmd,,3.450239,True
47.945675532,46.5,2,control_period,46.5,49.99999999999716,
47.945846522000004,46.5,3,control_period,46.5,49.99999999999716,
47.946432863000005,46.5,1,controller_to_actual_cmd,,1.114755,
47.946533620000004,46.5,2,controller_to_actual_cmd,,0.970741,
47.946619227000006,46.5,3,controller_to_actual_cmd,,0.854076,
47.996547477,46.550000000000004,1,controller_to_actual_cmd,,0.8431949999999999,
47.996722727000005,46.550000000000004,1,control_period,46.55,49.99999999999716,
47.996856546000004,46.550000000000004,3,control_period,46.55,49.99999999999716,
47.998354438,46.550000000000004,3,controller_to_actual_cmd,,2.5664439999999997,
47.999803282,46.555,2,control_period,46.55,49.99999999999716,
48.001156357000006,46.555,2,controller_to_actual_cmd,,1.501396,
48.001933356,46.555,1,camera_to_measurement,46.535,10.432395999999999,True
48.00206181,46.555,1,detector_inference,,9.525484085083008,
48.022817246,46.575,3,detector_inference,,16.022348403930664,
48.023590228,46.575,3,camera_to_measurement,46.535,18.662319,True
48.044877606,46.6,1,measurement_to_controller_cmd,,42.94425,True
48.045515302000005,46.6,1,controller_to_actual_cmd,,0.6376959999999999,
48.045614014,46.6,1,control_period,46.6,50.00000000000426,
48.045665395,46.6,2,controller_to_actual_cmd,,0.667561,
48.045708440000006,46.6,2,control_period,46.6,50.00000000000426,
48.045741929,46.6,3,measurement_to_controller_cmd,,22.151701,True
48.045777175000005,46.6,3,control_period,46.6,50.00000000000426,
48.046108073000006,46.6,3,controller_to_actual_cmd,,0.36614399999999997,
48.075577093,46.63,1,detector_inference,,16.835546493530273,
48.077641637000006,46.63,2,detector_inference,,12.585062980651855,
48.095103918,46.650000000000006,1,measurement_to_controller_cmd,,19.096625,True
48.095172716,46.650000000000006,1,controller_to_actual_cmd,,0.068798,
48.095271327000006,46.650000000000006,3,controller_to_actual_cmd,,0.032355,
48.095338045000005,46.650000000000006,3,control_period,46.65,49.99999999999716,
48.095712357000004,46.650000000000006,1,control_period,46.65,49.99999999999716,
48.096051483000004,46.650000000000006,2,measurement_to_controller_cmd,,17.985431,True
48.096110781,46.650000000000006,2,control_period,46.65,49.99999999999716,
48.096430031000004,46.650000000000006,2,controller_to_actual_cmd,,0.378548,
48.145298167,46.7,1,camera_to_measurement,46.665,25.847617999999997,True
48.145473435,46.7,1,detector_inference,,23.300186157226562,
48.145622475,46.7,1,measurement_to_controller_cmd,,0.324308,True
48.145805291,46.7,1,control_period,46.7,50.00000000000426,
48.146708459,46.7,1,controller_to_actual_cmd,,1.085984,
48.14705507,46.7,2,control_period,46.7,50.00000000000426,
48.147349982,46.7,3,control_period,46.7,50.00000000000426,
48.148249645,46.7,2,controller_to_actual_cmd,,1.370314,
48.148396524000006,46.7,3,controller_to_actual_cmd,,1.1968809999999999,
48.14929522400001,46.705000000000005,2,camera_to_measurement,46.665,20.580337,True
48.149418119,46.705000000000005,2,detector_inference,,20.437896728515625,
48.149554502,46.705000000000005,3,camera_to_measurement,46.665,13.043261,True
48.149666281,46.705000000000005,3,detector_inference,,10.499677658081055,
48.194900005,46.75,2,measurement_to_controller_cmd,,45.604780999999996,True
48.195026152000004,46.75,2,control_period,46.75,49.99999999999716,
48.195712321,46.75,1,controller_to_actual_cmd,,0.88003,
48.195850959000005,46.75,1,control_period,46.75,49.99999999999716,
48.19598937,46.75,2,controller_to_actual_cmd,,1.089365,
48.196161779,46.75,3,measurement_to_controller_cmd,,46.607276999999996,True
48.196243188000004,46.75,3,controller_to_actual_cmd,,0.081409,
48.196318402,46.75,3,control_period,46.75,49.99999999999716,
48.19911917,46.755,1,camera_to_measurement,46.73,15.174342,True
48.199219535000005,46.755,1,detector_inference,,13.273774147033691,
48.20141747300001,46.755,2,camera_to_measurement,46.73,14.32015,True
48.201475667000004,46.755,2,detector_inference,,11.62218189239502,
48.209931753000006,46.765,3,camera_to_measurement,46.73,9.070998999999999,True
48.210005535,46.765,3,detector_inference,,7.314479827880859,
48.245436933,46.800000000000004,1,measurement_to_controller_cmd,,46.317763,True
48.245652220000004,46.800000000000004,1,control_period,46.8,49.99999999999716,
48.245727846,46.800000000000004,3,measurement_to_controller_cmd,,35.796093,True
48.24640189,46.800000000000004,1,controller_to_actual_cmd,,0.964957,
48.246497046,46.800000000000004,2,measurement_to_controller_cmd,,45.079572999999996,True
48.246729291,46.800000000000004,2,control_period,46.8,49.99999999999716,
48.246879918000005,46.800000000000004,3,control_period,46.8,49.99999999999716,
48.247679323,46.800000000000004,2,controller_to_actual_cmd,,1.182277,
48.247787655,46.800000000000004,3,controller_to_actual_cmd,,2.059809,
48.262959361,46.815000000000005,2,detector_inference,,8.406838417053223,
48.264041176000006,46.82,1,detector_inference,,12.809718132019043,
48.264177811,46.82,2,camera_to_measurement,46.795,9.328536999999999,True
48.294641495,46.85,1,measurement_to_controller_cmd,,30.699924,True
48.294736111000006,46.85,1,control_period,46.85,50.00000000000426,
48.294795904000004,46.85,2,measurement_to_controller_cmd,,30.618093,True
48.294863536,46.85,2,control_period,46.85,50.00000000000426,
48.29530098,46.85,1,controller_to_actual_cmd,,0.659485,
48.295357282000005,46.85,2,controller_to_actual_cmd,,0.5613779999999999,
48.295751285,46.85,3,controller_to_actual_cmd,,0.34499799999999997,
48.295839202,46.85,3,control_period,46.85,50.00000000000426,
48.33165051100001,46.885000000000005,2,detector_inference,,6.607036113739014,
48.332330600000006,46.885000000000005,2,camera_to_measurement,46.865,7.561144,True
48.345310789,46.900000000000006,1,control_period,46.9,49.99999999999716,
48.345419804,46.900000000000006,2,measurement_to_controller_cmd,,13.089203999999999,True
48.345506136000004,46.900000000000006,2,controller_to_actual_cmd,,0.08633199999999999,
48.345606092000004,46.900000000000006,2,control_period,46.9,49.99999999999716,
48.346342277000005,46.900000000000006,1,controller_to_actual_cmd,,1.1638789999999999,
48.346565065,46.900000000000006,3,control_period,46.9,49.99999999999716,
48.34714489300001,46.900000000000006,3,controller_to_actual_cmd,,0.6623819999999999,
48.395946595000005,46.95,1,detector_inference,,6.920464038848877,
48.396047689,46.95,1,measurement_to_controller_cmd,,0.172929,True
48.396132253000005,46.95,1,controller_to_actual_cmd,,0.084564,
48.396235555000004,46.95,1,control_period,46.95,50.00000000000426,
48.396385654,46.95,2,controller_to_actual_cmd,,0.066688,
48.396488174000005,46.95,2,control_period,46.95,50.00000000000426,
48.396640495,46.95,3,controller_to_actual_cmd,,0.062472,
48.396729636,46.95,3,control_period,46.95,50.00000000000426,
48.447609365000005,47.0,1,control_period,47.0,49.99999999999716,
48.448599272,47.0,2,control_period,47.0,49.99999999999716,
48.449564155000004,47.0,2,controller_to_actual_cmd,,1.777923,
48.449687461,47.0,3,controller_to_actual_cmd,,0.9252969999999999,
48.449840907,47.0,3,control_period,47.0,49.99999999999716,
48.450724474000005,47.005,1,controller_to_actual_cmd,,3.627283,
48.460989513,47.015,1,detector_inference,,9.289559364318848,
48.474951966000006,47.03,3,detector_inference,,6.789380073547363,
48.47571734,47.03,3,camera_to_measurement,46.995,10.762438,True
48.494908786,47.050000000000004,1,measurement_to_controller_cmd,,33.127116,True
48.495000112,47.050000000000004,1,controller_to_actual_cmd,,0.09132599999999999,
48.495091522,47.050000000000004,1,control_period,47.05,49.99999999999716,
48.495182306000004,47.050000000000004,2,control_period,47.05,49.99999999999716,
48.495235731,47.050000000000004,3,measurement_to_controller_cmd,,19.518390999999998,True
48.495282253000006,47.050000000000004,3,control_period,47.05,49.99999999999716,
48.495667541,47.050000000000004,2,controller_to_actual_cmd,,0.53015,
48.495713664,47.050000000000004,3,controller_to_actual_cmd,,0.477933,
48.523062057000004,47.075,1,detector_inference,,7.535820960998535,
48.524984317000005,47.080000000000005,1,camera_to_measurement,47.06,10.660592999999999,True
48.534621241,47.09,3,detector_inference,,7.135824203491211,
48.535507275,47.09,3,camera_to_measurement,47.06,8.914518,True
48.545017808000004,47.1,3,measurement_to_controller_cmd,,9.510532999999999,True
48.545194480000006,47.1,3,control_period,47.1,50.00000000000426,
48.546060633,47.1,1,measurement_to_controller_cmd,,21.076316,True
48.546303212000005,47.1,1,control_period,47.1,50.00000000000426,
48.546515132,47.1,2,controller_to_actual_cmd,,0.088027,
48.546623126,47.1,2,control_period,47.1,50.00000000000426,
48.546719797,47.1,3,controller_to_actual_cmd,,1.701989,
48.547502451,47.1,1,controller_to_actual_cmd,,1.441818,
48.595394558,47.150000000000006,1,controller_to_actual_cmd,,0.674914,
48.59549331,47.150000000000006,1,control_period,47.15,49.99999999999716,
48.595591320000004,47.150000000000006,2,control_period,47.15,49.99999999999716,
48.595635484000006,47.150000000000006,3,controller_to_actual_cmd,,0.84107,
48.595969429,47.150000000000006,2,controller_to_actual_cmd,,0.421832,
48.596025464,47.150000000000006,3,control_period,47.15,49.99999999999716,
48.600422933000004,47.155,2,detector_inference,,8.897133827209473,
48.602994403000004,47.155,1,detector_inference,,15.8294038772583,
48.60367972,47.160000000000004,1,camera_to_measurement,47.125,19.981616,True
48.647459592000004,47.2,1,measurement_to_controller_cmd,,43.779872,True
48.647632543,47.2,1,control_period,47.2,50.00000000000426,
48.65004125,47.2,2,measurement_to_controller_cmd,,48.908615999999995,True
48.650184610000004,47.2,2,controller_to_actual_cmd,,0.14336,
48.650353290000005,47.2,2,control_period,47.2,50.00000000000426,
48.650465949,47.2,3,controller_to_actual_cmd,,1.643597,
48.650586489000005,47.2,3,control_period,47.2,50.00000000000426,
48.652045771000004,47.205000000000005,1,controller_to_actual_cmd,,4.586179,
48.667332857000005,47.220000000000006,1,detector_inference,,12.499794960021973,
48.668893721,47.220000000000006,2,camera_to_measurement,47.195,10.335733999999999,True
48.669049821,47.220000000000006,2,detector_inference,,9.127811431884766,
48.695359132,47.25,1,measurement_to_controller_cmd,,27.22704,True
48.695427862,47.25,1,controller_to_actual_cmd,,0.06873,
48.695506014,47.25,1,control_period,47.25,49.99999999999716,
48.695551268,47.25,2,measurement_to_controller_cmd,,26.657546999999997,True
48.695598600000004,47.25,2,control_period,47.25,49.99999999999716,
48.695646939,47.25,3,controller_to_actual_cmd,,0.690981,
48.695688605,47.25,3,control_period,47.25,49.99999999999716,
48.695993939000005,47.25,2,controller_to_actual_cmd,,0.442671,
48.737991131,47.290000000000006,3,detector_inference,,9.565373420715332,
48.738941049000005,47.295,1,camera_to_measurement,47.26,25.145194999999998,True
48.739074748,47.295,1,detector_inference,,20.994565963745117,
48.739239398,47.295,3,camera_to_measurement,47.26,13.422505,True
48.739942379000006,47.295,2,camera_to_measurement,47.26,20.65233,True
48.740053032000006,47.295,2,detector_inference,,17.309633255004883,
48.745554187,47.300000000000004,1,measurement_to_controller_cmd,,6.613137999999999,True
48.745700427,47.300000000000004,1,control_period,47.3,49.99999999999716,
48.74579661200001,47.300000000000004,3,measurement_to_controller_cmd,,6.557214,True
48.745893714000005,47.300000000000004,3,control_period,47.3,49.99999999999716,
48.746466304,47.300000000000004,1,controller_to_actual_cmd,,0.912117,
48.746544480000004,47.300000000000004,2,measurement_to_controller_cmd,,6.602100999999999,True
48.746610911000005,47.300000000000004,2,controller_to_actual_cmd,,0.06643099999999999,
48.746695596,47.300000000000004,2,control_period,47.3,49.99999999999716,
48.746742977000004,47.300000000000004,3,controller_to_actual_cmd,,0.946365,
48.794998122,47.35,2,controller_to_actual_cmd,,0.649578,
48.795122749,47.35,2,control_period,47.35,50.00000000000426,
48.795225687000006,47.35,3,control_period,47.35,50.00000000000426,
48.796014716,47.35,1,controller_to_actual_cmd,,0.091418,
48.796173774,47.35,1,control_period,47.35,50.00000000000426,
48.796290491,47.35,3,controller_to_actual_cmd,,1.874258,
48.799632121,47.355000000000004,2,camera_to_measurement,47.325,15.407311,True
48.799729359000004,47.355000000000004,2,detector_inference,,12.329814910888672,
48.800271975,47.355000000000004,1,camera_to_measurement,47.325,20.390282,True
48.800328150000006,47.355000000000004,1,detector_inference,,18.832319259643555,
48.800379615000004,47.355000000000004,3,camera_to_measurement,47.325,12.254202,True
48.800417676,47.355000000000004,3,detector_inference,,9.370333671569824,
48.846067223000006,47.400000000000006,1,measurement_to_controller_cmd,,45.795248,True
48.846152022000005,47.400000000000006,1,controller_to_actual_cmd,,0.084799,
48.846296963,47.400000000000006,1,control_period,47.4,49.99999999999716,
48.846434715,47.400000000000006,2,measurement_to_controller_cmd,,46.802594,True
48.84652089,47.400000000000006,2,control_period,47.4,49.99999999999716,
48.846614127,47.400000000000006,3,measurement_to_controller_cmd,,46.234511999999995,True
48.846673423000006,47.400000000000006,3,controller_to_actual_cmd,,0.059295999999999995,
48.846747187000005,47.400000000000006,3,control_period,47.4,49.99999999999716,
48.847322556,47.400000000000006,2,controller_to_actual_cmd,,0.887841,
48.86538833,47.42,2,detector_inference,,14.900723457336426,
48.865763123,47.42,3,camera_to_measurement,47.39,10.541962,True
48.865812533,47.42,3,detector_inference,,8.906228065490723,
48.866394487,47.42,1,camera_to_measurement,47.39,24.476430999999998,True
48.866442487,47.42,1,detector_inference,,23.02700424194336,
48.894763408,47.45,1,measurement_to_controller_cmd,,28.368921,True
48.894880492000006,47.45,2,measurement_to_controller_cmd,,29.563637999999997,True
48.895503781,47.45,1,controller_to_actual_cmd,,0.740373,
48.895590339,47.45,1,control_period,47.45,50.00000000000426,
48.895637255000004,47.45,2,controller_to_actual_cmd,,0.756763,
48.895689487000006,47.45,2,control_period,47.45,50.00000000000426,
48.896006954,47.45,3,measurement_to_controller_cmd,,30.243831,True
48.896050117,47.45,3,controller_to_actual_cmd,,0.043163,
48.896096707000005,47.45,3,control_period,47.45,50.00000000000426,
48.916981731,47.470000000000006,1,detector_inference,,7.679977893829346,
48.91783384,47.470000000000006,1,camera_to_measurement,47.455,10.236170999999999,True
48.924913366000006,47.480000000000004,2,camera_to_measurement,47.455,10.265234999999999,True
48.925056837,47.480000000000004,2,detector_inference,,7.58034086227417,
48.930796492000006,47.485,3,detector_inference,,7.834331035614014,
48.945443355,47.5,1,measurement_to_controller_cmd,,27.609515,True
48.945525700000005,47.5,2,measurement_to_controller_cmd,,20.612334,True
48.945639964,47.5,2,control_period,47.5,49.99999999999716,
48.946303774,47.5,1,controller_to_actual_cmd,,0.8604189999999999,
48.946394426000005,47.5,1,control_period,47.5,49.99999999999716,
48.946438841,47.5,2,controller_to_actual_cmd,,0.913141,
48.94647874,47.5,3,measurement_to_controller_cmd,,14.95003,True
48.946515935,47.5,3,controller_to_actual_cmd,,0.037195,
48.94655834,47.5,3,control_period,47.5,49.99999999999716,
48.994871784000004,47.550000000000004,1,controller_to_actual_cmd,,0.08860499999999999,
48.995015301,47.550000000000004,1,control_period,47.55,49.99999999999716,
48.995167814000006,47.550000000000004,2,controller_to_actual_cmd,,0.06401699999999999,
48.995271709,47.550000000000004,2,control_period,47.55,49.99999999999716,
48.995425363,47.550000000000004,3,control_period,47.55,49.99999999999716,
48.995940159,47.550000000000004,3,controller_to_actual_cmd,,0.588739,
48.996489448000005,47.550000000000004,2,camera_to_measurement,47.525,14.553334,True
48.996600468000004,47.550000000000004,2,detector_inference,,13.245955467224121,
48.996694861,47.550000000000004,3,camera_to_measurement,47.525,10.393512999999999,True
48.996767629000004,47.550000000000004,3,detector_inference,,7.961950778961182,
49.046065587,47.6,1,control_period,47.6,50.00000000000426,
49.046130430000005,47.6,2,measurement_to_controller_cmd,,49.640982,True
49.046197327,47.6,2,control_period,47.6,50.00000000000426,
49.046274767,47.6,3,measurement_to_controller_cmd,,49.579906,True
49.046341105,47.6,3,control_period,47.6,50.00000000000426,
