time_s,seed,scenario,leader_x_m,leader_y_m,leader_vx_mps,leader_vy_mps,follower_x_m,follower_y_m,follower_yaw_rad,true_range_m,true_bearing_rad,detection,measured_range_m,measured_bearing_rad,estimated_range_m,estimated_bearing_rad,linear_cmd_mps,angular_cmd_rps,control_state,collision
0.0,0,occlusion,1.5,0.0,0.52,0.176,0.0,0.0,-1.3562765535102272e-05,1.5,0.0,1,1.4985868675636018,-0.00030824467125045534,1.498586867563602,-0.00030824467125034616,0.0,-0.0006781382767507616,TRACK,0
0.02,0,occlusion,1.5104,0.003519975970182547,0.52,0.17599639553230326,0.0,0.0,-2.652876938658011e-05,1.5104041016333445,0.0023440511114327656,0,nan,nan,1.498586867563602,-0.0002946819057152439,0.0,-0.0006483001925735366,TRACK,0
0.04,0,occlusion,1.5208,0.007039807762641483,0.52,0.17598558227685157,0.0,0.0,-3.892426906837443e-05,1.5208162936046334,0.004655511857747374,0,nan,nan,1.498586867563602,-0.00028171590186376605,0.0,-0.0006197749841002853,TRACK,0
0.06,0,occlusion,1.5312,0.010559351205558695,0.52,0.17596756067655436,0.0,0.0,-5.07743667643723e-05,1.531236408885931,0.006934942961239532,0,nan,nan,1.498586867563602,-0.00026932040218197173,0.0,-0.0005925048848003378,TRACK,0
0.08,0,occlusion,1.5416,0.014078462138926832,0.52,0.1759423314695739,0.0013147947931640377,-6.675787310536595e-08,0.00032852688337214886,1.5416642835248529,0.009182890853777437,1,1.53409111443818,0.009427636599327448,1.53106254723612,0.008620482957645503,0.0657397397429416,0.018965062506820108,TRACK,0
0.1,0,occlusion,1.552,0.017596996420454068,0.52,0.17590989568929485,0.0026133053847375255,3.598377799174746e-07,0.0006985487495629883,1.5507850470906241,0.011018913474595493,0,nan,nan,1.5303503478419205,0.008409587867971524,0.06492553308237792,0.018501093309537354,TRACK,0
0.12,0,occlusion,1.5624,0.02111480993146815,0.52,0.17587025466428238,0.0038959045327943576,1.2557959567168102e-06,0.0010596880620568072,1.5599295986362864,0.01283737934334761,0,nan,nan,1.529654471051585,0.008207711647588933,0.06412997304960384,0.018056965624695654,TRACK,0
0.14,0,occlusion,1.5728,0.024631758582819508,0.52,0.17582341001822724,0.008761092780103778,6.411379791851517e-06,0.0016070370295766523,1.5690974228649106,0.014638199173499622,1,1.575719521501097,0.0154817295744683,1.5563254825213724,0.01243974926181668,0.24325954894824983,0.027367448375996698,TRACK,0
0.16,0,occlusion,1.5832,0.028147698320783076,0.52,0.1757693636698796,0.013597345759649264,1.4183424104993697e-05,0.0021597410609075496,1.5746903837257902,0.01626491124217777,0,nan,nan,1.5550434635669286,0.012561455257521281,0.24181296122641663,0.02763520156654682,TRACK,0
0.18,0,occlusion,1.5936,0.031662485132958745,0.52,0.17570811783297038,0.01840534721906293,2.456747842320742e-05,0.002717526857236585,1.5803195886932515,0.017868117736189237,0,nan,nan,1.5537910351140967,0.012676949916570646,0.24040063364261352,0.027889289816455422,TRACK,0
0.2,0,occlusion,1.604,0.03517597505417011,0.52,0.17563967501612046,0.024676434566055838,4.1609368663939546e-05,0.0035013003191819436,1.5859842446827954,0.019448069209048846,1,1.5697520390678428,0.021656990564470565,1.5622436943934068,0.017813033226035557,0.31355552514521856,0.03918867309727823,TRACK,0
0.22,0,occlusion,1.6144,0.0386880241723612,0.52,0.17556403802273804,0.030917063446731965,6.345977384461587e-05,0.00430985606359835,1.5901932460783474,0.02080406019370562,0,nan,nan,1.5608515017758422,0.018376266918550765,0.31203335665652615,0.04042778722081169,TRACK,0
0.24,0,occlusion,1.6248,0.04219848863449116,0.52,0.17548120995090383,0.03712804168080669,9.022836178874357e-05,0.0051420537935937816,1.59443976872529,0.022119448676427123,0,nan,nan,1.5594924848480982,0.018913584772627168,0.31055179592722726,0.04160988649977977,TRACK,0
0.26,0,occlusion,1.6352,0.04570722465242644,0.52,0.175391194193244,0.043310155293704675,0.00012201740271988121,0.005996797045008773,1.5987228947871865,0.023395217168712623,0,nan,nan,1.5581658185423828,0.019425982986705836,0.30910976717786626,0.04273716257075284,TRACK,0
0.28,0,occlusion,1.6456,0.04921408850883026,0.52,0.17529399443679147,0.053850165821723445,0.00018522446438564065,0.006920427549208519,1.6030417268101322,0.02463231698192736,1,1.612135111515946,0.02168125206421474,1.5901026268253053,0.020991602368172657,0.5270100024273516,0.04618152520997985,TRACK,0
0.3,0,occlusion,1.656,0.05271893656304937,0.52,0.17518961466283467,0.06434570193073776,0.000257859221170822,0.007868903052173692,1.6030108802077245,0.025857341339901918,0,nan,nan,1.5880830564588515,0.021556261431031398,0.5247893720901669,0.04742377514826908,TRACK,0
0.32,0,occlusion,1.6664,0.056221625256997504,0.52,0.17507805914675453,0.07479790271215918,0.0003401082734191271,0.008840998611476358,1.6030314772552376,0.027049400864864737,0,nan,nan,1.5861111846502167,0.022093080893237804,0.522626219400018,0.04860477796512317,TRACK,0
0.34,0,occlusion,1.6768,0.05972201112103545,0.52,0.1749593324578494,0.08682146900648184,0.00044641137601221666,0.00996818857318349,1.6031022831062416,0.02820934528502228,1,1.6111513755683566,0.028305695594604278,1.5983221761758362,0.025617953675166394,0.6012018105087362,0.05635949808536607,TRACK,0
0.36,0,occlusion,1.6872,0.0632199507798476,0.52,0.1748334394591478,0.09879762849398721,0.0005657959463997121,0.011123685831943675,1.6016091782061739,0.02923589642760893,0,nan,nan,1.5961381438060114,0.026261301335458676,0.5988377258193815,0.05777486293800909,TRACK,0
0.38,0,occlusion,1.6976,0.0667153009583146,0.52,0.17470038530720947,0.11072762651779959,0.000698506970164973,0.012306047554680788,1.6001702347395952,0.03022713968735813,0,nan,nan,1.5940060043221291,0.026871857334934024,0.5965368074645437,0.059118086136854854,TRACK,0
0.4,0,occlusion,1.708,0.07020791848738181,0.52,0.17456017545191377,0.12437090771571256,0.0008664103131678961,0.013580741724981582,1.5987840984257167,0.031184082229219978,1,1.6290620263240867,0.03067405656341886,1.6092169349488605,0.02897032205229433,0.6822157162106371,0.06373470851504753,TRACK,0
0.42,0,occlusion,1.7184,0.07369766030992353,0.52,0.1744128156362368,0.13796193604989626,0.0010509979071236318,0.01488252618010577,1.5956920561388903,0.03207754229917592,0,nan,nan,1.6067994580206424,0.029586010343729097,0.6796140885834159,0.06508922275620402,TRACK,0
0.44,0,occlusion,1.7288000000000001,0.07718438348660263,0.52,0.17425831189601604,0.15150206968156282,0.0012525241792555699,0.01620993767428658,1.5926587952578883,0.0329383950586144,0,nan,nan,1.6044391887024343,0.030168443049562566,0.6770816634678335,0.06637057470903765,TRACK,0
0.46,0,occlusion,1.7392,0.08066794520172525,0.52,0.17409667055970307,0.1649926273432104,0.001471224433855697,0.017561562336074754,1.58968283850384,0.033767635723586764,0,nan,nan,1.602134676291144,0.03071874231336924,0.6746165129605122,0.06758123308941233,TRACK,0
0.48,0,occlusion,1.7496,0.08414820276909059,0.52,0.1739278982481044,0.1785422129424429,0.0017092007911291686,0.018968636049788046,1.586762744780989,0.03456622651843366,1,1.6026042075128135,0.032859544322046734,1.6011255804067344,0.031978948038938526,0.67758376356276,0.07035368568566476,TRACK,0
0.5,0,occlusion,1.76,0.0876250136378353,0.52,0.17375200187411033,0.19204439488042016,0.001965349488474294,0.020398024874372034,1.5837898405855795,0.03530498311899377,0,nan,nan,1.5989050877844722,0.032486109649637385,0.6752305703265195,0.07146944122920225,TRACK,0
0.52,0,occlusion,1.7704,0.09109823539827222,0.52,0.17356898864241177,0.20550039589193284,0.002239863406069938,0.02184841116449121,1.580870357607797,0.036014050895555094,0,nan,nan,1.5967368371218051,0.03296332477543773,0.6729400439726856,0.07251931450596301,TRACK,0
0.54,0,occlusion,1.7808000000000002,0.09456772578772367,0.52,0.17337886604920508,0.21858916856597616,0.0025258778044897697,0.02336316305002839,1.5780029394380097,0.03669433274061262,1,1.5848084418744357,0.03595727253027898,1.5906935887196563,0.034426179216757724,0.6545948639213542,0.07573759427686699,TRACK,0
0.56,0,occlusion,1.7912,0.09803334269634836,0.52,0.17318164188188512,0.2316365736561615,0.002830761931395366,0.024897008847921676,1.5755083316167138,0.03729412132665422,0,nan,nan,1.588722568834192,0.03486013177030456,0.6525483390489809,0.07669228989467003,TRACK,0
0.58,0,occlusion,1.8016,0.10149494417296223,0.52,0.17297732421872616,0.24464368073894843,0.003154666919649162,0.02644872984047364,1.5730606412070332,0.03786534393648999,0,nan,nan,1.5867977550297254,0.035266386194357846,0.6505569711879609,0.07758604962758726,TRACK,0
0.6,0,occlusion,1.812,0.1049523884308528,0.52,0.17276592142855116,0.25708150775088423,0.0034837083750409626,0.028098660975750533,1.5706586540787353,0.038408854000478776,1,1.5655976166125418,0.04083756692352407,1.5779645849780262,0.03749843489265592,0.6221089314947311,0.08249655676384303,TRACK,0
0.62,0,occlusion,1.8224,0.10840553385358663,0.52,0.17254744217038887,0.2694854809576308,0.0038323351687486753,0.02976476962893093,1.5688309569991266,0.03883028287551138,0,nan,nan,1.5763001568573654,0.03786610575410343,0.6204435751036865,0.08330543265902755,TRACK,0
0.64,0,occlusion,1.8328,0.11185423900080999,0.52,0.1723218953931191,0.2818564871715895,0.004200664097839519,0.03144592104243138,1.5670421236061836,0.03922357230806872,0,nan,nan,1.5746746041917146,0.03820798667046832,0.618824411577731,0.08405757067503031,TRACK,0
0.66,0,occlusion,1.8432,0.11529836261404221,0.52,0.17208929033510637,0.2941953853008867,0.0045888000581561965,0.03314102136805408,1.565291111476379,0.039589547439581096,0,nan,nan,1.573086922474265,0.038525007400516564,0.6172500639304627,0.08475501628113645,TRACK,0
0.68,0,occlusion,1.8536000000000001,0.11873776362246159,0.52,0.17184963652382126,0.30634457974899987,0.004991584244720073,0.03491457053437719,1.5635769051209778,0.03992900441882785,1,1.5651496757490801,0.043111922976142074,1.5693110074057044,0.040307935598247635,0.6077934699365617,0.0886774583161448,TRACK,0
0.7000000000000001,0,occlusion,1.864,0.12217230114868376,0.52,0.17160294377545046,0.3184650575326589,0.005414937561597788,0.036700148402850186,1.5620568903376877,0.04017290126310735,0,nan,nan,1.56785686559786,0.040581315192570244,0.606393456707532,0.08927889342365454,TRACK,0
0.72,0,occlusion,1.8744,0.12560183451453172,0.52,0.17134922219449442,0.3305575644089956,0.005858933716029105,0.03849675402839425,1.5605699072422303,0.04039093531829829,0,nan,nan,1.566436342222442,0.040831946035095434,0.6050327576656467,0.08983028127720996,TRACK,0
0.74,0,occlusion,1.8848,0.1290262232467984,0.52,0.1710884821733536,0.34266707109631367,0.006325340844275575,0.04030812092558733,1.5591150470065427,0.04058384978341856,1,1.5672420986451645,0.04140266238672644,1.565732648422765,0.04116742948165619,0.6059242688230114,0.09056834485964363,TRACK,0
0.76,0,occlusion,1.8952,0.13244532708300003,0.52,0.17082073439190285,0.3547497063117011,0.006812633102717737,0.042128632916831776,1.557647182855962,0.04074887318445075,0,nan,nan,1.564361818488042,0.041375272528284324,0.6046228731475074,0.09102559956222551,TRACK,0
0.78,0,occlusion,1.9056,0.1358590059771215,0.52,0.1705459898170538,0.3668061531894811,0.007320855431102055,0.04395739398321652,1.5562100114653943,0.040890191767660955,0,nan,nan,1.5630224093398035,0.04156275150874622,0.6033576908679467,0.0914380533192417,TRACK,0
0.8,0,occlusion,1.916,0.1392671201053526,0.52,0.1702642597023059,0.37852199143786297,0.007836185107276608,0.0457872486398081,1.5548026857955517,0.041008471720580086,1,1.5439585549708599,0.04122746308418927,1.5566253427516585,0.04158760583163135,0.5863583173653147,0.09149273282958897,TRACK,0
0.8200000000000001,0,occlusion,1.9264000000000001,0.1426695298718151,0.52,0.16997555558728525,0.39021557800957146,0.008371976739544582,0.04762359274632599,1.5537394763121262,0.0411019342669916,0,nan,nan,1.5554618868191254,0.0417350933299514,0.5852927463740892,0.09181720532589309,TRACK,0
0.84,0,occlusion,1.9368,0.14606609591428069,0.52,0.16967988929727199,0.4018874727783279,0.008928254913711419,0.04946563745285237,1.5527018531575127,0.04117338801611092,0,nan,nan,1.5543248554661202,0.04186465242105575,0.584257162771624,0.09210223532632265,TRACK,0
0.86,0,occlusion,1.9472,0.14945667910987911,0.52,0.16937727294271604,0.4135382172050807,0.009505036923220677,0.05131262419795535,1.5516890941149548,0.04122343114247062,0,nan,nan,1.55321357029209,0.04197697147961277,0.5832506390566695,0.0923493372551481,TRACK,0
0.88,0,occlusion,1.9576,0.15284114058079673,0.52,0.169067718918741,0.42529317902436264,0.010108744805891589,0.05312746304702154,1.5507004958081234,0.04125263946255009,1,1.559691686773618,0.0391054178588577,1.5542252429994268,0.04124633747877571,0.5885227068269657,0.09074194245330656,TRACK,0
0.9,0,occlusion,1.968,0.15621934169996488,0.52,0.16875123990463642,0.43702663242219086,0.010732700572259278,0.054946130166968477,1.5496104807368527,0.04130140466715426,0,nan,nan,1.5531106764642464,0.04133334363516239,0.5875015945454751,0.09093335599735726,TRACK,0
0.92,0,occlusion,1.9784000000000002,0.15959114409673797,0.52,0.16842784886333842,0.44873909926605626,0.01137690373025378,0.05676794696526155,1.548544702127351,0.04133049550322765,0,nan,nan,1.5520211962241945,0.041404927233928746,0.5865084766595787,0.09109083991464324,TRACK,0
0.9400000000000001,0,occlusion,1.9888000000000001,0.16295640966256134,0.52,0.16809755904089885,0.46046012391787905,0.01204299790815821,0.05859665797634772,1.547502479671076,0.041340422116362685,1,1.55300268600101,0.041853322230786714,1.5514777928167438,0.04156161388831947,0.58699680651277,0.09143555055430284,TRACK,0
0.96,0,occlusion,1.9992,0.1663150005566278,0.52,0.1677603839659427,0.4721609122020443,0.012729410792368076,0.06042720344714425,1.5464540914771414,0.04132808990997061,0,nan,nan,1.5504252184629395,0.04160330615446517,0.5860452395474005,0.09152727353982339,TRACK,0
0.98,0,occlusion,2.0096,0.169666779211524,0.52,0.16741633744911388,0.4838419429723703,0.013436123198943075,0.062258981623893206,1.5454281886568977,0.041297586863245694,0,nan,nan,1.5493961362977438,0.04163132219884247,0.5851194798562717,0.09158890883745344,TRACK,0
1.0,0,occlusion,2.02,0.17301160833886478,0.52,0.16706543358250958,0.4956087709856716,0.014169661949273582,0.06408219317511588,1.5444241359252786,0.04124936562163661,1,1.556559687684529,0.04076210951605137,1.550318766787214,0.041436626164146784,0.5894835039949108,0.09116057756112293,TRACK,0
1.02,0,occlusion,2.0304,0.17634935093491677,0.52,0.16670768673910316,0.5073556685500478,0.014923461023000002,0.06590564143611921,1.5433361163981076,0.041196016522480505,0,nan,nan,1.5492896311588458,0.04144200593189451,0.5885529190979749,0.09117241305016793,TRACK,0
1.04,0,occlusion,2.0408,0.17967987028620983,0.52,0.1663431115721553,0.5190830955192073,0.01569748561687552,0.06772878954004202,1.542269818173622,0.041125823395437244,0,nan,nan,1.5482833278316195,0.04143518418006398,0.587647124958709,0.09115740519614075,TRACK,0
1.06,0,occlusion,2.0512,0.18300302997513698,0.52,0.16597172301461388,0.5307914975057532,0.016491696280535213,0.06955112235741678,1.5412246280697763,0.04103918699839548,0,nan,nan,1.5472992921135302,0.041416654940330755,0.5867653867961689,0.09111664086872767,TRACK,0
1.08,0,occlusion,2.0616000000000003,0.18631869388554204,0.52,0.1655935362785023,0.5424296388225,0.017302449794890123,0.07138039779571237,1.5401999481964055,0.040936491985705814,1,1.5420908472866883,0.042196285712171884,1.5453509226478732,0.04157444177944836,0.5833173548112717,0.0914637719147864,TRACK,0
1.1,0,occlusion,2.072,0.18962672620829474,0.52,0.16520856685429633,0.5540501822639297,0.01813334046187809,0.07320776020711062,1.5392469412131606,0.0408084211040447,0,nan,nan,1.5444333376114954,0.04153096389541133,0.582510534614276,0.09136812056990494,TRACK,0
1.12,0,occlusion,2.0824,0.19292699144685366,0.52,0.1648168305102898,0.5656535199762976,0.018984315602129223,0.07503275926614661,1.5383127074163225,0.04066504411193961,0,nan,nan,1.5435358614777135,0.041477251341723864,0.5817250311714871,0.09124995295179252,TRACK,0
1.1400000000000001,0,occlusion,2.0928,0.19621935442281602,0.52,0.16441834329194865,0.5771549223535201,0.019848920718331085,0.07685421232705458,1.537396705614577,0.04050669936846285,1,1.5348640553860753,0.04133451458640056,1.5409716197858079,0.041396660475183644,0.5766927228813857,0.09107265304540403,TRACK,0
1.16,0,occlusion,2.1032,0.19950368028145454,0.52,0.16401312152125355,0.5886407570401729,0.020733397590367117,0.0786724506201737,1.5365836819525112,0.04033212144944187,0,nan,nan,1.5401514440431252,0.04132359757088899,0.5759919656260062,0.09091191465595579,TRACK,0
1.18,0,occlusion,2.1136,0.20277983449724143,0.52,0.16360118179603161,0.6001113611464721,0.02163768454661245,0.08048708017493578,1.53578696370268,0.04014316457839007,0,nan,nan,1.5393490598996031,0.04124158079005236,0.5753096850016599,0.0907314777381152,TRACK,0
1.2,0,occlusion,2.124,0.20604768287935796,0.52,0.16318254098927637,0.6116093587502561,0.022565128380023735,0.08228422301840821,1.535006068754108,0.03994012744083841,1,1.542747815518733,0.039638174181514885,1.5394104981033292,0.0408441555334651,0.5767670694499545,0.08985714217362323,TRACK,0
1.22,0,occlusion,2.1344,0.20930709157719127,0.52,0.16275721624845677,0.6230922394768259,0.023512126542023788,0.08407725942004074,1.534198128631546,0.03973794536520181,0,nan,nan,1.5386215462522161,0.040750827309827375,0.5760932114238508,0.08965182008162023,TRACK,0
1.24,0,occlusion,2.1448,0.21255792708581672,0.52,0.1623252249948147,0.6345603234206526,0.024478610037402513,0.08586583782491397,1.5334056290296112,0.03952212765931673,0,nan,nan,1.5378496322386184,0.0406495092016641,0.5754368768368439,0.08942892024366103,TRACK,0
1.26,0,occlusion,2.1552,0.2158000562514665,0.52,0.1618865849226515,0.646013920998956,0.02546450696837735,0.0876496222043821,1.53262810941493,0.03929293935758338,0,nan,nan,1.5370943458882649,0.04054055407882107,0.5747975518480924,0.08918921897340636,TRACK,0
1.28,0,occlusion,2.1656,0.2190333462769832,0.52,0.16144131399860326,0.6573222280406615,0.02645822183629693,0.08944671102181978,1.5318651203826814,0.03905063376148732,1,1.5227215983857472,0.04252950821983019,1.5336242429748903,0.040842927669033635,0.5675942155012917,0.08985444087187401,TRACK,0
1.3,0,occlusion,2.176,0.22225766472725944,0.52,0.16098943046090472,0.6686181949333746,0.027471312180261383,0.09123800910139046,1.5312477255100796,0.0387735469445718,0,nan,nan,1.532965537836278,0.0407113199902418,0.5670652962541073,0.08956490397853197,TRACK,0
1.32,0,occlusion,2.1864,0.2254728795346623,0.52,0.1605309528186424,0.6799020681438976,0.028503696549270093,0.09302323592766726,1.5306424234503964,0.03848398089567162,0,nan,nan,1.5323207749720662,0.04057333696083543,0.5665501127802676,0.08926134131383795,TRACK,0
1.34,0,occlusion,2.1968,0.22867885900444274,0.52,0.1600658998509965,0.6912892461046438,0.029566034711999378,0.0948127259699807,1.5300488329897433,0.038182150938301795,1,1.5449298424750393,0.04170900245752318,1.5341649734951002,0.04067022823439892,0.5718312344601636,0.08947450211567763,TRACK,0
1.36,0,occlusion,2.2072000000000003,0.23187547182012994,0.52,0.15959429060647148,0.7026635441779239,0.030647706073725772,0.09659543596577125,1.5293510133774382,0.03786065806054584,0,nan,nan,1.5334914532566426,0.040516136267963354,0.5712807313278678,0.08913549978951939,TRACK,0
1.3800000000000001,0,occlusion,2.2176,0.23506258704890992,0.52,0.1591161444021161,0.714025214489502,0.03174861778692743,0.09837112703722273,1.5286654011728178,0.03752746480766289,0,nan,nan,1.532832157674638,0.04035661526025791,0.5707441608752126,0.08878455357256741,TRACK,0
1.4000000000000001,0,occlusion,2.228,0.23824007414698845,0.52,0.158631480822732,0.7252128910582736,0.03285272587962395,0.1001303100180242,1.5279916140840752,0.03718275152197936,1,1.512440052385206,0.039003166837306084,1.5286524891679762,0.039981431381853394,0.5621013291387071,0.08795914904007747,TRACK,0
1.42,0,occlusion,2.2384,0.24140780296493816,0.52,0.1581403197200717,0.7363902512543,0.033975673853800265,0.10188219221787209,1.5274915537722236,0.03683184933032191,0,nan,nan,1.5281007582158086,0.039815504542001,0.5616813890107605,0.0875941099924022,TRACK,0
1.44,0,occlusion,2.2488,0.24456564375302972,0.52,0.1576426812120252,0.7475574853908729,0.03511736914342966,0.1036265661757021,1.5270007804592602,0.036469602166351756,0,nan,nan,1.5275604647245333,0.03964486267795486,0.5612721852973823,0.0872186978915007,TRACK,0
1.46,0,occlusion,2.2592,0.24771346716654585,0.52,0.15713858568179634,0.7587147780851254,0.036277717503144555,0.10536323503644418,1.5265189788759455,0.03609617049930591,0,nan,nan,1.527031342228043,0.03946974683504889,0.5608734005573697,0.08683344303710756,TRACK,0
1.48,0,occlusion,2.2696,0.2508511442710797,0.52,0.15662805377706743,0.7698355964043615,0.037453798173595954,0.10705869878942975,1.5260458411449158,0.03571170654362321,1,1.5229726999086572,0.03498013474853919,1.5258879883936216,0.03853326711330585,0.559141676663582,0.08477318764927287,TRACK,0
1.5,0,occlusion,2.2800000000000002,0.2539785465478156,0.52,0.15611110640915402,0.7809469988771547,0.03864793618402474,0.10874680986039076,1.5256079091778105,0.03534901582740213,0,nan,nan,1.525391653508781,0.03836616070365961,0.558769251346981,0.08440555354805115,TRACK,0
1.52,0,occlusion,2.2904,0.2570955458987937,0.52,0.15558776475214794,0.7920491538049259,0.03986004195410782,0.11042738018956744,1.525177930862121,0.03497508860083842,0,nan,nan,1.5249055544837207,0.03819478020855849,0.5584063136241042,0.08402851645882868,TRACK,0
1.54,0,occlusion,2.3008,0.26020201465215625,0.52,0.15505805024205033,0.8030201963287721,0.041076494018106355,0.11210856294251315,1.5247556200345092,0.03459007028013783,1,1.5079933299321147,0.039157782077044796,1.521670795702705,0.03820869893058099,0.5519137833123213,0.08405913764727818,TRACK,0
1.56,0,occlusion,2.3112,0.2632978255673775,0.52,0.15452198457589347,0.8139838158556812,0.0423107849778101,0.11378165370762305,1.5244633942464196,0.034182879187692805,0,nan,nan,1.5212684848788893,0.0380247901161308,0.5516439687516539,0.08365453825548777,TRACK,0
1.58,0,occlusion,2.3216,0.26638285184047517,0.52,0.1539795897108521,0.8249401312224856,0.043562820388463305,0.11544650062944983,1.5241767777531527,0.0337649748959894,0,nan,nan,1.5208742296363955,0.03783743004152251,0.5513810821165398,0.08324234609134953,TRACK,0
1.6,0,occlusion,2.332,0.2694569671092044,0.52,0.15343088786334405,0.8357693697652877,0.04481860202111949,0.11709426058020345,1.5238955389403797,0.03333647774804227,1,1.5032595187844036,0.03640132140580737,1.5177263310155458,0.03744908978985295,0.5450903478457236,0.0823879975376765,TRACK,0
1.62,0,occlusion,2.3424,0.2725200454582336,0.52,0.15287590150812025,0.8465929599379179,0.04609180663256633,0.11873368085314784,1.5237400707813624,0.032903464730723364,0,nan,nan,1.517410223881533,0.03725955165782313,0.5449108968621987,0.08197101364721089,TRACK,0
1.6400000000000001,0,occlusion,2.3528000000000002,0.2755719614243019,0.52,0.1523146533773443,0.8574109785202221,0.04738234001764578,0.12036463038183509,1.5235881297042906,0.03245993127158364,0,nan,nan,1.5171002210288222,0.037067034742887195,0.5447361803320058,0.08154747643435184,TRACK,0
1.6600000000000001,0,occlusion,2.3632,0.27861259000135785,0.52,0.15174716645966108,0.8682234997847611,0.048690106737676826,0.12198698597868818,1.5234395313620286,0.032005983985803343,0,nan,nan,1.5167961848161309,0.036871718110293994,0.5445660425745635,0.08111777984264679,TRACK,0
1.68,0,occlusion,2.3736,0.2816418066456802,0.52,0.15117346399925546,0.8790501823343256,0.05001741144706042,0.12354526958108858,1.5232940956658076,0.03154172310895209,1,1.5191589793370788,0.028724874128461204,1.5169121891965938,0.03541553641818629,0.545387002092542,0.07791418012000983,TRACK,0
1.7,0,occlusion,2.384,0.28465948728097873,0.52,0.15059356949489994,0.8898710694460772,0.05136112438690033,0.12509604784646733,1.523131923847569,0.03112302851439841,0,nan,nan,1.5166055961677438,0.03524496057678528,0.5451998769945863,0.07753891326892762,TRACK,0
1.72,0,occlusion,2.3944,0.28766550830347637,0.52,0.15000750669899243,0.900686244245549,0.05272116184182698,0.12663917872418873,1.5229731004623568,0.030693283574575236,0,nan,nan,1.5163050292187623,0.03507115631184776,0.545017678203959,0.07715654388606508,TRACK,0
1.74,0,occlusion,2.4048,0.29065974658697247,0.52,0.14941529961658306,0.9115402837549278,0.054103104025921514,0.12815377172478382,1.5228174415734417,0.030252601620224695,1,1.5228690883963367,0.031782902919748925,1.5170453293391104,0.03442256819534606,0.5470830327092417,0.07572965002976134,TRACK,0
1.76,0,occlusion,2.4152,0.2936420794878855,0.52,0.14881697250439113,0.9223881436843661,0.05550095908873763,0.12966096255684034,1.522619933871739,0.02982276898885239,0,nan,nan,1.5167310070572917,0.03425433709219172,0.546877645880122,0.0753595416028218,TRACK,0
1.78,0,occlusion,2.4256,0.29661238485027674,0.52,0.14821254986981153,0.93322991599166,0.056914644894297005,0.13116061659012201,1.5224258946170934,0.029381854901951776,0,nan,nan,1.5164229380947112,0.034083046210950485,0.5466775427984214,0.07498270166409107,TRACK,0
1.8,0,occlusion,2.436,0.2995705410108539,0.52,0.14760205646991081,0.9441948789878019,0.05836112035446294,0.13262650127344067,1.5222351360123578,0.028929964935297203,1,1.5373099131450594,0.02985112018766791,1.5191810719863774,0.03331556098451749,0.5529979764059291,0.07329423416593848,TRACK,0
1.82,0,occlusion,2.4464,0.3025164268039542,0.52,0.14698551731041337,0.9551522167508771,0.05982293479537244,0.1340852543789599,1.521917224839353,0.028495868847763894,0,nan,nan,1.518812849329981,0.03315347967089366,0.5527208886810928,0.07293765527596606,TRACK,0
1.84,0,occlusion,2.4568000000000003,0.3054499215665073,0.52,0.1463629576446769,0.9661020550530033,0.061300009314103295,0.135536742389061,1.5216039831596369,0.02805054020821096,0,nan,nan,1.5184521778930442,0.03298836386593473,0.5524506945796015,0.07257440050505642,TRACK,0
1.86,0,occlusion,2.4672,0.30837090514297816,0.52,0.1457344029726583,0.977044516210388,0.06279226373843037,0.13698083945683814,1.5212951941979505,0.027594079655361092,0,nan,nan,1.5180988851049448,0.03282038790402231,0.5521871952694081,0.07220485338884908,TRACK,0
1.8800000000000001,0,occlusion,2.4776000000000002,0.31127925789028754,0.52,0.14509987903986907,0.9879700275547477,0.06429828076719109,0.13839254694473624,1.5209906463202534,0.02712658169640081,1,1.5160345878141113,0.02874941369712371,1.5175020269867288,0.032084261088598076,0.551441033626102,0.07058537439491577,TRACK,0
1.9000000000000001,0,occlusion,2.488,0.3141748606827138,0.52,0.14445941183632077,0.9988884508558229,0.06581903031257483,0.13979725236090967,1.5206999123510145,0.026672834442731386,0,nan,nan,1.517166930222128,0.031925123094849184,0.5511910888277453,0.0702352708086682,TRACK,0
1.92,0,occlusion,2.4984,0.3170575949167711,0.52,0.14381302759546052,1.009799899913554,0.0673544362514289,0.14119483187563153,1.5204130038779422,0.026207780255701696,0,nan,nan,1.5168386836062395,0.03176317078913149,0.5509473476125633,0.06987897573608928,TRACK,0
1.94,0,occlusion,2.5088,0.31992734251606847,0.52,0.14316075279309645,1.0208051554325035,0.06891873054328032,0.14253943336064356,1.5201297224375758,0.02573151163063514,1,1.5339352386480192,0.02418850096745032,1.5189315434169326,0.03055912465936883,0.5557937244807782,0.06723007425061144,TRACK,0
1.96,0,occlusion,2.5192,0.3227839859361455,0.52,0.14250261414631327,1.0318022422664652,0.07049695207494391,0.1438778420333766,1.5197482285306791,0.02529163260573908,0,nan,nan,1.518557889491573,0.030418378925750833,0.5554878532351137,0.06692043363665184,TRACK,0
1.98,0,occlusion,2.5296000000000003,0.3256274081692869,0.52,0.14183863861237794,1.0427913018115105,0.07208903525549167,0.145209917819896,1.5193714729119119,0.024839882665292468,0,nan,nan,1.5181920692752726,0.030274449693624472,0.5551895139011849,0.06660378932597384,TRACK,0
2.0,0,occlusion,2.54,0.3284574927493157,0.52,0.1411688533876355,1.0538077983929373,0.07370007921661748,0.14648506157522467,1.518999233682833,0.024376363604711848,1,1.5240510422953921,0.021648272731994867,1.518665536506747,0.0289805398938352,0.5566836165481845,0.06375718776643745,TRACK,0
2.02,0,occlusion,2.5504,0.331274123756363,0.52,0.1404932859063951,1.0648159650468414,0.07532424488628804,0.14775489938745157,1.518595603289973,0.023952230885094128,0,nan,nan,1.518292375044526,0.028859950277881907,0.5563668915442908,0.0634918906113402,TRACK,0
2.04,0,occlusion,2.5608,0.3340771858216168,0.52,0.13981196383980635,1.0758159498745135,0.07696147834089787,0.14901927278249305,1.5181967320730916,0.023515597549459866,0,nan,nan,1.5179271350589865,0.02873575897821512,0.5560579996590059,0.06321866975207327,TRACK,0
2.06,0,occlusion,2.5712,0.3368665641320465,0.52,0.1391249150947258,1.0868078970754385,0.07861172396926325,0.1502780315529102,1.5178023952378679,0.023066578014788064,0,nan,nan,1.5175696323325798,0.028608153873113995,0.5557567226355936,0.06293793852085079,TRACK,0
2.08,0,occlusion,2.5816,0.33964214443510676,0.52,0.13843216781257403,1.097684559446318,0.0802586639688524,0.151489411460775,1.5174123735406297,0.022605280136124062,1,1.4976483697384482,0.021448716565349198,1.5145515448858047,0.027531361542382893,0.5500322619909555,0.06056899539324237,TRACK,0
2.1,0,occlusion,2.592,0.3424038130434163,0.52,0.13773375036818286,1.1085547745783666,0.08191810008168253,0.1526959650108095,1.517135035209612,0.02217175346329947,0,nan,nan,1.5142676373880297,0.027421671591696395,0.5498074781902764,0.060327677501732076,TRACK,0
2.12,0,occlusion,2.6024000000000003,0.34515145683941506,0.52,0.13702969136863316,1.119418649033833,0.08358998403240005,0.1538975318392306,1.5168603619400685,0.021725380685944096,0,nan,nan,1.5139896742601717,0.02730833700957458,0.54958840082557,0.06007834142106408,TRACK,0
2.14,0,occlusion,2.6128,0.34788496327999724,0.52,0.1363200196520831,1.1302722085279404,0.08527363318698668,0.15505634463764384,1.5165881759624207,0.02126627956043503,1,1.51281437389592,0.02066320877896218,1.5135955164714714,0.026336654509389934,0.5491685264285278,0.05794063992065786,TRACK,0
2.16,0,occlusion,2.6232,0.3506042204011212,0.52,0.13560476428658697,1.1411196149465204,0.08696920276546043,0.1562108490759977,1.5163224297823465,0.020832116568788805,0,nan,nan,1.513329558650527,0.026238737235309895,0.5489562418929607,0.05772522191768177,TRACK,0
2.18,0,occlusion,2.6336000000000004,0.35330911682239563,0.52,0.13488395456890456,1.1519609697838828,0.08867665094203392,0.15736087773311658,1.5160589202234982,0.020384737018343202,0,nan,nan,1.5130691940477954,0.0261370149345157,0.5487493826540669,0.057501432855934544,TRACK,0
2.2,0,occlusion,2.644,0.355999541751641,0.52,0.13415762002330114,1.1627194656943116,0.09038373111099574,0.1584893765822324,1.515797478438019,0.019924263476701842,1,1.497821936169091,0.023003684210265364,1.5108957531492915,0.025647701116263466,0.5446543788449114,0.05642494245577963,TRACK,0
2.22,0,occlusion,2.6544,0.3586753849894285,0.52,0.13342579040033814,1.1734730851377277,0.09210248073273605,0.15961352786430094,1.515615791672589,0.019466648670041664,0,nan,nan,1.5106892765233468,0.025548892774288845,0.544505352122571,0.05620756410343546,TRACK,0
2.24,0,occlusion,2.6648,0.3613365369335933,0.52,0.13268849567565458,1.1842219003961643,0.09383285670364461,0.1607331749487857,1.5154349025975973,0.018995852185692552,0,nan,nan,1.5104870479690493,0.025446524647384727,0.5443602448303336,0.055982354224246404,TRACK,0
2.2600000000000002,0,occlusion,2.6752000000000002,0.36398288858372374,0.52,0.13194576604873934,1.1949659817276672,0.09557481415506809,0.1618481692500331,1.515254676027457,0.018511989369592197,0,nan,nan,1.5102889671533226,0.02534077957380232,0.5442189343924929,0.055749715062365104,TRACK,0
2.2800000000000002,0,occlusion,2.6856,0.3666143315456262,0.52,0.13119763194169404,1.2056947268227418,0.0973265642837861,0.16288884270843562,1.5150749804607124,0.018015169035137113,1,1.5078405371315977,0.012874883713541068,1.5097934157475572,0.023651669509149986,0.5435407064529506,0.052033672920129975,TRACK,0
2.3000000000000003,0,occlusion,2.696,0.3692307580357649,0.52,0.13044412399798716,1.216418909947317,0.09908902940097006,0.16392641363061333,1.514906498051895,0.01757488806334795,0,nan,nan,1.5096064394833468,0.023581157322221102,0.5434022151655157,0.05187854610888643,TRACK,0
2.32,0,occlusion,2.7064,0.37183206088567644,0.52,0.12968527308119873,1.2271385997852098,0.10086218086877918,0.16496069740973152,1.5147383965352066,0.01712052134296993,0,nan,nan,1.5094233698574766,0.023506449525411366,0.5432674671568655,0.05171418895590501,TRACK,0
2.34,0,occlusion,2.7168,0.37441813354636005,0.52,0.12892111027375616,1.237877839784003,0.10264997942776909,0.16596309982565316,1.5145705485500596,0.01665220513786858,1,1.5139740310327485,0.018246986886797427,1.5098299596589415,0.022781873089130045,0.544351677317167,0.050120120796086104,TRACK,0
2.36,0,occlusion,2.7272,0.3769888700926409,0.52,0.12815166687566124,1.2486123649375012,0.1044480534584936,0.1669626210417996,1.5143785272651207,0.016198763091209933,0,nan,nan,1.5096394709366228,0.02271639127605507,0.5442037773000382,0.04997606080732116,TRACK,0
2.38,0,occlusion,2.7376,0.3795441652275096,0.52,0.12737697440320797,1.2593422482457928,0.10625637746823888,0.16795907813765876,1.5141869263995924,0.015731074296851943,0,nan,nan,1.5094530013732854,0.02264675217862111,0.5440598118170878,0.04982285479296645,TRACK,0
2.4,0,occlusion,2.748,0.3820839142864347,0.52,0.12659706458769168,1.270035620845055,0.10806950824890171,0.16890549823536283,1.513995618198773,0.015249272267853442,1,1.5025760893047373,0.01380779372096605,1.5084487820409107,0.021509547675097274,0.5422998727052181,0.047321004885214006,TRACK,0
2.42,0,occlusion,2.7584,0.38460801324164967,0.52,0.12581196937410943,1.2807248604891328,0.10989234728853813,0.1698497499810765,1.5138368703003997,0.014799945194153175,0,nan,nan,1.5082865971582413,0.02146026694803771,0.5421775224337204,0.047212587285682964,TRACK,0
2.44,0,occlusion,2.7687999999999997,0.38711635870641437,0.52,0.12502172091985136,1.291410028766813,0.11172487660911815,0.1707916362425963,1.5136778961644728,0.014335853961538803,0,nan,nan,1.5081278385884667,0.021406505943636578,0.5420585411953486,0.047094313076000476,TRACK,0
2.46,0,occlusion,2.7792000000000003,0.38960884793924905,0.52,0.12422635159338373,1.30209118551321,0.11356707596194886,0.17173096909227503,1.5135185826491373,0.013857143129078153,0,nan,nan,1.507972422128366,0.021348473856335204,0.5419428196236916,0.046966642483937455,TRACK,0
2.48,0,occlusion,2.7896,0.3920853788481434,0.52,0.1234258939729229,1.3126951572792183,0.11540622169419598,0.17260840876560213,1.5133588200484713,0.013363949807270181,1,1.4927782080877745,0.01028337734929031,1.5059560907417682,0.019941810757436507,0.5381140079916684,0.04387198366636032,TRACK,0
2.5,0,occlusion,2.8,0.3945458499947376,0.52,0.1226203808451011,1.3232961458414882,0.11725443301749956,0.17348451341351767,1.5132728198406438,0.012914887200500935,0,nan,nan,1.5058471683229246,0.019911469270811555,0.5380447090924811,0.043805232395785425,TRACK,0
2.52,0,occlusion,2.8104,0.39699016059847736,0.52,0.12180984520362344,1.3338941885667948,0.11911169943520392,0.17435907041814103,1.5131853654917362,0.012450460255612139,0,nan,nan,1.5057405121704273,0.019876295559625667,0.5379775742392906,0.04372785023117647,TRACK,0
2.54,0,occlusion,2.8208,0.3994182105407423,0.52,0.12099432024791645,1.344561187853672,0.12099066710353476,0.1752017856534578,1.5130963724237787,0.011970826333520979,1,1.5207071746164142,0.014152236574719848,1.5074309123019372,0.019152618984474845,0.5415611537141365,0.04213576176584466,TRACK,0
2.56,0,occlusion,2.8312,0.401829900368946,0.52,0.12017383938176834,1.3552243383890232,0.12287822301792023,0.17604335432034102,1.5129327918717832,0.01150682172477513,0,nan,nan,1.507286006991902,0.019126560610982946,0.5414463192909622,0.04207843334416248,TRACK,0
2.58,0,occlusion,2.8416,0.4042251313006104,0.52,0.11934843621196063,1.3658836981384075,0.12477436095610957,0.1768835659967274,1.5127685514412632,0.011027304086371537,0,nan,nan,1.5071442175172942,0.01909571991786896,0.5413346685448759,0.04201058381931171,TRACK,0
2.6,0,occlusion,2.8520000000000003,0.4066038052274115,0.52,0.11851814454689179,1.3765630559670785,0.12668331448556003,0.17770226691999902,1.5126035496180246,0.010532426401529627,1,1.5120425804371838,0.015203893630900595,1.507594872778221,0.018606839165265843,0.5424315330306588,0.04093504616358486,TRACK,0
2.62,0,occlusion,2.8624,0.4089658247191977,0.52,0.11768299839519232,1.3872384071564186,0.12860057232280156,0.1785197473611455,1.5124135809483115,0.010042459951820515,0,nan,nan,1.5074446684280114,0.018579100935150805,0.5423075710106906,0.040874022057331774,TRACK,0
2.64,0,occlusion,2.8728,0.41131109302798097,0.52,0.11684303196433182,1.3979098135298276,0.13052612805602837,0.17933580731382603,1.5122230274167074,0.009537024692038543,0,nan,nan,1.507297710491265,0.018546817106371627,0.5421869577650198,0.04080299763401758,TRACK,0
2.66,0,occlusion,2.8832000000000004,0.4136395140918991,0.52,0.1159982796592179,1.4085773352489903,0.1324599729383429,0.18015025583482291,1.5120317878197194,0.009016264131738172,0,nan,nan,1.5071539188540737,0.018510193659022622,0.5420695888390665,0.04072242604984977,TRACK,0
2.68,0,occlusion,2.8936,0.4159509925391509,0.52,0.11514877608078684,1.4192541192993342,0.13440447971943342,0.18090286492041585,1.5118397643330115,0.00848031447416453,1,1.5096883767855065,0.007002950412032719,1.5073207163037907,0.017104751945299146,0.5426205494620223,0.037630454279658124,TRACK,0
2.7,0,occlusion,2.904,0.41824543369190254,0.52,0.11429455602458645,1.4299269324540416,0.13635656332947252,0.1816551006462621,1.5116335592363637,0.007989427605410881,0,nan,nan,1.5071734810665056,0.01709626649650753,0.5424932512388501,0.03761178629231657,TRACK,0
2.72,0,occlusion,2.9144,0.4205227435701649,0.52,0.11343565447935083,1.4405958377183827,0.1383162273319198,0.1824067460670915,1.5114267121702902,0.007482435539410304,0,nan,nan,1.5070294773457285,0.017082850473391087,0.5423693910564468,0.03758227104146039,TRACK,0
2.74,0,occlusion,2.9248000000000003,0.42278282889564395,0.52,0.11257210662556716,1.4513012112580137,0.14029090910087133,0.18309253633723088,1.5112191246603826,0.00695949369819493,1,1.5155428258047037,0.0044135697941691575,1.5078825266757607,0.015586142503162925,0.5442986099368136,0.03428951350695844,TRACK,0
2.7600000000000002,0,occlusion,2.9352,0.4250255970955606,0.52,0.11170394783403481,1.4620022455668333,0.14227237978823,0.18377905679106554,1.5109697077629873,0.006486001856631507,0,nan,nan,1.5077193860335791,0.01560273758715125,0.544146950196807,0.03432602269173275,TRACK,0
2.7800000000000002,0,occlusion,2.9456,0.4272509563064431,0.52,0.11083121366441649,1.472699014219736,0.14426065692228318,0.18446606267116428,1.51072005548132,0.005995578201740681,0,nan,nan,1.5075598979075346,0.015613770002245175,0.5439993234727398,0.034350294004939386,TRACK,0
2.8000000000000003,0,occlusion,2.9560000000000004,0.4294588153778892,0.52,0.10995393986378177,1.483472303990241,0.14627081553649868,0.18510945165987636,1.5104700606113226,0.00548839810049806,1,1.5251873378179088,0.006959301001572236,1.5094243745122988,0.014622477016185353,0.5479610162538311,0.03216944943560778,TRACK,0
2.82,0,occlusion,2.9664,0.43164908387629997,0.52,0.10907216236514293,1.4942403969473859,0.1482871746252339,0.18575402764521698,1.510137512822404,0.005008803876832335,0,nan,nan,1.5092238736138834,0.014649454212289026,0.5477625624037241,0.03222879926703586,TRACK,0
2.84,0,occlusion,2.9768,0.4338216720885841,0.52,0.10818591728598295,1.5050033873914832,0.15030975994236687,0.18639953888332172,1.509805592069778,0.004511912167575627,0,nan,nan,1.5090279094691395,0.01467070995692854,0.5475692071894,0.03227556190524279,TRACK,0
2.86,0,occlusion,2.9872,0.43597649102583197,0.52,0.10729524092677639,1.5157613672585342,0.15233859417500062,0.18704574419181386,1.5094741732391697,0.003997901091036038,0,nan,nan,1.5088363705930954,0.014686484283910506,0.5473808070333251,0.032310265424603114,TRACK,0
2.88,0,occlusion,2.9976000000000003,0.4381134524269613,0.52,0.10640016976950244,1.5264865010073192,0.15436841200577067,0.1876504223226103,1.5091431353897569,0.003466940388046069,1,1.5025539674731512,0.006487500507864844,1.507932842422172,0.013742684790825521,0.5457761774652623,0.030233906539816148,TRACK,0
2.9,0,occlusion,3.008,0.4402324687623319,0.52,0.10550074047615053,1.5372071709040487,0.156404100536689,0.18825645649596545,1.5088407824031185,0.0029611147981341013,0,nan,nan,1.507764856783052,0.013773503939892517,0.5456115624451956,0.030301708667763542,TRACK,0
2.92,0,occlusion,3.0183999999999997,0.4423334532373308,0.52,0.10459698988721874,1.5479234551563203,0.1584456856756088,0.1888635992674419,1.5085382963985619,0.002437854303332543,0,nan,nan,1.5076006750760074,0.013798699351734278,0.5454512307597846,0.030357138573815414,TRACK,0
2.94,0,occlusion,3.0288,0.44441631979592777,0.52,0.10368895502020489,1.5586783510202706,0.16050139434402438,0.18943132980168587,1.5082355733264388,0.00189733364024125,1,1.5168674844482255,0.005838520296648476,1.508510964347346,0.012902966687363016,0.5474799612173298,0.028386526712198636,TRACK,0
2.96,0,occlusion,3.0392,0.4464809831241997,0.52,0.10277667306809014,1.569428450849021,0.16256251311723924,0.1900007702923645,1.5078888149649945,0.0013800595038349073,0,nan,nan,1.5083281748071617,0.012941829333605437,0.5472952971783083,0.028472024533931963,TRACK,0
2.98,0,occlusion,3.0496,0.44852735865382537,0.52,0.10186018139781575,1.580173841314153,0.16462907344920077,0.1905716691558368,1.507542273967391,0.000845060990338542,0,nan,nan,1.5081495473680377,0.012974974169824627,0.5471153622724083,0.028544943173614182,TRACK,0
3.0,0,occlusion,3.06,0.45055536256554907,0.52,0.10093951754875237,1.5909259668984712,0.16670329520102725,0.1910989232066993,1.5071958408709716,0.0002925144384184897,1,1.510467131722814,0.003966112968213464,1.508249595893981,0.01198304661051619,0.5475184938810269,0.02636270254313562,TRACK,0
3.02,0,occlusion,3.0704000000000002,0.4525649117926143,0.52,0.10001471923116254,1.6016734121349996,0.16878249217229455,0.1916283503471239,1.506837840798425,-0.0002325477810245502,0,nan,nan,1.5080712861438579,0.012032435009651454,0.5473359095598924,0.0264713570212332,TRACK,0
3.04,0,occlusion,3.0808,0.4545559240241655,0.52,0.09908582432465603,1.6124162619458287,0.17086670114142455,0.19215969115097442,1.5064799757320224,-0.0007756954002782201,0,nan,nan,1.5078970550572766,0.012075927360235994,0.5471579961149962,0.026567040192519188,TRACK,0
3.06,0,occlusion,3.0912,0.4565283177086202,0.52,0.09815287087663838,1.6231545991939293,0.17295595572085373,0.19269269680576162,1.5061221408349497,-0.0013367467777407605,0,nan,nan,1.5077268021886747,0.01211376488152327,0.546984623987761,0.026650282739351196,TRACK,0
3.08,0,occlusion,3.1016000000000004,0.45848201205700867,0.52,0.09721589710075236,1.6339027161057573,0.1750530593160088,0.19314737667482484,1.5057642352013483,-0.0019155286611369782,1,1.5106866069679328,-0.0036316427203346656,1.5078998303394195,0.010333633387802355,0.5475396347277895,0.022733993453165183,TRACK,0
3.1,0,occlusion,3.112,0.46041692704628373,0.52,0.09627494137531285,1.6446463272612974,0.17715435509578803,0.19360536284239194,1.5053916824738736,-0.0024321428517102284,0,nan,nan,1.507727166293606,0.010408776535617115,0.5473587137690552,0.022899308378357654,TRACK,0
3.12,0,occlusion,3.1224,0.4623329834225977,0.52,0.09533004224173482,1.6553855151041197,0.17925989274367463,0.19406636869718863,1.5050191916872968,-0.002967699767194798,0,nan,nan,1.507558488197642,0.010477405790830563,0.547182429154315,0.02305029273982724,TRACK,0
3.14,0,occlusion,3.1328,0.4642301027045495,0.52,0.09438123840295462,1.6660953819161777,0.1813648092414658,0.19447221311959995,1.5046466630891469,-0.0035219976600058267,1,1.5018244441617699,-0.0011152878957942393,1.5067525105950879,0.009223736872984833,0.5457378505168319,0.020292221120566636,TRACK,0
3.16,0,occlusion,3.1432,0.46610820718639856,0.52,0.0934285687218449,1.6768013469263727,0.18347347203253536,0.1948820710129917,1.5042994567032795,-0.004036876401650069,0,nan,nan,1.5066047476881377,0.009314952122536635,0.5455825912865159,0.020492894669580597,TRACK,0
3.18,0,occlusion,3.1536,0.46796721994124774,0.52,0.09247207221962257,1.6875034796084174,0.18558593688766686,0.19529563980581743,1.5039517792533195,-0.004571220889703742,0,nan,nan,1.506460417767411,0.009399290746038957,0.5454313698996714,0.02067843964128571,TRACK,0
3.2,0,occlusion,3.164,0.46980706482419465,0.52,0.09151178807425064,1.698181528051981,0.18769823636215693,0.1956343227040298,1.503603546249464,-0.005124816806919341,1,1.5017856754588275,-0.006491004432310257,1.5057937520306426,0.007697338595734848,0.5442483983279611,0.016934144910616667,TRACK,0
3.22,0,occlusion,3.1744000000000003,0.47162766647545,0.52,0.09054775561883345,1.7088562022737206,0.18981362541318067,0.19597821817295102,1.5032753900084324,-0.00561908032739078,0,nan,nan,1.5056662659550848,0.007815806111849621,0.544112903213711,0.017194773446069168,TRACK,0
3.24,0,occlusion,3.1848,0.4734289503234248,0.52,0.08958001434000556,1.7195275606476363,0.1919321715757068,0.19632699186961577,1.5029463551872422,-0.0061336891118299874,0,nan,nan,1.505541773287931,0.007926674924198185,0.5439809909070746,0.017438684833236007,TRACK,0
3.2600000000000002,0,occlusion,3.1952000000000003,0.47521084258778445,0.52,0.0886086038763145,1.7301956602066317,0.19405393844296825,0.1966803224343976,1.5026163694418229,-0.006668404096656477,0,nan,nan,1.5054201981825956,0.00803024010867448,0.5438525600740651,0.017666528239083858,TRACK,0
3.2800000000000002,0,occlusion,3.2056000000000004,0.47697327028247083,0.52,0.08763356401659704,1.7409152994004133,0.19618989365031678,0.19694440279166203,1.5022853637740123,-0.007222996452025843,1,1.5175741244243275,-0.010492950786095754,1.5066656782401469,0.006001826301468061,0.5465184559844658,0.013204017863229734,TRACK,0
3.3000000000000003,0,occlusion,3.216,0.4787161612186921,0.52,0.0866549346983495,1.7516311568801775,0.1983280376834372,0.1972148977540935,1.5018974551576716,-0.007704025476793941,0,nan,nan,1.5065163915300943,0.006147612782530398,0.5463544212161734,0.013524748121566878,TRACK,0
3.3200000000000003,0,occlusion,3.2264,0.4804394440078791,0.52,0.08567275600609195,1.7623433012031753,0.20046845393115406,0.19749144371157756,1.5015092361405353,-0.008206312578539432,0,nan,nan,1.5063706192693858,0.006285135397366304,0.5461946029352153,0.01382729787420587,TRACK,0
3.34,0,occlusion,3.2367999999999997,0.4821430480646097,0.52,0.08468706816972628,1.7730034936310892,0.20260155546315897,0.197710483533299,1.5011206259348635,-0.008729597997282124,1,1.4954782791502712,-0.006420401120859722,1.505005093234704,0.004978177766393976,0.5435757186123962,0.010951991086066749,TRACK,0
3.36,0,occlusion,3.2472000000000003,0.4838269036095001,0.52,0.08369791156288847,1.7836608054884464,0.20473650854410888,0.1979365618617832,1.5007808087226908,-0.009210130316844367,0,nan,nan,1.5048930554297018,0.005138143829186426,0.5434526674026482,0.011303916424210138,TRACK,0
3.38,0,occlusion,3.2576,0.48549094167206236,0.52,0.08270532670129485,1.7943152851084772,0.2068733997761013,0.19816930145841516,1.5004398691178418,-0.009712365500201159,0,nan,nan,1.50478368141775,0.005289536287093277,0.543332863240889,0.01163697983160521,TRACK,0
3.4,0,occlusion,3.268,0.4871350940935303,0.52,0.08170935424108254,1.8049542937163006,0.2090097639417773,0.19831973415369708,1.5000977488839133,-0.010236032274264506,1,1.501948584719008,-0.012742551397904792,1.504349634827629,0.0034189248927734006,0.5425692490496591,0.007521634764101482,TRACK,0
3.42,0,occlusion,3.2784,0.4887592935296504,0.52,0.08071003497714434,1.8155908356305026,0.21114729743695332,0.19847845528828234,1.4997673315119602,-0.010692174419782319,0,nan,nan,1.5042514842768493,0.003607298513296442,0.5424598449092217,0.007936056729252173,TRACK,0
3.44,0,occlusion,3.2888,0.49036347345344095,0.52,0.07970740984145751,1.8262249499689518,0.21328609916296062,0.19864505411092281,1.499435532102512,-0.011170930077684105,0,nan,nan,1.504155687923395,0.003786336878193186,0.5423533455838109,0.00832994113202501,TRACK,0
3.46,0,occlusion,3.2992,0.49194756815791657,0.52,0.07870151990140749,1.8368566751359636,0.21542626330769907,0.19881913526273376,1.4991023021516563,-0.011672001960075118,0,nan,nan,1.5040621859190917,0.003956389813883465,0.5422496717225735,0.008704057590543624,TRACK,0
3.48,0,occlusion,3.3096,0.4935115127587795,0.52,0.07769240635810555,1.8474175541186837,0.21755407914372765,0.1989045675770389,1.4987675960247628,-0.012195104864607398,1,1.4890257397625113,-0.015182128739839647,1.5022427325473067,0.0019416435069317117,0.5386551891509823,0.004271615715249766,TRACK,0
3.5,0,occlusion,3.3200000000000003,0.49505524319707783,0.52,0.07668011054470132,1.8579771423534808,0.21968257368645389,0.19899927086019353,1.498501236558971,-0.012643629020149483,0,nan,nan,1.5021920994278612,0.0021523473444284846,0.5385986277063892,0.004735164157742666,TRACK,0
3.52,0,occlusion,3.3304,0.4965786962418283,0.52,0.07566467392468985,1.8685354522108906,0.2218118510999325,0.19910281102674476,1.4982324700813765,-0.013115458657527945,0,nan,nan,1.502142726987401,0.0023531856034373355,0.5385437060922407,0.005177008327562138,TRACK,0
3.54,0,occlusion,3.3407999999999998,0.4980818094926074,0.52,0.07464613809021312,1.8791093145023459,0.22394540431755977,0.199142398864542,1.497961277399039,-0.013610276871695248,1,1.506004458622333,-0.012161476060965813,1.5025147466104305,0.0008997235862984176,0.5393482480992833,0.001979391889856519,TRACK,0
3.56,0,occlusion,3.3512000000000004,0.4995645213821065,0.52,0.07362454476035647,1.8896818107262203,0.22607911748144446,0.199191909953222,1.4976704857946541,-0.014055568754296921,0,nan,nan,1.5024573229422238,0.0011252520154547696,0.539282876303278,0.002475554434000493,TRACK,0
3.58,0,occlusion,3.3616,0.5010267711786538,0.52,0.07259993577943988,1.900252955012803,0.2282131025129892,0.19925089600114276,1.497377496888678,-0.014524646834400912,0,nan,nan,1.5024013117172788,0.0013405919981974712,0.5392193052056882,0.002949302396034437,TRACK,0
3.6,0,occlusion,3.372,0.5024684989887023,0.52,0.07157235311530392,1.9109110934746028,0.23036530326972232,0.19924240778029967,1.49708229130018,-0.015017183965088776,1,1.5227299865275563,-0.014115846241099033,1.504564823176798,-0.00019291411007493764,0.5436632311647122,-0.00042441104216486283,TRACK,0
3.62,0,occlusion,3.3824,0.5038896457592822,0.52,0.07054183885759092,1.9215668798516772,0.23251693493272982,0.19924454852105855,1.4966947477564205,-0.015457279595362028,0,nan,nan,1.5044598056607914,4.8653199064663255e-05,0.5435423215516466,0.00010703703794225917,TRACK,0
3.64,0,occlusion,3.3928000000000003,0.5052901532804205,0.52,0.06950843521602078,1.9322203507024098,0.23466812277753332,0.19925685465994158,1.4963061593367606,-0.015921711385594062,0,nan,nan,1.5043572881050498,0.00027968497461206,0.5434244434855698,0.000615306944146532,TRACK,0
3.66,0,occlusion,3.4032,0.5066699641875252,0.52,0.06847218451866213,1.9428715421449,0.23681898677560229,0.1992788796012186,1.495916485094702,-0.016410143122125742,0,nan,nan,1.5042572099005418,0.000500566847208006,0.5433095229304525,0.0011012470638576133,TRACK,0
3.68,0,occlusion,3.4136,0.5080290219637341,0.52,0.06743312921019871,1.9535101168199864,0.2389675468582045,0.19922393456874943,1.4955256868177118,-0.016922251828809465,1,1.5020585812781744,-0.016667337785296298,1.5038994864423383,-0.001248750737934845,0.5426683645329338,-0.002747251623456659,TRACK,0
3.7,0,occlusion,3.4240000000000004,0.509367270942231,0.52,0.06639131185019063,1.9641467668723356,0.2411151099832947,0.19918013526216516,1.4951443098642647,-0.017371345407187544,0,nan,nan,1.5038094636535055,-0.000995438786005387,0.5425641706572331,-0.0021899653292118517,TRACK,0
3.72,0,occlusion,3.4344,0.5106846563085247,0.52,0.06534677511133136,1.974781519082692,0.2432618051515197,0.19914700981213596,1.4947616230785232,-0.01784514690886274,0,nan,nan,1.5037215834310869,-0.0007528511370256119,0.5424625671900373,-0.0016562725014563464,TRACK,0
3.74,0,occlusion,3.4448,0.5119811241026947,0.52,0.06429956177769966,1.9853759456657827,0.24539999508245114,0.19903917176411712,1.4943775984054406,-0.018343313581473453,1,1.4952233465581943,-0.017871867948787673,1.5026728647520582,-0.0024508647276975104,0.5404020050046873,-0.005391902400934523,TRACK,0
3.7600000000000002,0,occlusion,3.4552000000000005,0.5132566212216015,0.52,0.06324971474300725,1.9959691844972987,0.24753675643990422,0.19894335704255717,1.4940314330247964,-0.018780088363451686,0,nan,nan,1.5026108323221419,-0.002177607308176288,0.5403296633543351,-0.004790736077987834,TRACK,0
3.7800000000000002,0,occlusion,3.4656000000000002,0.5145110954210615,0.52,0.06219727700884193,2.0065612450341086,0.24967222397658118,0.19885907143754977,1.49368337727564,-0.019242187747537276,0,nan,nan,1.5025502854348793,-0.0019155819319882639,0.540259123050337,-0.0042142802503741805,TRACK,0
3.8000000000000003,0,occlusion,3.476,0.5157444953179869,0.52,0.06114229168290607,2.0170762683805386,0.25179123775605317,0.1986900185794327,1.4933334216351295,-0.01972925061993136,1,1.485633160976991,-0.021498027771262286,1.5005925727679486,-0.0038421104117514204,0.536320648897551,-0.008452642905853125,TRACK,0
3.8200000000000003,0,occlusion,3.4864,0.5169567703924903,0.52,0.060084801977251225,2.0275913069837093,0.25390840488520183,0.19853409675176836,1.493058936545542,-0.02014405684875875,0,nan,nan,1.500578289196479,-0.0035436779014639264,0.5363031639821843,-0.007796091383220639,TRACK,0
3.84,0,occlusion,3.4968,0.518147870989954,0.52,0.059024851206507876,2.038106341953979,0.2560238653459349,0.19839078150321177,1.492781524229839,-0.020584949852345602,0,nan,nan,1.500564374096666,-0.00325716473992399,0.5362861488676565,-0.007165762427832779,TRACK,0
3.86,0,occlusion,3.5072,0.5193177483230642,0.52,0.057962482786111304,2.048621355482639,0.25813775358187874,0.19825956732156236,1.4925012043292343,-0.021051542834641168,0,nan,nan,1.5005508195303199,-0.0029821404920324923,0.5362695986674387,-0.006560709082471483,TRACK,0
3.88,0,occlusion,3.5176,0.5204663544738088,0.52,0.056897740230523575,2.0590266175488092,0.2602281574465213,0.19805553315333047,1.492217997778468,-0.021543463835915766,1,1.4765633626477546,-0.019849971022282288,1.4977916322784843,-0.004637140187088384,0.5306582397904303,-0.010201708411594446,TRACK,0
3.9,0,occlusion,3.528,0.5215936423954407,0.52,0.05583066715145087,2.069433422405147,0.26231666230369544,0.19786488978769068,1.4920438046762152,-0.021974257992956936,0,nan,nan,1.4978418507982716,-0.0043328037645449236,0.5307151775112936,-0.009532168281998833,TRACK,0
3.92,0,occlusion,3.5384,0.522699565914404,0.52,0.05476130725605733,2.079841716333223,0.2644034018874975,0.19768711120043836,1.4918652963935717,-0.02243125782899469,0,nan,nan,1.4978909362573292,-0.004040422437550539,0.5307708182064824,-0.008888929362611188,TRACK,0
3.94,0,occlusion,3.5488,0.523784079732226,0.52,0.053689704345174755,2.090180787829298,0.26647435131468,0.1974414777459832,1.4916825316374909,-0.022914072242603112,1,1.4823542153550895,-0.020197320685199565,1.4961743861990235,-0.005582578510342273,0.5272220379756978,-0.012281672722753002,TRACK,0
3.96,0,occlusion,3.5592,0.5248471394273724,0.52,0.05261590231150851,2.100522333981193,0.26854315440611815,0.19720984405187503,1.4915676127362638,-0.023340972951086503,0,nan,nan,1.4962619403528639,-0.005264402138821289,0.5273222995543568,-0.011581684705406837,TRACK,0
3.98,0,occlusion,3.5696,0.5258887014570667,0.52,0.05153994513783986,2.1108662793009327,0.27060994566882574,0.1969916696086722,1.4914475918992987,-0.023794470667476197,0,nan,nan,1.496347483412173,-0.004958510072794464,0.5274202093714359,-0.010908722160147823,TRACK,0
4.0,0,occlusion,3.58,0.5269087231590738,0.52,0.05046187689522417,2.1211502533978726,0.27266242109624117,0.19670123036793496,1.4913225515085866,-0.024274160982183268,1,1.48261553538346,-0.02230571281198902,1.4948792179289612,-0.006600891834939393,0.5243395336198623,-0.014521962036866665,TRACK,0
4.0200000000000005,0,occlusion,3.5904000000000003,0.5279071627534474,0.52,0.04938174174118587,2.131437479000522,0.2747124388140061,0.19642548898976564,1.4912560799655004,-0.024693387605768002,0,nan,nan,1.4949968006477061,-0.0062668495038473715,0.5244749356331331,-0.013787068908464218,TRACK,0
4.04,0,occlusion,3.6008,0.5288839793442413,0.52,0.048299583917909984,2.141727862188238,0.27676013576519504,0.19616388760352121,1.4911838887720905,-0.025139667611444594,0,nan,nan,1.4951116588267699,-0.0059454860510079754,0.5246071124039785,-0.013080069312217547,TRACK,0
4.0600000000000005,0,occlusion,3.6112,0.5298391329211843,0.52,0.04721544775042952,2.1520213120177774,0.27880564368889493,0.19591588839506402,1.4911060802661062,-0.025612581220482156,0,nan,nan,1.4952238591672107,-0.005636345646756524,0.5247361528881979,-0.012399960422864354,TRACK,0
4.08,0,occlusion,3.6216,0.5307725843613199,0.52,0.04612937764481041,2.1622921684883383,0.2808440142545915,0.1955617351498553,1.491022756152089,-0.02611172449531196,1,1.4901829501847832,-0.029438292798594695,1.4947091580441256,-0.008048937391103905,0.5235586099042807,-0.017707662260428594,TRACK,0
4.1,0,occlusion,3.6319999999999997,0.5316842954306071,0.52,0.045041418086332365,2.1725665257187354,0.28287929783798615,0.19522331858129283,1.4909600788308093,-0.026517001196041612,0,nan,nan,1.49483115241781,-0.007691285649145563,0.5237002858569229,-0.01692082842812024,TRACK,0
4.12,0,occlusion,3.6424000000000003,0.5325742287854884,0.52,0.043951613637666656,2.1828442827755667,0.2849116404971013,0.19490005475313366,1.4908916797200968,-0.026950044214087754,0,nan,nan,1.4949502842132534,-0.007346905185437791,0.5238384932479351,-0.016163191407963143,TRACK,0
4.14,0,occlusion,3.6528,0.5334423479744178,0.52,0.04286000893705127,2.193110941115268,0.28693834008371444,0.19448282748677892,1.4908176693210922,-0.027410412574480958,1,1.4923198953948134,-0.029204507853152203,1.4947243460906776,-0.009482437871702665,0.5232393923399911,-0.020861363317745865,TRACK,0
4.16,0,occlusion,3.6632000000000002,0.5342886174393547,0.52,0.04176664869646203,2.203381260460107,0.28896131069881925,0.1940825157438728,1.4907528302037567,-0.027788850957083167,0,nan,nan,1.4948466330769326,-0.009097994156953337,0.5233829132541307,-0.020015587145297345,TRACK,0
4.18,0,occlusion,3.6736,0.5351130025172202,0.52,0.04067157769978166,2.21365513436627,0.2909807094817819,0.19369850320670157,1.4906823261444178,-0.028195880057716227,0,nan,nan,1.494966010600212,-0.008727557662978835,0.5235228182332778,-0.01920062685855344,TRACK,0
4.2,0,occlusion,3.684,0.5359154694413165,0.52,0.03957484080096491,2.2239809407538043,0.29300619781841236,0.19323469125246717,1.490606272807111,-0.028631032977894932,1,1.5065816716713567,-0.028028460352379995,1.4963152769645802,-0.010541180778055992,0.5261294530690074,-0.023190597711723184,TRACK,0
4.22,0,occlusion,3.6944,0.536695985342711,0.52,0.03847648292220196,2.234309719624093,0.295027294739353,0.19278851736927693,1.4904754014535446,-0.028999332319031623,0,nan,nan,1.496401615600793,-0.010140315527050081,0.5262330893129976,-0.02230869415951018,TRACK,0
4.24,0,occlusion,3.7048,0.5374545182515812,0.52,0.037376549052077906,2.2446413789000634,0.29704416948593354,0.19235934866957694,1.4903397677643384,-0.02939673733863124,0,nan,nan,1.4964858366284899,-0.009753834084094137,0.5263339413769068,-0.021458434985007102,TRACK,0
4.26,0,occlusion,3.7152,0.5381910370985253,0.52,0.036275084243730285,2.2549758298348106,0.2990569853452254,0.19194657469221355,1.490199473174887,-0.029822769577596553,0,nan,nan,1.496567998921597,-0.00938122675825781,0.5264321034238739,-0.020638698868167184,TRACK,0
4.28,0,occlusion,3.7256,0.5389055117158345,0.52,0.03517213361300363,2.265309165122885,0.30106515713363513,0.19143245769714134,1.4900546182862575,-0.030276968194895115,1,1.496393113108184,-0.03267746404006788,1.4965776205691177,-0.011684477160734286,0.5263330032107145,-0.02570584975361543,TRACK,0
4.3,0,occlusion,3.7359999999999998,0.5395979128387278,0.52,0.034067742336601675,2.275645486617893,0.30306839503033767,0.1909366671175956,1.4899091943255502,-0.030641659008536326,0,nan,nan,1.4966587788566816,-0.011267967716952487,0.5264325790615334,-0.024789528977295475,TRACK,0
4.32,0,occlusion,3.7464000000000004,0.5402682121065526,0.52,0.03296195565023654,2.28598470061339,0.3050668753967008,0.1904585554770324,1.4897592395601478,-0.031035904906370426,0,nan,nan,1.4967378971235668,-0.010866173649166644,0.5265293672232744,-0.02390558202816662,TRACK,0
4.34,0,occlusion,3.7568,0.5409163820639444,0.52,0.03185481884677643,2.2963442926381963,0.3070641570389598,0.1898977536629749,1.4896048585799209,-0.03145921564986898,1,1.5012671482370938,-0.030833516532101642,1.4972788823414598,-0.012745495774030502,0.5275184377795129,-0.028040090702867105,TRACK,0
4.36,0,occlusion,3.7672000000000003,0.5415423961619523,0.52,0.030746377274389922,2.3067066517998067,0.3090559455898128,0.18935602728447876,1.4894282649731783,-0.031811763402662674,0,nan,nan,1.497344776398983,-0.012311963147634941,0.5276023811202988,-0.027086318924796873,TRACK,0
4.38,0,occlusion,3.7776,0.5421462287591264,0.52,0.02963667633468899,2.317071687756101,0.3110424267967048,0.18883271074346286,1.489247569038649,-0.03219437940610925,0,nan,nan,1.497408940726485,-0.011893557750365158,0.5276838020078938,-0.02616582705080335,TRACK,0
4.4,0,occlusion,3.7880000000000003,0.542727855122568,0.52,0.028525761480868814,2.327382770621308,0.31301297418258445,0.18824008435813022,1.4890628722318024,-0.03260655952076741,1,1.485097031376805,-0.029523804789231015,1.4960795950137475,-0.013468781484832437,0.5248844797980906,-0.029631319266631363,TRACK,0
4.42,0,occlusion,3.7984,0.5432872514289425,0.52,0.027413678215846605,2.3376973383033226,0.3149778523294098,0.18766691613080244,1.4889318090128558,-0.03295944340963519,0,nan,nan,1.4961737808492084,-0.013026550621087374,0.5250025061814595,-0.028658411366392224,TRACK,0
4.44,0,occlusion,3.8088,0.5438243947654555,0.52,0.02630047209039738,2.348015283337551,0.31693724598927725,0.18711253274874018,1.4887960845045174,-0.03334259788640548,0,nan,nan,1.496265556394854,-0.012599622319594328,0.5251171613166082,-0.027719169103107524,TRACK,0
4.46,0,occlusion,3.8192,0.544339263130791,0.52,0.025186188701288397,2.3583365022318596,0.31889133372441986,0.18657628456043618,1.4886558191674795,-0.03375551069280336,0,nan,nan,1.4963549926006463,-0.012187458825086317,0.5252285653429059,-0.0268124094151899,TRACK,0
4.48,0,occlusion,3.8296,0.5448318354360125,0.52,0.024070873689411455,2.368623545309697,0.3208332374838338,0.18595878924862408,1.4885111320304691,-0.034197688118570824,1,1.4886652992434561,-0.031769373591765356,1.495534685363616,-0.014033984359367313,0.5234363511834772,-0.030874765590608092,TRACK,0
4.5,0,occlusion,3.84,0.5453020915054276,0.52,0.022954572737913615,2.3789144341813975,0.32276928696727375,0.1853608111922216,1.4884001269291713,-0.03456900042239486,0,nan,nan,1.495642112375845,-0.013590410372784412,0.5235711063743473,-0.02989890282012571,TRACK,0
4.5200000000000005,0,occlusion,3.8504000000000005,0.5457500120774132,0.52,0.021837331570325632,2.389209053060006,0.3246996650631867,0.18478168178270504,1.488284305562327,-0.03497053829819352,0,nan,nan,1.495746798817277,-0.013162032034463422,0.5237020561564152,-0.02895647047581953,TRACK,0
4.54,0,occlusion,3.8608000000000002,0.5461755788052055,0.52,0.020719195948689643,2.399401609955422,0.3266047954816852,0.18412357909153787,1.488163799950668,-0.0354017915900906,1,1.4727966416099316,-0.03272118579073051,1.493234919182297,-0.014956879344711016,0.5184538021313532,-0.03290513455836424,TRACK,0
4.5600000000000005,0,occlusion,3.8712000000000004,0.5465787742576507,0.52,0.019600211671684308,2.4095993271194227,0.32850394566825064,0.18348565195768973,1.4881461797405326,-0.03576246094246649,0,nan,nan,1.493396198631846,-0.014498343951094839,0.5186525975739614,-0.031896356692408645,TRACK,0
4.58,0,occlusion,3.8816,0.5469595819199193,0.52,0.01848042457274928,2.4198020574114762,0.3303972959289614,0.18286721384138627,1.4881225910424836,-0.03615372604778111,0,nan,nan,1.4935534595435214,-0.014055411734166245,0.5188460287554459,-0.030921905815165743,TRACK,0
4.6000000000000005,0,occlusion,3.8920000000000003,0.547317986194183,0.52,0.017359880518207423,2.4300993427567685,0.33230160626178307,0.182169808148958,1.4880931987033015,-0.036575058940967686,1,1.51475125033474,-0.03371167158684169,1.4959772712145774,-0.015850129373368382,0.5235945075295855,-0.034870284621410445,TRACK,0
4.62,0,occlusion,3.9024,0.5476539724002527,0.52,0.016238625405386665,2.44040050577819,0.33419920487495464,0.1814931432459126,1.4879670248094508,-0.03693046217852114,0,nan,nan,1.4960765313115032,-0.015378747796484404,0.5237242597269367,-0.03383324515226569,TRACK,0
4.64,0,occlusion,3.9128,0.5479675267761802,0.52,0.01511670516073966,2.4507054268477453,0.3360902870633505,0.18083652141324924,1.4878364043244499,-0.037316865229053864,0,nan,nan,1.496173156612277,-0.014923223469625047,0.5238501457789064,-0.0328310916331751,TRACK,0
4.66,0,occlusion,3.9232,0.5482586364788224,0.52,0.01399416573796266,2.461013990817655,0.33797504183063837,0.18019926929187857,1.4877014742402208,-0.037733733701207584,0,nan,nan,1.4962672279230893,-0.014483002758424846,0.5239723076044501,-0.031862606068534666,TRACK,0
4.68,0,occlusion,3.9335999999999998,0.5485272895843664,0.52,0.012871053116113595,2.471266258508035,0.33984275284095694,0.17946653382945055,1.487562369607988,-0.038180552253578526,1,1.4838142108107661,-0.037193156237442154,1.4949009828812934,-0.016653078691545087,0.521050230815783,-0.036636773121399194,TRACK,0
4.7,0,occlusion,3.9440000000000004,0.5487734750888186,0.52,0.011747413297728396,2.481523075680574,0.34170352873172744,0.17875492001778426,1.4874799897907658,-0.038541015404574885,0,nan,nan,1.4950260778569655,-0.016173041174233127,0.5212120140273112,-0.03558069058331288,TRACK,0
4.72,0,occlusion,3.9544,0.5489971829084551,0.52,0.010623292306936927,2.4917843064151617,0.34355756393358833,0.17806372348132316,1.4873927165528926,-0.03893264122512896,0,nan,nan,1.4951479048594163,-0.015709012192298033,0.5213691176081143,-0.034559826823055674,TRACK,0
4.74,0,occlusion,3.9648000000000003,0.549198403880235,0.52,0.009498736187577768,2.501992727316848,0.3453947717981863,0.17727905817775058,1.487300705506854,-0.039354887493655344,1,1.4832061162710237,-0.03846313890446828,1.493879827865122,-0.01783330235392233,0.5186212250856382,-0.03923326517862913,TRACK,0
4.76,0,occlusion,3.9752,0.5493771297621753,0.52,0.00837379100131246,2.5122064000897795,0.3472246521163206,0.17651647952547656,1.4872620719453178,-0.039692446576244045,0,nan,nan,1.4940298789387185,-0.017331333006231908,0.5188149320596396,-0.0381289326137102,TRACK,0
4.78,0,occlusion,3.9856000000000003,0.5495333532336889,0.52,0.007248502825738403,2.522425170183344,0.34904740402155304,0.17577525583395381,1.4872180441361638,-0.04006177745614847,0,nan,nan,1.4941760293267328,-0.0168459929891549,0.5190030990590461,-0.037061184576140785,TRACK,0
4.8,0,occlusion,3.996,0.5496670678958844,0.52,0.006122917752502054,2.5325980516764037,0.35085419137770646,0.17493431611468235,1.487168796271034,-0.040462313974211295,1,1.4836449698762415,-0.041298379518552766,1.4930939157546672,-0.01911226634708152,0.5166042934930783,-0.04204698596357934,TRACK,0
4.82,0,occlusion,4.0064,0.5497782682718277,0.52,0.004997081885410569,2.542776785992867,0.35265318984487387,0.17411653768158608,1.4871660873119072,-0.04077170081653447,0,nan,nan,1.493263753427972,-0.01858587347946017,0.5168245054416913,-0.04088892165481237,TRACK,0
4.84,0,occlusion,4.0168,0.5498669498067671,0.52,0.0038710413385437763,2.5529612017471828,0.35444460493493296,0.17332115807594306,1.4871575916997581,-0.041113546954676394,0,nan,nan,1.4934291675215992,-0.018076809219160328,0.5170384228508683,-0.03976898028215273,TRACK,0
4.86,0,occlusion,4.027200000000001,0.5499331088683193,0.52,0.0027448422343648894,2.5631511336147765,0.35622863583515735,0.17254744141578326,1.487143499950165,-0.041487259692716716,0,nan,nan,1.4935902874540243,-0.01758446954908166,0.5172462607867794,-0.038685833007979654,TRACK,0
4.88,0,occlusion,4.037599999999999,0.5499767427466183,0.52,0.0016185307018318782,2.573408662861189,0.35801632295196395,0.17167024117983987,1.4871239990385616,-0.04189226724558015,1,1.5084532832620436,-0.04214595317227996,1.4953471119895878,-0.019936368998715537,0.5206071730888132,-0.043860011797174185,TRACK,0
4.9,0,occlusion,4.048,0.5499978496544267,0.52,0.0004921528745076063,2.5836710122697273,0.35979557598102985,0.1708165717045631,1.4870361522706281,-0.042205411468633436,0,nan,nan,1.4954665386106698,-0.019401578983559542,0.5207723992406809,-0.042683473763831,TRACK,0
4.92,0,occlusion,4.058400000000001,0.5499964287272083,0.52,-0.0006342451113295973,2.5939380323354295,0.3615666120249661,0.1699856667786226,1.4869438293484156,-0.04255121119010408,0,nan,nan,1.4955826523625038,-0.018884202862284205,0.5209325045014426,-0.04154524629702525,TRACK,0
4.94,0,occlusion,4.0688,0.5499724800231643,0.52,-0.001760617118575754,2.604206786459055,0.36332916220457795,0.1690689791619331,1.4868471995331478,-0.042929071939514785,1,1.4957847109849642,-0.04041306603172128,1.495669597663336,-0.020833809470220732,0.5209460010095153,-0.045834380834485614,TRACK,0
4.96,0,occlusion,4.0792,0.5499260045232301,0.52,-0.0028869170111908075,2.6144803360707276,0.36508284192549517,0.168176447290739,1.486749259813213,-0.043230528323289,0,nan,nan,1.4957830633633822,-0.02028481525440995,0.5211075085504372,-0.044626593559701895,TRACK,0
4.98,0,occlusion,4.089600000000001,0.5498570041310359,0.52,-0.004013098656088779,2.624758530008571,0.36682787494531105,0.16730728967277697,1.4866470710728794,-0.043565011687006105,0,nan,nan,1.4958933002163255,-0.019753582226412547,0.5212638747893804,-0.043457880898107606,TRACK,0
5.0,0,occlusion,4.1,0.5497654816728279,0.52,-0.005139115925026831,2.635009720987469,0.36855915801844963,0.166342305345478,1.4865408042625883,-0.043931914682679984,1,1.4897382532671906,-0.04373751287100943,1.4952657855816809,-0.021931461984065592,0.5198178949525708,-0.04824921636494431,TRACK,0
5.0200000000000005,0,occlusion,4.1104,0.5496514408973532,0.52,-0.006264922696495132,2.6452660919742836,0.3702811380470176,0.16540234763497796,1.4864625425226723,-0.04421123394438098,0,nan,nan,1.4953903394582857,-0.02136267523864044,0.519996060172484,-0.04699788552500897,TRACK,0
5.04,0,occlusion,4.1208,0.5495148864757061,0.52,-0.007390472857605605,2.655527480012567,0.3719940448142599,0.16448661108738616,1.4863798472494982,-0.0445241115721835,0,nan,nan,1.4955113424896869,-0.02081219426344738,0.5201685641825587,-0.04578682737958424,TRACK,0
5.0600000000000005,0,occlusion,4.1312,0.5493558240011366,0.52,-0.00851572030598117,2.6657937284057676,0.37369810124167446,0.16359431811337366,1.486292900797953,-0.04486991949840302,0,nan,nan,1.4956289112345964,-0.020279385773016134,0.5203356233689551,-0.0446146487006355,TRACK,0
5.08,0,occlusion,4.1416,0.5491742599888215,0.52,-0.009640618951643545,2.6760597785019584,0.37539271344134184,0.1625926522464689,1.4862018818335296,-0.045248051474270135,1,1.4956445286460074,-0.04643700163028986,1.4956789193763786,-0.022765133338748633,0.5202487267758631,-0.050083293345247,TRACK,0
5.1000000000000005,0,occlusion,4.152000000000001,0.5489702018755972,0.52,-0.010765122718901515,2.686330926713872,0.3770776003357041,0.16161643999809217,1.4861119345213656,-0.04552570081643337,0,nan,nan,1.4957955995858927,-0.022186642008558355,0.5204212943325073,-0.048810612418828385,TRACK,0
5.12,0,occlusion,4.1624,0.5487436580196556,0.52,-0.01188918554823799,2.6966070100663613,0.3787529968568985,0.1606648684972085,1.4860178816126397,-0.045837089709847234,0,nan,nan,1.4959088563382938,-0.02162662502008139,0.5205882311638707,-0.04757857504417907,TRACK,0
5.14,0,occlusion,4.1728000000000005,0.5484946377002013,0.52,-0.013012761398196637,2.7068381427203256,0.380411071791133,0.1595977805203086,1.485919906376314,-0.04618158299913011,1,1.4860472398642564,-0.04963950540439932,1.4948458718629265,-0.02425199947500012,0.5182308555811647,-0.05335439884500027,TRACK,0
5.16,0,occlusion,4.1832,0.5482231511170719,0.52,-0.014135804247267725,2.717075052107403,0.3820588742642225,0.15855748732982589,1.48586850952498,-0.04641758565204146,0,nan,nan,1.4949843059631969,-0.023643027056421406,0.5184341008979673,-0.0520146595241271,TRACK,0
5.18,0,occlusion,4.1936,0.5479292093903196,0.52,-0.015258268095773173,2.727317554871301,0.3836966476259153,0.15754313619510674,1.4858125352224214,-0.04668818504771277,0,nan,nan,1.4951187176417249,-0.023053434879985346,0.518630804264293,-0.05071755673596776,TRACK,0
5.2,0,occlusion,4.204000000000001,0.5476128245597568,0.52,-0.01638010696775071,2.7375044146102194,0.3853149281507742,0.1564344150464163,1.485752185531585,-0.0469927119964515,1,1.4824408310174964,-0.04723966488811362,1.4937886551912776,-0.025198207924785887,0.5157299273784931,-0.05543605743452896,TRACK,0
5.22,0,occlusion,4.2143999999999995,0.5472740095844617,0.52,-0.01750127491283688,2.7476977519887367,0.3869226529672462,0.15535319593914254,1.4857494116447312,-0.047209021701889675,0,nan,nan,1.4939532699142142,-0.024573161528950838,0.5159673100056242,-0.05406095536369185,TRACK,0
5.24,0,occlusion,4.2248,0.5469127783422483,0.52,-0.01862172600814954,2.757897364896672,0.3885200671467275,0.15429860664260664,1.485741529101693,-0.04746030304720339,0,nan,nan,1.4941131950812638,-0.023967938557638124,0.5161972383026856,-0.05272946482680388,TRACK,0
5.26,0,occlusion,4.2352,0.5465291456290979,0.52,-0.01974141436016838,2.7681030588751856,0.3901074087216544,0.15326980506204357,1.4857287587463888,-0.04774586855211771,0,nan,nan,1.494268582814854,-0.02338185410370608,0.5164199910406365,-0.051440079028153375,TRACK,0
5.28,0,occlusion,4.2456,0.5461231271585527,0.52,-0.020860294106615107,2.778328986834236,0.39168712415458523,0.15211316553099508,1.4857113163170574,-0.04806505444628284,1,1.4989140308905142,-0.05364645634298589,1.494853526899806,-0.026287262069280448,0.5173613424694629,-0.05783197655241699,TRACK,0
5.3,0,occlusion,4.256,0.5456947395610726,0.52,-0.021978319418331626,2.7885610241790655,0.39325566832324244,0.15098474519043714,1.4856749202815296,-0.048264889624168195,0,nan,nan,1.4949960088292495,-0.025645916830858262,0.5175783009241575,-0.05642101702788818,TRACK,0
5.32,0,occlusion,4.266400000000001,0.5452440003833536,0.52,-0.023095444501157636,2.7987989736985517,0.3948132966525472,0.14988365546126925,1.4856340368805119,-0.04850007334670492,0,nan,nan,1.4951342300295518,-0.02502476657199937,0.5177881235983455,-0.05505448645839862,TRACK,0
5.34,0,occlusion,4.2768,0.5447709280876094,0.52,-0.024211623597805813,2.808969290018479,0.39634917935992614,0.14868700957292003,1.4855888815462195,-0.048769904549060605,1,1.479948910605433,-0.049462593540431796,1.4935097097335046,-0.02719649746248054,0.5142817071853846,-0.059832294417457195,TRACK,0
5.36,0,occlusion,4.2872,0.5442755420508152,0.52,-0.02532681098973645,2.819146559550791,0.3978736580284412,0.14751926083874523,1.4856137589264007,-0.0489491741765935,0,nan,nan,1.4936850584884764,-0.02653974395851666,0.5145406940760117,-0.058387436708736654,TRACK,0
5.38,0,occlusion,4.2976,0.5437578625639137,0.52,-0.02644096099902989,2.8293305630116143,0.39938698831454034,0.14637950162534752,1.4856334597433682,-0.04916412703244477,0,nan,nan,1.4938553241143877,-0.02590361848631062,0.5147914506013228,-0.05698796066988337,TRACK,0
5.4,0,occlusion,4.308,0.5432179108309843,0.52,-0.02755402799025755,2.839505575808243,0.40088713145492344,0.1451474601585523,1.4856482215368079,-0.04941404361167079,1,1.4915203824494556,-0.049963711708367144,1.493700787130173,-0.02800094242716389,0.5142502184082893,-0.06160207333976056,TRACK,0
5.42,0,occlusion,4.3184000000000005,0.5426557089683746,0.52,-0.028665966372350984,2.849687576489394,0.4023754898411251,0.14394484663872742,1.4856739371327943,-0.04957829755176357,0,nan,nan,1.4938736202824974,-0.027332125450567624,0.5145103219487797,-0.06013067599124878,TRACK,0
5.44,0,occlusion,4.3288,0.5420712800037941,0.52,-0.029776730600469672,2.8598763423013414,0.40385232435320806,0.14277074073419005,1.4856946103330224,-0.049778483550424024,0,nan,nan,1.4940413659872278,-0.02668422510312185,0.5147620541249914,-0.05870529522686808,TRACK,0
5.46,0,occlusion,4.3392,0.5414646478753716,0.52,-0.030886275177866004,2.870071659052093,0.40531788860434464,0.14162425383065091,1.4857104818275015,-0.05001387067218488,0,nan,nan,1.4942041941084698,-0.026056520534980088,0.515005733517526,-0.0573243451769562,TRACK,0
5.48,0,occlusion,4.349600000000001,0.5408358374306743,0.52,-0.0319945546577493,2.8801386946629033,0.4067532343159435,0.14038193164250456,1.4857217862447072,-0.0502837529785185,1,1.4659405466445607,-0.050399660998283344,1.4910876364685304,-0.028234595185143263,0.5084422860589135,-0.062116109407315184,TRACK,0
5.5,0,occlusion,4.36,0.5401848744256902,0.52,-0.033101523645146895,2.8902140803479006,0.40817700149906283,0.139168837780836,1.4858645583014602,-0.05046012214773432,0,nan,nan,1.491321435706759,-0.027570315037922732,0.5087742861357432,-0.060654693083430015,TRACK,0
5.5200000000000005,0,occlusion,4.3704,0.5395117855237727,0.52,-0.03420713679876399,2.9002975630085497,0.4095894385347202,0.13798406118129103,1.4860010707368783,-0.050672017554993065,0,nan,nan,1.4915487323760852,-0.026926740898749912,0.5090962604147424,-0.05923882997724981,TRACK,0
5.54,0,occlusion,4.380800000000001,0.5388165982945493,0.52,-0.03531134883284026,2.9103537952667113,0.41098591233997755,0.13668962509647686,1.4861315973887432,-0.05091871006864013,1,1.4851756817075512,-0.05437893413173189,1.4909769871055691,-0.02941900192759661,0.5076365489177859,-0.06472180424071255,TRACK,0
5.5600000000000005,0,occlusion,4.3912,0.5380993412127917,0.52,-0.03641411451900521,2.9204186391694145,0.41237030485981163,0.13542542085461173,1.486291797014567,-0.05106115044956505,0,nan,nan,1.4912160202506113,-0.0287319145878433,0.5079803771671549,-0.06321021209325527,TRACK,0
5.58,0,occlusion,4.4016,0.5373600436572497,0.52,-0.03751538868813052,2.9304918310156225,0.41374287236538243,0.13419050841565872,1.4864456459879714,-0.051239699079425716,0,nan,nan,1.491448335715758,-0.028066191794389628,0.5083137208650302,-0.06174562194765719,TRACK,0
5.6000000000000005,0,occlusion,4.412000000000001,0.5365987359094476,0.52,-0.03861512623218023,2.94046610876719,0.415089417944338,0.13287862856346377,1.4865934272606627,-0.051453601688050465,1,1.4686108496749632,-0.04931822756207137,1.4890821506159984,-0.02981545118625295,0.5032380193845125,-0.0655939926097565,TRACK,0
5.62,0,occlusion,4.4224,0.5358154491524446,0.52,-0.03971328210605818,2.9504500270582996,0.41642393095423524,0.13159709153199461,1.4868432441234942,-0.05159293752832861,0,nan,nan,1.4893658909018854,-0.02912584162429388,0.5036356555515556,-0.06407685157344654,TRACK,0
5.64,0,occlusion,4.4328,0.5350102154695566,0.52,-0.0408098113294534,2.9604432981340616,0.41774666078046674,0.13034495551432723,1.4870857907852557,-0.05176825428313325,0,nan,nan,1.4896418571495988,-0.028457636765163663,0.5040215297655141,-0.06260680088336007,TRACK,0
5.66,0,occlusion,4.4432,0.5341830678430428,0.52,-0.04190466898868223,2.970445644452431,0.41905785020929365,0.12912131129529847,1.4873213754323567,-0.05197879198431066,0,nan,nan,1.4899102859119313,-0.027810095887021102,0.5043960487327204,-0.06118221095144643,TRACK,0
5.68,0,occlusion,4.4536,0.5333340401527543,0.52,-0.04299781023852789,2.980386683151529,0.4203486315846738,0.1278023831587669,1.4875502982984197,-0.052223816613174545,1,1.475838638514019,-0.052112882699799516,1.488505629820033,-0.02997563946663062,0.5012244182399489,-0.06594640682658737,TRACK,0
5.7,0,occlusion,4.464,0.5324631671747464,0.52,-0.044089190304077784,2.9903376561641766,0.42162735925427985,0.1265135069089216,1.4878434538017435,-0.05237717060141556,0,nan,nan,1.4888034351862547,-0.02929264204194082,0.5016398318302058,-0.06444381249226981,TRACK,0
5.72,0,occlusion,4.4744,0.5315704845798547,0.52,-0.045178764482556893,3.0002982696364757,0.42289427791200185,0.12525375461065558,1.4881292051424275,-0.05256603788467995,0,nan,nan,1.4890931335448772,-0.028630734051500184,0.5020430848787555,-0.0629876149133004,TRACK,0
5.74,0,occlusion,4.4848,0.5306560289322334,0.52,-0.046266488145159275,3.010213953600073,0.4241427904947976,0.1239055207401436,1.4884078683060111,-0.052789666365983035,1,1.4783230720596436,-0.051926494408708085,1.4881000829566824,-0.03064167887527569,0.49969883964077627,-0.06741169352560653,TRACK,0
5.76,0,occlusion,4.4952000000000005,0.5297198376878581,0.52,-0.04735231673887566,3.0201398829272157,0.42537900075962976,0.12258776706482699,1.4887343856096338,-0.05292862591264136,0,nan,nan,1.4884089588094278,-0.029948947166285045,0.5001307049819895,-0.0658876837658271,TRACK,0
5.78,0,occlusion,4.5056,0.5287619491929912,0.52,-0.04843620578831883,3.030075754372202,0.42660315530667287,0.12129955467168596,1.4890533212214618,-0.05310322651724064,0,nan,nan,1.4887094193553068,-0.029277554389567584,0.5005499368852722,-0.0644106196570487,TRACK,0
5.8,0,occlusion,4.516,0.5277824026826116,0.52,-0.049518110897544695,3.0399879166450776,0.42781142800366967,0.1199190279888458,1.489365000207841,-0.05331270475052596,1,1.4825950091889366,-0.05366680657426332,1.488250048083314,-0.03137560642818338,0.4992766864027582,-0.06902633414200343,TRACK,0
5.82,0,occlusion,4.526400000000001,0.5267812382788072,0.52,-0.0505979877518714,3.049910361183677,0.42900705467579575,0.11856948132057266,1.489703294246683,-0.05343413800825125,0,nan,nan,1.4885574260841976,-0.030671515188022802,0.499710988373965,-0.06747733341365017,TRACK,0
5.84,0,occlusion,4.5367999999999995,0.5257584969891322,0.52,-0.05167579211969385,3.059842781095581,0.43019028666676784,0.11724996298972012,1.4900341068609957,-0.053591398857742334,0,nan,nan,1.4888563616277621,-0.029989052973916408,0.500132490573364,-0.0659759165426161,TRACK,0
5.86,0,occlusion,4.5472,0.5247142207049268,0.52,-0.05275147985429591,3.069784880298202,0.43136136886034676,0.11595955423804272,1.4903577660189984,-0.05378371176832042,0,nan,nan,1.4891471109162493,-0.029327471629033486,0.5005416317822123,-0.06452043758387367,TRACK,0
5.88,0,occlusion,4.5576,0.5236484521996017,0.52,-0.05382500689565824,3.07981236550887,0.4325293915932649,0.11458343298398699,1.4906745909703234,-0.05401032749340029,1,1.5072321946414484,-0.05161635831748507,1.4913800146485718,-0.031275483046719454,0.5047641448111568,-0.0688060627027828,TRACK,0
5.9,0,occlusion,4.5680000000000005,0.5225612351268857,0.52,-0.05489632927226346,3.089848452645452,0.4336844202714831,0.11323766305559912,1.4909085043363224,-0.054159435209161444,0,nan,nan,1.4916157893603825,-0.03058568019063479,0.5051166604374108,-0.06728849641939655,TRACK,0
5.92,0,occlusion,4.5784,0.5214526140190381,0.52,-0.055965403102896716,3.0998928743079324,0.4348267137410067,0.11192132157909862,1.4911368029008363,-0.05434370280705769,0,nan,nan,1.491844775726046,-0.029916851738646333,0.5054583091220818,-0.06581707382502194,TRACK,0
5.94,0,occlusion,4.588800000000001,0.5203226342850246,0.52,-0.057032184598443426,3.110034359831911,0.4359665254217014,0.11050646216075766,1.4913597759649702,-0.054562379173254794,1,1.5131930404079634,-0.05512054927510366,1.4943482022602523,-0.032155895871386786,0.5102668402427318,-0.07074297091705094,TRACK,0
5.96,0,occlusion,4.5992,0.519171342208657,0.52,-0.05809663006368259,3.120183051496064,0.4370926089590508,0.10912260146493402,1.491488298778701,-0.054691049645648526,0,nan,nan,1.4945181354673298,-0.031451379450542216,0.5105487406387551,-0.06919303479119288,TRACK,0
5.98,0,occlusion,4.6096,0.5179987849466978,0.52,-0.05915869589907689,3.1303387095190884,0.4382052406022161,0.10776880215810314,1.491612770059214,-0.05485523261551695,0,nan,nan,1.4946827130793328,-0.03076816606433974,0.5108212482219165,-0.06768996534154743,TRACK,0
6.0,0,occlusion,4.62,0.5168050105269287,0.52,-0.060218338602558076,3.1404917156015135,0.4393036736446814,0.106311752045678,1.4917334494437915,-0.05505416713968447,1,1.4940125135199365,-0.0574798105023916,1.4946960711412565,-0.03311477528238571,0.5106125920366192,-0.07285250562124856,TRACK,0
6.0200000000000005,0,occlusion,4.6304,0.5155900678461829,0.52,-0.061275514771309283,3.150651903532941,0.4403879088494697,0.10488648533218292,1.491860016844579,-0.05515435249370215,0,nan,nan,1.494860586180186,-0.03239242530670383,0.5108937873502164,-0.07126333567474843,TRACK,0
6.04,0,occlusion,4.6408000000000005,0.5143540066683426,0.52,-0.06233018110354237,3.160819029715079,0.44145823079519486,0.10349204287403913,1.4919826852316191,-0.0552904474673106,0,nan,nan,1.4950197835295707,-0.03169187404871954,0.5111654425697713,-0.06972212290718299,TRACK,0
6.0600000000000005,0,occlusion,4.6512,0.513096877622301,0.52,-0.06338229440027185,3.1709928602218316,0.442514916575325,0.10212749835993273,1.4921017164746653,-0.05546167234802857,0,nan,nan,1.4951738533568002,-0.03101237532059642,0.5114279324060708,-0.06822722570531213,TRACK,0
6.08,0,occlusion,4.6616,0.5118187321998882,0.52,-0.06443181156708411,3.1811225960184486,0.4435530529264405,0.1006647486429908,1.4922173648693997,-0.05566727333429311,1,1.4854222045104215,-0.056133250154277205,1.494156564706087,-0.03324431174868314,0.5091396527299024,-0.07313748584710292,TRACK,0
6.1000000000000005,0,occlusion,4.672000000000001,0.5105196227537617,0.52,-0.06547868961590285,3.1912597665380735,0.44457696957026427,0.09923352046425782,1.4923806334769991,-0.05577736411868095,0,nan,nan,1.4943342521784737,-0.03252791315302561,0.5094375119616056,-0.07156140893665636,TRACK,0
6.12,0,occlusion,4.6824,0.509199602495263,0.52,-0.06652288566674947,3.2014041228147136,0.44558694711598096,0.09783286713729122,1.4925398756934598,-0.05592289158055541,0,nan,nan,1.4945063116321067,-0.03183303015833605,0.5097254626518649,-0.07003266634833932,TRACK,0
6.140000000000001,0,occlusion,4.6928,0.5078587254922371,0.52,-0.06756435694949976,3.211563662745198,0.446584067303402,0.0963457397784313,1.4926953596991623,-0.056103083006149745,1,1.4975782985225372,-0.05489385130784062,1.4949538700986478,-0.03379834906499779,0.510417721741879,-0.07435636794299515,TRACK,0
6.16,0,occlusion,4.703200000000001,0.5064970466668189,0.52,-0.06860306080563552,3.2217302945520045,0.44756662103443506,0.09489045521151018,1.4928390829942542,-0.05620137633156164,0,nan,nan,1.4951149287471452,-0.03307464924820769,0.5107000443742441,-0.07276422834605692,TRACK,0
6.18,0,occlusion,4.7136,0.5051146217931826,0.52,-0.0696389546899921,3.2319037746658883,0.4485348951168877,0.09346606044256767,1.4929792330855833,-0.05633515612918716,0,nan,nan,1.4952706905666586,-0.032372608385060175,0.510972730011939,-0.07121973844713239,TRACK,0
6.2,0,occlusion,4.724,0.5037115074952575,0.52,-0.0706719961725008,3.2420930938656136,0.4494900335950861,0.09196712900995774,1.493116071914658,-0.0565036438427291,1,1.4984474567477433,-0.05327244761551436,1.4957196946051952,-0.034066623468405055,0.5116994119266409,-0.07494657163049112,TRACK,0
6.22,0,occlusion,4.7344,0.5022877612444094,0.52,-0.0717021429399269,3.252289118401654,0.45043038534531826,0.09050003382195593,1.493240604236744,-0.05660194086720116,0,nan,nan,1.4958641783403388,-0.033343072454586675,0.5119647882269416,-0.07335475940009069,TRACK,0
6.24,0,occlusion,4.7448,0.5008434413570855,0.52,-0.0727293527976029,3.2624916126154595,0.4513562404614718,0.08906382627175313,1.493362048501942,-0.056735524960517925,0,nan,nan,1.4960037221118945,-0.03264108068643168,0.5122208895555798,-0.0718103775101497,TRACK,0
6.26,0,occlusion,4.7552,0.49937860699242653,0.52,-0.07375358367115656,3.2727003503901697,0.4522678814745826,0.0876575900973493,1.4934806585474718,-0.056903620284893375,0,nan,nan,1.4961385096141095,-0.03195991305463597,0.5124680875176127,-0.07031180872019914,TRACK,0
6.28,0,occlusion,4.7656,0.4978933181498432,0.52,-0.07477479360823457,3.2828792325455862,0.45316243012221735,0.08614752864982478,1.4935966805925094,-0.05710547647859121,1,1.489686758338558,-0.058208578115178655,1.495472947184891,-0.034319578352825175,0.5109057134561099,-0.0755030723762154,TRACK,0
6.3,0,occlusion,4.776,0.496387635666559,0.52,-0.07579294078022057,3.293064938895587,0.4540420807078694,0.08466922385785036,1.4937463119947803,-0.05720604099857152,0,nan,nan,1.4956241606609997,-0.03359783618123702,0.5111809831196752,-0.07391523959872144,TRACK,0
6.32,0,occlusion,4.7864,0.49486162121511773,0.52,-0.07680798348394889,3.303257230528693,0.4549071222439762,0.08322173350794682,1.4938928474328224,-0.05734154657130164,0,nan,nan,1.4957702592254465,-0.03289750795235413,0.5114467362137328,-0.07237451749517909,TRACK,0
6.34,0,occlusion,4.7968,0.49331533730085814,0.52,-0.07781988014341218,3.313539669916125,0.4557648256998303,0.08166489492918494,1.4940365441393588,-0.057511219910239664,1,1.516055760177131,-0.06055202061862668,1.4980754234694347,-0.035382694971865636,0.5159074892226219,-0.0778419289381044,TRACK,0
6.36,0,occlusion,4.8072,0.49174884725935303,0.52,-0.07882858931146483,3.323827750054323,0.45660687343177314,0.08014072086721624,1.4940937157601148,-0.05757838627860856,0,nan,nan,1.4981698994799058,-0.03464031959019742,0.5161241064726121,-0.07620870309843433,TRACK,0
6.38,0,occlusion,4.8176000000000005,0.49016221525381565,0.52,-0.07983406967152025,3.3341212532134974,0.45743357278867436,0.07864824555567917,1.4941490874984882,-0.05768100558736755,0,nan,nan,1.4982604577281464,-0.033919893444026794,0.516332352062677,-0.07462376557685896,TRACK,0
6.4,0,occlusion,4.828,0.48855550627247085,0.52,-0.08083628003924358,3.3443421588396864,0.45823909062547463,0.077067425665859,1.4942028927974214,-0.05781828711048398,1,1.4821680902937366,-0.05793596817206989,1.4965132538404171,-0.035927724768643365,0.5126299123267888,-0.07904099449101541,TRACK,0
6.42,0,occlusion,4.8384,0.4869287861258941,0.52,-0.08183517936423823,3.35456957870301,0.4590288557388451,0.07551964846056824,1.4943332731892587,-0.057867252038075634,0,nan,nan,1.4966453339183965,-0.035176754665696475,0.5128933758467822,-0.07738886026453225,TRACK,0
6.44,0,occlusion,4.848800000000001,0.4852821214443152,0.52,-0.08283072673172742,3.3648032728362645,0.45980317331603576,0.07400393707766639,1.4944610352530385,-0.05795169883090612,0,nan,nan,1.4967725824594051,-0.034447985975045725,0.5131473066365837,-0.0757855691451006,TRACK,0
6.46,0,occlusion,4.8591999999999995,0.48361557967488916,0.52,-0.0838228813642303,3.375043011242196,0.4605623406598916,0.07251934789337344,1.494586434052672,-0.0580708245020265,0,nan,nan,1.496895187360105,-0.03374066327938863,0.5133920959605044,-0.07422945921465499,TRACK,0
6.48,0,occlusion,4.8696,0.4819292290789338,0.52,-0.08481160262323179,3.385288120644611,0.4613066144964056,0.07095931214104567,1.4947097164886256,-0.05822385227897042,1,1.4978791522830566,-0.0544017492856324,1.4970766190333842,-0.03545535800744526,0.5136054181255478,-0.07800178761637958,TRACK,0
6.5,0,occlusion,4.88,0.4802231387291341,0.52,-0.08579685001084725,3.395539284324009,0.4620352533837936,0.06943139582005697,1.4948315748522194,-0.05830435524325717,0,nan,nan,1.4971950014751634,-0.0347253709315658,0.5138513194738936,-0.07639581604944477,TRACK,0
6.5200000000000005,0,occlusion,4.8904000000000005,0.4784973785067118,0.52,-0.08677858317148159,3.405796276151829,0.46274855722424796,0.0679346569346948,1.4949513573474222,-0.05841936003722292,0,nan,nan,1.497308918317272,-0.03401679284914305,0.5140882310575936,-0.07483694426811471,TRACK,0
6.54,0,occlusion,4.9008,0.47675201909856474,0.52,-0.08775676189348167,3.4161074136323317,0.46345012040933825,0.0663376975832577,1.4950693065086866,-0.05856809006357366,1,1.5095431802523749,-0.05992983319003813,1.4987081992938607,-0.03629453071448241,0.5167488438412273,-0.0798479675718613,TRACK,0
6.5600000000000005,0,occlusion,4.911200000000001,0.47498713199437,0.52,-0.08873134611078394,3.4264238723083413,0.4641354961956816,0.06477354870129082,1.4951370988801929,-0.05862126402909418,0,nan,nan,1.498791635760952,-0.03554883822651744,0.5169600071144858,-0.07820744409833838,TRACK,0
6.58,0,occlusion,4.9216,0.47320278948365674,0.52,-0.08970229590455495,3.43674543814318,0.464804997227283,0.06324125047603424,1.495203621125428,-0.05870925836920016,0,nan,nan,1.4988713240328073,-0.034824959664920385,0.5171628198986936,-0.07661491126282485,TRACK,0
6.6000000000000005,0,occlusion,4.932,0.47139906465284453,0.52,-0.09066957150482706,3.447074180156284,0.465459072001663,0.06162683921447787,1.4952691016933521,-0.05883128253681047,1,1.5005709621650263,-0.057467783333304996,1.4990859153353533,-0.03669116503537362,0.5174715581163307,-0.08072056307782197,TRACK,0
6.62,0,occlusion,4.9424,0.46957603138225046,0.52,-0.09163313329212684,3.4574080707687416,0.46609672446116757,0.06004543544952323,1.4953314872782635,-0.05887362722313627,0,nan,nan,1.4991620622789972,-0.03594099465805645,0.5176772543036787,-0.07907018824772419,TRACK,0
6.640000000000001,0,occlusion,4.9528,0.4677337643430625,0.52,-0.09259294179909813,3.4677468979417037,0.4667182710063071,0.05849607631143483,1.495392825283564,-0.05895071292498466,0,nan,nan,1.4992345895167145,-0.03521270768382401,0.5178746649049111,-0.07746795690441283,TRACK,0
6.66,0,occlusion,4.9632000000000005,0.46587233899428077,0.52,-0.09354895771211881,3.478090459013763,0.46732401981703775,0.056977831492940556,1.4954533413171913,-0.05906174561970978,0,nan,nan,1.4993036589280906,-0.03450556405668603,0.5180641545048257,-0.07591224092470927,TRACK,0
6.68,0,occlusion,4.973599999999999,0.46399183157962753,0.52,-0.09450114187291059,3.4884488717165354,0.46791485923043225,0.055356991160819824,1.4955132532543178,-0.05920595684541885,1,1.5029704340673755,-0.06063213224686953,1.4997201087623553,-0.036837280275474615,0.5187624816170233,-0.08104201660604415,TRACK,0
6.7,0,occlusion,4.984,0.46209231912442333,0.52,-0.09544945528014355,3.4988120532014335,0.46848912048421365,0.053768995201900704,1.4955624625147657,-0.05925021191277269,0,nan,nan,1.4997825059911087,-0.03609081724815866,0.5189540116342934,-0.07939979794594905,TRACK,0
6.72,0,occlusion,4.994400000000001,0.46017387943243304,0.52,-0.09639385909103294,3.509179799659192,0.46904712164404827,0.05221289052893141,1.4956110623564212,-0.05932878551124876,0,nan,nan,1.499841586764298,-0.0353660152947568,0.5191375826954083,-0.07780523364846498,TRACK,0
6.74,0,occlusion,5.0048,0.45823659108267795,0.52,-0.09733431462293085,3.5196094974658507,0.46959218171562206,0.05057445880287981,1.495659269766513,-0.05944089018856458,1,1.5138309680145832,-0.05774491118991808,1.5013995465971295,-0.03723708468299103,0.5221965310585878,-0.08192158630258027,TRACK,0
6.76,0,occlusion,5.0152,0.45628053342621827,0.52,-0.09827078335491003,3.530043107264715,0.4701203062360795,0.04896906842531701,1.4956497421691117,-0.0594748207432092,0,nan,nan,1.5014247950811914,-0.036486144944607,0.5223483726022018,-0.08026951887813541,TRACK,0
6.78,0,occlusion,5.025600000000001,0.4543057865829018,0.52,-0.0992032269293423,3.5404804425285072,0.4706318217523983,0.047395764688288544,1.4956405044127028,-0.059543009361833654,0,nan,nan,1.501447538112151,-0.0357569031142817,0.5224930993138602,-0.07866518685141975,TRACK,0
6.8,0,occlusion,5.036,0.4523124314380835,0.52,-0.10013160715346915,3.550849104545805,0.4711236207249319,0.045729678019605036,1.4956317550925484,-0.059644667771209914,1,1.486669460249329,-0.06075219018807876,1.4997832464964278,-0.037865606106438854,0.5190159396837848,-0.08330433343416549,TRACK,0
6.82,0,occlusion,5.0464,0.4503005496393111,0.52,-0.10105588600096638,3.5612225881337074,0.47159832773847166,0.04409716332092284,1.4956958518306063,-0.05965212340195025,0,nan,nan,1.499847615290046,-0.03710260678823607,0.5192169789625193,-0.08162573493411936,TRACK,0
6.84,0,occlusion,5.0568,0.44827022359298224,0.52,-0.10197602561350157,3.571600682748971,0.4720562691416516,0.0424972493407374,1.4957593373693847,-0.05969395712892567,0,nan,nan,1.499908517893025,-0.03636168136784912,0.5194096605091861,-0.07999569900926806,TRACK,0
6.86,0,occlusion,5.0672,0.44622153646096746,0.52,-0.10289198830228495,3.581983187362823,0.47249776284260603,0.040928997580821136,1.49582243303623,-0.05976936445504588,0,nan,nan,1.4999661166401106,-0.035642085452639805,0.5195943579963358,-0.07841258799580758,TRACK,0
6.88,0,occlusion,5.0776,0.4441545721572056,0.52,-0.10380373654961272,3.5923360193995384,0.47292173064763227,0.03925343468336795,1.4958853521246935,-0.05987756660837329,1,1.4940600751268804,-0.06288238942999515,1.4992903666522852,-0.03808097494211937,0.5180754768374348,-0.08377814487266262,TRACK,0
6.9,0,occlusion,5.088000000000001,0.44206941534426525,0.52,-0.10471123301040429,3.6026938874152084,0.4733285214968469,0.03761140755756509,1.4959821550490497,-0.05987834833653194,0,nan,nan,1.49936703743615,-0.03731879831370577,0.5182926505002844,-0.0821013562901527,TRACK,0
6.92,0,occlusion,5.0984,0.43996615142987827,0.52,-0.10561444051373137,3.613056575105455,0.47371846065594775,0.03600194896917008,1.4960781473439129,-0.0599131408228879,0,nan,nan,1.4994399406408334,-0.03657860428170512,0.5185010817572787,-0.08047292941975126,TRACK,0
6.94,0,occlusion,5.1088000000000005,0.4378448665634401,0.52,-0.106513322064341,3.623428248509999,0.47409202252273125,0.03432175736251697,1.4961735553966922,-0.059981140480448225,1,1.5014731125924825,-0.05677686973164013,1.4996950008590966,-0.038186172878484914,0.5189199304296248,-0.08400958033266681,TRACK,0
6.96,0,occlusion,5.1192,0.4357056476324829,0.52,-0.10740784084417045,3.6338047000931106,0.4744483004837021,0.03267499545503183,1.4962642301186917,-0.05997938263614122,0,nan,nan,1.4997629768974627,-0.037426406988294136,0.5191283113116976,-0.0823380953742471,TRACK,0
6.98,0,occlusion,5.1296,0.4335485822591144,0.52,-0.10829796021385565,3.644185718997337,0.4747876209969304,0.031060702529870365,1.4963543584907926,-0.060011309423512404,0,nan,nan,1.4998273757865999,-0.0366884755718524,0.519328152280918,-0.08071464625807528,TRACK,0
7.0,0,occlusion,5.140000000000001,0.4313737587964309,0.52,-0.10918364371423164,3.654545023868319,0.4751094918007382,0.029387393810697215,1.4964441608969843,-0.06007612160291309,1,1.4949259629398468,-0.05470302213575902,1.4993157635689336,-0.038029743617573164,0.5182152019776579,-0.08366543595866097,TRACK,0
7.0200000000000005,0,occlusion,5.1504,0.4291812663248976,0.52,-0.11006485506782605,3.664909205602692,0.47541415580047275,0.027747129048485863,1.4965598923909702,-0.06008141292320035,0,nan,nan,1.499392283060919,-0.03727874459571634,0.5184329348523312,-0.08201323811057595,TRACK,0
7.04,0,occlusion,5.1608,0.42697119464869954,0.52,-0.11094155818034497,3.675278052308292,0.4757019353860264,0.02613896211761313,1.4966749778250994,-0.060119838028424244,0,nan,nan,1.4994650496608204,-0.036549248428922265,0.5186419745211871,-0.080408346543629,TRACK,0
7.0600000000000005,0,occlusion,5.171200000000001,0.4247436342920633,0.52,-0.11181371714215162,3.685651361510127,0.4759731446925995,0.02456197871311483,1.496789638538475,-0.0601906076724692,0,nan,nan,1.49953423129583,-0.03584053192041248,0.5188426984280794,-0.07884917022490745,TRACK,0
7.08,0,occlusion,5.1815999999999995,0.42249867649554995,0.52,-0.11268129622973674,3.6960517851459,0.4762286510601622,0.022897365323365282,1.4969040876918802,-0.060292957626793875,1,1.5057757573203214,-0.0589437677401413,1.5002507714800069,-0.03783212249430523,0.5201780832258505,-0.08323066948747151,TRACK,0
7.1000000000000005,0,occlusion,5.192,0.42023641321231675,0.52,-0.11354425990718234,3.7064564640488817,0.4764669324383271,0.021265298402747046,1.496995722179719,-0.060309163280892975,0,nan,nan,1.5003056154687366,-0.03709243001405538,0.5203703515029652,-0.08160334603092184,TRACK,0
7.12,0,occlusion,5.202400000000001,0.4179569371043518,0.52,-0.11440257282761666,3.7168652017944637,0.4766883107235289,0.019664852118207676,1.4970873328927472,-0.06035780786317124,0,nan,nan,1.5003572277292854,-0.0363737791940717,0.5205545835968131,-0.08002231422695774,TRACK,0
7.140000000000001,0,occlusion,5.2128000000000005,0.41566034153867737,0.52,-0.11525619983466265,3.7272679332989207,0.47689290527354394,0.017980477767914227,1.4971791253905016,-0.06043811755297801,1,1.4993735128362744,-0.0591225886196011,1.5002502275420841,-0.038281235233943,0.5202371615035765,-0.08421871751467461,TRACK,0
7.16,0,occlusion,5.2232,0.4133467205835271,0.52,-0.11610510596387733,3.7376749382105303,0.4770800483620583,0.016328992958924093,1.4972811578902678,-0.06043427934817602,0,nan,nan,1.5003065913454015,-0.03753374565886736,0.5204343709005061,-0.08257424044950819,TRACK,0
7.18,0,occlusion,5.2336,0.4110161690044916,0.52,-0.11694925644418441,3.748086017057714,0.4772500659064507,0.014709462796518746,1.497383126205715,-0.06046287533562689,0,nan,nan,1.500359641981321,-0.036807503691031584,0.5206233492835356,-0.08097650812026949,TRACK,0
7.2,0,occlusion,5.244,0.4086687822606378,0.52,-0.11778861669929823,3.758482359125724,0.47740300154362014,0.012996554427883833,1.49748523759961,-0.060523123310787685,1,1.4975660979669703,-0.061827690920198755,1.5000478481339736,-0.03892973565079316,0.5198733444412025,-0.08564541843174496,TRACK,0
7.22,0,occlusion,5.2544,0.40630465650059877,0.52,-0.11862315234913999,3.768883136220443,0.4775381834205192,0.011317113901068154,1.4976062776800572,-0.06048906340435778,0,nan,nan,1.5001109558640293,-0.038169102882171124,0.5200827778197235,-0.08397202634077648,TRACK,0
7.24,0,occlusion,5.2648,0.40392388855863476,0.52,-0.1194528292112463,3.7792881412914507,0.47765594307552894,0.009670189336423718,1.4977270538212488,-0.06048759951998539,0,nan,nan,1.50017052665337,-0.037430103741916465,0.5202835713917068,-0.08234622823221623,TRACK,0
7.26,0,occlusion,5.2752,0.40152657595066804,0.52,-0.12027761330216874,3.789697176723823,0.4777566035566622,0.008054860787748641,1.497847779169732,-0.060517934620692326,0,nan,nan,1.5002267265309808,-0.03671201246988476,0.5204761069560291,-0.08076642743374647,TRACK,0
7.28,0,occlusion,5.2856000000000005,0.3991128168702877,0.52,-0.12109747083886639,3.800140594667407,0.47784072565365643,0.006383792845808145,1.4979686585072503,-0.060579296802781624,1,1.507766598705385,-0.053448471352688376,1.5010969135837424,-0.03797881686228255,0.5221878370653148,-0.08355339709702161,TRACK,0
7.3,0,occlusion,5.295999999999999,0.39668271018472845,0.52,-0.12191236824008905,3.8105876125303846,0.4779074181575216,0.004744838521403949,1.4980594060306258,-0.06058576050955233,0,nan,nan,1.5011335405757547,-0.037248961918281864,0.5223615369632388,-0.08194771622022011,TRACK,0
7.32,0,occlusion,5.3064,0.39423635543082,0.52,-0.12272227212775322,3.821038048121073,0.47795700415899633,0.003137094129540774,1.4981507084553831,-0.06062347666638379,0,nan,nan,1.5011673450523424,-0.0365396452696225,0.5225276614847095,-0.08038721959316951,TRACK,0
7.34,0,occlusion,5.316800000000001,0.3917738528109113,0.52,-0.12352714932830883,3.8314751191797716,0.4779897463407534,0.0014153423972165236,1.498242754784733,-0.06069168613066234,1,1.499111352460031,-0.06537854668893443,1.5009016622567255,-0.03913072118919114,0.5218561208196811,-0.08608758661622053,TRACK,0
7.36,0,occlusion,5.3272,0.3892953031887655,0.52,-0.12432696687409824,3.8419160403113004,0.47800452382896425,-0.00027310374972699947,1.498352302814905,-0.06064461877396443,0,nan,nan,1.5009462877993518,-0.03837377606690007,0.5220465794566623,-0.08442230734718015,TRACK,0
7.38,0,occlusion,5.3376,0.38680080808542827,0.52,-0.12512169200470666,3.8523606165340936,0.47800167137596256,-0.0019291852334184512,1.4984620866193097,-0.06062941880656236,0,nan,nan,1.5009877821026085,-0.03763821553844293,0.5222288306150461,-0.08280407418457446,TRACK,0
7.4,0,occlusion,5.348000000000001,0.38429046967507047,0.52,-0.12591129216830382,3.862825478687817,0.47798148269338003,-0.003661134681007816,1.4985723054622704,-0.06064529629310389,1,1.5058907455589676,-0.059068865592629236,1.5015244845854592,-0.03936248744521453,0.523244081379176,-0.08659747237947198,TRACK,0
7.42,0,occlusion,5.3584,0.38176439078080254,0.52,-0.12669573502297737,3.8732938303210207,0.4779431564769222,-0.00535968623667582,1.4986663663318391,-0.06058486167603183,0,nan,nan,1.501555729714575,-0.03860344444699715,0.5234210896001237,-0.08492757778339373,TRACK,0
7.44,0,occlusion,5.3688,0.3792226748704626,0.52,-0.12747498843805777,3.8837654831780197,0.4778870311658053,-0.007025781028970446,1.4987609672781395,-0.06055609907015569,0,nan,nan,1.5015841259897686,-0.037865790733967675,0.5235901632193978,-0.0833047396147289,TRACK,0
7.46,0,occlusion,5.3792,0.3766654260523792,0.52,-0.12824902049543394,3.8942402580145785,0.47781343648055474,-0.008660328752252422,1.4988562997980586,-0.06055821804512318,0,nan,nan,1.5016098245424832,-0.037148811892774525,0.52375166838471,-0.08172738616410397,TRACK,0
7.48,0,occlusion,5.3896,0.3740927490711061,0.52,-0.1290177994908612,3.904726870298723,0.4777226167001316,-0.010368094209026069,1.4989525472633862,-0.06059045287973319,1,1.5045909183347,-0.0574271215386536,1.5019323534563844,-0.03881285129031253,0.5243502775590069,-0.08538827283868758,TRACK,0
7.5,0,occlusion,5.4,0.37150474930313304,0.52,-0.1297812939352592,3.915216547193173,0.47761385484463503,-0.012043307990714958,1.4990410160369259,-0.06054854503283469,0,nan,nan,1.5019529111836611,-0.03807304049292837,0.5245120363041434,-0.08376068908444241,TRACK,0
7.5200000000000005,0,occlusion,5.410400000000001,0.3689015327525685,0.52,-0.13053947255600237,3.92570911346222,0.47748748352769954,-0.013686880630458198,1.4991303901002064,-0.06053732274101309,0,nan,nan,1.5019709292000742,-0.037353923630528474,0.5246663621295112,-0.08217863198716265,TRACK,0
7.54,0,occlusion,5.4208,0.3662832060467985,0.52,-0.13129230429820038,3.9361355436797543,0.47734476931021425,-0.015417907506815709,1.4992208477533835,-0.06055601907017216,1,1.488039596293893,-0.060910166389058974,1.5003852343545165,-0.03934151991721446,0.5213703444505229,-0.08655134381787183,TRACK,0
7.5600000000000005,0,occlusion,5.4312000000000005,0.363649876432119,0.52,-0.13203975832597026,3.94656587408303,0.477183942697124,-0.01711587662415992,1.4993812914728244,-0.06048281999915073,0,nan,nan,1.500443023414181,-0.03859020721236561,0.5215785116379356,-0.08489845586720435,TRACK,0
7.58,0,occlusion,5.4416,0.3610016517693425,0.52,-0.1327818040236996,3.956999907099591,0.4770053376340026,-0.01878171512968363,1.4995417174528844,-0.060440381790109576,0,nan,nan,1.5004973629046248,-0.03785996603462616,0.521778077249476,-0.08329192527617756,TRACK,0
7.6000000000000005,0,occlusion,5.452,0.3583386405293812,0.52,-0.13351841099730039,3.9674514922299,0.4768090158545346,-0.020540434034302724,1.4997023247211265,-0.06042792210518311,1,1.5050315160039884,-0.06276357270526396,1.50099261008215,-0.03997088419588879,0.5226714407187076,-0.08793594523095534,TRACK,0
7.62,0,occlusion,5.462400000000001,0.35566095178880325,0.52,-0.13424954907545386,3.9779066949264954,0.4765942312458296,-0.02226551778530217,1.4998492905325271,-0.06032114895666574,0,nan,nan,1.5010385349605717,-0.039206448886351275,0.5228704329349422,-0.08625418754997281,TRACK,0
7.640000000000001,0,occlusion,5.4728,0.3529686952253649,0.52,-0.13497518831084668,3.9883653199709506,0.47636132605478276,-0.023957909858039805,1.4999964222323778,-0.06024529367903009,0,nan,nan,1.5010812121262396,-0.0384634561985826,0.5230609014458119,-0.08461960363688173,TRACK,0
7.66,0,occlusion,5.4832,0.35026198111351875,0.52,-0.13569529898139707,3.998827181379245,0.4761106337561375,-0.025618522245006936,1.5001439149002227,-0.060199560713178,0,nan,nan,1.5011208037491757,-0.03774119061289127,0.5232432291844776,-0.08303061934836081,TRACK,0
7.68,0,occlusion,5.4936,0.3475409203198963,0.52,-0.13640985159147276,4.0093178522571415,0.4758418194599283,-0.02737995120260095,1.50029195508758,-0.060183179336752435,1,1.5082112266491787,-0.06360735809164714,1.5018959906527565,-0.04003247630895013,0.5247057189373002,-0.08807144787969029,TRACK,0
7.7,0,occlusion,5.5040000000000004,0.34480562429876704,0.52,-0.1371188168730988,4.019811564317018,0.47555443031732497,-0.029107873341455814,1.5004150116629464,-0.06006474883063051,0,nan,nan,1.501921637407463,-0.03927095770124511,0.5248823328015711,-0.08639610694273926,TRACK,0
7.72,0,occlusion,5.5144,0.34205620508747375,0.52,-0.13782216578715625,4.030308134888659,0.4752488111519209,-0.030803224525642214,1.5005386926756754,-0.0599767766073267,0,nan,nan,1.5019444960040822,-0.03853070873150566,0.5250509423849047,-0.08476755920931245,TRACK,0
7.74,0,occlusion,5.5248,0.33929277530184293,0.52,-0.13851986952457196,4.0407365339892305,0.47492748119646094,-0.0325566092757108,1.5006631795869592,-0.05991847302692799,1,1.4872231943803984,-0.05621934368341644,1.5002926929756708,-0.03984965341064717,0.5216674245653676,-0.08766923750342377,TRACK,0
7.76,0,occlusion,5.5352,0.33651544813157247,0.52,-0.13921189950749838,4.051168701957964,0.47458772513198805,-0.034276804844171505,1.5008594011892245,-0.059796467711074275,0,nan,nan,1.5003547608138863,-0.0390953538286527,0.5218849555008002,-0.08600977842303595,TRACK,0
7.78,0,occlusion,5.5456,0.3337243373355946,0.52,-0.13989822739048424,4.061604440625978,0.47422988119974707,-0.03596473697177771,1.5010554282201178,-0.05970437718749144,0,nan,nan,1.5004132298239508,-0.038362093809227726,0.5220936070929466,-0.084396606380301,TRACK,0
7.8,0,occlusion,5.556,0.3309195572374175,0.52,-0.14057882506163527,4.07210481388035,0.47385207513086375,-0.03774149421445783,1.5012514568955406,-0.05964141785429966,1,1.5155413378509353,-0.062388424330457694,1.502072838596941,-0.04038084642454587,0.5253583917355951,-0.08883786213400093,TRACK,0
7.82,0,occlusion,5.566400000000001,0.32810122272044173,0.52,-0.14125366464376615,4.082608028174343,0.47345547980531405,-0.03948460615985461,1.5013864972879987,-0.05948913627921426,0,nan,nan,1.502095856879094,-0.039616180577194626,0.5255349616290609,-0.08715559726982819,TRACK,0
7.84,0,occlusion,5.5768,0.3252694492232553,0.52,-0.14192271849554186,4.093113902883993,0.4730404437725055,-0.04119500962005951,1.5015221438020527,-0.05936684441998796,0,nan,nan,1.5021161105458283,-0.03887280591375264,0.5257034770747472,-0.08552017301025581,TRACK,0
7.86,0,occlusion,5.5872,0.3224243527349044,0.52,-0.1425859592126102,4.1036222663031126,0.4726073065972166,-0.04287361025681058,1.50165857386917,-0.05927375081504893,0,nan,nan,1.502133751699113,-0.038150014471611815,0.525864311303092,-0.08393003183754599,TRACK,0
7.88,0,occlusion,5.5976,0.31956604979014375,0.52,-0.14324335962872412,4.114217411737738,0.4721527759291253,-0.044640658874953054,1.501795956535766,-0.0592090885817127,1,1.5220077935373648,-0.06144990522080069,1.5043242871402156,-0.040160195866870474,0.5302445306391954,-0.08835243090711505,TRACK,0
7.9,0,occlusion,5.6080000000000005,0.3166946574646621,0.52,-0.14389489281685452,4.124814051423868,0.4716794204774733,-0.04637451983908303,1.501850074938246,-0.05905616055030238,0,nan,nan,1.5042952221107677,-0.03940593100295553,0.5303603445329731,-0.08669304820650217,TRACK,0
7.92,0,occlusion,5.6184,0.31381029337028765,0.52,-0.14454053209029308,4.135412036521019,0.4711875913815274,-0.04807611015808444,1.5019060047411925,-0.05893252875691335,0,nan,nan,1.5042646121134204,-0.03867250725003624,0.5304695655243845,-0.08507951595007973,TRACK,0
7.94,0,occlusion,5.6288,0.3109130756501706,0.52,-0.14518025100374543,4.146155665761468,0.4706706811702994,-0.04986238658290976,1.5019638909963249,-0.05883741868821568,1,1.5378386345593966,-0.0614930982398568,1.507884950927979,-0.04059719147330032,0.537802857520096,-0.08931382124126071,TRACK,0
7.96,0,occlusion,5.6392,0.30800312297394394,0.52,-0.14581402335441426,4.15689889571692,0.4701345536944453,-0.05161514771149811,1.5018795286211688,-0.05865982545619319,0,nan,nan,1.507775715914242,-0.03983548019519123,0.5378299511604255,-0.08763805642942071,TRACK,0
7.98,0,occlusion,5.6496,0.3050805545328619,0.52,-0.1464418231830728,4.167641617583121,0.46957957358576397,-0.053335315112859494,1.5017987246522615,-0.05851152577024754,0,nan,nan,1.5076667206075987,-0.039094713667299885,0.5378523868488267,-0.08600837006805975,TRACK,0
8.0,0,occlusion,5.66,0.30214549003491964,0.52,-0.14706362477512774,4.178383729843387,0.46900609575788177,-0.05502378002061814,1.5017215833517326,-0.05839174415523862,0,nan,nan,1.507558048867986,-0.03837420244905543,0.5378704598488883,-0.08442324538792195,TRACK,0
8.02,0,occlusion,5.6704,0.29919804969994857,0.52,-0.14767940266167284,4.189125137856487,0.46841446568941497,-0.05668140439538716,1.5016482021159498,-0.05829972882976309,0,nan,nan,1.5074497785121665,-0.03767328124474645,0.5378844491194438,-0.08288121873844219,TRACK,0
8.040000000000001,0,occlusion,5.6808000000000005,0.2962383542546922,0.52,-0.14828913162053206,4.199865753467464,0.4678050197003906,-0.05830902194874499,1.5015786718316335,-0.058234750841234195,0,nan,nan,1.5073419816624174,-0.03699130803086126,0.5378946182021022,-0.08138087766789477,PREDICT,0
8.06,0,occlusion,5.6912,0.2932665249278631,0.52,-0.14889278667729228,4.2106054946400855,0.46717808522190324,-0.059907439130264084,1.501513077211859,-0.05819610323398017,0,nan,nan,1.5072347250757356,-0.03632766321634184,0.5379012160592316,-0.07992085907595206,PREDICT,0
8.08,0,occlusion,5.7016,0.29028268344517444,0.52,-0.14949034310632692,4.221344285109703,0.46653398105900773,-0.06147743607897782,1.5014514971131123,-0.0581831002489972,0,nan,nan,1.5071280704546637,-0.03568174883440589,0.5379044778652664,-0.07849984743569297,PREDICT,0
8.1,0,occlusion,5.712,0.2872869520243561,0.52,-0.1500817764318082,4.232082054055385,0.4658730176468693,-0.06301976754062233,1.5013940048344572,-0.05819507655407241,0,nan,nan,1.507022074740784,-0.035052987764646826,0.5379046257540395,-0.07711657308222303,PREDICT,0
8.120000000000001,0,occlusion,5.7224,0.2842794533701484,0.52,-0.15066706242870975,4.242818735790219,0.46519549730020887,-0.06453516375192692,1.5013406683998474,-0.05823138650302928,0,nan,nan,1.506916790391858,-0.03444082298419371,0.5379018695246686,-0.07576981056522616,PREDICT,0
8.14,0,occlusion,5.7328,0.2812603106692758,0.52,-0.151246177123799,4.253554269468771,0.46450171445609795,-0.06602433129318452,1.5012915508245341,-0.05829140342293382,0,nan,nan,1.5068122656435408,-0.033844716846758605,0.537896407308387,-0.07445837706286894,PREDICT,0
8.16,0,occlusion,5.7432,0.2782296475854014,0.52,-0.1518190967966189,4.264288598810739,0.4637919559101705,-0.06748795391027684,1.501246710366487,-0.05837451892812995,0,nan,nan,1.5067085447565396,-0.03326415038846209,0.5378884261985625,-0.0731811308546166,PREDICT,0
8.18,0,occlusion,5.7536,0.2751875882540611,0.52,-0.15238579798045987,4.2750216718398875,0.46306650104633107,-0.06892669330728918,1.5012062007636655,-0.058480142260038726,0,nan,nan,1.5066056682500424,-0.03269862265936885,0.5378781028460122,-0.07193696985061147,PREDICT,0
8.2,0,occlusion,5.763999999999999,0.2721342572775799,0.52,-0.15294625746332058,4.285753440637411,0.4623256220600492,-0.07034118991079685,1.501170071457945,-0.0586076996516951,0,nan,nan,1.506503673122181,-0.03214765007971998,0.5378656040215941,-0.07072483017538396,PREDICT,0
8.22,0,occlusion,5.774400000000001,0.26906977971996726,0.52,-0.15350045228885908,4.2964838611089196,0.46156958417533706,-0.07173206360687212,1.5011383678064631,-0.058756633716052775,0,nan,nan,1.5064025930582616,-0.031610765819896525,0.5378510871479435,-0.06954368480377236,PREDICT,0
8.24,0,occlusion,5.784800000000001,0.26599428110179635,0.52,-0.15404835975733264,4.307212892764283,0.4607986458555168,-0.07309991445181208,1.5011111312810796,-0.05892640285711792,0,nan,nan,1.5063024586274483,-0.031087519203175873,0.5378347008021077,-0.06839254224698693,PREDICT,0
8.26,0,occlusion,5.7952,0.26290788739506016,0.52,-0.15458995742652804,4.317940498509617,0.46001305900788814,-0.07444532335754994,1.5010883996566537,-0.05911648070302267,0,nan,nan,1.506203297468549,-0.03057747513040443,0.5378165851907397,-0.06727044528688975,PREDICT,0
8.28,0,occlusion,5.8056,0.25981072501801317,0.52,-0.1551252231126805,4.328666644450737,0.45921306918241384,-0.0757688527526823,1.5010702071887274,-0.05932635556018662,0,nan,nan,1.5061051344655034,-0.030080213525734756,0.5377968725993847,-0.06617646975661647,PREDICT,0
8.3,0,occlusion,5.816000000000001,0.25670292082999363,0.52,-0.15565413489138233,4.339391299707441,0.4583989157645424,-0.07707104721999736,1.5010565847812503,-0.059555529887746594,0,nan,nan,1.5060079919131562,-0.029595328802611842,0.5377756878173429,-0.06510972336574605,PREDICT,0
8.32,0,occlusion,5.8264000000000005,0.25358460212622647,0.52,-0.15617667109848096,4.350114436238015,0.4575708321622933,-0.07835243411136394,1.5010475601448814,-0.059803519791477466,0,nan,nan,1.5059118896738546,-0.029122429349236256,0.5377531485394744,-0.06406934456831977,PREDICT,0
8.34,0,occlusion,5.8368,0.25045589663261003,0.52,-0.15669281033096644,4.360836028673408,0.45672904598773023,-0.07961352414080514,1.5010431579464185,-0.06006985453645175,0,nan,nan,1.5058168453253753,-0.0286611370327563,0.5377293657462433,-0.06305450147206387,PREDICT,0
8.36,0,occlusion,5.8472,0.24731693250048384,0.52,-0.157202531447848,4.371556054160518,0.45587377923295147,-0.08085481195654998,1.501043399949833,-0.06035407607772836,0,nan,nan,1.5057228743006625,-0.028211086721476875,0.5377044440632144,-0.06206439078724913,PREDICT,0
8.38,0,occlusion,5.857600000000001,0.24416783830137928,0.52,-0.15770581357101995,4.3822744922141155,0.4550052484407258,-0.08207677669282365,1.5010483051494052,-0.06065573860837281,0,nan,nan,1.5056299900198415,-0.02777192582440202,0.5376784821011729,-0.06109823681368445,PREDICT,0
8.4,0,occlusion,5.868,0.24100874302175546,0.52,-0.15820263608611684,4.392991324576894,0.45412366486990585,-0.08327988250211149,1.5010578898953755,-0.060974408124163215,0,nan,nan,1.5055382040149132,-0.027343313847455697,0.5376515727779165,-0.06015529046440254,PREDICT,0
8.42,0,occlusion,5.8784,0.2378397760577129,0.52,-0.15869297864335793,4.403706535087226,0.45322923465574755,-0.08446457906860472,1.5010721680125685,-0.061309662004344734,0,nan,nan,1.5054475260475577,-0.026924921965751025,0.5376238036227706,-0.05923482832465226,PREDICT,0
8.44,0,occlusion,5.8888,0.23466106720969512,0.52,-0.1591768211583807,4.414420109554189,0.45232215896526756,-0.085631302103502,1.501091150912347,-0.06166108860782371,0,nan,nan,1.5053579642204054,-0.02651643261130676,0.537595257064761,-0.05833615174487488,PREDICT,0
8.46,0,occlusion,5.8992,0.2314727466771724,0.52,-0.1596541438130633,4.425132035639458,0.45140263414776727,-0.08678047382282994,1.5011148476982945,-0.062028286884230344,0,nan,nan,1.5052695250821495,-0.026117539075633633,0.5375660107053671,-0.057458585966394,PREDICT,0
8.48,0,occlusion,5.9096,0.22827494505330823,0.52,-0.16012492705633652,4.4358423027457,0.45047085188065283,-0.08791250340840184,1.5011432652659658,-0.06241086599928458,0,nan,nan,1.5051822137268303,-0.02572794512663057,0.5375361375766962,-0.056601479278587254,PREDICT,0
8.5,0,occlusion,5.92,0.22506779331960952,0.52,-0.1605891516049846,4.446550901911095,0.4495269993106788,-0.0890277874525296,1.5011764083970478,-0.06280844497393634,0,nan,nan,1.5050960338876112,-0.02534736463926679,0.5375057063858836,-0.05576420220638694,PREDICT,0
8.52,0,occlusion,5.9304,0.2218514228405634,0.52,-0.1610467984444349,4.4572578257096716,0.44857125919074153,-0.09012671038706888,1.5012142798482349,-0.06322065233676089,0,nan,nan,1.5050109880253515,-0.024975521239527954,0.537474781746482,-0.0549461467269615,PREDICT,0
8.540000000000001,0,occlusion,5.9408,0.21862596535825432,0.52,-0.16149784882953688,4.467963068157112,0.4476038100123473,-0.09120964489735917,1.501256880435119,-0.06364712578912135,0,nan,nan,1.5049270774122585,-0.024612147961142306,0.537443424397548,-0.05414672551451308,PREDICT,0
8.56,0,occlusion,5.9512,0.21539155298697069,0.52,-0.16194228428532978,4.478666624621757,0.4466248261338777,-0.09227695232160205,1.5013042091113724,-0.06408751188262318,0,nan,nan,1.5048443022108846,-0.02425698691461342,0.5374116914110978,-0.05336537121214953,PREDICT,0
8.58,0,occlusion,5.9616,0.2121483182077906,0.52,-0.16238008660779946,4.489368491740496,0.4456344779047738,-0.09332898303619874,1.501356263043493,-0.06454146570840491,0,nan,nan,1.5047626615487248,-0.023909788968102585,0.5373796363885688,-0.05260153572982569,PREDICT,0
8.6,0,occlusion,5.9719999999999995,0.20889639386315714,0.52,-0.16281123786462406,4.500068667339307,0.4446329317857568,-0.09436607682754694,1.5014130376813521,-0.06500865059782734,0,nan,nan,1.5046821535886594,-0.023570313439730928,0.5373473096468893,-0.05185468956740805,PREDICT,0
8.620000000000001,0,occlusion,5.982400000000001,0.20563591315143642,0.52,-0.16323572039590842,4.510767150358165,0.4436203504652034,-0.09538856325078537,1.5014745268247884,-0.06548873783414466,0,nan,nan,1.5046027755954565,-0.023238327800876757,0.5373147583947133,-0.051124321161928866,PREDICT,0
8.64,0,occlusion,5.992800000000001,0.20236700962146337,0.52,-0.16365351681490725,4.5214639407801,0.44259689297178895,-0.09639676197594849,1.501540722686457,-0.06598140637474526,0,nan,nan,1.5045245239985579,-0.022913607390067536,0.5372820268993566,-0.05040993625814858,PREDICT,0
8.66,0,occlusion,6.0032000000000005,0.1990898171670692,0.52,-0.16406461000873776,4.532159039564177,0.4415627147835111,-0.09739098312198013,1.5016116159511708,-0.06648634258358532,0,nan,nan,1.504447394451344,-0.022595935137082357,0.5372491566449374,-0.04971105730158119,PREDICT,0
8.68,0,occlusion,6.0136,0.19580447002159834,0.52,-0.1644689831390802,4.542852448582173,0.44051796793320336,-0.09837152757904333,1.5016871958318987,-0.06700323997343416,0,nan,nan,1.5043713818870728,-0.0222851012968861,0.5372161864821974,-0.04902722285314943,PREDICT,0
8.700000000000001,0,occlusion,6.024000000000001,0.19251110275241082,0.52,-0.16486661964286764,4.553544170558765,0.4394628011106455,-0.09933868731953721,1.5017674501226315,-0.06753179895756789,0,nan,nan,1.5042964805716674,-0.02198090319304402,0.5371831527704432,-0.048357987024696854,PREDICT,0
8.72,0,occlusion,6.034400000000001,0.18920985025536952,0.52,-0.16525750323296454,4.564234209015028,0.43839735976137617,-0.10029274569822899,1.5018523652482836,-0.06807172661057947,0,nan,nan,1.5042226841535276,-0.021683144970268575,0.5371500895120416,-0.04770291893459087,PREDICT,0
8.74,0,occlusion,6.0448,0.18590084774931542,0.52,-0.16564161789883358,4.574922568215075,0.4373217861823088,-0.1012339777418827,1.5019419263118041,-0.06862273643795591,0,nan,nan,1.5041499857105238,-0.021391637355763216,0.5371170284798612,-0.04706160218267908,PREDICT,0
8.76,0,occlusion,6.0552,0.18258423077052827,0.52,-0.16601894790719188,4.585609253115655,0.4362362196142519,-0.10216265042876094,1.5020361171386472,-0.06918454815411756,0,nan,nan,1.504078377794324,-0.02110619742905495,0.5370839993380356,-0.0464336343439209,PREDICT,0
8.78,0,occlusion,6.0656,0.17926013516717587,0.52,-0.16638947780265495,4.596294269318564,0.43514079633142916,-0.10307902295836069,1.5021349203187544,-0.0697568874686012,0,nan,nan,1.5040078524721971,-0.020826648399998593,0.5370510297564074,-0.04581862647999691,PREDICT,0
8.8,0,occlusion,6.0760000000000005,0.1759286970937489,0.52,-0.16675319240837022,4.606977623025702,0.4340356497280955,-0.10398334701172551,1.5022383172461977,-0.0703394858800932,0,nan,nan,1.5039384013664354,-0.020552819394660027,0.5370181455189929,-0.04521620266825206,PREDICT,0
8.82,0,occlusion,6.0864,0.172590053005486,0.52,-0.16711007682663814,4.617659320996647,0.43292091040234043,-0.1048758670026726,1.5023462881566036,-0.07093208047802912,0,nan,nan,1.5038700156915132,-0.020284545248798302,0.5369853706267753,-0.04462599954735627,PREDICT,0
8.84,0,occlusion,6.0968,0.1692443396527816,0.52,-0.1674601164395229,4.628339370508603,0.4317967062371685,-0.10575682032025391,1.502458812162499,-0.07153441375148528,0,nan,nan,1.503802686289113,-0.02002166630866542,0.5369527273951366,-0.044047665879063926,PREDICT,0
8.86,0,occlusion,6.1072,0.1658916940755873,0.52,-0.16780329690945087,4.639017779318595,0.4306631624789439,-0.10662643756276413,1.5025758672866876,-0.0721462334050913,0,nan,nan,1.5037364036611265,-0.019764028238869358,0.536920236546202,-0.04348086212551259,PREDICT,0
8.88,0,occlusion,6.1176,0.16253225359779672,0.52,-0.16813960417979804,4.649694555627789,0.42952040181328444,-0.10748494276359377,1.5026974304937721,-0.0727672921817204,0,nan,nan,1.5036711580007442,-0.019511481837037437,0.5368879172963749,-0.042925260041482366,PREDICT,0
8.9,0,occlusion,6.128,0.15916615582162238,0.52,-0.16846902447546558,4.660369708047823,0.4283685444384867,-0.10833255360921568,1.502823477719935,-0.07339734769169715,0,nan,nan,1.5036069392217368,-0.019263882855039327,0.5368557874393108,-0.04238054228108652,PREDICT,0
8.92,0,occlusion,6.1384,0.15579353862195885,0.52,-0.16879154430344423,4.671043245569047,0.42720770813656295,-0.1091694816495834,1.5029539839010764,-0.07403616224829879,0,nan,nan,1.5035437369860194,-0.019021091826537884,0.5368238634245687,-0.04184640201838335,PREDICT,0
8.94,0,occlusion,6.1488,0.15241454014073486,0.52,-0.16910715045336694,4.681715177530557,0.4260380083419668,-0.10999593250121142,1.5030889229993967,-0.07468350270931756,0,nan,nan,1.5034815407295954,-0.01878297390063599,0.5367921604321663,-0.04132254258139918,PREDICT,0
8.96,0,occlusion,6.1592,0.1490292987812553,0.52,-0.16941582999805,4.692385513591939,0.42485955820808396,-0.11081210604319303,1.5032282680285296,-0.0753391403244632,0,nan,nan,1.5034203396869683,-0.018549398681402263,0.5367606924432599,-0.04080867709908498,PREDICT,0
8.98,0,occlusion,6.1696,0.1456379532025339,0.52,-0.1697175702940223,4.70305426370662,0.4236724686715603,-0.11161819660640804,1.503371991077294,-0.07600285058839518,0,nan,nan,1.503360122914101,-0.018320240073068206,0.5367294723071445,-0.04030452816075006,PREDICT,0
9.0,0,occlusion,6.18,0.14224064231361097,0.52,-0.17001235898204353,4.713721438096753,0.42247684851453887,-0.11241439315615809,1.5035200633321675,-0.07667441309918122,0,nan,nan,1.5033008793099973,-0.018095376130686347,0.536698511804766,-0.03980982748750997,PREDICT,0
9.02,0,occlusion,6.1904,0.13883750526786529,0.52,-0.17030018398761035,4.724387047229534,0.4212728044248749,-0.11320087946846513,1.5036724550985319,-0.0773536114219886,0,nan,nan,1.5032425976369885,-0.017874688916068582,0.5366678217089329,-0.03932431561535088,PREDICT,0
9.040000000000001,0,occlusion,6.200800000000001,0.13542868145731468,0.52,-0.17058103352145065,4.735051101794897,0.4200604410543943,-0.11397783430025221,1.5038291358207894,-0.07804023295781093,0,nan,nan,1.5031852665397887,-0.017658064358798242,0.5366374118413965,-0.03884774158935614,PREDICT,0
9.06,0,occlusion,6.211200000000001,0.1320143105069061,0.52,-0.17085489608000684,4.7457136126844945,0.4188398610752619,-0.11474543155362671,1.5039900741013956,-0.07873406881705858,0,nan,nan,1.5031288745633813,-0.017445392122148906,0.5366072911269548,-0.038379862668727595,PREDICT,0
9.08,0,occlusion,6.2216000000000005,0.12859453226879586,0.52,-0.17112176044590685,4.756374590971902,0.4176111652345213,-0.11550384043447082,1.5041552377188963,-0.07943491369782674,0,nan,nan,1.5030734101698096,-0.01723656547373098,0.5365774676447481,-0.03792044404220816,PREDICT,0
9.1,0,occlusion,6.232,0.1251694868166229,0.52,-0.17138161568842347,4.767034047893981,0.416374452406867,-0.1162532256055413,1.5043245936450087,-0.0801425657686794,0,nan,nan,1.503018861753922,-0.01703148116069153,0.5365479486768793,-0.03746925855352137,PREDICT,0
9.120000000000001,0,occlusion,6.242400000000001,0.1217393144397694,0.52,-0.17163445116392237,4.777691994833339,0.415129819645708,-0.11699374733427126,1.504498108060822,-0.08085682655578186,0,nan,nan,1.502965217658133,-0.016830039289318144,0.5365187407545048,-0.03702608643649992,PREDICT,0
9.14,0,occlusion,6.252800000000001,0.11830415563761729,0.52,-0.1718802565162978,4.788348443301821,0.41387736223257954,-0.11772556163546177,1.504675746372158,-0.08157750083422632,0,nan,nan,1.502912466186249,-0.01663214320887585,0.5364898497015217,-0.03659071505952687,PREDICT,0
9.16,0,occlusion,6.2632,0.11486415111379036,0.52,-0.17211902167739684,4.799003404924983,0.41261717372495843,-0.11844882040904148,1.5048574732241629,-0.08230439652339383,0,nan,nan,1.5028605956164132,-0.01643769939953632,0.5364612806759775,-0.036162938678979906,PREDICT,0
9.18,0,occlusion,6.2736,0.11141944177039295,0.52,-0.17235073686743196,4.8096568914274975,0.4113493460025351,-0.11916367157306862,1.5050432525151585,-0.08303732458621438,0,nan,nan,1.502809594213215,-0.01624661736425237,0.5364330382093188,-0.03574255820135522,PREDICT,0
9.200000000000001,0,occlusion,6.284000000000001,0.1079701687022377,0.52,-0.17257539259538138,4.820072347785779,0.4101022936800462,-0.12116225154894655,1.5052330474098146,-0.0837760989321783,1,1.490682791419517,-0.08457696651111299,1.4966989790177911,-0.04542227217904493,0.5244923036763706,-0.09992899879389885,TRACK,0
9.22,0,occlusion,6.2944,0.1045164731910682,0.52,-0.1727929796593778,4.830491753531161,0.4088336408716608,-0.12311129954016309,1.5056642121560235,-0.08321507393956296,0,nan,nan,1.4968458575314236,-0.0442965452549231,0.524817816092208,-0.09745239956083084,TRACK,0
9.24,0,occlusion,6.3048,0.10105849669976899,0.52,-0.17300348914708558,4.840914849868699,0.4075439174919399,-0.1250123804800558,1.506091081235146,-0.08269203383782298,0,nan,nan,1.4969864051910826,-0.04320638499756102,0.5251293261135288,-0.09505404699463425,TRACK,0
9.26,0,occlusion,6.3152,0.09759638086657417,0.52,-0.17320691243606545,4.851341392531901,0.4062336377256212,-0.12686700521871463,1.5065139160850143,-0.08220565558319315,0,nan,nan,1.4971209118303,-0.042150562242249556,0.5254275044513628,-0.09273123693294903,TRACK,0
9.28,0,occlusion,6.3256,0.09413026749926401,0.52,-0.17340324119412803,4.861743765718296,0.40490679351817277,-0.12926631323816506,1.5069329631408388,-0.08175466031150558,1,1.4972918920141673,-0.08288787362393311,1.4969786945084378,-0.05452972771478537,0.5243326316849265,-0.11996540097252782,TRACK,0
9.3,0,occlusion,6.336,0.09066029856935694,0.52,-0.1735924673796748,4.872150968361209,0.4035539491500652,-0.13160300270931646,1.5073759663422024,-0.08074660985350635,0,nan,nan,1.4971445100550476,-0.05310657888980508,0.5247381602642447,-0.11683447355757118,TRACK,0
9.32,0,occlusion,6.3464,0.08718661620629617,0.52,-0.17377458324202763,4.882562644284097,0.40217577577779035,-0.1338790939305321,1.5078124872283905,-0.0797865780483975,0,nan,nan,1.4973022631544084,-0.051729345936719184,0.5251246456016259,-0.11380456106078221,TRACK,0
9.34,0,occlusion,6.3568,0.08370936269162513,0.52,-0.17394958132174626,4.892884156155604,0.4007856256755723,-0.13641184005391782,1.5082428972987687,-0.07887287063969639,1,1.4884795068607324,-0.07841089760252334,1.495035060037901,-0.05756241189512723,0.5207353565400052,-0.12663730616927993,TRACK,0
9.36,0,occlusion,6.3671999999999995,0.08022868045316141,0.52,-0.17411745445093388,4.903211795861285,0.39936800932076105,-0.13887756682583996,1.5087623943288542,-0.07768349430936361,0,nan,nan,1.4952546926372698,-0.05603924481640998,0.5212239874080152,-0.12328633859610197,TRACK,0
9.38,0,occlusion,6.3776,0.0767447120591631,0.52,-0.17427819575353054,4.913545148815754,0.397923640607464,-0.14127845162278252,1.5092734571439765,-0.07654542742465642,0,nan,nan,1.495464554982115,-0.05456556356688136,0.5216904835762237,-0.120044239847139,TRACK,0
9.4,0,occlusion,6.388000000000001,0.07325760021248874,0.52,-0.1744317986455949,4.924014325575321,0.39643465177702913,-0.14377291823547145,1.509776521862262,-0.07545684369918026,1,1.5141428411281173,-0.06953245024355922,1.4995972568554987,-0.056692423015654914,0.5287266537640394,-0.12472333063444083,TRACK,0
9.42,0,occlusion,6.3984000000000005,0.06976748774475161,0.52,-0.1745782568355741,4.934486874090531,0.39491852202807054,-0.1462017500966537,1.5101405739220464,-0.07426635056192943,0,nan,nan,1.4997096963385792,-0.055200724117779654,0.5290862921563761,-0.12144159305911525,TRACK,0
9.44,0,occlusion,6.4088,0.06627451761047086,0.52,-0.17471756432456106,4.944962452355345,0.39337596778468903,-0.14856706776106288,1.5104986179631497,-0.07312565597576004,0,nan,nan,1.499814947844022,-0.05375721964565905,0.5294270808525071,-0.11826588322044991,TRACK,0
9.46,0,occlusion,6.419200000000001,0.06277883288121415,0.52,-0.17484971540654057,4.95544074066882,0.3918076837210286,-0.15087091790047014,1.510851022600083,-0.07203298902481059,0,nan,nan,1.499913412510338,-0.05236023044107485,0.5297500374814577,-0.11519250697036468,TRACK,0
9.48,0,occlusion,6.429600000000001,0.059280576739740215,0.52,-0.17497470466862272,4.9660117694833446,0.39020061094229164,-0.15330873354031294,1.5111981335183022,-0.07098663973104946,1,1.5149122534613122,-0.07382124690467701,1.5027948609314532,-0.05540490090551575,0.5346244782875096,-0.12189078199213467,TRACK,0
9.5,0,occlusion,6.44,0.055779892474131024,0.52,-0.17509252699126487,4.9765840325384305,0.3885669718004282,-0.1556828724369148,1.5114491459001798,-0.06979586163302942,0,nan,nan,1.5028301438054124,-0.053957702195501334,0.5348867238765905,-0.11870694483010294,TRACK,0
9.52,0,occlusion,6.4504,0.05227692347192469,0.52,-0.1752031775484811,4.987157250235755,0.38690747401551207,-0.15799538075795372,1.511695902802369,-0.06865286589017883,0,nan,nan,1.502860201292497,-0.052557007296342384,0.5351328465277456,-0.11562541605195326,TRACK,0
9.540000000000001,0,occlusion,6.460800000000001,0.04877181321424128,0.52,-0.17530665180804014,4.997766241640637,0.3852172145275109,-0.16037244854873567,1.5119387153711756,-0.06755594886339544,1,1.509634442954484,-0.06764615048164668,1.5040107890790024,-0.054024267972312856,0.5371398229642707,-0.11885338953908829,TRACK,0
9.56,0,occlusion,6.4712000000000005,0.0452647052699079,0.52,-0.1754029455316507,5.008375452329597,0.3835010512914603,-0.16268787454326405,1.512142436684964,-0.06638086405727472,0,nan,nan,1.5040140967833273,-0.0526233180574609,0.5373559520827639,-0.11577129972641399,TRACK,0
9.58,0,occlusion,6.4816,0.041755743289575105,0.52,-0.17549205477513538,5.018984639528105,0.38175967479488315,-0.16494363157897096,1.5123426937701547,-0.06525163734462414,0,nan,nan,1.5040131229671445,-0.05126720535697604,0.5375575437006883,-0.1127878517853473,TRACK,0
9.6,0,occlusion,6.492,0.038245070999834804,0.52,-0.17557397588859197,5.029569125098588,0.3799978243812044,-0.1672538156695964,1.5125397631819855,-0.06416662766103709,1,1.5004397795183728,-0.06630796673092737,1.503424215300249,-0.05250418387785549,0.5365059451486663,-0.11550920453128209,TRACK,0
9.620000000000001,0,occlusion,6.502400000000001,0.03473283219733339,0.52,-0.17564870551654319,5.040153777075637,0.3782108065421264,-0.16950455242422757,1.512758639337614,-0.0630109885161505,0,nan,nan,1.5034365380625987,-0.05115310805979689,0.5367222052245135,-0.11253683773155317,TRACK,0
9.64,0,occlusion,6.5128,0.031219170742881167,0.52,-0.17571624059807386,5.050738368062457,0.3763992874639288,-0.17169773895281892,1.5129739235056334,-0.06189921061785464,0,nan,nan,1.5034446048716643,-0.049845148377075876,0.5369245005793543,-0.10965932642956694,TRACK,0
9.66,0,occlusion,6.5232,0.02770423055556031,0.52,-0.17577657836695654,5.061322687807115,0.37456391246149473,-0.17383520686749465,1.51318587762393,-0.0608297144121992,0,nan,nan,1.5034487137878723,-0.04857881624262861,0.5371136422041557,-0.10687339573378295,TRACK,0
9.68,0,occlusion,6.5336,0.02418815560682922,0.52,-0.1758297163517646,5.071908071586015,0.3727050380086119,-0.17598673113216678,1.513394745262909,-0.05980097373043103,1,1.5042350490811998,-0.05781810168649158,1.5035547975251675,-0.04889827874254582,0.5373680395645362,-0.10757621323360081,TRACK,0
9.700000000000001,0,occlusion,6.5440000000000005,0.020671089914625736,0.52,-0.17587565237597363,5.082492923875467,0.3708227721210854,-0.17808392377853366,1.5135992026663618,-0.058743569724545974,0,nan,nan,1.5035538017653944,-0.04766346923561082,0.5375454000846663,-0.10485963231834382,TRACK,0
9.72,0,occlusion,6.5544,0.01715317753746986,0.52,-0.1759143845580505,5.093077064496825,0.36891772531060735,-0.18012850461290375,1.5138007209928297,-0.05772563783750284,0,nan,nan,1.5035493789586298,-0.046467746235687724,0.5377109726488604,-0.102229041718513,TRACK,0
9.74,0,occlusion,6.5648,0.013634562568560231,0.52,-0.17594591131153048,5.103747553777719,0.366974604756649,-0.1821895712205488,1.513999512752258,-0.05674574335641891,1,1.521690732961435,-0.05636605772641421,1.506020793617602,-0.04684242290102336,0.5422984855706744,-0.10305333038225141,TRACK,0
9.76,0,occlusion,6.5752,0.0101153891298738,0.52,-0.1759702313450821,5.114415852450011,0.36500915732974115,-0.1841993043649266,1.5141072621420488,-0.05573844508407877,0,nan,nan,1.5059576759225743,-0.04567575328131612,0.5423918789702724,-0.10048665721889548,TRACK,0
9.78,0,occlusion,6.5855999999999995,0.006595801366263086,0.52,-0.17598734366256025,5.125081835393795,0.3630219649517847,-0.18615931610734027,1.5142136341135581,-0.05476792672328834,0,nan,nan,1.5058928336561261,-0.044545721418497664,0.542476095565738,-0.09800058712069487,TRACK,0
9.8,0,occlusion,6.596000000000001,0.003075943439550323,0.52,-0.17599724756304674,5.135829857368699,0.3609976822922706,-0.1880995451821894,1.514318785913645,-0.053832844463705065,1,1.5239043215909147,-0.048373587910830386,1.5081688335773369,-0.044096115337481034,0.546849377476642,-0.09701145374245829,TRACK,0
9.82,0,occlusion,6.606400000000001,-0.0004440404773756765,0.52,-0.1759999426408792,5.146574165651737,0.35895250526886163,-0.189992319494531,1.514337037570348,-0.05290662847176009,0,nan,nan,1.5080491370076188,-0.04301759800776406,0.5468612930580258,-0.09463871561708094,TRACK,0
9.84,0,occlusion,6.6168000000000005,-0.00396400620646556,0.52,-0.17599542878566765,5.157314691147278,0.35688697469398734,-0.19183911478498983,1.5143554398774646,-0.05201384695032951,0,nan,nan,1.5079293710791624,-0.04197262023770021,0.546866767311973,-0.09233976452294047,TRACK,0
9.86,0,occlusion,6.6272,-0.007483809570415433,0.52,-0.17598370618229894,5.16805137404538,0.354801613979337,-0.19364135664042825,1.5143740916981245,-0.05115326867523251,0,nan,nan,1.5078096741566056,-0.040960042169053246,0.5468662747066239,-0.09011209277191715,TRACK,0
9.88,0,occlusion,6.637600000000001,-0.011003306398572102,0.52,-0.1759647753109293,5.178851413736462,0.3526837419671276,-0.19546471623124173,1.5143930810122592,-0.05032370256920604,1,1.5225106822852312,-0.05137814487093342,1.5095628601422482,-0.04143999070030535,0.5502868324543111,-0.09116797954067178,TRACK,0
9.9,0,occlusion,6.648000000000001,-0.014522352532836569,0.52,-0.17593863694696452,5.189646640085064,0.35054636600599015,-0.1972443875207679,1.5143440442508669,-0.04946202206770245,0,nan,nan,1.5094044952645471,-0.04044707476196274,0.5502392386880206,-0.08898356447631804,TRACK,0
9.92,0,occlusion,6.6584,-0.01804080383357166,0.52,-0.17590529216102838,5.200437028092941,0.34838998480954836,-0.19898171477521887,1.5142961843812963,-0.04863044406647088,0,nan,nan,1.5092472763633642,-0.03948471032842793,0.5501873617798653,-0.08686636272254146,TRACK,0
9.94,0,occlusion,6.6688,-0.021558516185504254,0.52,-0.1758647423189186,5.211300069761184,0.34619945108865063,-0.20073259478059047,1.514249553625893,-0.04782784475242918,1,1.5265685400216416,-0.048633583795036545,1.5112125108163004,-0.039792727394808214,0.5540850843245473,-0.08754400026857807,TRACK,0
9.96,0,occlusion,6.679200000000001,-0.02507534550362799,0.52,-0.1758169890815511,5.222157210929079,0.34399031766470695,-0.20244215321571302,1.5141252193196442,-0.047001083294467616,0,nan,nan,1.5110123329021867,-0.03885360079824052,0.5539805610858248,-0.08547792175612914,TRACK,0
9.98,0,occlusion,6.6896,-0.02859114773910543,0.52,-0.1757620344048918,5.233008462630073,0.3417630569698708,-0.20411165064829273,1.5140030672223546,-0.04620227047157632,0,nan,nan,1.510814453478669,-0.0379431234677261,0.5538735272629843,-0.08347487162899743,TRACK,0
10.0,0,occlusion,6.7,-0.03210577888516905,0.52,-0.17569988053987654,5.24386757397431,0.3395152835311923,-0.2057766352968824,1.5138831121122218,-0.0454303513686094,1,1.5139504497334222,-0.04364239495205048,1.511009657702717,-0.0378405601952192,0.5544654737180762,-0.08324923242948223,TRACK,0
10.02,0,occlusion,6.7104,-0.035619094983018,0.52,-0.17563053003231896,5.254720677795799,0.3372499026004948,-0.2074029860573985,1.5137513529401185,-0.04465040352796601,0,nan,nan,1.510809501153755,-0.03696251728445743,0.554350550917889,-0.08131753802580635,TRACK,0
10.040000000000001,0,occlusion,6.7208000000000006,-0.03913095212771683,0.52,-0.17555398572280614,5.265567799616495,0.3349673542018091,-0.20899187205664216,1.5136218572684097,-0.043896055106216636,0,nan,nan,1.5106118652085991,-0.03611104543735166,0.554233883359173,-0.07944429996217367,TRACK,0
10.06,0,occlusion,6.7312,-0.042641206474086917,0.52,-0.1754702507465823,5.276408969518062,0.3326680640988333,-0.21054442324033085,1.5134946223547405,-0.04316632413701171,0,nan,nan,1.510416788791809,-0.03528525417473993,0.5541157365846235,-0.07762755918442786,TRACK,0
10.08,0,occlusion,6.7416,-0.046149714242601496,0.52,-0.1753793285334204,5.287288524421106,0.3303429762873652,-0.21210566704823597,1.5133696392462297,-0.04246025963329014,1,1.5203930337100846,-0.04289294319565347,1.511419138317065,-0.03548281381602125,0.5562615127334039,-0.07806219039524676,TRACK,0
10.1,0,occlusion,6.752,-0.04965633172527288,0.52,-0.1752812228074815,5.298161622281096,0.32800151160641816,-0.21363151834213046,1.5132016325601108,-0.04173430094155872,0,nan,nan,1.5112042132928403,-0.03467843849759822,0.5561175998047987,-0.07629256469471608,TRACK,0
10.120000000000001,0,occlusion,6.7624,-0.05316091529153974,0.52,-0.1751759375871625,5.309028312517803,0.32564407118935823,-0.21512303541988054,1.5130362925137086,-0.04103106891151098,0,nan,nan,1.51099240185259,-0.033898115403412366,0.555973205335747,-0.0745758538875072,TRACK,0
10.14,0,occlusion,6.7728,-0.056663321394148196,0.52,-0.17506347718493126,5.319968486845889,0.3232535980329533,-0.21662786329045192,1.512873588737168,-0.040349670329653975,1,1.529259368520854,-0.04227698166068456,1.5128971600047052,-0.034200633422078575,0.5599146726073787,-0.07524139352857287,TRACK,0
10.16,0,occlusion,6.7832,-0.060163406575034675,0.52,-0.17494384620715012,5.33090129703416,0.32084749080620595,-0.21809911998651543,1.5126318324396821,-0.03964484023077297,0,nan,nan,1.5126455438151503,-0.03343765218326,0.5597224548813438,-0.07356283480317201,TRACK,0
10.18,0,occlusion,6.7936,-0.06366102747119906,0.52,-0.17481704955388724,5.3418268203929475,0.31842612898537004,-0.21953779970126241,1.5123935652752016,-0.038961025106379665,0,nan,nan,1.5123980140309878,-0.032697266244248624,0.5595311736865333,-0.07193398573734698,TRACK,0
10.200000000000001,0,occlusion,6.804000000000001,-0.0671560408205789,0.52,-0.1746830924187158,5.352608408804547,0.31602038832552237,-0.2209640753872666,1.512158727394206,-0.03829738398347304,1,1.4812943418363318,-0.035871157445838305,1.5086278109173121,-0.0324153565000902,0.5523364843996241,-0.07131378430019844,TRACK,0
10.22,0,occlusion,6.814400000000001,-0.07064830346791581,0.52,-0.1745419802885013,5.3633847456826444,0.31359967903123576,-0.22235908092907852,1.512067238353833,-0.037630272103179596,0,nan,nan,1.508470361051999,-0.03170467140481614,0.5522437641062432,-0.06975027709059552,TRACK,0
10.24,0,occlusion,6.824800000000001,-0.07413767237061976,0.52,-0.1743937189431769,5.3741558681509565,0.3111643521332721,-0.22372373765038844,1.5119771159721924,-0.03698221224140097,0,nan,nan,1.5083150153580944,-0.03101492548432061,0.5521501071432717,-0.06823283606550534,TRACK,0
10.26,0,occlusion,6.8352,-0.07762400460462861,0.52,-0.17423831445550658,5.3849218158888945,0.3087147475824994,-0.2250589362673896,1.5118883363348907,-0.0363524186434927,0,nan,nan,1.5081617929217526,-0.030345423113661063,0.5520556882036104,-0.06675993085005434,TRACK,0
10.28,0,occlusion,6.8456,-0.0811071573702617,0.52,-0.1740757731908364,5.395737955017726,0.3062385288704382,-0.22641185040585743,1.5118008715168532,-0.035740129698806467,1,1.5207838187266582,-0.038856381498212036,1.5094609491871014,-0.0307480486015419,0.5547984425991775,-0.06764570692339218,TRACK,0
10.3,0,occlusion,6.856000000000001,-0.08458698799806849,0.52,-0.17390610180683383,5.406548275611142,0.30374824547170276,-0.22773577429574043,1.511657972112525,-0.03509966290068789,0,nan,nan,1.5092809738538036,-0.03008917931552757,0.5546722968078741,-0.06619619449416066,TRACK,0
10.32,0,occlusion,6.8664000000000005,-0.08806335395467273,0.52,-0.17372930725321506,5.417352835726116,0.3012442209616215,-0.22903155103731665,1.5115169157658075,-0.03447612204972428,0,nan,nan,1.5091037753137142,-0.029449471399459526,0.554546341673058,-0.06478883707881096,TRACK,0
10.34,0,occlusion,6.8768,-0.09153611284861138,0.52,-0.1735453967714603,5.428210964727722,0.29871295165581535,-0.23032530944759477,1.5113776549675333,-0.0338687842195835,1,1.5226028472110185,-0.03391933810392095,1.5104602302376113,-0.02940360023359201,0.5574636528824499,-0.06468792051390243,TRACK,0
10.36,0,occlusion,6.8872,-0.09500512243616516,0.52,-0.17335437789451716,5.439062664306989,0.29616837425053255,-0.2315918708226179,1.511179316597283,-0.03325302576462441,0,nan,nan,1.5102546169426974,-0.028785485795978172,0.5573021127049186,-0.06332806875115199,TRACK,0
10.38,0,occlusion,6.897600000000001,-0.09847024062718683,0.52,-0.1731562584464921,5.449908012593003,0.29361079025006626,-0.23283201703067613,1.5109833870572749,-0.032652542781235194,0,nan,nan,1.5100524885010174,-0.028185141092232247,0.5571418476572751,-0.06200731040291095,TRACK,0
10.4,0,occlusion,6.908,-0.10193132549091954,0.52,-0.17295104654233004,5.460748634560554,0.2910401250570112,-0.23407680828722466,1.510789796452618,-0.03206666137401459,1,1.5103935719744044,-0.0338016191423777,1.5099108962099137,-0.028290710376098094,0.5570623936735863,-0.062239562827415815,TRACK,0
10.42,0,occlusion,6.9184,-0.10538823526181094,0.52,-0.17273875058748192,5.471583046764188,0.2884566832306919,-0.23529586926124457,1.5105968846891455,-0.03146445814142229,0,nan,nan,1.5097157509382462,-0.02770593122772702,0.5569081151057061,-0.06095304870099945,TRACK,0
10.44,0,occlusion,6.9288,-0.10884082834532033,0.52,-0.17251937927756028,5.482411326769454,0.285860748680615,-0.23648993295651044,1.5104060915867474,-0.030876149111088047,0,nan,nan,1.5095239459156593,-0.027137811256042976,0.5567551617648856,-0.05970318476329455,TRACK,0
10.46,0,occlusion,6.9392000000000005,-0.1122889633237182,0.52,-0.17229294159798336,5.493233552687013,0.28325259647158296,-0.2376597083749865,1.5102173458221002,-0.03030109896528277,0,nan,nan,1.5093354530797451,-0.026585804965367554,0.5566036106515919,-0.05848877092380862,TRACK,0
10.48,0,occlusion,6.9496,-0.11573249896187696,0.52,-0.17205944682360688,5.50411951566443,0.28061560610979464,-0.23880774864906984,1.5100305742722895,-0.029738691185158928,1,1.5248426424309964,-0.02642242736340471,1.5109191672555176,-0.02609182441098401,0.560039972041861,-0.057402013704164825,TRACK,0
10.5,0,occlusion,6.96,-0.1191712942130588,0.52,-0.17181890451834414,5.514998655804495,0.27796704223750135,-0.23993282381869552,1.5097740063794085,-0.0291879010521634,0,nan,nan,1.5106966512190434,-0.025569890218768876,0.5598450249238787,-0.05625375848129153,TRACK,0
10.52,0,occlusion,6.9704,-0.12260520822469126,0.52,-0.17157132453477428,5.525871073423619,0.27530715414096907,-0.2410355750338784,1.5095201888436027,-0.028648569565144832,0,nan,nan,1.5104782810274924,-0.025062527617797148,0.559652726185374,-0.05513756075915373,TRACK,0
10.540000000000001,0,occlusion,6.9808,-0.12603410034413623,0.52,-0.17131671701373885,5.536709229880306,0.27264297733852555,-0.24213837479687106,1.5092690230506887,-0.028120133846339268,1,1.5041420431403771,-0.028993413298908,1.5095759762581236,-0.025063630977102402,0.5580400375741524,-0.05513998814962529,TRACK,0
10.56,0,occlusion,6.9912,-0.12945783012445194,0.52,-0.17105509238392633,5.547541224188784,0.26996764451542105,-0.24321949346493454,1.5090488592904336,-0.027579754189051453,0,nan,nan,1.5093824621032639,-0.024570878819621278,0.5578743281718289,-0.05405593340316681,TRACK,0
10.58,0,occlusion,7.0016,-0.13287625733014502,0.52,-0.17078646136144499,5.55836714489093,0.26728139038620263,-0.24427953072647934,1.508830717067946,-0.027049616963036538,0,nan,nan,1.5091925063256841,-0.024091755944197768,0.5577107679969573,-0.0530018630772351,TRACK,0
10.6,0,occlusion,7.012,-0.13628924194291528,0.52,-0.17051083494938393,5.569195933194366,0.264582235835014,-0.24533924099051152,1.5086145076629316,-0.026529191668969165,1,1.5111297279342324,-0.027763852272813694,1.5092398035245043,-0.024084324182553463,0.5580055810917792,-0.05298551320161762,TRACK,0
10.620000000000001,0,occlusion,7.022400000000001,-0.1396966441673906,0.52,-0.1702282244373624,5.58001870048898,0.2618723972839221,-0.2463784882951341,1.5083910211203313,-0.02599795247819303,0,nan,nan,1.5090522861686815,-0.02361925692323963,0.5578429816855841,-0.05196236523112719,TRACK,0
10.64,0,occlusion,7.032800000000001,-0.14309832443685136,0.52,-0.16993864140106757,5.5908355352777095,0.25915209491171787,-0.24739783244283542,1.5081693504576916,-0.025475782157487803,0,nan,nan,1.5088682610249635,-0.023166912447753596,0.5576826154787838,-0.05096720738505792,TRACK,0
10.66,0,occlusion,7.043200000000001,-0.14649414341894973,0.52,-0.16964209770178007,5.601646525523829,0.25642154226277136,-0.2483978151875843,1.5079494053382188,-0.024962181588906063,0,nan,nan,1.5086876807913423,-0.022726880562475404,0.5575245014130721,-0.049999137237445895,TRACK,0
10.68,0,occlusion,7.0536,-0.14988396202141524,0.52,-0.16933860548588833,5.612599739716378,0.2536434131430847,-0.24938845332572157,1.507731095008342,-0.024456665739971406,1,1.54185833306384,-0.024186947759751637,1.5122472765789003,-0.022514503139485775,0.5650019967963115,-0.04953190690686871,TRACK,0
10.700000000000001,0,occlusion,7.064000000000001,-0.1532676413977516,0.52,-0.1690281771843911,5.623545331742332,0.25085567370284434,-0.25036055496120735,1.5073617090330056,-0.023951796378500756,0,nan,nan,1.5119879418174367,-0.022093218988318064,0.5647509981958988,-0.048605081774299744,TRACK,0
10.72,0,occlusion,7.074400000000001,-0.15664504295292442,0.52,-0.16871082551238822,5.634483432228552,0.24805851680392493,-0.2513146152476011,1.5069957207902198,-0.023454183683138563,0,nan,nan,1.5117338568669996,-0.021683188327131564,0.5645044928160887,-0.047703014319689444,TRACK,0
10.74,0,occlusion,7.0848,-0.1600160283490387,0.52,-0.16838656346855982,5.6454465713666195,0.24524381064469525,-0.2522709656023867,1.506632994844515,-0.022963379508004866,1,1.5188821530989156,-0.025301612874863995,1.512310848082154,-0.02173523533603161,0.5659350460155153,-0.047817517739269545,TRACK,0
10.76,0,occlusion,7.0952,-0.16338045951100336,0.52,-0.16805540433463387,5.656402036871286,0.24241990399753,-0.2532097125443422,1.5062399536576234,-0.022459615882556516,0,nan,nan,1.5120487580999897,-0.021335157771720237,0.5656780735892198,-0.04693734709778453,TRACK,0
10.78,0,occlusion,7.1056,-0.1667381986321887,0.52,-0.1677173616748422,5.667349962783062,0.2395869779450401,-0.2541313208609175,1.5058502878055189,-0.02196215039404681,0,nan,nan,1.5117920322991605,-0.020945643558532456,0.5654258390554193,-0.046080415828771405,TRACK,0
10.8,0,occlusion,7.1160000000000005,-0.17008910818007014,0.52,-0.1673724493353648,5.6782958932782055,0.23674380233325715,-0.2550323123494067,1.505463857377993,-0.021470558669547835,1,1.5127545165839327,-0.01976258125399999,1.5116752662180175,-0.020477079283844457,0.5654578719143234,-0.04504957442445781,TRACK,0
10.82,0,occlusion,7.1264,-0.17343305090186023,0.52,-0.16702068144376303,5.6892344782333435,0.23389201172588772,-0.2559171538700191,1.505074933295479,-0.020988437313128827,0,nan,nan,1.5114257375959403,-0.020110034559373435,0.5652109130427636,-0.04424207603062156,TRACK,0
10.84,0,occlusion,7.1368,-0.17676988983013303,0.52,-0.16666207240840047,5.700165847572712,0.2310317699454776,-0.25678626419151396,1.504689050002418,-0.020511300078911887,0,nan,nan,1.5111813632552247,-0.019752507306695755,0.5649686245184143,-0.043455516074730666,TRACK,0
10.86,0,occlusion,7.1472,-0.18009948828843284,0.52,-0.16629663691785304,5.7110901291747584,0.22816323597126478,-0.2576400489061954,1.5043060691853762,-0.02003875817238887,0,nan,nan,1.5109420467978691,-0.019404198060943845,0.5647309440831704,-0.04268923573407646,TRACK,0
10.88,0,occlusion,7.1576,-0.18342170989687204,0.52,-0.1659243899403074,5.722036676439667,0.22527886276202277,-0.2584982011216179,1.503925853910403,-0.01957043299171568,1,1.5172808962201538,-0.022915576604643162,1.5114524445983435,-0.019503459441416737,0.5660090675799064,-0.04290761077111682,TRACK,0
10.9,0,occlusion,7.168,-0.1867364185777178,0.52,-0.1655453467229477,5.73297598564092,0.22238635510659455,-0.2593413090345553,1.5035180494889677,-0.019087056459223817,0,nan,nan,1.5112065106332244,-0.01916154347585275,0.5657629502214572,-0.04215539564687605,TRACK,0
10.92,0,occlusion,7.1784,-0.19004347856096646,0.52,-0.16515952279133111,5.743908186678477,0.21948586331682707,-0.26016975633045014,1.5031130858937296,-0.018607508947635854,0,nan,nan,1.5109657056462176,-0.018828347633977227,0.5655216002684503,-0.0414223647947499,TRACK,0
10.94,0,occlusion,7.1888,-0.19334275438990303,0.52,-0.16476693394875194,5.754765384009948,0.21659564134681228,-0.260973402862954,1.5027108237452762,-0.01813142895041997,1,1.4955210119710933,-0.016371759106655292,1.5090098224223067,-0.01826469392054353,0.5617653356394829,-0.04018232662519577,TRACK,0
10.96,0,occlusion,7.1992,-0.19663411092665145,0.52,-0.16436759627559422,5.765616627498625,0.21369766376917615,-0.2617633786620619,1.5023815054886416,-0.017668110603187515,0,nan,nan,1.5088181715204156,-0.017953995434270453,0.5615775976903025,-0.039498789955395,TRACK,0
10.98,0,occlusion,7.2096,-0.1999174133577073,0.52,-0.16396152612867335,5.776462020285063,0.2107920680986738,-0.26254002543051325,1.5020537314247857,-0.017207402193586407,0,nan,nan,1.5086304713180327,-0.017651062919351812,0.5613934246421143,-0.03883233842257399,TRACK,0
11.0,0,occlusion,7.220000000000001,-0.20319252719946243,0.52,-0.1635487401405657,5.787320179539595,0.2078740120344811,-0.26329425909512727,1.5017273867195888,-0.01674897467543346,1,1.5126186723402808,-0.0154370534435033,1.5089105365777575,-0.017141674195774392,0.5621714008879807,-0.03771168323070367,TRACK,0
11.02,0,occlusion,7.2304,-0.2064593183037118,0.52,-0.1631292552189276,5.79817245752943,0.20494875843021315,-0.2640360623705522,1.501383187880154,-0.01630214018552989,0,nan,nan,1.508719555112977,-0.01685916535056764,0.5619809743619625,-0.03709016377124881,TRACK,0
11.040000000000001,0,occlusion,7.240800000000001,-0.20971765286314897,0.52,-0.1627030885458028,5.809018958273292,0.2020164297904387,-0.26476573821367877,1.5010404587983617,-0.015856771645362144,0,nan,nan,1.5085325672825896,-0.016583541889240383,0.5617942898389259,-0.03648379215632885,TRACK,0
11.06,0,occlusion,7.251200000000001,-0.21296739741684503,0.52,-0.1622702575769187,5.81985978399167,0.19907714526983858,-0.26548358027736674,1.5006990817480832,-0.015412569896185335,0,nan,nan,1.5083494953048109,-0.016314592356542867,0.5616112885023065,-0.035892103184394314,TRACK,0
11.08,0,occlusion,7.2616000000000005,-0.2162084188557181,0.52,-0.16183078004097126,5.830674703257056,0.1961365490616767,-0.26618092132453164,1.500358940462858,-0.014969242979635755,1,1.5036485726205158,-0.014266378139798733,1.507653482549564,-0.015848660162835593,0.5603784095954173,-0.03486705235823831,TRACK,0
11.1,0,occlusion,7.272,-0.2194405844279827,0.52,-0.1613846739388989,5.841484423647549,0.19318926954534593,-0.266867217595228,1.500040987743541,-0.014535243837078937,0,nan,nan,1.5074896305737262,-0.015597642515829069,0.5602153859633524,-0.034314813534823956,TRACK,0
11.120000000000001,0,occlusion,7.282400000000001,-0.2226637617445893,0.52,-0.16093195754314513,5.852289036092017,0.19023541482526704,-0.26754272968906134,1.4997237885051187,-0.014101400005214426,0,nan,nan,1.5073292109238887,-0.015352547587124121,0.5600555949690926,-0.03377560469167307,TRACK,0
11.14,0,occlusion,7.292800000000001,-0.22587781878464547,0.52,-0.1604726493969103,5.863117919945445,0.1872670613556098,-0.2681908676153695,1.499407236318541,-0.01366744511757867,1,1.5137171077794884,-0.01172433858209483,1.507907737957307,-0.014730407416098323,0.5614175091494955,-0.032406896315416316,TRACK,0
11.16,0,occlusion,7.3032,-0.22908262390082396,0.52,-0.16000676831339192,5.873941512988667,0.18429261453921972,-0.2688291595373036,1.499060858573589,-0.013250243178124954,0,nan,nan,1.5077366003580233,-0.014506634589410261,0.5612430405555466,-0.03191459609670258,TRACK,0
11.18,0,occlusion,7.3136,-0.2322780458247555,0.52,-0.1595343333750139,5.884759910453806,0.18131216743029582,-0.26945782901703197,1.4987153413173029,-0.012832093117689958,0,nan,nan,1.5075691123275052,-0.014287942721102453,0.5610721626556343,-0.0314334739864254,TRACK,0
11.200000000000001,0,occlusion,7.324000000000001,-0.23546395367240527,0.52,-0.1590553639326453,5.895473741111361,0.17835328033983208,-0.27006172082433677,1.4983705718140459,-0.012412756968232408,1,1.484983977285171,-0.010926455448020844,1.5048825762973004,-0.013724813802382663,0.5557454007296562,-0.03019459036524186,TRACK,0
11.22,0,occlusion,7.3344000000000005,-0.2386402169494324,0.52,-0.15856987960480756,5.90618388362684,0.17538844957899738,-0.270656803570394,1.4981296189918911,-0.012006505428368008,0,nan,nan,1.5047797633141118,-0.013524607864939142,0.5556468620946815,-0.029754137302866114,TRACK,0
11.24,0,occlusion,7.3448,-0.24180670555653755,0.52,-0.15807790027687088,5.916890397950819,0.17241776255624275,-0.2712432702165759,1.4978878889146405,-0.011598362315582644,0,nan,nan,1.5046790706699984,-0.013328787413220855,0.5555502460550734,-0.029323332309085882,TRACK,0
11.26,0,occlusion,7.3552,-0.2449632897947903,0.52,-0.1575794461002397,5.927593343009739,0.16944130461818951,-0.27182130806893534,1.497645303203842,-0.011188113823067614,0,nan,nan,1.5045804573225998,-0.013137223917257579,0.5554555220520307,-0.028901892617966676,TRACK,0
11.28,0,occlusion,7.3656,-0.24810984037094116,0.52,-0.15707453749152744,5.938232028855622,0.16647609075675782,-0.27242427770901756,1.497401784502089,-0.01077555053200241,1,1.491168259381988,-0.01957544216799075,1.5029531223330883,-0.0137038554564195,0.5522094932437824,-0.030148482004122904,TRACK,0
11.3,0,occlusion,7.376,-0.2512462284027189,0.52,-0.1565631951317201,5.948868003685576,0.16350471997119898,-0.2730183069988552,1.4972203160432314,-0.01032682814587682,0,nan,nan,1.5028945792270643,-0.013500665678126467,0.5521616722679505,-0.02970146449187823,TRACK,0
11.32,0,occlusion,7.3864,-0.25437232542410787,0.52,-0.15604543996532924,5.959501305003726,0.16052728547422,-0.27360359534092593,1.4970368951686006,-0.009876027745232996,0,nan,nan,1.5028371381080892,-0.013302007774330438,0.5521146011163902,-0.029264417103526966,TRACK,0
11.34,0,occlusion,7.3968,-0.25748800339061106,0.52,-0.15552129319953414,5.970092691869806,0.15755490130737887,-0.2741623772290973,1.4968514690385084,-0.0094229310942886,1,1.493937364765994,-0.009482298195006431,1.5017789605888285,-0.012699588367529824,0.5500285069482065,-0.027939094408565613,TRACK,0
11.36,0,occlusion,7.4072,-0.26059313468449485,0.52,-0.154990776303313,5.980682020690757,0.15457671055555447,-0.2747132628014448,1.496704778867587,-0.008985023419605387,0,nan,nan,1.5017462677645794,-0.012520126644264273,0.550007965925242,-0.027544278617381405,TRACK,0
11.38,0,occlusion,7.4176,-0.26368759212001586,0.52,-0.15445391100656367,5.991269315569233,0.1515927971419785,-0.27525641997671624,1.4965554804800383,-0.008544078016340162,0,nan,nan,1.5017141208185338,-0.012344481256171047,0.5499876182777226,-0.027157858763576306,TRACK,0
11.4,0,occlusion,7.428000000000001,-0.2667712489486293,0.52,-0.15391071929921377,6.001838734129448,0.14860772415361762,-0.27577924682315524,1.4964035333579666,-0.00809990129543392,1,1.498051685448055,-0.009571134813387998,1.5012762218239246,-0.011882428328163108,0.5491431267139331,-0.02614134232195884,TRACK,0
11.42,0,occlusion,7.438400000000001,-0.2698439788641831,0.52,-0.15336122343031963,6.01240639493042,0.14561718096145732,-0.27629499798509993,1.496265383666314,-0.007664978224874552,0,nan,nan,1.5012541965377455,-0.011721617316926114,0.5491329606493004,-0.025787558097237453,TRACK,0
11.44,0,occlusion,7.4488,-0.27290565600808975,0.52,-0.15280544590715517,6.022972316455056,0.14262124331594458,-0.2768038169011078,1.4961243109280133,-0.007226215494709365,0,nan,nan,1.5012325004371416,-0.011564066272902185,0.549122800565965,-0.02544094580038481,TRACK,0
11.46,0,occlusion,7.459200000000001,-0.27595615497448117,0.52,-0.15224340949429008,6.03353651703381,0.13961998537020714,-0.27730584296553484,1.495980279729803,-0.006783438620593607,0,nan,nan,1.501211131168571,-0.011409683282436855,0.5491126549374964,-0.025101303221361084,TRACK,0
11.48,0,occlusion,7.469600000000001,-0.2789953508153463,0.52,-0.15167513721265724,6.044072315145514,0.13662107951881128,-0.2777717142542895,1.495833255011644,-0.006336476267196911,1,1.4952141109912163,-0.005374902034929951,1.5005041159129204,-0.010587983835334214,0.5477145199739669,-0.02329356443773527,TRACK,0
11.5,0,occlusion,7.48,-0.2820231190456481,0.52,-0.1511006523386099,6.0546068302125065,0.13361723281790364,-0.2782318280753242,1.4957109617580677,-0.005914539130411622,0,nan,nan,1.5004985409770804,-0.010457132296242566,0.5477205097019228,-0.023005691051733647,TRACK,0
11.52,0,occlusion,7.4904,-0.2850393356484235,0.52,-0.1505199784029681,6.065140071626214,0.13060850806057517,-0.27868628826479824,1.495585286343918,-0.005487539950438602,0,nan,nan,1.5004929584137903,-0.010328640669864608,0.5477262074814337,-0.02272300947370214,TRACK,0
11.540000000000001,0,occlusion,7.500800000000001,-0.28804387707986245,0.52,-0.14993313919005508,6.075662971884298,0.1275975640628958,-0.27911504105643115,1.4954562011379686,-0.005055335147010176,1,1.4984116956410447,-0.006136390848493981,1.5002520071914247,-0.009744381628024268,0.5472595672958531,-0.02143763958165339,TRACK,0
11.56,0,occlusion,7.5112000000000005,-0.29103662027436716,0.52,-0.14934015873672304,6.086184773893762,0.1245820531143423,-0.2795388662789522,1.4953331198722877,-0.004637906147375137,0,nan,nan,1.5002514363324597,-0.009632391420933306,0.5472696405959252,-0.021191261126053275,TRACK,0
11.58,0,occlusion,7.5216,-0.2940174426495953,0.52,-0.14874106133136838,6.096705483923303,0.12156202934816689,-0.27995784318859496,1.4952064771099163,-0.0042146148440154185,0,nan,nan,1.500250766863528,-0.009522202491880183,0.5472793689560269,-0.020948845482136404,TRACK,0
11.6,0,occlusion,7.532,-0.29698622211147907,0.52,-0.14813587151293708,6.107142467273865,0.11856130600384407,-0.2803571651903205,1.4950762477812851,-0.0037853367775881885,1,1.4814573898941454,-0.006364458839369728,1.498141102559589,-0.009075500039211537,0.5429893232123932,-0.019966100086265384,TRACK,0
11.620000000000001,0,occlusion,7.542400000000001,-0.2999428370592271,0.52,-0.1475246140699194,6.117579480359888,0.11555606135336031,-0.28075217652709616,1.4950283953852086,-0.0033646164132621337,0,nan,nan,1.4981884735582185,-0.008977530381265364,0.5430532606639381,-0.019750566838783803,TRACK,0
11.64,0,occlusion,7.5528,-0.3028871663903039,0.52,-0.14690731403933488,6.12801650431129,0.11254634850658003,-0.2811429390272795,1.4949758107877766,-0.002937418036599304,0,nan,nan,1.4982346608123411,-0.008880965913258265,0.5431156423410815,-0.019538125009168184,TRACK,0
11.66,0,occlusion,7.5632,-0.3058190895053921,0.52,-0.14628399670570638,6.138453520875089,0.10953221975193532,-0.2815295131791071,1.494918494774954,-0.002503631500567316,0,nan,nan,1.4982796937033214,-0.008785776177900217,0.5431765065394951,-0.01932870759138048,TRACK,0
11.68,0,occlusion,7.5736,-0.3087384863133305,0.52,-0.14565468760002484,6.148823791349195,0.10653302303814038,-0.28187680107995483,1.4948564479898945,-0.0020631476996761933,1,1.4834344909056603,-0.0016505867126520711,1.4966152832898032,-0.007892906837450475,0.5397631208089125,-0.017364395042391047,TRACK,0
11.700000000000001,0,occlusion,7.5840000000000005,-0.3116452372360345,0.52,-0.14501941249870312,6.159194963282484,0.10352966217366119,-0.2822209371512159,1.4948591262200044,-0.001650922783598574,0,nan,nan,1.4966967862332021,-0.007821274346843765,0.539864297189878,-0.017206803563056285,TRACK,0
11.72,0,occlusion,7.5944,-0.31453922321339234,0.52,-0.1443781974225206,6.16956699904922,0.10052218204421909,-0.28256194902759546,1.4948562105928782,-0.0012311456363240936,0,nan,nan,1.4967763484289924,-0.007750269917722541,0.5399631067847145,-0.01705059381898959,TRACK,0
11.74,0,occlusion,7.6048,-0.3174203257081429,0.52,-0.1437310686355572,6.17997084866798,0.09750163064759751,-0.28286912649309137,1.494847720272709,-0.0008037333685178005,1,1.5038884544496702,-0.0014803568843665587,1.4976405127618244,-0.006981306034003154,0.5416729124421227,-0.01535887327480694,TRACK,0
11.76,0,occlusion,7.6152,-0.320288426710731,0.52,-0.14307805264411752,6.1903751509124545,0.09447748217048874,-0.28317404273494295,1.4948014078333967,-0.0003993561396713474,0,nan,nan,1.4976977711366737,-0.006929914587535002,0.5417448181708201,-0.015245812092577006,TRACK,0
11.78,0,occlusion,7.6255999999999995,-0.32314340874414066,0.52,-0.14241917619564523,6.200779879432776,0.0914497688798003,-0.28347669893024996,1.4947500045046647,1.3419077340870444e-05,0,nan,nan,1.497753664995999,-0.006878549893341912,0.5418150592042615,-0.015132809765352207,TRACK,0
11.8,0,occlusion,7.636000000000001,-0.3259851548687069,0.52,-0.14175446627762758,6.211216421078457,0.08840937170606629,-0.2837337711467489,1.4946935170950335,0.0004346549803617705,1,1.5050414936524383,0.0020098028446145976,1.4986049717831198,-0.005842550374977051,0.5435195868045359,-0.012853610824949515,TRACK,0
11.82,0,occlusion,7.646400000000001,-0.32881354868690543,0.52,-0.14108395011648994,6.2216530259779725,0.08536604522650672,-0.2839897259098243,1.49459923407825,0.000821101364676835,0,nan,nan,1.4986393128297628,-0.0058171537062561285,0.5435636068800725,-0.012797738153763484,TRACK,0
11.84,0,occlusion,7.6568000000000005,-0.33162847434812137,0.52,-0.14040765517648043,6.232089677656643,0.08231980643406146,-0.28424453003375216,1.4945003400467523,0.001216970901964931,0,nan,nan,1.4986728366648567,-0.005791002816545099,0.5436066340711958,-0.012740206196399219,TRACK,0
11.86,0,occlusion,7.6672,-0.33442981655339277,0.52,-0.13972560915854532,6.242526360163188,0.07927067256375138,-0.2844981521553467,1.4943968300142503,0.001622300043744307,0,nan,nan,1.4987055620062115,-0.005764139127150791,0.543648689645938,-0.012681106079731741,TRACK,0
11.88,0,occlusion,7.677600000000001,-0.33721746056013513,0.52,-0.13903783999919397,6.252925979034137,0.07622950412207961,-0.2847182570316322,1.494288699277184,0.0020371266719676484,1,1.490414622286004,0.0007379382806131921,1.4977858535107003,-0.00500238355194238,0.5417581982573332,-0.011005243814273237,TRACK,0
11.9,0,occlusion,7.688000000000001,-0.33999129218683893,0.52,-0.13834437586935527,6.26332615819773,0.07318568678678623,-0.2849379711572233,1.4942145752639289,0.002429127295464184,0,nan,nan,1.497838531805533,-0.004993502854348186,0.5418222739179779,-0.01098570627956601,TRACK,0
11.92,0,occlusion,7.6984,-0.34275119781774893,0.52,-0.13764524517322285,6.273726870530526,0.07013923232737043,-0.2851572412131502,1.4941353430662347,0.0028313045842081053,0,nan,nan,1.497889982753765,-0.0049834103619730286,0.5418849089125508,-0.010963502796340664,TRACK,0
11.94,0,occlusion,7.7088,-0.3454970644075163,0.52,-0.13694047654709232,6.284165259830688,0.06707925661706529,-0.2853318784250729,1.494051009199084,0.0032436789370797747,1,1.5064549359001784,0.003947674024218862,1.4988870573992208,-0.003969027543696324,0.5438828516542262,-0.008731860596131914,TRACK,0
11.96,0,occlusion,7.719200000000001,-0.3482287794858299,0.52,-0.136230098858188,6.2946037534497545,0.0640172706205018,-0.2855071325190104,1.4939228461819738,0.003622224148020159,0,nan,nan,1.498913890208112,-0.003983047589490862,0.543916140775467,-0.008762704696879897,TRACK,0
11.98,0,occlusion,7.7296000000000005,-0.3509462311620212,0.52,-0.13551414120348082,6.3050423353426215,0.06095327181074388,-0.285682920374418,1.4937901242895228,0.004011867232328825,0,nan,nan,1.4989401024977553,-0.003995178531989385,0.5439487122888516,-0.008789392770376648,TRACK,0
12.0,0,occlusion,7.74,-0.3536493081296499,0.52,-0.13479263290849616,6.315411522311222,0.057907662313962195,-0.2858195199324043,1.4936528373930098,0.0044126060324489735,1,1.4830490240564345,0.004146992750666637,1.4971850162600555,-0.0031045354087790855,0.5403604713445407,-0.006829977899313989,TRACK,0
12.02,0,occlusion,7.7504,-0.35633789967106144,0.52,-0.1340656035261129,6.325781772852122,0.054860201586798454,-0.2859575414978406,1.493583381242522,0.004784573371361844,0,nan,nan,1.497250620130133,-0.0031368537599143487,0.5404375846585764,-0.006901078271811568,TRACK,0
12.040000000000001,0,occlusion,7.760800000000001,-0.35901189566192204,0.52,-0.1333330828353529,6.336153049333762,0.05181088423133028,-0.2860968786196758,1.4935084282077873,0.005168368125082257,0,nan,nan,1.4973147194798009,-0.003166752768978043,0.5405129790138735,-0.006966856091751694,TRACK,0
12.06,0,occlusion,7.7712,-0.3616711865757298,0.52,-0.13259510084016127,6.3465253151583125,0.04875970575339206,-0.2862374290913472,1.4934279940778408,0.005563969056825435,0,nan,nan,1.4973773480904067,-0.003194328901627852,0.540586691566115,-0.007027523583581275,TRACK,0
12.08,0,occlusion,7.7816,-0.36431566348830036,0.52,-0.13185168776817738,6.3568595802699965,0.04571812759088463,-0.286337715575411,1.4933420946814664,0.005971358255538295,1,1.488691842664824,0.005093988484463932,1.4964387693954315,-0.0022792382741756434,0.5386284273903679,-0.005014324203186416,TRACK,0
12.1,0,occlusion,7.792,-0.3669452180822295,0.52,-0.13110287406949667,6.36719537980111,0.04267497145477645,-0.2864401140807442,1.4932913517478557,0.006348971868013642,0,nan,nan,1.496521228356966,-0.0023272387575765663,0.5387243061531908,-0.005119925266668446,TRACK,0
12.120000000000001,0,occlusion,7.8024000000000004,-0.3695597426513289,0.52,-0.1303486904154235,6.377532665854341,0.03963022732505862,-0.2865444993369324,1.493234663860434,0.006739122537068987,0,nan,nan,1.4966017999243533,-0.002372392186090977,0.5388180345946171,-0.00521926280940015,TRACK,0
12.14,0,occlusion,7.8128,-0.3721591301050371,0.52,-0.129589167697215,6.38785257816733,0.03658942971867619,-0.2866070687825628,1.4931720581896375,0.00714177387214221,1,1.4924191890445493,0.0064621452168350125,1.4961968813327136,-0.0014220328552361217,0.537928992132678,-0.003128472281519468,TRACK,0
12.16,0,occlusion,7.8232,-0.3747432739728077,0.52,-0.12882433702481552,6.398174247064886,0.03354741262397003,-0.2866725409140014,1.4931231745866915,0.007513113270882776,0,nan,nan,1.496284649980285,-0.0014880029872372802,0.5380304750552485,-0.0032736065719220168,TRACK,0
12.18,0,occlusion,7.8336,-0.3773120684084694,0.52,-0.12805422972558236,6.40849761984544,0.030504158742446084,-0.28674076765214007,1.4930681850952368,0.00789772055827509,0,nan,nan,1.4963704125823172,-0.0015506076849716166,0.5381296771079007,-0.003411336906937557,TRACK,0
12.200000000000001,0,occlusion,7.844000000000001,-0.3798654081945611,0.52,-0.12727887734300292,6.418793461596211,0.02746825729272735,-0.2867805662906302,1.4930071215159946,0.008295541345218815,1,1.489737096348248,0.004772892865412858,1.4957058369497844,-0.0009045145111401531,0.5367053543829142,-0.001989931924508337,TRACK,0
12.22,0,occlusion,7.854400000000001,-0.382403188746642,0.52,-0.12649831163540237,6.429091370901722,0.024431300707498448,-0.28682365975692026,1.4929704402251627,0.008675309411723564,0,nan,nan,1.4958047721689411,-0.000979396961134249,0.5368194327823302,-0.002154673314495348,TRACK,0
12.24,0,occlusion,7.864800000000001,-0.38492530611757564,0.52,-0.12571256457464294,6.4393912882798805,0.021393269452980996,-0.28686988991887796,1.4929273589892431,0.009068778343238382,0,nan,nan,1.4959014450154984,-0.0010506854990373071,0.5369309357364079,-0.002311508097882076,TRACK,0
12.26,0,occlusion,7.8752,-0.387431657001787,0.52,-0.12492166834481441,6.449693155829049,0.018354145283943343,-0.28691910457987824,1.4928779176952605,0.0094758855012409,0,nan,nan,1.4959959068242694,-0.00111851502273419,0.5370399210381088,-0.002460733050015218,TRACK,0
12.280000000000001,0,occlusion,7.885600000000001,-0.38992213873949466,0.52,-0.1241256553409157,6.45995049811353,0.015327607631605003,-0.2869188216930003,1.4928221559291546,0.009896572896710865,1,1.4856785537318438,0.009360113521376518,1.4948981957272853,6.42924722171756e-06,0.534726567747524,1.4144343887778632e-05,TRACK,0
12.3,0,occlusion,7.896000000000001,-0.39239664932091417,0.52,-0.12332455816752833,6.470210429825973,0.01230030909616248,-0.28692261911329986,1.492808508006256,0.01027811820929303,0,nan,nan,1.495015542726297,-8.630500680517628e-05,0.5348615128392508,-0.00018987101497138783,TRACK,0
12.32,0,occlusion,7.9064000000000005,-0.3948550873904385,0.52,-0.12251840963748041,6.480472879815258,0.009272225153490892,-0.28693031677191483,1.4927879951167948,0.010674126527466132,0,nan,nan,1.4951302036003309,-0.0001749467867044885,0.5349933928246988,-0.0003848829307498747,TRACK,0
12.34,0,occlusion,7.9168,-0.397297352250788,0.52,-0.12170724277050302,6.49070919164546,0.006251767995780864,-0.28688996508386744,1.4927606698492863,0.011084517370966829,1,1.4887758420624384,0.010290551145025676,1.4945099673563422,0.0009170838192589237,0.5336319924037084,0.002017584402369632,TRACK,0
12.36,0,occlusion,7.9272,-0.3997233438671356,0.52,-0.12089109079187758,6.500948405744033,0.0032309035956820543,-0.2868545419809849,1.4927563880081662,0.011457209734179852,0,nan,nan,1.494636148312116,0.0008050705200597363,0.5337769362762816,0.00177115514413142,TRACK,0
12.38,0,occlusion,7.937600000000001,-0.40213296287120365,0.52,-0.1200699871310751,6.511190443811586,0.00020960042295624197,-0.28682384268752825,1.4927450108827012,0.01184512349201805,0,nan,nan,1.4947594377409748,0.0006977112149257891,0.5339185720658045,0.0015349646728367362,TRACK,0
12.4,0,occlusion,7.948,-0.4045261105653348,0.52,-0.11924396542038669,6.521410263928482,-0.002804807627311257,-0.28675324621643883,1.4927265980425037,0.01224815840412452,1,1.489165915458029,0.009745815809548386,1.4942411781966372,0.001604465252035503,0.5327555234702623,0.0035298235544781067,TRACK,0
12.42,0,occlusion,7.9584,-0.40690268892653364,0.52,-0.11841305949354622,6.53163321277397,-0.005819354042357416,-0.28668816090328875,1.492727235380065,0.012621575090730808,0,nan,nan,1.4943735163361738,0.0014792116625046425,0.5329075275925815,0.003254265657510214,TRACK,0
12.44,0,occlusion,7.9688,-0.4092626006104832,0.52,-0.11757730338434422,6.541859206964357,-0.008834075047978384,-0.2866283658497659,1.4927206126757335,0.013010774937705083,0,nan,nan,1.4945028177619104,0.001358978489149898,0.5330560475305626,0.002989752676129776,TRACK,0
12.46,0,occlusion,7.9792000000000005,-0.411605748955531,0.52,-0.11673673132523395,6.552088165332565,-0.011849005132837404,-0.28657364817190345,1.4927067952637663,0.013415644691261885,0,nan,nan,1.494629152408962,0.001243583587780428,0.5332011644658969,0.0027358838931169417,TRACK,0
12.48,0,occlusion,7.9896,-0.41393203798664785,0.52,-0.11589137774592967,6.56225242213593,-0.014844260310620926,-0.2864806090561598,1.4926858477649791,0.013836077383557743,1,1.4795545498891227,0.00986170328609542,1.4930221123658582,0.0021145253578120915,0.5298199457003797,0.004651955787186602,TRACK,0
12.5,0,occlusion,8.0,-0.41624137241936054,0.52,-0.1150412772719957,6.572420493811383,-0.017839611521751158,-0.28639339107168915,1.4927282871518301,0.014228102442315649,0,nan,nan,1.493182505382773,0.0019822269197926623,0.5300042699714348,0.004360899223543858,TRACK,0
12.52,0,occlusion,8.0104,-0.4185336576636538,0.52,-0.1141864647234285,6.5825922816673375,-0.02083509333437291,-0.2863117665546677,1.4927628005922542,0.014636298951972382,0,nan,nan,1.4933392122610842,0.0018551026595776676,0.5301843534948394,0.004081225851070869,TRACK,0
12.540000000000001,0,occlusion,8.020800000000001,-0.4208087998278444,0.52,-0.11332697511323066,6.592814543382144,-0.0238445324273356,-0.2861672295818476,1.4927894717466934,0.015060547153089576,1,1.5044592974412434,0.015610305325007724,1.4946965887685926,0.003284931200453478,0.5328023982215483,0.007226848640997653,TRACK,0
12.56,0,occlusion,8.0312,-0.42306670572242727,0.52,-0.11246284364597639,6.603039933551868,-0.02685328656429761,-0.2860296543526668,1.4927595471006756,0.015432956905198747,0,nan,nan,1.4948185589810414,0.0031267097541074484,0.5329427867504952,0.006878761459036387,TRACK,0
12.58,0,occlusion,8.041599999999999,-0.42530728286389236,0.52,-0.11159410571636993,6.613268368690731,-0.029861407713601743,-0.28589877952664366,1.4927225636220447,0.015822534893843,0,nan,nan,1.4949377168112201,0.002974427864164131,0.5330799148317972,0.006543741301161089,TRACK,0
12.6,0,occlusion,8.052,-0.42753043947851377,0.52,-0.11072079690779518,6.623418862725065,-0.03284516356623546,-0.28570648198185644,1.4926785875581763,0.016229135867815714,1,1.4765578730623938,0.016877919404241586,1.4929863996315167,0.004370398745161097,0.5289974672178596,0.009614877239354414,TRACK,0
12.620000000000001,0,occlusion,8.0624,-0.42973608450610723,0.52,-0.10984295299085896,6.633573504728198,-0.035828017399543007,-0.2855221914710202,1.4927120005404815,0.016583803023885846,0,nan,nan,1.4931478839848875,0.0041884207008267005,0.5291837374737459,0.009214525541818742,TRACK,0
12.64,0,occlusion,8.0728,-0.4319241276037607,0.52,-0.10896060992192537,6.643732187357845,-0.03881002456124977,-0.2853456152675533,1.4927374294266453,0.01695650156321804,0,nan,nan,1.4933056343884052,0.004013095533340838,0.5293656569006889,0.008828810173349844,TRACK,0
12.66,0,occlusion,8.083200000000001,-0.4340944791495345,0.52,-0.10807380384164327,6.653894806179995,-0.04179123816265633,-0.28517647105800803,1.4927549643769245,0.017347060033286343,0,nan,nan,1.493459738529458,0.0038441865805749487,0.5295433312334584,0.008457210477264887,TRACK,0
12.68,0,occlusion,8.0936,-0.4362470502461333,0.52,-0.10718257107346549,6.664069189279234,-0.04477403388541168,-0.2849611371951233,1.4927646943837916,0.0177553151644938,1,1.4955319443607136,0.014430969013458948,1.4938181538200188,0.004893951429202126,0.5301300354011467,0.010766693144244678,TRACK,0
12.700000000000001,0,occlusion,8.104000000000001,-0.4383817527245457,0.52,-0.10628694812216173,6.67424737738578,-0.047755565182435684,-0.2847541088311387,1.4927584452927114,0.018127863727216198,0,nan,nan,1.4939606614711276,0.0047051900905539235,0.5302948283911748,0.010351418199218632,TRACK,0
12.72,0,occlusion,8.1144,-0.4404984991476567,0.52,-0.10538697167232285,6.684429271254663,-0.050735893336614574,-0.2845550875224556,1.4927446494971022,0.018518839690484956,0,nan,nan,1.4940998633068934,0.004523211560977902,0.530455744298681,0.009951065434151385,TRACK,0
12.74,0,occlusion,8.1248,-0.44259720281382864,0.52,-0.10448267858685842,6.694616569284014,-0.053715602262059375,-0.28429254730504905,1.4927233910177637,0.0189280672725749,1,1.4948574730989659,0.018881704154033504,1.4942894395401243,0.005966823122879994,0.5307063840279156,0.013127010870335987,TRACK,0
12.76,0,occlusion,8.135200000000001,-0.44467777776045253,0.52,-0.10357410590548694,6.704807594902734,-0.05669349724981264,-0.2840393299085795,1.492692883189265,0.019284165370134332,0,nan,nan,1.4944214296974132,0.005754940828857968,0.5308598254706529,0.012660869823487532,TRACK,0
12.780000000000001,0,occlusion,8.145600000000002,-0.4467401387674703,0.52,-0.10266129084321797,6.715002249844748,-0.059669651077614766,-0.28379510703602717,1.492655063015288,0.019659564103387872,0,nan,nan,1.4945503383707066,0.005550519830737066,0.5310096067715476,0.012211143627621547,TRACK,0
12.8,0,occlusion,8.156,-0.4487842013608623,0.52,-0.10174427078882942,6.725109746849152,-0.06261768198074776,-0.28348167274414626,1.4926100124260973,0.02005406427660006,1,1.4740126914099565,0.02150506283122121,1.4923642547684357,0.007123506633652799,0.5264322888555417,0.015671714594036157,TRACK,0
12.82,0,occlusion,8.1664,-0.4508098818161113,0.52,-0.10082308330333406,6.735222120650967,-0.06556369640283762,-0.2831786816025188,1.4926522628665568,0.020388276329621036,0,nan,nan,1.4925409663003861,0.006886162309714727,0.5266381701006613,0.015149557081372401,TRACK,0
12.84,0,occlusion,8.1768,-0.45281709716162893,0.52,-0.09989776611844269,6.745339245738153,-0.06850776973401033,-0.2828857713313977,1.4926861621344607,0.020742689120186064,0,nan,nan,1.4927135454574918,0.0066570516163921845,0.5268391305918236,0.014645513556062808,TRACK,0
12.86,0,occlusion,8.1872,-0.4548057651821547,0.52,-0.0989683571350179,6.755461000106901,-0.07144997463206752,-0.28260259238331553,1.4927118194640916,0.021117074748866038,0,nan,nan,1.492882091681101,0.006435885183686096,0.5270352956952283,0.014158947404109412,TRACK,0
12.88,0,occlusion,8.197600000000001,-0.4567758044221254,0.52,-0.09803489442152154,6.765659505193996,-0.0744113577622993,-0.2822292004131586,1.4927293425521149,0.021511215330069167,1,1.5099619478824682,0.026237662687134903,1.4949108911558853,0.00848618113993238,0.5309879849289042,0.01866959850785124,TRACK,0
12.9,0,occlusion,8.208,-0.45872713418900873,0.52,-0.0970974162124559,6.775861820280683,-0.07736971700014018,-0.28186749616301565,1.4926636322251885,0.021826414172573916,0,nan,nan,1.4950297074062964,0.008220551139609178,0.5311288038417696,0.018085212507140194,TRACK,0
12.92,0,occlusion,8.218399999999999,-0.4606596745566103,0.52,-0.0961559609067974,6.786067842770351,-0.0803251497343895,-0.28151708212645143,1.4925908989108696,0.02216291379708135,0,nan,nan,1.4951456909754328,0.007963955376463439,0.5312661237700899,0.017520701828219565,TRACK,0
12.94,0,occlusion,8.2288,-0.46257334636834646,0.52,-0.09521056706642383,6.7962838121772995,-0.08327958325897966,-0.28111510139219265,1.4925112265354745,0.022520460225568417,1,1.496923833716973,0.020469336252488868,1.4954320602036602,0.009135925778611664,0.5317299793478998,0.02009903671294566,TRACK,0
12.96,0,occlusion,8.2392,-0.4644680712404884,0.52,-0.09426127341453436,6.806503435477007,-0.08623062232480307,-0.28072530476599944,1.4924181010864295,0.022836439803174624,0,nan,nan,1.4955392960133527,0.008859014231661355,0.5318583739021558,0.01948983130965498,TRACK,0
12.98,0,occlusion,8.249600000000001,-0.466343771565369,0.52,-0.09330811883406474,6.8167266131924205,-0.0891783710164277,-0.28034728201474124,1.4923182303931186,0.023174197258450047,0,nan,nan,1.4956439481672748,0.008591426164964222,0.5319835170141884,0.01890113756292129,TRACK,0
13.0,0,occlusion,8.26,-0.468200370514566,0.52,-0.09235114236609296,6.826866351247984,-0.09209790945725839,-0.27990792937503395,1.4922116958295788,0.023533468707900074,1,1.4759705030393053,0.023417435902819646,1.4935373162264682,0.009985287266073506,0.5275840988480666,0.021967631985361714,TRACK,0
13.02,0,occlusion,8.2704,-0.4700377920420458,0.52,-0.09139038320824144,6.837010838121048,-0.09501398932668308,-0.2794815078215023,1.492188979294349,0.0238398223373939,0,nan,nan,1.4936886843181132,0.00969139894390425,0.527764473327416,0.02132107767658935,TRACK,0
13.040000000000001,0,occlusion,8.280800000000001,-0.4718559608872796,0.52,-0.09042588071307102,6.847159948557881,-0.09792671342870123,-0.2790675851792175,1.4921585088350386,0.02416856717952509,0,nan,nan,1.4938364300813556,0.00940733277919703,0.5279403478459721,0.02069613211423347,TRACK,0
13.06,0,occlusion,8.2912,-0.47365480257832526,0.52,-0.08945767438646918,6.857313561051246,-0.10083618115509337,-0.2786657443008522,1.4921203929793956,0.02451941993547546,0,nan,nan,1.4939806448459756,0.009132747235570449,0.5281118468571296,0.02009204391825499,TRACK,0
13.08,0,occlusion,8.3016,-0.4754342434348793,0.52,-0.08848580388603139,6.8674791463003935,-0.10374465976952742,-0.2781936512779941,1.4920747387430178,0.024892109096570803,1,1.496175697511344,0.025402286963181777,1.4943320693471918,0.01072938688313485,0.5286737446391544,0.023604651142896674,TRACK,0
13.1,0,occlusion,8.312000000000001,-0.4771942105712926,0.52,-0.08751030901943761,6.877649205422836,-0.10664922486927024,-0.2777350107268153,1.4920137612525843,0.025204579072456212,0,nan,nan,1.4944657436671933,0.010423648890428794,0.5288350427416331,0.022932027558943347,TRACK,0
13.120000000000001,0,occlusion,8.322400000000002,-0.4789346318995575,0.52,-0.08653122974282122,6.8878236189228295,-0.10954998721483872,-0.2772893779852801,1.4919454690835916,0.025539963202312777,0,nan,nan,1.4945961795258977,0.010128016853073962,0.5289922311677331,0.022281637076762718,TRACK,0
13.14,0,occlusion,8.3328,-0.4806554361322595,0.52,-0.0855486061591325,6.897947207605498,-0.1124313817314282,-0.27676669700819945,1.4918699662125645,0.025897968392191384,1,1.482526607667927,0.028214055562955084,1.4933363621314126,0.011879113115472961,0.5262829138782881,0.026134048854040515,TRACK,0
13.16,0,occlusion,8.3432,-0.4823565527854977,0.52,-0.08456247851649616,6.9080759684125645,-0.11530852621400384,-0.2762585587939985,1.4918445851037854,0.02618766187775412,0,nan,nan,1.493493827167302,0.011548595777297166,0.5264735412638822,0.025406910710053767,TRACK,0
13.18,0,occlusion,8.3536,-0.4840379121817724,0.52,-0.08357288720656235,6.918209764221243,-0.11818153686334174,-0.27576448597940084,1.4918113439617495,0.02650114060797648,0,nan,nan,1.4936474690381458,0.0112289276044919,0.5266593008843573,0.024703640729882185,TRACK,0
13.200000000000001,0,occlusion,8.364,-0.48569944545283733,0.52,-0.08257987276285286,6.928403884614281,-0.12106620930139543,-0.2751840361432105,1.4917703640330149,0.026838084232854165,1,1.5072306786064527,0.031497233175521014,1.4952379839559284,0.013192041731603155,0.529720269724076,0.029022491809526943,TRACK,0
13.22,0,occlusion,8.374400000000001,-0.4873410845425222,0.52,-0.0815834758591005,6.938602452789343,-0.12394574761802249,-0.2746193731857929,1.491664188060938,0.02709927242821486,0,nan,nan,1.4953528609720435,0.01283324903222205,0.5298644490299586,0.02823314787088851,TRACK,0
13.24,0,occlusion,8.3848,-0.48896276220951923,0.52,-0.08058373730758313,6.948805345651352,-0.1268202875111011,-0.274069983792641,1.49155112768534,0.02738527551004033,0,nan,nan,1.495464846054951,0.012486122571634617,0.5300047225037932,0.027469469657596158,TRACK,0
13.26,0,occlusion,8.395199999999999,-0.4905644120301379,0.52,-0.07958069805745219,6.959012444148257,-0.1296899604393031,-0.2735353723445213,1.4914312871367768,0.027695746142164523,0,nan,nan,1.4955740189601157,0.012150260184543349,0.5301412133582427,0.02673057240599537,TRACK,0
13.280000000000001,0,occlusion,8.4056,-0.49214596840102576,0.52,-0.07857439919305484,6.969156469066724,-0.13253604966843807,-0.2729395010774991,1.491304769137639,0.028030350836131923,1,1.4808495330885698,0.027146221680134128,1.4939858645629254,0.013542528795962294,0.5267861649822169,0.02979356335111705,TRACK,0
13.3,0,occlusion,8.416,-0.4937073665418548,0.52,-0.07756488193225203,6.979305631142023,-0.13537705765814417,-0.27235947673898897,1.4912414033735613,0.028311858101956133,0,nan,nan,1.494129992641262,0.013182371329776288,0.5269649353331547,0.029001216925507837,TRACK,0
13.32,0,occlusion,8.426400000000001,-0.49524854249797556,0.52,-0.07655218762472962,6.989459791985143,-0.13821311479641576,-0.2717947874942692,1.4911705462425464,0.028618308330374376,0,nan,nan,1.4942705425414613,0.012833846470906352,0.5271389819570612,0.028234462235993976,TRACK,0
13.34,0,occlusion,8.4368,-0.496769433143036,0.52,-0.07553635775030501,6.999642887300768,-0.14105105545434574,-0.27117539628461484,1.4910923214753575,0.02894935329902948,1,1.5002490723238493,0.026690074698626887,1.4950409474694988,0.014077072946691693,0.5285577957636811,0.030969560482721727,TRACK,0
13.36,0,occlusion,8.447199999999999,-0.49826997618156843,0.52,-0.07451743391722752,7.009830683823194,-0.14388350713058928,-0.2705721992790182,1.4909818750915975,0.029235615990706787,0,nan,nan,1.4951614135614604,0.013709022854468067,0.528710649790157,0.03015985027982975,TRACK,0
13.38,0,occlusion,8.4576,-0.4997501101515396,0.52,-0.07349545786047507,7.020023052501499,-0.14671060785479148,-0.2699846771114389,1.4908645250352983,0.029547171973089092,0,nan,nan,1.4952788238902197,0.013352776535892286,0.5288593333280713,0.02937610837896303,TRACK,0
13.4,0,occlusion,8.468,-0.501209774426869,0.52,-0.07247047144004405,7.030192315175479,-0.14952486627866524,-0.26933805866486304,1.490740386381,0.029883667492227595,1,1.489370722194503,0.028372912297393155,1.4947119948135255,0.014695873785810942,0.5275745298266722,0.032330922328784074,TRACK,0
13.42,0,occlusion,8.4784,-0.5026489092199119,0.52,-0.07144251663923493,7.040366554854805,-0.15233342061485106,-0.2687080957873098,1.4906381479379804,0.030169902192653808,0,nan,nan,1.4948407282050697,0.014317338126204504,0.5277384070533668,0.03149814387764991,TRACK,0
13.44,0,occlusion,8.488800000000001,-0.5040674555839083,0.52,-0.0704116355629328,7.050545635433407,-0.15513641138041417,-0.26809425704582956,1.4905288579463314,0.030481835540652646,0,nan,nan,1.4949661901142932,0.013950880488191597,0.5278978089021831,0.030691937074021517,TRACK,0
13.46,0,occlusion,8.499200000000002,-0.505465355415398,0.52,-0.06937787043588195,7.060729425252162,-0.15793397483729715,-0.2674960292522268,1.4904126398439166,0.03081910325859827,0,nan,nan,1.4950884715050552,0.01359608621824604,0.528052877011059,0.02991138968014129,TRACK,0
13.48,0,occlusion,8.5096,-0.5068425514565986,0.52,-0.06834126360095806,7.070931477075738,-0.16072999236117727,-0.26681472916596594,1.4902896152119696,0.03118135532896016,1,1.4988320867409681,0.03307232862647576,1.4955855312721043,0.015484092869562538,0.5289129782033675,0.034065004313037585,TRACK,0
13.5,0,occlusion,8.52,-0.5081989872977534,0.52,-0.06730185751743172,7.081138208308486,-0.16351981757959683,-0.266150653391636,1.490145726622781,0.031470373808311525,0,nan,nan,1.4956951326541168,0.015092631234771225,0.529056913778859,0.0332037887164967,TRACK,0
13.52,0,occlusion,8.5304,-0.5095346073794396,0.52,-0.06625969475923109,7.091349488474298,-0.16630359980875042,-0.26550325659848584,1.4899952938238183,0.03178561985124562,0,nan,nan,1.4958018680007117,0.014713563480686531,0.5291967642664601,0.03236983965751037,TRACK,0
13.540000000000001,0,occlusion,8.5408,-0.5108493569948458,0.52,-0.06521481801319658,7.101519101643051,-0.16906895101144745,-0.2647897516868154,1.4898384355885919,0.03212671814440826,1,1.4858033914666546,0.03120697486538479,1.4947578751996597,0.0162160207197819,0.5269444925140324,0.03567524558352018,TRACK,0
13.56,0,occlusion,8.551200000000001,-0.512143182292011,0.52,-0.06416727007733422,7.111693943678579,-0.17182792896954885,-0.26409407317237754,1.4897230062094646,0.032409985651140616,0,nan,nan,1.4948874084721055,0.01581087532813319,0.5271132938496847,0.03478392572189302,TRACK,0
13.58,0,occlusion,8.5616,-0.5134160302760323,0.52,-0.06311709385906059,7.1218738703924505,-0.17458068444117292,-0.2634156587236749,1.4896006186598156,0.03271997080193101,0,nan,nan,1.4950135844066765,0.015418510197787061,0.5272773714714999,0.033920722435131535,TRACK,0
13.6,0,occlusion,8.572,-0.5146678488112344,0.52,-0.06206433237344686,7.13199633084146,-0.1773105324361302,-0.2626516905389322,1.4894714066204287,0.033056283251716057,1,1.4813709679686549,0.036243001638762394,1.4935822040997784,0.017362913289605153,0.5242048159291859,0.03819840923713134,TRACK,0
13.620000000000001,0,occlusion,8.5824,-0.5158985866233047,0.52,-0.06100902874145634,7.14212482569597,-0.18003370890133574,-0.26190663566004035,1.4894001053937158,0.03331479414528005,0,nan,nan,1.4937401885622663,0.016933065429356464,0.5244094251596169,0.03725274394458422,TRACK,0
13.64,0,occlusion,8.5928,-0.5171081933013947,0.52,-0.05995122618817824,7.152259189904946,-0.18275036856440924,-0.26117989880086734,1.4893212109466494,0.03360085501733634,0,nan,nan,1.4938941068383502,0.016516746799389193,0.5246083721337723,0.036336842958656225,TRACK,0
13.66,0,occlusion,8.603200000000001,-0.5182966193001838,0.52,-0.058890968041057395,7.162399263834462,-0.18546066163409236,-0.26047090507492765,1.4892348776409081,0.03391404739248838,0,nan,nan,1.4940440736286187,0.016113493771355625,0.5248018383628578,0.03544968629698238,TRACK,0
13.68,0,occlusion,8.6136,-0.5194638159419095,0.52,-0.05782829772811899,7.172574579857296,-0.1881726462311075,-0.25969419521066195,1.4891412571462024,0.034253968782626654,1,1.5013764211242038,0.032847871933858235,1.4949746077713701,0.017652496915126825,0.5265261546661637,0.03883549321327902,TRACK,0
13.700000000000001,0,occlusion,8.624,-0.5206097354183604,0.52,-0.0567632587761906,7.182755277178431,-0.19087759767263132,-0.25893637065054165,1.4890097946298804,0.034536056480387156,0,nan,nan,1.4951011314918747,0.017223285457284465,0.5266957381770446,0.037891228006025825,TRACK,0
13.72,0,occlusion,8.6344,-0.521734330792835,0.52,-0.05569589480911881,7.192941205769991,-0.19357567662659136,-0.25819684192660564,1.4888715791318883,0.03484577055608895,0,nan,nan,1.4952242977160157,0.01680747099854507,0.526860444791043,0.03697643619679916,TRACK,0
13.74,0,occlusion,8.6448,-0.5228375560020638,0.52,-0.05462624954598263,7.2030548665770215,-0.19624661052607523,-0.25737544296640147,1.4887267524945218,0.03518269739012947,1,1.4783538358599297,0.03685804938709886,1.4934138674235755,0.01866815818645584,0.5230201306237586,0.041069948010202854,TRACK,0
13.76,0,occlusion,8.6552,-0.523919365858097,0.52,-0.053554366799302186,7.213174885135767,-0.1989103330532355,-0.2565738723055704,1.4886554077794234,0.03544489356711633,0,nan,nan,1.4935776659794107,0.018217515018888797,0.5232355906545421,0.040078533041555356,TRACK,0
13.780000000000001,0,occlusion,8.665600000000001,-0.5249797160501536,0.52,-0.052480290473245074,7.223301086919051,-0.20156700570325706,-0.2557915117674079,1.488576486720241,0.03573542432600396,0,nan,nan,1.4937371981335013,0.017780921321870924,0.5234450117375219,0.039118026908116034,TRACK,0
13.8,0,occlusion,8.676000000000002,-0.5260185631464381,0.52,-0.05140406456182745,7.233396083660662,-0.2042070516973085,-0.254924382369873,1.4884901562300916,0.03605385069813316,1,1.485983012999837,0.038762371384732076,1.4929867637513805,0.01970748630761232,0.5217250283047931,0.04335646987674711,TRACK,0
13.82,0,occlusion,8.6864,-0.5270358645959189,0.52,-0.050325733147112174,7.243497851646838,-0.20683951199854778,-0.2540780314323947,1.4884350248952694,0.036295407993943485,0,nan,nan,1.493161896065596,0.019235248579051678,0.5219568078014657,0.042317546873913696,TRACK,0
13.84,0,occlusion,8.6968,-0.5280315787300706,0.52,-0.04924534039740337,7.253606204358031,-0.20946455406025494,-0.25325181264102437,1.4883720899490094,0.03656602837524492,0,nan,nan,1.4933324449733907,0.018777699803874004,0.5221820572358339,0.04131093956852281,TRACK,0
13.86,0,occlusion,8.7072,-0.5290056647645816,0.52,-0.04816293056543674,7.263720961466572,-0.2120823406028779,-0.2524451017906788,1.4883015299861049,0.03686524905680155,0,nan,nan,1.4934985423704124,0.018334337507852627,0.5224009900151458,0.04033554251727578,TRACK,0
13.88,0,occlusion,8.717600000000001,-0.5299580828010241,0.52,-0.0470785479865678,7.273869683517992,-0.21470018391700757,-0.25157877695963426,1.4882235202297096,0.03719262460164208,1,1.5003728062092447,0.033745646563091404,1.4943947691167871,0.01968920070555802,0.5240459495461876,0.043316241552227644,TRACK,0
13.9,0,occlusion,8.728000000000002,-0.5308887938284884,0.52,-0.04599223707695537,7.284024451014893,-0.21731020605922297,-0.2507328405910707,1.488109610999749,0.03746994492251332,0,nan,nan,1.494537751875432,0.019225826558261883,0.5242411622978562,0.04229681842817615,TRACK,0
13.92,0,occlusion,8.7384,-0.5317977597251811,0.52,-0.044904042331742604,7.294185095083571,-0.21991257753895424,-0.24990666396970163,1.487988796630046,0.03777611475984566,0,nan,nan,1.4946768916316924,0.018776741394756602,0.5244307037371452,0.04130883106846453,TRACK,0
13.94,0,occlusion,8.7488,-0.532684943259986,0.52,-0.04381400832323381,7.304360552105131,-0.22250978664912463,-0.2490014986006721,1.4878612416363834,0.03811068534292783,1,1.49751454017519,0.038396203350040646,1.4950826556864716,0.020571940205213135,0.525084328369216,0.0452582684514689,TRACK,0
13.96,0,occlusion,8.7592,-0.5335503080939897,0.52,-0.042722179699069725,7.31454187665756,-0.22509867948828896,-0.24811748744269835,1.4877177236061079,0.03837533131720683,0,nan,nan,1.4952112159297883,0.020091162681219465,0.5252659701869052,0.04420055789868283,TRACK,0
13.98,0,occlusion,8.7696,-0.5343938187819696,0.52,-0.04162860118039815,7.324728901556423,-0.2276794362416362,-0.24725398037566704,1.4875676877021502,0.03866943725147998,0,nan,nan,1.4953362140769042,0.019625160614348935,0.5254421512164792,0.043175353351567664,TRACK,0
14.0,0,occlusion,8.780000000000001,-0.5352154407738456,0.52,-0.040533317560042324,7.3349224882778215,-0.23025249023676547,-0.24631990902284517,1.4874112961951091,0.03899253709938311,1,1.4962700261925765,0.03785737255267205,1.4955215213087956,0.021228894382320007,0.5256658090187409,0.04670356764110402,TRACK,0
14.02,0,occlusion,8.7904,-0.5360151404160959,0.52,-0.03943637370066635,7.345121844339503,-0.23281686897097711,-0.24540749333072487,1.4872476543513766,0.03925377018939402,0,nan,nan,1.495641121460551,0.020736720275459586,0.5258395724111831,0.04562078460601109,TRACK,0
14.040000000000001,0,occlusion,8.8008,-0.5367928849531353,0.52,-0.03833781453293689,7.355326803203588,-0.23537275889257256,-0.24451607020670263,1.4870777757600755,0.03954486880995178,0,nan,nan,1.4957573266203321,0.020259616455047258,0.5260079816623126,0.044571156201103974,TRACK,0
14.06,0,occlusion,8.8112,-0.5375486425286558,0.52,-0.037237685053684466,7.365537204245107,-0.23792034126996767,-0.24364499909451043,1.4869018225160162,0.0398653560339417,0,nan,nan,1.4958702447993777,0.0197970707316375,0.5261712302051963,0.04355355560960251,TRACK,0
14.08,0,occlusion,8.8216,-0.5382823821869329,0.52,-0.036136030324058294,7.375757247701528,-0.24046087496651924,-0.24269752299013447,1.4867199537254354,0.040214772497380924,1,1.4975740117327443,0.03876936138943958,1.4961309840858152,0.021533547826725563,0.526553890201314,0.04737380521879624,TRACK,0
14.1,0,occlusion,8.832,-0.5389940738740928,0.52,-0.03503289546768238,7.385982797997098,-0.2429924928404628,-0.24177171720073343,1.4865278418084944,0.04049666263607943,0,nan,nan,1.4962372712659953,0.021041040668209554,0.5267137930292596,0.04629028947006102,TRACK,0
14.120000000000001,0,occlusion,8.842400000000001,-0.5396836884393439,0.52,-0.03392832566880575,7.39621369449422,-0.245515384219431,-0.2408669223905564,1.4863299538917525,0.04080847610911942,0,nan,nan,1.4963404516388215,0.020563518413116544,0.5268686364856128,0.0452397405088564,TRACK,0
14.14,0,occlusion,8.8528,-0.5403511976361693,0.52,-0.032822366170453546,7.4064503082987025,-0.24802986239621602,-0.2398753502495512,1.4861264489470902,0.041149738086086796,1,1.4973056387584005,0.04200567780530577,1.496501269217017,0.022535730477393656,0.5270456874969651,0.049578607050266045,TRACK,0
14.16,0,occlusion,8.863199999999999,-0.5409965741234861,0.52,-0.031715062272571745,7.416692437374807,-0.2505349293594039,-0.23890636335978765,1.4859169419762708,0.04141285523238469,0,nan,nan,1.4966007633432554,0.022022429312805514,0.5272014996697885,0.04844934448817213,TRACK,0
14.18,0,occlusion,8.8736,-0.5416197914667636,0.52,-0.03060645933017334,7.426939917809998,-0.2530307839893755,-0.23795927590124233,1.4857018688089951,0.04170659626952933,0,nan,nan,1.4966972440032418,0.02152471496694419,0.5273522200663725,0.047354372927277226,TRACK,0
14.200000000000001,0,occlusion,8.884,-0.5422208241391064,0.52,-0.029496602751479854,7.437102010407188,-0.2554956487730051,-0.23693775770528003,1.4854813908068119,0.042030464679006396,1,1.4767626146830457,0.040911351171917486,1.4945438768471975,0.02321632263551132,0.5228376525161826,0.05107590979812491,TRACK,0
14.22,0,occlusion,8.894400000000001,-0.5427996475223004,0.52,-0.028385537996061586,7.44727073136792,-0.2579511253572895,-0.23593939016034993,1.4853487867058661,0.04228559751292327,0,nan,nan,1.4946896311258955,0.022690171475688636,0.5230493553030601,0.049918377246515,TRACK,0
14.24,0,occlusion,8.904800000000002,-0.5433562379078204,0.52,-0.027273310572975735,7.457445889897984,-0.26039740814418294,-0.23496347033118958,1.4852096307219238,0.04257173651093682,0,nan,nan,1.4948312661388428,0.02217999611728283,0.52325460004042,0.04879599145802223,TRACK,0
14.26,0,occlusion,8.9152,-0.5438905724978026,0.52,-0.02615996603890174,7.467627301921711,-0.26283468627968454,-0.2340093191583379,1.4850641130114726,0.04288836810135255,0,nan,nan,1.494968911610107,0.021685253928445114,0.52345361663356,0.04770755864257926,TRACK,0
14.280000000000001,0,occlusion,8.925600000000001,-0.5444026294059765,0.52,-0.02504554999627622,7.477776394557633,-0.2652539912718136,-0.23297417389114905,1.4849124199554866,0.04323499734800684,1,1.487201010785939,0.0418817089436451,1.4941797968032102,0.023526028799748744,0.5216730728566351,0.05175726335944724,TRACK,0
14.3,0,occlusion,8.936,-0.5448923876585628,0.52,-0.023930108091424464,7.487932340891682,-0.26766382250445137,-0.23196221626987334,1.4847941662746011,0.04350785677792102,0,nan,nan,1.4943346851306936,0.022999036847172416,0.5218968588473047,0.05059788106377932,TRACK,0
14.32,0,occlusion,8.9464,-0.5453598271951319,0.52,-0.022813686012691105,7.498094944931163,-0.27006437294719277,-0.2309727454626782,1.4846693179580648,0.04381174552806266,0,nan,nan,1.4944852253550158,0.022487972890800734,0.5221138843475868,0.04947354035976162,TRACK,0
14.34,0,occlusion,8.956800000000001,-0.545804928869426,0.52,-0.021696329488568093,7.508190017942981,-0.27243842794435996,-0.2298961787364351,1.4845380735648666,0.04414614941821071,1,1.4787070683432677,0.04435354022919122,1.4928151938787195,0.024467425596435,0.518523471608358,0.053828336312157006,TRACK,0
14.36,0,occlusion,8.9672,-0.5462276744501424,0.52,-0.02057808428582259,7.5182928148971655,-0.274802824430962,-0.22884367058801836,1.4844765674284746,0.04439933905058302,0,nan,nan,1.4930032155042334,0.023920639736747518,0.518789160072093,0.052625407420844546,TRACK,0
14.38,0,occlusion,8.9776,-0.5466280466216815,0.52,-0.019458996207621766,7.528403117167989,-0.2771577561633039,-0.22781449337270665,1.4844077647034168,0.044684163006553757,0,nan,nan,1.4931860649658444,0.02339039125708764,0.5190470004523029,0.05145886076559281,TRACK,0
14.4,0,occlusion,8.988,-0.547006028984855,0.52,-0.018339111091656833,7.538401691011568,-0.2794758176729094,-0.22671387501550422,1.484331886984072,0.045000082748127834,1,1.4669756729609134,0.04244886643809874,1.4904075043886844,0.02501405357277786,0.5131882891976085,0.0550309178601113,TRACK,0
14.42,0,occlusion,8.9984,-0.547361606057558,0.52,-0.017218474808265737,7.548409300258572,-0.2817843703149284,-0.22563773475192583,1.4843711994873603,0.04524869594972358,0,nan,nan,1.4906520031893238,0.02445773326314482,0.5135213192791931,0.05380701317891861,TRACK,0
14.44,0,occlusion,9.0088,-0.5476947632754037,0.52,-0.01609713325855365,7.55842569538868,-0.2840835998622854,-0.2245853317734583,1.4844020119144457,0.045529179959996835,0,nan,nan,1.4908899963693776,0.023918249510624268,0.5138448888377647,0.05262014892337339,TRACK,0
14.46,0,occlusion,9.019200000000001,-0.5480054869923188,0.52,-0.01497513237251383,7.5684506351296115,-0.2863736872864526,-0.22355595054730637,1.4844245792626074,0.04584098133637937,0,nan,nan,1.4911216731703012,0.02339502786708847,0.5141593070723218,0.051469061307594634,TRACK,0
14.48,0,occlusion,9.0296,-0.5482937644811032,0.52,-0.013852518107145707,7.578430997489171,-0.2886427843157094,-0.22242887284148072,1.4844391510933659,0.04618356652415834,1,1.4804558890185058,0.047217288606419355,1.490074106825489,0.025615402405132937,0.5117529534753601,0.05635388529129246,TRACK,0
14.5,0,occlusion,9.04,-0.5485595839339513,0.52,-0.012729336444572787,7.588420665004745,-0.290902158832726,-0.22132665345253066,1.4845001488124836,0.04643465687999537,0,nan,nan,1.4903276112263208,0.025050440657959694,0.5120991854119775,0.05511096944751133,TRACK,0
14.52,0,occlusion,9.0504,-0.5488029344629357,0.52,-0.011605633390158632,7.5984193806044535,-0.2931519981194541,-0.22024854220411738,1.4845525878269965,0.04671785620862634,0,nan,nan,1.4905743621247785,0.02450252837302669,0.5124355824392935,0.05390556242065872,TRACK,0
14.540000000000001,0,occlusion,9.0608,-0.5490238061004525,0.52,-0.0104814549706234,7.608412817307348,-0.29538933279329693,-0.21907449271629797,1.4845967324843363,0.04703260084207894,1,1.4885794886831696,0.04839108308660023,1.4905221263347888,0.02668294290498796,0.5120411203642458,0.058702474390973515,TRACK,0
14.56,0,occlusion,9.071200000000001,-0.5492221897996306,0.52,-0.009356847232157982,7.618415543136368,-0.29761641803771804,-0.21792629122582108,1.4846472514189712,0.04725855500266807,0,nan,nan,1.4907675163495089,0.026095488419933144,0.5123827492618308,0.05741007452385292,TRACK,0
14.58,0,occlusion,9.0816,-0.549398077434701,0.52,-0.008231856238538114,7.628427297472532,-0.2998334511706576,-0.21680315822298635,1.4846894486107258,0.047517327199124715,0,nan,nan,1.4910062612401593,0.02552575006443103,0.5127144936518246,0.05615665014174827,TRACK,0
14.6,0,occlusion,9.091999999999999,-0.5495514618013311,0.52,-0.007106528069237769,7.6384840942950065,-0.30204861258975524,-0.21556968301158852,1.4847235905773482,0.04780832901986809,1,1.5007501654703546,0.0527397076857277,1.4922246764990537,0.02803352753176913,0.5148934415031425,0.06167376056989209,TRACK,0
14.620000000000001,0,occlusion,9.102400000000001,-0.5496823366169186,0.52,-0.005980908817540957,7.6485495966378325,-0.304252677151273,-0.2143633450187341,1.4847128477424973,0.04799756604387184,0,nan,nan,1.492433791941656,0.02741677256487085,0.5151995681402681,0.060316899642715874,TRACK,0
14.64,0,occlusion,9.1128,-0.5497906965208493,0.52,-0.004855044588655482,7.658623551544287,-0.30644586064890683,-0.2131833270427661,1.4846946361801825,0.04822057285300296,0,nan,nan,1.4926369909205368,0.02681859036291412,0.5154964144190936,0.05900089879841106,TRACK,0
14.66,0,occlusion,9.1232,-0.5498765370747167,0.52,-0.003728981497822283,7.668705714941289,-0.30862837337629917,-0.21202883972113895,1.4846692115068185,0.04847673118605167,0,nan,nan,1.492834458796711,0.026238348218802443,0.5157843070729493,0.05772436608136538,TRACK,0
14.68,0,occlusion,9.133600000000001,-0.5499398547625037,0.52,-0.0026027656684282823,7.678820409038843,-0.3108057066713159,-0.2107741083843968,1.4846368234172556,0.04876544468444832,1,1.4995759636693484,0.05090633483482071,1.4937135871415106,0.028516621289593758,0.5173195747424313,0.06273656683710627,TRACK,0
14.700000000000001,0,occlusion,9.144000000000002,-0.5499806469907267,0.52,-0.001476443230116395,7.688943128841138,-0.3129714813404428,-0.20954670366098105,1.4845726273395663,0.048961975245086276,0,nan,nan,1.4938898043557918,0.02789556189580855,0.5175906589989965,0.061370236170778816,TRACK,0
14.72,0,occlusion,9.1544,-0.5499989120885418,0.52,-0.0003500603168963797,7.699073635443241,-0.3151259220036407,-0.2083458073683615,1.4845018841866686,0.04919238550483396,0,nan,nan,1.4940608234075765,0.027293097559535795,0.5178532093810772,0.06004481463097875,TRACK,0
14.74,0,occlusion,9.1648,-0.5499946493078129,0.52,0.0007763369347454299,7.709218652331042,-0.3172707176640474,-0.20704624246899073,1.4844248363666825,0.04945605591730873,1,1.4968805466661395,0.05213452525049642,1.4944736840621264,0.029535565894788895,0.5184629111100205,0.06497824496853558,TRACK,0
14.76,0,occlusion,9.1752,-0.5499678588231433,0.52,0.0019027023877349319,7.719371513705867,-0.31940339150327285,-0.20577491609017073,1.4843346223870513,0.04962824582957026,0,nan,nan,1.4946347961287947,0.02889378133681353,0.5187217264606487,0.06356631894098977,TRACK,0
14.780000000000001,0,occlusion,9.1856,-0.549918541731867,0.52,0.0030289899063006493,7.729531980553787,-0.3215241792872751,-0.20453098396501712,1.4842382586718679,0.04983495423182083,0,nan,nan,1.4947909738441811,0.028271184662579607,0.5189721268826931,0.06219660625767514,TRACK,0
14.8,0,occlusion,9.196000000000002,-0.5498467000540057,0.52,0.004155153357863287,7.7396669092064565,-0.32362648347679057,-0.2032036146044649,1.484135986204693,0.05007554001909753,1,1.4883857515623913,0.0504442604850206,1.4941818868511716,0.030167485467095467,0.5175337228141443,0.06636846802761004,TRACK,0
14.82,0,occlusion,9.2064,-0.5497523367321842,0.52,0.0052811466149251625,7.749809943595964,-0.3257164300483641,-0.2019049552505976,1.484061609617088,0.050238201195375254,0,nan,nan,1.4943513123874266,0.029514985315163056,0.5178055216458384,0.06493296769335873,TRACK,0
14.84,0,occlusion,9.2168,-0.5496354556315108,0.52,0.006406923556960203,7.759960836554883,-0.3277942573020755,-0.20063414888035203,1.4839809822253183,0.050435662368471856,0,nan,nan,1.4945155610985976,0.02888196296012646,0.5180685137114768,0.06354031851227822,TRACK,0
14.86,0,occlusion,9.2272,-0.5494960615394194,0.52,0.007532438072302104,7.7701193500424255,-0.3298601975158932,-0.19939036756863038,1.4838943536347933,0.05066727018789585,0,nan,nan,1.4946748083000296,0.028267757084578626,0.5183230296920391,0.062189065586072984,TRACK,0
14.88,0,occlusion,9.2376,-0.5493341601654723,0.52,0.008657644060033672,7.7802279450600516,-0.3319028962088371,-0.1980454538362717,1.48380196733965,0.0509323941328379,1,1.4832149733731996,0.05349377670414947,1.49346863417523,0.03056622118997465,0.5156459812229075,0.06724568661794424,TRACK,0
14.9,0,occlusion,9.248000000000001,-0.5491497581411272,0.52,0.009782495431874809,7.790345053993662,-0.3339331569356252,-0.19672938069710222,1.4837624487370173,0.05110100224615355,0,nan,nan,1.4936556595285146,0.02991075316294234,0.5159405290178596,0.06580365695847315,TRACK,0
14.92,0,occlusion,9.2584,-0.5489428630194653,0.52,0.010906946114070903,7.800470419624053,-0.33595121587540944,-0.1954412897982838,1.48371644804657,0.051304401980551084,0,nan,nan,1.4938370728775818,0.029274793154962175,0.5162257041099628,0.0644045449409168,TRACK,0
14.94,0,occlusion,9.268799999999999,-0.5487134832748817,0.52,0.012030950049279066,7.810570919115126,-0.3379507951002794,-0.19410237210461911,1.4836642271875287,0.05154193564898302,1,1.4872117361699702,0.04463453258819214,1.4932367237686168,0.030429947583290762,0.5148262013672479,0.06694588468323968,TRACK,0
14.96,0,occlusion,9.2792,-0.5484616283027388,0.52,0.013154461198455253,7.8206799834357135,-0.33993800793958634,-0.1927918812394207,1.4836395074668047,0.05173379033157355,0,nan,nan,1.493429049375476,0.029783883299958624,0.5151266744852583,0.06552454325990897,TRACK,0
14.98,0,occlusion,9.2896,-0.548187308418981,0.52,0.014277433542739878,7.8307973557396675,-0.3419130864027127,-0.19150897482002582,1.4836083668587816,0.05196004823683342,0,nan,nan,1.493615655786378,0.0291569640771554,0.515417688075226,0.06414532096974189,TRACK,0
15.0,0,occlusion,9.3,-0.5478905348597124,0.52,0.015399821085342566,7.840910256491374,-0.34387382697537244,-0.1901362954782484,1.483571069809064,0.0522200622851452,1,1.491982878470687,0.05264754692309855,1.4935547104042,0.031197257767665576,0.5150613196677084,0.06863396708886427,TRACK,0
15.02,0,occlusion,9.310400000000001,-0.5475713197807365,0.52,0.0165215778534268,7.851031701765627,-0.34582181225479774,-0.18879268625241297,1.4835406212342968,0.05239620180535498,0,nan,nan,1.4937416826466519,0.03053657331444093,0.5153598283931019,0.06718046129177005,TRACK,0
15.040000000000001,0,occlusion,9.320800000000002,-0.5472296762570583,0.52,0.01764265789999204,7.861161431964611,-0.3477572811551909,-0.18747728667762908,1.4835039528685874,0.052607149405420106,0,nan,nan,1.493922993247776,0.029895444881448796,0.5156487994958419,0.06576997873918736,TRACK,0
15.06,0,occlusion,9.3312,-0.5468656182823487,0.52,0.01876301530575631,7.871299196975647,-0.3496804666764836,-0.18618926547713066,1.4834613312874325,0.05285224202884553,0,nan,nan,1.4940988312587602,0.02927320910223674,0.5159285850975222,0.06440106002492084,TRACK,0
15.08,0,occlusion,9.3416,-0.5464791607683716,0.52,0.019882604181036916,7.881412484696491,-0.35158551710707675,-0.18479815204829642,1.4834130164490025,0.053130839520269646,1,1.4882751837062036,0.054921849816505816,1.493542749450594,0.0316162142916907,0.514557590721567,0.06955567144171955,TRACK,0
15.1,0,occlusion,9.352,-0.5460703195443726,0.52,0.021001378667629897,7.891534369428326,-0.35347761045182163,-0.18343627825391895,1.4833920515310925,0.05331144587374448,0,nan,nan,1.4937312820232047,0.030951677144937406,0.5148605824633201,0.0680936897188623,TRACK,0
15.120000000000001,0,occlusion,9.362400000000001,-0.5456391113564312,0.52,0.02211929294068901,7.901664589160545,-0.3553569873314627,-0.18210278141354186,1.4833650075510487,0.05352687172982362,0,nan,nan,1.4939140828439648,0.030306746372202653,0.5151538830261321,0.06667484201884584,TRACK,0
15.14,0,occlusion,9.372800000000002,-0.5451855538667743,0.52,0.02323630121060177,7.9117004501376265,-0.35720501861570486,-0.1806813595231156,1.4833321548792195,0.05377644964596939,1,1.472245650596686,0.05343263857814414,1.4916043501439704,0.03230504296422865,0.5102296668630149,0.07107109452130303,TRACK,0
15.16,0,occlusion,9.3832,-0.5447096656530533,0.52,0.024352357724865603,7.9217460132182635,-0.35904007716239766,-0.1792897728107139,1.4833977611907636,0.053940180789944225,0,nan,nan,1.4918392312660993,0.03162697073639942,0.5105897998316294,0.06957933562007873,TRACK,0
15.18,0,occlusion,9.3936,-0.5442114662075832,0.52,0.025467416769961577,7.931800988746061,-0.3608623994890501,-0.17792713947886174,1.4834563026008598,0.05413903236442952,0,nan,nan,1.4920672579036793,0.03096893936027989,0.5109388210119179,0.06813166659261577,TRACK,0
15.200000000000001,0,occlusion,9.404,-0.5436909759365433,0.52,0.026581432673227563,7.941893685394186,-0.36267735736398954,-0.1764604533736862,1.483508077869107,0.05437231725866809,1,1.5000832551148573,0.057591921680298176,1.4930891118147915,0.033333775117628583,0.5127294552658227,0.07333430525878289,TRACK,0
15.22,0,occlusion,9.4144,-0.5431482161591424,0.52,0.027694359804727293,7.951995529127139,-0.36447866880341745,-0.17502453000580864,1.4835243770926911,0.05450831301955583,0,nan,nan,1.4932926015002934,0.03263462199721312,0.51305937694094,0.07179616839386888,TRACK,0
15.24,0,occlusion,9.424800000000001,-0.5425832091067452,0.52,0.02880615257912152,7.962106237813475,-0.366266584994582,-0.17361846139137427,1.4835343732788102,0.05468004752932565,0,nan,nan,1.4934898626712387,0.03195610487350331,0.5133786965938928,0.07030343072170729,TRACK,0
15.26,0,occlusion,9.4352,-0.5419959779219615,0.52,0.02991676545753349,7.972225539708128,-0.3680413510350235,-0.17224137038079856,1.483538355328731,0.05488681245285809,0,nan,nan,1.4936811049778158,0.03129752296763488,0.5136878072658043,0.06885455052879674,TRACK,0
15.280000000000001,0,occlusion,9.4456,-0.5413865466576985,0.52,0.03102615294941499,7.9822478303810325,-0.3697848801237464,-0.17077548389173058,1.4835366045655332,0.055127923729292316,1,1.4717132319782888,0.05443190393997834,1.4913151961632116,0.033315602024269086,0.5086408458220308,0.073294324453392,TRACK,0
15.3,0,occlusion,9.456,-0.5407549402761758,0.52,0.03213426961440929,7.992280108341278,-0.37151499925753356,-0.16934004646016687,1.4836361477549467,0.05528170710998026,0,nan,nan,1.4915597356125445,0.03262357799008253,0.5090184507675636,0.07177187157818157,TRACK,0
15.32,0,occlusion,9.4664,-0.5401011846479021,0.52,0.03324107006421302,8.002322073711957,-0.37323194938422266,-0.16793416164674912,1.4837286668688443,0.05547080505763624,0,nan,nan,1.4917971113368607,0.031951927577680284,0.5093843986702368,0.07029424067089662,TRACK,0
15.34,0,occlusion,9.4768,-0.5394253065506168,0.52,0.03434650896443436,8.012228840194457,-0.3749114520512199,-0.16644260971227043,1.4838144719192243,0.0556945135864777,1,1.4609627582461173,0.054882956758553425,1.4884986421899244,0.0338989076017886,0.5024060891032675,0.07457759672393492,TRACK,0
15.36,0,occlusion,9.4872,-0.5387273336681923,0.52,0.03545054103645034,8.022147120738907,-0.37657769173308137,-0.16498199978342187,1.4840402842672615,0.05583213651020902,0,nan,nan,1.4888095208707817,0.033195680201104416,0.5028634099729259,0.07303049644242972,TRACK,0
15.38,0,occlusion,9.4976,-0.5380072945895,0.52,0.03655312105926212,8.032076578809734,-0.37823090046750046,-0.16355141830841946,1.4842576311403053,0.056005253519099796,0,nan,nan,1.4891116629339787,0.032513215340968404,0.5033071544789357,0.0715290737501305,TRACK,0
15.4,0,occlusion,9.508000000000001,-0.5372652188072403,0.52,0.037654203871345486,8.042045909538466,-0.37987609400402594,-0.16203365867904074,1.4844668604006515,0.056213141258854016,1,1.4971025295701026,0.05585057726563777,1.490207337576233,0.034494537031338535,0.5052084147939263,0.07588798146894478,TRACK,0
15.42,0,occlusion,9.5184,-0.536501136716733,0.52,0.038753744372502875,8.052025977145979,-0.3815075034259197,-0.16054726319567347,1.4846389474977613,0.056339922473285675,0,nan,nan,1.4904807388401933,0.03378171553107734,0.5056264583473769,0.07431977416837016,TRACK,0
15.44,0,occlusion,9.5288,-0.5357150796146742,0.52,0.03985169752570892,8.062016459799391,-0.3831253724384367,-0.15909130867323373,1.4848035193689637,0.05650241779581089,0,nan,nan,1.4907462077438483,0.03308987550998976,0.5060317277350678,0.07279772612197749,TRACK,0
15.46,0,occlusion,9.539200000000001,-0.5349070796978526,0.52,0.04094801835895598,8.072017047057603,-0.3847299390674769,-0.15766490338739736,1.4849609079360269,0.05669989589649216,0,nan,nan,1.4910039963981825,0.03241830195082418,0.5064246725233091,0.0713202642918132,TRACK,0
15.48,0,occlusion,9.5496,-0.5340771700618319,0.52,0.04204266196709599,8.08194129210522,-0.38630773969419674,-0.15615404059137816,1.4851114363008773,0.05693165037234538,1,1.4733196986863393,0.05475107364176867,1.4891869854618196,0.03433779081861843,0.5024442620401505,0.07554313980096056,TRACK,0
15.5,0,occlusion,9.56,-0.5332253846995949,0.52,0.043135583513679666,8.091876695191852,-0.3878719275093192,-0.15467406783179127,1.4853424986842323,0.05708041432574973,0,nan,nan,1.4894837797631255,0.033635744536066436,0.5028889490106616,0.07399863797934617,TRACK,0
15.52,0,occlusion,9.5704,-0.5323517585001507,0.52,0.04422673823279356,8.101822926755187,-0.38942273861121063,-0.15322407923680226,1.485565745574374,0.05726432934722947,0,nan,nan,1.4897721253744256,0.03295428624975383,0.5033203189452123,0.07249942974945843,TRACK,0
15.540000000000001,0,occlusion,9.5808,-0.5314563272471063,0.52,0.04531608143089276,8.111660125162311,-0.39094194202230526,-0.15169102564193926,1.4857815194316373,0.05748267385824324,1,1.4645521465506492,0.05539743673548644,1.48715591142989,0.034842127155975344,0.49769079634200436,0.07665267974314577,TRACK,0
15.56,0,occlusion,9.5912,-0.5305391276172009,0.52,0.046403568488632196,8.121509588900734,-0.3924475833862299,-0.15018926287203316,1.4861109028133606,0.05761776448059486,0,nan,nan,1.4875008497067561,0.03413097204332027,0.49819396787614173,0.0750881384953046,TRACK,0
15.58,0,occlusion,9.6016,-0.5296001971788029,0.52,0.04748915486269388,8.13137096140069,-0.39393989314752337,-0.14871787151376692,1.4864314530102378,0.05778811269629047,0,nan,nan,1.4878361901933015,0.03344071268786619,0.4986824039569634,0.07356956791330563,TRACK,0
15.6,0,occlusion,9.612,-0.5286395743903719,0.52,0.04857279608761199,8.141185441117843,-0.3954103383134584,-0.14714825574482537,1.486743540113911,0.057992981278689903,1,1.4762695467886893,0.05925903189674441,1.4867987499580535,0.035673085657760506,0.4962011212815471,0.07848078844707312,TRACK,0
15.620000000000001,0,occlusion,9.6224,-0.5276572985988828,0.52,0.0496544477775933,8.151012513279182,-0.39686690285533877,-0.1456106804561732,1.4871065287830594,0.05810157970770469,0,nan,nan,1.4871542713408683,0.0349448929239089,0.496721570723557,0.07687876443259958,TRACK,0
15.64,0,occlusion,9.632800000000001,-0.5266534100382149,0.52,0.05073406562833584,8.160851809864976,-0.3983098217854023,-0.14410420302806015,1.4874604846008959,0.05824583450991394,0,nan,nan,1.4874998733359357,0.03423812336620902,0.4972267398831606,0.07532387140565984,TRACK,0
15.66,0,occlusion,9.6432,-0.525627949827503,0.52,0.05181160541884335,8.170702975412812,-0.39973932490215186,-0.14262791312430245,1.4878057879053725,0.05842498683250197,0,nan,nan,1.4878358571905446,0.03355204326722294,0.4977171430935043,0.07381449518789047,TRACK,0
15.68,0,occlusion,9.6536,-0.5245809599694546,0.52,0.05288702301323655,8.18056694772055,-0.4011558208667914,-0.14104112653373146,1.4881428087975344,0.05863830361905409,1,1.4898506164048888,0.06115051215236687,1.4882927882349362,0.036063331603890525,0.4982579916711393,0.07933932952855915,TRACK,0
15.700000000000001,0,occlusion,9.664000000000001,-0.5235124833486272,0.52,0.0539602743625614,8.19044277029639,-0.40255802821195424,-0.13948650706122123,1.4884706155812495,0.05874532404436961,0,nan,nan,1.4886153960528228,0.03533226073886597,0.4987435638388649,0.07773097362550514,TRACK,0
15.72,0,occlusion,9.6744,-0.5224225637296742,0.52,0.05503131550659255,8.200330090184284,-0.4039461905468577,-0.13796311227901903,1.48879030305295,0.05888790986084791,0,nan,nan,1.488928803798783,0.03462260868641431,0.4992146062406745,0.07616973911011149,TRACK,0
15.74,0,occlusion,9.684800000000001,-0.5213112457555505,0.52,0.05610010257563446,8.210296374242095,-0.4053299607518593,-0.13633122125871378,1.4891022360242503,0.05906530093312545,1,1.5059184792889078,0.06222133060984901,1.4910168291999992,0.03708843227966607,0.5030945187069972,0.08159455101526536,TRACK,0
15.76,0,occlusion,9.6952,-0.5201785749456855,0.52,0.05716659179231809,8.220273300224877,-0.40669861715550226,-0.1347324141401236,1.489338437686752,0.05914074368165867,0,nan,nan,1.4912799266313186,0.03633652542250054,0.5035183025897143,0.0799403559295012,TRACK,0
15.780000000000001,0,occlusion,9.7056,-0.5190245976941165,0.52,0.05823073947339465,8.230260536676917,-0.40805242336575936,-0.1331657236519308,1.489567900758076,0.059252330630561456,0,nan,nan,1.4915350844046886,0.03560660200438548,0.5039287727543893,0.07833452440964805,TRACK,0
15.8,0,occlusion,9.716000000000001,-0.5178493612675911,0.52,0.05929250203152333,8.24024712139762,-0.40939021122434044,-0.13151786661186193,1.489790965353255,0.059399282480320004,1,1.4904980269949584,0.05813796672102857,1.4916019189666312,0.03745129636520428,0.5037895164111978,0.08239285200344942,TRACK,0
15.82,0,occlusion,9.7264,-0.5166529138036284,0.52,0.060351835977058635,8.250244076916252,-0.41071262285567073,-0.1299032686471122,1.4900186797294708,0.05946805708938996,0,nan,nan,1.4918528739522272,0.03669540828976148,0.5042020729930405,0.08072989823747526,TRACK,0
15.84,0,occlusion,9.7368,-0.5154353043085496,0.52,0.06140869791983009,8.260251076197285,-0.4120199265796811,-0.12832095970147872,1.4902400318291207,0.059572944911330694,0,nan,nan,1.492096132655319,0.03596156694621655,0.5046015201062907,0.07911544728167641,TRACK,0
15.860000000000001,0,occlusion,9.747200000000001,-0.5141965826554692,0.52,0.0624630445709203,8.27026780422334,-0.41331238451929014,-0.1267700027555958,1.4904553569446102,0.05971316294053963,0,nan,nan,1.492331952162793,0.03524902149734288,0.5049883361861338,0.07754784729415434,TRACK,0
15.88,0,occlusion,9.7576,-0.512936799582253,0.52,0.06351483274443784,8.28024124753176,-0.41458353465762654,-0.12511242162731362,1.4906649806950105,0.05988795441114103,1,1.4823875692638522,0.06235182374263627,1.4913560064804163,0.03767229837005148,0.5027061619387384,0.08287905641411326,TRACK,0
15.9,0,occlusion,9.768,-0.5116560066894399,0.52,0.06456401935928603,8.29022516161755,-0.41583920489154763,-0.12348806515836408,1.4909222549724788,0.059957322132049296,0,nan,nan,1.491613588237381,0.036917192476129124,0.5031283340480888,0.08121782344748407,TRACK,0
15.92,0,occlusion,9.7784,-0.5103542564381272,0.52,0.0656105614409281,8.30021921651177,-0.4170796631875047,-0.12189596694689975,1.4911731772545669,0.06006253423929797,0,nan,nan,1.4918633031897923,0.03618405026055127,0.5035371635060073,0.0796049105732128,TRACK,0
15.94,0,occlusion,9.7888,-0.5090316021478235,0.52,0.06665441612314642,8.31017475094957,-0.4182992491337383,-0.12019196813037292,1.4914180862685666,0.06020280752915941,1,1.4829055645397906,0.0648500916677531,1.4910169366764652,0.038727245830155965,0.5014978958641213,0.08519994082634313,TRACK,0
15.96,0,occlusion,9.7992,-0.5076880979942632,0.52,0.06769554064979956,8.320141120496945,-0.419502928455551,-0.11852220825033388,1.4917059222951117,0.06023213857179499,0,nan,nan,1.4912855254805093,0.037949088182708035,0.5019396524101215,0.08348799400195768,TRACK,0
15.98,0,occlusion,9.8096,-0.5063237990071893,0.52,0.06873389237657192,8.330117981036542,-0.42069097625418217,-0.11688568915110942,1.4919871371073674,0.06029788269511549,0,nan,nan,1.491545884974529,0.03719361589146697,0.5023674048900771,0.08182595496122734,TRACK,0
16.0,0,occlusion,9.82,-0.5049387610680969,0.52,0.06976942877272235,8.34004763969897,-0.42185692593012575,-0.11515162859127814,1.4922620814309668,0.06039922849655088,1,1.4803252820525612,0.06338261797958557,1.4904794878646814,0.03941046726889308,0.49989388823816217,0.08670302799156478,TRACK,0
16.02,0,occlusion,9.830400000000001,-0.5035330409079466,0.52,0.07080210742282471,8.349988510119854,-0.4230067198969584,-0.11345237943420106,1.4925887396107227,0.060403170653589466,0,nan,nan,1.4907626632922688,0.03861929902447914,0.5003571996358672,0.0849624578538541,TRACK,0
16.04,0,occlusion,9.8408,-0.5021066961048399,0.52,0.07183188602850574,8.359940235983576,-0.4241406361011786,-0.1117869261468667,1.492908471606598,0.060443749706982075,0,nan,nan,1.4910372039700257,0.03785121107577982,0.5008058846121936,0.08327266436671561,TRACK,0
16.06,0,occlusion,9.8512,-0.50065978508166,0.52,0.07285872241017798,8.369902474054545,-0.42525894621052346,-0.11015428788330528,1.4932216392535367,0.06052013744428786,0,nan,nan,1.4913033963874052,0.037105415080946,0.5012404734339665,0.08163191317808122,TRACK,0
16.080000000000002,0,occlusion,9.861600000000001,-0.4991923671036802,0.52,0.07388257450876681,8.379905607948459,-0.42636531279719597,-0.10843213095985682,1.4935285935116074,0.06063153338841509,1,1.4995741433666905,0.060879172524055315,1.4924148621931823,0.03913993007837213,0.5032065548154204,0.08610784617241869,TRACK,0
16.1,0,occlusion,9.872000000000002,-0.4977045022761363,0.52,0.07490340038743301,8.389918804414537,-0.42745534038966304,-0.10674412635875896,1.493798833426769,0.06065706700044515,0,nan,nan,1.4926532692629846,0.03836374093403894,0.5036175722227499,0.08440023005488567,TRACK,0
16.12,0,occlusion,9.8824,-0.49619625154176294,0.52,0.07592115823329172,8.399941735117505,-0.42852931152582396,-0.10508928560434994,1.4940633962594214,0.06071851127565431,0,nan,nan,1.4928841016646743,0.03761001714566303,0.504015262362693,0.08274203772045868,TRACK,0
16.14,0,occlusion,9.892800000000001,-0.4946676766782997,0.52,0.07693580635912373,8.409945986058665,-0.4295845385304627,-0.10335001948395961,1.494322616563445,0.060815059380480374,1,1.488063245144902,0.06077381364730675,1.4925042924000862,0.0395287754634146,0.502987427588975,0.08696330601951213,TRACK,0
16.16,0,occlusion,9.9032,-0.4931188402959593,0.52,0.07794730320508352,8.419960278437046,-0.43062321659750524,-0.10164514065047747,1.4946050172713659,0.060828114857966575,0,nan,nan,1.4927420604412263,0.03874724621550163,0.5034006951888489,0.0852439416741036,TRACK,0
16.18,0,occlusion,9.9136,-0.49154980583486313,0.52,0.07895560734040198,8.429984282324913,-0.4316456314164257,-0.09997365507952782,1.4948818237930246,0.06087705545533506,0,nan,nan,1.4929722288218712,0.037988308430671136,0.5038005210544961,0.08357427854747651,TRACK,0
16.2,0,occlusion,9.924,-0.4899606375624435,0.52,0.07996067746508255,8.440005796545725,-0.4326508700864189,-0.09821517887202669,1.4951533715983836,0.06096106795709666,1,1.4917894539884935,0.06195156191405364,1.4929959163456177,0.03996536835230202,0.503590240328325,0.08792381037506446,TRACK,0
16.22,0,occlusion,9.9344,-0.4883514005708109,0.52,0.08096247241159331,8.45003713289933,-0.43363927976591693,-0.09649137410043362,1.495431905642641,0.06095944181235158,0,nan,nan,1.493223973288542,0.039177381172569525,0.503995691285422,0.08619023857965297,TRACK,0
16.240000000000002,0,occlusion,9.9448,-0.48672216077408686,0.52,0.08196095114655372,8.460077963950413,-0.43461115145641693,-0.09480124007895263,1.4957051250561197,0.06099371489988625,0,nan,nan,1.4934446073856533,0.03841213685183931,0.5043878041228851,0.08450670107404648,TRACK,0
16.26,0,occlusion,9.955200000000001,-0.48507298490570633,0.52,0.082956072772414,8.470127974706722,-0.435566769456268,-0.09314381014062123,1.495973361833736,0.06106306722170407,0,nan,nan,1.493658078348023,0.037668862234800926,0.5047670798585215,0.08287149691656204,TRACK,0
16.28,0,occlusion,9.9656,-0.4834039405156821,0.52,0.0839477965291316,8.480149337976693,-0.4365029062166979,-0.09139975505421205,1.4962369375769824,0.06116670587167983,1,1.4868460998776485,0.06093050097247953,1.4930310803843103,0.03963761560021073,0.5032496244979563,0.08720275432046361,TRACK,0
16.3,0,occlusion,9.976,-0.48171509596783924,0.52,0.08493608179583996,8.490180333409679,-0.43742229834381935,-0.08968971796023029,1.4965337768248541,0.0611838849124835,0,nan,nan,1.4932577376186695,0.03886447940867521,0.5036520407483375,0.08550185469908547,TRACK,0
16.32,0,occlusion,9.9864,-0.4800065204370138,0.52,0.08592088809251301,8.500220640304635,-0.43832523307977334,-0.08801272236599056,1.4968255431622393,0.06123618916724771,0,nan,nan,1.493477045881986,0.03811353623272051,0.5040413020831896,0.08384977971198514,TRACK,0
16.34,0,occlusion,9.9968,-0.4782782839062213,0.52,0.08690217508162225,8.51029806283165,-0.4392144717425771,-0.08626002716547942,1.4971125629479338,0.061322815646194684,1,1.5010429598790145,0.059397112771004505,1.49446835652853,0.03983398182979947,0.5058289982479244,0.08763476002555884,TRACK,0
16.36,0,occlusion,10.0072,-0.4765304571637878,0.52,0.08787990256979007,8.52038434735165,-0.44008667929822987,-0.08454135779949556,1.4973669865020776,0.06133637824502669,0,nan,nan,1.494662882749694,0.03906066740871994,0.5061963093468227,0.08593346829918387,TRACK,0
16.38,0,occlusion,10.0176,-0.4747631118004525,0.52,0.08885403050943512,8.53047918942303,-0.44094215001065745,-0.08285574120474681,1.4976171625306338,0.06138488456350544,0,nan,nan,1.494850776732071,0.038309468062476704,0.5065512476194886,0.08428082973744876,TRACK,0
16.4,0,occlusion,10.027999999999999,-0.47297632020643476,0.52,0.08982451900041305,8.540633248110112,-0.4417854026169479,-0.08107308518396206,1.4978634003710865,0.06146753405209182,1,1.5079340870089042,0.06419246652889125,1.4963925592230678,0.04051490956328774,0.5094506423067781,0.08913280103923303,TRACK,0
16.42,0,occlusion,10.038400000000001,-0.47117015556846764,0.52,0.09079132829165133,8.550795256975706,-0.4426110778323111,-0.07932502307954081,1.498054974549603,0.06145655700737018,0,nan,nan,1.4965452337028011,0.03972868419139042,0.5097748614478973,0.08740310522105893,TRACK,0
16.44,0,occlusion,10.048800000000002,-0.46934469186680294,0.52,0.0917544187827762,8.560964927851058,-0.4434194835409471,-0.07761056749737794,1.4982432700475024,0.061480769504085764,0,nan,nan,1.4966921591814666,0.03896489959461036,0.5100875549911595,0.0857227791081428,TRACK,0
16.46,0,occlusion,10.0592,-0.46750000387217844,0.52,0.09271375102573591,8.57114198416136,-0.44421092034196474,-0.07592876441106089,1.4984285778363173,0.06153935975366531,0,nan,nan,1.4968335582347316,0.038222797416299414,0.510389183253898,0.08409015431585871,TRACK,0
16.48,0,occlusion,10.069600000000001,-0.46563616714275674,0.52,0.09366928572641575,8.58133175200223,-0.4449861070929741,-0.07415020879073353,1.4986111792027825,0.06163154239645019,1,1.49956088745319,0.06346057155324,1.4972103380685617,0.040421718643800286,0.5109605736986743,0.08892778101636063,TRACK,0
16.5,0,occlusion,10.08,-0.46375325802102924,0.52,0.0946209837462483,8.59152892130085,-0.4457436181639903,-0.07240588373638834,1.4987857497022923,0.06162831139316172,0,nan,nan,1.4973443098038213,0.03964375123511532,0.5112633487925424,0.08721625271725371,TRACK,0
16.52,0,occlusion,10.0904,-0.46185135363069074,0.52,0.09556880610381542,8.601733217015457,-0.4464837630963048,-0.07069481738018402,1.498957627720885,0.06165971907279344,0,nan,nan,1.4974729753113614,0.0388878717319141,0.511555142560458,0.08555331781021103,TRACK,0
16.54,0,occlusion,10.1008,-0.45993053187347865,0.52,0.0965127139764461,8.612013076909598,-0.44721170901744967,-0.06892247831075426,1.4991270911561072,0.06172496474029998,1,1.513848612577843,0.057218556552520616,1.4993655303426343,0.0402804333961333,0.5152800808960075,0.08861695347149326,TRACK,0
16.56,0,occlusion,10.1112,-0.4579908714259839,0.52,0.09745266870180579,8.622299107297975,-0.44792177241997927,-0.06718399034860933,1.499225673708764,0.061732596581463905,0,nan,nan,1.4994498862094863,0.03951109004874498,0.5155254872123624,0.08692439810723897,TRACK,0
16.580000000000002,0,occlusion,10.1216,-0.4560324517364269,0.52,0.0983886317794804,8.632591061801092,-0.4486142692105891,-0.06547839870409033,1.499322830472499,0.06177440229342679,0,nan,nan,1.4995300904044329,0.03876344646633978,0.5157612802916173,0.08527958222594752,TRACK,0
16.6,0,occlusion,10.132000000000001,-0.45405535302140526,0.52,0.09932056487255278,8.642934376835345,-0.4492925024839454,-0.06367629027083543,1.499418810520869,0.06184959552100722,1,1.511305432725448,0.06451439070128168,1.5008362123419734,0.0409570098466987,0.518276389272441,0.09010542166273715,TRACK,0
16.62,0,occlusion,10.1424,-0.452059656262605,0.52,0.10024842980917412,8.65328317346627,-0.4499523675483532,-0.06190863047377393,1.4994681764521052,0.06183086574449437,0,nan,nan,1.5008891203297345,0.04017408629685715,0.5184906306083541,0.08838298985308574,TRACK,0
16.64,0,occlusion,10.152800000000001,-0.45004544320348666,0.52,0.10117218858412617,8.663637216430029,-0.4505941923470693,-0.06017444872135691,1.499516829422353,0.06184656004324118,0,nan,nan,1.500938520078847,0.039413221645837826,0.5186958279367693,0.08670908762084323,TRACK,0
16.66,0,occlusion,10.1632,-0.4480127963459359,0.52,0.1020918033603786,8.6739962808876,-0.45121829680863085,-0.05847280695684276,1.4995650054177156,0.061895879447418256,0,nan,nan,1.5009845837527376,0.038673676466227214,0.5188923848329245,0.08508208822569988,TRACK,0
16.68,0,occlusion,10.1736,-0.44596179894688304,0.52,0.10300723647063896,8.684293135941976,-0.4518210699574864,-0.05668053315738186,1.4996129317745672,0.061978050553095354,1,1.4876986765352977,0.06274979794067724,1.499475882594279,0.04073349544229066,0.515724149812207,0.08961368997303945,TRACK,0
16.7,0,occlusion,10.184,-0.44389253501489523,0.52,0.10391845041889491,8.6945960190259,-0.4524056690416829,-0.054922270892484804,1.4997278218960552,0.0619672070186561,0,nan,nan,1.4995596009943541,0.03996050602038759,0.5159727607399452,0.0879131132448527,TRACK,0
16.72,0,occlusion,10.1944,-0.4418050893067342,0.52,0.10482540788195041,8.704904684094023,-0.45297241430574364,-0.05319706465386931,1.4998414428320335,0.06199012999461573,0,nan,nan,1.4996391353343217,0.039209232695804896,0.5162116224986399,0.08626031193077079,TRACK,0
16.740000000000002,0,occlusion,10.2048,-0.4396995473238832,0.52,0.10572807171095497,8.71525538930922,-0.45352356144058076,-0.051389958931260526,1.4999540418541528,0.062046029244267054,1,1.5090325200161132,0.06174199079539282,1.50070689782747,0.041070584604748994,0.5182684189109029,0.0903552861304478,TRACK,0
16.76,0,occlusion,10.215200000000001,-0.4375759953090485,0.52,0.10662640493292394,8.725611473993759,-0.4540562292021668,-0.049617084644783205,1.5000293863807594,0.062021661692623464,0,nan,nan,1.500763629790864,0.04029259741993663,0.5184887292352166,0.08864371432386059,TRACK,0
16.78,0,occlusion,10.2256,-0.43543452024262375,0.52,0.10752037075225415,8.735972704464222,-0.45457074554231347,-0.04787748240954226,1.500104111785229,0.06203101452268367,0,nan,nan,1.5008167580401848,0.039536414437289835,0.5186998745092278,0.08698011176203764,TRACK,0
16.8,0,occlusion,10.236,-0.43327520983912765,0.52,0.1084099325522309,8.7463456197363,-0.4550677544255885,-0.046061400261576235,1.5001784517827428,0.06207329421083907,1,1.503536554485437,0.06127141413144272,1.5011227843355839,0.04127459427195923,0.5192407656178337,0.09080410739831031,TRACK,0
16.82,0,occlusion,10.246400000000001,-0.43109815254361267,0.52,0.1092950538965271,8.75672365805082,-0.45554611975853465,-0.04427963260395673,1.5002458750360552,0.06203919575338679,0,nan,nan,1.5011708218538695,0.04049471949135652,0.5194528675670063,0.08908838288098436,TRACK,0
16.84,0,occlusion,10.2568,-0.42890343752804166,0.52,0.11017569853069613,8.767106590112268,-0.456006172888099,-0.04253121967530182,1.500312922090611,0.06203864962622463,0,nan,nan,1.501215432704958,0.03973665746942823,0.5196559608882378,0.08742064643274211,TRACK,0
16.86,0,occlusion,10.2672,-0.42669115468763413,0.52,0.11105183038365711,8.77749419688814,-0.456448237056577,-0.040815233801430484,1.5003798214721156,0.06207086108112003,0,nan,nan,1.5012567875370217,0.03899967895162337,0.5198504478674134,0.08579929369357142,TRACK,0
16.88,0,occlusion,10.2776,-0.42446139463718635,0.52,0.11192341356917172,8.788007500407971,-0.45687757843512516,-0.03902185674045677,1.500446792997952,0.06213506059379581,1,1.5291974206512824,0.06014070622540333,1.5043679792201032,0.04075856956758139,0.5261033285378458,0.08966885304867907,TRACK,0
16.9,0,occlusion,10.288,-0.4222142487073584,0.52,0.11279041238731441,8.798523999810971,-0.4572881601877359,-0.03726195788702924,1.5003929636132525,0.06212674649204075,0,nan,nan,1.5043402468481437,0.03999770121426227,0.5262255625415413,0.087994942671377,TRACK,0
16.92,0,occlusion,10.2984,-0.4199498089409324,0.52,0.1136527913259352,8.80904351245936,-0.4576803193400845,-0.035534611089989454,1.500340684117068,0.062151109343058675,0,nan,nan,1.5043108848362354,0.0392578817509075,0.5263409901394209,0.0863673398519965,TRACK,0
16.94,0,occlusion,10.308800000000002,-0.41766816808904583,0.52,0.11451051506211295,8.819550810141045,-0.4580538493098797,-0.033705974231969194,1.5002901366628991,0.06220738258888625,1,1.5024327445143397,0.06573125103355287,1.504019592822066,0.04155992859136903,0.5256967500610805,0.09143184290101188,TRACK,0
16.96,0,occlusion,10.3192,-0.4153694196073887,0.52,0.11536354846360332,8.830061575419116,-0.45840825911779876,-0.03191163532824559,1.500256529125485,0.06216123484567504,0,nan,nan,1.504002519844377,0.0407804296300851,0.5258369353769339,0.08971694518618724,TRACK,0
16.98,0,occlusion,10.329600000000001,-0.413053657652377,0.52,0.11621185659027773,8.840575614073462,-0.4587438932241726,-0.030150642801614058,1.5002241588071468,0.06214812552772164,0,nan,nan,1.5039834796602958,0.04002255742344385,0.5259697212731304,0.08804962633157648,TRACK,0
17.0,0,occlusion,10.34,-0.41072097707729677,0.52,0.11705540469555377,8.851061398524735,-0.4590601422013639,-0.02829572990165108,1.5001932174178185,0.062167266393210685,1,1.4983865704224926,0.06542271773609731,1.5032977105307734,0.04215711136279099,0.5245276183723011,0.09274564499814018,TRACK,0
17.02,0,occlusion,10.3504,-0.4083714734284188,0.52,0.11789415822781889,8.861551070024829,-0.45935703435251896,-0.026475695802306465,1.5001951816399688,0.06209021143864302,0,nan,nan,1.5032992709151218,0.041364411348744135,0.5246936085214686,0.0910017049672371,TRACK,0
17.04,0,occlusion,10.3608,-0.40600524294108314,0.52,0.11872808283184587,8.872044420747491,-0.45963491804591333,-0.024689570876355926,1.5001979095034437,0.06204636517442941,0,nan,nan,1.5032983674047653,0.04059374831705753,0.524851475981182,0.08930624629752658,TRACK,0
17.06,0,occlusion,10.3712,-0.4036223825357602,0.52,0.11955714435019943,8.88254125283009,-0.4598941329980448,-0.022936417777478457,1.5002016047645736,0.06203492321747106,0,nan,nan,1.5032951523186813,0.03984438861085282,0.5250016099063867,0.08765765494387621,TRACK,0
17.080000000000002,0,occlusion,10.3816,-0.40122298981407867,0.52,0.12038130882463578,8.89304231508229,-0.4601350319944389,-0.02110465255506444,1.5002064626274387,0.062055106516178515,1,1.5046500074344962,0.06146774602475551,1.503405221060466,0.041631027782140784,0.5251912526666956,0.09158826112070974,TRACK,0
17.1,0,occlusion,10.392000000000001,-0.39880716305483,0.52,0.12120054249749297,8.903546967475972,-0.4603567619543749,-0.0193069918609452,1.5002117346169963,0.0619955225155473,0,nan,nan,1.5034028939909172,0.04085592486634271,0.525349612370665,0.08988303470595396,TRACK,0
17.12,0,occlusion,10.4024,-0.3963750012099395,0.52,0.12201481181307461,8.914055012185859,-0.4605596659001769,-0.017542493716959928,1.500218010428629,0.06196823978009647,0,nan,nan,1.5033982574453593,0.04010223054512352,0.5255001751574603,0.08822490719927174,TRACK,0
17.14,0,occlusion,10.4128,-0.393926603900417,0.52,0.12282408341902318,8.924747814233886,-0.4607472635570264,-0.01569319952399484,1.500225484202117,0.061972474600894056,1,1.5454293853130057,0.06304935958174326,1.5079576749244945,0.04202941347648226,0.5347223777791716,0.09246470964826098,TRACK,0
17.16,0,occlusion,10.4232,-0.3914620714122731,0.52,0.12362832416768701,8.93544181237768,-0.4609151003819216,-0.01387827386444096,1.500053129351684,0.0618981303400532,0,nan,nan,1.5078523815786922,0.04124831044440613,0.5347657559607119,0.09074628297769351,TRACK,0
17.18,0,occlusion,10.4336,-0.3889815046924146,0.52,0.12442750111747743,8.946136859895379,-0.46106353871054945,-0.012096773551101503,1.4998841279674289,0.06185611346025155,0,nan,nan,1.507747087398123,0.04048864348499048,0.5348038784060032,0.08907501566697908,TRACK,0
17.2,0,occlusion,10.443999999999999,-0.3864850053445077,0.52,0.12522158153421817,8.956763232595053,-0.4611920898052048,-0.010221413675290947,1.4997186216497755,0.06184564257032177,1,1.4935912416127302,0.06594429589204842,1.5060378441443851,0.0426218153593263,0.5313575117948425,0.09376799379051787,TRACK,0
17.22,0,occlusion,10.4544,-0.3839726756248159,0.52,0.12601053289248657,8.967391840532708,-0.4613007329873364,-0.008381040038170529,1.4996261950931309,0.06173663753108061,0,nan,nan,1.505978647173936,0.04182667357092118,0.5314581592970892,0.0920186818560266,TRACK,0
17.240000000000002,0,occlusion,10.464800000000002,-0.3814446184380134,0.52,0.12679432287694534,8.978022509247225,-0.4613898311336141,-0.006574688789425576,1.4995359932559622,0.06166012647881436,0,nan,nan,1.505918323124388,0.04105343747147616,0.5315521042134089,0.09031756243724756,TRACK,0
17.26,0,occlusion,10.475200000000001,-0.37890093733296976,0.52,0.12757291938366608,8.988655073547962,-0.4614597379422042,-0.00480142797041383,1.4994481839721012,0.06161530907314727,0,nan,nan,1.5058569953293832,0.040301382250269135,0.531639705465999,0.0886630409505921,TRACK,0
17.28,0,occlusion,10.485600000000002,-0.3763417364985075,0.52,0.12834629052144472,8.999279773396967,-0.46151075206525866,-0.002950226568343872,1.4993629270461077,0.06160140990144214,1,1.5048543792993263,0.061820267352120234,1.5056517179984181,0.04207275913795705,0.5312411159779383,0.09256007010350552,TRACK,0
17.3,0,occlusion,10.496,-0.3737671207591342,0.52,0.12911440461310777,9.009906660983278,-0.46154210388231504,-0.001133245302435526,1.499289959133129,0.06150714215491293,0,nan,nan,1.5055998233421568,0.041295028770640396,0.531346691691269,0.09084906329540889,TRACK,0
17.32,0,occlusion,10.506400000000001,-0.37117719557075124,0.52,0.12987723019680927,9.020535566295054,-0.46155414904448594,0.0006504530449298329,1.4992191735618838,0.06144444996571119,0,nan,nan,1.5055467030016525,0.04053859880375743,0.5314456068419083,0.08918491736826635,TRACK,0
17.34,0,occlusion,10.5168,-0.36857206701633166,0.52,0.13063473602732012,9.031169425790424,-0.4615472322172223,0.0024941678268577405,1.4991507339652916,0.06141255263613843,1,1.5071210892211881,0.05867783810422105,1.5056469753269661,0.041902608680178144,0.5316930872452632,0.09218573909639192,TRACK,0
17.36,0,occlusion,10.5272,-0.36595184180157714,0.52,0.13138689107730733,9.041805340874921,-0.46152070440500065,0.004303951663910954,1.4990817047908216,0.06131843098680534,0,nan,nan,1.5055947887083976,0.04113145084211833,0.5317974083461785,0.09048919185266034,TRACK,0
17.38,0,occlusion,10.5376,-0.36331662725054653,0.52,0.13213366453860512,9.052443145358168,-0.4614749195259879,0.0060807308536219296,1.4990149108787634,0.061255409403184746,0,nan,nan,1.5055414045179105,0.04038134522070225,0.5318951505676559,0.08883895948554495,TRACK,0
17.400000000000002,0,occlusion,10.548000000000002,-0.36066653130125825,0.52,0.1328750258234772,9.06308471426443,-0.4614102102120582,0.007926004348028037,1.4989505117256678,0.061222715038555364,1,1.5070048009966477,0.06042069276298882,1.5056220855910174,0.041938033963779375,0.5320882823414678,0.09226367472031463,TRACK,0
17.42,0,occlusion,10.5584,-0.35800166250127297,0.52,0.13361094456586872,9.073728260286108,-0.4613258476534091,0.009737388396476199,1.498886630634253,0.06111908102646124,0,nan,nan,1.5055707131786407,0.0411678192829088,0.5321940176215887,0.09056920242239937,TRACK,0
17.44,0,occlusion,10.568800000000001,-0.35532213000324386,0.52,0.13434139062265094,9.084373618426769,-0.4612221863902791,0.011515806546298357,1.4988249714515645,0.061046252299138626,0,nan,nan,1.505518120879048,0.04041859431413908,0.5322931419818921,0.08892090749110598,TRACK,0
17.46,0,occlusion,10.5792,-0.3526280435604478,0.52,0.1350663340748554,9.095020632435311,-0.4610995720164937,0.013262151920171217,1.4987656917958412,0.061003457414491535,0,nan,nan,1.5054644295617918,0.03968966758802006,0.5323860009024525,0.08731726869364415,TRACK,0
17.48,0,occlusion,10.5896,-0.349919513522288,0.52,0.1357857452288999,9.10556373200222,-0.46095973963010717,0.015085672092709057,1.498708941508271,0.06098994870225738,1,1.4836395618594973,0.0609950899348937,1.5029058243469742,0.041443640284948735,0.5272013409838188,0.09117600862688723,TRACK,0
17.5,0,occlusion,10.6,-0.3471966508297765,0.52,0.13649959461780403,9.1161100057708,-0.46080062993212206,0.016875917265083196,1.498760087365727,0.06089220836507003,0,nan,nan,1.5029153151383357,0.04068739028122659,0.5273736964852885,0.0895122586186985,TRACK,0
17.52,0,occlusion,10.6104,-0.344459567010989,0.52,0.1372078530023965,9.126659264418567,-0.46062258461342065,0.018633792713101727,1.498812139587588,0.06082442122021581,0,nan,nan,1.5029222537330207,0.039951714727695986,0.5275380511228648,0.08789377240093117,TRACK,0
17.54,0,occlusion,10.6208,-0.34170837417649524,0.52,0.1379104913725131,9.137228206940135,-0.46042562233245116,0.02046735186381099,1.4988652798592876,0.0607858270324253,1,1.507798383423627,0.06111564697572379,1.503432009522324,0.04167179887975747,0.5285388825912264,0.09167795753546644,TRACK,0
17.56,0,occlusion,10.6312,-0.3389431850147697,0.52,0.13860748094818426,9.147799994155644,-0.4602092156243469,0.022267445321349832,1.4989028324194844,0.060669214491955614,0,nan,nan,1.5034302559224815,0.04091121494406513,0.5287000964471997,0.0900046728769433,TRACK,0
17.580000000000002,0,occlusion,10.6416,-0.33616411278757297,0.52,0.13929879318081467,9.158374442303396,-0.4599737107529505,0.024034982867315424,1.49894150819783,0.060582436149735575,0,nan,nan,1.5034261806177802,0.04017130786285694,0.5288535151011274,0.08837687729828528,TRACK,0
17.6,0,occlusion,10.652000000000001,-0.3333712713253158,0.52,0.13998439975435165,9.168916202495524,-0.45972029092690636,0.02586509243459334,1.4989814822984047,0.06052472788326524,1,1.4965411068884462,0.05895247768095956,1.5026332959108055,0.04159339925631622,0.5272402904666672,0.09150547836389569,TRACK,0
17.62,0,occlusion,10.662400000000002,-0.33056477502239384,0.52,0.14066427258644593,9.179461113616417,-0.4594474849873385,0.027661876848863454,1.4990580378013911,0.060399641284058614,0,nan,nan,1.5026497095614866,0.04083600941523091,0.5274219696509556,0.08983922071350801,TRACK,0
17.64,0,occlusion,10.6728,-0.3277447388325036,0.52,0.14133838382960118,9.190008985076606,-0.45915563662340325,0.02942624123146187,1.49913529840708,0.0603040007492508,0,nan,nan,1.502663395875594,0.04009919051360278,0.5275954127173915,0.08821821912992613,TRACK,0
17.66,0,occlusion,10.683200000000001,-0.32491127826393235,0.52,0.14200670587231543,9.200559635433038,-0.45884508099860577,0.031159060858984233,1.4992134453770436,0.06023704453457812,0,nan,nan,1.50267450774195,0.03938226426187441,0.5277609964268143,0.08664098137612371,TRACK,0
17.68,0,occlusion,10.6936,-0.3220645093748292,0.52,0.14266921134021107,9.211035071101529,-0.4585185705860005,0.03294558461968844,1.499292651552716,0.060198034363710295,1,1.4865525853891843,0.05580670095371675,1.5008366975242322,0.04060281274328226,0.5240261479502375,0.08932618803522098,TRACK,0
17.7,0,occlusion,10.704,-0.31920454876845034,0.52,0.14332587309715672,9.221514282344312,-0.4581732018804841,0.034699969167220956,1.4994507913218758,0.060098640665963377,0,nan,nan,1.500891304568572,0.03987237608028282,0.5242450472194103,0.08771922737662222,TRACK,0
17.72,0,occlusion,10.7144,-0.31633151358838146,0.52,0.14397666424637878,9.231997070255039,-0.4578093033962207,0.03642308204151545,1.4996088925176092,0.06002742417442031,0,nan,nan,1.5009424284316042,0.039161656233964504,0.5244551088704545,0.08615564371472191,TRACK,0
17.740000000000002,0,occlusion,10.724800000000002,-0.3134455215137419,0.52,0.14462155813156274,9.24248321374697,-0.45742719674379695,0.03822858943187235,1.499767144784335,0.0599836507075695,1,1.5021726280205656,0.06152974990589157,1.501082185615781,0.04103425887175094,0.5246551506160675,0.09027536951785207,TRACK,0
17.76,0,occlusion,10.7352,-0.3105466907543647,0.52,0.14526052833794503,9.252972988687246,-0.4570259919817649,0.040001497767994554,1.4999257604965943,0.05985378008355413,0,nan,nan,1.5011325670635733,0.04029337127550159,0.52487223102081,0.08864541680610351,TRACK,0
17.78,0,occlusion,10.745600000000001,-0.3076351400459514,0.52,0.14589354869339552,9.263466196199051,-0.4566060239412746,0.04174268867392339,1.5000843381432118,0.059752159821468975,0,nan,nan,1.5011795116183624,0.03957252058929628,0.5250804153671592,0.08705954529645182,TRACK,0
17.8,0,occlusion,10.756,-0.3047109886452122,0.52,0.14652059326948888,9.274020990446227,-0.45616518237281634,0.04355816610459762,1.5002430660516723,0.05967804405637711,1,1.5154580688621724,0.06051792863248592,1.5027470674892125,0.041260850697139695,0.5281998269799825,0.09077387153370733,TRACK,0
17.82,0,occlusion,10.7664,-0.3017743563249801,0.52,0.14714163638256691,9.284578481003768,-0.45570502638854116,0.045340855660608526,1.5003438390330524,0.059527944406779554,0,nan,nan,1.5027600461105532,0.040515671727518576,0.528375695888917,0.08913447780054087,TRACK,0
17.84,0,occlusion,10.7768,-0.2988253633693036,0.52,0.14775665259479065,9.29513848831335,-0.45522589824687787,0.04709164239160524,1.5004453640251119,0.05940598313434364,0,nan,nan,1.5027704172258467,0.03979060752264818,0.5285435605382028,0.087539336549826,TRACK,0
17.86,0,occlusion,10.7872,-0.29586413056852223,0.52,0.14836561671518195,9.305700841564072,-0.45472813167754267,0.04881138224501491,1.5005478091864388,0.05931141232082826,0,nan,nan,1.5027783288101946,0.03908499666840193,0.5287037869888791,0.08598699267048425,TRACK,0
17.88,0,occlusion,10.7976,-0.29289077921431805,0.52,0.1489685038006555,9.316184334824847,-0.4542160110983059,0.05060882408375367,1.500651334452522,0.059243506956018877,1,1.4862335192136122,0.06029829584960211,1.5008761156078818,0.04085095088042401,0.5247997199799105,0.08987209193693282,TRACK,0
17.900000000000002,0,occlusion,10.808000000000002,-0.28990543109474537,0.52,0.14956528915704081,9.32667130506396,-0.4536848242875646,0.05237396688957707,1.500837081619153,0.059090353165924814,0,nan,nan,1.5009307875573805,0.040116881950527095,0.5250207239336646,0.08825714029115962,TRACK,0
17.92,0,occlusion,10.8184,-0.28690820848924714,0.52,0.15015594834009288,9.337161556979243,-0.4531349052738916,0.05410768114359321,1.5010226310328318,0.05896458283487638,0,nan,nan,1.5009819467382437,0.03940259668218715,0.5252327964048529,0.08668571270081174,TRACK,0
17.94,0,occlusion,10.828800000000001,-0.2838992341636422,0.52,0.1507404571564942,9.347738086643242,-0.4525620746559249,0.05590155564083821,1.5012081658029732,0.058865457579513336,1,1.5204978239009759,0.05717204938519334,1.5031541647889974,0.04076987493738571,0.5296015357094465,0.08969372486224857,TRACK,0
17.96,0,occlusion,10.8392,-0.28087863136509744,0.52,0.15131879166484544,9.358316774883324,-0.451970092753517,0.05766329999251152,1.501310708579006,0.05870486938721875,0,nan,nan,1.5031563848892187,0.04003964435621299,0.5297619452490974,0.08808721758366858,TRACK,0
17.98,0,occlusion,10.8496,-0.27784652381708164,0.52,0.15189092817664596,9.368897456436668,-0.4513592986139284,0.05939377589758221,1.501414224913817,0.05857129210645917,0,nan,nan,1.5031563023969465,0.03932899784251376,0.5299148318698323,0.08652379525353028,TRACK,0
18.0,0,occlusion,10.86,-0.2748030357142964,0.52,0.15245684325726416,9.379406322431386,-0.4507344024103261,0.061192742793873656,1.5015188674772353,0.05846399546103598,1,1.4877547053918683,0.05915770611309274,1.5014203691526036,0.040885611279355416,0.5263714462245379,0.08994834481458193,TRACK,0
18.02,0,occlusion,10.8704,-0.271748291717588,0.52,0.1530165137268976,9.389918186171231,-0.45009034853776586,0.06295944130977249,1.5016984299021203,0.05828039520589723,0,nan,nan,1.5014627623596692,0.04015223899770248,0.5265787801360241,0.08833492579494547,TRACK,0
18.04,0,occlusion,10.8808,-0.26868241694884404,0.52,0.15356991666152203,9.400432862034524,-0.4494274743345682,0.0646947390790511,1.5018779645659408,0.05812360851844067,0,nan,nan,1.5015019199272894,0.03943858566541847,0.5267774926840548,0.08676488846392064,TRACK,0
18.06,0,occlusion,10.8912,-0.26560553698586675,0.52,0.1541170293938305,9.410950173134923,-0.4487461087738561,0.06639947522709644,1.5020576434639268,0.05799289884033154,0,nan,nan,1.5015380019413986,0.03874400336466355,0.5269679587268087,0.0852368074022598,TRACK,0
18.080000000000002,0,occlusion,10.901600000000002,-0.26251777785722796,0.52,0.15465782951416226,9.421468777287373,-0.44804665073114963,0.0681776331304409,1.5022376301933336,0.05788755214003638,1,1.502348882646545,0.058913512966747295,1.501626034472722,0.04041267962146611,0.5270917255787821,0.08890789516722544,TRACK,0
18.1,0,occlusion,10.912,-0.25941926603711113,0.52,0.15519229487141972,9.43199005516162,-0.4473282214312055,0.06992410468399157,1.5024192544485424,0.05770365778913078,0,nan,nan,1.501662278076636,0.03969253530796779,0.5272888884808276,0.08732357767752914,TRACK,0
18.12,0,occlusion,10.922400000000001,-0.2563101284401273,0.52,0.15572040357397665,9.442513830854624,-0.44659115417883466,0.07163973773714094,1.5026009834693625,0.057545777587517666,0,nan,nan,1.5016954823684487,0.03899166029884782,0.5274777790845746,0.08578165265746521,TRACK,0
18.14,0,occlusion,10.9328,-0.2531904924161168,0.52,0.1562421339905745,9.453004411514868,-0.4458383233849635,0.07341056827620518,1.5027829789814156,0.0574131903272006,1,1.4946849248612677,0.0557653932582932,1.5009187667568604,0.04024614861509335,0.5258779249818759,0.08854152695320537,TRACK,0
18.16,0,occlusion,10.943200000000001,-0.2500604857449355,0.52,0.15675746475120828,9.46349791368982,-0.4450666026323735,0.07514991055320319,1.5030009493182481,0.05721858372241728,0,nan,nan,1.5009707435880573,0.03953050629540833,0.5260920566204754,0.08696711384989833,TRACK,0
18.18,0,occlusion,10.9536,-0.24692023663121943,0.52,0.15726637474800204,9.473994156353484,-0.44427632267021694,0.07685860639086561,1.5032186168303718,0.05704955807958889,0,nan,nan,1.50101934035482,0.03883399631051132,0.5262975690451495,0.08543479188312492,TRACK,0
18.2,0,occlusion,10.964,-0.24376987369913242,0.52,0.1577688431360736,9.484514026020761,-0.4434661842908638,0.07862994900071296,1.5034361476896054,0.05690539620771595,1,1.5067253138142103,0.057237776414485554,1.5016593570131587,0.040257786587438726,0.5275509027814185,0.08856713049236521,TRACK,0
18.22,0,occlusion,10.9744,-0.24060952598710017,0.52,0.15826484933438797,9.49503632890513,-0.4426371068098382,0.08036981681871325,1.503632614463464,0.05669374453810194,0,nan,nan,1.5016944051194863,0.03954245040909532,0.527745742426949,0.08699339090000971,TRACK,0
18.240000000000002,0,occlusion,10.984800000000002,-0.23743932294252265,0.52,0.15875437302660067,9.505560894523999,-0.44178942346340294,0.08207905002617988,1.5038290881008147,0.05650739320108222,0,nan,nan,1.501726459199766,0.03884620926060789,0.5279324022109548,0.08546166037333736,TRACK,0
18.26,0,occlusion,10.9952,-0.23425939441647464,0.52,0.15923739416188948,9.516087560573682,-0.4409234591815406,0.08375846129245623,1.5040257236894459,0.05634562652031372,0,nan,nan,1.5017556703982156,0.03816843786992008,0.5281112388953596,0.08397056331382419,TRACK,0
18.28,0,occlusion,11.005600000000001,-0.23106987065838272,0.52,0.15971389295577648,9.526651347902007,-0.44003657767241083,0.08550002501758325,1.5042226682980782,0.05620775057118044,1,1.5104019760440748,0.05589734092253887,1.5027233600850445,0.03958099375289148,0.5300475486437703,0.08707818625636127,TRACK,0
18.3,0,occlusion,11.016,-0.22787088231069444,0.52,0.1601838498909376,9.537216762592571,-0.4391310267734645,0.08721092420893317,1.504384821046274,0.056003258258042976,0,nan,nan,1.5027319278720082,0.0388840725306836,0.5302075301572472,0.08554495956750392,TRACK,0
18.32,0,occlusion,11.0264,-0.22466256040352584,0.52,0.16064724571800243,9.547783656062407,-0.43820713474359974,0.0888919711493461,1.5045475857022088,0.05582310801827184,0,nan,nan,1.5027381855286297,0.03820561228211128,0.5303602881195849,0.08405234702064482,TRACK,0
18.34,0,occlusion,11.0368,-0.22144503634929266,0.52,0.16110406145634276,9.558291776967799,-0.4372705790429541,0.09062131565363574,1.5047110951320783,0.05566660663512879,1,1.4901602610539935,0.05341507219808776,1.5013191587961996,0.039303284188403786,0.5274887239144381,0.08646722521448834,TRACK,0
18.36,0,occlusion,11.0472,-0.2182184419373313,0.52,0.16155427839484976,9.568802128761584,-0.43631550126576013,0.0923202897579829,1.5049357246684814,0.055453425867173056,0,nan,nan,1.5013590893225308,0.03861304782607444,0.5276828317977227,0.08494870521736378,TRACK,0
18.38,0,occlusion,11.057599999999999,-0.2149829093284969,0.52,0.16199787809270064,9.579314550210732,-0.4353422248090488,0.09398969756218012,1.505160196675989,0.05526407930753541,0,nan,nan,1.5013960228568113,0.03794108645903238,0.5278689983928544,0.08347039020987124,TRACK,0
18.400000000000002,0,occlusion,11.068000000000001,-0.21173857104975263,0.52,0.16243484238011383,9.589745322945385,-0.43435894246823514,0.09573718299434253,1.5053846559563393,0.05509787923471343,1,1.4838658670136162,0.05946863555697652,1.4994506030824977,0.039715578003686414,0.5238507993783129,0.08737427160811012,TRACK,0
18.42,0,occlusion,11.078400000000002,-0.20848555998874183,0.52,0.16286515335909307,9.60017928690855,-0.43335696102229615,0.09745377880701112,1.5056930405727835,0.05484413939999033,0,nan,nan,1.4995346477494929,0.03901354119701761,0.5240982035903001,0.08582979063343875,TRACK,0
18.44,0,occlusion,11.0888,-0.20522400938834268,0.52,0.16328879340416083,9.610616255817927,-0.43233660673289487,0.09914030801605245,1.5060000899953898,0.05461432690879908,0,nan,nan,1.4996146379592286,0.03833020929639197,0.5243363493293379,0.08432646045206234,TRACK,0
18.46,0,occlusion,11.099200000000002,-0.20195405284121085,0.52,0.1637057451630802,9.621056051766267,-0.43129819781085155,0.10079756666775985,1.5063059730947024,0.05440773779712682,0,nan,nan,1.4996907463924927,0.037664969356983935,0.5245656120361452,0.08286293258536466,TRACK,0
18.48,0,occlusion,11.1096,-0.19867582428430985,0.52,0.1641159915575654,9.631614645804252,-0.4302302980987313,0.10251039363148173,1.5066108503818738,0.05422368953966439,1,1.5263116141237134,0.05389559735993126,1.5027006244929908,0.03892788553913684,0.5306230249765592,0.08564134818610106,TRACK,0
18.5,0,occlusion,11.120000000000001,-0.19538945799342347,0.52,0.1645195157839814,9.642174458045544,-0.42914399984226903,0.10419329447305659,1.5067983218618783,0.05398176358575002,0,nan,nan,1.5027077092247425,0.038247746399427296,0.5307769740515432,0.08414504207874006,TRACK,0
18.52,0,occlusion,11.1304,-0.19209508857765464,0.52,0.1649163013140324,9.652735351445486,-0.42803962622160785,0.10584705719548504,1.5069862142890937,0.053762709502008565,0,nan,nan,1.5027125906123762,0.03758551641883123,0.5309239834923215,0.08268813612142872,TRACK,0
18.54,0,occlusion,11.1408,-0.1887928509739149,0.52,0.16530633189543845,9.66329682513119,-0.42691753167978447,0.10754510135508033,1.5071746473929593,0.05356585278016679,1,1.5032924244296273,0.05179540990156511,1.5027631362787932,0.03859191271807516,0.5310457197233819,0.08490220797976536,TRACK,0
18.56,0,occlusion,11.1512,-0.18548288044139394,0.52,0.1656895915526016,9.673859338969981,-0.42577718526871156,0.10921359268866704,1.5073641061811454,0.053317868364842536,0,nan,nan,1.5027677554882146,0.03792025758151141,0.5311946171881964,0.0834245666793251,TRACK,0
18.580000000000002,0,occlusion,11.161600000000002,-0.182165312556022,0.52,0.16606606458725984,9.684422761441535,-0.4246189071205464,0.1108533069634583,1.5075539854375453,0.05309220623304922,0,nan,nan,1.5027702647133938,0.03726623351798608,0.5313367636937809,0.08198571373956938,TRACK,0
18.6,0,occlusion,11.172,-0.17884028320491674,0.52,0.16643573557913025,9.695043316776362,-0.4234367371203672,0.11254126770967421,1.507744398978517,0.05288820155640428,1,1.516215189839048,0.05233576359753751,1.504224710334218,0.03836274423218189,0.5343073121561607,0.08439803731080016,TRACK,0
18.62,0,occlusion,11.182400000000001,-0.17550792858081551,0.52,0.16679858938654063,9.705664009570992,-0.4222363989627515,0.11419994186006166,1.5078788403694336,0.05263097778057446,0,nan,nan,1.5041950830449586,0.037697139781536215,0.534415398193481,0.08293370751937967,TRACK,0
18.64,0,occlusion,11.1928,-0.1721683851764969,0.52,0.16715461114704988,9.716284729781231,-0.421018213013384,0.11583009496679342,1.5080144115850718,0.052395617809926964,0,nan,nan,1.5041641545741278,0.03704893424390576,0.53451771437301,0.08150765533659268,TRACK,0
18.66,0,occlusion,11.2032,-0.16882178977919232,0.52,0.16750378627805645,9.726905373605224,-0.41978249148296404,0.11743246780362737,1.5081512048537695,0.05218146565322268,0,nan,nan,1.504132027986477,0.03641756447350186,0.5346145409003874,0.0801186418417041,TRACK,0
18.68,0,occlusion,11.2136,-0.16546827946498183,0.52,0.16784610047739573,9.737503916502865,-0.41853212546821006,0.1190819093522455,1.5082893059971718,0.051987884836480536,1,1.4999279993327435,0.05079792119823897,1.5036121591377067,0.03748730792313992,0.5336022084006276,0.08247207743090784,TRACK,0
18.7,0,occlusion,11.224,-0.16210799159317807,0.52,0.16818153972392602,9.748102675577728,-0.41726400513248196,0.12070302134407562,1.5084508419852078,0.051739344503067386,0,nan,nan,1.5035939384258314,0.036843454359773986,0.5337176761006168,0.08105559959150277,TRACK,0
18.72,0,occlusion,11.234399999999999,-0.158741063800703,0.52,0.1685100902781027,9.758701543318441,-0.41597844047650623,0.12229653912504368,1.5086132200732019,0.051511597222208216,0,nan,nan,1.5035742499951894,0.03621631320382113,0.5338273922107349,0.07967588904840649,TRACK,0
18.740000000000002,0,occlusion,11.244800000000001,-0.15536763399644818,0.52,0.16883173868254095,9.76922826509863,-0.41468460198618656,0.12394294827757069,1.5087765293129072,0.05130401055518252,1,1.4882676596119455,0.05197881374138685,1.5018253013314709,0.03741838983016432,0.5302968260241249,0.08232045762636152,TRACK,0
18.76,0,occlusion,11.2552,-0.15198784035562682,0.52,0.16914647176256714,9.779756050988961,-0.41337303423836796,0.12556103433019628,1.5090134477521975,0.051033660003513504,0,nan,nan,1.5018478248613374,0.03677468301422149,0.5304584943937571,0.08090430263128728,TRACK,0
18.78,0,occlusion,11.265600000000001,-0.14860182131411392,0.52,0.16945427662675827,9.790284773826082,-0.41204404546719764,0.12715153451737082,1.5092501568680061,0.050783817608452075,0,nan,nan,1.5018679534959591,0.03614773152669715,0.5306133614384423,0.07952500935873373,TRACK,0
18.8,0,occlusion,11.276000000000002,-0.14520971556277648,0.52,0.16975514066747016,9.800849374108179,-0.41069345390381234,0.1288043687840852,1.5094867647318284,0.05055384866396562,1,1.5106562848690877,0.05392623128917615,1.5028228725273092,0.03756441515259956,0.5325290524740385,0.08264171333571904,TRACK,0
18.82,0,occlusion,11.2864,-0.14181166204179088,0.52,0.17004905156135378,9.811414438375929,-0.4093250515635811,0.13042868377036898,1.5096880737697158,0.050255145521656885,0,nan,nan,1.5028228802801782,0.03691624968826579,0.5326657205660188,0.08121574931418474,TRACK,0
18.84,0,occlusion,11.296800000000001,-0.13840779993495472,0.52,0.17033599726985998,9.821979851833651,-0.4079391508501926,0.13202522229611535,1.5098895403012995,0.04997683319780588,0,nan,nan,1.5028209917018955,0.03628496649423685,0.5327961202936519,0.07982692628732108,TRACK,0
18.86,0,occlusion,11.3072,-0.13499826866398448,0.52,0.17061596603973267,9.832545505839471,-0.4065360562543339,0.13359470316332978,1.510091260052801,0.049718273131469815,0,nan,nan,1.5028173200266894,0.03567001970942174,0.5329205358578717,0.07847404336072783,TRACK,0
18.88,0,occlusion,11.3176,-0.1315832078828034,0.52,0.1708889464034902,9.843110008403526,-0.4051162378453352,0.13521339055429182,1.510293322323185,0.04947884574317607,1,1.503184250613532,0.050338370309506573,1.502836355788207,0.03678834979458889,0.5329741990482602,0.08093436954809557,TRACK,0
18.900000000000002,0,occlusion,11.328000000000001,-0.1281627574718236,0.52,0.17115492717989506,9.853674748149801,-0.4036789738660757,0.13680439814901435,1.5104971093763737,0.04918233746319167,0,nan,nan,1.5028337257813595,0.03615926351642296,0.5331028363566704,0.07955037973613051,TRACK,0
18.92,0,occlusion,11.338400000000002,-0.12473705753221667,0.52,0.17141389747441174,9.864239619157386,-0.4022245684245624,0.13836844195445952,1.510701051224115,0.04890524467180324,0,nan,nan,1.5028293418583853,0.03554645012375657,0.5332255493579112,0.07820219027226445,TRACK,0
18.94,0,occlusion,11.3488,-0.12130624838017315,0.52,0.1716658466796532,9.874853836010093,-0.4007464504505365,0.13999412630976948,1.510905234256646,0.048646950117179344,1,1.5146944069447257,0.05286868148990092,1.5041138274130013,0.036947371711593124,0.5358321382238784,0.08128421776550487,TRACK,0
18.96,0,occlusion,11.359200000000001,-0.11787047054115533,0.52,0.17191076447581527,9.885467543717233,-0.39925081022710457,0.1415919135141741,1.5110600102448772,0.048320588395159625,0,nan,nan,1.504082276896002,0.03631334555465404,0.5359284723043004,0.0798893602202389,TRACK,0
18.98,0,occlusion,11.3696,-0.1144298647441441,0.52,0.17214864083109926,9.896080652050552,-0.39773795633701875,0.1431625256366238,1.5112154441964014,0.04801354248105838,0,nan,nan,1.504049616368136,0.03569573005567506,0.5360195784379191,0.07853060612248514,TRACK,0
19.0,0,occlusion,11.38,-0.1109845719158709,0.52,0.1723794660021229,9.906682639300065,-0.3962096939331992,0.14476548676086054,1.511371607082686,0.04772519106899864,1,1.502156148741554,0.04725163417653385,1.5038003167070757,0.03643093464174241,0.5355784714068371,0.0801480562118333,TRACK,0
19.02,0,occlusion,11.3904,-0.10753473317504877,0.52,0.17260323053431947,9.917284132548154,-0.3946641518223776,0.14634109572670795,1.5115390962231505,0.047395764237514015,0,nan,nan,1.503774418690862,0.03580929467834748,0.5356779804733727,0.07878044829236447,TRACK,0
19.04,0,occlusion,11.4008,-0.1040804898265907,0.52,0.17281992526232498,9.927885043550553,-0.393101632778234,0.14789005756682005,1.5117070462230058,0.047084984395060925,0,nan,nan,1.5037473347943584,0.03520367818436432,0.5357722926861723,0.0774480920056015,TRACK,0
19.06,0,occlusion,11.4112,-0.10062198335582033,0.52,0.1730295413103537,9.938485289329407,-0.39152243184931407,0.1494130546523511,1.5118755257470369,0.046792243712280523,0,nan,nan,1.5037191571032993,0.034613570125707316,0.5358616569274012,0.0761498542765561,TRACK,0
19.080000000000002,0,occlusion,11.421600000000002,-0.09715935542267917,0.52,0.1732320700925616,9.94920154693745,-0.38990926087859235,0.15097724693320558,1.5120445978114783,0.046516952237724674,1,1.530291762009337,0.04738525553718263,1.5066423416581176,0.035549824564870214,0.541849835523523,0.07820961404271448,TRACK,0
19.1,0,occlusion,11.432,-0.09369274785592424,0.52,0.1734275033133981,9.959915587299738,-0.3882792810434566,0.15251506643140544,1.512096384160745,0.04619576538648351,0,nan,nan,1.5065486262059569,0.034950443140904675,0.5418659777742322,0.07689097490999029,TRACK,0
19.12,0,occlusion,11.442400000000001,-0.09022230264731679,0.52,0.17361583296794572,9.970627365918283,-0.38663278729604367,0.15402718436070106,1.512150123588885,0.04589216553078357,0,nan,nan,1.5064553688471465,0.034366316574897304,0.5418790059436492,0.07560589646477407,TRACK,0
19.14,0,occlusion,11.4528,-0.0867481619458064,0.52,0.17379705134224824,9.981420027098794,-0.38495715194386737,0.15555265241520866,1.5122058410620518,0.04560557275545252,1,1.525397251096323,0.04160931319480495,1.5084609481093028,0.03466972851153649,0.5460981807120137,0.07627340272538029,TRACK,0
19.16,0,occlusion,11.4632,-0.08327046805171143,0.52,0.17397115101362629,9.99220932776905,-0.38326517886157296,0.1570527175468568,1.5121794679630276,0.045299627650737584,0,nan,nan,1.5083229619536251,0.03409238935564263,0.5460581055720577,0.07500325658241379,TRACK,0
19.18,0,occlusion,11.4736,-0.07978936341088665,0.52,0.17413812485098176,10.002995253879353,-0.381557153577049,0.15852801849977016,1.5121560416624744,0.04501030540520157,0,nan,nan,1.5081865366556935,0.0335295671116711,0.5460163743640971,0.07376504764567643,TRACK,0
19.2,0,occlusion,11.484,-0.07630499060889188,0.52,0.17429796601508954,10.01380772786684,-0.3798285687503513,0.1600393799297941,1.5121355564328944,0.044737052329435034,1,1.515333781400085,0.04539248533239337,1.5088396844416998,0.03434912340963425,0.5474888109203377,0.07556807150119536,TRACK,0
19.22,0,occlusion,11.4944,-0.07281749236515045,0.52,0.17445066795887795,10.024616525564648,-0.37808381406887737,0.16152562430547412,1.5120877214380233,0.044420044851425367,0,nan,nan,1.5086920245067976,0.03377828126545168,0.5474355591543243,0.0743122187839937,TRACK,0
19.240000000000002,0,occlusion,11.504800000000001,-0.0693270115271014,0.52,0.1745962244276967,10.035421641299884,-0.3763231722802246,0.16298738137805113,1.512042949491626,0.04411919409254006,0,nan,nan,1.508546176921059,0.03322175164948016,0.5473810043283223,0.07308785362885635,TRACK,0
19.26,0,occlusion,11.515200000000002,-0.06583369106435327,0.52,0.17473462945957322,10.046223072276382,-0.3745469187464005,0.16442526099976185,1.5120012264621072,0.043833953728940944,0,nan,nan,1.50840215636809,0.032679082311605434,0.5473252866359735,0.07189398108553197,TRACK,0
19.28,0,occlusion,11.5256,-0.06233767406282337,0.52,0.17486587738545667,10.056969751526411,-0.372763794853813,0.1658994616283369,1.5119625348357226,0.04356379295901025,1,1.4974443359835774,0.04422157829659285,1.5070274777606159,0.03350455974034494,0.5446802863132821,0.07371003142875887,TRACK,0
19.3,0,occlusion,11.536000000000001,-0.05883910371887975,0.52,0.1749899628294504,10.067713524878297,-0.3709648746046918,0.16734936543160117,1.5119785671774626,0.043247057491945906,0,nan,nan,1.5069189932987268,0.0329523591650962,0.544666824534463,0.07249519016321165,TRACK,0
19.32,0,occlusion,11.5464,-0.05533812333347362,0.52,0.17510688070903196,10.078454372468789,-0.36915043054157437,0.16877557834639223,1.5119966725578042,0.04294553320415906,0,nan,nan,1.5068115034662255,0.0324139298816184,0.5446512972084948,0.07131064573956047,TRACK,0
19.34,0,occlusion,11.5568,-0.051834876306272565,0.52,0.1752166262352614,10.089173882813345,-0.3673238625765985,0.17021737948604798,1.5120168502368978,0.04265869208192141,1,1.50285906500805,0.03980316093593048,1.5062720734275457,0.032768207719451325,0.5437008657288752,0.07209005698279292,TRACK,0
19.36,0,occlusion,11.5672,-0.04832950612978554,0.52,0.17531919491297723,10.099890742373193,-0.3654818421610632,0.17163562197961646,1.512057737829735,0.04234678854839258,0,nan,nan,1.5061788732453165,0.032232783944739385,0.54370055645718,0.07091212467842666,TRACK,0
19.38,0,occlusion,11.5776,-0.04482215638348387,0.52,0.17541458254098083,10.110604928522005,-0.363624633199647,0.17303088953267975,1.512100289054581,0.042049301963580366,0,nan,nan,1.5060863860710518,0.03171062620598519,0.5436980089115423,0.06976337765316742,TRACK,0
19.400000000000002,0,occlusion,11.588000000000001,-0.04131297072792285,0.52,0.17550278521220822,10.121342853730447,-0.3617478730865385,0.1744563941616879,1.512144505327702,0.04176572165581893,1,1.5124021574661946,0.04205503928919737,1.5066896511270134,0.03239783247745365,0.5450350133345992,0.07127523145039803,TRACK,0
19.42,0,occlusion,11.598400000000002,-0.03780209289885774,0.52,0.17558379931389037,10.132077800074786,-0.3598558594979119,0.17585866134862638,1.5121635764186911,0.04144366509206998,0,nan,nan,1.506585777055974,0.031869708794058926,0.5450201565891177,0.07011335934692964,TRACK,0
19.44,0,occlusion,11.6088,-0.034289666701352126,0.52,0.17565762152770098,10.14280975378147,-0.35794885296846474,0.17723826507513518,1.5121844469653867,0.04113554210329884,0,nan,nan,1.5064828933016483,0.03135463014792972,0.5450034501399728,0.06898018632544539,TRACK,0
19.46,0,occlusion,11.619200000000001,-0.030775836003892457,0.52,0.1757242488298925,10.153538703753487,-0.356027107364929,0.1785957612938005,1.5122071095451552,0.04084084989858683,0,nan,nan,1.5063810260467223,0.03085218678784374,0.5449850311401071,0.06787481093325623,TRACK,0
19.48,0,occlusion,11.6296,-0.02726074473249332,0.52,0.17578367849141993,10.164245645546938,-0.35409429920948277,0.17998346966839573,1.5122315535246245,0.04055909977585159,1,1.5024363007139256,0.040829459794652176,1.5058388160221468,0.03153882669534358,0.5439998849588724,0.06938541872975588,TRACK,0
19.5,0,occlusion,11.64,-0.023744536864800776,0.52,0.17583590807805266,10.174949891273743,-0.35214663545918207,0.18134876398586997,1.51227705139249,0.040237504345139286,0,nan,nan,1.5057521103471687,0.031029416306229685,0.54399970281253,0.0682647158737053,TRACK,0
19.52,0,occlusion,11.6504,-0.020227356424197977,0.52,0.17588093545047415,10.185651424047556,-0.3501843671220158,0.18269219390110392,1.512323851275059,0.03992891024774492,0,nan,nan,1.505666077929015,0.030532498073494452,0.5439974741119151,0.0671714957616878,TRACK,0
19.54,0,occlusion,11.6608,-0.016709347473904512,0.52,0.17591875876436947,10.196338521559301,-0.3482099019253241,0.18405542619080606,1.5123719482534155,0.03963283371117754,1,1.5032317993859052,0.038458161604730694,1.5053140255827646,0.03098255203868794,0.5433980264007341,0.06816161448511347,TRACK,0
19.56,0,occlusion,11.671199999999999,-0.013190654111074162,0.52,0.175949376470501,10.20702308789281,-0.34622083784820645,0.18539675707466063,1.5124332305904633,0.039307350006313246,0,nan,nan,1.5052378453226551,0.03048479281487726,0.5434066930900662,0.06706654419272998,TRACK,0
19.580000000000002,0,occlusion,11.681600000000001,-0.009671420460895117,0.52,0.17597278731477176,10.21770510444891,-0.3442174200519799,0.18671672132264527,1.5124954810059155,0.03899424818415609,0,nan,nan,1.5051621449989732,0.029999187454191834,0.543413195853322,0.06599821239922204,TRACK,0
19.6,0,occlusion,11.692000000000002,-0.006151790670687132,0.52,0.17598899033827686,10.228397899402802,-0.3421973665616553,0.1880649563391903,1.5125586959906627,0.03869305615350882,1,1.5084750443211536,0.03965959273631572,1.5054518567523376,0.030641704921479107,0.5440966826532997,0.06741175082725404,TRACK,0
19.62,0,occlusion,11.7024,-0.0026319089039928702,0.52,0.17599798487734272,10.239087997575826,-0.3401628915753721,0.18939155695318188,1.5126092993893736,0.038354551905286804,0,nan,nan,1.5053715337627909,0.030150013954357124,0.5440985375340587,0.06633003069958568,TRACK,0
19.64,0,occlusion,11.712800000000001,0.0008880806653221329,0.52,0.17599977056355426,10.249775385284304,-0.33811423729960616,0.1906970504733474,1.5126608449204322,0.03802799257303002,0,nan,nan,1.5052918136012146,0.029670307276493002,0.544098429452166,0.06527467600828461,TRACK,0
19.66,0,occlusion,11.7232,0.004408033858976758,0.52,0.17599434732377003,10.260460051211595,-0.3360516398265679,0.19198194774506838,1.5127133242917288,0.037712912084973294,0,nan,nan,1.5052127253718448,0.02920221072093554,0.5440964857303003,0.06424486358605819,TRACK,0
19.68,0,occlusion,11.733600000000001,0.007927806500181296,0.52,0.1759817153801252,10.271239006839807,-0.33395647086422586,0.19329191247598443,1.5127667263036837,0.03740885724449017,1,1.527203527336038,0.037817868171502844,1.5075931927901154,0.029771925702638757,0.549034646938898,0.06549823654580528,TRACK,0
19.7,0,occlusion,11.744,0.011447254419539971,0.52,0.17596187525002238,10.282013989546668,-0.3318474222686087,0.1945810955632754,1.5127222733912864,0.03707272554152308,0,nan,nan,1.507461398825691,0.029299615620247632,0.5489725364529774,0.0644591543645448,TRACK,0
19.72,0,occlusion,11.7544,0.014966233460957577,0.52,0.17593482774611055,10.292785018420139,-0.32972472610371645,0.19584999703719452,1.5126798324758572,0.036747596807752636,0,nan,nan,1.5073314616360263,0.028838669861793953,0.5489100609425901,0.06344507369594671,TRACK,0
19.740000000000002,0,occlusion,11.764800000000001,0.018484599487546022,0.52,0.17590057397625164,10.303591926807437,-0.32758070993813876,0.1971167917145933,1.5126393623148529,0.036433026751832465,1,1.5163133362185526,0.03199536102576423,1.5082125244124185,0.028790788122694533,0.5508767425879295,0.06333973386992797,TRACK,0
19.76,0,occlusion,11.775200000000002,0.022002208387523304,0.52,0.17585911534347534,10.314394413907841,-0.32542334418828983,0.19836380504827966,1.512560259252708,0.03611189564225947,0,nan,nan,1.5080640451037586,0.028341212129238347,0.5507902380512745,0.06235066668432437,TRACK,0
19.78,0,occlusion,11.7856,0.02551891608012067,0.52,0.17581045354592145,10.325192512945236,-0.3232528488555306,0.19959150592927744,1.5124835029153456,0.03580080069978253,0,nan,nan,1.5079178868245682,0.02790229274995104,0.5507040784553136,0.0613850440498923,TRACK,0
19.8,0,occlusion,11.796000000000001,0.02903457852148368,0.52,0.17575459057677034,10.335957840984069,-0.32107518672260277,0.20083507843586856,1.5124090370876089,0.03549932200966088,1,1.5015267003724548,0.034656023621639144,1.5070811275600113,0.028263011513434577,0.5491686902693741,0.06217862532955608,TRACK,0
19.82,0,occlusion,11.8064,0.03254905171056977,0.52,0.17569152872416144,10.34671925472403,-0.3188843826778881,0.202059314239456,1.5123657775217194,0.03517162329614143,0,nan,nan,1.506957265352176,0.027823540990618678,0.5491075669779649,0.0612117901793611,TRACK,0
19.84,0,occlusion,11.8168,0.03606219169504799,0.52,0.17562127057109944,10.357476777450193,-0.3166806517782368,0.20326467026202888,1.5123241941760484,0.03485340135758275,0,nan,nan,1.5068352002479855,0.027394455058476375,0.549046275558814,0.06026780112864803,TRACK,0
19.86,0,occlusion,11.8272,0.039573854577196727,0.52,0.17554381899534843,10.368230433563966,-0.31446420369013317,0.20445158939301233,1.5122842405449914,0.03454424558308178,0,nan,nan,1.5067149262361121,0.026975434795079245,0.5489848858131913,0.05934595654917434,TRACK,0
19.88,0,occlusion,11.8376,0.0430838965197948,0.52,0.17545917716931414,10.379048246005388,-0.3122211436587668,0.20565429494504706,1.5122458684791136,0.03424375627486498,1,1.5220556950862572,0.033364356265448813,1.5083237545616037,0.027334217091693702,0.5523956560339687,0.06013527760172615,TRACK,0
19.900000000000002,0,occlusion,11.848,0.04659217375201546,0.52,0.17536734855991393,10.389861367481764,-0.30996548877131685,0.20683853866653834,1.5121396272550962,0.03391936284194008,0,nan,nan,1.5081690494615898,0.02691463003389316,0.5522942490968045,0.05921218607456496,TRACK,0
19.92,0,occlusion,11.858400000000001,0.050098542575312315,0.52,0.17526833692843483,10.40066984247647,-0.30769744298919194,0.20800475075186675,1.5120356549592742,0.03360349924808981,0,nan,nan,1.5080169209195526,0.026504820121100447,0.5521937236627039,0.05831060426642099,TRACK,0
19.94,0,occlusion,11.8688,0.05360285936931005,0.52,0.17516214633037938,10.41148320907125,-0.30541520156672486,0.20920577532775209,1.5119338834467635,0.03329577581343335,1,1.5103559411839123,0.036809906285432785,1.5081353755864921,0.027296013088304427,0.5525792319285987,0.060051228794269745,TRACK,0
19.96,0,occlusion,11.8792,0.05710498059768174,0.52,0.17504878111529965,10.422291925766709,-0.3031203782955172,0.21038821573812605,1.5118245469798093,0.03294360506172511,0,nan,nan,1.5079847585685655,0.026873645690317804,0.5524820595475672,0.05912202051869917,TRACK,0
19.98,0,occlusion,11.8896,0.06060476281403248,0.52,0.17492824592661899,10.43309603589814,-0.30081317861709755,0.2115525077723155,1.5117172232217804,0.032599820382253064,0,nan,nan,1.5078366238400565,0.026461182595219235,0.5523856580510392,0.05821460170948232,TRACK,0
20.0,0,occlusion,11.9,0.0641020626677715,0.52,0.17480054570144188,10.443920054510718,-0.2984885472119707,0.2127345157004008,1.5116118460834265,0.032264027867626055,1,1.5135099888709036,0.033365125405896714,1.5083262919891025,0.026863816547393782,0.5535415298221082,0.05910039640426632,TRACK,0
