elapsed_s,scenario,follower_count,follower_index,predecessor,route_state,event,control_state,true_range_m,true_bearing_deg,spacing_error_m,estimated_range_m,estimated_bearing_deg,measurement_age_s,linear_cmd_mps,angular_cmd_rps,center_distance_m,collision_sample,inference_ms
3.07471895100025,combined,3,1,leader,SETTLE,NONE,UNSEEN,1.4200000005916396,0.004075112782806234,-0.07999999940836044,nan,nan,inf,0.0,0.0,2.000000000000076,0,4.976921081542969
3.07471895100025,combined,3,2,follower_1,SETTLE,NONE,SAFE_STOP,1.4200000006411988,0.0007191375492972968,-0.0799999993588012,nan,nan,-1.0,0.0,0.0,1.999999999999924,0,
3.07471895100025,combined,3,3,follower_2,SETTLE,NONE,UNSEEN,1.42,4.044560527688829e-18,-0.08000000000000007,nan,nan,inf,0.0,0.0,2.0,0,
3.188360072999785,combined,3,1,leader,SETTLE,NONE,SAFE_STOP,1.4200000022087942,0.007874068754588149,-0.07999999779120581,1.4759919384910192,-0.031748476300596504,1.24,0.0,0.0,2.0000000000001763,0,5.65957498550415
3.188360072999785,combined,3,2,follower_1,SETTLE,NONE,SAFE_STOP,1.4200000023940398,0.0013895415405110404,-0.07999999760596022,nan,nan,-1.0,0.0,0.0,1.999999999999824,0,
3.188360072999785,combined,3,3,follower_2,SETTLE,NONE,SAFE_STOP,1.42,4.044560527688829e-18,-0.08000000000000007,nan,nan,-1.0,0.0,0.0,2.0,0,
3.3242123890013318,combined,3,1,leader,SETTLE,NONE,TRACK,1.4200000008509615,0.0048879133146872145,-0.07999999914903855,1.4761248798771722,-0.002151316413799661,0.014999999999999902,0.0,0.00020975897177673763,1.9999999999998839,0,5.508604049682617
3.3242123890013318,combined,3,2,follower_1,SETTLE,NONE,SAFE_STOP,1.4200000009227127,0.0008625729368316418,-0.07999999907728728,nan,nan,-1.0,0.0,0.0,2.000000000000116,0,
3.3242123890013318,combined,3,3,follower_2,SETTLE,NONE,SAFE_STOP,1.42,4.044560527688829e-18,-0.08000000000000007,nan,nan,-1.0,0.0,0.0,2.0,0,
3.523972260001756,combined,3,1,leader,SETTLE,NONE,TRACK,1.4200000001731827,0.002206253087921099,-0.07999999982681727,1.4761925010495822,0.006346886704349981,0.08499999999999996,0.0,0.00043189635936197147,1.9999999999997893,0,6.438610076904297
3.523972260001756,combined,3,2,follower_1,SETTLE,NONE,SAFE_STOP,1.420000000188175,0.00038933878012699613,-0.07999999981182504,nan,nan,-1.0,0.0,0.0,2.0000000000002105,0,
3.523972260001756,combined,3,3,follower_2,SETTLE,NONE,SAFE_STOP,1.42,4.044560527688829e-18,-0.08000000000000007,nan,nan,-1.0,0.0,0.0,2.0,0,
3.7246142080002755,combined,3,1,leader,SETTLE,NONE,TRACK,1.420000005293145,0.012189526626930023,-0.07999999470685504,1.4760829172513577,-0.029539926507417713,0.08500000000000041,0.0,-0.0010975110204064253,2.0000000000002185,0,5.708292007446289
3.7246142080002755,combined,3,2,follower_1,SETTLE,NONE,SAFE_STOP,1.4200000057374922,0.0021510929177720474,-0.07999999426250781,nan,nan,-1.0,0.0,0.0,1.9999999999997817,0,
3.7246142080002755,combined,3,3,follower_2,SETTLE,NONE,SAFE_STOP,1.42,4.044560527688829e-18,-0.08000000000000007,nan,nan,-1.0,0.0,0.0,2.0,0,
3.924308439000015,combined,3,1,leader,SETTLE,NONE,TRACK,1.4200000039370007,0.010512861778361225,-0.07999999606299935,1.4761507261707856,0.0007049008005237244,0.08999999999999986,0.0,0.00013245757695656092,2.000000000000013,0,6.505961894989014
3.924308439000015,combined,3,2,follower_1,SETTLE,NONE,SAFE_STOP,1.4200000042678147,0.0018552108915489115,-0.0799999957321853,nan,nan,-1.0,0.0,0.0,1.9999999999999873,0,
3.924308439000015,combined,3,3,follower_2,SETTLE,NONE,SAFE_STOP,1.42,4.044560527688829e-18,-0.08000000000000007,nan,nan,-1.0,0.0,0.0,2.0,0,
4.124633178002114,combined,3,1,leader,SETTLE,NONE,TRACK,1.4200000024163995,0.008236468511949724,-0.07999999758360055,1.4761891333987145,0.003797050651835657,0.15500000000000025,0.0,0.00021673097779505786,1.9999999999998022,0,9.74559497833252
4.124633178002114,combined,3,2,follower_1,SETTLE,NONE,SAFE_STOP,1.4200000026198705,0.001453494438229889,-0.07999999738012953,nan,nan,-1.0,0.0,0.0,2.000000000000198,0,
4.124633178002114,combined,3,3,follower_2,SETTLE,NONE,SAFE_STOP,1.42,4.044560527688829e-18,-0.08000000000000007,nan,nan,-1.0,0.0,0.0,2.0,0,
4.324436048998905,combined,3,1,leader,SETTLE,NONE,TRACK,1.4200000016146697,0.006733005487967953,-0.07999999838533034,1.4762026267586186,0.0028186117398447084,0.1599999999999997,0.0,0.00015203292275745137,1.99999999999979,0,14.277743339538574
4.324436048998905,combined,3,2,follower_1,SETTLE,NONE,SAFE_STOP,1.4200000017507937,0.0011881774362928648,-0.07999999824920634,nan,nan,-1.0,0.0,0.0,2.00000000000021,0,
4.324436048998905,combined,3,3,follower_2,SETTLE,NONE,SAFE_STOP,1.42,4.044560527688829e-18,-0.08000000000000007,nan,nan,-1.0,0.0,0.0,2.0,0,
4.52467163899928,combined,3,1,leader,SETTLE,NONE,TRACK,1.4200000013576737,0.00617405078404657,-0.07999999864232632,1.4761877710369837,0.0007509814468501118,0.02499999999999991,0.0,5.1298864452937776e-05,1.99999999999979,0,10.671060562133789
4.52467163899928,combined,3,2,follower_1,SETTLE,NONE,SAFE_STOP,1.4200000014722016,0.0010895383715276046,-0.07999999852779838,nan,nan,-1.0,0.0,0.0,2.00000000000021,0,
4.52467163899928,combined,3,3,follower_2,SETTLE,NONE,SAFE_STOP,1.42,4.044560527688829e-18,-0.08000000000000007,nan,nan,-1.0,0.0,0.0,2.0,0,
4.724636720002309,combined,3,1,leader,SETTLE,NONE,TRACK,1.4200000011738014,0.0057408352544577055,-0.07999999882619857,1.4761860403270137,0.0005222461925683307,0.025000000000000355,0.0,3.16347844429589e-05,1.99999999999979,0,9.51369571685791
4.724636720002309,combined,3,2,follower_1,SETTLE,NONE,SAFE_STOP,1.420000001272878,0.0010130885726061588,-0.07999999872712205,nan,nan,-1.0,0.0,0.0,2.00000000000021,0,
4.724636720002309,combined,3,3,follower_2,SETTLE,NONE,SAFE_STOP,1.42,4.044560527688829e-18,-0.08000000000000007,nan,nan,-1.0,0.0,0.0,2.0,0,
4.925071155001206,combined,3,1,leader,SETTLE,NONE,TRACK,1.420000001060101,0.005455763818332411,-0.07999999893989895,1.4761823947810944,0.0005777152824144395,0.10000000000000009,0.0,2.9212741526272315e-05,1.99999999999979,0,6.204841136932373
4.925071155001206,combined,3,2,follower_1,SETTLE,NONE,SAFE_STOP,1.4200000011496228,0.000962781848826731,-0.07999999885037723,nan,nan,-1.0,0.0,0.0,2.00000000000021,0,
4.925071155001206,combined,3,3,follower_2,SETTLE,NONE,SAFE_STOP,1.42,4.044560527688829e-18,-0.08000000000000007,nan,nan,-1.0,0.0,0.0,2.0,0,
5.124609055001201,combined,3,1,leader,SETTLE,NONE,TRACK,1.4200000009543945,0.005176671612312803,-0.07999999904560551,1.4761728344100356,0.0003582025016071036,0.02499999999999991,0.0,1.7442146485122755e-05,1.99999999999979,0,9.726245880126953
5.124609055001201,combined,3,2,follower_1,SETTLE,NONE,SAFE_STOP,1.4200000010350333,0.0009135302832727736,-0.07999999896496668,nan,nan,-1.0,0.0,0.0,2.00000000000021,0,
5.124609055001201,combined,3,3,follower_2,SETTLE,NONE,SAFE_STOP,1.42,4.044560527688829e-18,-0.08000000000000007,nan,nan,-1.0,0.0,0.0,2.0,0,
5.324799857000471,combined,3,1,leader,SETTLE,NONE,TRACK,1.4200000008539115,0.004896646976853853,-0.07999999914608846,1.4761684951489853,0.0004151517884733079,0.020000000000000018,0.0,1.8389039893025044e-05,1.99999999999979,0,11.212167739868164
5.324799857000471,combined,3,2,follower_1,SETTLE,NONE,SAFE_STOP,1.420000000926107,0.0008641141713259433,-0.0799999990738931,nan,nan,-1.0,0.0,0.0,2.00000000000021,0,
5.324799857000471,combined,3,3,follower_2,SETTLE,NONE,SAFE_STOP,1.42,4.044560527688829e-18,-0.08000000000000007,nan,nan,-1.0,0.0,0.0,2.0,0,
5.525425960000575,combined,3,1,leader,SETTLE,NONE,TRACK,1.4200000008061664,0.004757817851438724,-0.0799999991938336,1.4761668209564858,0.00036159017825864505,0.03500000000000014,0.0,1.5078878522980534e-05,1.99999999999979,0,13.257349014282227
5.525425960000575,combined,3,2,follower_1,SETTLE,NONE,SAFE_STOP,1.420000000874349,0.0008396149139876455,-0.07999999912565103,nan,nan,-1.0,0.0,0.0,2.00000000000021,0,
5.525425960000575,combined,3,3,follower_2,SETTLE,NONE,SAFE_STOP,1.420000002222318,0.007898103417714767,-0.07999999777768196,nan,nan,-1.0,0.0,0.0,2.0000000000001963,0,9.87324047088623
5.72434948800219,combined,3,1,leader,SETTLE,NONE,TRACK,1.4200000007591158,0.0046169266532396815,-0.07999999924088419,1.4761694702938328,0.0003502346445918601,0.03000000000000025,0.0,1.4234327555623592e-05,1.99999999999979,0,16.090927124023438
5.72434948800219,combined,3,2,follower_1,SETTLE,NONE,TRACK,1.4200000054078237,0.01137332082120712,-0.07999999459217633,1.4760821501489165,-0.029839282914509456,0.004999999999999893,0.0,-0.0009374287199261033,2.0000000000005023,0,10.595998764038086
5.72434948800219,combined,3,3,follower_2,SETTLE,NONE,TRACK,1.4200000044466488,0.0027308026963325516,-0.07999999555335124,1.476169118282568,0.00156239554402745,0.01499999999999968,0.0,0.0006528215476936147,1.9999999999996572,0,7.802431106567383
5.9242061149998335,combined,3,1,leader,SETTLE,NONE,TRACK,1.4200000006712368,0.0043415499670463415,-0.07999999932876323,1.4761882875775465,0.0003211926718929513,0.03500000000000014,0.0,1.2773732565653527e-05,1.99999999999979,0,6.611498832702637
5.9242061149998335,combined,3,2,follower_1,SETTLE,NONE,TRACK,1.420000015373119,0.020290089537565215,-0.07999998462688107,1.4760833358626824,-0.021854779132161467,0.16500000000000004,0.0,-0.0006937324945561553,2.000000000000886,0,10.595998764038086
5.9242061149998335,combined,3,3,follower_2,SETTLE,NONE,TRACK,1.4200000158069102,0.006512288638611651,-0.07999998419308985,1.4762272707183353,-0.013556326808318225,0.025000000000000355,0.0,-0.00036532971542473834,1.9999999999993143,0,5.97322416305542
6.125236760999542,combined,3,1,leader,SETTLE,NONE,TRACK,1.4200000006288076,0.004202137696031147,-0.0799999993711924,1.4761968065963453,0.00032256273424309225,0.03500000000000014,0.0,1.2767785760813364e-05,1.99999999999979,0,7.0484089851379395
6.125236760999542,combined,3,2,follower_1,SETTLE,NONE,TRACK,1.4200000078314083,0.014185976148285312,-0.07999999216859166,1.476260046033179,0.010478371914860403,0.10000000000000053,0.0,0.0005454264894630902,2.000000000000417,0,14.707386016845703
6.125236760999542,combined,3,3,follower_2,SETTLE,NONE,TRACK,1.420000008280111,0.006490989300078788,-0.07999999171988903,1.476240130492035,-0.007585571091790508,0.03000000000000025,0.0,-0.00014006174604657895,1.9999999999998543,0,9.408644676208496
6.3264778230004595,combined,3,1,leader,SETTLE,NONE,TRACK,1.4200000005883182,0.004064645520508152,-0.07999999941168179,1.4762010847507039,0.00027437531017436415,0.040000000000000036,0.0,1.0103036195024416e-05,1.99999999999979,0,6.339592933654785
6.3264778230004595,combined,3,2,follower_1,SETTLE,NONE,TRACK,1.4200000046573837,0.010646491450753005,-0.07999999534261626,1.4763096652725893,0.005007434196961039,0.09000000000000075,0.0,0.00026269949479259294,2.0000000000000164,0,6.846066951751709
6.3264778230004595,combined,3,3,follower_2,SETTLE,NONE,TRACK,1.4200000038586877,0.002124240528816255,-0.07999999614131226,1.4762941576747226,0.004130085226316061,0.020000000000000462,0.0,0.00024930398259338365,2.000000000000221,0,8.75743579864502
6.525181926001096,combined,3,1,leader,SETTLE,NONE,TRACK,1.4200000005489888,0.003926483090806011,-0.07999999945101122,1.476203223811164,0.0002992280103892513,0.040000000000000036,0.0,1.1829986124251485e-05,1.99999999999979,0,10.288737297058105
6.525181926001096,combined,3,2,follower_1,SETTLE,NONE,TRACK,1.4200000030087665,0.008260442207200418,-0.0799999969912335,1.4763042633374166,0.0033925609941506973,0.040000000000000036,0.0,0.00017446552151353074,1.999999999999834,0,11.042905807495117
6.525181926001096,combined,3,3,follower_2,SETTLE,NONE,TRACK,1.4200000055896491,0.009828472446320928,-0.07999999441035088,1.4762320780626434,-0.020451302393196463,0.03500000000000014,0.0,-0.0008210241047866756,2.000000000000671,0,7.577763080596924
6.724400498002069,combined,3,1,leader,SETTLE,NONE,TRACK,1.420000000511104,0.003788635226360389,-0.07999999948889602,1.4762009021161457,0.00029439447062728965,0.04499999999999993,0.0,1.1527794508351796e-05,1.99999999999979,0,15.403292655944824
6.724400498002069,combined,3,2,follower_1,SETTLE,NONE,TRACK,1.420000001965917,0.0063308947574522755,-0.07999999803408309,1.4762969452706154,0.0029136368927337596,0.04499999999999993,0.0,0.00013700102060868326,1.999999999999808,0,12.3967866897583
6.724400498002069,combined,3,3,follower_2,SETTLE,NONE,TRACK,1.4200000041452976,0.009088030108226926,-0.07999999585470241,1.476229830126431,-0.001477729559030231,0.040000000000000036,0.0,1.5530383898278444e-05,2.0000000000006457,0,8.904488563537598
6.92444458600221,combined,3,1,leader,SETTLE,NONE,TRACK,1.4200000004745919,0.0036508596583262297,-0.07999999952540815,1.4762060877104508,0.00027392053953012374,0.04499999999999993,0.0,1.0717167395362834e-05,1.99999999999979,0,10.911046981811523
6.92444458600221,combined,3,2,follower_1,SETTLE,NONE,TRACK,1.4200000012490852,0.004586599061356812,-0.07999999875091479,1.4762794198579852,0.0027324924971001015,0.04499999999999993,0.0,0.00012072366395919612,1.9999999999997873,0,10.797900199890137
6.92444458600221,combined,3,3,follower_2,SETTLE,NONE,TRACK,1.4200000018839891,0.006042447326735485,-0.07999999811601088,1.4762519143310973,0.0043650792177016805,0.11000000000000032,0.0,0.00022082005960518506,2.000000000000453,0,7.079265117645264
7.12430029800089,combined,3,1,leader,SETTLE,NONE,TRACK,1.420000002444477,0.00828391569572863,-0.079999997555523,1.4762108244400531,0.0002476669547694552,0.05000000000000071,0.0,9.66134243890091e-06,1.9999999999999574,0,12.171838760375977
7.12430029800089,combined,3,2,follower_1,SETTLE,NONE,TRACK,1.4200000031150057,0.003899138544047623,-0.07999999688499426,1.4762736499050055,0.0026220025782709134,0.05000000000000071,0.0,0.00011087551879089119,1.9999999999996152,0,8.635146141052246
7.12430029800089,combined,3,3,follower_2,SETTLE,NONE,TRACK,1.4200000007273315,0.003761849351391462,-0.07999999927266854,1.4762779112905962,0.0033347587942963385,0.04499999999999993,0.0,0.00015731139211607313,2.0000000000004228,0,6.645196914672852
7.324522866001644,combined,3,1,leader,SETTLE,NONE,TRACK,1.420000004807686,0.011617208637865426,-0.07999999519231404,1.4761352899652442,-0.007902250443362716,0.04999999999999982,0.0,-0.00031920209804332106,2.000000000000114,0,8.878973960876465
7.324522866001644,combined,3,2,follower_1,SETTLE,NONE,TRACK,1.4200000106699122,0.0125474093076783,-0.07999998933008778,1.476212071466429,-0.01701553469017422,0.04999999999999982,0.0,-0.0007283718602239189,1.9999999999997713,0,10.768324851989746
7.324522866001644,combined,3,3,follower_2,SETTLE,NONE,TRACK,1.4200000092097733,0.011937706634917052,-0.07999999079022668,1.4762876845911015,0.003346448618788919,0.10999999999999943,0.0,0.00014662829358192607,2.000000000000308,0,7.105041027069092
7.524541920000047,combined,3,1,leader,SETTLE,NONE,TRACK,1.4200000052855117,0.012180853776673321,-0.07999999471448827,1.4761258557654933,-0.0021207892172521495,0.1899999999999995,0.0,-8.274723633472528e-05,2.000000000000114,0,9.843633651733398
7.524541920000047,combined,3,2,follower_1,SETTLE,NONE,TRACK,1.4200000119159515,0.013352556122023908,-0.07999998808404851,1.4761958434627023,-0.0016948612558182789,0.04999999999999982,0.0,-2.7276593746083272e-05,1.9999999999998697,0,10.517993927001953
7.524541920000047,combined,3,3,follower_2,SETTLE,NONE,TRACK,1.420000015499083,0.017405099962805183,-0.07999998450091694,1.476185926323202,-0.009217472326728475,0.04999999999999982,0.0,-0.00034499481941432106,2.0000000000004228,0,6.045106887817383
7.724494843001594,combined,3,1,leader,SETTLE,NONE,TRACK,1.4200000051657315,0.012042038600554637,-0.07999999483426845,1.476172305088611,0.0003315159834835265,0.054999999999999716,0.0,1.5188995768660193e-05,2.000000000000114,0,9.211034774780273
7.724494843001594,combined,3,2,follower_1,SETTLE,NONE,TRACK,1.4200000098469936,0.011124858959741963,-0.0799999901530064,1.4762232216398188,0.0029718759063295163,0.04999999999999982,0.0,0.00014470914679759445,1.9999999999994509,0,9.259133338928223
7.724494843001594,combined,3,3,follower_2,SETTLE,NONE,TRACK,1.4200000112848006,0.015214966571807204,-0.07999998871519942,1.4762437383796958,0.0028767974840348824,0.04999999999999982,0.0,0.00013866050409781148,2.000000000000522,0,5.373912811279297
7.9245253469998715,combined,3,1,leader,SETTLE,NONE,TRACK,1.420000004925989,0.011759276068995732,-0.0799999950740109,1.476184315102045,0.0003531682142918676,0.0600000000000005,0.0,1.5163724741613172e-05,2.000000000000114,0,12.002779006958008
7.9245253469998715,combined,3,2,follower_1,SETTLE,NONE,PREDICT,1.4200000081856738,0.009176952357647088,-0.07999999181432615,1.4762235467947058,0.004137153880702982,0.25,0.0,0.00018131743403441123,1.9999999999992752,0,11.572370529174805
7.9245253469998715,combined,3,3,follower_2,SETTLE,NONE,TRACK,1.420000008013714,0.013109196326118011,-0.07999999198628593,1.4762731980945327,0.0031369743183054365,0.054999999999999716,0.0,0.00013785014824353346,2.0000000000003304,0,8.009461402893066
8.124203308001597,combined,3,1,leader,SETTLE,NONE,TRACK,1.4200000048115293,0.011621851348933787,-0.07999999518847067,1.47619203206592,0.00033370095177860085,0.06500000000000039,0.0,1.373195424504034e-05,2.000000000000114,0,7.013309955596924
8.124203308001597,combined,3,2,follower_1,SETTLE,NONE,TRACK,1.4200000070511316,0.007466629048909497,-0.07999999294886839,1.4762497569768571,0.0026255264651027987,0.055000000000000604,0.0,0.00011482389101918292,1.9999999999992686,0,12.799595832824707
8.124203308001597,combined,3,3,follower_2,SETTLE,NONE,TRACK,1.420000005438674,0.011035661528884777,-0.0799999945613259,1.476281493096208,0.0029204932667743536,0.055000000000000604,0.0,0.00012216389710014035,2.000000000000318,0,9.292509078979492
8.32443400199918,combined,3,1,leader,SETTLE,NONE,TRACK,1.420000004583227,0.01134277137682568,-0.07999999541677294,1.4761921574832664,0.00035743547369678993,0.0649999999999995,0.0,1.44884891478839e-05,2.000000000000114,0,6.913475036621094
8.32443400199918,combined,3,2,follower_1,SETTLE,NONE,TRACK,1.4200000060771156,0.005929218247286434,-0.07999999392288437,1.476253567910273,0.0026850404220318375,0.11999999999999922,0.0,0.00011228041731603775,1.9999999999992686,0,15.327975273132324
8.32443400199918,combined,3,3,follower_2,SETTLE,NONE,TRACK,1.4200000036219873,0.009242672070904566,-0.0799999963780127,1.476287995610666,0.0028052031760439225,0.054999999999999716,0.0,0.00011404913414646903,2.000000000000318,0,5.9140729904174805
8.524532110001019,combined,3,1,leader,SETTLE,NONE,TRACK,1.4200000044717935,0.011204029047367618,-0.07999999552820647,1.4761910299128636,0.0003455111963460871,0.05999999999999961,0.0,1.3809121158927512e-05,2.000000000000114,0,17.638811111450195
8.524532110001019,combined,3,2,follower_1,SETTLE,NONE,TRACK,1.420000005457526,0.004588680429124125,-0.07999999454247408,1.476254270128485,0.0025456242754431533,0.05999999999999961,0.0,0.00010416318236393602,1.9999999999992686,0,12.243388175964355
8.524532110001019,combined,3,3,follower_2,SETTLE,NONE,TRACK,1.420000002282697,0.007542610199159566,-0.07999999771730293,1.4762741701401796,0.002736127804843699,0.05999999999999961,0.0,0.00010943924184750541,2.000000000000318,0,8.875782012939453
8.72551733200089,combined,3,1,leader,SETTLE,NONE,TRACK,1.4200000043609264,0.01106426590129609,-0.07999999563907356,1.4761936709002095,0.00033802576034348505,0.1349999999999998,0.0,1.340190314083485e-05,2.000000000000114,0,15.439375877380371
8.72551733200089,combined,3,2,follower_1,SETTLE,NONE,TRACK,1.4200000050236679,0.003486183738085512,-0.07999999497633214,1.4762677052989361,0.002461423050321874,0.054999999999999716,0.0,9.886105742382042e-05,1.9999999999992693,0,16.239086151123047
8.72551733200089,combined,3,3,follower_2,SETTLE,NONE,TRACK,1.4200000014001064,0.00606784511047218,-0.0799999985998936,1.4762713228593056,0.0026827595192765725,0.054999999999999716,0.0,0.00010636201941570827,2.000000000000317,0,7.899768829345703
8.924289291000605,combined,3,1,leader,SETTLE,NONE,TRACK,1.4200000042512693,0.010924268542467678,-0.07999999574873073,1.476190938919885,0.000277780393518233,0.06500000000000039,0.0,1.088801477443624e-05,2.000000000000114,0,14.998220443725586
8.924289291000605,combined,3,2,follower_1,SETTLE,NONE,TRACK,1.4200000079773571,0.009914812287300854,-0.07999999202264285,1.476211787452986,-0.019588394989827153,0.0600000000000005,0.0,-0.0008248962738346728,1.9999999999995524,0,14.53934097290039
8.924289291000605,combined,3,3,follower_2,SETTLE,NONE,TRACK,1.4200000035971772,0.005814962609894529,-0.07999999640282285,1.4762675206747278,0.0025800470540400665,0.054999999999999716,0.0,0.00010162652571269329,2.0000000000000338,0,9.707404136657715
9.127829875000316,combined,3,1,leader,SETTLE,NONE,TRACK,1.4200000040372214,0.01064569550469073,-0.07999999596277863,1.4761913186173483,0.0003188239566945972,0.125,0.0,1.2591688114242087e-05,2.000000000000114,0,7.860057830810547
9.127829875000316,combined,3,2,follower_1,SETTLE,NONE,TRACK,1.4200000068922234,0.008612081203247182,-0.07999999310777661,1.4762420731333006,0.00206306571063083,0.054999999999999716,0.0,8.478630980922478e-05,1.9999999999995524,0,10.006389617919922
9.127829875000316,combined,3,3,follower_2,SETTLE,NONE,TRACK,1.420000002247666,0.0039190616551932215,-0.07999999775233402,1.4762689764001635,0.0026066128875683664,0.054999999999999716,0.0,0.00010247525300156899,2.0000000000000338,0,7.169262886047363
9.324621698000556,combined,3,1,leader,SETTLE,NONE,TRACK,1.420000003931759,0.01050572563995651,-0.07999999606824093,1.4761833893148582,0.0003280831386553983,0.005000000000000782,0.0,1.2947252410889273e-05,2.000000000000114,0,10.74613094329834
9.324621698000556,combined,3,2,follower_1,SETTLE,NONE,TRACK,1.4200000060829407,0.007386926024936136,-0.07999999391705925,1.476250657022721,0.0024073591674716923,0.005000000000000782,0.0,9.996850863187627e-05,1.9999999999995524,0,8.405754089355469
9.324621698000556,combined,3,3,follower_2,SETTLE,NONE,TRACK,1.4200000015038492,0.0031594593570040065,-0.0799999984961508,1.476288025720032,0.0026094328690249237,0.040000000000000036,0.0,0.00010260701437269528,2.0000000000000453,0,8.249972343444824
9.52478895099921,combined,3,1,leader,SETTLE,NONE,TRACK,1.4435734734548782,0.01033731828529033,-0.05642652654512181,1.4761872414375872,0.0002740294675485211,0.08000000000000007,0.0,1.0671362694139536e-05,2.0235734696380057,0,8.670389175415039
9.52478895099921,combined,3,2,follower_1,SETTLE,NONE,TRACK,1.4200000053678135,0.006130212959283371,-0.07999999463218654,1.4762438498068404,0.0024746624419967078,0.004999999999999893,0.0,0.00010020123659694523,1.9999999999995524,0,10.6668062210083
9.52478895099921,combined,3,3,follower_2,SETTLE,NONE,TRACK,1.4200000092440943,0.015492351457997032,-0.07999999075590569,1.4761742039679084,-0.02624143332927294,0.004999999999999893,0.0,-0.0011310021645803267,2.0000000000004396,0,7.76843786239624
9.724324581002293,combined,3,1,leader,STRAIGHT_1,NONE,TRACK,1.5133909616348087,0.011382941823039694,0.013390961634808685,1.4935821212865037,-0.002509775660798094,0.015000000000000568,0.02244076526153119,-0.0001030580563767299,2.0933909569717684,0,10.685951232910156
9.724324581002293,combined,3,2,follower_1,STRAIGHT_1,NONE,TRACK,1.4236825117878589,0.0049715830697775465,-0.07631748821214113,1.4762538013941342,0.0024293871903064233,0.015000000000000568,0.0,9.693197764123547e-05,2.003682505984999,0,7.295679092407227
9.724324581002293,combined,3,3,follower_2,STRAIGHT_1,NONE,TRACK,1.4200000083437465,0.014996311460705755,-0.07999999165625349,1.4762230783023633,0.0008971595069900168,0.004999999999999005,0.0,4.9137852564990286e-05,2.0000000000004503,0,5.714969158172607
9.924216816001717,combined,3,1,leader,STRAIGHT_1,NONE,TRACK,1.56122949058759,0.015099366530906955,0.061229490587590085,1.5348338638485461,-0.015462750454313574,0.014999999999998792,0.11575401359158519,-0.0006315607882202852,2.1412294823422555,0,8.097572326660156
9.924216816001717,combined,3,2,follower_1,STRAIGHT_1,NONE,TRACK,1.4440939844713647,0.006807999504943039,-0.05590601552863528,1.4779089713169486,-0.003187551245347139,0.004999999999999005,0.0,-0.00013828214334823176,2.0240939744224216,0,15.596514701843262
9.924216816001717,combined,3,3,follower_2,STRAIGHT_1,NONE,TRACK,1.4200000073121715,0.013600874301993004,-0.07999999268782854,1.4762541812793277,0.0027701796452714437,0.004999999999999005,0.0,0.000120005423525448,2.0000000000001226,0,8.32339859008789
10.1242759630004,combined,3,1,leader,STRAIGHT_1,NONE,TRACK,1.5831129550986878,0.016391645229335308,0.08311295509868777,1.5873420433696088,0.004315393588006917,0.025000000000000355,0.2369898097778254,0.00017036753659152836,2.1631129453529296,0,6.031797885894775
10.1242759630004,combined,3,2,follower_1,STRAIGHT_1,NONE,TRACK,1.4938153390690174,-0.00347010720851484,-0.006184660930982577,1.4833067945256515,0.015757572849362706,0.08000000000000007,0.0,0.0006676348790351328,2.073815329602431,0,7.674074172973633
10.1242759630004,combined,3,3,follower_2,STRAIGHT_1,NONE,TRACK,1.4201451803133236,0.010246506595266422,-0.0798548196866764,1.4762702853600946,0.0027932963072429913,0.019999999999999574,0.0,0.00011585370262609838,2.0001451753940116,0,5.391349792480469
10.32414196299942,combined,3,1,leader,STRAIGHT_1,NONE,TRACK,1.5932798804187254,0.013290528383143973,0.09327988041872537,1.60201095332128,0.011266903172869156,0.07499999999999929,0.2889888291964391,0.0004548970251473442,2.1732798739845673,0,16.312484741210938
10.32414196299942,combined,3,2,follower_1,STRAIGHT_1,NONE,TRACK,1.5350455320676701,0.009992633041403073,0.03504553206767014,1.5215825015725248,-0.026650316723028065,0.014999999999998792,0.08698001771363051,-0.0010533839200477912,2.115045523398278,0,10.135354995727539
10.32414196299942,combined,3,3,follower_2,STRAIGHT_1,NONE,TRACK,1.436998054308347,0.010948105728058592,-0.06300194569165307,1.4762788836996892,0.0027696591396609354,0.014999999999998792,0.0,0.00011205128303002612,2.016998046979933,0,7.47183895111084
10.52396759000112,combined,3,1,leader,STRAIGHT_1,NONE,TRACK,1.5921523360478402,0.023220800810155623,0.09215233604784023,1.6217069026370712,-0.015289641674791871,0.08000000000000007,0.35457568313545107,-0.0006291966793856142,2.172152316412675,0,18.31538963317871
10.52396759000112,combined,3,2,follower_1,STRAIGHT_1,NONE,TRACK,1.570824948672631,0.009976564410187004,0.0708249486726309,1.560083194253675,0.003461289132746349,0.015000000000000568,0.18413890858777623,0.0002542458088700514,2.150824929247714,0,9.960017204284668
10.52396759000112,combined,3,3,follower_2,STRAIGHT_1,NONE,TRACK,1.475913905558021,0.005183080267821605,-0.024086094441978956,1.484137208200894,0.01708177012119937,0.015000000000000568,0.000125305603051927,0.0007285220130080995,2.05591390228846,0,7.498507976531982
10.72407011100222,combined,3,1,leader,STRAIGHT_1,NONE,TRACK,1.5822323596630854,0.024745538180711155,0.0822323596630854,1.634763585442201,0.0014082025989108926,0.019999999999999574,0.40369553663626545,5.554514015964218e-05,2.1622323372909764,0,13.426072120666504
10.72407011100222,combined,3,2,follower_1,STRAIGHT_1,NONE,TRACK,1.5935758713077222,0.013954199329269517,0.09357587130772216,1.5940997950014635,-0.0012619017883418334,0.019999999999999574,0.2794866020638443,-5.708162793556366e-06,2.173575848313626,0,7.885616779327393
10.72407011100222,combined,3,3,follower_2,STRAIGHT_1,NONE,TRACK,1.5168889337526448,0.0190377203679183,0.016888933752644775,1.5013327012279731,-0.029361305145281884,0.08000000000000007,0.039066803738858714,-0.001237372423922366,2.0968889150136523,0,10.655641555786133
10.924264752000454,combined,3,1,leader,STRAIGHT_1,NONE,TRACK,1.5690282434897698,0.02144729205142033,0.06902824348976977,1.6302341486958967,0.0027666860360224597,0.02000000000000135,0.4118467472024854,0.00011941751833969538,2.1490282264787655,0,11.713998794555664
10.924264752000454,combined,3,2,follower_1,STRAIGHT_1,NONE,TRACK,1.6043582025836531,0.02279089266859581,0.10435820258365314,1.6221382021168327,-0.014490712535561369,0.02000000000000135,0.3660690651387436,-0.000518951431958689,2.184358174142002,0,11.561429023742676
10.924264752000454,combined,3,3,follower_2,STRAIGHT_1,NONE,TRACK,1.561788961270337,0.026054246247712787,0.06178896127033706,1.5419686291538306,-0.013424134608301785,0.02000000000000135,0.14409908443368533,-0.0005320403151138411,2.1417889186943007,0,7.3297882080078125
11.124104629001522,combined,3,1,leader,STRAIGHT_1,NONE,TRACK,1.558562079393561,0.0161732540831103,0.05856207939356106,1.6194711883936468,3.6044076014675466e-05,0.08999999999999986,0.40320130500153356,-1.9176172128212597e-06,2.1385620694103786,0,5.909725189208984
11.124104629001522,combined,3,2,follower_1,STRAIGHT_1,NONE,TRACK,1.5994042041519034,0.03655061134372993,0.09940420415190343,1.640827827200658,-0.02620257645199296,0.02999999999999936,0.43100473010644863,-0.0010129218720575242,2.179404151543127,0,6.245649814605713
11.124104629001522,combined,3,3,follower_2,STRAIGHT_1,NONE,TRACK,1.5975924356044906,0.025317659386923864,0.0975924356044906,1.5667350788011032,0.004348348969077218,0.08000000000000007,0.21210477312760598,0.00021370506640496428,2.1775923652096214,0,5.978631019592285
11.324392318001628,combined,3,1,leader,STRAIGHT_1,NONE,TRACK,1.550365418324959,0.014484907520981135,0.05036541832495911,1.611251236185911,0.016869029401159464,0.08999999999999986,0.3980625009894407,0.000686841144602276,2.1303654101223937,0,13.465950965881348
11.324392318001628,combined,3,2,follower_1,STRAIGHT_1,NONE,TRACK,1.5869660818173275,0.03959051058732095,0.08696608181732746,1.6464233395760677,-0.01157795358891844,0.02999999999999936,0.464193833259447,-0.0004128911863972818,2.1669660215647384,0,10.037881851196289
11.324392318001628,combined,3,3,follower_2,STRAIGHT_1,NONE,TRACK,1.6194880175190132,0.029342435293256933,0.11948801751901317,1.6012149213394968,9.159302103950479e-05,0.08499999999999908,0.31135297064586587,1.881941290444813e-05,2.199487936010325,0,8.947184562683105
11.52439610500005,combined,3,1,leader,STRAIGHT_1,NONE,TRACK,1.5429530631359287,0.02073628452526771,0.042953063135928726,1.601991802034506,-0.008462295660418642,0.019999999999999574,0.3878640272135947,-0.00033936473559960205,2.1229530468294304,0,8.231200218200684
11.52439610500005,combined,3,2,follower_1,STRAIGHT_1,NONE,TRACK,1.5717404487939555,0.03752836233281154,0.07174044879395547,1.6390256551454085,0.006990329474581277,0.019999999999999574,0.4657237056892897,0.00034851116289480325,2.151740387740954,0,12.317829132080078
11.52439610500005,combined,3,3,follower_2,STRAIGHT_1,NONE,TRACK,1.623361883394614,0.05508730765763852,0.12336188339461396,1.6461268220267817,-0.044655879512050356,0.019999999999999574,0.4411343104496447,-0.0018637978282295947,2.2033617341820833,0,9.639610290527344
11.724773301000823,combined,3,1,leader,STRAIGHT_1,NONE,TRACK,1.5370551937788128,0.019608282536402077,0.037055193778812834,1.5944678913565522,0.0025176178098754404,0.03500000000000014,0.3795836473671902,0.00011083642179266913,2.117055178927411,0,7.37172794342041
11.724773301000823,combined,3,2,follower_1,STRAIGHT_1,NONE,TRACK,1.5587065032201624,0.025543155317466235,0.058706503220162354,1.6240762180166444,0.018033591615034417,0.019999999999999574,0.4459307078042853,0.0007458442570467454,2.138706470879106,0,9.851831436157227
11.724773301000823,combined,3,3,follower_2,STRAIGHT_1,NONE,TRACK,1.6131990116254533,0.07851660057070939,0.11319901162545332,1.6581074498124244,-0.04638753616010795,0.025000000000000355,0.494253811749103,-0.0018237810152125678,2.193198770350253,0,7.969268798828125
11.924440103000961,combined,3,1,leader,STRAIGHT_1,NONE,TRACK,1.5329443645482934,0.01396549525318348,0.032944364548293414,1.5873799302536673,0.015473063818655772,0.03500000000000014,0.3706112502365548,0.0006356104948138399,2.112944356375794,0,14.738127708435059
11.924440103000961,combined,3,2,follower_1,STRAIGHT_1,NONE,TRACK,1.5470503462152638,0.022283907985231007,0.04705034621526383,1.6123374356634053,0.014613805429592295,0.030000000000001137,0.4306165007089181,0.0005755999010945554,2.1270503248924917,0,13.087252616882324
11.924440103000961,combined,3,3,follower_2,STRAIGHT_1,NONE,TRACK,1.5952248826364643,0.07350613194895556,0.09522488263646434,1.658393019319746,0.004758205625287087,0.025000000000000355,0.5188320277838478,0.0003245263175856665,2.1752246692760258,0,10.791707992553711
12.124125590999029,combined,3,1,leader,STRAIGHT_1,NONE,TRACK,1.5298882621599346,0.01269211355779501,0.029888262159934564,1.5824996632113817,0.005479742709730765,0.10500000000000043,0.3655965193079003,0.00019334798693915965,2.1098882551155786,0,6.916149139404297
12.124125590999029,combined,3,2,follower_1,STRAIGHT_1,NONE,TRACK,1.5377190754533496,0.025242668985765365,0.037719075453349626,1.6014499979902383,-0.00543793026404993,0.03500000000000014,0.4145906736054204,-0.0002616701944887986,2.1177190497322047,0,12.400574684143066
12.124125590999029,combined,3,3,follower_2,STRAIGHT_1,NONE,TRACK,1.5741225116773454,0.054728970593655266,0.0741225116773454,1.6505797620023925,0.03790969480560396,0.03500000000000014,0.5208986305568575,0.0016253367020287025,2.1541223777646836,0,8.215286254882812
12.324088228000619,combined,3,1,leader,STRAIGHT_1,NONE,TRACK,1.5272985288370842,0.016025314229117613,0.02729852883708417,1.5791581213131198,-0.004093068662222648,0.09999999999999964,0.36291599575716044,-0.00018871887416729556,2.1072985182220965,0,14.767064094543457
12.324088228000619,combined,3,2,follower_1,STRAIGHT_1,NONE,TRACK,1.5314731094201848,0.011823260920970581,0.031473109420184775,1.5896817680566282,0.025687264151775916,0.03500000000000014,0.3931842893975172,0.0010707651269371077,2.111473099061765,0,12.72370433807373
12.324088228000619,combined,3,3,follower_2,STRAIGHT_1,NONE,TRACK,1.554048015976989,0.027164801150668914,0.05404801597698894,1.6314822246839105,0.04959171900365466,0.03500000000000014,0.49040800755935593,0.002030610359220718,2.1340479832871893,0,10.755572319030762
12.524030032000155,combined,3,1,leader,STRAIGHT_1,NONE,TRACK,1.5253702035077406,0.020141306068018023,0.025370203507740552,1.5762032155239725,-0.0058381154299426445,0.11000000000000121,0.3603330562295266,-0.00024653416070849455,2.1053701873598034,0,14.348172187805176
12.524030032000155,combined,3,2,follower_1,STRAIGHT_1,NONE,TRACK,1.5352647257389889,0.0024263903629121045,0.03526472573898887,1.5843525281542887,0.02827397847944366,0.16999999999999993,0.3862794278605155,0.0011333942216568492,2.1152647167646452,0,12.72370433807373
12.524030032000155,combined,3,3,follower_2,STRAIGHT_1,NONE,TRACK,1.5311190366005403,0.02147931625108179,0.031119036600540273,1.6144977180431388,0.009510396805107197,0.040000000000000924,0.46162153246339266,0.0003011243374215539,2.111119019461193,0,7.478736877441406
12.724195331000374,combined,3,1,leader,STRAIGHT_1,NONE,TRACK,1.5235546094683994,0.022010929564543563,0.02355460946839938,1.5743169575389302,-0.00705980810462012,0.03500000000000014,0.3596366060158256,-0.0002860048840169175,2.103554590252668,0,12.67226505279541
12.724195331000374,combined,3,2,follower_1,STRAIGHT_1,NONE,TRACK,1.5312226212596767,0.005618776989365552,0.031222621259676675,1.583838815683173,-0.006340865830015105,0.03500000000000014,0.38092991674482113,-0.0002737291076529965,2.111222610369012,0,11.600011825561523
12.724195331000374,combined,3,3,follower_2,STRAIGHT_1,NONE,TRACK,1.5246941521267627,0.023962758559895457,0.024694152126762736,1.5934678462188685,-0.002475182726749499,0.03500000000000014,0.4195883793246423,-0.00014399285886531693,2.1046941291093004,0,9.514561653137207
12.924275395002041,combined,3,1,leader,STRAIGHT_1,NONE,TRACK,1.521540674496019,0.022666974524112805,0.02154067449601893,1.5726102140021976,0.0029321139969224787,0.1750000000000007,0.3587769456500382,0.0001337058547287112,2.1015406539739843,0,14.660431861877441
12.924275395002041,combined,3,2,follower_1,STRAIGHT_1,NONE,TRACK,1.5276258551212754,0.010361214563046083,0.027625855121275356,1.5809037988505352,-0.012361423951574937,0.040000000000000924,0.37880181071332475,-0.0005060931070721324,2.107625841774168,0,12.732282638549805
12.924275395002041,combined,3,3,follower_2,STRAIGHT_1,NONE,TRACK,1.5223908490446578,0.024291726906358398,0.022390849044657823,1.5794312489656863,0.002564873554799216,0.040000000000000924,0.38991310407016744,9.186258359282459e-05,2.1023908209694415,0,10.312710762023926
13.1241169169989,combined,3,1,leader,STRAIGHT_1,NONE,TRACK,1.5191418411946003,0.02090996893905477,0.019141841194600273,1.5719651096022775,-0.00413512813962637,0.1750000000000007,0.3602459931573841,-0.00015836525049156346,2.0991418231406547,0,10.532806396484375
13.1241169169989,combined,3,2,follower_1,STRAIGHT_1,NONE,TRACK,1.525106322518173,0.015343560889355628,0.025106322518172908,1.5775871327188293,-0.013814539965126,0.05000000000000071,0.3749767569574381,-0.0005621515452334937,2.105106307362841,0,13.379709243774414
13.1241169169989,combined,3,3,follower_2,STRAIGHT_1,NONE,TRACK,1.5205348537905345,0.0201996751919612,0.020534853790534546,1.5760476357592321,0.005895257174946067,0.16999999999999993,0.38466288079063765,0.00022904893723741827,2.1005348251623635,0,11.125129699707031
13.324505759999738,combined,3,1,leader,STRAIGHT_1,NONE,TRACK,1.5169336990049054,0.02530254596766788,0.016933699004905378,1.5718450444516765,-0.007307085273278809,0.04499999999999993,0.3624805958013386,-0.00034058050454271874,2.0969336733897377,0,10.768233299255371
13.324505759999738,combined,3,2,follower_1,STRAIGHT_1,NONE,TRACK,1.5229167307317393,0.020647548747449642,0.022916730731739277,1.5748463093865175,-0.009570548933463074,0.16999999999999993,0.37165702308574255,-0.00036766640741156683,2.1029167040852395,0,8.143415451049805
13.324505759999738,combined,3,3,follower_2,STRAIGHT_1,NONE,TRACK,1.518973539002309,0.016598036075986852,0.018973539002308915,1.5732622677717982,0.013369115345220275,0.04499999999999993,0.3802031957539029,0.0005260532121914689,2.098973508224616,0,7.621953964233398
13.524323191999429,combined,3,1,leader,STRAIGHT_1,NONE,TRACK,1.5154875683691775,0.03483593568188588,0.015487568369177529,1.568545220191517,-0.013190459794615179,0.05000000000000071,0.3566734136104208,-0.0005421314443097837,2.095487521625348,0,11.364489555358887
13.524323191999429,combined,3,2,follower_1,STRAIGHT_1,NONE,TRACK,1.519634379788737,0.025270784143454857,0.019634379788737055,1.5735532531044503,-0.0060673925557580615,0.11000000000000121,0.37137524636193936,-0.0002260205783271531,2.099634331436256,0,8.638166427612305
13.524323191999429,combined,3,3,follower_2,STRAIGHT_1,NONE,TRACK,1.51758091967484,0.02764945156290482,0.01758091967483999,1.5717962618306165,-0.018292851562258287,0.04499999999999993,0.37848092728000227,-0.0007813112829777785,2.097580865671296,0,5.478977203369141
13.724308305001614,combined,3,1,leader,STRAIGHT_1,NONE,TRACK,1.5144102909901564,0.03843521695596224,0.014410290990156449,1.5675840323927028,-0.002056988006679239,0.049999999999998934,0.35607419342498375,-6.540125124044902e-05,2.09441023414578,0,11.867781639099121
13.724308305001614,combined,3,2,follower_1,STRAIGHT_1,NONE,TRACK,1.5166455843585138,0.027317244736946158,0.01664558435851382,1.5729580607062048,0.010266932046137994,0.049999999999998934,0.37235613919327215,0.00044166085122754117,2.0966455271689086,0,8.35404109954834
13.724308305001614,combined,3,3,follower_2,STRAIGHT_1,NONE,TRACK,1.5168687545776134,0.03512176750734483,0.016868754577613387,1.5699672208778706,-0.012104544026065093,0.04499999999999993,0.37549224608678383,-0.0004895919569869665,2.096868679898214,0,6.643574237823486
13.925223836999066,combined,3,1,leader,STRAIGHT_1,NONE,TRACK,1.5135794061051497,0.04311857709692382,0.013579406105149738,1.566074676690189,-0.007195229194258407,0.10500000000000043,0.35423231432979296,-0.0002813119307254306,2.0935793347701566,0,5.895774841308594
13.925223836999066,combined,3,2,follower_1,STRAIGHT_1,NONE,TRACK,1.5142548438415266,0.0334156440906607,0.014254843841526643,1.5705899594765893,-0.010484186540783627,0.11000000000000121,0.3686211426318888,-0.0004184480670628301,2.094254765495868,0,12.444358825683594
13.925223836999066,combined,3,3,follower_2,STRAIGHT_1,NONE,TRACK,1.515638395900296,0.042045390186510156,0.01563839590029592,1.5684388045901776,-0.013009410103101382,0.04499999999999993,0.37283604684159266,-0.0005167020222192029,2.095638288408836,0,8.530052185058594
14.124210807000054,combined,3,1,leader,STRAIGHT_1,NONE,TRACK,1.51267455349129,0.03789667945430878,0.012674553491289986,1.5658621604407894,0.007030650352809919,0.0600000000000005,0.35441333040099593,0.0003158986134682393,2.092674496609947,0,10.447190284729004
14.124210807000054,combined,3,2,follower_1,STRAIGHT_1,NONE,TRACK,1.5129258003131132,0.03639355360981701,0.01292580031311319,1.567270687802111,-0.007860009517731636,0.05000000000000071,0.3619188781946483,-0.0002999557023577548,2.0929257280299525,0,7.437112808227539
14.124210807000054,combined,3,3,follower_2,STRAIGHT_1,NONE,TRACK,1.5137233359231572,0.04326784715711875,0.01372333592315722,1.5680874993675495,-0.0012860695825173934,0.05000000000000071,0.3728239029932226,-1.1554488275814205e-05,2.093723213681367,0,5.703151226043701
14.324328119000711,combined,3,1,leader,STRAIGHT_1,NONE,TRACK,1.5120355560233247,0.0286080947690966,0.012035556023324734,1.5652233705118697,0.016468742771704858,0.05999999999999872,0.35383196520405913,0.0006815596934282918,2.0920355207585537,0,7.309823036193848
14.324328119000711,combined,3,2,follower_1,STRAIGHT_1,NONE,TRACK,1.511857756961238,0.03255203630393543,0.01185775696123792,1.5663216088520007,-0.006692972393703294,0.11499999999999844,0.36067860556276476,-0.00025267430380138974,2.0918577093335204,0,8.4922513961792
14.324328119000711,combined,3,3,follower_2,STRAIGHT_1,NONE,TRACK,1.5114120987621777,0.040071696266794694,0.011412098762177747,1.5667531927209286,-0.004881454088924034,0.049999999999998934,0.37002217096651996,-0.00018430552527232057,2.0914119935877227,0,11.775562286376953
14.5242320690013,combined,3,1,leader,STRAIGHT_1,NONE,TRACK,1.5121001964303669,0.02336227196277467,0.01210019643036686,1.5633363510459837,0.01119928569267027,0.054999999999999716,0.3498937001360523,0.00043943596746324755,2.0921001706161664,0,10.508645057678223
14.5242320690013,combined,3,2,follower_1,STRAIGHT_1,NONE,TRACK,1.5109951439157223,0.024812703607842216,0.010995143915722316,1.5633807258367973,0.012034446774476706,0.05000000000000071,0.3539889438266504,0.0004930497571518896,2.090995117500619,0,11.052586555480957
14.5242320690013,combined,3,3,follower_2,STRAIGHT_1,NONE,TRACK,1.5092874558273865,0.03125546609993707,0.009287455827386548,1.5648473863098897,0.01558969732067278,0.05000000000000071,0.3655145435572829,0.0006613297540160355,2.0892873909471494,0,8.162605285644531
14.724459905999538,combined,3,1,leader,STRAIGHT_1,SHORT_OCCLUSION,TRACK,1.5123176562202638,0.030137458420019355,0.012317656220263817,1.5627488276305306,-0.007255058006890361,0.05999999999999872,0.34890992170798873,-0.0003350925236575156,2.0923176170096256,0,11.890201568603516
14.724459905999538,combined,3,2,follower_1,STRAIGHT_1,SHORT_OCCLUSION,TRACK,1.5249695541426587,0.020266283824854778,0.024969554142658668,1.562979686250182,0.01057384078988462,0.1899999999999995,0.35330081039192984,0.00042341235375887887,2.104969528327263,0,7.4965667724609375
14.724459905999538,combined,3,3,follower_2,STRAIGHT_1,SHORT_OCCLUSION,TRACK,1.4937272422275834,0.026978600205048324,-0.006272757772416648,1.5621001579973715,0.008170337603325101,0.054999999999999716,0.3583680211696579,0.0003267525424303709,2.073727196856565,0,6.264807224273682
14.924353550999513,combined,3,1,leader,STRAIGHT_1,SHORT_OCCLUSION,TRACK,1.5125493264264709,0.029047546356051765,0.012549326426470886,1.56255914997035,-0.001650339032050822,0.054999999999999716,0.3488139071227373,-4.882640708320078e-05,2.0925492890289994,0,9.349249839782715
14.924353550999513,combined,3,2,follower_1,STRAIGHT_1,SHORT_OCCLUSION,PREDICT,1.554314546768654,0.012997277639752405,0.054314546768654104,1.5825065282493447,0.01122954275883102,0.39000000000000057,0.20344424435017003,0.0004440118386447426,2.134314532052563,0,14.576722145080566
14.924353550999513,combined,3,3,follower_2,STRAIGHT_1,SHORT_OCCLUSION,TRACK,1.4650418321400203,0.02667400694420447,-0.03495816785997974,1.561156152415221,0.0025313080692468096,0.11500000000000021,0.35545298168947737,8.677556633132115e-05,2.0450417965462666,0,6.124026775360107
15.12419391200092,combined,3,1,leader,STRAIGHT_1,NONE,TRACK,1.512738584091005,0.027554422305541185,0.012738584091005034,1.5624786759805458,0.00826447762486863,0.07000000000000028,0.348945455343961,0.0003501537575185485,2.0927385493557282,0,7.061368942260742
15.12419391200092,combined,3,2,follower_1,STRAIGHT_1,NONE,PREDICT,1.5635706208397429,0.009965496657639574,0.06357062083974285,1.6116236958846195,0.01162476677914873,0.5899999999999999,0.21705652021966101,0.000456428167432266,2.143570610864464,0,6.14665412902832
15.12419391200092,combined,3,3,follower_2,STRAIGHT_1,NONE,TRACK,1.472206445270028,0.027653055411844783,-0.027793554729971914,1.5546503962264495,-0.0028618830576134994,0.1899999999999995,0.33764388307864984,-0.0001277976064151203,2.052206410426898,0,6.124026775360107
15.32550971100136,combined,3,1,leader,STRAIGHT_1,NONE,TRACK,1.5127138227462784,0.035490031819578945,0.012713822746278414,1.5626605956403161,-0.014602965915783472,0.06999999999999851,0.34970237131077564,-0.0005914012805177301,2.0927137694375144,0,6.781740188598633
15.32550971100136,combined,3,2,follower_1,STRAIGHT_1,NONE,TRACK,1.554596523132909,0.009555483091529208,0.05459652313290908,1.6160671439413234,0.006692767261819003,0.05999999999999872,0.39589680136791744,0.00035073046650055135,2.1345965047489264,0,10.367337226867676
15.32550971100136,combined,3,3,follower_2,STRAIGHT_1,NONE,TRACK,1.4969170967682865,0.038000158509647865,-0.003082903231713452,1.539381009481611,-0.021646764665438453,0.05999999999999872,0.28200295519112345,-0.0008513481759531876,2.0769170383554796,0,9.088906288146973
15.525027021001733,combined,3,1,leader,STRAIGHT_1,NONE,TRACK,1.5123911678048925,0.02933553137388457,0.012391167804892467,1.5634267719759807,0.007762342952982398,0.07000000000000028,0.35191861022143317,0.00034548954152783965,2.0923911282701146,0,13.665494918823242
15.525027021001733,combined,3,2,follower_1,STRAIGHT_1,NONE,TRACK,1.5484189088758833,0.020263570127092515,0.04841890887588329,1.605769879786864,-0.026835709857976623,0.054999999999999716,0.3848945364037986,-0.001103851348811527,2.1284188875401537,0,11.16854190826416
15.525027021001733,combined,3,3,follower_2,STRAIGHT_1,NONE,TRACK,1.5162127512321586,0.03631853961187569,0.016212751232158595,1.537866096340729,-0.005817830926779196,0.054999999999999716,0.2763428883107247,-0.0001860880438733469,2.09621267949124,0,10.181047439575195
15.724568191999424,combined,3,1,leader,STRAIGHT_1,NONE,TRACK,1.5199214033235418,0.024659414846460587,0.019921403323541753,1.563012632121044,0.016144679357338744,0.1999999999999993,0.35129397260977546,0.000665980077833975,2.099921372642592,0,13.665494918823242
15.724568191999424,combined,3,2,follower_1,STRAIGHT_1,NONE,TRACK,1.5349739339291226,0.021456372060052322,0.034973933929122625,1.5990679642009453,-0.004524444203722505,0.009999999999999787,0.38040295980495537,-0.00014823105808182732,2.114973914484152,0,5.992402076721191
15.724568191999424,combined,3,3,follower_2,STRAIGHT_1,NONE,TRACK,1.5274242060603787,0.03290167001745414,0.027424206060378653,1.5567855317678294,0.0011974076198119198,0.004999999999999005,0.32224549295832233,2.418994814199394e-05,2.1074241399554023,0,5.490571022033691
15.925106470000173,combined,3,1,leader,STRAIGHT_1,NONE,TRACK,1.5180749337874775,0.035207967350585075,0.018074933787477487,1.5718344467251448,-0.018894601235367504,0.009999999999999787,0.3598716874333822,-0.0007321280892220929,2.0980748799065942,0,7.258604049682617
15.925106470000173,combined,3,2,follower_1,STRAIGHT_1,NONE,TRACK,1.5345678275622825,0.011724483262063518,0.034567827562282494,1.5877120206396302,0.020073722900978506,0.005000000000000782,0.361507919762886,0.000866834802363636,2.114567809216534,0,11.10382080078125
15.925106470000173,combined,3,3,follower_2,STRAIGHT_1,NONE,TRACK,1.5285815784074774,0.027432847897523042,0.028581578407477437,1.5695007239020784,0.006813503929163141,0.005000000000000782,0.35560382181805616,0.00027021891811214514,2.1085815423029204,0,9.097086906433105
16.1258698620004,combined,3,1,leader,STRAIGHT_1,NONE,TRACK,1.5165149858279687,0.0430831813104807,0.01651498582796873,1.569984265098579,-0.013040837634961795,0.08000000000000007,0.3578705480994965,-0.0004812145037913407,2.0965149088226385,0,8.29677677154541
16.1258698620004,combined,3,2,follower_1,STRAIGHT_1,NONE,TRACK,1.534173755773521,0.010690838366389314,0.03417375577352111,1.5836994994857958,-0.0016185541940567179,0.004999999999999005,0.3592036588064144,-8.349778147830858e-05,2.1141737276339,0,10.399161338806152
16.1258698620004,combined,3,3,follower_2,STRAIGHT_1,NONE,TRACK,1.5260967923088176,0.024310112106116975,0.026096792308817562,1.5748139208515386,0.005689189204024112,0.004999999999999005,0.37174425707834247,0.00021973890998299404,2.1060967632540284,0,8.484760284423828
16.32460090099994,combined,3,1,leader,STRAIGHT_1,NONE,TRACK,1.5156391051775886,0.04473655163905449,0.015639105177588597,1.567987271949175,-0.002942985809925646,0.08000000000000007,0.35499624062809676,-7.038348865814819e-05,2.095639021994774,0,7.959395885467529
16.32460090099994,combined,3,2,follower_1,STRAIGHT_1,NONE,TRACK,1.5329231875999216,0.013168169086363268,0.03292318759992163,1.5825614018378924,-0.005359540433001208,0.015000000000000568,0.3626678214557413,-0.00020771980393532162,2.1129231568501754,0,7.1165571212768555
16.32460090099994,combined,3,3,follower_2,STRAIGHT_1,NONE,TRACK,1.5241386001664534,0.021953665452180235,0.024138600166453417,1.573844731583756,0.005775371436102074,0.06500000000000128,0.37224765335642707,0.00022242690048150058,2.104138571282523,0,9.089797019958496
16.52452868399996,combined,3,1,leader,STRAIGHT_1,NONE,TRACK,1.5146693911234712,0.044946741479890355,0.01466939112347121,1.5673632793002341,0.0013356402885428516,0.015000000000000568,0.3550833794120112,8.50617735394138e-05,2.094669306103833,0,10.40530776977539
16.52452868399996,combined,3,2,follower_1,STRAIGHT_1,NONE,TRACK,1.5313486344421792,0.014028463196781422,0.03134863444217917,1.5804878354861929,-0.002351866969165601,0.015000000000000568,0.36329912560029254,-8.389235157563819e-05,2.11134860535752,0,7.467350006103516
16.52452868399996,combined,3,3,follower_2,STRAIGHT_1,NONE,TRACK,1.5213005473821255,0.01960126267575969,0.0213005473821255,1.5742162940204434,0.0068776001305340916,0.009999999999999787,0.3756889771549955,0.0002647763768603758,2.101300519831465,0,5.656177043914795
16.724638054001844,combined,3,1,leader,STRAIGHT_1,NONE,TRACK,1.513946307572369,0.04547122059836992,0.013946307572368921,1.566182724705168,1.2711080423359582e-05,0.019999999999999574,0.3536312996662295,1.4689214361621247e-05,2.093946219717648,0,10.268486022949219
16.724638054001844,combined,3,2,follower_1,STRAIGHT_1,NONE,TRACK,1.5290921439837364,0.0178316383024522,0.029092143983736385,1.5795063748756248,-0.008639195063583481,0.014999999999998792,0.36572673563230274,-0.00035598783181631086,2.109092112002289,0,7.013469219207764
16.724638054001844,combined,3,3,follower_2,STRAIGHT_1,NONE,TRACK,1.5190724999145993,0.02149881773770045,0.01907249991459925,1.5733154561078848,-0.005239955553180421,0.07499999999999929,0.3759091960485598,-0.00023375641315901807,2.099072462744842,0,8.466487884521484
16.924522885001352,combined,3,1,leader,STRAIGHT_1,NONE,TRACK,1.5132089702239455,0.036995907697353385,0.013208970223945515,1.5657894196164988,0.015046345357021594,0.08000000000000007,0.35385920058137055,0.0006402209442565523,2.0932089065990938,0,14.609980583190918
16.924522885001352,combined,3,2,follower_1,STRAIGHT_1,NONE,TRACK,1.526920067831315,0.019154934677641264,0.026920067831315064,1.5773928830391442,-0.005420038241850972,0.015000000000000568,0.36511008478321094,-0.0002100077669899247,2.1069200472389222,0,10.168839454650879
16.924522885001352,combined,3,3,follower_2,STRAIGHT_1,NONE,TRACK,1.5171615216041603,0.030652704270881473,0.01716152160416029,1.5721836525601263,-0.016078817657874882,0.015000000000000568,0.37527932899196986,-0.0006982590392693689,2.097161461857699,0,8.855856895446777
17.124514051000006,combined,3,1,leader,STRAIGHT_1,NONE,TRACK,1.5122149718087885,0.027535338776871567,0.0122149718087885,1.5660141681833053,0.016077268413149985,0.015000000000000568,0.355451230073114,0.0006559324845491917,2.092214929650733,0,12.722854614257812
17.124514051000006,combined,3,2,follower_1,STRAIGHT_1,NONE,TRACK,1.5250123646269016,0.02150823244469026,0.025012364626901595,1.5754331163220436,-0.006430275457159546,0.015000000000000568,0.36422385682924147,-0.00025299576381775964,2.105012347218305,0,9.639607429504395
17.124514051000006,combined,3,3,follower_2,STRAIGHT_1,NONE,TRACK,1.5160353086150362,0.038829256883699294,0.016035308615036215,1.5692179821810266,-0.012335864468117068,0.009999999999999787,0.36962656682260786,-0.000502496499333153,2.0960352205839805,0,13.1612548828125
17.32440080000015,combined,3,1,leader,STRAIGHT_1,NONE,TRACK,1.5120478171125282,0.019962250859354855,0.012047817112528225,1.5636374290260555,0.011706794852575243,0.025000000000000355,0.35058122320162327,0.0004470702292620236,2.0920477878721697,0,8.287331581115723
17.32440080000015,combined,3,2,follower_1,STRAIGHT_1,NONE,TRACK,1.5220013305592992,0.018400051640935,0.022001330559299204,1.5742705631246334,0.003954691711776035,0.015000000000000568,0.36490573246708646,0.00019303748512575474,2.1020013181395054,0,8.74461841583252
17.32440080000015,combined,3,3,follower_2,STRAIGHT_1,NONE,TRACK,1.5152429400913832,0.03852956746426607,0.015242940091383161,1.5682307274417968,-0.0005135891128395021,0.015000000000000568,0.3684768017044679,7.178712726925148e-06,2.095242858374272,0,10.51296329498291
17.52440008100166,combined,3,1,leader,STRAIGHT_1,NONE,TRACK,1.512095289512865,0.02426866683822704,0.012095289512864982,1.5630307050894612,-0.010717856581857102,0.02999999999999936,0.3496598221639446,-0.00047390066104307106,2.092095253505162,0,6.162680149078369
17.52440008100166,combined,3,2,follower_1,STRAIGHT_1,NONE,TRACK,1.5193915715653965,0.013905202010207484,0.019391571565396504,1.57277822909398,0.008432217002612862,0.16000000000000014,0.3642865620457946,0.0003565515086109385,2.0993915643707424,0,9.543074607849121
17.52440008100166,combined,3,3,follower_2,STRAIGHT_1,NONE,TRACK,1.5148680450233123,0.03736428633573742,0.014868045023312293,1.5672468846822807,0.0008072059596021679,0.019999999999999574,0.3669652605487657,4.681741843058695e-05,2.094867976866119,0,6.804401874542236
17.72493595099877,combined,3,1,leader,STRAIGHT_1,LONG_OCCLUSION,TRACK,1.51223607186999,0.028511089069682194,0.012236071869990095,1.5627312070066066,-0.01538393324666175,0.08500000000000085,0.349343508997926,-0.0006343047206550169,2.0922360275581116,0,11.940252304077148
17.72493595099877,combined,3,2,follower_1,STRAIGHT_1,LONG_OCCLUSION,TRACK,1.5322035271702705,0.006158146202454192,0.03220352717027053,1.5715554934800517,0.014747483879555167,0.15500000000000114,0.36395616253888313,0.0005975991619313186,2.1122035241511,0,8.718729019165039
17.72493595099877,combined,3,3,follower_2,STRAIGHT_1,LONG_OCCLUSION,TRACK,1.4985440753239883,0.0401923865284208,-0.001455924676011744,1.566474140935384,-0.005933698079819815,0.030000000000001137,0.3658266669459048,-0.00024257520321627313,2.078544009813362,0,5.274982929229736
17.924397225000575,combined,3,1,leader,STRAIGHT_1,LONG_OCCLUSION,TRACK,1.5123722984046757,0.023886730542551696,0.012372298404675686,1.5626203520144935,0.00738175858369003,0.02500000000000213,0.3494035511239789,0.00031300993690041434,2.0923722626509376,0,10.651753425598145
17.924397225000575,combined,3,2,follower_1,STRAIGHT_1,LONG_OCCLUSION,PREDICT,1.5609372023875923,-0.004533343422718907,0.06093720238759226,1.591878865378055,0.015953450143676523,0.3550000000000004,0.20967706575870224,0.0006354857094897264,2.1409372015340957,0,9.382397651672363
17.924397225000575,combined,3,3,follower_2,STRAIGHT_1,LONG_OCCLUSION,TRACK,1.4711749666721858,0.03175120295636001,-0.028825033327814165,1.5604771161105562,0.018164562557928487,0.019999999999999574,0.35041913461267804,0.0007990803682884794,2.0511749295065047,0,8.905570030212402
18.124550823999016,combined,3,1,leader,STRAIGHT_1,LONG_OCCLUSION,TRACK,1.5124334903943242,0.029326329932848966,0.012433490394324176,1.562593280639991,-0.011064045405886626,0.02499999999999858,0.34963208695733633,-0.0004614537441553722,2.092433444123261,0,10.317191123962402
18.124550823999016,combined,3,2,follower_1,STRAIGHT_1,LONG_OCCLUSION,PREDICT,1.5839314366754476,-0.012826943762756168,0.08393143667544756,1.6206350126102227,0.016728730651053788,0.5549999999999997,0.22312056458974064,0.0006598418649542042,2.163931428970211,0,7.601113796234131
18.124550823999016,combined,3,3,follower_2,STRAIGHT_1,LONG_OCCLUSION,TRACK,1.4571492132232264,0.03444780007631804,-0.042850786776773564,1.540770990554825,-0.005827767265090677,0.02499999999999858,0.2984348345028806,-0.0002587865217491226,2.0371491704732585,0,9.886080741882324
18.324230484999134,combined,3,1,leader,STRAIGHT_1,LONG_OCCLUSION,TRACK,1.5124562343352808,0.038356152379931695,0.012456234335280758,1.5626124805433794,-0.01524450353907846,0.029999999999997584,0.34995406404601076,-0.0006113285057671305,2.0924561655462144,0,11.91817569732666
18.324230484999134,combined,3,2,follower_1,STRAIGHT_1,LONG_OCCLUSION,SAFE_STOP,1.6394958665525585,-0.014128963621825774,0.13949586655255852,1.6466551251201476,0.017275387535613702,0.754999999999999,0.0,0.0,2.2194958508130056,0,4.989593029022217
18.324230484999134,combined,3,3,follower_2,STRAIGHT_1,LONG_OCCLUSION,TRACK,1.4198427471851622,0.04175880526095539,-0.08015725281483776,1.524902965549549,-0.009289494524791284,0.02499999999999858,0.25515593853595814,-0.000361371013700206,1.9998426844454371,0,7.449936866760254
18.524363986001845,combined,3,1,leader,STRAIGHT_1,LONG_OCCLUSION,TRACK,1.5124183078955604,0.030386049677919334,0.012418307895560421,1.5625525081713993,0.011217790023323062,0.09499999999999886,0.35005075191647445,0.00047243513687053406,2.092418258227034,0,6.264557838439941
18.524363986001845,combined,3,2,follower_1,STRAIGHT_1,LONG_OCCLUSION,SAFE_STOP,1.71303376552579,-0.015777798018800037,0.2130337655257899,1.7086869747617996,0.02352447387212877,0.9549999999999983,0.0,0.0,2.2930337549491857,0,7.836268901824951
18.524363986001845,combined,3,3,follower_2,STRAIGHT_1,LONG_OCCLUSION,TRACK,1.3813561398481053,0.025188005431127643,-0.11864386015189465,1.5012214525484393,0.03111312391796966,0.014999999999997016,0.19102508728890769,0.0012596158590296787,1.9613561169153144,0,7.103748798370361
18.724514395998995,combined,3,1,leader,STRAIGHT_1,LONG_OCCLUSION,TRACK,1.5123545287757445,0.021371342761151796,0.0123545287757445,1.5625869643060029,0.01626637826750799,0.0400000000000027,0.3503860021399119,0.0006598931108768838,2.092354495811645,0,7.369625091552734
18.724514395998995,combined,3,2,follower_1,STRAIGHT_1,LONG_OCCLUSION,SAFE_STOP,1.7778475230380388,-0.01707524924806371,0.27784752303803883,1.7800126201925865,0.03121891270810828,1.1550000000000011,0.0,0.0,2.3578475119820714,0,9.292346000671387
18.724514395998995,combined,3,3,follower_2,STRAIGHT_1,LONG_OCCLUSION,TRACK,1.3620299355974197,0.01425332046777283,-0.1379700644025803,1.476018171306279,0.03498602346426835,0.030000000000001137,0.11624697862124653,0.001403921554687594,1.9420299280239928,0,8.523542404174805
18.925071780002327,combined,3,1,leader,STRAIGHT_1,NONE,TRACK,1.5122478096608527,0.024750033589686592,0.012247809660852704,1.5625443417550897,-0.01031209243749018,0.03500000000000014,0.35050924475746464,-0.00044108426548189277,2.092247771257606,0,10.481109619140625
18.925071780002327,combined,3,2,follower_1,STRAIGHT_1,NONE,TRACK,1.7877846267804003,-0.08137748480392534,0.2877846267804003,1.8337500493466257,-0.09836608577650226,0.02499999999999858,0.5747344981432245,-0.003387836274974939,2.367784382433079,0,6.929162979125977
18.925071780002327,combined,3,3,follower_2,STRAIGHT_1,NONE,TRACK,1.4191246416256025,0.01809318159104204,-0.08087535837439752,1.4414069850849704,-0.01882528120373874,0.02499999999999858,0.015232716521644436,-0.0008491351963939836,1.9991244758915439,0,6.60877799987793
19.124768883000797,combined,3,1,leader,STRAIGHT_1,NONE,TRACK,1.5120874931706336,0.03147113076885278,0.012087493170633623,1.5625711992149853,-0.015026813123333184,0.02499999999999858,0.3507815363445786,-0.0005998703926977685,2.0920874409285686,0,10.954484939575195
19.124768883000797,combined,3,2,follower_1,STRAIGHT_1,NONE,TRACK,1.739867526195301,0.011149624475173966,0.23986752619530094,1.8283773681701314,-0.1820179576914004,0.02499999999999858,0.5974191605256246,-0.007181837821512554,2.319867521408679,0,8.203580856323242
19.124768883000797,combined,3,3,follower_2,STRAIGHT_1,NONE,TRACK,1.527240359263898,0.0330270902323758,0.027240359263897895,1.4543465808915657,0.005953861126530975,0.030000000000001137,0.02980435988066551,0.0002246760103972559,2.1072402767550504,0,11.682899475097656
19.324761847001355,combined,3,1,leader,STRAIGHT_1,NONE,TRACK,1.5119058987671679,0.02821750455964809,0.011905898767167855,1.5625199964421066,0.004921148023592753,0.04499999999999815,0.35087045860379856,0.0002554163302856175,2.091905853203301,0,6.849308967590332
19.324761847001355,combined,3,2,follower_1,STRAIGHT_1,NONE,TRACK,1.6985637344198554,0.07261821762758904,0.19856373441985542,1.7883762032256687,-0.10185646072095757,0.03999999999999915,0.5673581289877663,-0.003631387363633318,2.2785635413120917,0,10.147624969482422
19.324761847001355,combined,3,3,follower_2,STRAIGHT_1,NONE,TRACK,1.605686804089574,0.034874296062943184,0.10568680408957398,1.5001466540506607,0.006539218687208468,0.09999999999999787,0.13150877065006622,0.00024604254908709434,2.185686445423965,0,8.512544631958008
19.52539115699983,combined,3,1,leader,TURN_HARD,NONE,TRACK,1.5115087854611597,-0.15432938168949092,0.011508785461159743,1.5625353664803783,0.009184417447093852,0.09499999999999886,0.3511727718662878,0.00039199574059313566,2.0914613516367573,0,8.635492324829102
19.52539115699983,combined,3,2,follower_1,TURN_HARD,NONE,PREDICT,1.6924879733571938,0.11667614088420948,0.1924879733571938,1.7526628824048396,-0.08634442881336515,0.28999999999999915,0.29513210875354023,-0.003211198497009824,2.272487475051154,0,10.147624969482422
19.52539115699983,combined,3,3,follower_2,TURN_HARD,NONE,TRACK,1.6133805214093853,0.03626948516022764,0.11338052140938526,1.5979129729376336,-0.0019796234471006367,0.08999999999999986,0.37155090335354535,-0.00010395391127582029,2.193379835191997,0,6.642679214477539
19.724095753001166,combined,3,1,leader,TURN_HARD,NONE,TRACK,1.5113077697949733,-0.42240816099724515,0.011307769794973277,1.5627817534804649,-0.08745377731794571,0.045000000000001705,0.3519631697126593,-0.0036571728265519165,2.090776762166264,0,15.970523834228516
19.724095753001166,combined,3,2,follower_1,TURN_HARD,NONE,TRACK,1.675996964212037,0.14183313613398227,0.17599696421203692,1.7464631544828373,-0.013636007746202787,0.045000000000001705,0.5067647328471059,-0.00041429938504446856,2.2559959315524156,0,12.602949142456055
19.724095753001166,combined,3,3,follower_2,TURN_HARD,NONE,TRACK,1.6021963448829621,0.05028571656845558,0.10219634488296214,1.6432375000346693,-0.05183953015817805,0.0400000000000027,0.48645905881747314,-0.0021031591497127564,2.182195588505895,0,9.501147270202637
19.924576591001824,combined,3,1,leader,TURN_HARD,NONE,TRACK,1.5133132885412757,-0.46064613141708566,0.01331328854127567,1.5607925428472949,-0.31793230174329007,0.045000000000001705,0.34702179597249805,-0.013102609610024202,2.091869859040143,0,11.539583206176758
19.924576591001824,combined,3,2,follower_1,TURN_HARD,NONE,TRACK,1.6515923220780486,0.1496850132556161,0.15159232207804862,1.7170243098567715,0.035509283150534705,0.045000000000001705,0.4715098423959259,0.0014529637732469995,2.2315884702681106,0,7.977851867675781
19.924576591001824,combined,3,3,follower_2,TURN_HARD,NONE,TRACK,1.5922175993809329,0.0425662933299825,0.09221759938093288,1.6485086175081451,-0.00542401546950238,0.03999999999999915,0.5169446635380242,-0.00011247170537218838,2.172217104062333,0,5.837320804595947
20.125164013999893,combined,3,1,leader,TURN_HARD,NONE,TRACK,1.5208545160278455,-0.37883289072562415,0.020854516027845493,1.5483974340567759,-0.33569574760009463,0.03500000000000014,0.3143643627246261,-0.01325101977031527,2.0979965568606023,0,9.580877304077148
20.125164013999893,combined,3,2,follower_1,TURN_HARD,NONE,TRACK,1.6229463171922551,0.16161143825146532,0.12294631719225513,1.6889665816405475,0.008350509024204268,0.09499999999999886,0.4580249784260596,0.000351778892983969,2.202936409786175,0,12.719182968139648
20.125164013999893,combined,3,3,follower_2,TURN_HARD,NONE,TRACK,1.5776818755702098,0.030601428479493265,0.07768187557020978,1.6447735461806432,0.015139696718913643,0.04499999999999815,0.5264665459135802,0.0007032319639222768,2.157681536730004,0,5.908967971801758
20.32519431699984,combined,3,1,leader,TURN_HARD,NONE,TRACK,1.5318620432074266,-0.25405545538353297,0.03186204320742658,1.5453419660615788,-0.29757712051660445,0.16999999999999815,0.3038737784674018,-0.011531370414232568,2.1073385595696768,0,8.571144104003906
20.32519431699984,combined,3,2,follower_1,TURN_HARD,NONE,TRACK,1.5951050403026237,0.1380063308439698,0.09510504030262368,1.6689558050099706,0.06272638967683879,0.03999999999999915,0.44468034253346267,0.0025460506394445245,2.1750903623553386,0,8.117938995361328
20.32519431699984,combined,3,3,follower_2,TURN_HARD,NONE,TRACK,1.5647915195349478,0.02108391581116315,0.06479151953494777,1.6278150509812692,-0.001924391779249501,0.03500000000000014,0.5108626263899566,0.00028041913188597747,2.1447913890887254,0,8.301593780517578
20.52429465000023,combined,3,1,leader,TURN_HARD,NONE,TRACK,1.5488634531898924,-0.14062517025139434,0.04886345318989238,1.5356851819343913,-0.030784682760023878,0.05500000000000327,0.27758512547285097,-0.0007294959500016272,2.122212877639148,0,7.783679962158203
20.52429465000023,combined,3,2,follower_1,TURN_HARD,NONE,TRACK,1.5660678076534702,0.07318302662986391,0.0660678076534702,1.6540389562248445,0.07977571744819853,0.045000000000001705,0.4232451726778211,0.0031825443163577996,2.1460538586500073,0,9.918004989624023
20.52429465000023,combined,3,3,follower_2,TURN_HARD,NONE,TRACK,1.5485166036366427,0.013031069145195246,0.048516603636642675,1.6205458671036486,0.0021504108510288647,0.11500000000000199,0.49518410674485397,0.00010563936656808727,2.1285165970432236,0,7.033219814300537
20.724324244001764,combined,3,1,leader,TURN_HARD,NONE,PREDICT,1.5820368045099724,0.02309736294693253,0.08203680450997242,1.543248782742258,-0.011363097880597898,0.25500000000000256,0.15620780238774576,-0.00011934886621887446,2.1530111645759984,0,7.783679962158203
20.724324244001764,combined,3,2,follower_1,TURN_HARD,NONE,TRACK,1.5309591217445258,0.021722632722328498,0.030959121744525753,1.6267835139094098,0.08555197291532687,0.054999999999999716,0.3794137975528922,0.0033133764142407574,2.1109478043255763,0,9.666536331176758
20.724324244001764,combined,3,3,follower_2,TURN_HARD,NONE,TRACK,1.5278268644166526,0.01807696964751786,0.027826864416652608,1.6079106529255531,-0.02628728925159998,0.054999999999999716,0.4735984813063285,-0.0011062973592851993,2.1078268260784045,0,6.330364227294922
20.924187446998985,combined,3,1,leader,TURN_HARD,NONE,TRACK,1.5972623538696935,0.10914606748126644,0.09726235386969351,1.5468911662616482,0.3102990409776993,0.05999999999999872,0.26972909604044876,0.012384819958870204,2.1658856143146226,0,8.42986011505127
20.924187446998985,combined,3,2,follower_1,TURN_HARD,NONE,TRACK,1.5236305595751696,-0.022153767995659733,0.023630559575169574,1.5960125372346272,0.020385221561860824,0.05000000000000071,0.31934879805250754,0.0006088101529832478,2.103625936073571,0,10.346043586730957
20.924187446998985,combined,3,3,follower_2,TURN_HARD,NONE,TRACK,1.5057148651922174,0.022734040764740424,0.005714865192217422,1.5913954825179766,-0.0006021026103821109,0.05000000000000071,0.4387534054614335,-1.1482640028978949e-06,2.085714825868469,0,9.223806381225586
21.12428421000004,combined,3,1,leader,TURN_HARD,NONE,TRACK,1.6120194643643753,0.18329282277520212,0.11201946436437527,1.5500242228083632,0.5053453479273745,0.054999999999999716,0.27700242509825046,0.020255495256177307,2.177762821508175,0,15.034788131713867
21.12428421000004,combined,3,2,follower_1,TURN_HARD,NONE,TRACK,1.523342641251931,-0.043709410779780515,0.023342641251931084,1.5773641447862348,-0.05184149373070797,0.054999999999999716,0.2838746283400526,-0.0023515231978286154,2.1033425609084104,0,12.381281852722168
21.12428421000004,combined,3,3,follower_2,TURN_HARD,NONE,TRACK,1.484385783358123,0.03319306454321306,-0.015614216641876899,1.573574820049594,-0.008370470860756835,0.05000000000000071,0.3967233660764528,-0.0003302799815106113,2.064385730641017,0,9.685226440429688
21.32564275900222,combined,3,1,leader,TURN_HARD,NONE,TRACK,1.6228459402618887,0.25169090009636425,0.12284594026188866,1.5548241049407072,0.6566391039284433,0.10999999999999943,0.2898123036264182,0.026091431839087385,2.1858923123574163,0,10.339573860168457
21.32564275900222,combined,3,2,follower_1,TURN_HARD,NONE,TRACK,1.5251649042192672,-0.05681763405759394,0.025164904219267203,1.571815151661959,-0.07581244360702452,0.04499999999999815,0.27949087951998197,-0.0032116842809013285,2.105160471201169,0,9.742033004760742
21.32564275900222,combined,3,3,follower_2,TURN_HARD,NONE,TRACK,1.4744290766090258,0.041030444636417765,-0.02557092339097422,1.5485095531576165,0.0036620682025185983,0.04499999999999815,0.3319231994719995,0.00015440575289568006,2.0544288742031944,0,8.21774959564209
21.524423221999314,combined,3,1,leader,TURN_HARD,NONE,TRACK,1.6326117720352415,0.3230841956794448,0.13261177203524155,1.5575691701125118,0.8044157777116002,0.06500000000000128,0.2977444375733619,0.03189159680752451,2.1925217653056026,0,6.18327522277832
21.524423221999314,combined,3,2,follower_1,TURN_HARD,NONE,TRACK,1.5282550935681525,-0.06941685973358656,0.02825509356815248,1.56958987683359,-0.07879260945043498,0.125,0.2807965439648158,-0.0031907342116850724,2.108230613391429,0,9.923369407653809
21.524423221999314,combined,3,3,follower_2,TURN_HARD,NONE,TRACK,1.470527633919228,0.05456705078129787,-0.029472366080772083,1.5438738513038908,-0.014129259723220306,0.125,0.31751172808521755,-0.000592042992282277,2.050527093492508,0,9.362218856811523
21.724266338002053,combined,3,1,leader,TURN_HARD,NONE,TRACK,1.6391033281243887,0.3856321675343115,0.13910332812438875,1.5618471757395773,0.9595749830485496,0.07000000000000028,0.31000545259313145,0.03784099713766589,2.1958301974487244,0,11.108634948730469
21.724266338002053,combined,3,2,follower_1,TURN_HARD,NONE,TRACK,1.5315685838597852,-0.08248773329078647,0.031568583859785226,1.5713381692542328,-0.08108148949557867,0.06500000000000128,0.2917950693833715,-0.0032254988296924834,2.1115023101947012,0,10.22785472869873
21.724266338002053,combined,3,3,follower_2,TURN_HARD,NONE,TRACK,1.4752770263206225,0.05660403140469643,-0.02472297367937748,1.5292325844921113,-0.0036140819579733594,0.06500000000000128,0.2761687933852696,-0.0001415414039818108,2.0552761359219445,0,6.400178909301758
21.92430596700069,combined,3,1,leader,TURN_HARD,NONE,TRACK,1.6437886781767275,0.4482847272406237,0.14378867817672747,1.563171921512593,1.0760262338573772,0.129999999999999,0.31575378025392276,0.042215670276925826,2.1971486636524653,0,12.492779731750488
21.92430596700069,combined,3,2,follower_1,TURN_HARD,NONE,TRACK,1.534848635202547,-0.09480345077437598,0.034848635202546996,1.571949515513588,-0.048665786518665474,0.125,0.29981338737039814,-0.0018600155804427366,2.1147102449113278,0,11.917635917663574
21.92430596700069,combined,3,3,follower_2,TURN_HARD,NONE,TRACK,1.4829179734361588,0.057418326647746695,-0.01708202656384117,1.5279115599417366,0.003020238995766523,0.06500000000000128,0.2663918512805344,0.00011512171992877183,2.06291677475403,0,8.04222583770752
22.125651753001875,combined,3,1,leader,TURN_HARD,NONE,TRACK,1.646406229351475,0.5048238453704799,0.14640622935147496,1.566200869735186,1.2186128319186385,0.05999999999999872,0.32590314714510166,0.047659410925302736,2.196486630935571,0,17.888324737548828
22.125651753001875,combined,3,2,follower_1,TURN_HARD,NONE,TRACK,1.536107381069661,-0.0831523208000068,0.03610738106966105,1.5764705389760911,-0.07042098049109465,0.05999999999999872,0.31716394370535733,-0.0027606140172331366,2.115866761016345,0,10.124760627746582
22.125651753001875,combined,3,3,follower_2,TURN_HARD,NONE,TRACK,1.4923126440358447,0.048556429861821654,-0.0076873559641552625,1.5306922758097707,0.00692610010033248,0.05999999999999872,0.26719356895525304,0.0003005814017726616,2.0723110149408077,0,8.179252624511719
22.32414059599978,combined,3,1,leader,TURN_HARD,NONE,TRACK,1.6478129396332157,0.5235107799013908,0.14781293963321573,1.5665364328507123,1.3950533247106345,0.004999999999999005,0.32942482514484156,0.05446984793531416,2.1942965844073425,0,15.709660530090332
22.32414059599978,combined,3,2,follower_1,TURN_HARD,NONE,TRACK,1.536579359839518,-0.08008064885946553,0.0365793598395181,1.5782751749397061,-0.03549290015041759,0.004999999999999005,0.32813485487262806,-0.0012806389572342202,2.116175928571022,0,12.661539077758789
22.32414059599978,combined,3,3,follower_2,TURN_HARD,NONE,TRACK,1.5003487971508023,0.030667283657417714,0.00034879715080227136,1.5407075380999364,0.020079575784496328,0.004999999999999005,0.2878758787308518,0.0008080614155546042,2.0803470302365716,0,7.815633773803711
22.524532560000807,combined,3,1,leader,TURN_HARD,NONE,TRACK,1.64809325326619,0.5508663585659972,0.14809325326619005,1.5660636202508529,1.4865085804025469,0.07000000000000028,0.3307827359553377,0.05782223299459894,2.191276778641977,0,17.649717330932617
22.524532560000807,combined,3,2,follower_1,TURN_HARD,NONE,TRACK,1.5361672982666779,-0.07416098589722682,0.03616729826667786,1.576812133743394,-0.007014784196136316,0.13000000000000256,0.33062549449547973,-0.0001600449946696449,2.115573368827136,0,12.886631965637207
22.524532560000807,combined,3,3,follower_2,TURN_HARD,NONE,TRACK,1.506607340486407,0.01775611297247731,0.006607340486407098,1.545883663616311,0.01911562211055249,0.07000000000000028,0.2979502424304524,0.0007472566457006711,2.0866057296099383,0,11.2891845703125
22.72495751400129,combined,3,1,leader,TURN_HARD,NONE,TRACK,1.6473411008069783,0.6031361033475672,0.14734110080697826,1.5659990623397362,1.558779914671738,0.010000000000001563,0.33319657362685573,0.0605215355049974,2.186931357178165,0,8.096834182739258
22.72495751400129,combined,3,2,follower_1,TURN_HARD,NONE,TRACK,1.5354275168373501,-0.061653870958561466,0.035427516837350126,1.5774356708615664,0.03250024830993491,0.005000000000002558,0.33782458278966937,0.0014414043728274582,2.114582932245111,0,9.605820655822754
22.72495751400129,combined,3,3,follower_2,TURN_HARD,NONE,TRACK,1.5116791864482884,0.011130253592368425,0.011679186448288359,1.5511322541256811,-0.00694134404705297,0.07000000000000028,0.30948637151404307,-0.0003229104595059402,2.0916780056167963,0,5.610958099365234
22.924379741001758,combined,3,1,leader,TURN_HARD,NONE,TRACK,1.6463227458873158,0.6787310310634878,0.14632274588731575,1.5648544275122405,1.603944930311684,0.08000000000000185,0.3325591041740915,0.06205525124724556,2.182475475165332,0,6.593316078186035
22.924379741001758,combined,3,2,follower_1,TURN_HARD,NONE,TRACK,1.5346209553681052,-0.04148976395739169,0.034620955368105166,1.5746169100675909,0.06356543566217313,0.010000000000001563,0.33631435635761436,0.002652665712890499,2.113494494405874,0,9.816642761230469
22.924379741001758,combined,3,3,follower_2,TURN_HARD,NONE,TRACK,1.513273896648581,0.012295415900802523,0.01327389664858103,1.55860483023408,-0.025406569190285454,0.010000000000001563,0.32782753141619586,-0.001062617101065541,2.0932732226414523,0,7.07266902923584
23.12409619200116,combined,3,1,leader,TURN_HARD,NONE,TRACK,1.6455767574822706,0.7512216337067262,0.1455767574822706,1.5616977864597696,1.7289441113110342,0.015000000000000568,0.3263319840940167,0.06704396759812788,2.1782827342352933,0,9.788243293762207
23.12409619200116,combined,3,2,follower_1,TURN_HARD,NONE,PREDICT,1.553861668358157,-0.005146785693468671,0.05386166835815698,1.5716892771574427,0.07308173581317338,0.21000000000000085,0.18360422761119366,0.002951629099327878,2.132394796254815,0,9.816642761230469
23.12409619200116,combined,3,3,follower_2,TURN_HARD,NONE,TRACK,1.492025111780258,0.011839863202677648,-0.007974888219741905,1.5626059200098665,-0.015738102910857952,0.015000000000000568,0.33815939201909445,-0.0006233385827995019,2.072024802516117,0,5.974216938018799
23.32421480300036,combined,3,1,leader,TURN_HARD,NONE,TRACK,1.6491713182753351,0.8239337648077476,0.14917131827533514,1.5545566192910716,1.7968105685055973,0.0849999999999973,0.30969042469426283,0.06953373474087626,2.178321866587797,0,5.5614471435546875
23.32421480300036,combined,3,2,follower_1,TURN_HARD,NONE,TRACK,1.548714951735614,0.005304731800565469,0.04871495173561402,1.5857240469365954,0.13111513619221532,0.07499999999999929,0.3360776561439614,0.0051731236909218405,2.126832380772586,0,13.066234588623047
23.32421480300036,combined,3,3,follower_2,TURN_HARD,NONE,TRACK,1.49433475643862,0.011750324438510514,-0.0056652435613799845,1.5523830171369557,-0.024461200948899676,0.019999999999999574,0.3129080653016371,-0.0009759670133415359,2.0743347419804805,0,5.5711870193481445
23.524239517999376,combined,3,1,leader,TURN_HARD,NONE,TRACK,1.6570480486197678,0.8860999320320302,0.15704804861976784,1.5438616935470564,1.9316114890170664,0.08000000000000185,0.28200033986011463,0.07487704784943244,2.182531360121639,0,9.759944915771484
23.524239517999376,combined,3,2,follower_1,TURN_HARD,NONE,TRACK,1.5413550641440645,-0.023997516739901182,0.041355064144064535,1.5727949074708247,0.19107793254196326,0.015000000000000568,0.31423101504030054,0.007493548968517695,2.118962566475395,0,9.807790756225586
23.524239517999376,combined,3,3,follower_2,TURN_HARD,NONE,TRACK,1.496453191281509,0.0023194932098859933,-0.0035468087184908903,1.5484187192410988,-0.018356027285100208,0.015000000000000568,0.30281757543295046,-0.0007173327812813023,2.076452831616582,0,6.960247039794922
23.725639642001624,combined,3,1,leader,TURN_HARD,NONE,TRACK,1.6663992605264488,0.9429528279278158,0.16639926052644882,1.5375093261101551,2.0170493561900256,0.060000000000002274,0.26308834731408715,0.07793997249594818,2.188380901388138,0,15.376640319824219
23.725639642001624,combined,3,2,follower_1,TURN_HARD,NONE,TRACK,1.5358549165189979,-0.035830681957613866,0.03585491651899786,1.5620447497909102,0.18329116866445785,0.010000000000001563,0.29359376653163105,0.007065958238753498,2.1129009675984882,0,10.678104400634766
23.725639642001624,combined,3,3,follower_2,TURN_HARD,NONE,TRACK,1.4946379035857218,-0.0019191651444939832,-0.005362096414278206,1.5488337769750202,-0.014524546735695705,0.010000000000001563,0.3023423820497609,-0.000603996680403541,2.0746364560227044,0,8.365306854248047
23.92424326100081,combined,3,1,leader,TURN_HARD,NONE,TRACK,1.6755989234098725,1.003912274767538,0.1755989234098725,1.53779904549625,2.0681198223586623,0.02499999999999858,0.2618759637625158,0.08015655177758749,2.193988154855853,0,7.676385879516602
23.92424326100081,combined,3,2,follower_1,TURN_HARD,NONE,TRACK,1.5333904239773108,-0.02399896494223871,0.033390423977310846,1.5527518841825456,0.18298880282306573,0.019999999999999574,0.2728138580121188,0.00705104293518522,2.109789485468156,0,11.52244758605957
23.92424326100081,combined,3,3,follower_2,TURN_HARD,NONE,TRACK,1.4900350928103747,-0.001852597930770804,-0.009964907189625283,1.5482485407808606,-0.015386481718693924,0.019999999999999574,0.29924290410102805,-0.0006211451151078324,2.0700318533079898,0,5.5247979164123535
24.124077289001434,combined,3,1,leader,TURN_HARD,NONE,TRACK,1.6893517648604504,1.0486165966029517,0.18935176486045036,1.5306945439902826,2.150652087385411,0.08500000000000085,0.24156591743159664,0.083323502760798,2.2041242289061556,0,12.014225006103516
24.124077289001434,combined,3,2,follower_1,TURN_HARD,NONE,TRACK,1.5315956973235607,-0.04280676692276915,0.03159569732356071,1.5418672670764926,0.21725925697893356,0.019999999999999574,0.24790558233383594,0.008484955523727349,2.107240236886839,0,11.09594440460205
24.124077289001434,combined,3,3,follower_2,TURN_HARD,NONE,TRACK,1.4815408537101267,0.001683816373821409,-0.01845914628987333,1.5452350314097887,-0.018765499238667136,0.019999999999999574,0.2896611893674417,-0.0007343316617937302,2.061534589227448,0,9.61166000366211
24.32420251000076,combined,3,1,leader,TURN_HARD,NONE,TRACK,1.7046508398784166,1.0880940056537625,0.2046508398784166,1.5249510149897278,2.2258029664169134,0.029999999999997584,0.22293921933508057,0.08629477358179861,2.2157907596219717,0,6.699942111968994
24.32420251000076,combined,3,2,follower_1,TURN_HARD,NONE,TRACK,1.5322453320294886,-0.07022466654258767,0.03224533202948865,1.5328100417164057,0.24380383034650463,0.029999999999997584,0.2242570290666192,0.00953729986664035,2.107040415820328,0,10.299072265625
24.32420251000076,combined,3,3,follower_2,TURN_HARD,NONE,TRACK,1.4720745695885489,0.006657238626116738,-0.027925430411451124,1.5392712157976225,-0.022114290996516548,0.014999999999997016,0.2716936096206321,-0.000854299940982043,2.052063745206187,0,6.190234184265137
24.524806252000417,combined,3,1,leader,TURN_HARD,NONE,TRACK,1.7232473730952595,1.1430712683644393,0.22324737309525955,1.5260836297719917,2.2487601141812465,0.09500000000000242,0.22148633677107096,0.08710403035066983,2.2302975917157255,0,8.451262474060059
24.524806252000417,combined,3,2,follower_1,TURN_HARD,NONE,TRACK,1.5355578169126192,-0.09225124980632335,0.03555781691261917,1.5255523335247874,0.2454676248333248,0.02500000000000213,0.20299580419009308,0.009549282420925386,2.109285849685826,0,5.599201202392578
24.524806252000417,combined,3,3,follower_2,TURN_HARD,NONE,TRACK,1.461607104421559,0.016200584552760994,-0.038392895578440944,1.530997242282434,-0.025675599604627168,0.02500000000000213,0.2468181280604633,-0.0010001879197020851,2.0415899593273092,0,8.878157615661621
24.724610486999154,combined,3,1,leader,TURN_HARD,NONE,TRACK,1.73566628646879,1.2015980208095367,0.23566628646878995,1.5355209170644792,2.2834096661695233,0.030000000000001137,0.237316184905885,0.08844037651648656,2.239417530687526,0,14.81343936920166
24.724610486999154,combined,3,2,follower_1,TURN_HARD,NONE,TRACK,1.5423484098193458,-0.04760808205709671,0.042348409819345845,1.5230137368510877,0.231158663429799,0.08000000000000185,0.19289121631811845,0.008929795233284792,2.1151980741456042,0,12.209745407104492
24.724610486999154,combined,3,3,follower_2,TURN_HARD,NONE,TRACK,1.4548261305294887,0.022750778736617412,-0.045173869470511274,1.5269140623722326,-0.03338915165954835,0.08000000000000185,0.23238512413300258,-0.0013145160500408275,2.034803462351769,0,10.778910636901855
24.92448260600213,combined,3,1,leader,TURN_HARD,NONE,TRACK,1.7420030464371372,1.2949698852020952,0.24200304643713721,1.5479772015631412,2.3302330433859595,0.030000000000001137,0.26028099812298966,0.09029421025021268,2.242080232219594,0,12.668532371520996
24.92448260600213,combined,3,2,follower_1,TURN_HARD,NONE,TRACK,1.5591524973343587,0.04468195124308282,0.05915249733435868,1.5178834217088222,0.26621331355391076,0.030000000000001137,0.175493415864789,0.010438608154902447,2.13098075382882,0,10.750983238220215
24.92448260600213,combined,3,3,follower_2,TURN_HARD,NONE,TRACK,1.448742197792215,0.011014441958185588,-0.051257802207784975,1.5205375782770785,0.0015494121800581427,0.08999999999999986,0.21115856742892014,0.00013079594588517,2.0287100184440283,0,8.613723754882812
25.12432500399882,combined,3,1,leader,TURN_HARD,NONE,TRACK,1.7452151112946348,1.3666453153404592,0.2452151112946348,1.5514912940759202,2.431997853894797,0.03500000000000014,0.2687909316924236,0.09420745723965249,2.2417544910373413,0,8.267668724060059
25.12432500399882,combined,3,2,follower_1,TURN_HARD,NONE,TRACK,1.5755244260578656,0.09511166000027846,0.07552442605786558,1.5227824277242306,0.4010978134007918,0.029999999999997584,0.18382053373048401,0.016038786836189887,2.1462748626511945,0,5.842822074890137
25.12432500399882,combined,3,3,follower_2,TURN_HARD,NONE,TRACK,1.4479974516941416,-0.013162706084560431,-0.052002548305858376,1.5135872088430806,0.01128736098974964,0.02499999999999858,0.18864137843572734,0.0004861484492900578,2.0279479247968437,0,8.489971160888672
25.325653415002307,combined,3,1,leader,TURN_HARD,NONE,TRACK,1.7477431288060168,1.4023637795395,0.2477431288060168,1.5512319638976109,2.5039949101194257,0.09499999999999886,0.26920240451222793,0.09693876446572268,2.240782015464213,0,10.174246788024902
25.325653415002307,combined,3,2,follower_1,TURN_HARD,NONE,TRACK,1.5879501041727127,0.0390061363067584,0.08795010417271265,1.5316191833281523,0.6302329432010862,0.03500000000000014,0.20285211574692968,0.025321349036640475,2.157503898889117,0,8.60964298248291
25.325653415002307,combined,3,3,follower_2,TURN_HARD,NONE,TRACK,1.4532973323785567,-0.04110470889118112,-0.04670266762144326,1.5115052446340915,-0.00182059126101424,0.03500000000000014,0.17763788727632776,-7.852924671311465e-05,2.0332139473207245,0,9.210148811340332
25.524197994000133,combined,3,1,leader,TURN_HARD,NONE,TRACK,1.7449695895270179,1.5760427596396254,0.24496958952701786,1.5507223077934134,2.5687638566674544,0.03500000000000014,0.2689284400407994,0.09939860435824312,2.239312402436116,0,13.002908706665039
25.524197994000133,combined,3,2,follower_1,TURN_HARD,NONE,TRACK,1.5959542577976737,-0.0670830275502145,0.09595425779767375,1.5413533592521822,0.7835617593823266,0.030000000000001137,0.22557230433098116,0.031091790688548657,2.164238506153763,0,10.155454635620117
25.524197994000133,combined,3,3,follower_2,TURN_HARD,NONE,TRACK,1.4639560572440822,-0.05757215192796794,-0.036043942755917824,1.5122322247072977,-0.016858338219159212,0.03500000000000014,0.17362585761564708,-0.0006933449882477355,2.043821159060973,0,7.995931148529053
25.724549754999316,combined,3,1,leader,STRAIGHT_2,NONE,TRACK,1.7367960087758598,1.7876914236872488,0.23679600877585982,1.5533461929249228,2.704126406680265,0.03999999999999915,0.27649751672363176,0.10482862747310301,2.23611069164942,0,6.771238803863525
25.724549754999316,combined,3,2,follower_1,STRAIGHT_2,NONE,TRACK,1.604455678272266,-0.1543465662653155,0.1044556782722661,1.5453394681095596,0.8193268043243224,0.10000000000000142,0.23608580654773623,0.032224616374433614,2.171422279294695,0,14.96143627166748
25.724549754999316,combined,3,3,follower_2,STRAIGHT_2,NONE,TRACK,1.4758593295416558,-0.048250231593285994,-0.024140670458344227,1.5150564494673004,-0.045955653226348196,0.02500000000000213,0.17491126628193462,-0.0019083919819343328,2.055658906577318,0,7.761606216430664
25.924198390999663,combined,3,1,leader,STRAIGHT_2,NONE,TRACK,1.7258395464733565,1.854202344078307,0.22583954647335647,1.5633980472074158,2.921535103566453,0.03500000000000014,0.30325898738412344,0.11347895741821674,2.2301910812120993,0,16.923248291015625
25.924198390999663,combined,3,2,follower_1,STRAIGHT_2,NONE,TRACK,1.6137847273048285,0.052424459416150905,0.11378472730482847,1.5505954771069377,0.4437667442340492,0.03500000000000014,0.2498386983265128,0.016704094728043337,2.1791953453658515,0,8.545625686645508
25.924198390999663,combined,3,3,follower_2,STRAIGHT_2,NONE,TRACK,1.4890923485386944,0.00954941623285653,-0.010907651461305568,1.5207324996972609,-0.03796933155046726,0.030000000000001137,0.18411159509650094,-0.0015199365983189922,2.0688601002926204,0,9.93336296081543
26.124371259000327,combined,3,1,leader,STRAIGHT_2,NONE,TRACK,1.7176517771976463,1.7944745704417362,0.21765177719764628,1.558218361749201,3.056359944313548,0.04499999999999815,0.2930456406955033,0.11853079406001667,2.2266834506482955,0,7.439663887023926
26.124371259000327,combined,3,2,follower_1,STRAIGHT_2,NONE,TRACK,1.6326518454033523,0.3397903694949404,0.1326518454033523,1.5514778066764117,0.30872644741881156,0.1750000000000007,0.25400364682735493,0.011430725058288505,2.1963436024636476,0,8.545625686645508
26.124371259000327,combined,3,3,follower_2,STRAIGHT_2,NONE,TRACK,1.4866442680467227,0.0192326635815976,-0.013355731953277328,1.5314645921268601,0.04237956882873432,0.03500000000000014,0.2068155991462472,0.0018341812905744504,2.0663906638926655,0,5.438392162322998
26.324361980001413,combined,3,1,leader,STRAIGHT_2,NONE,PREDICT,1.7188277010403001,1.6843854119345725,0.21882770104030014,1.5568138193916627,3.1008844153279695,0.24499999999999744,0.16051847883037773,0.11992957157045546,2.232135633320093,0,6.282628059387207
26.324361980001413,combined,3,2,follower_1,STRAIGHT_2,NONE,PREDICT,1.6466160808058101,0.4810062646902224,0.14661608080581012,1.5653690371897864,0.28605105293424193,0.375,0.1461961560200479,0.01071835653098876,2.20844646410285,0,8.545625686645508
26.324361980001413,combined,3,3,follower_2,STRAIGHT_2,NONE,TRACK,1.4794137228601392,0.00842637582450176,-0.02058627713986083,1.536763507749431,0.06830741084949293,0.04499999999999815,0.21833166484373545,0.0028107642085966524,2.05912352180928,0,5.793007850646973
26.52425788799883,combined,3,1,leader,STRAIGHT_2,NONE,TRACK,1.7164691374362444,1.654763760206353,0.2164691374362444,1.5542754557867131,2.8696618149025177,0.05000000000000071,0.27698746748562636,0.1105729159968374,2.234140947801269,0,13.680442810058594
26.52425788799883,combined,3,2,follower_1,STRAIGHT_2,NONE,TRACK,1.6425534251652196,0.41036196633960814,0.14255342516521963,1.5823478735667105,1.0216026127524962,0.045000000000001705,0.28923565699348175,0.038948016098024944,2.2026844384244555,0,8.725120544433594
26.52425788799883,combined,3,3,follower_2,STRAIGHT_2,NONE,TRACK,1.4968348056025464,-0.002750272807324499,-0.0031651943974535524,1.5311791607403897,0.035673435432909864,0.0400000000000027,0.2034726778007555,0.0013822008767420224,2.0764291169020415,0,11.586325645446777
26.724329442000453,combined,3,1,leader,STRAIGHT_2,NONE,TRACK,1.7124618192952163,1.6423316803668053,0.21246181929521635,1.5584322789407021,2.819821109658561,0.045000000000001705,0.28950100772578474,0.10845077352061913,2.2339750126186217,0,12.588651657104492
26.724329442000453,combined,3,2,follower_1,STRAIGHT_2,NONE,TRACK,1.641576643022271,0.4062565751175994,0.1415766430222709,1.5781120108365743,1.0423558991824107,0.045000000000001705,0.28813020659371835,0.0399362057841568,2.2002557480133595,0,5.900886058807373
26.724329442000453,combined,3,3,follower_2,STRAIGHT_2,NONE,TRACK,1.511404471034353,-0.023525966281190032,0.011404471034353048,1.5352043213550972,0.09033004604277979,0.03999999999999915,0.21290268417862226,0.003710101478469661,2.0908742353519347,0,11.233992576599121
26.92430476899972,combined,3,1,leader,STRAIGHT_2,NONE,TRACK,1.7051039257210656,1.612845773885795,0.20510392572106562,1.566519549087692,2.7993310725317913,0.05000000000000071,0.31226489357613263,0.107610683614264,2.230279997064511,0,15.363966941833496
26.92430476899972,combined,3,2,follower_1,STRAIGHT_2,NONE,TRACK,1.6449983176672922,0.4797967087386815,0.1449983176672922,1.572581415102713,1.0457652819896148,0.04499999999999815,0.2828770954902412,0.040167245516883346,2.202331340795082,0,13.199321746826172
26.92430476899972,combined,3,3,follower_2,STRAIGHT_2,NONE,TRACK,1.5203504948740139,-0.05634667897404148,0.020350494874013858,1.5444206433640635,0.12376763774984022,0.03999999999999915,0.23449701830008549,0.004969109233849088,2.099679597021214,0,9.216981887817383
27.124265488000674,combined,3,1,leader,STRAIGHT_2,NONE,TRACK,1.695198222942221,1.5752978916691163,0.1951982229422209,1.5698752002750747,2.7423591916814685,0.054999999999999716,0.324283797219774,0.1051537856833703,2.224031851545467,0,8.189709663391113
27.124265488000674,combined,3,2,follower_1,STRAIGHT_2,NONE,TRACK,1.6503626896314174,0.5965360338098132,0.1503626896314174,1.5687049548712215,1.0610363564406513,0.17999999999999972,0.28046247264148544,0.040825447774320026,2.206403848249699,0,12.369772911071777
27.124265488000674,combined,3,3,follower_2,STRAIGHT_2,NONE,TRACK,1.5251012305653615,-0.06405446299643534,0.02510123056536151,1.5550771387922817,0.14003297565302658,0.05000000000000071,0.2608455487912178,0.0055304085368324245,2.104257410639594,0,7.46907901763916
27.324259748998884,combined,3,1,leader,STRAIGHT_2,NONE,TRACK,1.6839541715946809,1.5126033506070633,0.18395417159468086,1.5739629666520962,2.7326187441501593,0.054999999999999716,0.339067680518694,0.10476097940121304,2.2161708697699907,0,10.941102027893066
27.324259748998884,combined,3,2,follower_1,STRAIGHT_2,NONE,TRACK,1.6545551347149559,0.6793130334424563,0.15455513471495586,1.5736665072406806,1.2516513888291583,0.054999999999999716,0.29936836065317973,0.04855723511580024,2.209425595271803,0,7.5500030517578125
27.324259748998884,combined,3,3,follower_2,STRAIGHT_2,NONE,TRACK,1.5297094843247958,-0.009189252539655652,0.02970948432479581,1.5608929924989767,0.03461168089613503,0.04499999999999815,0.27775215974187917,0.0010885844937636184,2.108650035586254,0,5.769979953765869
27.524384653999732,combined,3,1,leader,STRAIGHT_2,NONE,TRACK,1.6468954871128643,0.932185003421943,0.14689548711286426,1.5751100826018034,2.6946957045155333,0.060000000000002274,0.346278066737711,0.10324949388270227,2.181596822499619,0,14.720787048339844
27.524384653999732,combined,3,2,follower_1,STRAIGHT_2,NONE,TRACK,1.656919592357046,0.7420033934880494,0.1569195923570459,1.5742497153247645,1.3734399233585866,0.11500000000000199,0.3073237743106203,0.05335458810484554,2.210678795593072,0,13.109682083129883
27.524384653999732,combined,3,3,follower_2,STRAIGHT_2,NONE,TRACK,1.5356272901383057,0.04963316661673987,0.03562729013830568,1.562035847248833,0.042739184109423824,0.05000000000000071,0.28459551849650877,0.0015648615977565453,2.1143120971882174,0,10.42754077911377
27.724289824000152,combined,3,1,leader,STOPPED,NONE,TRACK,1.5850614425067648,-0.1766686775233532,0.08506144250676484,1.568531157862394,2.4435723668451543,0.054999999999999716,0.33366346071009634,0.09263570372588753,2.120008761421039,0,7.393465042114258
27.724289824000152,combined,3,2,follower_1,STOPPED,NONE,TRACK,1.651009869137486,0.7328109258229187,0.15100986913748593,1.5799118106186216,1.479970540595666,0.054999999999999716,0.32779140768520787,0.05747650010625974,2.204250592762488,0,6.159749984741211
27.724289824000152,combined,3,3,follower_2,STOPPED,NONE,TRACK,1.5423733822546621,0.08347387356074304,0.04237338225466214,1.5626118912940088,0.13827747459793988,0.045000000000001705,0.29003241322457296,0.005571775096846224,2.120768500706175,0,5.96638298034668
27.924315997999656,combined,3,1,leader,STOPPED,NONE,TRACK,1.5380279226682783,-0.7064427614770389,0.03802792266827826,1.5374677735661237,1.2127920488420967,0.054999999999999716,0.25775063720146424,0.042319172347963764,2.073085503149192,0,13.424738883972168
27.924315997999656,combined,3,2,follower_1,STOPPED,NONE,PREDICT,1.6402952306481662,0.4996877075333347,0.14029523064816618,1.5778824948657977,1.507691458972602,0.254999999999999,0.17933656911241916,0.058347378441497184,2.19382121525835,0,16.239023208618164
27.924315997999656,combined,3,3,follower_2,STOPPED,NONE,TRACK,1.5343149311480786,0.07695239088166883,0.0343149311480786,1.5639770241847284,0.17161897754495758,0.054999999999999716,0.2975546951926924,0.00682729924780336,2.1123509128183966,0,9.34333610534668
28.124237992000417,combined,3,1,leader,STOPPED,NONE,TRACK,1.5178820233475852,-0.9068581344847482,0.017882023347585152,1.4967185265363308,0.4868532622549203,0.054999999999999716,0.14723275394818294,0.014128437586437052,2.052980640825885,0,7.972901821136475
28.124237992000417,combined,3,2,follower_1,STOPPED,NONE,TRACK,1.6003460601865431,0.11769138919094488,0.10034606018654313,1.5799111163673232,1.3737869736058526,0.054999999999999716,0.3201476312684551,0.05265861720143784,2.154129022614715,0,13.463190078735352
28.124237992000417,combined,3,3,follower_2,STOPPED,NONE,TRACK,1.538388188670608,0.14366234181935286,0.03838818867060789,1.5586007929699603,0.17873261075910427,0.054999999999999716,0.28690101843524524,0.007035258194160999,2.11617515594587,0,9.284910202026367
28.32414254499963,combined,3,1,leader,STOPPED,NONE,TRACK,1.5140049005821605,-1.0024799411527903,0.014004900582160529,1.4602819315430469,0.22890833067938848,0.129999999999999,0.0416896319381458,0.005529237055987484,2.049106656806027,0,7.099367141723633
28.32414254499963,combined,3,2,follower_1,STOPPED,NONE,TRACK,1.5456042403303012,-0.4141425898189515,0.04560424033030119,1.5592013041048756,1.0455784289346237,0.054999999999999716,0.27494416151250634,0.03900972942385625,2.099401891146561,0,11.640705108642578
28.32414254499963,combined,3,3,follower_2,STOPPED,NONE,TRACK,1.5318880592935231,0.16204943589448148,0.03188805929352312,1.5561364509975857,0.24777266146728924,0.054999999999999716,0.2831305407045757,0.00986234164253457,2.1094857712572295,0,8.225028991699219
28.524561977999838,combined,3,1,leader,STOPPED,NONE,TRACK,1.5140082258513374,-1.0513249428965605,0.01400822585133743,1.4267454486951743,0.16311748140244595,0.005000000000002558,0.0,0.004227747732340497,2.0491063686140722,0,10.304802894592285
28.524561977999838,combined,3,2,follower_1,STOPPED,NONE,TRACK,1.5138998516299251,-0.6482811602033318,0.01389985162992513,1.5262552642007523,0.5633882531810612,0.06500000000000128,0.1942300045289139,0.019672192345344248,2.0676422862552264,0,13.00941276550293
28.524561977999838,combined,3,3,follower_2,STOPPED,NONE,TRACK,1.5114962023666132,0.11322466550257858,0.011496202366613195,1.5528807285444888,0.3287539799958013,0.060000000000002274,0.27696147145636957,0.01302221827412901,2.089054415404456,0,6.3428521156311035
28.725296782999067,combined,3,1,leader,STOPPED,NONE,TRACK,1.5140104021720493,-1.0815627761848725,0.014010402172049297,1.4307194379990942,0.09645646048877335,0.004999999999999005,0.0,0.0024108599763139945,2.0491062205985204,0,6.770162105560303
28.725296782999067,combined,3,2,follower_1,STOPPED,NONE,TRACK,1.4921954134078879,-0.7660289868215335,-0.007804586592112139,1.4968610834865492,0.26180655021517213,0.06500000000000128,0.11696152206437643,0.008196714937387016,2.045906291549143,0,6.0344109535217285
28.725296782999067,combined,3,3,follower_2,STOPPED,NONE,TRACK,1.4858393811746733,0.061554484273208906,-0.01416061882532671,1.542752119856497,0.2841639003710683,0.05999999999999872,0.2537374477223158,0.011066442535047342,2.063399313666554,0,6.625669956207275
28.9252849120021,combined,3,1,leader,STOPPED,NONE,TRACK,1.5140121717893125,-1.1063478242397968,0.014012171789312466,1.4326666944000157,0.06679270006968525,0.004999999999999005,0.0,0.0017785185244417584,2.049106035393322,0,12.738775253295898
28.9252849120021,combined,3,2,follower_1,STOPPED,NONE,TRACK,1.4879557003565858,-0.7993766035150882,-0.012044299643414247,1.469519796398635,0.0993866633673317,0.06500000000000128,0.04309683288628628,0.0023718124604838477,2.0416226698356943,0,11.376309394836426
28.9252849120021,combined,3,3,follower_2,STOPPED,NONE,TRACK,1.4501607657206772,-0.024918285496883182,-0.0498392342793228,1.523984079241639,0.21107670976791862,0.06500000000000128,0.20867477727377867,0.008052093930595632,2.0277234107098256,0,7.673003196716309
29.12465697600055,combined,3,1,leader,STOPPED,NONE,TRACK,1.5140134159396723,-1.1235383234249183,0.014013415939672313,1.4344695130255547,0.04825568872091643,0.134999999999998,0.0,0.0013615292589424055,2.0491058967532454,0,17.124696731567383
29.12465697600055,combined,3,2,follower_1,STOPPED,NONE,TRACK,1.4871740938127649,-0.8187108174237437,-0.012825906187235114,1.4610758326937194,0.03419494062468817,0.1999999999999993,0.010890267718439574,0.0003101141691632199,2.0408076164472644,0,13.312685012817383
29.12465697600055,combined,3,3,follower_2,STOPPED,NONE,TRACK,1.4189980263769624,-0.10270589279154992,-0.08100197362303763,1.5201780671185106,0.16460840493900303,0.1999999999999993,0.19522168202439444,0.0062000818396952505,1.9965588319152563,0,10.178720474243164
29.324848295000265,combined,3,1,leader,STOPPED,NONE,TRACK,1.5140139043431036,-1.1312180459031143,0.014013904343103567,1.434143607551477,0.03273671064423521,0.0799999999999983,0.0,0.0009459456135366616,2.0491057601800238,0,8.827946662902832
29.324848295000265,combined,3,2,follower_1,STOPPED,NONE,TRACK,1.4871905296721812,-0.835876330979412,-0.012809470327818762,1.4337669888258946,0.044833142921454495,0.06999999999999673,0.0,0.0011082512019759084,2.0408081031826537,0,13.260767936706543
29.324848295000265,combined,3,3,follower_2,STOPPED,NONE,TRACK,1.4112410435746254,-0.17833561834091538,-0.08875895642537457,1.4608597835003103,0.14694328478403124,0.00999999999999801,0.048986458146454644,0.005623059857750489,1.9887927342186507,0,5.441774845123291
29.524648942002386,combined,3,1,leader,STOPPED,NONE,TRACK,1.5140136005502953,-1.128509336295306,0.014013600550295324,1.4332548283262283,0.0032601456246119224,0.005000000000002558,0.0,-0.00011621896496507844,2.0491056777778947,0,15.564526557922363
29.524648942002386,combined,3,2,follower_1,STOPPED,NONE,TRACK,1.487187752228033,-0.85704899698895,-0.01281224777196699,1.4265834920234293,0.051972573391118604,0.005000000000002558,0.0,0.001692856554522618,2.0408093094181243,0,12.008387565612793
29.524648942002386,combined,3,3,follower_2,STOPPED,NONE,TRACK,1.4111345240390656,-0.23009809128605882,-0.08886547596093441,1.4423721700885046,0.09805450754389225,0.005000000000002558,0.0,0.0035909604050580373,1.988672311786233,0,7.1467390060424805
29.724523387001682,combined,3,1,leader,STOPPED,NONE,TRACK,1.5140134482442462,-1.1276254003923156,0.014013448244246218,1.4327299134368048,0.0033065685081382547,0.010000000000001563,0.0,-9.333858258316142e-06,2.0491055978716632,0,14.367195129394531
29.724523387001682,combined,3,2,follower_1,STOPPED,NONE,TRACK,1.4871892730352478,-0.8781306703128829,-0.012810726964752162,1.423702654057954,0.0444980911298858,0.010000000000001563,0.0,0.0015424856814352404,2.0408112374786875,0,12.172948837280273
29.724523387001682,combined,3,3,follower_2,STOPPED,NONE,TRACK,1.4111460607524906,-0.25294591929531657,-0.0888539392475094,1.4373197366588526,0.038424459394992526,0.010000000000001563,0.0,0.0011948812630327259,1.9886704747069237,0,9.291078567504883
29.9245363930022,combined,3,1,leader,STOPPED,NONE,TRACK,1.5140135987003616,-1.128589308219189,0.014013598700361563,1.4324066865035514,0.004332419376189604,0.00999999999999801,0.0,9.21150803419733e-05,2.049105669526881,0,15.019996643066406
29.9245363930022,combined,3,2,follower_1,STOPPED,NONE,TRACK,1.4871952680432845,-0.8987284526674274,-0.012804731956715498,1.4230663014166614,0.0401887221021713,0.00999999999999801,0.0,0.001454029245851355,2.0408140406146114,0,13.738571166992188
29.9245363930022,combined,3,3,follower_2,STOPPED,NONE,TRACK,1.4111559141356103,-0.2615658025740579,-0.08884408586438974,1.4296368197517149,0.01455070786549756,0.00999999999999801,0.0,0.000358568227679486,1.98866762361065,0,8.443342208862305
30.124302658001398,combined,3,1,leader,STOPPED,NONE,TRACK,1.5140137584105802,-1.130393160272486,0.014013758410580168,1.432165296743553,0.004813602850245724,0.015000000000000568,0.0,0.00014706096946593897,2.0491056808414494,0,13.994332313537598
30.124302658001398,combined,3,2,follower_1,STOPPED,NONE,TRACK,1.487201483027392,-0.9209487656654141,-0.01279851697260792,1.4227921521341136,0.043150616721674584,0.00999999999999801,0.0,0.0016353283137855099,2.040815298001908,0,12.955087661743164
30.124302658001398,combined,3,3,follower_2,STOPPED,NONE,TRACK,1.4111682513856636,-0.2673421662538358,-0.0888317486143364,1.4259890870368888,0.007194300860726202,0.015000000000000568,0.0,0.00014478260437858514,1.9886663581086608,0,8.517223358154297
30.324954884999897,combined,3,1,leader,STOPPED,NONE,TRACK,1.5140139234909915,-1.1327804939166133,0.014013923490991509,1.4320375047470508,0.005118984928228691,0.015000000000000568,0.0,0.00017825020145503524,2.049105648173575,0,13.823613166809082
30.324954884999897,combined,3,2,follower_1,STOPPED,NONE,TRACK,1.4872073497470195,-0.9391692837983111,-0.012792650252980486,1.4231836089944307,0.03217547863144322,0.010000000000001563,0.0,0.0012111468655109092,2.0408153103837265,0,10.559524536132812
30.324954884999897,combined,3,3,follower_2,STOPPED,NONE,TRACK,1.411179366648022,-0.27315366665316493,-0.0888206333519781,1.4243401912859304,0.007428008647324969,0.010000000000001563,0.0,0.0002160693527814902,1.9886663580857693,0,11.27854061126709
30.524224289001722,combined,3,1,leader,STOPPED,NONE,TRACK,1.5140141215487448,-1.1355677912403792,0.014014121548744818,1.4319323435871918,0.004727766843427054,0.15000000000000213,0.0,0.00017089630761663185,2.0491056150941698,0,11.886018753051758
30.524224289001722,combined,3,2,follower_1,STOPPED,NONE,TRACK,1.4872129462055932,-0.9416828784235483,-0.01278705379440681,1.423738832454313,0.0075299309836209544,0.019999999999999574,0.0,0.00016485103567765607,2.0408153208665976,0,9.82509994506836
30.524224289001722,combined,3,3,follower_2,STOPPED,NONE,TRACK,1.4111807359839288,-0.27722652743711146,-0.08881926401607121,1.4236832865338376,0.007057951941762682,0.019999999999999574,0.0,0.0002316609802738936,1.9886663581794364,0,5.991321086883545
30.725267617999634,combined,3,1,leader,STOPPED,NONE,TRACK,1.5140143160684505,-1.1382267620236768,0.014014316068450494,1.432006256668254,0.005613062448289109,0.019999999999999574,0.0,0.00021134395055977817,2.0491055892131933,0,11.398541450500488
30.725267617999634,combined,3,2,follower_1,STOPPED,NONE,TRACK,1.4872178334991946,-0.9373386902082803,-0.012782166500805436,1.4240995293984056,-0.006759520754338334,0.019999999999999574,0.0,-0.00036599030197351755,2.0408153341314055,0,10.05893611907959
30.725267617999634,combined,3,3,follower_2,STOPPED,NONE,TRACK,1.411177858043769,-0.27978219559705975,-0.08882214195623095,1.4233507710621696,0.006679904500437551,0.08000000000000185,0.0,0.0002358206472454394,1.9886663573567855,0,7.613616943359375
30.924319492001814,combined,3,1,leader,STOPPED,NONE,TRACK,1.5140145358304757,-1.1412180337738473,0.014014535830475738,1.4319549033048986,0.0055509134725674585,0.030000000000001137,0.0,0.00021250393575789864,2.049105560461744,0,8.616576194763184
30.924319492001814,combined,3,2,follower_1,STOPPED,NONE,TRACK,1.4872235464260712,-0.9356383214973978,-0.012776453573928759,1.4243790815456987,-0.00709377788551575,0.019999999999999574,0.0,-0.00033364180708084625,2.040815347571036,0,12.56081485748291
30.924319492001814,combined,3,3,follower_2,STOPPED,NONE,TRACK,1.411176484462033,-0.27750869357776614,-0.08882351553796708,1.4236930156277132,-0.00448660058014861,0.019999999999999574,0.0,-0.00022549786303078614,1.9886663566735807,0,8.972970962524414
31.124368831002357,combined,3,1,leader,STOPPED,NONE,TRACK,1.5140147694119688,-1.1443691983561988,0.014014769411968775,1.4318922241832202,0.005789670370207165,0.02499999999999858,0.0,0.00022460363299700613,2.049105531717197,0,11.237689018249512
31.124368831002357,combined,3,2,follower_1,STOPPED,NONE,TRACK,1.4872300997324985,-0.9418790180909503,-0.012769900267501466,1.4244116954166393,0.019742944365228977,0.02499999999999858,0.0,0.0008015020849054781,2.040815351982054,0,11.01623821258545
31.124368831002357,combined,3,3,follower_2,STOPPED,NONE,TRACK,1.411180064670119,-0.2788856743871322,-0.08881993532988108,1.4242483926944693,0.00039359459480162607,0.02499999999999858,0.0,3.0731550100030944e-05,1.9886663575857262,0,9.667917251586914
31.324272409001424,combined,3,1,leader,STOPPED,NONE,TRACK,1.5140150037365112,-1.1475206303442678,0.014015003736511211,1.4318929850829407,0.005667847631324394,0.02500000000000213,0.0,0.00022096611393316738,2.0491055029797725,0,15.000642776489258
31.324272409001424,combined,3,2,follower_1,STOPPED,NONE,TRACK,1.487236034326761,-0.9388286309161088,-0.012763965673239008,1.4245339251307079,-0.005015494298662265,0.02500000000000213,0.0,-0.00025091445443546525,2.0408153658212864,0,12.415878295898438
31.324272409001424,combined,3,3,follower_2,STOPPED,NONE,TRACK,1.4111778523310288,-0.2770825879586475,-0.08882214766897123,1.4244416769019914,-0.0013554099969725548,0.02500000000000213,0.0,-7.04892835587723e-05,1.9886663568312308,0,9.258913040161133
31.524259830999654,combined,3,1,leader,STOPPED,NONE,TRACK,1.5346714126701686,-0.7007032421935018,0.0346714126701686,1.431863251031764,0.005783360646063783,0.09500000000000242,0.0,0.0002264397790387925,2.070905162398428,0,5.459018230438232
31.524259830999654,combined,3,2,follower_1,STOPPED,NONE,TRACK,1.4872417548978496,-0.9347881307255264,-0.0127582451021504,1.424606336914132,-0.007325014224567395,0.16000000000000014,0.0,-0.00032323341638781976,2.040815379812177,0,12.415878295898438
31.524259830999654,combined,3,3,follower_2,STOPPED,NONE,TRACK,1.4111750716724152,-0.27698794040193847,-0.08882492832758482,1.4245137360033948,0.0010160820207518384,0.030000000000001137,0.0,5.6048883626000924e-05,1.9886663559650057,0,6.804227828979492
31.72463886100013,combined,3,1,leader,STRAIGHT_3,NONE,TRACK,1.5961605982317608,0.6178095370308136,0.09616059823176082,1.4390133068169804,0.2641230944694221,0.03500000000000014,0.0,0.011292257110812403,2.1353364603470437,0,8.878786087036133
31.72463886100013,combined,3,2,follower_1,STRAIGHT_3,NONE,TRACK,1.4874038534779899,-0.9679269878557853,-0.012596146522010132,1.4245903228147618,0.027533971582907147,0.02499999999999858,0.0,0.0010703931683618481,2.040671884746074,0,9.990470886230469
31.72463886100013,combined,3,3,follower_2,STRAIGHT_3,NONE,TRACK,1.4113711070933874,-0.2643753464907457,-0.08862889290661258,1.4245866868622072,-0.006930002205877645,0.02499999999999858,0.0,-0.00031581320735077513,1.988863443753216,0,8.513385772705078
31.92427725699963,combined,3,1,leader,STRAIGHT_3,NONE,TRACK,1.6417919450083103,1.0281031144578525,0.14179194500831027,1.4845440398699266,1.5437578528728892,0.03999999999999915,0.06766007070763279,0.06391335065036897,2.183412377515253,0,6.370901107788086
31.92427725699963,combined,3,2,follower_1,STRAIGHT_3,NONE,TRACK,1.4142539104918297,-3.4187040863168696,-0.08574608950817031,2.131952249413375,10.949720780746654,0.08999999999999986,0.6,0.4567255328020652,1.965520423282644,0,9.945223808288574
31.92427725699963,combined,3,3,follower_2,STRAIGHT_3,NONE,TRACK,1.4963047300424488,0.023163546369135268,-0.003695269957551206,1.424505759553247,-0.03395974072409069,0.03500000000000014,0.0,-0.0014296558242150642,2.0726527765583014,0,7.021597862243652
32.12422666000202,combined,3,1,leader,STRAIGHT_3,NONE,TRACK,1.6701259770789025,1.1161701623420262,0.17012597707890253,1.5272107032059357,2.117243212592534,0.03500000000000014,0.16152705905782525,0.08581027006047715,2.2142754453777314,0,10.720498085021973
32.12422666000202,combined,3,2,follower_1,STRAIGHT_3,NONE,TRACK,1.3346554201708998,-7.759708231512109,-0.16534457982910022,2.181130000815478,8.351007869791328,0.03500000000000014,0.6,0.34848194984827496,1.8825420556244314,0,7.867669105529785
32.12422666000202,combined,3,3,follower_2,STRAIGHT_3,NONE,TRACK,1.60569566894097,0.00614168169548074,0.10569566894097004,1.4409094057320024,0.010669547563961568,0.09499999999999886,0.0,0.0004763382069103754,2.1787470494503447,0,5.760098934173584
32.324182219999784,combined,3,1,leader,STRAIGHT_3,NONE,TRACK,1.6797193184005963,1.1226711093163726,0.1797193184005963,1.5664458157950836,2.228066406928232,0.0400000000000027,0.2556397264300046,0.0883799979886911,2.226236494738913,0,6.697807788848877
32.324182219999784,combined,3,2,follower_1,STRAIGHT_3,NONE,TRACK,1.2921107781693577,-5.593461890091255,-0.2078892218306423,1.9416320086286039,-3.7554604021775595,0.030000000000001137,0.6,-0.17816135115107024,1.8399987969226355,0,11.42103099822998
32.324182219999784,combined,3,3,follower_2,STRAIGHT_3,NONE,TRACK,1.6509386738078788,0.6058383091386083,0.15093867380787884,1.5307768202740235,0.33065146123941813,0.030000000000001137,0.19102358576866163,0.01339762807790831,2.225900403713618,0,9.15259075164795
32.52423382699999,combined,3,1,leader,STRAIGHT_3,NONE,TRACK,1.6801918780275855,1.1357583841179275,0.18019187802758552,1.5750684357388864,2.208993344758085,0.10500000000000043,0.2832918894447055,0.08659414393480651,2.229332605299493,0,7.6810431480407715
32.52423382699999,combined,3,2,follower_1,STRAIGHT_3,NONE,TRACK,1.2778060776437121,-5.189091735374266,-0.22219392235628788,2.0320029391704866,5.685396275923211,0.03500000000000014,0.6,0.2538560280232998,1.824972484616012,0,11.702554702758789
32.52423382699999,combined,3,3,follower_2,STRAIGHT_3,NONE,TRACK,1.642419223645897,0.6568282577302742,0.142419223645897,1.6007969919345548,0.7045609087664011,0.03500000000000014,0.3686877047304965,0.028927955251120314,2.2174639444801443,0,9.123998641967773
32.72414043400204,combined,3,1,leader,STRAIGHT_3,NONE,TRACK,1.6730753750355167,1.1545348202076073,0.17307537503551673,1.595038784057624,2.145393680434506,0.03500000000000014,0.341504522342109,0.08328941231760534,2.2243238846748126,0,9.050536155700684
32.72414043400204,combined,3,2,follower_1,STRAIGHT_3,NONE,TRACK,1.2238101290389984,-9.623825690599645,-0.27618987096100156,2.566300565500707,15.067109953608355,0.030000000000001137,0.6,0.6164747962030357,1.7681510951177395,0,8.444974899291992
32.72414043400204,combined,3,3,follower_2,STRAIGHT_3,NONE,TRACK,1.6785560913182596,0.36218519830393914,0.17855609131825956,1.6139181777403402,1.041189121930615,0.030000000000001137,0.4138908844564349,0.041935774530868025,2.249428315074343,0,5.642827987670898
32.92404809300206,combined,3,1,leader,STRAIGHT_3,NONE,TRACK,1.6656323497453238,1.1553918973017703,0.16563234974532381,1.5962332279085232,2.1005417253044256,0.04499999999999815,0.3556329158658745,0.08095934358428364,2.218626357977749,0,12.904570579528809
32.92404809300206,combined,3,2,follower_1,STRAIGHT_3,NONE,TRACK,1.210931618762164,-7.62993106813122,-0.28906838123783607,2.0630002173495443,-0.9695687070193291,0.04499999999999815,0.6,-0.06143616847684617,1.7565151319763281,0,8.768824577331543
32.92404809300206,combined,3,3,follower_2,STRAIGHT_3,NONE,TRACK,1.6658564411681553,0.5777094130105765,0.16585644116815534,1.6170806707239334,0.7985823483362492,0.10500000000000043,0.43658327769618877,0.03070554100899848,2.238245378383008,0,11.337294578552246
33.12426052999945,combined,3,1,leader,STRAIGHT_3,NONE,TRACK,1.6569162701939166,1.114207026001771,0.15691627019391663,1.5913975792885298,2.1018735892923806,0.17499999999999716,0.35414430320417645,0.08080516094246351,2.211927807211706,0,13.243486404418945
33.12426052999945,combined,3,2,follower_1,STRAIGHT_3,NONE,TRACK,1.2362000531067394,-3.8845508750088427,-0.2637999468932606,1.3877740152641957,-8.28433829205728,0.03999999999999915,0.0,-0.34847133762319116,1.783147413352521,0,9.885028839111328
33.12426052999945,combined,3,3,follower_2,STRAIGHT_3,NONE,TRACK,1.603143478095603,0.8362917537122684,0.10314347809560309,1.63216756139358,0.8766089909261293,0.03999999999999915,0.4872170334757502,0.03368903608778488,2.1782034811115336,0,9.037623405456543
33.324211677001585,combined,3,1,leader,STRAIGHT_3,NONE,TRACK,1.650345831919919,1.0599180069323024,0.1503458319199189,1.588382056777356,2.0016931600504275,0.0400000000000027,0.3557579290360784,0.07666240101139328,2.206898936597713,0,14.21109390258789
33.324211677001585,combined,3,2,follower_1,STRAIGHT_3,NONE,TRACK,1.1941470812287314,-10.797698165369285,-0.30585291877126863,2.286053844446017,15.285958178995957,0.0400000000000027,0.6,0.6453928960834151,1.737343060208894,0,8.489579200744629
33.324211677001585,combined,3,3,follower_2,STRAIGHT_3,NONE,TRACK,1.6350552226263275,0.09740497149390054,0.13505522262632752,1.6069935949653218,1.0963535330561958,0.0400000000000027,0.43712720517036346,0.042805217822412076,2.2028706047059714,0,11.031599044799805
33.52422787600153,combined,3,1,leader,STRAIGHT_3,NONE,TRACK,1.643883273969211,0.9963248345928806,0.14388327396921108,1.5834282197883573,1.9558574938649385,0.05000000000000071,0.3514655428830257,0.07475681820668015,2.2021672595371085,0,12.900445938110352
33.52422787600153,combined,3,2,follower_1,STRAIGHT_3,NONE,TRACK,1.1524467888157395,-10.66113501881717,-0.3475532111842605,2.3514690437961328,1.3370799087460177,0.05000000000000071,0.6,0.018994560850673213,1.6952387193471325,0,10.129634857177734
33.52422787600153,combined,3,3,follower_2,STRAIGHT_3,NONE,TRACK,1.654642134591862,0.7384857143878586,0.15464213459186205,1.5905466541644924,0.7003365377489877,0.03999999999999915,0.40525745102952193,0.025448629514076573,2.22294939685615,0,7.5420989990234375
33.72414730500168,combined,3,1,leader,STRAIGHT_3,NONE,TRACK,1.6391558078041042,0.9745315193709337,0.1391558078041042,1.5784524539493672,1.847197458446574,0.054999999999999716,0.34563620030587733,0.07030519220843617,2.198972138200778,0,13.12165641784668
33.72414730500168,combined,3,2,follower_1,STRAIGHT_3,NONE,TRACK,1.2080001174156179,-2.9132061149811252,-0.29199988258438214,1.486617416082611,-11.66009359921108,0.04999999999999716,0.0,-0.49761936923704686,1.7549378044567445,0,10.687267303466797
33.72414730500168,combined,3,3,follower_2,STRAIGHT_3,NONE,TRACK,1.5665524551356544,1.071905732807509,0.06655245513565444,1.596165034246515,0.9809007673666893,0.03999999999999915,0.42768016300088646,0.03840348536883722,2.1413951017769364,0,11.480835914611816
33.92534705599974,combined,3,1,leader,STRAIGHT_3,NONE,TRACK,1.6348803004336228,0.9562629890007412,0.13488030043362276,1.5756821397955,1.769133225106377,0.054999999999999716,0.34425574246914237,0.06729545618806944,2.1961618160280967,0,8.47900104522705
33.92534705599974,combined,3,2,follower_1,STRAIGHT_3,NONE,TRACK,1.204666217192581,-7.941345451124599,-0.29533378280741895,1.675864751384702,6.700013596480478,0.054999999999999716,0.16913117879285963,0.31163066645590526,1.7497675364596543,0,10.750381469726562
33.92534705599974,combined,3,3,follower_2,STRAIGHT_3,NONE,TRACK,1.5600757751196601,0.16075371944394368,0.06007577511966011,1.5833371204066722,1.3508493622457038,0.03999999999999915,0.3997873728802256,0.0529179369026648,2.1293956258380544,0,8.318509101867676
34.12419355300153,combined,3,1,leader,STRAIGHT_3,NONE,TRACK,1.631349448481588,0.9420201930447151,0.13134944848158803,1.5737856970596185,1.7177443325545283,0.060000000000002274,0.34432574374497354,0.06536027704836965,2.1939312013879264,0,15.753631591796875
34.12419355300153,combined,3,2,follower_1,STRAIGHT_3,NONE,TRACK,1.1645404647126938,-12.093015600839495,-0.3354595352873062,2.478316137931533,16.49720069673227,0.05000000000000426,0.6,0.6934202153920045,1.7065633432612737,0,12.573498725891113
34.12419355300153,combined,3,3,follower_2,STRAIGHT_3,NONE,TRACK,1.6064493685132146,0.24984086512032225,0.10644936851321463,1.5458740054818758,0.821780082263968,0.05000000000000426,0.30775987841111846,0.030507351201275026,2.17070909794497,0,11.80860424041748
34.32461437600068,combined,3,1,leader,STRAIGHT_3,NONE,TRACK,1.6282275364578376,0.9212089558643738,0.12822753645783758,1.5713967169674343,1.657033932734806,0.054999999999999716,0.3424435587578239,0.06305948736288099,2.1920841704424925,0,10.505073547363281
34.32461437600068,combined,3,2,follower_1,STRAIGHT_3,NONE,TRACK,1.2192639323643648,-4.498487560762246,-0.2807360676356352,1.5242406297213802,-10.193145029755357,0.054999999999999716,0.0,-0.42570816105461656,1.7663133453947975,0,6.364016056060791
34.32461437600068,combined,3,3,follower_2,STRAIGHT_3,NONE,TRACK,1.5424320661375905,0.776803620901378,0.04243206613759054,1.5435883390725296,0.6354121293641883,0.0449999999999946,0.3006148775747438,0.02356798012576517,2.11429377347126,0,7.560070991516113
34.524331007,combined,3,1,leader,STRAIGHT_3,NONE,TRACK,1.6251748276606626,0.894209611181313,0.12517482766066257,1.5705936171886712,1.6220687353989072,0.054999999999999716,0.34399036812676925,0.06180212892043832,2.1901904113451325,0,14.885411262512207
34.524331007,combined,3,2,follower_1,STRAIGHT_3,NONE,TRACK,1.2681218406941033,3.0610010765137647,-0.23187815930589672,1.2789049835038468,-11.401035912856342,0.19500000000000028,0.0,-0.4648107195569283,1.8160033362642127,0,6.364016056060791
34.524331007,combined,3,3,follower_2,STRAIGHT_3,NONE,TRACK,1.496348664045844,1.3422408972672548,-0.0036513359541558987,1.5382094419806827,0.9943139471165348,0.054999999999999716,0.2832188488893515,0.038744997905786754,2.0735986244551676,0,5.720948219299316
34.72489365100046,combined,3,1,leader,STRAIGHT_3,NONE,TRACK,1.621558674469189,0.873831569562076,0.121558674469189,1.5696386741126982,1.5661624052428875,0.11999999999999744,0.34472284845119855,0.059658612872144086,2.187758020531021,0,13.854989051818848
34.72489365100046,combined,3,2,follower_1,STRAIGHT_3,NONE,TRACK,1.2172004087008668,-6.821170603249179,-0.28279959129913324,2.6132105393961953,21.47816474934062,0.054999999999999716,0.6,0.8,1.7648565854351497,0,8.451336860656738
34.72489365100046,combined,3,3,follower_2,STRAIGHT_3,NONE,TRACK,1.5800007408940957,-0.34966983229403314,0.0800007408940957,1.509983456287616,1.4300543544206046,0.04999999999999716,0.20693187413631708,0.05674956677550798,2.1469617062747415,0,7.422330856323242
34.92501994700069,combined,3,1,leader,STRAIGHT_3,NONE,TRACK,1.618155498731241,0.8560320008613452,0.11815549873124098,1.570137092496852,1.5142823402357843,0.13000000000000256,0.3486337098426501,0.05770118892338851,2.1853061226113,0,10.886051177978516
34.92501994700069,combined,3,2,follower_1,STRAIGHT_3,NONE,PREDICT,1.2180991643627994,-11.75432608968952,-0.2819008356372006,2.862128169245616,23.28689062683305,0.25500000000000256,0.33,0.8,1.7628543967114563,0,8.451336860656738
34.92501994700069,combined,3,3,follower_2,STRAIGHT_3,NONE,TRACK,1.6043237831587933,-0.6191493464316699,0.10432378315879332,1.5157207228064853,0.8403657326681152,0.060000000000002274,0.2139550328143122,0.0313696288531278,2.1634039106984693,0,8.919673919677734
35.12537842000165,combined,3,1,leader,STRAIGHT_3,NONE,TRACK,1.6153184546424864,0.8664935501812837,0.11531845464248636,1.5701425033369552,1.4364513916679553,0.06500000000000483,0.35126910374080644,0.05465133597811293,2.183334173465755,0,12.384471893310547
35.12537842000165,combined,3,2,follower_1,STRAIGHT_3,NONE,TRACK,1.2456876074357797,-5.742257609610851,-0.25431239256422034,1.8573060242947808,-8.210322308606065,0.125,0.28424547845807124,-0.33316657381185116,1.7946859504474455,0,9.969452857971191
35.12537842000165,combined,3,3,follower_2,STRAIGHT_3,NONE,TRACK,1.5748445694699833,0.28521732714341524,0.0748445694699833,1.5324018483401711,0.005917057303582652,0.060000000000002274,0.24955349078557246,-0.002146361308408557,2.141679760791972,0,7.085383892059326
35.32478566099962,combined,3,1,leader,STRAIGHT_3,NONE,PREDICT,1.6239594964905542,0.9166432783427428,0.12395949649055416,1.574114132609125,1.4160761891707605,0.26500000000000057,0.19505474374218296,0.05401123011330702,2.1931804484535053,0,12.791964530944824
35.32478566099962,combined,3,2,follower_1,STRAIGHT_3,NONE,TRACK,1.237531054667174,-6.812103684455764,-0.26246894533282594,1.1936268014359381,-7.702671712718673,0.06499999999999773,0.0,-0.29963934314118007,1.7865092016320145,0,10.362656593322754
35.32478566099962,combined,3,3,follower_2,STRAIGHT_3,NONE,TRACK,1.5870075311558494,0.31031548087975863,0.08700753115584936,1.5422299098272823,0.7397771038933921,0.05999999999999517,0.2709881925761062,0.029397871473273905,2.151863154354032,0,11.777853012084961
35.52962926799955,combined,3,1,leader,STRAIGHT_3,NONE,TRACK,1.6199459789619624,0.8677102235997116,0.11994597896196235,1.5815893727950876,1.3962529099788856,0.05000000000000426,0.36099493773044267,0.05331026134974662,2.189786878375614,0,10.727829933166504
35.52962926799955,combined,3,2,follower_1,STRAIGHT_3,NONE,TRACK,1.2242834416284394,-11.625976222794264,-0.2757165583715606,1.777265176033778,6.821017296399081,0.05000000000000426,0.47895544736371315,0.3222317137826204,1.7704724065219615,0,12.989948272705078
35.52962926799955,combined,3,3,follower_2,STRAIGHT_3,NONE,TRACK,1.623353766343997,-0.06975358490984296,0.12335376634399697,1.5382346742907558,0.840653057647717,0.045000000000001705,0.2600414894773865,0.03356492494841641,2.1805124109790297,0,9.04556941986084
35.72591138700227,combined,3,1,leader,STRAIGHT_3,NONE,TRACK,1.615884804627816,0.8140456659322803,0.11588480462781603,1.580186119382298,1.387135205394786,0.06499999999999773,0.3619363293106373,0.05297357721613076,2.186347565104172,0,14.829896926879883
35.72591138700227,combined,3,2,follower_1,STRAIGHT_3,NONE,TRACK,1.2545885570578215,-7.091685320085803,-0.24541144294217854,1.7244010488647346,-7.140487774220702,0.06499999999999773,0.1912356704471532,-0.2655356515969545,1.8042487385573354,0,8.967584609985352
35.72591138700227,combined,3,3,follower_2,STRAIGHT_3,NONE,PREDICT,1.607410042775322,0.17325255621225238,0.10741004277532196,1.52941091479059,0.989529707763627,0.22499999999999432,0.12775805829460418,0.03888087731801513,2.170611676592344,0,9.04556941986084
35.92527778400108,combined,3,1,leader,STRAIGHT_3,NONE,TRACK,1.610792405937961,0.7985382794982392,0.11079240593796102,1.578915405367455,1.2589806587960368,0.00999999999999801,0.363671948011387,0.04782221206263998,2.1819578416233876,0,11.520153999328613
35.92527778400108,combined,3,2,follower_1,STRAIGHT_3,NONE,TRACK,1.3181630849799277,-1.6415961121662037,-0.18183691502007227,1.288874054949218,-8.460964412672164,0.07499999999999574,0.0,-0.3209003293663866,1.870335381665293,0,8.974250793457031
35.92527778400108,combined,3,3,follower_2,STRAIGHT_3,NONE,TRACK,1.5471749962238264,0.1269426204556534,0.04717499622382637,1.5629955707028054,1.2392765745460197,0.06499999999999773,0.28673767294497443,0.04844495719097401,2.1160878983629527,0,11.636524200439453
36.1248331880015,combined,3,1,leader,STRAIGHT_3,NONE,TRACK,1.6053222749660874,0.7870384569436039,0.10532227496608737,1.5781327103260452,1.210485699322003,0.020000000000003126,0.3661345765683637,0.045961249020107606,2.1771419033875823,0,6.433854103088379
36.1248331880015,combined,3,2,follower_1,STRAIGHT_3,NONE,TRACK,1.2977247996768742,-4.437994697653653,-0.20227520032312585,1.90258007407272,9.834057731872155,0.07000000000000028,0.6,0.4425890698742093,1.849909886499429,0,12.044295310974121
36.1248331880015,combined,3,3,follower_2,STRAIGHT_3,NONE,TRACK,1.592613665251895,0.15623673426354528,0.09261366525189496,1.529386429808154,0.8808088855606037,0.005000000000002558,0.20982147818713087,0.033227188153661755,2.1576781584901203,0,5.774339199066162
36.324712867000926,combined,3,1,leader,STRAIGHT_3,NONE,TRACK,1.5996355082280294,0.7793203600449299,0.09963550822802936,1.5769475534465434,1.1663034597102908,0.0049999999999954525,0.36739950667345356,0.044254622701967956,2.172092942433571,0,17.13321304321289
36.324712867000926,combined,3,2,follower_1,STRAIGHT_3,NONE,TRACK,1.3507553203364777,-2.824178725138455,-0.14924467966352228,1.4793943000131842,-1.7087110284803027,0.0049999999999954525,0.0,-0.060520158716367276,1.9043140989889218,0,11.916264533996582
36.324712867000926,combined,3,3,follower_2,STRAIGHT_3,NONE,TRACK,1.5600394403714362,-0.4508899288841119,0.06003944037143616,1.5334588489641252,1.1423544242837558,0.0,0.22019855139033664,0.044784833620732815,2.125620220754504,0,9.955940246582031
36.526116048000404,combined,3,1,leader,STRAIGHT_3,NONE,TRACK,1.595071761519608,0.7686636602513234,0.09507176151960794,1.5735164253962384,1.1293383407654267,0.005000000000002558,0.3624202924132585,0.04286240546150988,2.1681461397634307,0,20.76674461364746
36.526116048000404,combined,3,2,follower_1,STRAIGHT_3,NONE,TRACK,1.4232671827255532,-0.3496071709461504,-0.07673281727444681,1.3081635016106088,-2.5143111365137014,0.005000000000002558,0.0,-0.0930194487708033,1.9779391639683104,0,13.385828018188477
36.526116048000404,combined,3,3,follower_2,STRAIGHT_3,NONE,TRACK,1.4390351248707223,-11.472287757826434,-0.06096487512927773,3.375056033390646,19.068400748576412,0.005000000000002558,0.6,0.8,2.0011939565727697,0,10.49264907836914
36.72473464699942,combined,3,1,leader,STRAIGHT_3,NONE,TRACK,1.5921902639337562,0.761733453429045,0.09219026393375618,1.5701997381036068,1.0909091480040993,0.010000000000005116,0.3569526980896214,0.0413891975945294,2.1657452302492155,0,15.426870346069336
36.72473464699942,combined,3,2,follower_1,STRAIGHT_3,NONE,TRACK,1.4618833037210732,-0.7478368908452017,-0.038116696278926776,1.2928761326850926,-0.08724674532479279,0.010000000000005116,0.0,0.007524488966695969,2.016931934350214,0,13.135199546813965
36.72473464699942,combined,3,3,follower_2,STRAIGHT_3,NONE,TRACK,1.3512980810907198,-11.329869309217313,-0.1487019189092802,3.5608400783338863,3.624369299178522,0.005000000000002558,0.6,0.09830752952354964,1.911483370889528,0,7.970771789550781
36.92524360400057,combined,3,1,leader,STRAIGHT_3,NONE,TRACK,1.589359374041252,0.7572723394434395,0.08935937404125194,1.568841615683469,1.051270038778615,0.07000000000000028,0.35587468610434275,0.039914385704126684,2.163397795837705,0,20.840944290161133
36.92524360400057,combined,3,2,follower_1,STRAIGHT_3,NONE,TRACK,1.4105640727524391,-7.980523048649357,-0.08943592724756089,2.675788299463372,17.240857080955244,0.005000000000002558,0.6,0.7230246872174684,1.963766883828768,0,10.88828182220459
36.92524360400057,combined,3,3,follower_2,STRAIGHT_3,NONE,TRACK,1.422658242653275,-3.7824502653197545,-0.07734175734672499,2.174139688924149,-12.074822997936634,0.005000000000002558,0.11281224868639045,-0.5190934359956516,1.9756946160547162,0,8.432823181152344
37.124300218001736,combined,3,1,leader,STRAIGHT_3,NONE,TRACK,1.5865189316013821,0.7550570214012543,0.08651893160138213,1.5683874273505183,0.9994518126477063,0.02499999999999858,0.3567136572075001,0.037919164732667626,2.1609954181458284,0,11.795950889587402
37.124300218001736,combined,3,2,follower_1,STRAIGHT_3,NONE,TRACK,1.3577594461300189,-6.607570457527094,-0.14224055386998113,2.560318168890023,6.332175126473905,0.14999999999999858,0.6,0.2467750065807556,1.9118094728807653,0,8.362225532531738
37.124300218001736,combined,3,3,follower_2,STRAIGHT_3,NONE,TRACK,1.4273970447634685,-8.52491057938166,-0.07260295523653149,3.795209889032358,17.469144247890835,0.015000000000000568,0.6,0.738152264216818,1.982672670067468,0,5.716009140014648
37.32511397200142,combined,3,1,leader,STRAIGHT_3,NONE,TRACK,1.5835893318671084,0.7265686433818924,0.08358933186710837,1.5684040379780304,1.0117319268201868,0.02499999999999858,0.3585617484168822,0.03861212397701079,2.1584643658076494,0,9.935401916503906
37.32511397200142,combined,3,2,follower_1,STRAIGHT_3,NONE,TRACK,1.3494115977676817,-2.1996988401300013,-0.15058840223231829,2.0899157696319204,-6.8314421898047755,0.15500000000000114,0.6,-0.2863472303476091,1.9056453397324038,0,10.888216972351074
37.32511397200142,combined,3,3,follower_2,STRAIGHT_3,NONE,TRACK,1.3791883645047982,-13.545757094787035,-0.1208116354952018,3.5496511317036066,4.8481371655087795,0.01999999999999602,0.6,0.15968057585223538,1.9364753151889404,0,9.00394344329834
37.524384976000874,combined,3,1,leader,STRAIGHT_3,NONE,TRACK,1.5806943640677522,0.6779188822469645,0.08069436406775221,1.5676045134373304,1.0179553094006883,0.09499999999999886,0.35811340445672907,0.038901602547451175,2.1559592455693717,0,6.896792888641357
37.524384976000874,combined,3,2,follower_1,STRAIGHT_3,NONE,TRACK,1.4139609405439775,1.2203270692330237,-0.08603905945602253,1.6573417194328073,-5.577269631241812,0.15500000000000114,0.008612991823847116,-0.22794468575207832,1.9710484518885143,0,10.888216972351074
37.524384976000874,combined,3,3,follower_2,STRAIGHT_3,NONE,TRACK,1.2601675623234572,-12.860774012973266,-0.23983243767654283,3.6461797898979964,-1.3808784272699417,0.02499999999999858,0.6,-0.10597165052798876,1.8204158095396699,0,8.44140338897705
37.72443596800076,combined,3,1,leader,STRAIGHT_3,NONE,TRACK,1.5780437427593825,0.6586408921991476,0.07804374275938253,1.5669784923702756,0.9361346940746353,0.025000000000005684,0.3579130210306737,0.035556570911591,2.153650721005945,0,7.775492191314697
37.72443596800076,combined,3,2,follower_1,STRAIGHT_3,NONE,TRACK,1.4769442817252836,1.7159632822672697,-0.02305571827471642,1.3508362876916251,1.0026604805559332,0.08500000000000085,0.0,0.03674526660773962,2.0346684383817153,0,10.531722068786621
37.72443596800076,combined,3,3,follower_2,STRAIGHT_3,NONE,TRACK,1.2306092570220075,-4.791307357244271,-0.2693907429779925,2.2622149822134947,-15.608978258693138,0.08500000000000085,0.0,-0.6609249579340808,1.7951482150576956,0,6.9005961418151855
37.92472901099973,combined,3,1,leader,STRAIGHT_3,NONE,TRACK,1.5748391180217736,0.6323931154513653,0.07483911802177357,1.5672130274629683,0.9087191769753169,0.030000000000001137,0.35971211595765995,0.0345819533124617,2.1507888781325253,0,10.620617866516113
37.92472901099973,combined,3,2,follower_1,STRAIGHT_3,NONE,TRACK,1.5453911540906549,1.3095649690378344,0.04539115409065486,1.339925618973125,2.4763952774787334,0.01999999999999602,0.0,0.09777982034823847,2.1038435611469364,0,7.6676130294799805
37.92472901099973,combined,3,3,follower_2,STRAIGHT_3,NONE,TRACK,1.1456007657028928,-8.912472597948419,-0.3543992342971072,3.9276565792093705,19.80119454608618,0.01999999999999602,0.6,0.7962938756233181,1.7056509120256285,0,10.508048057556152
38.124397464998765,combined,3,1,leader,STRAIGHT_3,NONE,TRACK,1.5892202302961562,0.6137472465547235,0.08922023029615622,1.5668667067887663,0.8989112623525203,0.1600000000000037,0.36006413386133324,0.034248517912045154,2.1654784342480875,0,10.620617866516113
38.124397464998765,combined,3,2,follower_1,STRAIGHT_3,NONE,TRACK,1.5993743838576864,0.755845347597466,0.09937438385768638,1.3867638627487007,2.2046517398405383,0.02499999999999858,0.0,0.08567817731241,2.158220579000838,0,12.437154769897461
38.124397464998765,combined,3,3,follower_2,STRAIGHT_3,NONE,TRACK,1.094244490293925,-9.499039106690908,-0.405755509706075,2.713080099147256,-1.7323034849623686,0.02499999999999858,0.24658615093863157,-0.14225735053897748,1.651490019360379,0,6.859769821166992
38.32445548300166,combined,3,1,leader,STRAIGHT_3,NONE,TRACK,1.5895372368341638,0.6338843500162125,0.08953723683416381,1.5888371468483315,0.8455436935767229,0.030000000000001137,0.37903315357241285,0.032299889439984006,2.1660764494325586,0,12.176800727844238
38.32445548300166,combined,3,2,follower_1,STRAIGHT_3,NONE,TRACK,1.6500221065336755,0.7480418180566057,0.15002210653367554,1.4673368193752694,1.6266599097892402,0.02499999999999858,0.017878925526560018,0.0621669969657644,2.2094577072510737,0,13.580682754516602
38.32445548300166,combined,3,3,follower_2,STRAIGHT_3,NONE,TRACK,1.1044526982166603,-3.427228139973112,-0.39554730178333974,1.5745023898491215,-9.981855122067142,0.02499999999999858,0.0,-0.4517379501350899,1.6631580254644054,0,7.679323196411133
38.52444522099904,combined,3,1,leader,STRAIGHT_3,NONE,TRACK,1.5815750991559607,0.575728451550208,0.08157509915596073,1.5903108829068218,0.8685644959557415,0.030000000000001137,0.3837525211199569,0.03323058440268381,2.158393955208183,0,5.54174280166626
38.52444522099904,combined,3,2,follower_1,STRAIGHT_3,NONE,TRACK,1.6917822614428775,1.018885596253825,0.19178226144287747,1.5233153457279651,1.3271649858023906,0.09000000000000341,0.15011036663566915,0.05038471794678563,2.2518997918237083,0,12.052292823791504
38.52444522099904,combined,3,3,follower_2,STRAIGHT_3,NONE,TRACK,1.1071898728905685,-6.770875932099942,-0.39281012710943153,2.1078718495257442,11.516499375539155,0.030000000000001137,0.24652648143952033,0.5011412942662641,1.6643008268563169,0,7.134075164794922
38.72577345600075,combined,3,1,leader,STRAIGHT_3,NONE,TRACK,1.5744433693749667,0.5413703619055721,0.07444336937496665,1.5873543537213832,0.8192159527883848,0.035000000000003695,0.38335091328275434,0.0311557957344641,2.1514955088967915,0,14.373799324035645
38.72577345600075,combined,3,2,follower_1,STRAIGHT_3,NONE,TRACK,1.7026937229906656,1.1275800868054224,0.20269372299066557,1.5887363331249091,1.5636921451738464,0.020000000000003126,0.3068334989893776,0.06041608697013165,2.263503153510339,0,17.138200759887695
38.72577345600075,combined,3,3,follower_2,STRAIGHT_3,NONE,TRACK,1.1595907259512754,-3.732666121024399,-0.34040927404872456,1.400013078386589,-2.7160986540481704,0.025000000000005684,0.0,-0.1111659544112131,1.7178751865139958,0,7.5325751304626465
38.92476578200149,combined,3,1,leader,STRAIGHT_3,NONE,TRACK,1.567329377491385,0.521525900679797,0.06732937749138501,1.584785231246358,0.7533415077200949,0.030000000000001137,0.383261195008041,0.028475616635232223,2.1446087562599514,0,7.286410808563232
38.92476578200149,combined,3,2,follower_1,STRAIGHT_3,NONE,TRACK,1.700195468446207,1.1529380135154972,0.20019546844620706,1.603687507933873,1.671218337177273,0.09499999999999886,0.35067169242200136,0.06464119172821699,2.2617767330967284,0,6.830865859985352
38.92476578200149,combined,3,3,follower_2,STRAIGHT_3,NONE,TRACK,1.160943001214909,-7.342673714541221,-0.3390569987850911,2.57098816453001,17.2570089875078,0.02499999999999858,0.6,0.7440441738450829,1.717784867124276,0,6.251290798187256
39.124254509999446,combined,3,1,leader,STRAIGHT_3,NONE,TRACK,1.561415960999069,0.5067403324171927,0.061415960999068986,1.5808526020392855,0.728100629828093,0.10500000000000398,0.3786973171869223,0.027565130869526996,2.138905364916571,0,7.982104778289795
39.124254509999446,combined,3,2,follower_1,STRAIGHT_3,NONE,TRACK,1.692024718224233,1.0610442775497704,0.19202471822423295,1.6194239743834944,1.74432578926866,0.09499999999999886,0.40113903026905395,0.06732619460175979,2.2543759484301895,0,12.810585975646973
39.124254509999446,combined,3,3,follower_2,STRAIGHT_3,NONE,TRACK,1.117831982560635,-9.008142307138112,-0.3821680174393649,2.922041999111966,7.6267551299136,0.035000000000003695,0.6,0.2759873631919259,1.6732035025834913,0,6.2151031494140625
39.32500725299906,combined,3,1,leader,STRAIGHT_3,NONE,TRACK,1.5569645321414372,0.4911950930425,0.05696453214143715,1.5756050051306993,0.693540680760057,0.03499999999999659,0.36977677621935146,0.026267823234553022,2.1346526636215732,0,10.761090278625488
39.32500725299906,combined,3,2,follower_1,STRAIGHT_3,NONE,TRACK,1.6859646718024788,0.9324038944728731,0.18596467180247878,1.6237290443901349,1.7006531960259135,0.03499999999999659,0.42031202756460406,0.06536198758818748,2.2490346624198314,0,8.722681999206543
39.32500725299906,combined,3,3,follower_2,STRAIGHT_3,NONE,TRACK,1.100658042675846,-5.738614839517939,-0.3993419573241539,1.630884595379883,-9.232945411181298,0.030000000000001137,0.0,-0.402229749786332,1.6586651481850532,0,6.728985786437988
39.52426351300164,combined,3,1,leader,STRAIGHT_3,NONE,TRACK,1.5536946130214504,0.4687184170391427,0.0536946130214504,1.5723018343879138,0.6790112569782245,0.045000000000001705,0.3648793618653418,0.02578284289292948,2.1315490025437693,0,9.95107364654541
39.52426351300164,combined,3,2,follower_1,STRAIGHT_3,NONE,TRACK,1.6716720982557207,-0.11494426663155795,0.17167209825572072,1.6241625465312985,1.495837720024895,0.045000000000001705,0.4243625683033721,0.057041441319243213,2.2353895157471233,0,9.44769287109375
39.52426351300164,combined,3,3,follower_2,STRAIGHT_3,NONE,TRACK,1.1042815280478409,-2.5003313156403024,-0.39571847195215915,1.1440042577108362,-8.056808214559666,0.10000000000000142,0.0,-0.3353479654370933,1.6630950543309562,0,6.361338138580322
39.72427591000087,combined,3,1,leader,STRAIGHT_3,ACTUATOR_BIAS,PREDICT,1.55805278767036,0.5204319046067377,0.05805278767036004,1.5707837138593197,0.6705087854260783,0.24500000000000455,0.19997392767882025,0.025515729871273696,2.136077485681423,0,7.903343200683594
39.72427591000087,combined,3,2,follower_1,STRAIGHT_3,ACTUATOR_BIAS,TRACK,1.6506828128747115,-1.8034095877466019,0.15068281287471152,1.6136287796543243,0.43759072663406223,0.11000000000000654,0.4136657019193196,0.17275480105263263,2.2148717439173904,0,7.055654048919678
39.72427591000087,combined,3,3,follower_2,STRAIGHT_3,ACTUATOR_BIAS,TRACK,1.1165407506809557,0.32584481292512674,-0.3834592493190443,1.9805289830363582,5.052732213023481,0.035000000000003695,0.6,0.20810035366632634,1.6751016732094846,0,6.585512161254883
39.92482610300067,combined,3,1,leader,STRAIGHT_3,ACTUATOR_BIAS,TRACK,1.5538288992539295,0.4648923145784034,0.05382889925392953,1.5775797036861567,0.6911038406490929,0.03999999999999915,0.36882028982484283,0.026535779144296473,2.1320125623929504,0,15.754928588867188
39.92482610300067,combined,3,2,follower_1,STRAIGHT_3,ACTUATOR_BIAS,TRACK,1.641909632910495,-2.397166404913136,0.14190963291049496,1.6002939781327035,-1.4210182548776353,0.03999999999999915,0.39296598415423645,0.10963227995635635,2.206478568182733,0,13.2886323928833
39.92482610300067,combined,3,3,follower_2,STRAIGHT_3,ACTUATOR_BIAS,TRACK,1.077261993552961,-6.959732061865328,-0.42273800644703896,2.8013342727964075,17.328910491315455,0.10499999999999687,0.6,0.7346361543991348,1.6339748156992193,0,10.602090835571289
40.12418266700115,combined,3,1,leader,STRAIGHT_3,NONE,TRACK,1.550517271177327,0.4257360223806971,0.05051727117732696,1.5746688451352977,0.6477441847584936,0.05000000000000426,0.36548964070852225,0.024653016556260864,2.1288361142951437,0,13.034844398498535
40.12418266700115,combined,3,2,follower_1,STRAIGHT_3,NONE,TRACK,1.6334582369359139,-1.0089760163168513,0.13345823693591385,1.5969835996026691,-2.070046075502961,0.045000000000001705,0.3947805920004659,-0.05924169506268344,2.1986751987696924,0,10.691350936889648
40.12418266700115,combined,3,3,follower_2,STRAIGHT_3,NONE,TRACK,1.0644281876596418,-5.869591766290078,-0.43557181234035824,2.4110893519301357,1.1144931552751245,0.045000000000001705,0.6,0.013693737410114433,1.6246298632389362,0,5.528384208679199
40.32417002299917,combined,3,1,leader,STRAIGHT_3,NONE,TRACK,1.5473222344150364,0.40750174252321947,0.04732223441503636,1.5730531928324647,0.5819365604869241,0.0449999999999946,0.3646915980886319,0.02200892568414247,2.125771916050813,0,11.402690887451172
40.32417002299917,combined,3,2,follower_1,STRAIGHT_3,NONE,TRACK,1.6291666136107723,-0.17423432154443894,0.1291666136107723,1.5839738632702838,-0.7003919617658958,0.0449999999999946,0.3700294650996794,-0.010900138130092695,2.194999342293094,0,7.3463239669799805
40.32417002299917,combined,3,3,follower_2,STRAIGHT_3,NONE,TRACK,1.1248129844735606,-0.6794300896018081,-0.3751870155264394,1.5654788399810202,-5.478305885737666,0.03999999999999915,0.0,-0.2401380907403186,1.6879498452817183,0,11.582490921020508
40.524878447002266,combined,3,1,leader,STRAIGHT_3,NONE,TRACK,1.5440610139863178,0.39910793211505213,0.04406101398631779,1.5716956418069339,0.5456309018152776,0.054999999999999716,0.3640587716771204,0.020605020725186614,2.122634277031795,0,15.234527587890625
40.524878447002266,combined,3,2,follower_1,STRAIGHT_3,NONE,TRACK,1.6272642403481707,0.24644124441192883,0.12726424034817074,1.576018301800193,0.3001932156755823,0.04999999999999716,0.35624642756984354,0.023504309179865058,2.193716338980748,0,12.891956329345703
40.524878447002266,combined,3,3,follower_2,STRAIGHT_3,NONE,TRACK,1.1936263183747207,1.02692723412958,-0.30637368162527934,1.2005687715362927,-0.912337623755065,0.04999999999999716,0.0,-0.04546511677769571,1.7576182318085165,0,9.891069412231445
40.725036733001616,combined,3,1,leader,STRAIGHT_3,NONE,TRACK,1.5408500059016195,0.3816779152688944,0.04085000590161947,1.5707388344426703,0.5370466893219377,0.054999999999999716,0.36411911056457297,0.020389368723741655,2.119534863839922,0,9.599626541137695
40.725036733001616,combined,3,2,follower_1,STRAIGHT_3,NONE,TRACK,1.6259585948999091,0.4627008952054855,0.12595859489990913,1.5736380991285839,0.7350246553752998,0.045000000000001705,0.3545439985853252,0.03630696552624176,2.192993431176795,0,14.451034545898438
40.725036733001616,combined,3,3,follower_2,STRAIGHT_3,NONE,TRACK,1.2210377735216227,-2.598392336397762,-0.2789622264783773,0.9847543070519027,2.7817447458982953,0.045000000000001705,0.0,0.10917717653596208,1.7850211403446092,0,8.447081565856934
40.92422782799986,combined,3,1,leader,STRAIGHT_3,NONE,TRACK,1.5376596719320457,0.3629183304981779,0.03765967193204567,1.5700409938812743,0.522761614750758,0.04999999999999716,0.3644678307931154,0.019866331803964948,2.116445137542642,0,10.171201705932617
40.92422782799986,combined,3,2,follower_1,STRAIGHT_3,NONE,TRACK,1.6244275755855235,0.5879664992626733,0.12442757558552353,1.5716682223956404,1.0575792090137688,0.18500000000000227,0.35311527594827247,0.046193069431050185,2.1920193768342138,0,13.732836723327637
40.92422782799986,combined,3,3,follower_2,STRAIGHT_3,NONE,TRACK,1.173245719306567,-7.344838478727423,-0.32675428069343293,3.3910031509088028,24.157098061730647,0.11999999999999744,0.6,0.8,1.7355341644093023,0,9.043052673339844
41.12488680000024,combined,3,1,leader,STRAIGHT_3,NONE,TRACK,1.5345025895189668,0.3458144154578058,0.034502589518966786,1.5694258471228804,0.4977385687427493,0.060000000000002274,0.364740383561892,0.01889746780140656,2.113381076072085,0,11.474649429321289
41.12488680000024,combined,3,2,follower_1,STRAIGHT_3,NONE,TRACK,1.6216254498153833,0.6788430691507579,0.12162544981538326,1.5741609842455642,1.0864900057702613,0.060000000000002274,0.3623732431065165,0.045195855700377506,2.189765911494335,0,9.783132553100586
41.12488680000024,combined,3,3,follower_2,STRAIGHT_3,NONE,TRACK,1.1887043576715826,-3.6346032322593653,-0.31129564232841744,1.8126407985104247,-6.607383378338459,0.05000000000000426,0.0,-0.29618744651265133,1.7528756808702128,0,8.354842185974121
41.324223920000804,combined,3,1,leader,STRAIGHT_3,NONE,TRACK,1.5311866445120557,0.32060413159389944,0.03118664451205566,1.5686115320452345,0.4915229855336026,0.06499999999999773,0.3642904775356227,0.0187023958297781,2.1101596754279677,0,12.71444320678711
41.324223920000804,combined,3,2,follower_1,STRAIGHT_3,NONE,TRACK,1.6175909214685111,0.7000445316163045,0.11759092146851113,1.5749316304138616,1.2316718514719338,0.04999999999999716,0.3677011990078287,0.04971320816399602,2.186313618092426,0,9.884984016418457
41.324223920000804,combined,3,3,follower_2,STRAIGHT_3,NONE,TRACK,1.2625126113365273,-0.04401042150673668,-0.23748738866347274,1.2301278189685596,-4.620190857523348,0.054999999999999716,0.0,-0.19334749366579487,1.827358427647382,0,12.792516708374023
41.52426493900202,combined,3,1,leader,STRAIGHT_3,NONE,TRACK,1.5286422548069212,0.3021588274376124,0.028642254806921175,1.5674039916224254,0.46726125585631734,0.07000000000000028,0.3626546287839245,0.017729211771621973,2.107694021830866,0,6.125059127807617
41.52426493900202,combined,3,2,follower_1,STRAIGHT_3,NONE,TRACK,1.6131758650385681,0.695420080425193,0.11317586503856814,1.5746747053563157,1.2632301639010781,0.054999999999999716,0.37034576376558376,0.049897498112133475,2.182412154766667,0,14.619888305664062
41.52426493900202,combined,3,3,follower_2,STRAIGHT_3,NONE,TRACK,1.2325136918669652,-4.36672318117916,-0.26748630813303476,2.5960819071970223,15.784818383975292,0.054999999999999716,0.6,0.6720988179476421,1.796710027578777,0,10.733137130737305
41.72582301000148,combined,3,1,leader,STRAIGHT_3,NONE,TRACK,1.5264922156592122,0.28330595666227626,0.026492215659212226,1.565859303149829,0.44789444176239523,0.005000000000002558,0.3597744577765399,0.016976863729535198,2.105616681515616,0,8.052275657653809
41.72582301000148,combined,3,2,follower_1,STRAIGHT_3,NONE,TRACK,1.6088546520132496,0.6730738673800846,0.10885465201324962,1.5738582645395183,1.2740284995787525,0.054999999999999716,0.37133420789413135,0.04968188739119031,2.1785838443495993,0,9.736309051513672
41.72582301000148,combined,3,3,follower_2,STRAIGHT_3,NONE,TRACK,1.1956612690908626,-5.104221760999343,-0.30433873090913743,2.7074386109790836,6.654586334324525,0.054999999999999716,0.6,0.2550388891391907,1.759594264569495,0,12.633221626281738
41.92619145199933,combined,3,1,leader,STRAIGHT_3,NONE,TRACK,1.5244286289067441,0.268666836412069,0.024428628906744132,1.5653491722610158,0.4385233960250716,0.125,0.3592679323008728,0.016661240715127947,2.1036234133960257,0,14.796606063842773
41.92619145199933,combined,3,2,follower_1,STRAIGHT_3,NONE,TRACK,1.6063129760484454,0.5907286013241799,0.10631297604844536,1.568462821253168,1.334210789418353,0.060000000000002274,0.360293161647223,0.05176778654359962,2.1765455144650576,0,11.735584259033203
41.92619145199933,combined,3,3,follower_2,STRAIGHT_3,NONE,TRACK,1.2288139629583088,-1.6177257620819963,-0.2711860370416912,1.9076585978273344,-3.8791931629716503,0.125,0.31976847571416667,-0.17604932805246223,1.7937137053827035,0,8.602603912353516
42.1251748930008,combined,3,1,leader,STRAIGHT_3,NONE,TRACK,1.5224429018103118,0.2700785744088189,0.022442901810311833,1.5646557535009054,0.3814855881290333,0.005000000000002558,0.3581269942329462,0.014377568760242713,2.101706720985572,0,12.331881523132324
42.1251748930008,combined,3,2,follower_1,STRAIGHT_3,NONE,TRACK,1.6040041843899402,0.46538663884703985,0.10400418438994019,1.566397699371779,1.3993779921578189,0.06500000000000483,0.3566298244258453,0.05415271704207007,2.1747688263495477,0,12.423986434936523
42.1251748930008,combined,3,3,follower_2,STRAIGHT_3,NONE,TRACK,1.220551325953776,-5.385951029098168,-0.2794486740462241,2.6441870489804544,10.940933727785902,0.005000000000002558,0.6,0.4740465450289416,1.784320918267853,0,8.318242073059082
42.325165285001276,combined,3,1,leader,STRAIGHT_3,NONE,TRACK,1.5209803371542698,0.2633008210902962,0.020980337154269835,1.5641164538296408,0.37596564586035525,0.0049999999999954525,0.35721446201267176,0.014256801480478051,2.1002978676304958,0,16.605083465576172
42.325165285001276,combined,3,2,follower_1,STRAIGHT_3,NONE,TRACK,1.6020764223263595,0.40100292435962787,0.1020764223263595,1.56584407456583,1.280884288676309,0.0,0.3563025761528383,0.048870798669550644,2.173254800804424,0,12.092333793640137
42.325165285001276,combined,3,3,follower_2,STRAIGHT_3,NONE,TRACK,1.1881423161930786,-5.758208053722413,-0.31185768380692136,3.045381602466521,7.5841042330860144,0.06499999999999773,0.6,0.2832902038210652,1.7516994404842259,0,10.267477035522461
42.525028128002305,combined,3,1,leader,STRAIGHT_3,NONE,TRACK,1.519593877343262,0.24314533703359198,0.01959387734326201,1.5633302000700198,0.38657189788901314,0.00999999999999801,0.35551310594767566,0.01475227204870197,2.0989703966339612,0,7.234615802764893
42.525028128002305,combined,3,2,follower_1,STRAIGHT_3,NONE,PREDICT,1.614180673574489,0.47113446804442993,0.11418067357448902,1.5652875511400444,1.2715014819713624,0.20000000000000284,0.1957062421825063,0.04857602910340751,2.1857977226132697,0,12.092333793640137
42.525028128002305,combined,3,3,follower_2,STRAIGHT_3,NONE,TRACK,1.2446130316798745,-1.6684516416261588,-0.25538696832012553,1.572219071981072,-4.925640683680111,0.005000000000002558,0.0,-0.2252217763288552,1.8094723874554435,0,6.465341091156006
42.725349676002224,combined,3,1,leader,STRAIGHT_3,NONE,TRACK,1.518765604682738,0.2378271941589148,0.018765604682738024,1.5628143345450785,0.3572050531174968,0.07500000000000284,0.35441672362338766,0.013562706232269607,2.0981863801249983,0,17.781618118286133
42.725349676002224,combined,3,2,follower_1,STRAIGHT_3,NONE,TRACK,1.608935290216716,0.4644571397740697,0.108935290216716,1.583301120463209,1.1075828349615695,0.010000000000005116,0.37371517560442213,0.042429537006709844,2.1809217642352463,0,7.962769031524658
42.725349676002224,combined,3,3,follower_2,STRAIGHT_3,NONE,TRACK,1.30855854585983,0.40189883785679453,-0.1914414541401701,1.1778819561408784,-3.2726767906420493,0.06500000000000483,0.0,-0.14176728206006717,1.873816750113001,0,8.078034400939941
42.926791201000015,combined,3,1,leader,STRAIGHT_3,NONE,TRACK,1.5181022910470405,0.23068497050300216,0.01810229104704053,1.5620033739621497,0.33886588501053005,0.0049999999999954525,0.352413357286063,0.0128747558777882,2.097569709988297,0,14.4083833694458
42.926791201000015,combined,3,2,follower_1,STRAIGHT_3,NONE,TRACK,1.6035048411354704,0.4589247210049317,0.10350484113547043,1.579840195907938,1.0892311454039638,0.0049999999999954525,0.37052906073292496,0.04158339873051175,2.17589315756804,0,7.954638957977295
42.926791201000015,combined,3,3,follower_2,STRAIGHT_3,NONE,TRACK,1.3786875485744658,0.875813325121027,-0.12131245142553415,0.9569766066695906,-0.7631493729014489,0.134999999999998,0.0,-0.03311392019623862,1.9441984487290545,0,7.005163192749023
43.12493614200139,combined,3,1,leader,STRAIGHT_3,NONE,TRACK,1.5174895337637286,0.22829215534280478,0.017489533763728637,1.562052664521592,0.3162069146382836,0.015000000000000568,0.35249581435477506,0.011981623326857947,2.09699681376606,0,9.813103675842285
43.12493614200139,combined,3,2,follower_1,STRAIGHT_3,NONE,TRACK,1.599613901124919,0.47617441981760206,0.09961390112491908,1.5755987380293985,1.0261510099620152,0.015000000000000568,0.3642729965413064,0.03896320746096144,2.1723637862906164,0,7.1406378746032715
43.12493614200139,combined,3,3,follower_2,STRAIGHT_3,NONE,TRACK,1.3446353458994094,-3.606980007445294,-0.15536465410059064,2.4807148255562463,14.228953391421337,0.07000000000000028,0.6,0.6026189354941477,1.9098204465271709,0,8.468624114990234
43.32495116800055,combined,3,1,leader,STRAIGHT_3,NONE,TRACK,1.516835687263934,0.22147186808971758,0.01683568726393392,1.562128435539568,0.31578888260180416,0.015000000000000568,0.35264237278179034,0.012024450048616808,2.0963818200897806,0,10.682992935180664
43.32495116800055,combined,3,2,follower_1,STRAIGHT_3,NONE,TRACK,1.5968212153702188,0.5101666580228887,0.09682121537021882,1.5718480520693263,0.9761315971356653,0.015000000000000568,0.35841358879597335,0.03702894402792504,2.169932119880736,0,6.588167190551758
43.32495116800055,combined,3,3,follower_2,STRAIGHT_3,NONE,TRACK,1.312378307032549,-3.461517596793528,-0.18762169296745101,1.840646511929655,-0.4738389154771009,0.00999999999999801,0.6,-0.028638440745206294,1.8779632765808807,0,7.2730889320373535
43.524581850000686,combined,3,1,leader,STRAIGHT_3,NONE,TRACK,1.5161961722852397,0.21672274587612658,0.01619617228523973,1.5622354504169962,0.2971709081977075,0.00999999999999801,0.35289196467841555,0.011285191009953954,2.095776393566248,0,15.319413185119629
43.524581850000686,combined,3,2,follower_1,STRAIGHT_3,NONE,TRACK,1.5947854620667556,0.5500372419335198,0.09478546206675564,1.569514658640244,0.9422196972048252,0.00999999999999801,0.3553135607102098,0.03574379938567483,2.1682277936496734,0,12.314678192138672
43.524581850000686,combined,3,3,follower_2,STRAIGHT_3,NONE,TRACK,1.3760375258593216,-1.2223139094652127,-0.1239624741406784,1.4231272233404892,-2.378088103361413,0.00999999999999801,0.0,-0.09987271872590972,1.942324808095146,0,9.267603874206543
43.72428620299979,combined,3,1,leader,STRAIGHT_3,NONE,TRACK,1.5156315870430705,0.20886999456169894,0.01563158704307055,1.5619880431130484,0.2954456405968779,0.010000000000005116,0.35221976111193654,0.01125432178318157,2.0952473632808903,0,7.036972999572754
43.72428620299979,combined,3,2,follower_1,STRAIGHT_3,NONE,TRACK,1.5921495994089319,0.6075865385582699,0.09214959940893186,1.569274797862125,0.8978023679923455,0.015000000000000568,0.3569697492931802,0.034047114840847416,2.165948976391524,0,12.086372375488281
43.72428620299979,combined,3,3,follower_2,STRAIGHT_3,NONE,TRACK,1.4494167515174514,0.15448781365477798,-0.05058324848254858,1.3172048515872454,-0.8798325406838062,0.010000000000005116,0.0,-0.03256451021449119,2.016094228947425,0,7.66038179397583
43.924599314999796,combined,3,1,leader,STRAIGHT_3,NONE,TRACK,1.5152484379372386,0.20220037246935924,0.015248437937238624,1.5617044818473798,0.27790624674704834,0.015000000000000568,0.35144511647333443,0.010552338130566354,2.0948938657851257,0,12.342573165893555
43.924599314999796,combined,3,2,follower_1,STRAIGHT_3,NONE,TRACK,1.589594813767816,0.6584606742122435,0.08959481376781597,1.5686836019538284,0.8779958858191665,0.00999999999999801,0.35745522272203295,0.03336571512600094,2.163705191579434,0,15.697503089904785
43.924599314999796,combined,3,3,follower_2,STRAIGHT_3,NONE,TRACK,1.5161006481385548,0.26717885529652086,0.01610064813855483,1.33294702185877,1.101437008047684,0.00999999999999801,0.0,0.04792959389678014,2.0830499776708558,0,10.344084739685059
44.12453504400037,combined,3,1,leader,STRAIGHT_3,NONE,TRACK,1.514935039550723,0.19776967723839362,0.014935039550723062,1.5616355726027564,0.2645188167260479,0.030000000000001137,0.3511669959624115,0.010022666319532778,2.0946091589497247,0,6.547050952911377
44.12453504400037,combined,3,2,follower_1,STRAIGHT_3,NONE,TRACK,1.5866816445899488,0.686533699911442,0.08668164458994876,1.5684051712389668,0.8933263649445965,0.08500000000000085,0.3583694071553426,0.034075027363082,2.1611092412074213,0,7.104668140411377
44.12453504400037,combined,3,3,follower_2,STRAIGHT_3,NONE,TRACK,1.586529502975099,0.467552412244917,0.08652950297509898,1.3891538330901172,0.8881389225110682,0.02499999999999858,0.0,0.03699656592375606,2.1536997529819937,0,6.6064019203186035
44.324308604002,combined,3,1,leader,STRAIGHT_3,NONE,TRACK,1.514739793555025,0.19205609365688503,0.014739793555025082,1.5614943743506433,0.25534491786726393,0.02999999999999403,0.3506970633864962,0.009696157139108928,2.094438475135767,0,7.962539196014404
44.324308604002,combined,3,2,follower_1,STRAIGHT_3,NONE,TRACK,1.5839343629370457,0.6758443621578579,0.0839343629370457,1.5677106756537251,0.9439364067656253,0.0799999999999983,0.3581950075810904,0.03613949295550774,2.1586432219063925,0,12.105820655822754
44.324308604002,combined,3,3,follower_2,STRAIGHT_3,NONE,TRACK,1.6298517712611225,0.48800471335243245,0.12985177126112246,1.4695906547958506,1.111357672736198,0.01999999999999602,0.08631889536610574,0.045519377986555906,2.1971855178440265,0,8.340141296386719
44.524441362998914,combined,3,1,leader,STRAIGHT_3,NONE,TRACK,1.5146541702786203,0.18649896143418462,0.01465417027862026,1.5612296044678846,0.24614432894930496,0.02499999999999858,0.349899292409791,0.009333525104930247,2.094376140461254,0,17.03416633605957
44.524441362998914,combined,3,2,follower_1,STRAIGHT_3,NONE,TRACK,1.5812462252372497,0.6522032148325997,0.08124622523724967,1.567088636622377,0.9434753988798436,0.08500000000000085,0.35803915905181266,0.036120725634063364,2.1562312294915102,0,12.705793380737305
44.524441362998914,combined,3,3,follower_2,STRAIGHT_3,NONE,TRACK,1.6476664312575287,0.5896017537819671,0.14766643125752865,1.5283982516850831,1.0699875139641857,0.08500000000000085,0.22097764607018064,0.04264610175013027,2.2151812777966704,0,10.941128730773926
44.725215160000516,combined,3,1,leader,STRAIGHT_3,NONE,TRACK,1.514478354495216,0.18260876990613675,0.014478354495216061,1.5614802569418713,0.23267906440945732,0.025000000000005684,0.3503916808336992,0.008813106187441393,2.094223921997035,0,6.374025821685791
44.725215160000516,combined,3,2,follower_1,STRAIGHT_3,NONE,TRACK,1.5788988476468506,0.6341341350213308,0.07889884764685062,1.5655207616747877,0.90676815220215,0.025000000000005684,0.3554155316827145,0.03458832367099047,2.1541751770111017,0,13.786728858947754
44.725215160000516,combined,3,3,follower_2,STRAIGHT_3,NONE,TRACK,1.6448006806150404,0.7081119645330491,0.14480068061504037,1.5792775427655013,1.023163634810141,0.025000000000005684,0.3498904673642372,0.040141709162489395,2.2125586452041057,0,11.781256675720215
44.92415940399951,combined,3,1,leader,STRAIGHT_3,NONE,TRACK,1.529068825448106,0.18902482265873682,0.02906882544810596,1.561630155840718,0.22764052122603667,0.1700000000000017,0.3506487850168308,0.00865018159201766,2.108830177669356,0,6.374025821685791
44.92415940399951,combined,3,2,follower_1,STRAIGHT_3,NONE,TRACK,1.5621986671946282,0.5438585286769357,0.06219866719462819,1.565412967295137,0.8753593045128863,0.01999999999999602,0.35605803716861734,0.03334004828114706,2.137681418620485,0,5.715487957000732
44.92415940399951,combined,3,3,follower_2,STRAIGHT_3,NONE,TRACK,1.6365519919133784,0.7583978328976079,0.1365519919133784,1.5925927620716203,1.1353273391018865,0.01999999999999602,0.38984612648945205,0.044425588872524235,2.204551317485182,0,8.852912902832031
45.124462889001734,combined,3,1,leader,STRAIGHT_3,NONE,PREDICT,1.5423470474619334,0.22218057624338508,0.04234704746193341,1.5819199995798268,0.2220022466039909,0.37000000000000455,0.20234233370729032,0.008473049970702253,2.1221310103951105,0,8.538694381713867
45.124462889001734,combined,3,2,follower_1,STRAIGHT_3,NONE,TRACK,1.5508073550857284,0.48068240541465873,0.05080735508572842,1.5612070639817264,0.8273289484536893,0.035000000000003695,0.3460951550499103,0.031407108802609385,2.126518487400281,0,12.580537796020508
45.124462889001734,combined,3,3,follower_2,STRAIGHT_3,NONE,TRACK,1.6247246795597883,0.5754606208874453,0.12472467955978828,1.5861429214495293,1.4166114875922355,0.09499999999999886,0.38060409115356153,0.05550566842482429,2.1930457985848406,0,8.963553428649902
45.32467402800103,combined,3,1,leader,STRAIGHT_3,NONE,TRACK,1.5377464923814312,0.184103339731155,0.03774649238143124,1.5880658410870907,0.2837151635057418,0.09499999999999886,0.3730625291627606,0.010913702214668222,2.117547751846251,0,6.813803195953369
45.32467402800103,combined,3,2,follower_1,STRAIGHT_3,NONE,TRACK,1.5611413263887388,0.5774934637628746,0.061141326388738815,1.5487535635050607,0.6920951084893785,0.09499999999999886,0.3146821282201922,0.02597769911112238,2.1370688496694754,0,8.637870788574219
45.32467402800103,combined,3,3,follower_2,STRAIGHT_3,NONE,TRACK,1.611667996284735,0.5835206275277369,0.1116679962847349,1.5808681803942315,1.1491565467139417,0.02999999999999403,0.3730130617154006,0.043774445888039734,2.18026320518948,0,5.769495010375977
45.52594670600229,combined,3,1,leader,STRAIGHT_3,NONE,TRACK,1.5418679579638277,0.21475596292034785,0.041867957963827696,1.5838045425463516,0.25285999728858544,0.15499999999999403,0.3709330461059861,0.00962391763576699,2.1216836760414686,0,11.064702033996582
45.52594670600229,combined,3,2,follower_1,STRAIGHT_3,NONE,TRACK,1.561776920681269,0.5600307563899168,0.061776920681269054,1.552788628451399,0.8134505683491461,0.01999999999999602,0.3221567205021743,0.03114442940385594,2.1379367177609816,0,10.039676666259766
45.52594670600229,combined,3,3,follower_2,STRAIGHT_3,NONE,TRACK,1.6019560176284484,0.5839239685577539,0.10195601762844841,1.5719165527138637,1.1283754546941511,0.01999999999999602,0.36245530235288376,0.04270616952790463,2.170752179085261,0,6.742312908172607
45.72439412600215,combined,3,1,leader,STRAIGHT_3,NONE,TRACK,1.537052192777847,0.1938092974247226,0.037052192777847104,1.5872432071098626,0.2122472085708696,0.04000000000000625,0.37440656782516124,0.00802398527600324,2.116883155914173,0,9.387038230895996
45.72439412600215,combined,3,2,follower_1,STRAIGHT_3,NONE,TRACK,1.5692646198972493,0.5641228055214466,0.0692646198972493,1.5563055123607512,0.8210608854123467,0.10000000000000142,0.3296034456056981,0.031468586948395806,2.1456386530941884,0,9.058231353759766
45.72439412600215,combined,3,3,follower_2,STRAIGHT_3,NONE,TRACK,1.6108227242343731,0.5170734682300061,0.11082272423437312,1.5704694144143867,1.1295536952975165,0.1700000000000017,0.35527836449835637,0.043245008581407195,2.179814767601369,0,6.742312908172607
45.924591030001466,combined,3,1,leader,STRAIGHT_3,NONE,TRACK,1.5324681057285037,0.15794470703603788,0.03246810572850367,1.5844572870877847,0.240024726746138,0.03999999999999915,0.37393090609700935,0.0092147786365857,2.112312650928617,0,10.488554954528809
45.924591030001466,combined,3,2,follower_1,STRAIGHT_3,NONE,TRACK,1.5732467107522068,0.5654372375092005,0.07324671075220679,1.562786968303489,0.8011432085283774,0.030000000000001137,0.34536324017064174,0.030659492293846687,2.149810806296333,0,9.48705005645752
45.924591030001466,combined,3,3,follower_2,STRAIGHT_3,NONE,TRACK,1.6103576779082769,0.566643791345338,0.11035767790827689,1.5740633827963533,1.1061129877129132,0.030000000000001137,0.341396832291998,0.04243155895847743,2.179583746715028,0,9.17581558227539
46.12424230200122,combined,3,1,leader,STRAIGHT_3,NONE,TRACK,1.5287248257350312,0.13421211555727158,0.028724825735031212,1.5804405579067795,0.21842193933855902,0.03999999999999915,0.369771758883716,0.008317725328785589,2.108581305711032,0,18.220439910888672
46.12424230200122,combined,3,2,follower_1,STRAIGHT_3,NONE,TRACK,1.573057003391739,0.562210043826921,0.07305700339173904,1.569297644384485,0.7871045207389115,0.03999999999999915,0.36221131967441045,0.03009470480790695,2.149804627053888,0,10.890302658081055
46.12424230200122,combined,3,3,follower_2,STRAIGHT_3,NONE,TRACK,1.6138947031026802,0.6283429776463626,0.11389470310268024,1.5694427588059996,1.1149331270415537,0.03999999999999915,0.334508469495654,0.042864289860594734,2.183382261492799,0,8.240212440490723
46.32439323700237,combined,3,1,leader,STRAIGHT_3,NONE,TRACK,1.525315098767263,0.12954699043093318,0.02531509876726301,1.577343310748817,0.1760727910450715,0.0449999999999946,0.36684562395786147,0.006605137980929075,2.10518321533639,0,12.181733131408691
46.32439323700237,combined,3,2,follower_1,STRAIGHT_3,NONE,TRACK,1.5699097907870714,0.5466071898706508,0.06990979078707138,1.573604160468874,0.7769301172755502,0.10999999999999943,0.3749592899620954,0.02968097551416269,2.146858744641927,0,10.585113525390625
46.32439323700237,combined,3,3,follower_2,STRAIGHT_3,NONE,TRACK,1.6182429821891524,0.6985934453686663,0.11824298218915241,1.5704459891235918,1.127563799196283,0.03999999999999915,0.34082014923391646,0.043338656378813484,2.1880234550799083,0,7.380167007446289
46.52439706600126,combined,3,1,leader,STRAIGHT_3,NONE,TRACK,1.5223721065236484,0.13338639555500095,0.022372106523648405,1.5746701773577678,0.15298378951084893,0.04999999999999716,0.36420833810045455,0.005718171717933572,2.1022511249384404,0,6.864781856536865
46.52439706600126,combined,3,2,follower_1,STRAIGHT_3,NONE,TRACK,1.5654280619583487,0.5278666097929238,0.06542806195834872,1.5742518370975012,0.7797173030272739,0.17999999999999972,0.37917896103465426,0.029800159357928183,2.1425754856542167,0,6.072437763214111
46.52439706600126,combined,3,3,follower_2,STRAIGHT_3,NONE,TRACK,1.6204003287035758,0.7191799587718865,0.12040032870357575,1.575434598117474,1.2133399488423318,0.045000000000001705,0.35757757902259446,0.046883173000241085,2.1904927829822105,0,5.434999942779541
46.7244554300014,combined,3,1,leader,STRAIGHT_3,NONE,TRACK,1.5199173371554031,0.1340663425500841,0.019917337155403114,1.5727659182688207,0.1456986115706698,0.05000000000000426,0.362752179666285,0.005476266265277215,2.099805733502717,0,15.873492240905762
46.7244554300014,combined,3,2,follower_1,STRAIGHT_3,NONE,TRACK,1.5609158167812052,0.5043717202957032,0.06091581678120517,1.5748068131318946,0.7526132492948077,0.045000000000001705,0.38276619942508955,0.02876103188481505,2.138234511387269,0,14.519824981689453
46.7244554300014,combined,3,3,follower_2,STRAIGHT_3,NONE,TRACK,1.6210825348613151,0.6792757570634541,0.12108253486131515,1.5760162476311177,1.3167494010275542,0.045000000000001705,0.3631531152417767,0.05097366803961665,2.191462749591963,0,8.422635078430176
46.92484900300042,combined,3,1,leader,STRAIGHT_3,NONE,TRACK,1.5176546572623029,0.13387613196442777,0.017654657262302864,1.5709601320475028,0.14601619161739016,0.054999999999999716,0.36098632153127075,0.005522364526228634,2.0975527966432965,0,8.623899459838867
46.92484900300042,combined,3,2,follower_1,STRAIGHT_3,NONE,TRACK,1.5561462460186994,0.4881753725148671,0.05614624601869944,1.5730513952869043,0.7371182731488943,0.17999999999999972,0.3806724106853378,0.028120585382381345,2.1336442722492044,0,11.476140022277832
46.92484900300042,combined,3,3,follower_2,STRAIGHT_3,NONE,TRACK,1.6174480891591518,0.6565109915944056,0.11744808915915184,1.580774216771712,1.2814677840447897,0.03999999999999915,0.3799568605874634,0.04914467193977827,2.1881607074181866,0,10.27763557434082
47.12432446399907,combined,3,1,leader,STRAIGHT_3,NONE,TRACK,1.5163054831697989,0.13218757964650057,0.01630548316979885,1.5689747750034242,0.1427071014219429,0.054999999999999716,0.3582849210788102,0.005414312577457518,2.09621059222769,0,10.789159774780273
47.12432446399907,combined,3,2,follower_1,STRAIGHT_3,NONE,TRACK,1.552737729652727,0.4828380444421823,0.05273772965272694,1.5700611701078784,0.6693790715594234,0.054999999999999716,0.3750256496897127,0.02541914125288434,2.13036458329371,0,7.390580177307129
47.12432446399907,combined,3,3,follower_2,STRAIGHT_3,NONE,TRACK,1.6127276741688412,0.6306757788622934,0.11272767416884122,1.583371984104493,1.2274468427695913,0.05000000000000426,0.39123228159408685,0.0468301159640315,2.1837015224052814,0,6.2074151039123535
47.3242682170021,combined,3,1,leader,STRAIGHT_3,NONE,TRACK,1.5228921140175449,0.1859838361606142,0.022892114017544873,1.567551067044535,0.14129945991017936,0.125,0.3565252153348378,0.005376065271163039,2.102804567454969,0,6.585638046264648
47.3242682170021,combined,3,2,follower_1,STRAIGHT_3,NONE,TRACK,1.5419438352173365,0.4415538465244499,0.04194383521733647,1.5671908363233142,0.6603567619924487,0.054999999999999716,0.36898239469229444,0.025118334417110103,2.11974029665928,0,6.254180908203125
47.3242682170021,combined,3,3,follower_2,STRAIGHT_3,NONE,TRACK,1.605316534455549,0.5621093621735557,0.1053165344555489,1.5817045762682227,1.2707524041268694,0.0449999999999946,0.3915755792737155,0.048641090565763254,2.1765979916601883,0,13.473060607910156
47.52505444200142,combined,3,1,leader,STRAIGHT_3,NONE,TRACK,1.492355391663412,0.2480219295144183,-0.007644608336587977,1.5749684970566142,0.1387956609319444,0.060000000000002274,0.35981149025487147,0.005295912142034408,2.072290389888101,0,6.5774102210998535
47.52505444200142,combined,3,2,follower_1,STRAIGHT_3,NONE,TRACK,1.541163008587633,0.43140114896901544,0.04116300858763311,1.564844331951222,0.6466081669521574,0.13000000000000256,0.36389068547109954,0.024616995137207623,2.119082162488327,0,10.271556854248047
47.52505444200142,combined,3,3,follower_2,STRAIGHT_3,NONE,TRACK,1.5985387210460027,0.5162880356791439,0.0985387210460027,1.5783818445560753,1.2202366877055557,0.04999999999999716,0.3871490154597906,0.04650941501509566,2.170078343269053,0,8.887286186218262
47.72445668,combined,3,1,leader,COMPLETE,NONE,TRACK,1.4260546242010217,0.11069066045345127,-0.07394537579897831,1.5640655192977075,0.2558524408022276,0.054999999999999716,0.33803308120074205,0.00999973808740268,2.005992317714253,0,14.273808479309082
47.72445668,combined,3,2,follower_1,COMPLETE,NONE,TRACK,1.5353470745231064,0.38521090392301055,0.03534707452310637,1.5596444825004365,0.6090539756743673,0.054999999999999716,0.3510834747570588,0.02314668693477899,2.1133439520022463,0,11.460062980651855
47.72445668,combined,3,3,follower_2,COMPLETE,NONE,TRACK,1.5917190518982725,0.4912844370040538,0.09171905189827245,1.5731679252595978,1.1324409884458735,0.05000000000000426,0.3769372090823299,0.04289191401151484,2.163522635596227,0,10.807341575622559
47.92421056000239,combined,3,1,leader,COMPLETE,NONE,TRACK,1.381502007032188,0.02844808453446882,-0.11849799296781205,1.5263765607502846,0.13964866891352232,0.04999999999999716,0.2521605090739972,0.00514321319083573,1.9614402001805156,0,14.5792875289917
47.92421056000239,combined,3,2,follower_1,COMPLETE,NONE,TRACK,1.5112233141629767,0.2829507259317413,0.011223314162976727,1.5579998745332102,0.5756771358429357,0.054999999999999716,0.34618402160514183,0.02181152406559124,2.0892873141601176,0,12.658963203430176
47.92421056000239,combined,3,3,follower_2,COMPLETE,NONE,TRACK,1.5865493376803883,0.48496015547596016,0.0865493376803883,1.5664282900173447,1.0811506464089633,0.045000000000001705,0.36180879142234373,0.04095925712795677,2.158613273643898,0,8.222519874572754
48.12443445000099,combined,3,1,leader,COMPLETE,NONE,TRACK,1.3590774670919692,-0.020042506461482704,-0.1409225329080308,1.4790869229098094,0.11002256388471618,0.060000000000002274,0.1325361398708948,0.0040886620782844205,1.9390156865115797,0,15.761693000793457
48.12443445000099,combined,3,2,follower_1,COMPLETE,NONE,TRACK,1.4691721791113972,0.13055583175193397,-0.030827820888602808,1.5499099612833958,0.5025209891444752,0.060000000000002274,0.3240650147258847,0.0188560747564276,2.0472725235349647,0,11.54047966003418
48.12443445000099,combined,3,3,follower_2,COMPLETE,NONE,TRACK,1.5765544198258157,0.4624626859037704,0.07655441982581568,1.5616396667055978,1.003560033728835,0.060000000000002274,0.35027119409126173,0.03792342283084432,2.1488952282023663,0,9.332527160644531
48.32558037700073,combined,3,1,leader,COMPLETE,NONE,TRACK,1.3563149796139589,-0.0025254782067765935,-0.14368502038604114,1.4393279308759568,-0.013967409486172266,0.0049999999999954525,0.013981970476235957,-0.0009998703361131817,1.9362532091906242,0,7.488985061645508
48.32558037700073,combined,3,2,follower_1,COMPLETE,NONE,TRACK,1.4213152766717527,-0.009269588010137352,-0.07868472332824727,1.536977290104466,0.373362786441979,0.125,0.2870207637748743,0.013723176413844164,1.9994381470615465,0,12.538765907287598
48.32558037700073,combined,3,3,follower_2,COMPLETE,NONE,TRACK,1.5612632898807184,0.4201101351811106,0.061263289880718386,1.556813264535819,0.9156708889542166,0.06499999999999773,0.33751557930469245,0.0345036189618697,2.133876770101848,0,6.35476016998291
48.5263312499992,combined,3,1,leader,COMPLETE,NONE,TRACK,1.356315010507575,0.009801515119508847,-0.14368498949242503,1.4237264886354153,-0.011992654731036374,0.005000000000002558,0.0,-0.0006149212405546311,1.9362532367106848,0,7.805452823638916
48.5263312499992,combined,3,2,follower_1,COMPLETE,NONE,TRACK,1.3885080241127268,-0.10075392307404173,-0.11149197588727322,1.4935373705487678,0.1700278551665455,0.10999999999999943,0.16978547790026696,0.00615982591065117,1.9666402125664217,0,10.599414825439453
48.5263312499992,combined,3,3,follower_2,COMPLETE,NONE,TRACK,1.530790696544927,0.2651819807606932,0.030790696544926943,1.5519149769460032,0.844477954571344,0.125,0.3238599578492365,0.03183443106822328,2.1036062941153384,0,11.941139221191406
48.72494459700101,combined,3,1,leader,COMPLETE,NONE,PREDICT,1.3563150150831615,0.007675268537182842,-0.14368498491683845,1.428343198970701,-0.01576879636787355,0.2050000000000054,0.0,-0.000733552228806653,1.9362532425592962,0,19.62503433227539
48.72494459700101,combined,3,2,follower_1,COMPLETE,NONE,TRACK,1.3753640723378278,-0.1921320949502173,-0.12463592766217224,1.4633048684531975,0.15315809557013094,0.06500000000000483,0.0884865738598472,0.005377805360664682,1.9534953511491904,0,18.82304573059082
48.72494459700101,combined,3,3,follower_2,COMPLETE,NONE,TRACK,1.4878551393488975,-0.0033498632843285536,-0.01214486065110254,1.5325487587768822,0.6692831415998705,0.06500000000000483,0.2734257005652632,0.024971961866300893,2.060716396614559,0,10.682412147521973
48.92715594100082,combined,3,1,leader,COMPLETE,NONE,TRACK,1.3563149877453018,-0.0009747756170464145,-0.1436850122546982,1.412876017072431,0.017834124056704845,0.054999999999999716,0.0,0.0006697178063906108,1.9362532174663192,0,8.95584487915039
48.92715594100082,combined,3,2,follower_1,COMPLETE,NONE,TRACK,1.3730768808403626,-0.22870642809726813,-0.1269231191596374,1.425936030387163,0.06735173091790717,0.05000000000000426,0.04508922810380184,0.004593952982600297,1.951202912884393,0,10.672303199768066
48.92715594100082,combined,3,3,follower_2,COMPLETE,NONE,TRACK,1.458109627571796,-0.18204979124968182,-0.04189037242820404,1.5075518403014088,0.4526491560122005,0.10999999999999943,0.20299244067149302,0.01643284293647322,2.0309706460054326,0,6.782825946807861
49.12638148200131,combined,3,1,leader,COMPLETE,NONE,PREDICT,1.3563149751633052,0.0012877172660033637,-0.14368502483669476,1.4116167800039188,0.016226612977451215,0.2049999999999983,0.0,0.0006005186600775182,1.9362532049572947,0,8.95584487915039
49.12638148200131,combined,3,2,follower_1,COMPLETE,NONE,TRACK,1.373075570116873,-0.22101704558440377,-0.1269244298831269,1.4144833788096403,0.021546351950466256,0.07500000000000284,0.0,0.0004724383978804438,1.9512029137148397,0,9.288960456848145
49.12638148200131,combined,3,3,follower_2,COMPLETE,NONE,TRACK,1.4382421456693617,-0.3450064418469995,-0.061757854330638295,1.4799679933663588,0.30202023671459305,0.06500000000000483,0.12599826949369314,0.010634395487198791,2.01111701265277,0,9.916350364685059
49.32501059900096,combined,3,1,leader,COMPLETE,NONE,TRACK,1.356315002251657,0.010644070164984207,-0.14368499774834298,1.4089177122494412,-0.01934315440523943,0.0049999999999954525,0.0,-0.0007719272686791571,1.9362532279217266,0,16.787487030029297
49.32501059900096,combined,3,2,follower_1,COMPLETE,NONE,TRACK,1.373070498719124,-0.21448153460067698,-0.126929501280876,1.4015528296189628,-0.01865858919142945,0.12999999999999545,0.0,-0.00100966976989446,1.951202861890722,0,14.862634658813477
49.32501059900096,combined,3,3,follower_2,COMPLETE,NONE,TRACK,1.4349866450761535,-0.39910434148582363,-0.06501335492384652,1.451725584260793,0.19150807062255965,0.054999999999999716,0.03914926906131717,0.0065281611730253295,2.007866402224835,0,10.437370300292969
49.528448172000935,combined,3,1,leader,COMPLETE,NONE,TRACK,1.3563149801698544,-0.0016471831319034653,-0.1436850198301456,1.4080356922358197,0.010701594176898064,0.005000000000002558,0.0,0.0004951182525652543,1.9362532098888747,0,13.534870147705078
49.528448172000935,combined,3,2,follower_1,COMPLETE,NONE,TRACK,1.3730771878265262,-0.23005883844059416,-0.1269228121734738,1.3928509047620676,0.01784114561002849,0.0,0.0,0.0006480772564100691,1.9512028460259507,0,10.717791557312012
49.528448172000935,combined,3,3,follower_2,COMPLETE,NONE,TRACK,1.4350011998628138,-0.4288036326730455,-0.06499880013718617,1.4374918820896145,0.07314819894015907,0.060000000000002274,0.0,0.0020433349312197324,2.007866453675513,0,11.53929615020752
49.736708022999665,combined,3,1,leader,COMPLETE,NONE,TRACK,1.3563149635429848,-0.010390244888434933,-0.14368503645701525,1.4076487919259009,0.013002127073273154,0.054999999999999716,0.0,0.0005673916250311906,1.9362531896983126,0,11.996810913085938
49.736708022999665,combined,3,2,follower_1,COMPLETE,NONE,TRACK,1.3730818011198578,-0.23000562045129816,-0.12691819888014222,1.3912951045989597,0.01702205209041664,0.10000000000000142,0.0,0.0006223446745719131,1.9512028574012443,0,8.57385540008545
49.736708022999665,combined,3,3,follower_2,COMPLETE,NONE,TRACK,1.4349998921342377,-0.4394842812556786,-0.06500010786576227,1.4334477718456948,0.052034131061268314,0.09499999999999886,0.0,0.0016624119619866493,2.0078664719979487,0,11.53929615020752
49.92455415400036,combined,3,1,leader,COMPLETE,NONE,TRACK,1.3563149701722794,0.005057134832962687,-0.14368502982772058,1.408286627701411,-0.02205130667843758,0.00999999999999801,0.0,-0.0009651626845337898,1.9362531991663496,0,12.745038032531738
49.92455415400036,combined,3,2,follower_1,COMPLETE,NONE,TRACK,1.3730735124873452,-0.22243587880120766,-0.12692648751265478,1.3893112416798923,-0.0071086808455540626,0.125,0.0,-0.000334913767194044,1.9512028178612497,0,18.344900131225586
49.92455415400036,combined,3,3,follower_2,COMPLETE,NONE,TRACK,1.434995454289939,-0.45222926377540107,-0.06500454571006098,1.4223711875356466,0.036800457220196266,0.06499999999999773,0.0,0.0010871645863440478,2.0078665096361576,0,13.524491310119629
