elapsed_s,scenario,follower_count,follower_index,predecessor,route_state,event,control_state,true_range_m,true_bearing_deg,spacing_error_m,estimated_range_m,estimated_bearing_deg,measurement_age_s,linear_cmd_mps,angular_cmd_rps,center_distance_m,collision_sample,inference_ms
1.8188510420004604,combined,3,1,leader,SETTLE,NONE,SAFE_STOP,1.42,3.2256490062403666e-18,-0.08000000000000007,nan,nan,-1.0,0.0,0.0,2.0,0,
1.8188510420004604,combined,3,2,follower_1,SETTLE,NONE,UNSEEN,1.42,3.2256490062403666e-18,-0.08000000000000007,nan,nan,inf,0.0,0.0,2.0,0,
1.8188510420004604,combined,3,3,follower_2,SETTLE,NONE,SAFE_STOP,1.42,4.044560527688829e-18,-0.08000000000000007,nan,nan,-1.0,0.0,0.0,2.0,0,
2.018888815000537,combined,3,1,leader,SETTLE,NONE,SAFE_STOP,1.42,3.2256490062403666e-18,-0.08000000000000007,nan,nan,-1.0,0.0,0.0,2.0,0,
2.018888815000537,combined,3,2,follower_1,SETTLE,NONE,UNSEEN,1.42,3.2256490062403666e-18,-0.08000000000000007,nan,nan,inf,0.0,0.0,2.0,0,
2.018888815000537,combined,3,3,follower_2,SETTLE,NONE,SAFE_STOP,1.42,4.044560527688829e-18,-0.08000000000000007,nan,nan,-1.0,0.0,0.0,2.0,0,
2.2194810529981623,combined,3,1,leader,SETTLE,NONE,SAFE_STOP,1.42,3.2256490062403666e-18,-0.08000000000000007,nan,nan,-1.0,0.0,0.0,2.0,0,
2.2194810529981623,combined,3,2,follower_1,SETTLE,NONE,UNSEEN,1.42,3.2256490062403666e-18,-0.08000000000000007,nan,nan,inf,0.0,0.0,2.0,0,
2.2194810529981623,combined,3,3,follower_2,SETTLE,NONE,SAFE_STOP,1.42,4.044560527688829e-18,-0.08000000000000007,nan,nan,-1.0,0.0,0.0,2.0,0,
2.419154148999951,combined,3,1,leader,SETTLE,NONE,SAFE_STOP,1.42,3.2256490062403666e-18,-0.08000000000000007,nan,nan,-1.0,0.0,0.0,2.0,0,
2.419154148999951,combined,3,2,follower_1,SETTLE,NONE,UNSEEN,1.42,3.2256490062403666e-18,-0.08000000000000007,nan,nan,inf,0.0,0.0,2.0,0,
2.419154148999951,combined,3,3,follower_2,SETTLE,NONE,SAFE_STOP,1.42,4.044560527688829e-18,-0.08000000000000007,nan,nan,-1.0,0.0,0.0,2.0,0,
2.620052483998734,combined,3,1,leader,SETTLE,NONE,SAFE_STOP,1.42,3.2256490062403666e-18,-0.08000000000000007,nan,nan,-1.0,0.0,0.0,2.0,0,
2.620052483998734,combined,3,2,follower_1,SETTLE,NONE,UNSEEN,1.42,3.2256490062403666e-18,-0.08000000000000007,nan,nan,inf,0.0,0.0,2.0,0,
2.620052483998734,combined,3,3,follower_2,SETTLE,NONE,SAFE_STOP,1.42,4.044560527688829e-18,-0.08000000000000007,nan,nan,-1.0,0.0,0.0,2.0,0,
3.149001876998227,combined,3,1,leader,SETTLE,NONE,SAFE_STOP,1.4200000035326443,0.009958040830829637,-0.07999999646735567,nan,nan,-1.0,0.0,0.0,2.0000000000002434,0,1384.7794189453125
3.149001876998227,combined,3,2,follower_1,SETTLE,NONE,SAFE_STOP,1.420000003828998,0.0017573013141519583,-0.07999999617100206,nan,nan,-1.0,0.0,0.0,1.9999999999997566,0,
3.149001876998227,combined,3,3,follower_2,SETTLE,NONE,SAFE_STOP,1.42,4.044560527688829e-18,-0.08000000000000007,nan,nan,-1.0,0.0,0.0,2.0,0,
3.292978425997717,combined,3,1,leader,SETTLE,NONE,TRACK,1.4200000062120006,0.013205112973789644,-0.07999999378799938,1.4759919384910192,-0.031748476300596504,0.02499999999999991,0.0,-0.0009974077990862363,2.0000000000003584,0,11.35129165649414
3.292978425997717,combined,3,2,follower_1,SETTLE,NONE,SAFE_STOP,1.4200000067332705,0.0023303140333574526,-0.07999999326672946,nan,nan,-1.0,0.0,0.0,1.9999999999996416,0,
3.292978425997717,combined,3,3,follower_2,SETTLE,NONE,SAFE_STOP,1.42,4.044560527688829e-18,-0.08000000000000007,nan,nan,-1.0,0.0,0.0,2.0,0,
3.4198111609985062,combined,3,1,leader,SETTLE,NONE,TRACK,1.4200000038172906,0.010351712590456244,-0.07999999618270937,1.4760944251152974,-0.003882525487663251,0.004999999999999893,0.0,0.00014074091454728272,2.000000000000076,0,15.465441703796387
3.4198111609985062,combined,3,2,follower_1,SETTLE,NONE,SAFE_STOP,1.4200000041379133,0.0018267728000420308,-0.07999999586208673,nan,nan,-1.0,0.0,0.0,1.999999999999924,0,
3.4198111609985062,combined,3,3,follower_2,SETTLE,NONE,SAFE_STOP,1.42,4.044560527688829e-18,-0.08000000000000007,nan,nan,-1.0,0.0,0.0,2.0,0,
3.6207302959992376,combined,3,1,leader,SETTLE,NONE,TRACK,1.420000000323435,0.003014875973907125,-0.07999999967656501,1.476211273054273,0.0062274382185201526,0.08499999999999996,0.0,0.0004308352805480276,1.999999999999647,0,6.269076824188232
3.6207302959992376,combined,3,2,follower_1,SETTLE,NONE,SAFE_STOP,1.4200000003513504,0.0005320369363265119,-0.07999999964864957,nan,nan,-1.0,0.0,0.0,2.000000000000353,0,
3.6207302959992376,combined,3,3,follower_2,SETTLE,NONE,SAFE_STOP,1.42,4.044560527688829e-18,-0.08000000000000007,nan,nan,-1.0,0.0,0.0,2.0,0,
3.819323494000855,combined,3,1,leader,SETTLE,NONE,TRACK,1.420000008283595,0.015249262960757855,-0.07999999171640493,1.4761159491771185,-0.025471378102486425,0.010000000000000231,0.0,-0.0009322017107325819,1.9999999999999802,0,14.034659385681152
3.819323494000855,combined,3,2,follower_1,SETTLE,NONE,SAFE_STOP,1.4200000089797364,0.002691046372742287,-0.07999999102026356,nan,nan,-1.0,0.0,0.0,2.0000000000000195,0,
3.819323494000855,combined,3,3,follower_2,SETTLE,NONE,SAFE_STOP,1.42,4.044560527688829e-18,-0.08000000000000007,nan,nan,-1.0,0.0,0.0,2.0,0,
4.01896174400099,combined,3,1,leader,SETTLE,NONE,TRACK,1.4200000217245512,0.0246951628221714,-0.0799999782754488,1.476060770884414,-0.028068846335364404,0.1499999999999999,0.0,-0.001039408085660312,2.000000000000242,0,6.998995780944824
4.01896174400099,combined,3,2,follower_1,SETTLE,NONE,SAFE_STOP,1.4200000235496397,0.004357969773467117,-0.07999997645036028,nan,nan,-1.0,0.0,0.0,1.9999999999997582,0,
4.01896174400099,combined,3,3,follower_2,SETTLE,NONE,SAFE_STOP,1.42,4.044560527688829e-18,-0.08000000000000007,nan,nan,-1.0,0.0,0.0,2.0,0,
4.21890231100042,combined,3,1,leader,SETTLE,NONE,TRACK,1.4200000196247888,0.023471385622637165,-0.07999998037521117,1.476178099639719,0.0008257242798102266,0.020000000000000018,0.0,9.167572813075468e-05,2.000000000000242,0,6.3681960105896
4.21890231100042,combined,3,2,follower_1,SETTLE,NONE,SAFE_STOP,1.420000021273427,0.004142009110476394,-0.07999997872657305,nan,nan,-1.0,0.0,0.0,1.9999999999997582,0,
4.21890231100042,combined,3,3,follower_2,SETTLE,NONE,SAFE_STOP,1.42,4.044560527688829e-18,-0.08000000000000007,nan,nan,-1.0,0.0,0.0,2.0,0,
4.420113820000552,combined,3,1,leader,SETTLE,NONE,TRACK,1.4200000179706265,0.02246040532482618,-0.07999998202937353,1.476237405869188,0.000875446971109249,0.020000000000000018,0.0,6.704876751737864e-05,2.000000000000242,0,8.329903602600098
4.420113820000552,combined,3,2,follower_1,SETTLE,NONE,SAFE_STOP,1.420000019480259,0.003963600837110457,-0.07999998051974111,nan,nan,-1.0,0.0,0.0,1.9999999999997582,0,
4.420113820000552,combined,3,3,follower_2,SETTLE,NONE,SAFE_STOP,1.42,4.044560527688829e-18,-0.08000000000000007,nan,nan,-1.0,0.0,0.0,2.0,0,
4.623391471999639,combined,3,1,leader,SETTLE,NONE,TRACK,1.420000016814638,0.021725988511817663,-0.07999998318536194,1.476255518694763,0.0006568805291831699,0.020000000000000018,0.0,4.352809052409795e-05,2.000000000000242,0,13.121456146240234
4.623391471999639,combined,3,2,follower_1,SETTLE,NONE,SAFE_STOP,1.420000018227129,0.0038339978798449573,-0.07999998177287093,nan,nan,-1.0,0.0,0.0,1.9999999999997582,0,
4.623391471999639,combined,3,3,follower_2,SETTLE,NONE,SAFE_STOP,1.42,4.044560527688829e-18,-0.08000000000000007,nan,nan,-1.0,0.0,0.0,2.0,0,
4.820633368999552,combined,3,1,leader,SETTLE,NONE,TRACK,1.420000016378317,0.021442249046479477,-0.07999998362168292,1.4762478548458202,0.0004979881289330233,0.020000000000000018,0.0,3.0061161974607923e-05,2.000000000000242,0,16.557653427124023
4.820633368999552,combined,3,2,follower_1,SETTLE,NONE,SAFE_STOP,1.4200000177541423,0.0037839262130809916,-0.07999998224585769,nan,nan,-1.0,0.0,0.0,1.9999999999997582,0,
4.820633368999552,combined,3,3,follower_2,SETTLE,NONE,SAFE_STOP,1.42,4.044560527688829e-18,-0.08000000000000007,nan,nan,-1.0,0.0,0.0,2.0,0,
5.020098013999814,combined,3,1,leader,SETTLE,NONE,TRACK,1.4200000157437263,0.02102274058481959,-0.07999998425627375,1.4762181480646646,0.0004103956924189517,0.02499999999999991,0.0,2.2371210104185782e-05,2.000000000000242,0,10.076559066772461
5.020098013999814,combined,3,2,follower_1,SETTLE,NONE,SAFE_STOP,1.4200000194117441,0.008922125705639153,-0.07999998058825586,nan,nan,-1.0,0.0,0.0,1.9999999999998692,0,
5.020098013999814,combined,3,3,follower_2,SETTLE,NONE,SAFE_STOP,1.4200000023691663,0.006156593119464204,-0.07999999763083365,nan,nan,-1.0,0.0,0.0,2.0,0,
5.2188224569981685,combined,3,1,leader,SETTLE,NONE,TRACK,1.4200000155386514,0.02088537086738141,-0.0799999844613486,1.476207179156754,0.00032580216664037477,0.020000000000000018,0.0,1.6196061183170952e-05,2.000000000000242,0,15.412208557128906
5.2188224569981685,combined,3,2,follower_1,SETTLE,NONE,TRACK,1.4200000163817337,0.0007831360155325441,-0.07999998361826632,1.4761219985402705,-0.008225254613939935,0.020000000000000018,0.0,0.0003778943521280969,1.999999999999623,0,11.640281677246094
5.2188224569981685,combined,3,3,follower_2,SETTLE,NONE,TRACK,1.4200000013028913,0.005263146952727998,-0.07999999869710872,1.4760817986557706,-0.02852356022398055,0.020000000000000018,0.0,-0.0009373611661242093,2.00000000000015,0,14.467461585998535
5.418994436000503,combined,3,1,leader,SETTLE,NONE,TRACK,1.4200000153296446,0.020744430667224107,-0.0799999846703554,1.47619697379852,0.0002862977922164493,0.03500000000000014,0.0,1.3019562164511367e-05,2.000000000000242,0,10.114392280578613
5.418994436000503,combined,3,2,follower_1,SETTLE,NONE,TRACK,1.4200000161627975,-0.0008019666042954288,-0.07999998383720253,1.4762985422762869,0.015590703820585503,0.0900000000000003,0.0,0.0010343288271153,1.9999999999996856,0,7.72355318069458
5.418994436000503,combined,3,3,follower_2,SETTLE,NONE,TRACK,1.4200000017957433,-0.005426347251182426,-0.07999999820425674,1.476274447304777,0.007786696271329749,0.025000000000000355,0.0,0.0006815350924472986,1.9999999999998523,0,5.513481140136719
5.619037288000982,combined,3,1,leader,SETTLE,NONE,TRACK,1.4200000149193928,0.020464962726582995,-0.07999998508060724,1.476190960294559,0.00031822195690192997,0.16999999999999993,0.0,1.3602919237837677e-05,2.000000000000242,0,11.582959175109863
5.619037288000982,combined,3,2,follower_1,SETTLE,NONE,TRACK,1.4200000217469335,0.013019960018651652,-0.07999997825306648,1.4761423123901025,-0.03007334483488034,0.02499999999999991,0.0,-0.0010301936369909702,2.0000000000000098,0,9.477964401245117
5.619037288000982,combined,3,3,follower_2,SETTLE,NONE,TRACK,1.420000007450612,0.010768370233245624,-0.07999999254938794,1.4761508726346009,-0.03326815096848244,0.02499999999999991,0.0,-0.0011808803347933797,1.9999999999998637,0,10.688584327697754
5.818703249999089,combined,3,1,leader,SETTLE,NONE,TRACK,1.4200000147195326,0.020327424204877594,-0.07999998528046737,1.4761946873624099,0.00027041204055256487,0.03500000000000014,0.0,1.1220812194479926e-05,2.000000000000242,0,11.136395454406738
5.818703249999089,combined,3,2,follower_1,SETTLE,NONE,TRACK,1.4200000195527023,0.010669511305056735,-0.07999998044729772,1.4761939187326552,0.0009345509260675215,0.03000000000000025,0.0,0.0002027794796355237,1.9999999999996918,0,9.64505386352539
5.818703249999089,combined,3,3,follower_2,SETTLE,NONE,TRACK,1.4200000040034095,0.0077185832329488505,-0.07999999599659047,1.4762236181317692,0.000746596085562091,0.03000000000000025,0.0,0.00020138427090282338,1.9999999999998603,0,8.345560073852539
6.018755347999104,combined,3,1,leader,SETTLE,NONE,TRACK,1.4200000145172051,0.020187232985653066,-0.07999998548279486,1.4761986010867418,0.00027283776721902865,0.10500000000000043,0.0,1.10839208313737e-05,2.000000000000242,0,14.56814193725586
6.018755347999104,combined,3,2,follower_1,SETTLE,NONE,TRACK,1.4200000168440272,0.006617058835026278,-0.07999998315597279,1.476253961941577,0.004464516392229537,0.03000000000000025,0.0,0.0002683128223515598,1.9999999999994964,0,13.254273414611816
6.018755347999104,combined,3,3,follower_2,SETTLE,NONE,TRACK,1.4200000005562137,0.002406719715611025,-0.07999999944378633,1.4762755416465028,0.0046383016818132075,0.03000000000000025,0.0,0.0002809054191124157,1.9999999999999198,0,10.732475280761719
6.218618467999477,combined,3,1,leader,SETTLE,NONE,TRACK,1.4200000143185216,0.020048612727986345,-0.07999998568147837,1.476199279457258,0.0002858922824611153,0.040000000000000036,0.0,1.1445119762882655e-05,2.000000000000242,0,9.968277931213379
6.218618467999477,combined,3,2,follower_1,SETTLE,NONE,TRACK,1.4200000157415487,0.004325452233343893,-0.07999998425845134,1.4762728904063274,0.0037763821311207466,0.040000000000000036,0.0,0.00019699338629544782,1.999999999999473,0,9.868494033813477
6.218618467999477,combined,3,3,follower_2,SETTLE,NONE,TRACK,1.4200000018916257,0.0072420124757823666,-0.07999999810837433,1.4763050779385425,0.006736777085326946,0.16500000000000004,0.0,0.0003279596808312465,2.0000000000000933,0,8.0442476272583
6.418591367997578,combined,3,1,leader,SETTLE,NONE,TRACK,1.4200000141228988,0.019911185288735415,-0.07999998587710122,1.4762002412727337,0.00027530816579377106,0.03500000000000014,0.0,1.0910424456052817e-05,2.000000000000242,0,6.051593780517578
6.418591367997578,combined,3,2,follower_1,SETTLE,NONE,TRACK,1.4200000166096995,0.006990100033326219,-0.07999998339030046,1.4763018561200238,0.003130853312628523,0.03500000000000014,0.0,0.00014810942461672267,1.9999999999995106,0,14.027023315429688
6.418591367997578,combined,3,3,follower_2,SETTLE,NONE,TRACK,1.420000004515321,0.010678360997584915,-0.07999999548467907,1.4762374506303086,-0.0030688923064417697,0.03500000000000014,0.0,-6.56057831672824e-05,2.0000000000001323,0,5.646450042724609
6.618814705998375,combined,3,1,leader,SETTLE,NONE,TRACK,1.4200000139245081,0.019770837457280394,-0.07999998607549186,1.4761995579290623,0.00028496825903850335,0.04499999999999993,0.0,1.1284814852387479e-05,2.000000000000242,0,9.475709915161133
6.618814705998375,combined,3,2,follower_1,SETTLE,NONE,TRACK,1.4200000181696546,0.009925343413042027,-0.0799999818303454,1.4762454166745727,-0.006726536137838402,0.04499999999999993,0.0,-0.0002576540720263516,1.9999999999996678,0,10.49677562713623
6.618814705998375,combined,3,3,follower_2,SETTLE,NONE,TRACK,1.4200000045455385,0.00916459449910161,-0.07999999545446146,1.4762698591093313,0.0031116881838030006,0.040000000000000036,0.0,0.00015517504740214448,1.9999999999998523,0,9.45652961730957
6.818821568998828,combined,3,1,leader,SETTLE,NONE,TRACK,1.420000013727589,0.01963053851431023,-0.079999986272411,1.476200192119776,0.0002673823242366474,0.11500000000000021,0.0,1.0507310180374515e-05,2.000000000000242,0,13.6099853515625
6.818821568998828,combined,3,2,follower_1,SETTLE,NONE,TRACK,1.4200000173152767,0.008963730085081596,-0.0799999826847233,1.4762425060544067,0.0004208618453410485,0.17499999999999982,0.0,2.708173085687911e-05,1.9999999999996678,0,10.238232612609863
6.818821568998828,combined,3,3,follower_2,SETTLE,NONE,TRACK,1.4200000030109619,0.007258462118541079,-0.07999999698903815,1.4762770332201964,0.0030896090392004303,0.040000000000000036,0.0,0.00013949858570636158,1.9999999999998195,0,11.804183006286621
7.018710385000304,combined,3,1,leader,SETTLE,NONE,TRACK,1.4200000135347723,0.01949218391053227,-0.07999998646522766,1.476197539194301,0.00030779458427950874,0.04999999999999982,0.0,1.2207841757512824e-05,2.000000000000242,0,14.088068008422852
7.018710385000304,combined,3,2,follower_1,SETTLE,NONE,TRACK,1.4200000162245046,0.007444936937946097,-0.07999998377549544,1.4762374170390022,0.0026984870812189316,0.10500000000000043,0.0,0.00011458217312504868,1.9999999999996678,0,11.538656234741211
7.018710385000304,combined,3,3,follower_2,SETTLE,NONE,TRACK,1.4200000015569931,0.0051792514647055555,-0.07999999844300687,1.4762805568303248,0.002904194056665542,0.04499999999999993,0.0,0.00012361686788765102,1.999999999999791,0,8.639595031738281
7.218854188999103,combined,3,1,leader,SETTLE,NONE,TRACK,1.4200000131461432,0.019210297341826162,-0.07999998685385679,1.47619412909071,0.0003287933381703297,0.055000000000000604,0.0,1.303895665490498e-05,2.000000000000242,0,6.134922027587891
7.218854188999103,combined,3,2,follower_1,SETTLE,NONE,TRACK,1.4200000150708323,0.005876019788098937,-0.07999998492916771,1.4762340661019138,0.0026527170554706226,0.11000000000000032,0.0,0.00010909231325548994,1.9999999999996678,0,11.723553657531738
7.218854188999103,combined,3,3,follower_2,SETTLE,NONE,TRACK,1.4200000006393043,0.003383148279156122,-0.07999999936069568,1.476275216845692,0.0027850775942313555,0.05000000000000071,0.0,0.00011433417485791189,1.999999999999791,0,9.191147804260254
7.418733968999732,combined,3,1,leader,SETTLE,NONE,TRACK,1.4200000131461432,0.019210297341826162,-0.07999998685385679,1.4761939019812167,0.00027218004540600845,0.04499999999999993,0.0,1.063413896442908e-05,2.000000000000242,0,6.173585891723633
7.418733968999732,combined,3,2,follower_1,SETTLE,NONE,TRACK,1.4200000145698937,0.004523838641692293,-0.07999998543010634,1.4762617611847801,0.0024396576753264055,0.04499999999999993,0.0,9.819645799027497e-05,1.9999999999996678,0,12.020766258239746
7.418733968999732,combined,3,3,follower_2,SETTLE,NONE,TRACK,1.4200000047701062,0.011513141310071874,-0.07999999522989376,1.4762948584376048,0.0026873606444834074,0.040000000000000036,0.0,0.00010805551146932864,2.0000000000000684,0,5.804912090301514
7.618785569000465,combined,3,1,leader,SETTLE,NONE,TRACK,1.420000012957129,0.019071692759024813,-0.07999998704287092,1.4761962419563233,0.0002098469048561929,0.05999999999999961,0.0,8.08360605466097e-06,2.000000000000242,0,15.851309776306152
7.618785569000465,combined,3,2,follower_1,SETTLE,NONE,TRACK,1.4200000149977934,0.006169516594500039,-0.07999998500220662,1.476290387271549,0.00252922884777934,0.054999999999999716,0.0,0.00010092296162752157,1.9999999999997038,0,13.10858154296875
7.618785569000465,combined,3,3,follower_2,SETTLE,NONE,TRACK,1.4200000124814467,0.01849586067936521,-0.0799999875185533,1.4761666307473011,-0.027535017657265883,0.11500000000000021,0.0,-0.0011504351712183763,2.0000000000002878,0,9.34335994720459
7.819338100998721,combined,3,1,leader,SETTLE,NONE,TRACK,1.4200000125841288,0.01879517214555368,-0.07999998741587122,1.4761959299337524,0.000307794449932879,0.054999999999999716,0.0,1.2237713498354144e-05,2.000000000000242,0,10.46230411529541
7.819338100998721,combined,3,2,follower_1,SETTLE,NONE,TRACK,1.4200000173258607,0.010697426586393008,-0.07999998267413932,1.4762422811310951,-0.006531648007989404,0.054999999999999716,0.0,-0.00027755769225169927,1.9999999999999523,0,8.998929023742676
7.819338100998721,combined,3,3,follower_2,SETTLE,NONE,TRACK,1.4200000139367677,0.018272408629903134,-0.07999998606323233,1.4762126268768114,0.0009746507924875694,0.11500000000000021,0.0,4.516745821513953e-05,2.0000000000000395,0,7.727417945861816
8.018741026000498,combined,3,1,leader,SETTLE,NONE,TRACK,1.4200000124002676,0.01865736047607675,-0.07999998759973237,1.4761877862234423,0.0003239273981741613,0.054999999999999716,0.0,1.2839721962001331e-05,2.000000000000242,0,13.7706880569458
8.018741026000498,combined,3,2,follower_1,SETTLE,NONE,TRACK,1.4200000170193032,0.010548069296215096,-0.07999998298069677,1.4762362008469312,0.0012319237710976163,0.04499999999999993,0.0,4.758658159548068e-05,2.000000000000016,0,11.436426162719727
8.018741026000498,combined,3,3,follower_2,SETTLE,NONE,TRACK,1.4200000120837415,0.01684609426114162,-0.07999998791625851,1.4762554665007315,0.00279076658542033,0.04499999999999993,0.0,0.00011595957248802341,1.9999999999999756,0,10.157003402709961
8.219001074998232,combined,3,1,leader,SETTLE,NONE,TRACK,1.4200000122177128,0.01851951308164289,-0.07999998778228723,1.4761839411893194,0.0002571978785895752,0.0600000000000005,0.0,9.960762254930628e-06,2.000000000000242,0,10.899615287780762
8.219001074998232,combined,3,2,follower_1,SETTLE,NONE,TRACK,1.42000001596662,0.009333076785291898,-0.07999998403338004,1.4762450442297905,0.00232568361461452,0.0600000000000005,0.0,8.68490981857509e-05,2.000000000000016,0,9.675662994384766
8.219001074998232,combined,3,3,follower_2,SETTLE,NONE,TRACK,1.42000000952206,0.0151187899439635,-0.07999999047794004,1.476274314800743,0.0028170936602046905,0.055000000000000604,0.0,0.00011412037866053222,1.9999999999999756,0,11.085101127624512
8.4186977749996,combined,3,1,leader,SETTLE,NONE,TRACK,1.4200000120353036,0.01838074337195602,-0.07999998796469643,1.4761826556227233,0.00023360562786939765,0.05999999999999961,0.0,9.050123343270174e-06,2.000000000000242,0,8.724295616149902
8.4186977749996,combined,3,2,follower_1,SETTLE,NONE,TRACK,1.4200000150197256,0.008118886151397149,-0.07999998498027439,1.476247958679352,0.002257525688915494,0.054999999999999716,0.0,8.594900526865194e-05,2.000000000000016,0,5.967153072357178
8.4186977749996,combined,3,3,follower_2,SETTLE,NONE,TRACK,1.4200000071672598,0.01327317258866693,-0.07999999283274017,1.4762817133589758,0.0027377987205174916,0.054999999999999716,0.0,0.00010933570469745051,1.9999999999999756,0,8.304136276245117
8.618866315999185,combined,3,1,leader,SETTLE,NONE,TRACK,1.4200000118550236,0.01824255591869624,-0.07999998814497644,1.476186847882768,0.0002870553732686925,0.0699999999999994,0.0,1.1302190258701456e-05,2.000000000000242,0,7.777853965759277
8.618866315999185,combined,3,2,follower_1,SETTLE,NONE,TRACK,1.420000014163729,0.006871323405453234,-0.07999998583627099,1.4762411184089566,0.0022905596040638776,0.054999999999999716,0.0,8.848368692189643e-05,2.000000000000016,0,10.430041313171387
8.618866315999185,combined,3,3,follower_2,SETTLE,NONE,TRACK,1.4200000053994668,0.011727453764542536,-0.0799999946005332,1.476284712548221,0.0027521820676633837,0.054999999999999716,0.0,0.00010913812656582146,1.9999999999999756,0,8.864675521850586
8.82048539400057,combined,3,1,leader,SETTLE,NONE,TRACK,1.4200000116768552,0.018104951007022675,-0.07999998832314481,1.4761847714102114,0.0003098363855033732,0.009999999999999787,0.0,1.2186813847333417e-05,2.000000000000242,0,5.563782215118408
8.82048539400057,combined,3,2,follower_1,SETTLE,NONE,TRACK,1.4200000134231419,0.005629497943132732,-0.07999998657685814,1.4762486950838052,0.0023027364507121686,0.0649999999999995,0.0,8.95804542579916e-05,2.000000000000016,0,9.562051773071289
8.82048539400057,combined,3,3,follower_2,SETTLE,NONE,TRACK,1.4200000037149292,0.009901865853212916,-0.07999999628507082,1.476285075785344,0.0027574136652937275,0.19500000000000028,0.0,0.00010892309558410041,1.9999999999999756,0,5.938864231109619
9.019170556999597,combined,3,1,leader,SETTLE,NONE,TRACK,1.4200000115002223,0.017967491925659742,-0.07999998849977774,1.4761861361805422,0.0002376294203934527,0.004999999999999893,0.0,9.092419757506718e-06,2.000000000000242,0,8.291725158691406
9.019170556999597,combined,3,2,follower_1,SETTLE,NONE,TRACK,1.4200000127176484,0.004136083169538252,-0.07999998728235158,1.4762601099831787,0.002430868461361668,0.054999999999999716,0.0,9.508390981607823e-05,2.000000000000016,0,10.390090942382812
9.019170556999597,combined,3,3,follower_2,SETTLE,NONE,TRACK,1.4200000024274946,0.008195414920861751,-0.07999999757250542,1.4762872447634683,0.002737709718343396,0.054999999999999716,0.0,0.00010796901797175266,1.9999999999999756,0,8.768721580505371
9.219920250998257,combined,3,1,leader,SETTLE,NONE,TRACK,1.4200000113237556,0.01782910387303204,-0.07999998867624436,1.4761864967399136,0.0002655067815725356,0.010000000000000675,0.0,1.043155204411986e-05,2.000000000000242,0,10.664701461791992
9.219920250998257,combined,3,2,follower_1,SETTLE,NONE,TRACK,1.4200000154168362,0.009903941883683924,-0.07999998458316382,1.4762340487693806,-0.014505014574244052,0.004999999999999893,0.0,-0.0006654319645545933,2.000000000000277,0,10.663002967834473
9.219920250998257,combined,3,3,follower_2,SETTLE,NONE,TRACK,1.420000003971057,0.007962649597722077,-0.07999999602894303,1.4762667204049982,0.002610782207262427,0.004999999999999893,0.0,0.00010245576657971288,1.9999999999997145,0,9.566479682922363
9.420864640000218,combined,3,1,leader,SETTLE,NONE,TRACK,1.4200000111489592,0.017690958210829163,-0.07999998885104076,1.4761891286542261,0.00032738605244019643,0.005000000000000782,0.0,1.3026714833522816e-05,2.000000000000242,0,15.316729545593262
9.420864640000218,combined,3,2,follower_1,SETTLE,NONE,TRACK,1.420000015687651,0.010528720172967628,-0.07999998431234889,1.4762421407976647,-0.00012929755157829232,0.005000000000000782,0.0,-1.1244177315649511e-05,2.0000000000003837,0,12.835763931274414
9.420864640000218,combined,3,3,follower_2,SETTLE,NONE,TRACK,1.420000003618795,0.00662092952820915,-0.07999999638120503,1.4762660309433862,0.00261504915003677,0.005000000000000782,0.0,0.00010278823033989914,1.9999999999996079,0,10.332345008850098
9.620734995998646,combined,3,1,leader,SETTLE,NONE,TRACK,1.4470734799763805,0.017269269065121697,-0.05292652002361953,1.4761909051213737,0.0003357273018423783,0.07499999999999929,0.0,1.3292994024829764e-05,2.027073469319982,0,16.340801239013672
9.620734995998646,combined,3,2,follower_1,SETTLE,NONE,TRACK,1.4200000145300902,0.00958833681533908,-0.07999998546990983,1.4762434888710063,0.0015334260070619676,0.1349999999999998,0.0,5.642525637169813e-05,2.0000000000003944,0,12.130130767822266
9.620734995998646,combined,3,3,follower_2,SETTLE,NONE,TRACK,1.420000002513263,0.005064440935792719,-0.07999999748673692,1.4762652086034682,0.002610434269872382,0.07499999999999929,0.0,0.00010253670481355205,1.9999999999996079,0,10.878171920776367
9.818788779997703,combined,3,1,leader,STRAIGHT_1,NONE,TRACK,1.510619085482353,0.01826741892864056,0.010619085482352908,1.487641202122718,0.002348411102897466,0.009999999999999787,0.010746684233535931,8.35793855212621e-05,2.0906190734765935,0,10.827911376953125
9.818788779997703,combined,3,2,follower_1,STRAIGHT_1,NONE,TRACK,1.4229544050571363,0.00848471887688919,-0.07704559494286367,1.4762487908506583,0.002440018495947577,0.009999999999999787,0.0,9.488713258982219e-05,2.0029543897993527,0,8.980794906616211
9.818788779997703,combined,3,3,follower_2,STRAIGHT_1,NONE,TRACK,1.4200000014989205,0.003583064691155506,-0.07999999850107953,1.4762722431057382,0.002617914903135637,0.0649999999999995,0.0,0.00010278964690988919,1.9999999999996079,0,5.888028144836426
10.018817665000824,combined,3,1,leader,STRAIGHT_1,NONE,TRACK,1.56375520116901,0.02292267966339627,0.0637552011690099,1.5167431374826643,-0.008348816708181023,0.07499999999999929,0.08171024711706011,-0.0003376411395441892,2.1437551821615637,0,6.0855560302734375
10.018817665000824,combined,3,2,follower_1,STRAIGHT_1,NONE,TRACK,1.4433182963903288,0.008424867174903658,-0.056681703609671175,1.4778426052504736,0.0001707371503245943,0.009999999999999787,0.0,-5.421924854850875e-06,2.023318274457936,0,12.822639465332031
10.018817665000824,combined,3,3,follower_2,STRAIGHT_1,NONE,TRACK,1.420000009287065,0.015400510840297074,-0.07999999071293495,1.4761753612252795,-0.025212082949931786,0.009999999999999787,0.0,-0.0010383136028424976,1.9999999999999383,0,7.208024978637695
10.219307018000109,combined,3,1,leader,STRAIGHT_1,NONE,TRACK,1.584775021945892,0.022881115388043015,0.08477502194589204,1.5812034049467547,0.003736718758910851,0.019999999999999574,0.24477647562192767,0.00017130290655000783,2.164775002950807,0,7.794590950012207
10.219307018000109,combined,3,2,follower_1,STRAIGHT_1,NONE,TRACK,1.488894584905182,0.0009488148085821638,-0.011105415094817994,1.4896591893938498,0.021030631949320706,0.015000000000000568,0.013332329876919085,0.0008642844568558412,2.068894567405316,0,12.014749526977539
10.219307018000109,combined,3,3,follower_2,STRAIGHT_1,NONE,TRACK,1.4234038872179227,0.013958377652599063,-0.07659611278207734,1.476232178887582,0.0009411261346214979,0.015000000000000568,0.0,6.195195011934998e-05,2.0034038801345195,0,8.383341789245605
10.418728340999223,combined,3,1,leader,STRAIGHT_1,NONE,TRACK,1.5876111778486,0.028177928368967833,0.08761117784859995,1.6131018988517827,-0.00449834135926452,0.014999999999998792,0.3365626225029711,-0.00016850428319124003,2.16761114897459,0,10.559039115905762
10.418728340999223,combined,3,2,follower_1,STRAIGHT_1,NONE,TRACK,1.544703993682085,0.019359071291173775,0.044703993682085,1.5096687168959755,-0.03472512393319297,0.07499999999999929,0.05856886957030936,-0.0014567271864046592,2.124703956273175,0,10.243305206298828
10.418728340999223,combined,3,3,follower_2,STRAIGHT_1,NONE,TRACK,1.4400083557727952,0.012845766760346416,-0.05999164422720482,1.4779054021257676,0.0046561044287683675,0.014999999999998792,0.0,0.00020579429150427512,2.0200083392165094,0,6.320912837982178
10.619199007000134,combined,3,1,leader,STRAIGHT_1,NONE,TRACK,1.5819547513297085,0.03223275951209614,0.08195475132970853,1.622725373649541,-0.006675883446116632,0.02000000000000135,0.379212634842805,-0.00025554114279020666,2.161954713449758,0,9.930309295654297
10.619199007000134,combined,3,2,follower_1,STRAIGHT_1,NONE,TRACK,1.579901415394168,0.021397244113565007,0.07990141539416795,1.5608279060901098,-0.004741989735482266,0.02000000000000135,0.18760846767671638,-0.00017084757740650533,2.159901370335253,0,8.1707181930542
10.619199007000134,combined,3,3,follower_2,STRAIGHT_1,NONE,TRACK,1.4755692396329063,0.00642724952192598,-0.024430760367093685,1.4821306033864616,0.0201916869999545,0.08500000000000085,0.0,0.0008458923433528497,2.0555692246824413,0,6.413961887359619
10.818867450998368,combined,3,1,leader,STRAIGHT_1,NONE,TRACK,1.571619313701998,0.028883410669781586,0.07161931370199803,1.6245786156593895,-0.00045298664425027894,0.08999999999999986,0.40079926541700306,-4.673291523535647e-06,2.1516192830293432,0,9.526708602905273
10.818867450998368,combined,3,2,follower_1,STRAIGHT_1,NONE,TRACK,1.5986028769954816,0.025358000769698495,0.09860287699548165,1.6003069277524526,-0.008299213467625617,0.025000000000000355,0.2962197116767669,-0.00034077578507807663,2.1786028347075885,0,8.57302474975586
10.818867450998368,combined,3,3,follower_2,STRAIGHT_1,NONE,TRACK,1.5230450548190353,0.02588197234986727,0.023045054819035293,1.5103441193139087,-0.03853576774728168,0.019999999999999574,0.05964090480604162,-0.001592090501848377,2.1030450095624738,0,5.277967929840088
11.01871710100022,combined,3,1,leader,STRAIGHT_1,NONE,TRACK,1.5608405596380595,0.02474777254142746,0.060840559638059455,1.6196324731092133,0.0030693022761489894,0.02000000000000135,0.4060539461217051,0.0001426495489728776,2.1408405367510395,0,6.469286918640137
11.01871710100022,combined,3,2,follower_1,STRAIGHT_1,NONE,TRACK,1.603465447462693,0.0314035192549229,0.10346544746269304,1.629041416845387,-0.013605626850310736,0.02000000000000135,0.3887238198723583,-0.0005694935986081095,2.183465400392894,0,6.947350978851318
11.01871710100022,combined,3,3,follower_2,STRAIGHT_1,NONE,TRACK,1.5662714268270768,0.023222047647242266,0.06627142682707676,1.5460874275131073,-0.006904880910237129,0.015000000000000568,0.15072173013568593,-0.00023858420942157296,2.146271373593629,0,5.906702995300293
11.218741061999026,combined,3,1,leader,STRAIGHT_1,NONE,TRACK,1.5507911711752276,0.02139802026754709,0.05079117117522758,1.6112171826432533,0.015767947993715035,0.02999999999999936,0.40023535413481,0.0006601556625715326,2.1307911536621416,0,9.271004676818848
11.218741061999026,combined,3,2,follower_1,STRAIGHT_1,NONE,TRACK,1.5997886458858745,0.03890777264427811,0.09978864588587455,1.6335848392472785,-0.012034984765428297,0.08500000000000085,0.41800535301830394,-0.00048107020565382546,2.1797885836529813,0,7.058228969573975
11.218741061999026,combined,3,3,follower_2,STRAIGHT_1,NONE,TRACK,1.5966861336066807,0.017863535459388902,0.09668613360668066,1.5845285192955478,0.017559611069147538,0.025000000000000355,0.26005842865649464,0.0007872195102359878,2.1766860724432924,0,5.938167095184326
11.419024922997778,combined,3,1,leader,STRAIGHT_1,NONE,TRACK,1.5431803494840133,0.023758513302408527,0.04318034948401328,1.6024276644905804,-0.008068731895827654,0.019999999999999574,0.39101053169015826,-0.0003362180639735308,2.123180327875643,0,12.019123077392578
11.419024922997778,combined,3,2,follower_1,STRAIGHT_1,NONE,TRACK,1.5853888268833543,0.0420131902380772,0.08538882688335425,1.6467512437876972,-0.011640931142720934,0.019999999999999574,0.46733251103017664,-0.0004577827230834493,2.1653887525571793,0,12.814488410949707
11.419024922997778,combined,3,3,follower_2,STRAIGHT_1,NONE,TRACK,1.6136398036336304,0.025757207435403013,0.11363980363363035,1.6209275728928942,-0.008649740264713964,0.019999999999999574,0.3707295505060827,-0.00035340860002368735,2.1936397284676135,0,9.312468528747559
11.61863085100049,combined,3,1,leader,STRAIGHT_1,NONE,TRACK,1.5369842826746112,0.020094151700276255,0.03698428267461118,1.5942599146855327,0.003935034221025159,0.030000000000001137,0.3809672233150554,0.0001608070778130971,2.1169842666085157,0,9.054311752319336
11.61863085100049,combined,3,2,follower_1,STRAIGHT_1,NONE,TRACK,1.5679484410551696,0.029014687417781772,0.06794844105516962,1.6388740323547752,0.011803728422977704,0.09500000000000064,0.46710670309708835,0.0005176784826582543,2.147948403998763,0,15.736886978149414
11.61863085100049,combined,3,3,follower_2,STRAIGHT_1,NONE,TRACK,1.6181658438042956,0.052796797920723296,0.11816584380429562,1.6390544944528975,-0.053804674343112154,0.025000000000000355,0.4371175460456303,-0.0022443332677058838,2.198165722281835,0,7.833250999450684
11.818907774999388,combined,3,1,leader,STRAIGHT_1,NONE,TRACK,1.533380684389714,0.008053122209548451,0.03338068438971398,1.586122707489233,0.021997372073074537,0.03500000000000014,0.36886531252572036,0.0008926196118975153,2.1133806804388544,0,12.842743873596191
11.818907774999388,combined,3,2,follower_1,STRAIGHT_1,NONE,TRACK,1.5535831763110488,0.022446966437530785,0.05358317631104881,1.623404203800089,0.004449746794833684,0.08999999999999986,0.44606438039277274,0.0002005966000464955,2.133583158002806,0,10.523309707641602
11.818907774999388,combined,3,3,follower_2,STRAIGHT_1,NONE,TRACK,1.608169523751254,0.07132535442841477,0.1081695237512541,1.649213244045671,-0.04868782274163173,0.08999999999999986,0.4826760771088159,-0.0019392563051912814,2.1881693246974256,0,11.818549156188965
12.018667937998543,combined,3,1,leader,STRAIGHT_1,NONE,TRACK,1.530067593869779,0.009497240379180349,0.030067593869778975,1.5822327038815875,-0.0020210860988889366,0.030000000000001137,0.36582294739463783,-0.00012104936295118735,2.1100675889833975,0,11.682110786437988
12.018667937998543,combined,3,2,follower_1,STRAIGHT_1,NONE,TRACK,1.5418176511226964,0.018841339710356796,0.04181765112269642,1.6095687669149852,0.013860620528401743,0.09000000000000163,0.4256692809613359,0.0005706307361871654,2.121817637778249,0,10.078620910644531
12.018667937998543,combined,3,3,follower_2,STRAIGHT_1,NONE,TRACK,1.5887319359404335,0.06521463761376042,0.08873193594043349,1.6520293190285014,-0.006822206819947713,0.09000000000000163,0.510645423331834,-0.0002003275794168646,2.1687317702495212,0,15.040183067321777
12.220079869999608,combined,3,1,leader,STRAIGHT_1,NONE,TRACK,1.52745915693421,0.012544051906633654,0.02745915693420997,1.578084670038712,-0.004849031150594851,0.08500000000000085,0.36242180128107515,-0.0002134870001795532,2.107459149567759,0,12.222311019897461
12.220079869999608,combined,3,2,follower_1,STRAIGHT_1,NONE,TRACK,1.5341959242370558,0.01720956506794999,0.03419592423705575,1.5915076430447026,0.006156157601487539,0.015000000000000568,0.4037592394953846,2.888661887270101e-05,2.1141959116151323,0,10.161797523498535
12.220079869999608,combined,3,3,follower_2,STRAIGHT_1,NONE,TRACK,1.5668057672167248,0.03892902990600757,0.06680576721672482,1.6394648233220592,0.051542979533859765,0.015000000000000568,0.5130896650685969,0.001625288988737452,2.1468057020551576,0,8.012613296508789
12.418763645997387,combined,3,1,leader,STRAIGHT_1,NONE,TRACK,1.5252031289569534,0.020404527637863646,0.025203128956953424,1.576859121553462,-0.017604602353231642,0.03999999999999915,0.36270079822782586,-0.0007211714324791612,2.1052031121140926,0,7.897558212280273
12.418763645997387,combined,3,2,follower_1,STRAIGHT_1,NONE,TRACK,1.5298768016117492,0.014667947596974491,0.029876801611749215,1.5864899599472513,0.014069130288147528,0.09999999999999964,0.38704833658963816,0.000572471957970078,2.109876785546537,0,10.209013938903809
12.418763645997387,combined,3,3,follower_2,STRAIGHT_1,NONE,TRACK,1.5485109642137342,0.02289088530252934,0.04851096421373424,1.628423180057321,0.040954443659164036,0.08999999999999986,0.48801657774431045,0.001645331439596142,2.128510938603464,0,8.362282752990723
12.619329694000044,combined,3,1,leader,STRAIGHT_1,NONE,TRACK,1.5227551699994455,0.022035439803765117,0.02275516999944549,1.5747151576886271,-0.0073030587148171806,0.03500000000000014,0.36131239967863715,-0.00027570036511758664,2.1027551503703736,0,9.354557991027832
12.619329694000044,combined,3,2,follower_1,STRAIGHT_1,NONE,TRACK,1.526460366113142,0.01593143170095125,0.026460366113141953,1.58007094168305,-0.0036553695242466655,0.03500000000000014,0.37681784819525477,-0.00016287966318633226,2.1064603476189667,0,6.565492153167725
12.619329694000044,combined,3,3,follower_2,STRAIGHT_1,NONE,TRACK,1.5475324963856185,0.013305466885162716,0.04753249638561852,1.6161952883504975,0.020333214043994394,0.16999999999999993,0.4704673694880264,0.0007761602666689452,2.1275324819618633,0,8.362282752990723
12.818854606997775,combined,3,1,leader,STRAIGHT_1,NONE,TRACK,1.5205571182601305,0.021862071291006358,0.020557118260130514,1.5735633958973465,-0.002967979919535448,0.04499999999999993,0.36180664046279454,-0.00010584774815491022,2.1005570986464166,0,7.633735179901123
12.818854606997775,combined,3,2,follower_1,STRAIGHT_1,NONE,TRACK,1.5325922292065772,0.015163165969353588,0.03259222920657723,1.5770021574736846,0.0012259348365289623,0.10500000000000043,0.37348714549847006,5.8645276879947414e-05,2.1125922125363346,0,6.473896026611328
12.818854606997775,combined,3,3,follower_2,STRAIGHT_1,NONE,TRACK,1.529883904162862,0.014618149726555254,0.02988390416286202,1.6061072283218927,-0.0010802810270645364,0.02999999999999936,0.4274701753201023,-7.414637826794792e-05,2.1098838889376657,0,5.497568130493164
13.018861902997742,combined,3,1,leader,STRAIGHT_1,NONE,TRACK,1.518173611925444,0.023358861594686833,0.01817361192544409,1.5725222101708964,0.011455033680396754,0.03500000000000014,0.3622308897970406,0.0005043828749510601,2.098173589634503,0,14.16086196899414
13.018861902997742,combined,3,2,follower_1,STRAIGHT_1,NONE,TRACK,1.5391551513854902,0.017765226136518306,0.039155151385490194,1.5797987506869557,-0.006015287002153462,0.10000000000000142,0.37579454643892624,-0.0002345832615537119,2.119155130473867,0,11.169954299926758
13.018861902997742,combined,3,3,follower_2,STRAIGHT_1,NONE,TRACK,1.516710393257799,0.017665011507569186,0.016710393257798994,1.5945758982326899,-0.002447693689084029,0.09500000000000064,0.40911476166266225,-0.00010759675229831408,2.0967103715340434,0,7.046261787414551
13.218744282999978,combined,3,1,leader,STRAIGHT_1,NONE,TRACK,1.5164013051494434,0.03287534064546398,0.01640130514944338,1.5708603535573675,-0.01810394163677878,0.05000000000000071,0.3607812634614698,-0.0007636047895271489,2.0964012631937825,0,5.906483173370361
13.218744282999978,combined,3,2,follower_1,STRAIGHT_1,NONE,TRACK,1.5421185198699052,0.019458423901223848,0.042118519869905224,1.5889682854866733,-0.0019759865394871454,0.03999999999999915,0.38346565642576846,-7.35968731857032e-05,2.1221184834402638,0,12.751323699951172
13.218744282999978,combined,3,3,follower_2,STRAIGHT_1,NONE,TRACK,1.5127257621740924,0.019187158540983486,0.012725762174092381,1.5787470590074082,-0.006344357695760345,0.03999999999999915,0.37539158251114574,-0.00026141049736300485,2.092725737946426,0,5.587399959564209
13.418660204999469,combined,3,1,leader,STRAIGHT_1,NONE,TRACK,1.5152013679606393,0.03780863634466408,0.015201367960639312,1.5681567420639426,-0.01270121713015036,0.049999999999998934,0.35606935507072923,-0.0005067339334048588,2.0952013128583773,0,14.81363296508789
13.418660204999469,combined,3,2,follower_1,STRAIGHT_1,NONE,TRACK,1.5356056025662974,0.01348027539952029,0.03560560256629741,1.5920546436112897,0.0031021783702403017,0.04499999999999993,0.39207592182713846,0.00012612118088691017,2.1156055661904025,0,10.448230743408203
13.418660204999469,combined,3,3,follower_2,STRAIGHT_1,NONE,TRACK,1.5206161432219458,0.02191120006093734,0.020616143221945826,1.5672162808092833,-0.0020034927213346816,0.10499999999999865,0.3491154746800068,-8.21276646547844e-05,2.100616121480343,0,10.828470230102539
13.618773245998455,combined,3,1,leader,STRAIGHT_1,NONE,TRACK,1.5142128500755385,0.04071000529859958,0.014212850075538519,1.56688753885545,0.00010835623504457506,0.04499999999999993,0.3545755663585623,3.0001462969990788e-05,2.094212785978879,0,17.303348541259766
13.618773245998455,combined,3,2,follower_1,STRAIGHT_1,NONE,TRACK,1.5294353724055227,0.006004416894062368,0.02943537240552274,1.585342992419714,0.02114247902355469,0.04499999999999993,0.3825379077112005,0.0008719990654339285,2.1094353395976038,0,12.745134353637695
13.618773245998455,combined,3,3,follower_2,STRAIGHT_1,NONE,TRACK,1.526217505772633,0.02786296717618216,0.026217505772633043,1.5683406984932624,-0.018356707937567482,0.040000000000000924,0.35391645722957016,-0.0007611837458002283,2.106217476911923,0,9.402406692504883
13.81882156500069,combined,3,1,leader,STRAIGHT_1,NONE,TRACK,1.5135340218972027,0.043010995922895257,0.013534021897202653,1.5659798607674897,-0.006937454772908613,0.049999999999998934,0.35369409441877003,-0.00027461883109122976,2.0935339501242183,0,12.40733814239502
13.81882156500069,combined,3,2,follower_1,STRAIGHT_1,NONE,TRACK,1.5256066211083377,0.009269515218107269,0.025606621108337668,1.5809959173951413,-0.008519182322595725,0.04499999999999993,0.3772553770269704,-0.0003915618302302215,2.1056065854242716,0,10.857778549194336
13.81882156500069,combined,3,3,follower_2,STRAIGHT_1,NONE,TRACK,1.5276570743027513,0.027866494858851953,0.027657074302751328,1.5721540594991001,0.005503237920200945,0.04499999999999993,0.3657910288982177,0.0002661306286013482,2.1076570429674204,0,7.316784858703613
14.019143072000588,combined,3,1,leader,STRAIGHT_1,NONE,TRACK,1.5125928206736108,0.03711395321143464,0.012592820673610783,1.5655784091286238,0.007502788071447139,0.120000000000001,0.3538627923993973,0.00033630947343136797,2.092592764970525,0,5.975566864013672
14.019143072000588,combined,3,2,follower_1,STRAIGHT_1,NONE,TRACK,1.5220371156327077,0.016173482617319906,0.022037115632707716,1.576492749567013,-0.006995266364661058,0.04499999999999993,0.3704781193548409,-0.0002963681131557511,2.1020370886067514,0,11.052764892578125
14.019143072000588,combined,3,3,follower_2,STRAIGHT_1,NONE,TRACK,1.5267433714412249,0.026855105721577156,0.02674337144122485,1.5727265144111369,0.0033374423882502674,0.11000000000000121,0.3697689797194613,0.00015815443722084878,2.1067433321020053,0,7.220668792724609
14.218966176998947,combined,3,1,leader,STRAIGHT_1,NONE,TRACK,1.5121921549361736,0.02837928487049256,0.01219215493617365,1.5654403859216146,0.015760618671625863,0.11500000000000021,0.35456063941670585,0.0006521892839824809,2.092192119242218,0,8.873247146606445
14.218966176998947,combined,3,2,follower_1,STRAIGHT_1,NONE,TRACK,1.5188260208684257,0.015767265563918942,0.018826020868425664,1.5744115573873083,-0.007983054761608323,0.03999999999999915,0.3688423054529028,-0.00031661056039226844,2.0988260063929127,0,13.354278564453125
14.218966176998947,combined,3,3,follower_2,STRAIGHT_1,NONE,TRACK,1.5247827092979878,0.02546842254811199,0.02478270929798776,1.574807974463466,0.0058255777955728396,0.10999999999999943,0.3778754072402014,0.0002468380343470825,2.104782670668949,0,14.985528945922852
14.41901757099913,combined,3,1,leader,STRAIGHT_1,NONE,TRACK,1.5123491038905232,0.026206979893250004,0.012349103890523239,1.5629479587922424,0.011323629634170931,0.04499999999999993,0.34940156883516826,0.000442431573721072,2.0923490721087585,0,8.236383438110352
14.41901757099913,combined,3,2,follower_1,STRAIGHT_1,NONE,TRACK,1.51525588536648,0.02009088258173682,0.015255885366479927,1.5724498922137953,-0.008781550443651283,0.04499999999999993,0.3668560438983455,-0.00037266660765159464,2.095255867258429,0,12.935332298278809
14.41901757099913,combined,3,3,follower_2,STRAIGHT_1,NONE,TRACK,1.522137329345177,0.023427060891251558,0.02213732934517698,1.574491291835254,0.003678106059172125,0.04499999999999993,0.379723072968824,0.00015578820306488828,2.1021372866847052,0,6.0356597900390625
14.619538590999582,combined,3,1,leader,STRAIGHT_1,NONE,TRACK,1.5125573146579023,0.0330675247659585,0.01255731465790233,1.562575728531412,-0.007078575780645983,0.125,0.3489055931561233,-0.00032447659928509093,2.0925572677923325,0,8.827797889709473
14.619538590999582,combined,3,2,follower_1,STRAIGHT_1,NONE,PREDICT,1.5281967064444677,0.023906158507662152,0.0281967064444677,1.5709394504664311,-0.011568207749344384,0.245000000000001,0.2010646926271973,-0.0004602120288479724,2.1081966758573274,0,12.935332298278809
14.619538590999582,combined,3,3,follower_2,STRAIGHT_1,NONE,TRACK,1.503407442536186,0.02661705363196235,0.0034074425361860783,1.573935365671807,-0.0033753253699924566,0.05000000000000071,0.38067616473830246,-0.00014829165377691633,2.083407388999392,0,6.690902233123779
14.81881848500052,combined,3,1,leader,STRAIGHT_1,NONE,TRACK,1.5127504199003798,0.027955369118257224,0.012750419900379839,1.5625026117856875,0.0007455023242055716,0.049999999999998934,0.3490443269257073,2.3817499091012597e-05,2.0927503835855377,0,12.861861228942871
14.81881848500052,combined,3,2,follower_1,STRAIGHT_1,NONE,TRACK,1.5246313007879264,0.018443181127180876,0.024631300787926413,1.5793652150688373,0.008839206582816672,0.054999999999999716,0.3654975800566511,0.0003348661836385651,2.104631284289127,0,10.583352088928223
14.81881848500052,combined,3,3,follower_2,STRAIGHT_1,NONE,TRACK,1.5039246246782743,0.02892468195256024,0.003924624678274258,1.5705249891507813,-0.0078024362310997,0.10500000000000043,0.37377922333562785,-0.0003167723026296029,2.0839245755011717,0,15.151155471801758
15.018982104000315,combined,3,1,leader,STRAIGHT_1,NONE,TRACK,1.51265106149292,0.026479908359026246,0.012651061492920057,1.5626178423701356,0.015953591998527205,0.05000000000000071,0.34961906995309266,0.00063401485420273,2.0926510278274453,0,14.55861759185791
15.018982104000315,combined,3,2,follower_1,STRAIGHT_1,NONE,TRACK,1.523019631078239,0.02001859654733076,0.0230196310782389,1.576209957823456,0.006551610620393759,0.19000000000000128,0.3623510000324115,0.00024350889782424242,2.1030196135127284,0,13.623759269714355
15.018982104000315,combined,3,3,follower_2,STRAIGHT_1,NONE,TRACK,1.507381947342582,0.03052003762572031,0.007381947342582018,1.5570501382726936,-0.008111545929423451,0.05000000000000071,0.3421490037391068,-0.00033076305351646543,2.087381891867851,0,8.579645156860352
15.218649980997725,combined,3,1,leader,STRAIGHT_1,NONE,TRACK,1.5122483476243254,0.031825124672086175,0.012248347624325362,1.5636770378706837,-0.014087184832874041,0.054999999999999716,0.35263868411832344,-0.0006083697490311571,2.092248302157626,0,10.835162162780762
15.218649980997725,combined,3,2,follower_1,STRAIGHT_1,NONE,TRACK,1.5371162627988948,0.025116424403099157,0.037116262798894795,1.573756187043909,-0.006605595372926354,0.1850000000000005,0.36009682490566247,-0.00027942412996530725,2.117116232642781,0,13.623759269714355
15.218649980997725,combined,3,3,follower_2,STRAIGHT_1,NONE,TRACK,1.496095872917266,0.02929296289683083,-0.0039041270827340213,1.556001672096918,0.000997625858963586,0.054999999999999716,0.3389572921520556,6.089449237415685e-05,2.0760958114418617,0,7.816244125366211
15.419649789000687,combined,3,1,leader,STRAIGHT_1,NONE,TRACK,1.5167078688507378,0.026482927745783334,0.016707868850737828,1.5627759363171132,0.01001069627679023,0.054999999999999716,0.35080604409930555,0.0004339070204892264,2.0967078342444685,0,18.79945182800293
15.419649789000687,combined,3,2,follower_1,STRAIGHT_1,NONE,TRACK,1.5347484636375572,0.026558462760581072,0.034748463637557236,1.5873217676736455,-0.004475800029966636,0.05999999999999872,0.3648307787238745,-0.00018929130319290537,2.1147484353292105,0,12.559516906738281
15.419649789000687,combined,3,3,follower_2,STRAIGHT_1,NONE,TRACK,1.5009191713441383,0.023343858924911517,0.0009191713441383254,1.5557369152114922,0.010523252228857338,0.054999999999999716,0.33716719143455715,0.00044959354874090176,2.080919117481908,0,8.77438735961914
15.621349074997852,combined,3,1,leader,STRAIGHT_1,NONE,PREDICT,1.5344415586222215,0.020284557097670474,0.034441558622221535,1.5665553917583115,0.012135232337884659,0.2550000000000008,0.1947102196733783,0.0005006512893074348,2.11444153446365,0,18.79945182800293
15.621349074997852,combined,3,2,follower_1,STRAIGHT_1,NONE,PREDICT,1.5262305977675994,0.022217190803316546,0.026230597767599395,1.5870858928979048,-0.005215947555873389,0.2599999999999998,0.20054665684047218,-0.00021254372349251854,2.106230579607158,0,7.747530937194824
15.621349074997852,combined,3,3,follower_2,STRAIGHT_1,NONE,TRACK,1.49893864648985,0.02138023965922818,-0.0010613535101500204,1.5565480192835146,-0.010663283175291948,0.05000000000000071,0.3322571555817055,-0.00042262544684170436,2.0789386048997915,0,11.180838584899902
15.820729557999584,combined,3,1,leader,STRAIGHT_1,NONE,TRACK,1.5311610127036066,0.01274794257574625,0.031161012703606605,1.5848646319563615,0.01914121020561872,0.07000000000000028,0.3677850165046581,0.0007835436203318235,2.1111609976112544,0,10.23349380493164
15.820729557999584,combined,3,2,follower_1,STRAIGHT_1,NONE,TRACK,1.5312859001604897,0.0209784575722757,0.03128590016048971,1.5825743181874208,0.010550747116809644,0.0649999999999995,0.34615152030876883,0.000370972883108309,2.11128588379681,0,10.481689453125
15.820729557999584,combined,3,3,follower_2,STRAIGHT_1,NONE,TRACK,1.5040758335148565,0.020876268810209948,0.0040758335148565195,1.5552330815199773,0.00881823754347424,0.129999999999999,0.3203736743870504,0.0003926031152141365,2.0840757948786646,0,13.779108047485352
16.020059237998794,combined,3,1,leader,STRAIGHT_1,SHORT_OCCLUSION,TRACK,1.528779000659901,0.01691982521509127,0.02877900065990091,1.580404412789453,-0.008016667615645045,0.005000000000000782,0.3630900536716939,-0.0003648293764646601,2.1087789812208824,0,9.95293140411377
16.020059237998794,combined,3,2,follower_1,STRAIGHT_1,SHORT_OCCLUSION,PREDICT,1.5600132360763563,0.02437568710260557,0.060013236076356336,1.5756630749588751,-0.003818493654205277,0.20000000000000107,0.1848784198102243,-0.00019704193115589036,2.1400132145434205,0,11.456128120422363
16.020059237998794,combined,3,3,follower_2,STRAIGHT_1,SHORT_OCCLUSION,TRACK,1.4850989312498835,0.024843116747023483,-0.014901068750116542,1.5518143553827204,-0.008483064244996941,0.0600000000000005,0.3114276918552079,-0.0003269956771871464,2.0650988816841367,0,9.411153793334961
16.220631221000076,combined,3,1,leader,STRAIGHT_1,SHORT_OCCLUSION,TRACK,1.5262413073156307,0.01851456799080357,0.02624130731563068,1.5773174560915546,-0.005257965053084982,0.004999999999999005,0.3606165839391898,-0.0002203530429409925,2.106241285803521,0,8.043074607849121
16.220631221000076,combined,3,2,follower_1,STRAIGHT_1,SHORT_OCCLUSION,PREDICT,1.5994217198440057,0.029879259937953127,0.09942171984400572,1.5990793027976062,-0.005895188648928566,0.40000000000000036,0.19582550632483106,-0.00026228322854758416,2.1794216870595244,0,10.791630744934082
16.220631221000076,combined,3,3,follower_2,STRAIGHT_1,SHORT_OCCLUSION,TRACK,1.4619822572825298,0.03154487528847919,-0.03801774271747016,1.5526257216785526,-0.007923886320344107,0.1349999999999998,0.3123995124778532,-0.0003113914937028989,2.041982183202129,0,9.072680473327637
16.513471672999003,combined,3,1,leader,STRAIGHT_1,SHORT_OCCLUSION,TRACK,1.5241698038011258,0.02110228812781384,0.024169803801125767,1.5766345698372548,-0.005460944649611586,0.054999999999999716,0.36003613062303497,-0.00022672983503375848,2.104169778523724,0,8.28752326965332
16.513471672999003,combined,3,2,follower_1,STRAIGHT_1,SHORT_OCCLUSION,PREDICT,1.605091945070116,0.04101941545279513,0.10509194507011599,1.6053080788632832,-0.0062920203176825675,0.45000000000000107,0.19873745913553506,-0.00027475006310027764,2.185091882238887,0,12.687973022460938
16.513471672999003,combined,3,3,follower_2,STRAIGHT_1,SHORT_OCCLUSION,TRACK,1.4827606520990115,0.03750984700934453,-0.017239347900988466,1.5460754484139787,0.002291140724303839,0.05000000000000071,0.29556966387463635,0.00011394482905977945,2.0627605383886265,0,8.00007152557373
16.641549464999116,combined,3,1,leader,STRAIGHT_1,NONE,TRACK,1.522829525303298,0.018865973220896167,0.02282952530329796,1.5752044920798474,0.002440098075359484,0.14000000000000057,0.3596667610019447,0.00010169344951726853,2.102829503179987,0,16.718629837036133
16.641549464999116,combined,3,2,follower_1,STRAIGHT_1,NONE,PREDICT,1.5948777037834918,0.04875957675375082,0.0948777037834918,1.6233120579928364,-0.007331880438658953,0.6000000000000014,0.20715431937860118,-0.0003074182322684817,2.174877616393577,0,14.814276695251465
16.641549464999116,combined,3,3,follower_2,STRAIGHT_1,NONE,TRACK,1.5085423000179934,0.0408858260436718,0.008542300017993387,1.539648330262941,-0.013704693071377316,0.13000000000000078,0.27908301595346924,-0.0005521107042713513,2.0885421561108704,0,13.043261528015137
16.839705600999878,combined,3,1,leader,STRAIGHT_1,NONE,TRACK,1.5205427935693037,0.019391791305606344,0.020542793569303663,1.5736356132913338,-0.0011732889928134029,0.014999999999998792,0.3625080615383639,-8.1884876211768e-05,2.1005427706850766,0,9.90755844116211
16.839705600999878,combined,3,2,follower_1,STRAIGHT_1,NONE,TRACK,1.5813754857988656,0.04629906361335323,0.08137548579886555,1.6496930930213853,0.006311156854135726,0.004999999999999005,0.43669450774258345,0.00036835482136237025,2.161375405942728,0,14.495247840881348
16.839705600999878,combined,3,3,follower_2,STRAIGHT_1,NONE,TRACK,1.5376454601602358,0.03256684333714284,0.037645460160235844,1.5417731087674778,0.007052008088147084,0.004999999999999005,0.27351905687369077,0.00034664121500738203,2.117645356880638,0,8.13652515411377
17.039731466000376,combined,3,1,leader,STRAIGHT_1,NONE,TRACK,1.5180203115704527,0.02565048052148316,0.018020311570452696,1.5726626910041466,-0.007600466703577061,0.015000000000000568,0.36310152347144076,-0.00036116020074108523,2.0980202784016213,0,6.792839050292969
17.039731466000376,combined,3,2,follower_1,STRAIGHT_1,NONE,TRACK,1.5700419222088557,0.028091282779352803,0.07004192220885574,1.6341486530163258,0.032538021721975424,0.009999999999999787,0.4205062868158732,0.0014156123948085614,2.1500418853337173,0,9.741409301757812
17.039731466000376,combined,3,3,follower_2,STRAIGHT_1,NONE,TRACK,1.5529025264573124,0.015269993570317098,0.052902526457312415,1.568245720999997,0.026247560952971705,0.009999999999999787,0.3402751770316224,0.0011277473850795396,2.132902502702772,0,6.487672805786133
17.239657469999656,combined,3,1,leader,STRAIGHT_1,NONE,TRACK,1.5158459599227614,0.03568279903353561,0.015845959922761388,1.5706969942334184,-0.014420427552343577,0.009999999999999787,0.36073896921575693,-0.0005909236956280966,2.095845904037971,0,15.00849437713623
17.239657469999656,combined,3,2,follower_1,STRAIGHT_1,NONE,TRACK,1.5597399917897439,0.017857854720693275,0.059739991789743874,1.6221204468469668,0.012046304741078966,0.009999999999999787,0.4096924896027136,0.00047922297628973684,2.139739957777677,0,11.738550186157227
17.239657469999656,combined,3,3,follower_2,STRAIGHT_1,NONE,TRACK,1.55540803451105,0.016828941205195798,0.05540803451104992,1.589885192589208,-0.005879155525830961,0.009999999999999787,0.3981494541665838,-0.00029838321384185215,2.135408021778179,0,9.978399276733398
17.441217284998856,combined,3,1,leader,STRAIGHT_1,NONE,TRACK,1.5145937674481371,0.039755869917700006,0.014593767448137118,1.5684021583623047,-0.012751505367607179,0.07500000000000107,0.3572679377029463,-0.0005095401628976095,2.0945936997406256,0,13.568896293640137
17.441217284998856,combined,3,2,follower_1,STRAIGHT_1,NONE,TRACK,1.551922489219926,0.012907610484732294,0.05192248921992593,1.6099217488485995,0.008869304130013038,0.0649999999999995,0.4003563238247153,0.00034467515316510675,2.131922455002944,0,12.667242050170898
17.441217284998856,combined,3,3,follower_2,STRAIGHT_1,NONE,TRACK,1.5501397359333269,0.026870221745245997,0.05013973593332688,1.5983391801402242,-0.019289563449318942,0.015000000000000568,0.4254800649378665,-0.000806432243122395,2.130139709342743,0,7.833219051361084
17.639712850999786,combined,3,1,leader,STRAIGHT_1,NONE,TRACK,1.5136430376576502,0.04342814881980413,0.013643037657650181,1.5668566970323674,-0.005941293187378165,0.015000000000000568,0.3550323650778579,-0.00022623034687216744,2.0936429580582456,0,13.690956115722656
17.639712850999786,combined,3,2,follower_1,STRAIGHT_1,NONE,TRACK,1.544826277545835,0.012804780748373178,0.044826277545835014,1.6037877348589173,-0.0011599446913057342,0.019999999999999574,0.3928109465823489,-8.545509722687896e-05,2.124826238586267,0,12.818431854248047
17.639712850999786,combined,3,3,follower_2,STRAIGHT_1,NONE,TRACK,1.541836625412362,0.022056240633379704,0.041836625412362105,1.5997994936879334,0.009540336644677795,0.015000000000000568,0.4368449991683528,0.0004432442167818235,2.121836607043696,0,8.276500701904297
17.839460098999552,combined,3,1,leader,STRAIGHT_1,NONE,TRACK,1.5126761187125752,0.0399603222369532,0.012676118712575235,1.5661614212949024,0.005882427321288127,0.019999999999999574,0.35464256574166875,0.00029443347384399435,2.0926760484656977,0,11.40005111694336
17.839460098999552,combined,3,2,follower_1,STRAIGHT_1,NONE,TRACK,1.5382581939245266,0.012639836109244523,0.03825819392452656,1.5972349312073344,-0.0014503699737569622,0.019999999999999574,0.3873898468748147,-7.67989332504049e-05,2.1182581654271218,0,13.408122062683105
17.839460098999552,combined,3,3,follower_2,STRAIGHT_1,NONE,TRACK,1.5336209864820538,0.009222056737317304,0.033620986482053805,1.5938377275749942,0.017603897275707416,0.019999999999999574,0.42864851141769694,0.0007470420081701671,2.113620981870261,0,6.310791015625
18.03961750400049,combined,3,1,leader,STRAIGHT_1,NONE,TRACK,1.512300998340479,0.029444363222368385,0.01230099834047893,1.564846712357262,0.01639719877784985,0.02500000000000213,0.3523785160026976,0.000693420865519782,2.09230095366633,0,14.824430465698242
18.03961750400049,combined,3,2,follower_1,STRAIGHT_1,NONE,TRACK,1.5331869640759406,0.009221663349278061,0.03318696407594057,1.5888072902985386,-0.006287064754031919,0.019999999999999574,0.3757329708404652,-0.0002671362760742168,2.1131869545611757,0,12.970359802246094
18.03961750400049,combined,3,3,follower_2,STRAIGHT_1,NONE,TRACK,1.5255649654890753,0.007172583109654187,0.025564965489075275,1.585454314672272,0.008765142724135958,0.019999999999999574,0.4127775052741784,0.0003160945854291837,2.1055649626213833,0,9.976271629333496
18.239496818998305,combined,3,1,leader,STRAIGHT_1,NONE,TRACK,1.5125264508138203,0.02828923532012964,0.012526450813820311,1.563116806892753,0.011631042495529237,0.02499999999999858,0.3488086549018116,0.0004565387367330663,2.092526408309741,0,8.758848190307617
18.239496818998305,combined,3,2,follower_1,STRAIGHT_1,NONE,TRACK,1.5298719814876345,0.010117717394968008,0.02987198148763448,1.582746880365555,-0.00241425126476458,0.02499999999999858,0.36806029260853956,-0.00010293859624143402,2.1098719726836497,0,11.820509910583496
18.239496818998305,combined,3,3,follower_2,STRAIGHT_1,NONE,TRACK,1.519961096378324,0.014273359911979339,0.019961096378324106,1.5794004512698716,-0.006813610797225326,0.02499999999999858,0.40119463505865405,-0.0003135006328202852,2.099961087433857,0,5.816647052764893
18.439611657999194,combined,3,1,leader,STRAIGHT_1,NONE,TRACK,1.5128633192960605,0.0362883791547394,0.01286331929606055,1.5627075523754979,-0.014855951464241585,0.029999999999997584,0.3482997419872634,-0.0006424132976776047,2.092863257703248,0,16.591026306152344
18.439611657999194,combined,3,2,follower_1,STRAIGHT_1,NONE,TRACK,1.5266159790571485,0.015717704578711245,0.02661597905714852,1.5790888884497245,-0.007758142256480294,0.029999999999997584,0.3645429509917869,-0.0003073099142563193,2.1066159563671087,0,12.833475112915039
18.439611657999194,combined,3,3,follower_2,STRAIGHT_1,NONE,TRACK,1.5147873488466377,0.025294079072872528,0.014787348846637682,1.574206963284356,-0.015178360060967927,0.02499999999999858,0.3907393970508403,-0.0006457895334350917,2.094787320917778,0,8.172402381896973
18.63955743399856,combined,3,1,leader,STRAIGHT_1,NONE,TRACK,1.5126311461029454,0.02934274072500356,0.012631146102945356,1.5634983124493975,0.012066330589067942,0.029999999999997584,0.3508002757563667,0.000517870433808325,2.092631100379871,0,6.007853031158447
18.63955743399856,combined,3,2,follower_1,STRAIGHT_1,NONE,TRACK,1.5243903654578121,0.01855341378552821,0.024390365457812146,1.5764188950764464,-0.007253707234655252,0.08999999999999986,0.36259014146827706,-0.00028526350540815723,2.1043903478956745,0,13.708135604858398
18.63955743399856,combined,3,3,follower_2,STRAIGHT_1,NONE,TRACK,1.5113379079830487,0.03370101351856856,0.011337907983048678,1.5693689642387054,-0.012773192273967657,0.029999999999997584,0.379964730435631,-0.0005001173052545425,2.0913378574025305,0,5.5915751457214355
18.839588308997918,combined,3,1,leader,STRAIGHT_1,NONE,TRACK,1.5124041663329593,0.030461371738430353,0.012404166332959266,1.563487810548493,0.0024596002496001562,0.030000000000001137,0.35133604857546963,6.912195590548913e-05,2.092404117936333,0,16.45939826965332
18.839588308997918,combined,3,2,follower_1,STRAIGHT_1,NONE,TRACK,1.52231269375461,0.019812685024211935,0.02231269375461009,1.5743234303289921,0.0028699764879655657,0.030000000000001137,0.3612459527989536,0.0001394585772336371,2.102312673377469,0,13.03230094909668
18.839588308997918,combined,3,3,follower_2,STRAIGHT_1,NONE,TRACK,1.5093890546083517,0.03224771588721665,0.00938905460835171,1.5660626774484612,0.0039670117870456295,0.030000000000001137,0.37210050267579503,0.00020467185941368488,2.0893890057713254,0,9.07763385772705
19.039425070997822,combined,3,1,leader,STRAIGHT_1,LONG_OCCLUSION,TRACK,1.5124376293135904,0.02844150385881056,0.012437629313590381,1.5627354555966537,-0.0018550359266618047,0.030000000000001137,0.34988488569105325,-6.871882212181153e-05,2.0924375847775054,0,11.080526351928711
19.039425070997822,combined,3,2,follower_1,STRAIGHT_1,LONG_OCCLUSION,TRACK,1.5376074832216144,0.01992469382381921,0.037607483221614446,1.5725131736575866,-0.0017862588383881614,0.16499999999999915,0.36007401748359547,-6.730665632361126e-05,2.1176074647260448,0,6.551668167114258
19.039425070997822,combined,3,3,follower_2,STRAIGHT_1,LONG_OCCLUSION,TRACK,1.491406518389033,0.02728220693066076,-0.008593481610966958,1.5620378297521422,0.008543500667589243,0.030000000000001137,0.3620272508775245,0.00036476525355285885,2.0714064788266224,0,7.642134189605713
19.23941380099859,combined,3,1,leader,STRAIGHT_1,LONG_OCCLUSION,TRACK,1.512487232709311,0.027331333401001887,0.012487232709311069,1.562528319879845,0.010977404636268126,0.03999999999999915,0.34968694794841965,0.00045128230248946816,2.0924871902586326,0,15.133493423461914
19.23941380099859,combined,3,2,follower_1,STRAIGHT_1,LONG_OCCLUSION,PREDICT,1.5636349361827464,0.020545794328159176,0.0636349361827464,1.5907871136403997,-0.0017197899012160723,0.36499999999999844,0.20658377655794266,-6.52184730764937e-05,2.1436349176065472,0,10.526520729064941
19.23941380099859,combined,3,3,follower_2,STRAIGHT_1,LONG_OCCLUSION,TRACK,1.4674615030161966,0.02624984626133671,-0.0325384969838034,1.5559292677630345,0.01437587834462298,0.02499999999999858,0.34617317254372476,0.0005889135705641328,2.0474614638406967,0,9.461852073669434
19.439603886999976,combined,3,1,leader,STRAIGHT_1,LONG_OCCLUSION,TRACK,1.5124758130994858,0.03327239670362889,0.012475813099485755,1.5625305814708401,-0.014320101453671462,0.03999999999999915,0.3499740039179145,-0.0006112706649603216,2.0924757572581676,0,15.216047286987305
19.439603886999976,combined,3,2,follower_1,STRAIGHT_1,LONG_OCCLUSION,PREDICT,1.5917334480749579,0.022257013792882658,0.09173344807495787,1.6189863121392736,-0.0016637716227794492,0.5649999999999977,0.21976690185616618,-6.345860695646126e-05,2.171733421688967,0,11.657903671264648
19.439603886999976,combined,3,3,follower_2,STRAIGHT_1,LONG_OCCLUSION,TRACK,1.4534034973531151,0.04591831773689507,-0.04659650264688486,1.5353459461084296,-0.029434212325458592,0.03500000000000014,0.293765861183109,-0.0012476177051322058,2.033403405251885,0,9.62535572052002
19.639473228999123,combined,3,1,leader,STRAIGHT_1,LONG_OCCLUSION,TRACK,1.5122160772189692,-0.18193800831773907,0.012216077218969223,1.5625734899864874,0.011366854008504734,0.03500000000000014,0.350353782562229,0.0005099113539409911,2.092151426947783,0,7.842679977416992
19.639473228999123,combined,3,2,follower_1,STRAIGHT_1,LONG_OCCLUSION,SAFE_STOP,1.6470031284839266,0.02080799727636473,0.1470031284839266,1.6446871028514187,-0.001626158859105553,0.7650000000000006,0.0,0.0,2.227003110397186,0,10.879088401794434
19.639473228999123,combined,3,3,follower_2,STRAIGHT_1,LONG_OCCLUSION,TRACK,1.4176400714103914,0.037948001803791334,-0.08235992858960861,1.5216123090273417,0.0040346530321709855,0.03500000000000014,0.254484806719647,0.00022154124396518303,1.9976400018189788,0,8.937249183654785
19.83955966099893,combined,3,1,leader,TURN_HARD,LONG_OCCLUSION,TRACK,1.5119746856494873,-0.4315681379744856,0.011974685649487338,1.5631986416501493,-0.07435051288166339,0.05000000000000071,0.3522093692783,-0.003140520974156065,2.091425381912538,0,6.236310958862305
19.83955966099893,combined,3,2,follower_1,TURN_HARD,LONG_OCCLUSION,SAFE_STOP,1.7173603136673707,0.03136243355257518,0.21736031366737074,1.7114746169112736,-0.0022169331745746155,0.9649999999999999,0.0,0.0,2.2973599944094656,0,10.155497550964355
19.83955966099893,combined,3,3,follower_2,TURN_HARD,LONG_OCCLUSION,TRACK,1.3815162710575202,0.02191488995457958,-0.11848372894247983,1.5052538424389832,0.024826891761908925,0.0400000000000027,0.20236931433644598,0.0010427231822024304,1.9615162348457056,0,9.103114128112793
20.039892280998174,combined,3,1,leader,TURN_HARD,LONG_OCCLUSION,TRACK,1.5143309560783884,-0.45064129632560235,0.014330956078388413,1.5615276078240088,-0.33877111001976756,0.045000000000001705,0.34808696686497725,-0.014023578112260114,2.0927113763963154,0,11.743617057800293
20.039892280998174,combined,3,2,follower_1,TURN_HARD,LONG_OCCLUSION,SAFE_STOP,1.7928454634902917,0.056905272835212184,0.2928454634902917,1.7816952804111903,-0.002858054605979649,1.1649999999999991,0.0,0.0,2.372841654571073,0,6.731709003448486
20.039892280998174,combined,3,3,follower_2,TURN_HARD,LONG_OCCLUSION,TRACK,1.3605478434817881,0.008869467497690495,-0.13945215651821186,1.472969753591754,0.03635842766213916,0.03999999999999915,0.10585788443910032,0.0015064038549359056,1.9405478213014262,0,6.069140911102295
20.239456161998532,combined,3,1,leader,TURN_HARD,NONE,TRACK,1.5217191317071728,-0.37111992581719144,0.021719131707172767,1.553215922938881,-0.36922148647619546,0.05000000000000071,0.3262814950396227,-0.014715246723397295,2.0987833444626296,0,10.390477180480957
20.239456161998532,combined,3,2,follower_1,TURN_HARD,NONE,SAFE_STOP,1.8528599224299733,0.06955281075624888,0.3528599224299733,1.851915943911107,-0.0034991760373846823,1.3649999999999984,0.0,0.0,2.432850831794915,0,6.488988876342773
20.239456161998532,combined,3,3,follower_2,TURN_HARD,NONE,TRACK,1.3581614970661715,0.02860713049156236,-0.1418385029338285,1.4466777752703581,-0.016360017089738704,0.03999999999999915,0.023198272547573166,-0.000728789129275419,1.938161448716962,0,6.086658000946045
20.439311441998143,combined,3,1,leader,TURN_HARD,NONE,TRACK,1.5344413869780011,-0.2673646136176888,0.03444138697800114,1.5412360737423658,-0.25163079580421255,0.04999999999999716,0.2932292986214264,-0.009569237361327067,2.109869761086035,0,13.707082748413086
20.439311441998143,combined,3,2,follower_1,TURN_HARD,NONE,TRACK,1.843664581085809,0.06457349760491268,0.343664581085809,1.9058892548241257,0.00016162931900219846,0.03999999999999915,0.6,5.979798155188966e-06,2.4236516873004352,0,12.178080558776855
20.439311441998143,combined,3,3,follower_2,TURN_HARD,NONE,TRACK,1.422078852931792,0.04405358213474688,-0.07792114706820796,1.4352899432426718,-0.049716119205198306,0.10999999999999943,0.0,-0.0020679058560389993,2.002078775254305,0,7.2763237953186035
20.6395349159975,combined,3,1,leader,TURN_HARD,NONE,TRACK,1.5511323124350627,-0.17136746742647238,0.051132312435062666,1.5349371013435973,-0.0612941016276006,0.05000000000000071,0.2732431185269838,-0.0016829447219794005,2.124588055698799,0,6.022921085357666
20.6395349159975,combined,3,2,follower_1,TURN_HARD,NONE,TRACK,1.7791353614987164,0.03579426964182877,0.27913536149871643,1.8842035156772354,0.02830129764414159,0.05000000000000071,0.6,0.0011402122268907246,2.359123115032039,0,9.305944442749023
20.6395349159975,combined,3,3,follower_2,TURN_HARD,NONE,TRACK,1.5328016379937004,0.034317017420402905,0.032801637993700394,1.4399787706873655,0.005011372059701377,0.045000000000001705,0.0,0.0002524884499732155,2.1128015954626114,0,5.328894138336182
20.839513618997444,combined,3,1,leader,TURN_HARD,NONE,TRACK,1.570144547392905,-0.06074704537834873,0.07014454739290499,1.5311379944755341,0.11187257146732356,0.054999999999999716,0.25886353721787736,0.005198205785465691,2.1413057524859913,0,16.136842727661133
20.839513618997444,combined,3,2,follower_1,TURN_HARD,NONE,TRACK,1.7161477982534412,0.029229726554140627,0.21614779825344121,1.8358014293336915,-0.03724383120703755,0.05000000000000071,0.5928871034204243,-0.0015652753179704118,2.2961393900813682,0,12.194008827209473
20.839513618997444,combined,3,3,follower_2,TURN_HARD,NONE,TRACK,1.6080937355590783,0.029620532558892503,0.10809373555907831,1.5139257410239753,0.0002692656426190667,0.05000000000000071,0.157336851271111,-2.0505067891144208e-05,2.1880936905983908,0,10.171835899353027
21.03949018899948,combined,3,1,leader,TURN_HARD,NONE,TRACK,1.5888294117655806,0.07428244475482229,0.08882941176558057,1.533777839352689,0.24875652513853558,0.05999999999999872,0.2608279586431708,0.010495253680724738,2.1573915263680594,0,7.153234958648682
21.03949018899948,combined,3,2,follower_1,TURN_HARD,NONE,TRACK,1.666467586359961,0.03084456656329346,0.16646758635996095,1.7803090265658492,-0.06100861422888532,0.11500000000000199,0.5262198824899946,-0.002414206185621643,2.246464166215641,0,12.580288887023926
21.03949018899948,combined,3,3,follower_2,TURN_HARD,NONE,TRACK,1.6270102810840579,0.04178012733964589,0.12701028108405787,1.5966960762468736,0.00738200216440931,0.054999999999999716,0.36972492838912296,0.0002610809059503102,2.207010103857416,0,8.667383193969727
21.23932712199894,combined,3,1,leader,TURN_HARD,NONE,TRACK,1.603185018380263,0.157488945404951,0.10318501838026295,1.5403913997313332,0.47191868864178915,0.05999999999999872,0.2732766349471303,0.019176472243688486,2.16900645601255,0,15.494675636291504
21.23932712199894,combined,3,2,follower_1,TURN_HARD,NONE,TRACK,1.636706928564295,0.03616754254040536,0.136706928564295,1.7227066814709715,-0.09115019054678891,0.05000000000000071,0.4397443066321908,-0.003618811101350409,2.2167068809280206,0,12.433232307434082
21.23932712199894,combined,3,3,follower_2,TURN_HARD,NONE,TRACK,1.6087437725274811,0.07744900616524579,0.10874377252748113,1.6439261218777448,-0.05358325202966349,0.04499999999999815,0.5072052843122072,-0.0022642457602340686,2.1887431038141307,0,11.61397933959961
21.439452095997694,combined,3,1,leader,TURN_HARD,NONE,TRACK,1.614641726741541,0.24110490579044314,0.11464172674154094,1.5476613019904963,0.6108092717585057,0.125,0.28838867281635994,0.02437629010707775,2.1776238583121685,0,10.458123207092285
21.439452095997694,combined,3,2,follower_1,TURN_HARD,NONE,TRACK,1.615696094332037,0.030142671905880176,0.11569609433203709,1.6891735744409784,-0.09336160837019106,0.054999999999999716,0.4022301948619742,-0.0036243644719792627,2.19569115712271,0,8.540746688842773
21.439452095997694,combined,3,3,follower_2,TURN_HARD,NONE,TRACK,1.5776217772000887,0.08184105801578627,0.07762177720008867,1.6567389242458153,-0.019133518008397275,0.054999999999999716,0.557469731507398,-0.0006960296276024829,2.1576206605505788,0,7.222523212432861
21.639924778999557,combined,3,1,leader,TURN_HARD,NONE,TRACK,1.6239206433159041,0.3131355159038302,0.12392064331590413,1.5526824232330114,0.8211490896272815,0.05500000000000327,0.2996202334329842,0.032550406228270636,2.1837684834022375,0,13.505831718444824
21.639924778999557,combined,3,2,follower_1,TURN_HARD,NONE,TRACK,1.59951100008916,-0.0020815438428320007,0.09951100008915992,1.6656967161588794,-0.056478288900125975,0.05500000000000327,0.3810252858954356,-0.002074795616048806,2.179485370879634,0,10.687210083007812
21.639924778999557,combined,3,3,follower_2,TURN_HARD,NONE,TRACK,1.5477915043866355,0.04604443041164158,0.047791504386635486,1.6425845644877684,0.051468433370498376,0.05500000000000327,0.5402139511010724,0.0022109707993294685,2.1277903382421126,0,8.435125350952148
21.839578759998403,combined,3,1,leader,TURN_HARD,NONE,TRACK,1.6308268777880748,0.3780484557716292,0.13082687778807478,1.556243880279042,0.9616596715764226,0.06500000000000128,0.30837575711962956,0.03796715363545792,2.187493698273629,0,10.583993911743164
21.839578759998403,combined,3,2,follower_1,TURN_HARD,NONE,TRACK,1.5863857012802647,-0.040291715713851387,0.08638570128026468,1.6508155767925925,-0.020901742383495955,0.060000000000002274,0.3756678889714278,-0.0006615838220056144,2.1663175292760775,0,7.715261936187744
21.839578759998403,combined,3,3,follower_2,TURN_HARD,NONE,TRACK,1.5260276676699442,0.01548503270020558,0.026027667669944243,1.616474839094503,0.045270358083050265,0.054999999999999716,0.48701922176952006,0.0017996159414043048,2.106026515569167,0,13.203219413757324
22.039608816998225,combined,3,1,leader,TURN_HARD,NONE,TRACK,1.6359268152392161,0.44452609864519405,0.13592681523921613,1.558457682906697,1.1001957228918775,0.05999999999999872,0.3147268240826294,0.04324585810520169,2.1893957920320517,0,15.859801292419434
22.039608816998225,combined,3,2,follower_1,TURN_HARD,NONE,TRACK,1.5766270713366926,-0.06464470918346395,0.07662707133669255,1.6369190111881315,-0.02035501751076306,0.05999999999999872,0.3679853283496814,-0.0006989399529175222,2.156490771549705,0,12.389533042907715
22.039608816998225,combined,3,3,follower_2,TURN_HARD,NONE,TRACK,1.5134080627418356,0.011915750985247197,0.013408062741835591,1.5964988327020824,0.012521733547654715,0.054999999999999716,0.44587247157383636,0.0004313934410070695,2.093406819480654,0,10.19566535949707
22.240119910999056,combined,3,1,leader,TURN_HARD,NONE,TRACK,1.6394004898728,0.4915025583275481,0.13940048987280007,1.5607913505461732,1.2461576922284077,0.004999999999999005,0.3220436565526388,0.0489540571856135,2.189512064424069,0,8.719376564025879
22.240119910999056,combined,3,2,follower_1,TURN_HARD,NONE,TRACK,1.5696174756112087,-0.06382223910257272,0.06961747561120868,1.623366236715601,-0.056853986182804656,0.05999999999999872,0.3569600066386426,-0.002273399784245825,2.149374038310953,0,12.156168937683105
22.240119910999056,combined,3,3,follower_2,TURN_HARD,NONE,TRACK,1.506254241482019,0.019676876494669402,0.0062542414820190295,1.5755705574288492,-0.019696811302063775,0.05999999999999872,0.3990793979139486,-0.0008390720879561319,2.086252654730901,0,8.346861839294434
22.441701317999105,combined,3,1,leader,TURN_HARD,NONE,TRACK,1.6417843676071087,0.5261975557482298,0.14178436760710866,1.5606563637883326,1.3302958379569665,0.13999999999999702,0.32294227650257123,0.051931462943208793,2.1883889922422033,0,16.46388816833496
22.441701317999105,combined,3,2,follower_1,TURN_HARD,NONE,TRACK,1.5633960237095947,-0.06345766025113432,0.06339602370959474,1.6133834486661889,-0.0377547556281886,0.134999999999998,0.35139075747889437,-0.001439906287157872,2.142996788970244,0,13.919182777404785
22.441701317999105,combined,3,3,follower_2,TURN_HARD,NONE,TRACK,1.5037735206760243,0.017160544645459744,0.0037735206760243223,1.5656653670605822,-0.007705554139908536,0.07000000000000028,0.37524672035274226,-0.0003063159676827224,2.0837718309494937,0,11.760177612304688
22.639770531997783,combined,3,1,leader,TURN_HARD,NONE,TRACK,1.6428470099791932,0.5467609104586294,0.1428470099791932,1.5619166275791332,1.4995332623547897,0.010000000000001563,0.3273034235244983,0.058484266732749667,2.1859826074517996,0,8.261234283447266
22.639770531997783,combined,3,2,follower_1,TURN_HARD,NONE,TRACK,1.5571821643404875,-0.062269561487197145,0.05718216434048751,1.609517723568843,-0.010943020130710582,0.06500000000000128,0.3582698518302966,-0.00037038769750073666,2.1365788689391634,0,13.989028930664062
22.639770531997783,combined,3,3,follower_2,TURN_HARD,NONE,TRACK,1.5054409890737876,0.014118615194061056,0.00544098907378765,1.5563397009711033,-0.009532199472157195,0.06500000000000128,0.3514632391532929,-0.0003828287512944491,2.085439480707375,0,9.280097961425781
22.84154850199775,combined,3,1,leader,TURN_HARD,NONE,TRACK,1.6429011132483218,0.5906094235912576,0.14290111324832178,1.561746812441626,1.5689095678742124,0.07000000000000028,0.3282269539176878,0.06094689762064053,2.1825339863084587,0,16.58718490600586
22.84154850199775,combined,3,2,follower_1,TURN_HARD,NONE,TRACK,1.5522797699756719,-0.047812128130298726,0.05227976997567185,1.6026356070979246,0.026911244144463786,0.06500000000000128,0.3558905376615748,0.0011545773144291086,2.131427049281813,0,13.0269136428833
22.84154850199775,combined,3,3,follower_2,TURN_HARD,NONE,TRACK,1.5068556073652706,0.008159522706938139,0.006855607365270577,1.555692021134245,-0.01103849907336081,0.07000000000000028,0.34798533316282454,-0.00042589737887593947,2.0868544410440633,0,9.765280723571777
23.039718852000078,combined,3,1,leader,TURN_HARD,NONE,TRACK,1.6420562236858294,0.6817437857877772,0.14205622368582937,1.56212267219169,1.6027008922571788,0.015000000000000568,0.33036525395909955,0.06198982114237075,2.1781672736355233,0,5.903947830200195
23.039718852000078,combined,3,2,follower_1,TURN_HARD,NONE,TRACK,1.5499194696041145,-0.012079155689146272,0.04991946960411453,1.5933357146988951,0.031587475136055004,0.06500000000000128,0.34516867717119243,0.0012962392711235332,2.1287808510864195,0,11.713683128356934
23.039718852000078,combined,3,3,follower_2,TURN_HARD,NONE,TRACK,1.5058187177440294,0.003701258309498796,0.0058187177440294224,1.5563278837706078,-0.012390717618740785,0.010000000000001563,0.3477631836002707,-0.0004908426820059109,2.085817945462548,0,5.735459804534912
23.239613467998424,combined,3,1,leader,TURN_HARD,NONE,TRACK,1.6417768108523862,0.7518842810779396,0.14177681085238625,1.5591315847868592,1.7217243117744756,0.004999999999999005,0.32385236924215427,0.06673397150825691,2.1744453524648493,0,15.550310134887695
23.239613467998424,combined,3,2,follower_1,TURN_HARD,NONE,TRACK,1.5488431541120737,0.0035848901832555785,0.04884315411207374,1.5834744112343853,0.10198889724919998,0.004999999999999005,0.3309082479349358,0.004125912123971733,2.1273617579084982,0,11.460125923156738
23.239613467998424,combined,3,3,follower_2,TURN_HARD,NONE,TRACK,1.5027872171875432,-0.00011261114113736922,0.002787217187543156,1.5562347206550575,-0.020381761155567158,0.004999999999999005,0.34564243998576666,-0.000835105932826227,2.0827869836758595,0,7.804771900177002
23.439516832000663,combined,3,1,leader,TURN_HARD,NONE,TRACK,1.6436078103461076,0.831237933421659,0.1436078103461076,1.5523371602141276,1.8236395035466395,0.00999999999999801,0.3066710133557679,0.07062508038428746,2.172646446275976,0,14.831411361694336
23.439516832000663,combined,3,2,follower_1,TURN_HARD,NONE,TRACK,1.5463885568702391,0.014571046354043705,0.04638855687023913,1.5772543211524248,0.1360809979011559,0.00999999999999801,0.3231966179504974,0.00548117718165452,2.124482694506324,0,12.07999038696289
23.439516832000663,combined,3,3,follower_2,TURN_HARD,NONE,TRACK,1.4996508367783468,-0.0032215814674938373,-0.000349163221653237,1.554040431631056,-0.020378624721998237,0.00999999999999801,0.3381534019261744,-0.0008081276465317715,2.0796508348229437,0,9.510878562927246
23.63964225000018,combined,3,1,leader,TURN_HARD,NONE,TRACK,1.6498839594370236,0.8902477395843118,0.1498839594370236,1.5428211076455371,1.9546583566377103,0.020000000000003126,0.2834614250033662,0.07575761888792112,2.1754510108540224,0,5.964774131774902
23.63964225000018,combined,3,2,follower_1,TURN_HARD,NONE,TRACK,1.5403167321372322,0.004310958797501057,0.04031673213723219,1.5718701068390055,0.16678975410601898,0.07000000000000028,0.3159866504702956,0.006643366800499571,2.1179245056173746,0,10.932883262634277
23.63964225000018,combined,3,3,follower_2,TURN_HARD,NONE,TRACK,1.4965553032889658,-0.0037896116783271367,-0.003444696711034201,1.5521237659986453,-0.024248869932163734,0.010000000000001563,0.3313429475711274,-0.0009562566703320073,2.0765549067708315,0,6.356917858123779
23.839634607000335,combined,3,1,leader,TURN_HARD,NONE,TRACK,1.6592708595767671,0.9433933715267846,0.15927085957676712,1.535419264262138,2.013844952016742,0.019999999999999574,0.2638374103049681,0.07790636269895629,2.1813481798368994,0,7.144658088684082
23.839634607000335,combined,3,2,follower_1,TURN_HARD,NONE,TRACK,1.5331369019574557,-0.0337741054236575,0.03313690195745567,1.563853770632891,0.2239822829719464,0.08000000000000185,0.3017536380659762,0.008836016129322048,2.1101790328697887,0,9.325116157531738
23.839634607000335,combined,3,3,follower_2,TURN_HARD,NONE,TRACK,1.4918658289195144,-0.0051419905453277395,-0.008134171080485642,1.5508016526551711,-0.026282938882800005,0.010000000000001563,0.32572485176341653,-0.001029035086404693,2.0718639031175066,0,5.658208847045898
24.039508957997896,combined,3,1,leader,TURN_HARD,NONE,TRACK,1.6718686329218417,1.0003999174811415,0.17186863292184174,1.533792744676506,2.0883298485441077,0.015000000000000568,0.2558966676569925,0.08091807584172814,2.1901710067755142,0,6.666627883911133
24.039508957997896,combined,3,2,follower_1,TURN_HARD,NONE,TRACK,1.5327272095162854,-0.046064157661293376,0.03272720951628538,1.5526809604869047,0.1956519669801134,0.019999999999999574,0.2742659760177897,0.007623506510975279,2.109069330779381,0,13.13568115234375
24.039508957997896,combined,3,3,follower_2,TURN_HARD,NONE,TRACK,1.4792419856123378,0.0009962244568462728,-0.020758014387662227,1.5476772412508748,-0.024352221621412564,0.015000000000000568,0.31550605209697874,-0.0009431725767366313,2.059237784311787,0,5.409020900726318
24.239543968000362,combined,3,1,leader,TURN_HARD,NONE,TRACK,1.6882073233869026,1.0401384577151824,0.1882073233869026,1.523067510929095,2.1599341896762834,0.015000000000000568,0.22306100365122236,0.08374586115397441,2.2028838429650035,0,8.629744529724121
24.239543968000362,combined,3,2,follower_1,TURN_HARD,NONE,TRACK,1.5283409940251182,-0.0674057994599762,0.02834099402511825,1.5421357666640594,0.19190551136091957,0.015000000000000568,0.24648151228100454,0.0074711205573530035,2.103908373734078,0,11.768322944641113
24.239543968000362,combined,3,3,follower_2,TURN_HARD,NONE,TRACK,1.4697704075959703,0.011716607986173981,-0.03022959240402967,1.5388763397865044,-0.02915823044159553,0.00999999999999801,0.2902168613096981,-0.0011364792230802601,2.0497633182844406,0,12.834721565246582
24.439436020998983,combined,3,1,leader,TURN_HARD,NONE,TRACK,1.705197087866678,1.077028696941241,0.205197087866678,1.5220736786636464,2.21923432969705,0.019999999999999574,0.21488082853033103,0.08607820081981984,2.2162317566585794,0,7.497613906860352
24.439436020998983,combined,3,2,follower_1,TURN_HARD,NONE,TRACK,1.526418756902752,-0.07480003335488633,0.026418756902752083,1.5332540524238798,0.1898771965886707,0.02499999999999858,0.2249797240871813,0.0073560425980703364,2.101121486647059,0,9.11717700958252
24.439436020998983,combined,3,3,follower_2,TURN_HARD,NONE,TRACK,1.4620501583656775,0.021167060096610627,-0.03794984163432247,1.5310669512108774,-0.026302320643377772,0.019999999999999574,0.2681306116194965,-0.001013205853952324,2.042039519268588,0,6.944570064544678
24.63933021399862,combined,3,1,leader,TURN_HARD,NONE,TRACK,1.7206309616932836,1.138886050808527,0.22063096169328356,1.5250311491138273,2.233096828043561,0.08500000000000085,0.21726961805363657,0.08652721936166072,2.2281104262376576,0,16.406808853149414
24.63933021399862,combined,3,2,follower_1,TURN_HARD,NONE,TRACK,1.530705732047102,-0.07753760748289924,0.03070573204710203,1.5231940328553522,0.23504503862092638,0.02500000000000213,0.19903611660534953,0.009189945007628125,2.1045111160573677,0,6.111892223358154
24.63933021399862,combined,3,3,follower_2,TURN_HARD,NONE,TRACK,1.4523267371188862,0.019465525313756317,-0.04767326288111384,1.5280911031029778,-0.019626197862098915,0.15500000000000114,0.25636095356550037,-0.000742544144194417,2.0323107807944947,0,7.443068027496338
24.83957879299851,combined,3,1,leader,TURN_HARD,NONE,TRACK,1.7318274592530618,1.237653598128881,0.2318274592530618,1.5347316081614937,2.268844871037616,0.019999999999999574,0.23685643547599755,0.08790654821222425,2.235597576470579,0,13.491060256958008
24.83957879299851,combined,3,2,follower_1,TURN_HARD,NONE,TRACK,1.543028691932377,-0.026640598994872453,0.04302869193237702,1.5169274022810004,0.2462988495171508,0.019999999999999574,0.17962152434938392,0.009606679365976768,2.1158671105356253,0,14.041433334350586
24.83957879299851,combined,3,3,follower_2,TURN_HARD,NONE,TRACK,1.443662053876704,0.007442526730660627,-0.05633794612329601,1.5163892219136612,0.004327826160411595,0.019999999999999574,0.22275157471454174,0.00022243493874578876,2.023638866819254,0,10.472271919250488
25.039430471999367,combined,3,1,leader,TURN_HARD,NONE,TRACK,1.7394067608042938,1.316734422902615,0.2394067608042938,1.541134215655218,2.365302702751067,0.03500000000000014,0.2505715962203808,0.0917945094666212,2.239417223844307,0,12.073206901550293
25.039430471999367,combined,3,2,follower_1,TURN_HARD,NONE,TRACK,1.55901426533773,0.04402802329588158,0.05901426533772991,1.5174768266806264,0.2928090161139063,0.02499999999999858,0.17605558980648447,0.011550588882931511,2.1307756963898945,0,9.788250923156738
25.039430471999367,combined,3,3,follower_2,TURN_HARD,NONE,TRACK,1.4388336702908253,-0.022352465376913173,-0.06116632970917468,1.5114567798476213,0.03207357742899165,0.02499999999999858,0.2027771789476336,0.001377647945860757,2.018799694036244,0,15.00461196899414
25.23956367899882,combined,3,1,leader,TURN_HARD,NONE,TRACK,1.742703459678564,1.3607429935244575,0.242703459678564,1.548879166561361,2.452715857722239,0.029999999999997584,0.26877741428001733,0.09511980360688352,2.2393596795544464,0,17.063331604003906
25.23956367899882,combined,3,2,follower_1,TURN_HARD,NONE,TRACK,1.5741964779479998,0.07701772375629128,0.07419647794799977,1.5224546606662648,0.4040441389913451,0.029999999999997584,0.18438218137153822,0.01612186789323982,2.1449002721214416,0,13.663082122802734
25.23956367899882,combined,3,3,follower_2,TURN_HARD,NONE,TRACK,1.441059513193432,-0.05371834851996774,-0.05894048680656794,1.5058582469086312,0.02505823080595657,0.02499999999999858,0.17972468315860637,0.0010118556355598843,2.021007756478583,0,9.892157554626465
25.4394974229981,combined,3,1,leader,TURN_HARD,NONE,TRACK,1.7454048539849603,1.3841781028262867,0.24540485398496026,1.5489837763859144,2.5295331627187614,0.029999999999997584,0.26928256146779234,0.09806527475642873,2.2385644278019243,0,7.784934997558594
25.4394974229981,combined,3,2,follower_1,TURN_HARD,NONE,TRACK,1.5870763480958352,0.029869424574126,0.0870763480958352,1.531488136682033,0.6192389117412418,0.029999999999997584,0.20357559612509624,0.02484026934094448,2.156563866021713,0,12.391249656677246
25.4394974229981,combined,3,3,follower_2,TURN_HARD,NONE,TRACK,1.4488702903701298,-0.08288222877469993,-0.05112970962987018,1.5020307466401226,0.003075204698205419,0.02499999999999858,0.16203198197070273,7.072202244520057e-05,2.0287851663886793,0,9.225554466247559
25.63946154599762,combined,3,1,leader,TURN_HARD,NONE,TRACK,1.7426029958546359,1.5595459313596258,0.24260299585463585,1.5495662470789333,2.558156151057269,0.030000000000001137,0.27118673275786775,0.0989518432609827,2.236938622163391,0,19.02419090270996
25.63946154599762,combined,3,2,follower_1,TURN_HARD,NONE,TRACK,1.5962308428590466,-0.05567123121614442,0.0962308428590466,1.5386890446505301,0.7428768751164433,0.030000000000001137,0.2197414820947524,0.02952106221568622,2.1644912622491175,0,11.040833473205566
25.63946154599762,combined,3,3,follower_2,TURN_HARD,NONE,TRACK,1.4593445315100046,-0.08773296208790406,-0.04065546848999535,1.5072172733729943,-0.035167122186119004,0.030000000000001137,0.166781821951624,-0.0014801382775209786,2.0392106010896764,0,7.625114917755127
25.839388265998423,combined,3,1,leader,STRAIGHT_2,NONE,TRACK,1.733671345319789,1.7853419051775063,0.23367134531978895,1.5496825827579668,2.6319066139121343,0.10999999999999943,0.2717715953302434,0.10182483696281289,2.2332354680849837,0,9.616829872131348
25.839388265998423,combined,3,2,follower_1,STRAIGHT_2,NONE,TRACK,1.604518180910374,-0.14518999617731024,0.1045181809103739,1.5469625360056842,0.8094055812361282,0.03500000000000014,0.2397004883832644,0.031835643639695176,2.1714005151812277,0,7.724266052246094
25.839388265998423,combined,3,3,follower_2,STRAIGHT_2,NONE,TRACK,1.4732005171560487,-0.07233373568628393,-0.026799482843951283,1.5126493002054264,-0.05208942308182386,0.03500000000000014,0.17329166200412258,-0.0021094272686342395,2.0529971091334382,0,5.742496967315674
26.040451718999975,combined,3,1,leader,STRAIGHT_2,NONE,TRACK,1.7225614823520805,1.83909863204827,0.2225614823520805,1.5632736781490102,2.910299164466339,0.03500000000000014,0.30697498622665875,0.1130512720012417,2.226923086598176,0,10.375395774841309
26.040451718999975,combined,3,2,follower_1,STRAIGHT_2,NONE,TRACK,1.613889009977891,0.05138190230360011,0.11388900997789109,1.550778960448438,0.48415435407592033,0.030000000000001137,0.25072980458704475,0.01776350064033456,2.179283184270825,0,8.26575756072998
26.040451718999975,combined,3,3,follower_2,STRAIGHT_2,NONE,TRACK,1.4869572128378967,0.004421550140541814,-0.013042787162103275,1.519124650824459,-0.0681811604163429,0.08000000000000185,0.1818771269825723,-0.0026849711206759514,2.0667220430709348,0,10.547548294067383
26.23933131800004,combined,3,1,leader,STRAIGHT_2,NONE,TRACK,1.7143916890297617,1.8060770597188345,0.2143916890297617,1.5577427562104367,3.042161450218975,0.03500000000000014,0.2951851164326816,0.11796180356990754,2.2233243686237154,0,14.36323070526123
26.23933131800004,combined,3,2,follower_1,STRAIGHT_2,NONE,TRACK,1.6315829530564594,0.34437196221172456,0.1315829530564594,1.5512541082274347,0.30662709368446167,0.1750000000000007,0.25415068620613235,0.01090264704705933,2.195338496609436,0,8.26575756072998
26.23933131800004,combined,3,3,follower_2,STRAIGHT_2,NONE,TRACK,1.4861940833358616,0.02763664326529315,-0.01380591666413844,1.5278803705175312,0.019442478662493653,0.03500000000000014,0.20080114665304372,0.0009085355283290269,2.0659397938626496,0,5.524823188781738
26.43946169499759,combined,3,1,leader,STRAIGHT_2,NONE,TRACK,1.7100720505943419,1.7399539525148173,0.21007205059434186,1.5522231576934513,3.027910534759325,0.03999999999999915,0.2831686861008991,0.11692879580622456,2.2237567488382677,0,14.893688201904297
26.43946169499759,combined,3,2,follower_1,STRAIGHT_2,NONE,TRACK,1.6369763065003395,0.3967685821545685,0.13697630650033954,1.571923730110128,0.8375242869284019,0.03500000000000014,0.281555894561607,0.03203742413605205,2.198873098604053,0,12.170936584472656
26.43946169499759,combined,3,3,follower_2,STRAIGHT_2,NONE,TRACK,1.4933526380462372,0.00699054194589695,-0.006647361953762809,1.536381048634419,0.08116733326503721,0.03500000000000014,0.2191040182009282,0.0033229605950785444,2.07302237580593,0,9.253181457519531
26.639406702000997,combined,3,1,leader,STRAIGHT_2,NONE,TRACK,1.7083816513488124,1.6833312224857397,0.20838165134881237,1.5467837597410976,2.9733666078920833,0.05000000000000071,0.269804279105441,0.11449467097653779,2.226125659322674,0,10.565852165222168
26.639406702000997,combined,3,2,follower_1,STRAIGHT_2,NONE,TRACK,1.6326251435087495,0.34387044910648773,0.13262514350874954,1.5755824583935978,0.9672124808169287,0.10000000000000142,0.29197505095443516,0.0371161251187359,2.1928814773444074,0,15.659400939941406
26.639406702000997,combined,3,3,follower_2,STRAIGHT_2,NONE,TRACK,1.5070932285728784,-0.00994633556796028,0.007093228572878418,1.5358142757834816,0.0744569931493253,0.0400000000000027,0.21691358343410658,0.0029909639506705047,2.0866575221259813,0,6.925605773925781
26.839476929999364,combined,3,1,leader,STRAIGHT_2,NONE,TRACK,1.7029502593533141,1.6467451868266167,0.20295025935331412,1.5559478884522955,2.875142400460435,0.03999999999999915,0.2943174650848851,0.11035213453824638,2.2247514118921323,0,14.639644622802734
26.839476929999364,combined,3,2,follower_1,STRAIGHT_2,NONE,TRACK,1.6335619865416826,0.3887019680549835,0.1335619865416826,1.5699119277259819,0.966387942816078,0.10999999999999943,0.28535522279561454,0.03711912599148713,2.192263359519842,0,11.823465347290039
26.839476929999364,combined,3,3,follower_2,STRAIGHT_2,NONE,TRACK,1.5152922778905757,-0.04020232364386857,0.015292277890575745,1.5439244581041416,0.10367082503288357,0.03999999999999915,0.23750169184384337,0.004163768966315957,2.094732278551729,0,7.5397629737854
27.03959744799795,combined,3,1,leader,STRAIGHT_2,NONE,TRACK,1.695228014638508,1.5969984531105674,0.19522801463850792,1.561498341621485,2.8269789078622476,0.04499999999999815,0.309633054121382,0.10843426596872108,2.2210570941969907,0,13.898534774780273
27.03959744799795,combined,3,2,follower_1,STRAIGHT_2,NONE,TRACK,1.6378002721539968,0.4795687620741694,0.13780027215399682,1.5648200307427012,1.0009157408053246,0.04499999999999815,0.27870546149259423,0.03859096142434026,2.194980519731603,0,9.630064010620117
27.03959744799795,combined,3,3,follower_2,STRAIGHT_2,NONE,TRACK,1.5183827749387007,-0.07979597429037075,0.018382774938700663,1.5528270406649203,0.1485764099276055,0.03999999999999915,0.2610575163607482,0.005952258368470956,2.097667598691184,0,7.687748908996582
27.239443957998446,combined,3,1,leader,STRAIGHT_2,NONE,TRACK,1.6860149235483572,1.5662781138019373,0.18601492354835725,1.5681707549824186,2.770606922556561,0.04499999999999815,0.32818918472366904,0.10618203310053012,2.2150497477425457,0,10.572075843811035
27.239443957998446,combined,3,2,follower_1,STRAIGHT_2,NONE,TRACK,1.6435460925507999,0.5867702392848951,0.14354609255079986,1.5645129950258276,1.1178163800401755,0.03999999999999915,0.2832129566838156,0.04345560640251454,2.199608737823571,0,7.342497825622559
27.239443957998446,combined,3,3,follower_2,STRAIGHT_2,NONE,TRACK,1.5196004094799422,-0.07818180283635465,0.019600409479942238,1.5577181413271257,0.13085158290470736,0.03500000000000014,0.2758856716272543,0.0050968225263019595,2.0987277920865806,0,5.568993091583252
27.43937978199756,combined,3,1,leader,STRAIGHT_2,NONE,TRACK,1.6748623129189184,1.4877160176267938,0.1748623129189184,1.5710779189029245,2.7358597899225554,0.04999999999999716,0.338400809292843,0.10477994254813404,2.2072836486587395,0,11.923072814941406
27.43937978199756,combined,3,2,follower_1,STRAIGHT_2,NONE,TRACK,1.649100133126841,0.6793960994370599,0.1491001331268409,1.565718876011359,1.2405164415718806,0.04999999999999716,0.29094868753064235,0.04832386166066595,2.203954550987412,0,9.30105209350586
27.43937978199756,combined,3,3,follower_2,STRAIGHT_2,NONE,TRACK,1.5226396445318822,-0.014240406144931694,0.022639644531882164,1.5583814103630915,0.02283369365391815,0.04999999999999716,0.28060711321457504,0.0005402199913995206,2.1015522682724623,0,5.776389122009277
27.639589137997973,combined,3,1,leader,STRAIGHT_2,NONE,TRACK,1.637113565594017,0.8657681761824895,0.137113565594017,1.5715410677092843,2.6954684001485902,0.05000000000000071,0.3433200109351586,0.10314218189251763,2.172023047309968,0,13.835180282592773
27.639589137997973,combined,3,2,follower_1,STRAIGHT_2,NONE,TRACK,1.6512132620107196,0.71529081663492,0.1512132620107196,1.571123622799084,1.4100563518912077,0.05000000000000071,0.3094096288612066,0.05505144748996984,2.2048983281560735,0,5.752505779266357
27.639589137997973,combined,3,3,follower_2,STRAIGHT_2,NONE,TRACK,1.5292273848112021,0.05261471431519472,0.02922738481120213,1.5571096612060837,0.046060399014696565,0.05000000000000071,0.280218928379561,0.001665631726832241,2.1078677945752844,0,8.836130142211914
27.841353002997494,combined,3,1,leader,STOPPED,NONE,TRACK,1.5696502127610343,-0.3653908695502516,0.06965021276103434,1.5553109257319133,2.042147920632764,0.045000000000001705,0.3245585306014049,0.09428681877618192,2.104808034978671,0,7.08160400390625
27.841353002997494,combined,3,2,follower_1,STOPPED,NONE,TRACK,1.6429816127160342,0.6870815416575664,0.14298161271603416,1.574488485333255,1.4830223396568794,0.03500000000000014,0.32461466430959135,0.05754313235436006,2.196080940516189,0,11.435710906982422
27.841353002997494,combined,3,3,follower_2,STOPPED,NONE,TRACK,1.5376234672912295,0.0999702703971429,0.03762346729122945,1.5581684957431312,0.14828189813425469,0.03500000000000014,0.28350428655580684,0.0050689655742817835,2.115938799287569,0,8.029644012451172
28.039436278999347,combined,3,1,leader,STOPPED,NONE,TRACK,1.526479175711196,-0.912973128797029,0.026479175711195957,1.5313874562986434,1.1552081400558654,0.05000000000000071,0.24591951409622692,0.0398385641666901,2.0617242794406088,0,17.56878662109375
28.039436278999347,combined,3,2,follower_1,STOPPED,NONE,TRACK,1.6262255915669885,0.5698005327776369,0.12622559156698854,1.5733680696920387,1.4859877523573282,0.054999999999999716,0.32605369365214193,0.05743788491504792,2.1795060257122527,0,7.458906173706055
28.039436278999347,combined,3,3,follower_2,STOPPED,NONE,TRACK,1.5430696055609572,0.13250582975882294,0.04306960556095718,1.5589876139482859,0.18203541073313687,0.054999999999999716,0.2896915189216973,0.007219407160350075,2.1211111624021552,0,10.154356002807617
28.24100081999859,combined,3,1,leader,STOPPED,NONE,TRACK,1.5049509639318455,-1.029075727984611,0.004950963931845465,1.4755817322208218,0.2124079615731155,0.03999999999999915,0.1569167582817301,0.010896804972311028,2.0402429104009765,0,15.938787460327148
28.24100081999859,combined,3,2,follower_1,STOPPED,NONE,TRACK,1.5841178838232322,0.1344686576694214,0.08411788382323215,1.5612796865625356,1.3448157398311644,0.03999999999999915,0.3009860229472625,0.05136602365643273,2.137875570290004,0,14.035477638244629
28.24100081999859,combined,3,3,follower_2,STOPPED,NONE,TRACK,1.5441247648887617,0.15641422295778862,0.044124764888761714,1.5602910042723286,0.25666283926809424,0.03999999999999915,0.29409948001419167,0.009001522312514377,2.1218735444550174,0,11.453253746032715
28.440480351000588,combined,3,1,leader,STOPPED,NONE,TRACK,1.5046722112252902,-1.0463241978975055,0.004672211225290157,1.4396880616933854,0.08141064932265295,0.06999999999999673,0.004189784899123021,-3.513067172067341e-05,2.0399634739434744,0,16.42337417602539
28.440480351000588,combined,3,2,follower_1,STOPPED,NONE,TRACK,1.5360038326948584,-0.3845278817335373,0.036003832694858406,1.549674000528898,1.1521055855913187,0.054999999999999716,0.27312906543604565,0.04340744189782743,2.089818844202429,0,10.961663246154785
28.440480351000588,combined,3,3,follower_2,STOPPED,NONE,TRACK,1.5349195501936477,0.15032379050852246,0.034919550193647675,1.5595033482708642,0.29202777970268234,0.054999999999999716,0.29646252228372066,0.01156381387594899,2.112488127275654,0,8.118630409240723
28.641152603999217,combined,3,1,leader,STOPPED,NONE,TRACK,1.5046738440079632,-1.0681965305832777,0.004673844007963224,1.4169911652234162,0.09267044919036592,0.06500000000000128,0.0,0.0018509841301123143,2.0399634406038545,0,12.606075286865234
28.641152603999217,combined,3,2,follower_1,STOPPED,NONE,TRACK,1.504504487804271,-0.6214457259365658,0.00450448780427104,1.5157047188532538,0.5541146340868558,0.060000000000002274,0.18493728997325395,0.01898110656675276,2.058317454213725,0,11.314791679382324
28.641152603999217,combined,3,3,follower_2,STOPPED,NONE,TRACK,1.5100169891610788,0.10906049945314092,0.010016989161078849,1.5551421221439667,0.30689072684404345,0.054999999999999716,0.2877428708046439,0.012018473719808728,2.087542394397529,0,9.170734405517578
28.83982012499837,combined,3,1,leader,STOPPED,NONE,TRACK,1.5046752659144478,-1.0869075312988927,0.004675265914447779,1.4219188274081962,0.057596209727818315,0.06500000000000128,0.0,0.0011309871612545548,2.0399634095031494,0,14.48478889465332
28.83982012499837,combined,3,2,follower_1,STOPPED,NONE,TRACK,1.4920802077817559,-0.7096016742107898,-0.007919792218244126,1.481644172252788,0.21775718608610978,0.054999999999999716,0.08911984662965662,0.006131802960440509,2.045870693152562,0,11.683420181274414
28.83982012499837,combined,3,3,follower_2,STOPPED,NONE,TRACK,1.4748001228074958,0.02414295939053547,-0.02519987719250416,1.543420012629192,0.2735157419947202,0.054999999999999716,0.25846448643682435,0.010525089298426807,2.0523198386653365,0,9.634659767150879
29.039926190998813,combined,3,1,leader,STOPPED,NONE,TRACK,1.5046774195947508,-1.1144558713201305,0.004677419594750765,1.4265936145810836,0.06719602635555426,0.004999999999999005,0.0,0.002000147873878718,2.0399633795357466,0,12.699823379516602
29.039926190998813,combined,3,2,follower_1,STOPPED,NONE,TRACK,1.4918032748483074,-0.7619671460337993,-0.008196725151692563,1.448477483774256,0.12641246728470498,0.004999999999999005,0.0,0.003361822885053017,2.0455380672383434,0,8.925592422485352
29.039926190998813,combined,3,3,follower_2,STOPPED,NONE,TRACK,1.4370341962496145,-0.0673116363732783,-0.06296580375038552,1.5224349122044645,0.17360100507530452,0.06500000000000128,0.2026450185962395,0.006362966342032906,2.0145329974812163,0,7.895798206329346
29.240903357000207,combined,3,1,leader,STOPPED,NONE,TRACK,1.5046789654390529,-1.1339023402374049,0.0046789654390528845,1.4284291194731655,0.04997947680925759,0.07499999999999929,0.0,0.0015597907499014857,2.0399633501377727,0,5.851365089416504
29.240903357000207,combined,3,2,follower_1,STOPPED,NONE,TRACK,1.491843115356924,-0.7997164356630987,-0.008156884643075957,1.441717112967988,0.08985937229173357,0.004999999999999005,0.0,0.0025536651728238933,2.0455380714862703,0,10.85796070098877
29.240903357000207,combined,3,3,follower_2,STOPPED,NONE,TRACK,1.4162347676674798,-0.14505603340272416,-0.0837652323325202,1.485152713881785,0.1345761654792674,0.004999999999999005,0.1011043698705502,0.004983453847281775,1.9937155369021116,0,7.730495929718018
29.439728557998023,combined,3,1,leader,STOPPED,NONE,TRACK,1.504679586456606,-1.1418047691816904,0.004679586456606044,1.4277675349594294,0.021119584620678065,0.00999999999999801,0.0,0.0005574409853328734,2.0399633214478063,0,7.6251540184021
29.439728557998023,combined,3,2,follower_1,STOPPED,NONE,TRACK,1.4918604157974966,-0.8332011221095746,-0.00813958420250338,1.4334206729637053,0.07335674872459018,0.004999999999999005,0.0,0.002313425745152957,2.045538075808335,0,6.232773780822754
29.439728557998023,combined,3,3,follower_2,STOPPED,NONE,TRACK,1.4127360321115794,-0.20766071926396082,-0.08726396788842061,1.4611681547943214,0.11476683971608706,0.06999999999999673,0.033991715349828096,0.004243174441762932,1.9901966341751605,0,7.010638236999512
29.64042043199879,combined,3,1,leader,STOPPED,NONE,TRACK,1.5046803832869036,-1.1517768829730899,0.004680383286903567,1.42739172591315,0.022560217340908278,0.015000000000000568,0.0,0.0007439656989304377,2.0399632928187907,0,6.672582149505615
29.64042043199879,combined,3,2,follower_1,STOPPED,NONE,TRACK,1.4918817664212058,-0.8658309043087064,-0.008118233578794154,1.429595720668519,0.06253334938170474,0.07500000000000284,0.0,0.0021088626236101626,2.0455380800923555,0,6.480795860290527
29.64042043199879,combined,3,3,follower_2,STOPPED,NONE,TRACK,1.412755884746909,-0.23976288589858122,-0.08724411525309095,1.4423254227006919,0.055860049463286876,0.010000000000001563,0.0,0.001860023366538815,1.9901966350841442,0,6.301383972167969
29.839569194999058,combined,3,1,leader,STOPPED,NONE,TRACK,1.5046806255714442,-1.154945793633813,0.004680625571444219,1.427703692264734,0.012494858681154013,0.08000000000000185,0.0,0.0003830705642999639,2.03996326978052,0,6.959741115570068
29.839569194999058,combined,3,2,follower_1,STOPPED,NONE,TRACK,1.4918898927021012,-0.8970041620667064,-0.00811010729789885,1.4277124028742068,0.06295214249059489,0.004999999999999005,0.0,0.0022813841832451127,2.045538082787637,0,13.234015464782715
29.839569194999058,combined,3,3,follower_2,STOPPED,NONE,TRACK,1.4127752589862088,-0.2525272770959965,-0.08722474101379118,1.4325170786518058,0.020484699283092093,0.010000000000001563,0.0,0.0005548901404331757,1.9901966359526562,0,9.150108337402344
30.03962456500085,combined,3,1,leader,STOPPED,NONE,TRACK,1.5046802815291542,-1.1505161900225498,0.004680281529154229,1.4267351977112248,-0.005613381875441434,0.015000000000000568,0.0,-0.00030214772863613456,2.0399632957390827,0,10.160593032836914
30.03962456500085,combined,3,2,follower_1,STOPPED,NONE,TRACK,1.4918827805110169,-0.9199410754923436,-0.00811721948898314,1.4261062779660354,0.051479415805305254,0.14499999999999957,0.0,0.0018841857344971049,2.0455380686806963,0,10.66999626159668
30.03962456500085,combined,3,3,follower_2,STOPPED,NONE,TRACK,1.4127902522969749,-0.2641948559999388,-0.08720974770302514,1.428298368255115,0.01684288985167557,0.015000000000000568,0.0,0.0005145656260188374,1.9901966368934796,0,6.985466003417969
30.239639469000394,combined,3,1,leader,STOPPED,NONE,TRACK,1.5046801361992888,-1.1485562122466295,0.004680136199288754,1.4266789409289502,-0.007220376752654927,0.14499999999999957,0.0,-0.0003344138461591036,2.0399633144606613,0,14.186808586120605
30.239639469000394,combined,3,2,follower_1,STOPPED,NONE,TRACK,1.4918793020606982,-0.9249548299215117,-0.008120697939301813,1.4269605323456473,0.016966081673323082,0.015000000000000568,0.0,0.0005573786706043722,2.045538058600972,0,11.103377342224121
30.239639469000394,combined,3,3,follower_2,STOPPED,NONE,TRACK,1.4127937703317752,-0.27401200046420254,-0.08720622966822478,1.425578512748209,0.017754570054274176,0.015000000000000568,0.0,0.0006189394898947547,1.990196637554627,0,6.842044830322266
30.439590314999805,combined,3,1,leader,STOPPED,NONE,TRACK,1.504680890194451,-1.1579402488652872,0.0046808901944510595,1.426430523388171,0.02444354925864878,0.015000000000000568,0.0,0.0009714817451133301,2.0399632872976308,0,14.906105041503906
30.439590314999805,combined,3,2,follower_1,STOPPED,NONE,TRACK,1.4918972569172586,-0.9208096580981983,-0.008102743082741393,1.4274362151770257,-0.006633211089107788,0.015000000000000568,0.0,-0.0003719481336825761,2.045538073005573,0,12.1926851272583
30.439590314999805,combined,3,3,follower_2,STOPPED,NONE,TRACK,1.4127903164380382,-0.27599830572382844,-0.08720968356196179,1.4245515486440632,0.006547631453723551,0.015000000000000568,0.0,0.00017183630314163349,1.9901966366317452,0,8.795220375061035
30.639893307998136,combined,3,1,leader,STOPPED,NONE,TRACK,1.5046806663555532,-1.1550642509552407,0.004680666355553198,1.4262506937556183,-0.004220354345184294,0.019999999999999574,0.0,-0.0002110701034138162,2.039963304504864,0,13.369233131408691
30.639893307998136,combined,3,2,follower_1,STOPPED,NONE,TRACK,1.4918918589503538,-0.9236941886688369,-0.00810814104964619,1.4277552477241264,0.006688718981263011,0.019999999999999574,0.0,0.00026555434828495793,2.0455380652537003,0,12.146425247192383
30.639893307998136,combined,3,3,follower_2,STOPPED,NONE,TRACK,1.4127924213453742,-0.2771644256151691,-0.0872075786546258,1.4246464618218169,0.0025010192574608948,0.019999999999999574,0.0,4.834995107427997e-05,1.9901966369770627,0,8.630688667297363
30.83961533799811,combined,3,1,leader,STOPPED,NONE,TRACK,1.5046804451751001,-1.152098181330053,0.004680445175100134,1.4261348890470718,-0.0047100665474306275,0.015000000000000568,0.0,-0.0002096586081271717,2.0399633323985658,0,10.783991813659668
30.83961533799811,combined,3,2,follower_1,STOPPED,NONE,TRACK,1.4918861078059513,-0.9238672481858192,-0.008113892194048677,1.4279330698118038,0.0006245439116423745,0.015000000000000568,0.0,-1.4923450273634915e-05,2.0455380570021373,0,8.054609298706055
30.83961533799811,combined,3,3,follower_2,STOPPED,NONE,TRACK,1.412792834463848,-0.2783216301320247,-0.08720716553615193,1.4253472028266945,0.0028744207050617446,0.015000000000000568,0.0,8.539508446977813e-05,1.9901966367876331,0,10.724015235900879
31.039556219999213,combined,3,1,leader,STOPPED,NONE,TRACK,1.5046805115689812,-1.1528117617823601,0.004680511568981194,1.4262638369697096,-0.004457955462050636,0.019999999999999574,0.0,-0.00018837729634017,2.0399633405418593,0,10.216930389404297
31.039556219999213,combined,3,2,follower_1,STOPPED,NONE,TRACK,1.4918872468180298,-0.9201004139068475,-0.008112753181970245,1.4281908261934935,-0.005798421653792771,0.019999999999999574,0.0,-0.00026018129574366465,2.0455380598533064,0,10.873616218566895
31.039556219999213,combined,3,3,follower_2,STOPPED,NONE,TRACK,1.4127904151585184,-0.2788616071774599,-0.08720958484148156,1.42547830423205,0.0027934097733022523,0.019999999999999574,0.0,9.354258144750856e-05,1.9901966358194323,0,12.201655387878418
31.239495506997628,combined,3,1,leader,STOPPED,NONE,TRACK,1.504680705669175,-1.1553491529173907,0.004680705669174889,1.4264353093792952,0.002902798749871228,0.02499999999999858,0.0,0.00011018649252646624,2.0399633220596542,0,12.02402400970459
31.239495506997628,combined,3,2,follower_1,STOPPED,NONE,TRACK,1.491892520981158,-0.9253154963789902,-0.008107479018842012,1.4282344232279718,0.011195937619115177,0.02499999999999858,0.0,0.00048138316569631474,2.0455380643213994,0,10.940263748168945
31.239495506997628,combined,3,3,follower_2,STOPPED,NONE,TRACK,1.4127934914754616,-0.2812396868467958,-0.08720650852453837,1.425973448507438,0.0032573222215400827,0.02499999999999858,0.0,0.0001185706963038112,1.9901966361184082,0,5.828282833099365
31.439218350999,combined,3,1,leader,STOPPED,NONE,TRACK,1.5046805810796697,-1.153610466257488,0.004680581079669732,1.4263634518558321,-0.0032744490882339904,0.09000000000000341,0.0,-0.00013587387795096917,2.0399633442187683,0,14.54702377319336
31.439218350999,combined,3,2,follower_1,STOPPED,NONE,TRACK,1.491888967021092,-0.9226457994183483,-0.008111032978908028,1.4283160614746313,-0.005026839420516134,0.02500000000000213,0.0,-0.00020673336476248304,2.0455380605136066,0,9.561620712280273
31.439218350999,combined,3,3,follower_2,STOPPED,NONE,TRACK,1.4127920005101005,-0.28215260062267195,-0.08720799948989955,1.4261163707054805,0.003072261109758165,0.02500000000000213,0.0,0.00011516218424137295,1.9901966354909533,0,8.891530990600586
31.639475650998065,combined,3,1,leader,STOPPED,NONE,PREDICT,1.5297172515230555,-0.5908430821796032,0.029717251523055488,1.4263645586064149,-0.003593699173329366,0.2900000000000027,0.0,-0.00014590341517090467,2.0663683380455233,0,15.023029327392578
31.639475650998065,combined,3,2,follower_1,STOPPED,NONE,TRACK,1.49188577245047,-0.9238425915154038,-0.008114227549530062,1.4283329936845373,-0.005437639897956508,0.030000000000001137,0.0,-0.00021859125474234367,2.045538051544226,0,12.437655448913574
31.639475650998065,combined,3,3,follower_2,STOPPED,NONE,TRACK,1.4127929438687972,-0.28381393568137625,-0.08720705613120283,1.4261527499260607,0.0026291499524803115,0.030000000000001137,0.0,9.900465464341378e-05,1.990196635306062,0,8.687690734863281
31.83972991399787,combined,3,1,leader,STRAIGHT_3,NONE,TRACK,1.5941694657821772,0.7075169557491304,0.09416946578217722,1.4339478632198766,0.2968380026765487,0.019999999999999574,0.0,0.012702631615989703,2.1338669110257826,0,17.066387176513672
31.83972991399787,combined,3,2,follower_1,STRAIGHT_3,NONE,TRACK,1.4908419152579266,-1.1137946628701314,-0.009158084742073358,1.4283080200280196,0.0013494625466839443,0.02499999999999858,0.0,3.645027670332248e-05,2.0439544780244066,0,11.765663146972656
31.83972991399787,combined,3,3,follower_2,STRAIGHT_3,NONE,TRACK,1.414410707068709,-0.23984426812760887,-0.08558929293129092,1.4260780590130848,-0.012586822533368826,0.019999999999999574,0.0,-0.0005585853272407065,1.9917711275955599,0,7.1231369972229
32.03952925599879,combined,3,1,leader,STRAIGHT_3,NONE,TRACK,1.633676345752787,0.9723430368211974,0.13367634575278697,1.4786719516785227,1.5878053855988727,0.03500000000000014,0.056268640401633443,0.06610319454968709,2.175822390449404,0,14.009143829345703
32.03952925599879,combined,3,2,follower_1,STRAIGHT_3,NONE,TRACK,1.4172624674474628,-2.430631794745606,-0.08273753255253724,1.8369139192922244,4.578394638250387,0.02499999999999858,0.6,0.17765956005595906,1.9685986326886729,0,15.388046264648438
32.03952925599879,combined,3,3,follower_2,STRAIGHT_3,NONE,TRACK,1.504843077984317,0.17738392993757174,0.004843077984316935,1.4259928217517017,-0.03520064019029013,0.02499999999999858,0.0,-0.0014808305588227253,2.0817146247864446,0,10.094842910766602
32.2394715900009,combined,3,1,leader,STRAIGHT_3,NONE,TRACK,1.6553345063598164,0.9915201125928834,0.15533450635981638,1.528612913342659,2.1157647084745235,0.029999999999997584,0.17467128360807252,0.08608390650499836,2.1997737655560163,0,13.833605766296387
32.2394715900009,combined,3,2,follower_1,STRAIGHT_3,NONE,TRACK,1.4283482721588565,-1.2419401940350094,-0.07165172784114349,1.5230008289929093,-1.3941449567568918,0.029999999999997584,0.09357572657727206,-0.06814508612917203,1.9785845269955253,0,11.882299423217773
32.2394715900009,combined,3,3,follower_2,STRAIGHT_3,NONE,TRACK,1.5169740256380155,0.23491509845669348,0.016974025638015533,1.4581345282622018,0.22218297143995977,0.029999999999997584,0.01736755001888301,0.009379094468064017,2.0943545663276013,0,7.822412967681885
32.439495474998694,combined,3,1,leader,STRAIGHT_3,NONE,TRACK,1.6663899128166606,1.0131908743107356,0.1663899128166606,1.5575263226666012,2.097092007723658,0.030000000000001137,0.2479609285501001,0.08342025916291981,2.2133006748432313,0,10.043174743652344
32.439495474998694,combined,3,2,follower_1,STRAIGHT_3,NONE,TRACK,1.4672442722219703,-0.7554819723130719,-0.03275572777802971,1.401508303595915,-0.7335193903851507,0.030000000000001137,0.0,-0.03346853851031534,2.0163104228219897,0,10.909283638000488
32.439495474998694,combined,3,3,follower_2,STRAIGHT_3,NONE,TRACK,1.4974623558795825,0.1153984340645507,-0.0025376441204174593,1.5133728232783572,0.44877678217500155,0.030000000000001137,0.14146536485744454,0.018359371258793136,2.0748249088582233,0,9.487014770507812
32.63938860199778,combined,3,1,leader,STRAIGHT_3,NONE,TRACK,1.6696148607397532,1.042170912815805,0.16961486073975318,1.5704856160902678,2.053741608966692,0.03500000000000014,0.28610861353843653,0.08052765761816014,2.2188524180266067,0,8.306839942932129
32.63938860199778,combined,3,2,follower_1,STRAIGHT_3,NONE,TRACK,1.405042716373365,-5.343344621952892,-0.09495728362663503,2.3735098788919435,15.500034406636216,0.03500000000000014,0.6,0.6577093154463061,1.9523046097954648,0,13.363627433776855
32.63938860199778,combined,3,3,follower_2,STRAIGHT_3,NONE,TRACK,1.588457045346472,-0.04468376712909991,0.08845704534647192,1.5160908968799474,0.3203482098357032,0.030000000000001137,0.14391020086498577,0.012534257002180664,2.16221880033689,0,8.483503341674805
32.83945860300082,combined,3,1,leader,STRAIGHT_3,NONE,TRACK,1.6662315971188955,1.0748406677982063,0.16623159711889546,1.583140469516808,1.9971459921491597,0.03999999999999915,0.3238651818920231,0.07758108794891687,2.217563224277001,0,6.477744102478027
32.83945860300082,combined,3,2,follower_1,STRAIGHT_3,NONE,TRACK,1.3626821188286034,-2.624285559348534,-0.13731788117139665,1.77067887377837,-3.0553971922984027,0.030000000000001137,0.5043519759122168,-0.14529151315743788,1.9103918758503773,0,11.874394416809082
32.83945860300082,combined,3,3,follower_2,STRAIGHT_3,NONE,TRACK,1.6455019399154343,0.8141533290492525,0.14550193991543425,1.531830546985635,0.11548889760399383,0.030000000000001137,0.1821623569933926,0.003964285259720747,2.2213384821158275,0,6.860165119171143
33.03957838399947,combined,3,1,leader,STRAIGHT_3,NONE,TRACK,1.6601667011565813,1.0786134041576716,0.16016670115658127,1.5875787962307957,2.0101508221043134,0.03999999999999915,0.34319639560669735,0.07772236905886726,2.2133791452120337,0,16.8416805267334
33.03957838399947,combined,3,2,follower_1,STRAIGHT_3,NONE,TRACK,1.4107671853676629,0.0041647386242929735,-0.08923281463233712,1.4601575874133257,-3.009394242647277,0.03999999999999915,0.0,-0.12944774752943883,1.9588105184521132,0,14.111584663391113
33.03957838399947,combined,3,3,follower_2,STRAIGHT_3,NONE,TRACK,1.5965817675543044,0.627097935798781,0.09658176755430437,1.5668936232486013,0.5218634456950774,0.09999999999999787,0.2713283537419603,0.021026006427717188,2.173469233499214,0,10.054387092590332
33.23948805699911,combined,3,1,leader,STRAIGHT_3,NONE,TRACK,1.6530450353512678,1.0461550794241512,0.1530450353512678,1.5866514107157557,2.0017628846315385,0.09999999999999787,0.3496906623940055,0.07708738144452515,2.2081669375110002,0,14.746352195739746
33.23948805699911,combined,3,2,follower_1,STRAIGHT_3,NONE,TRACK,1.438086030850414,-1.100563574359583,-0.06191396914958602,1.3416422905001262,0.1647402249511213,0.03999999999999915,0.0,0.007885747565461149,1.9857656761966775,0,10.102409362792969
33.23948805699911,combined,3,3,follower_2,STRAIGHT_3,NONE,TRACK,1.5637349237855278,0.17957456696746932,0.06373492378552781,1.5992761185510582,0.943830058523297,0.03500000000000014,0.363370735360098,0.03777082204002203,2.13931090434123,0,7.105134963989258
33.44045463200018,combined,3,1,leader,STRAIGHT_3,NONE,TRACK,1.6471642547164562,1.0055084090573079,0.14716425471645622,1.5830513238053072,1.9585399044352558,0.03500000000000014,0.3486624630149259,0.07512642771462452,2.2039855442990457,0,17.9890193939209
33.44045463200018,combined,3,2,follower_1,STRAIGHT_3,NONE,TRACK,1.3836989006726153,-3.4307545380502362,-0.11630109932738475,1.7637937654525608,4.128584441046064,0.03500000000000014,0.6,0.16210374797649194,1.9309516641187643,0,15.322091102600098
33.44045463200018,combined,3,3,follower_2,STRAIGHT_3,NONE,TRACK,1.6218999500632931,0.2837171587055116,0.12189995006329313,1.571994836942613,0.6082628439433768,0.03500000000000014,0.30418158652166044,0.023174787550379623,2.195197400318635,0,6.853229999542236
33.63991900099791,combined,3,1,leader,STRAIGHT_3,NONE,TRACK,1.6421538612403428,0.9774093736930303,0.1421538612403428,1.5789776323125086,1.8852931792311243,0.054999999999999716,0.345247117609871,0.07204282220654852,2.2006428397355084,0,8.117789268493652
33.63991900099791,combined,3,2,follower_1,STRAIGHT_3,NONE,PREDICT,1.3402887116146018,-5.52570725559321,-0.15971128838539816,1.7355633564814925,3.8976072375926663,0.23499999999999943,0.3238317567508917,0.15484738512133286,1.886789388554152,0,13.29596996307373
33.63991900099791,combined,3,3,follower_2,STRAIGHT_3,NONE,TRACK,1.6630310189626323,0.47713124427348125,0.16303101896263228,1.5630639854184156,0.3828416062216242,0.17999999999999972,0.2886687199409693,0.014085225293428014,2.233939724680016,0,8.102191925048828
33.839667645999725,combined,3,1,leader,STRAIGHT_3,NONE,TRACK,1.6378282007646825,0.9631064482956203,0.1378282007646825,1.5762597959822924,1.8012264278980643,0.04999999999999716,0.34407228390378297,0.06866355419944398,2.1977983931546525,0,7.744326114654541
33.839667645999725,combined,3,2,follower_1,STRAIGHT_3,NONE,TRACK,1.3118204364286228,-4.404335269050009,-0.18817956357137722,2.1077510841195823,3.29925089965588,0.10499999999999687,0.6,0.1042627456034184,1.8589262871719034,0,10.479596138000488
33.839667645999725,combined,3,3,follower_2,STRAIGHT_3,NONE,TRACK,1.6697137548402086,0.7752129180302889,0.16971375484020856,1.6031385712803858,0.6675770966166213,0.0449999999999946,0.3944556819282883,0.02584586996156087,2.241392048368626,0,7.601480960845947
34.039493796997704,combined,3,1,leader,STRAIGHT_3,NONE,TRACK,1.6336319477681958,0.9462030786137289,0.13363194776819576,1.5748100881042677,1.7654712824575776,0.04999999999999716,0.3452363985258562,0.06740608282913582,2.195022817556359,0,15.136434555053711
34.039493796997704,combined,3,2,follower_1,STRAIGHT_3,NONE,TRACK,1.3388588089131934,-2.0010417294450202,-0.16114119108680658,1.4468037694247964,-4.6998453627520425,0.045000000000001705,0.0,-0.2114182524541786,1.886507065942875,0,13.60490894317627
34.039493796997704,combined,3,3,follower_2,STRAIGHT_3,NONE,TRACK,1.612067241043997,0.791283662537296,0.1120672410439969,1.62250463708599,1.150903438975514,0.04999999999999716,0.4542395668826995,0.04587030768247583,2.1855499781646763,0,8.051793098449707
34.23939471799895,combined,3,1,leader,STRAIGHT_3,NONE,TRACK,1.6301096328840783,0.9359157438264136,0.13010963288407829,1.5725970718117548,1.6957673268850708,0.054999999999999716,0.3440678736875329,0.0646004955060151,2.192825536205635,0,9.858139038085938
34.23939471799895,combined,3,2,follower_1,STRAIGHT_3,NONE,TRACK,1.361604643711701,-1.170351310997795,-0.1383953562882989,1.6003664204525083,0.6945928941657212,0.05000000000000426,0.08964376680413233,0.012019925677272506,1.9099610806506915,0,13.560770034790039
34.23939471799895,combined,3,3,follower_2,STRAIGHT_3,NONE,TRACK,1.5657250584090538,0.31678685602251866,0.06572505840905385,1.611711332491566,1.1097346099041567,0.10999999999999943,0.4388730930627856,0.043130294917912884,2.138944816354649,0,9.094242095947266
34.43957822199809,combined,3,1,leader,STRAIGHT_3,NONE,TRACK,1.627081008086144,0.9215260779776661,0.12708100808614398,1.570581130867139,1.6394095845959031,0.04999999999999716,0.3427843915255043,0.062427626187204086,2.191003144406624,0,10.793539047241211
34.43957822199809,combined,3,2,follower_1,STRAIGHT_3,NONE,TRACK,1.4219620643640674,0.4097843175022492,-0.07803793563593264,1.382746622507996,-0.6170703139056628,0.04999999999999716,0.0,-0.03429021138384015,1.9706580231087436,0,8.256250381469727
34.43957822199809,combined,3,3,follower_2,STRAIGHT_3,NONE,TRACK,1.497791369336542,-0.1206658053875888,-0.002208630663458111,1.5989554523709344,1.1323079090980144,0.18499999999999517,0.41722590138785165,0.043718555748966395,2.071459211576439,0,9.094242095947266
34.63953630800097,combined,3,1,leader,STRAIGHT_3,NONE,TRACK,1.623516990177743,0.8959511330919996,0.12351699017774309,1.5699439064102843,1.6087278061849974,0.060000000000002274,0.3445082996101275,0.06131790688471912,2.188733072837431,0,8.025176048278809
34.63953630800097,combined,3,2,follower_1,STRAIGHT_3,NONE,TRACK,1.3852108781284715,-7.538499445104166,-0.11478912187152845,2.0422810249392955,14.262480118823145,0.054999999999999716,0.6,0.5958622384648585,1.9319553377937075,0,13.928840637207031
34.63953630800097,combined,3,3,follower_2,STRAIGHT_3,NONE,TRACK,1.5635957254680313,-0.4011896967273005,0.06359572546803127,1.526463671724159,0.22884101433097717,0.05000000000000426,0.23846242488126979,0.008105261599670533,2.1274995228301226,0,7.871332168579102
34.841125638999074,combined,3,1,leader,STRAIGHT_3,NONE,TRACK,1.62021746265648,0.8815822910623345,0.12021746265648003,1.5701047772384786,1.5300916711600994,0.03999999999999915,0.3487123920893625,0.058225536036280764,2.18642347093802,0,14.669770240783691
34.841125638999074,combined,3,2,follower_1,STRAIGHT_3,NONE,TRACK,1.3355290969686977,-9.520720568918193,-0.1644709030313023,2.5037872368953695,7.061650452586701,0.035000000000003695,0.6,0.295494135908548,1.8807820506390163,0,15.017833709716797
34.841125638999074,combined,3,3,follower_2,STRAIGHT_3,NONE,TRACK,1.6354482629132356,0.47895454849804886,0.13544826291323564,1.4994650998186945,0.2606679644732849,0.10000000000000142,0.1699539823267,0.009946417634750005,2.197406095588341,0,9.599051475524902
35.03947068799971,combined,3,1,leader,STRAIGHT_3,NONE,TRACK,1.6164495358804691,0.8708387857482017,0.11644953588046913,1.5700592619325124,1.489491795794889,0.060000000000002274,0.35066020490144995,0.05667315109249736,2.1836317131970717,0,6.1948652267456055
35.03947068799971,combined,3,2,follower_1,STRAIGHT_3,NONE,TRACK,1.3119354687821938,-4.396245138806188,-0.1880645312178062,1.878283511515927,-7.019223246246383,0.060000000000002274,0.4929910732343276,-0.3091228848057601,1.8601613082501025,0,12.028231620788574
35.03947068799971,combined,3,3,follower_2,STRAIGHT_3,NONE,TRACK,1.6559325535663043,1.2968006639084155,0.1559325535663043,1.5328447023473524,0.8874603247949646,0.060000000000002274,0.2480165000837516,0.03613266307958532,2.224729632666857,0,7.975722789764404
35.24060355999973,combined,3,1,leader,STRAIGHT_3,NONE,TRACK,1.6124719548331663,0.862254453309434,0.1124719548331663,1.5700505337928325,1.428957660719611,0.005000000000002558,0.3534111810073384,0.05430108696374617,2.180587941858202,0,8.33825397491455
35.24060355999973,combined,3,2,follower_1,STRAIGHT_3,NONE,TRACK,1.3427818555854434,-1.6195486977629703,-0.15721814441455662,1.4548253992995475,-5.852934767673477,0.060000000000002274,0.0,-0.2430930370886437,1.8920497832915981,0,15.549429893493652
35.24060355999973,combined,3,3,follower_2,STRAIGHT_3,NONE,TRACK,1.61016515778888,0.9351552777665773,0.11016515778888003,1.5759038956494,1.822316101450495,0.054999999999999716,0.3554653517267241,0.07390536970511206,2.181431389268546,0,7.101437091827393
35.43949569899996,combined,3,1,leader,STRAIGHT_3,NONE,TRACK,1.6081545659008343,0.8532792296339412,0.10815456590083428,1.5694491819062424,1.3843612468035198,0.0049999999999954525,0.3544367847288791,0.05259494938824464,2.177223863229949,0,8.21889591217041
35.43949569899996,combined,3,2,follower_1,STRAIGHT_3,NONE,TRACK,1.3480471775444287,-2.097648039768007,-0.1519528224555713,1.7696445371016252,3.409076187144781,0.134999999999998,0.3886960809805489,0.1368357821978935,1.8982443045278974,0,8.945077896118164
35.43949569899996,combined,3,3,follower_2,STRAIGHT_3,NONE,TRACK,1.5938088526710898,0.3337776666296147,0.09380885267108985,1.5819022858739709,1.4518278843787085,0.0,0.3746613028547875,0.056224858920381,2.1634717853818484,0,6.056211948394775
35.64036079899961,combined,3,1,leader,STRAIGHT_3,NONE,TRACK,1.6046075268554396,0.8407104708297507,0.10460752685543961,1.5683877150174976,1.3478503519979304,0.005000000000002558,0.35392352011084366,0.051279718579090555,2.1744804312120447,0,14.222846031188965
35.64036079899961,combined,3,2,follower_1,STRAIGHT_3,NONE,TRACK,1.4120706349307377,-0.289751628621565,-0.0879293650692623,1.3946265537432583,-0.9395661248722729,0.060000000000002274,0.0,-0.04001088633370478,1.9630793454763156,0,13.704568862915039
35.64036079899961,combined,3,3,follower_2,STRAIGHT_3,NONE,TRACK,1.5239010368270163,-0.16846935431608762,0.023901036827016275,1.575828561977981,1.2244918759119583,0.054999999999999716,0.3644977581485035,0.046517602664299516,2.0942894013367948,0,9.726183891296387
35.841269399999874,combined,3,1,leader,STRAIGHT_3,NONE,TRACK,1.6016344897029713,0.8281176868566833,0.10163448970297129,1.567612498780525,1.3006667297487386,0.0049999999999954525,0.3539499643512451,0.04945603148279335,2.1721643782252213,0,10.35321044921875
35.841269399999874,combined,3,2,follower_1,STRAIGHT_3,NONE,TRACK,1.4683897275132343,0.5031644503109166,-0.031610272486765734,1.2977686201445273,0.28652529215349604,0.0049999999999954525,0.0,0.01361115768919098,2.0199254142523877,0,7.018758773803711
35.841269399999874,combined,3,3,follower_2,STRAIGHT_3,NONE,TRACK,1.4773323901672686,-0.5093518187399648,-0.022667609832731417,1.545176121113839,0.7264326565684359,0.06499999999999773,0.2899801315037817,0.02618679924533366,2.047458752275413,0,10.616207122802734
36.04164947800018,combined,3,1,leader,STRAIGHT_3,NONE,TRACK,1.5980334301154813,0.8133819121392174,0.09803343011548127,1.5673817812002786,1.260754534417359,0.00999999999999801,0.3550888028292629,0.047905078487771396,2.1692983921599285,0,8.068275451660156
36.04164947800018,combined,3,2,follower_1,STRAIGHT_3,NONE,TRACK,1.4941848518187837,-0.847469433832695,-0.005815148181216312,1.2978314538723648,1.1901441130672041,0.07000000000000028,0.0,0.05040002014775767,2.0460461500185714,0,10.733799934387207
36.04164947800018,combined,3,3,follower_2,STRAIGHT_3,NONE,TRACK,1.4892000186311187,-0.364965153391503,-0.010799981368881273,1.4947142463978866,0.3108070323476825,0.07000000000000028,0.16328609012033032,0.010036474873051243,2.05709491861995,0,9.467074394226074
36.2402630079996,combined,3,1,leader,STRAIGHT_3,NONE,TRACK,1.5951396846598398,0.810385103393948,0.0951396846598398,1.5662338037332788,1.1945113800878384,0.015000000000000568,0.35359692123336667,0.045291508246451374,2.1670375353627414,0,10.896900177001953
36.2402630079996,combined,3,2,follower_1,STRAIGHT_3,NONE,TRACK,1.440583063863449,-3.376657207949032,-0.05941693613655108,2.061550021056577,6.585490023042026,0.010000000000005116,0.6,0.24761369845624565,1.9926713671824527,0,9.563990592956543
36.2402630079996,combined,3,3,follower_2,STRAIGHT_3,NONE,TRACK,1.5827083631893466,-0.29447713735443676,0.0827083631893466,1.4585810272903597,0.2804042117853527,0.07500000000000284,0.06266110693000787,0.009695661079271427,2.147283183066529,0,8.007301330566406
36.43941565099885,combined,3,1,leader,STRAIGHT_3,NONE,TRACK,1.5925418540869172,0.7913720245591966,0.09254185408691717,1.5651995277494475,1.1791779447241575,0.015000000000000568,0.3522435197746549,0.04489473885044541,2.165058394879529,0,7.152721881866455
36.43941565099885,combined,3,2,follower_1,STRAIGHT_3,NONE,TRACK,1.3860532459817192,-6.476218889430638,-0.1139467540182808,2.375881572813217,9.948724676594217,0.06499999999999773,0.6,0.4023880020262896,1.9374197529686454,0,14.277544021606445
36.43941565099885,combined,3,3,follower_2,STRAIGHT_3,NONE,TRACK,1.587532500725449,-7.416670523202948,0.08753250072544905,4.110910465940005,22.227522544428638,0.00999999999999801,0.6,0.8,2.1458445211980894,0,5.982370853424072
36.64086410099844,combined,3,1,leader,STRAIGHT_3,NONE,TRACK,1.5902647291864302,0.7785177031479215,0.09026472918643025,1.5645481656001974,1.1329400546519064,0.00999999999999801,0.35153041800093376,0.04301346268040467,2.163353807682827,0,16.418371200561523
36.64086410099844,combined,3,2,follower_1,STRAIGHT_3,NONE,TRACK,1.3823140639629241,-2.774027203273804,-0.11768593603707589,1.6588233636858947,-5.610280973815306,0.00999999999999801,0.06801376949799243,-0.24004555995432364,1.9359786087335482,0,13.212011337280273
36.64086410099844,combined,3,3,follower_2,STRAIGHT_3,NONE,TRACK,1.5274074812699483,-3.9926778996861114,0.027407481269948297,3.1825572015899404,-1.472295257007801,0.07000000000000028,0.6,-0.1022954168208619,2.0913712687796484,0,14.412137985229492
36.83978116700018,combined,3,1,leader,STRAIGHT_3,NONE,TRACK,1.5883987407821307,0.7703273050599708,0.08839874078213072,1.5640382877353545,1.0874529526345826,0.010000000000005116,0.35105314808902527,0.04129735015703175,2.1619679640217155,0,16.65628433227539
36.83978116700018,combined,3,2,follower_1,STRAIGHT_3,NONE,TRACK,1.3971701843228683,0.6619713577597185,-0.10282981567713168,1.3966659300705169,-3.0615858237084437,0.010000000000005116,0.0,-0.12016343624067202,1.9524383273832042,0,15.467855453491211
36.83978116700018,combined,3,3,follower_2,STRAIGHT_3,NONE,TRACK,1.471552453647648,-6.970643909266567,-0.028447546352351916,3.1421936810438313,8.597428141472353,0.010000000000005116,0.6,0.36594532611629565,2.0372441457245576,0,10.88912582397461
37.03945779800051,combined,3,1,leader,STRAIGHT_3,NONE,TRACK,1.5862333666439907,0.7656295332683097,0.08623336664399073,1.5642979391747183,1.0414329550610815,0.015000000000000568,0.35246545055959366,0.0394996817332612,2.160297142240307,0,14.202532768249512
37.03945779800051,combined,3,2,follower_1,STRAIGHT_3,NONE,TRACK,1.431911433211821,3.7058600470028127,-0.06808856678817898,1.2985009847379552,0.910611640972547,0.00999999999999801,0.0,0.04744132627582968,1.98817435416285,0,7.083927154541016
37.03945779800051,combined,3,3,follower_2,STRAIGHT_3,NONE,TRACK,1.3907147695716786,-6.38026520185543,-0.10928523042832139,2.711180264263699,-1.8258444111467083,0.00999999999999801,0.6,-0.11826127709490443,1.9583586290842978,0,9.4132080078125
37.24014666899893,combined,3,1,leader,STRAIGHT_3,NONE,TRACK,1.5833966172040634,0.7491286633540767,0.08339661720406344,1.5654807293821023,1.0179466349552835,0.020000000000003126,0.35613992059266364,0.038727413391335966,2.1579303337561395,0,14.675691604614258
37.24014666899893,combined,3,2,follower_1,STRAIGHT_3,NONE,TRACK,1.5009288030452788,2.1177280799309766,0.0009288030452787588,1.2793059751108715,4.215531295732865,0.015000000000000568,0.0,0.1822438839049888,2.058173711184604,0,13.049195289611816
37.24014666899893,combined,3,3,follower_2,STRAIGHT_3,NONE,TRACK,1.3872408595999441,-2.739653057808361,-0.11275914040005586,1.8818251694258072,-6.534667593262994,0.015000000000000568,0.0,-0.2893889142945988,1.9524570443388984,0,10.479715347290039
37.439550099999906,combined,3,1,leader,STRAIGHT_3,NONE,TRACK,1.5809725497389062,0.7170539292022278,0.08097254973890622,1.565105378115352,1.020036577164803,0.01999999999999602,0.35600298427283467,0.038909985010624544,2.155891068448768,0,10.451748847961426
37.439550099999906,combined,3,2,follower_1,STRAIGHT_3,NONE,TRACK,1.5621238647128446,0.9082973883293531,0.06212386471284459,1.2720754908546368,4.93627074269469,0.14999999999999858,0.0,0.2048552415619923,2.1200036607586346,0,8.85273265838623
37.439550099999906,combined,3,3,follower_2,STRAIGHT_3,NONE,TRACK,1.3300980971383782,-5.393733311291019,-0.16990190286162177,2.4675639060758052,10.697018808698582,0.01999999999999602,0.6,0.47577331053808536,1.8910082662038836,0,8.16352653503418
37.63942353300081,combined,3,1,leader,STRAIGHT_3,NONE,TRACK,1.578485733212198,0.6749978681079094,0.07848573321219798,1.5647634694126016,0.9956821254306584,0.09000000000000341,0.35587431142765735,0.03794889435914664,2.153790688407192,0,8.071248054504395
37.63942353300081,combined,3,2,follower_1,STRAIGHT_3,NONE,TRACK,1.6174715018555685,0.641556403209749,0.11747150185556854,1.412211578963156,2.015005822718732,0.02499999999999858,0.0,0.07996122514671275,2.175879163537195,0,5.290013790130615
37.63942353300081,combined,3,3,follower_2,STRAIGHT_3,NONE,TRACK,1.2266369880358539,-11.431214436356957,-0.27336301196414614,2.8040242365478805,6.639807811724011,0.020000000000003126,0.6,0.23940362390155806,1.7815045718283486,0,9.045358657836914
37.839656144999026,combined,3,1,leader,STRAIGHT_3,NONE,TRACK,1.5758374910169952,0.6479060065567129,0.07583749101699522,1.5652830539399547,0.9358579864631787,0.020000000000003126,0.3577437246740377,0.03560413594201965,2.151490923605842,0,13.830517768859863
37.839656144999026,combined,3,2,follower_1,STRAIGHT_3,NONE,TRACK,1.641908258691334,0.7524043166466848,0.14190825869133405,1.5076158012762462,1.4824435621954057,0.020000000000003126,0.20400222264383677,0.057892942365395536,2.200883825596751,0,11.081695556640625
37.839656144999026,combined,3,3,follower_2,STRAIGHT_3,NONE,TRACK,1.2082382944548333,-10.532634685467695,-0.29176170554516667,2.103896028415057,-8.108319380068115,0.020000000000003126,0.07427557456978484,-0.3568304896296532,1.7631303428289722,0,8.789788246154785
38.039464203000534,combined,3,1,leader,STRAIGHT_3,NONE,TRACK,1.572442654572513,0.6201957091219253,0.07244265457251298,1.5662046304548585,0.9070805206904393,0.02499999999999858,0.3605826630011718,0.0345098429678529,2.148435602584349,0,6.319915771484375
38.039464203000534,combined,3,2,follower_1,STRAIGHT_3,NONE,TRACK,1.6514049382684328,0.9112780031384878,0.15140493826843282,1.5498057609039877,1.4160836860824333,0.02499999999999858,0.299968345903264,0.05494653735014934,2.2110266928393774,0,11.374239921569824
38.039464203000534,combined,3,3,follower_2,STRAIGHT_3,NONE,TRACK,1.2602094994195674,-2.0840331498185387,-0.2397905005804326,1.2860897045523425,-11.358735458109734,0.02499999999999858,0.0,-0.46605626889020907,1.8188466096621614,0,9.559309959411621
38.239682252999046,combined,3,1,leader,STRAIGHT_3,NONE,TRACK,1.5686948618534364,0.591094819054645,0.06869486185343643,1.5672081429405929,0.8811685399709449,0.035000000000003695,0.3638931513411283,0.03352523300796328,2.144987171717352,0,5.783295154571533
38.239682252999046,combined,3,2,follower_1,STRAIGHT_3,NONE,TRACK,1.6491495033700707,0.9506793418126819,0.1491495033700707,1.5750089733095984,1.64058897010313,0.030000000000001137,0.3572291385655793,0.06393877754314978,2.2094247242765865,0,10.266109466552734
38.239682252999046,combined,3,3,follower_2,STRAIGHT_3,NONE,PREDICT,1.2959187380962396,3.7432648501642114,-0.2040812619037604,0.9557320944171114,-12.076282608585034,0.22500000000000142,0.0,-0.488598677455584,1.8543696249873682,0,5.975708961486816
38.43960237599822,combined,3,1,leader,STRAIGHT_3,NONE,TRACK,1.5646226224624555,0.5721526190448399,0.06462262246245554,1.567322350745982,0.8317460820454943,0.030000000000001137,0.3651830673057607,0.03156091472755952,2.1412059140086392,0,13.825077056884766
38.43960237599822,combined,3,2,follower_1,STRAIGHT_3,NONE,TRACK,1.6434131568520256,0.9638952542253193,0.1434131568520256,1.5797178252945996,1.687510775816061,0.030000000000001137,0.371395000360254,0.06536713696180846,2.204404973883161,0,12.471549034118652
38.43960237599822,combined,3,3,follower_2,STRAIGHT_3,NONE,TRACK,1.245580713830758,-3.716265840027439,-0.25441928616924203,2.3967262848758644,10.569757189901846,0.09499999999999886,0.6,0.4173346749072108,1.8045353892260316,0,9.103048324584961
38.640220400000544,combined,3,1,leader,STRAIGHT_3,NONE,TRACK,1.5608967592970697,0.5465376567830561,0.060896759297069725,1.565685631147241,0.8059121184852737,0.01999999999999602,0.3635060645244819,0.03079034164207155,2.1377615211664343,0,10.614559173583984
38.640220400000544,combined,3,2,follower_1,STRAIGHT_3,NONE,TRACK,1.635442429985212,0.9727665792327481,0.13544242998521194,1.5806496756001127,1.6806495058960442,0.0799999999999983,0.37925459693625685,0.06451494129856361,2.1971670398378778,0,12.632328033447266
38.640220400000544,combined,3,3,follower_2,STRAIGHT_3,NONE,TRACK,1.2013373458399603,-14.90039899415119,-0.2986626541600397,4.898110138732079,28.543458088793162,0.0799999999999983,0.6,0.8,1.752585898870694,0,9.306730270385742
38.84012771799826,combined,3,1,leader,STRAIGHT_3,NONE,TRACK,1.5582105744345216,0.5291558485686562,0.0582105744345216,1.565061936706795,0.7829970541197541,0.09500000000000597,0.3609517213961283,0.029740685543317075,2.135304778574593,0,12.086663246154785
38.84012771799826,combined,3,2,follower_1,STRAIGHT_3,NONE,TRACK,1.6292711851273753,0.9848718929261588,0.12927118512737534,1.5772776668487956,1.6416141261400812,0.04000000000000625,0.37357276155177227,0.06294074791418447,2.1916353162387114,0,12.602561950683594
38.84012771799826,combined,3,3,follower_2,STRAIGHT_3,NONE,TRACK,1.1866177277127645,-8.3767862844469,-0.3133822722872355,2.838276241447987,-10.729152145380203,0.030000000000001137,0.6,-0.5256009767776255,1.7429408112865743,0,9.29738998413086
39.03943744099888,combined,3,1,leader,STRAIGHT_3,NONE,TRACK,1.5635697763522294,0.5886160153191635,0.06356977635222938,1.5642801439004759,0.74853988017406,0.1700000000000017,0.35929929676426536,0.028420343346457363,2.1408823966016697,0,12.086663246154785
39.03943744099888,combined,3,2,follower_1,STRAIGHT_3,NONE,TRACK,1.616771862232899,0.8981331365631571,0.11677186223289904,1.5725970811541146,1.6329076741929835,0.03499999999999659,0.36542971171403094,0.0625359137207623,2.1797979654143913,0,12.970074653625488
39.03943744099888,combined,3,3,follower_2,STRAIGHT_3,NONE,TRACK,1.251645323008873,-0.4221588764737102,-0.2483546769911269,1.4784626843709066,-11.54811585478315,0.03499999999999659,0.0,-0.5029020068887629,1.810610034136874,0,8.770636558532715
39.23931202899985,combined,3,1,leader,STRAIGHT_3,NONE,TRACK,1.5594985211773715,0.5607282143103041,0.05949852117737153,1.5694964922877224,0.7023839431019315,0.10500000000000398,0.36481385182992,0.026687968834487007,2.137015159224278,0,6.7692108154296875
39.23931202899985,combined,3,2,follower_1,STRAIGHT_3,NONE,TRACK,1.6150914376195418,0.9187967781922585,0.11509143761954177,1.5675863223764026,1.555327026386391,0.035000000000003695,0.35503647581224423,0.05919439020567966,2.178754989869372,0,10.213857650756836
39.23931202899985,combined,3,3,follower_2,STRAIGHT_3,NONE,TRACK,1.2290416218246913,-5.013135465280063,-0.27095837817530866,3.1393588760688522,22.695183287023863,0.035000000000003695,0.6,0.8,1.7872248486669742,0,5.495502948760986
39.440100976000394,combined,3,1,leader,STRAIGHT_3,NONE,TRACK,1.5544892149713923,0.5112206656660647,0.05448921497139225,1.5720027489010955,0.7545604825520205,0.03999999999999915,0.3720663216410772,0.02876534179525089,2.132204767839046,0,7.489731788635254
39.440100976000394,combined,3,2,follower_1,STRAIGHT_3,NONE,TRACK,1.615715318464707,0.9434002905700896,0.11571531846470706,1.5643990658552545,1.5179056939471025,0.03999999999999915,0.34871429216341526,0.057827368447501144,2.1800158521507944,0,12.803342819213867
39.440100976000394,combined,3,3,follower_2,STRAIGHT_3,NONE,TRACK,1.177890469663213,-10.488353720034306,-0.3221095303367869,4.7279779236229995,27.040512214782286,0.03499999999999659,0.6,0.8,1.7325852361293146,0,8.884123802185059
39.639577489997464,combined,3,1,leader,STRAIGHT_3,NONE,TRACK,1.5506874112009286,0.48152520418632605,0.05068741120092857,1.569538989848364,0.6946739387459173,0.04999999999999716,0.3677606613516537,0.026308219711888434,2.12857245463313,0,7.412651062011719
39.639577489997464,combined,3,2,follower_1,STRAIGHT_3,NONE,TRACK,1.6156326237653138,0.9395292141113069,0.1156326237653138,1.5636015152047924,1.5351030991319419,0.10500000000000398,0.3476383572583176,0.05867397399049832,2.180525886963146,0,11.114751815795898
39.639577489997464,combined,3,3,follower_2,STRAIGHT_3,NONE,TRACK,1.1853637185748684,-4.650859824396083,-0.31463628142513156,2.463178761568123,-9.435071289633292,0.035000000000003695,0.0,-0.4837264337947109,1.7433501505637234,0,9.315814971923828
39.83941862999927,combined,3,1,leader,STRAIGHT_3,NONE,TRACK,1.5474552816697844,0.4505529962169971,0.04745528166978441,1.567028942642144,0.6611996185541907,0.05000000000000426,0.36282398215967476,0.025043194201976492,2.125512970953284,0,10.65349006652832
39.83941862999927,combined,3,2,follower_1,STRAIGHT_3,NONE,TRACK,1.6142411023795713,0.917828940557847,0.1142411023795713,1.5642892836559756,1.5299285636284632,0.10500000000000398,0.3501509205262153,0.05849821758270964,2.1797662277435066,0,9.370512008666992
39.83941862999927,combined,3,3,follower_2,STRAIGHT_3,NONE,TRACK,1.2211715268305532,0.6978484647470904,-0.2788284731694468,1.4216558803007016,-10.842237293427342,0.10500000000000398,0.0,-0.48876301083477247,1.7800554007562095,0,6.388716220855713
40.03935638400071,combined,3,1,leader,STRAIGHT_3,NONE,TRACK,1.5447331018171715,0.43208708388810896,0.044733101817171494,1.5654663075282669,0.6201428630171918,0.03499999999999659,0.35991923496789513,0.023452658891148535,2.12294902493251,0,16.946191787719727
40.03935638400071,combined,3,2,follower_1,STRAIGHT_3,NONE,TRACK,1.6118126354368363,0.8980799789572934,0.11181263543683628,1.5656178961468121,1.5006101828716687,0.03499999999999659,0.35434129983481727,0.05732342650241785,2.1779664616759846,0,12.805766105651855
40.03935638400071,combined,3,3,follower_2,STRAIGHT_3,NONE,TRACK,1.1713243258048025,-10.434997184294446,-0.3286756741951975,4.068309355818418,27.184199711391692,0.03499999999999659,0.6,0.8,1.7265542594730585,0,8.745140075683594
40.24023590499928,combined,3,1,leader,STRAIGHT_3,NONE,TRACK,1.5418699614783806,0.41787161586289534,0.041869961478380624,1.5655880074689783,0.5890329493560605,0.05000000000000426,0.3609072977038618,0.022300070753453326,2.1202314722946216,0,14.790840148925781
40.24023590499928,combined,3,2,follower_1,STRAIGHT_3,NONE,TRACK,1.6093048160038994,0.890291614867541,0.10930481600389941,1.5658721409427174,1.4520412320367464,0.10999999999999943,0.3559598654341639,0.05535996320275321,2.176077983245186,0,11.82285213470459
40.24023590499928,combined,3,3,follower_2,STRAIGHT_3,NONE,TRACK,1.13884338938761,-12.957155506524519,-0.36115661061239,5.078616508336081,26.816279251582923,0.10999999999999943,0.6,0.8,1.691483687990746,0,7.160788059234619
40.43939042999773,combined,3,1,leader,STRAIGHT_3,NONE,TRACK,1.5393682909368136,0.404713104059339,0.0393682909368136,1.5655094711077056,0.5742477086592761,0.04999999999999716,0.3613348510579211,0.021793395785274602,2.117842296041696,0,5.875417232513428
40.43939042999773,combined,3,2,follower_1,STRAIGHT_3,NONE,TRACK,1.6073740399617529,0.8784187618920977,0.10737403996175288,1.5659866152635664,1.432436355363045,0.11499999999999488,0.35722413083146476,0.054652274526623495,2.1746498354492743,0,6.911703109741211
40.43939042999773,combined,3,3,follower_2,STRAIGHT_3,NONE,TRACK,1.177831154428454,-4.0131847355272265,-0.3221688455715459,2.7375797331156586,-14.106295325437605,0.10999999999999943,0.14851247203077989,-0.6524924485014789,1.735950869052246,0,6.181652069091797
40.63944745899789,combined,3,1,leader,STRAIGHT_3,NONE,TRACK,1.5364822540474987,0.3902555889486987,0.03648225404749872,1.5651581465028563,0.5517114633933962,0.04999999999999716,0.36098997964902846,0.020941061931689875,2.1150784510619833,0,16.325708389282227
40.63944745899789,combined,3,2,follower_1,STRAIGHT_3,NONE,TRACK,1.605205681235582,0.8661054712483063,0.10520568123558194,1.565922974535999,1.4142455593971333,0.04999999999999716,0.35795479671063146,0.0539776426098062,2.173054663040475,0,13.018058776855469
40.63944745899789,combined,3,3,follower_2,STRAIGHT_3,NONE,TRACK,1.246145358853451,2.1717148974497906,-0.253854641146549,1.3875961308853353,-7.731834688109751,0.045000000000001705,0.0,-0.34851063483089695,1.805057498143531,0,8.28862190246582
40.83969841299768,combined,3,1,leader,STRAIGHT_3,NONE,TRACK,1.5337443563992064,0.3675103494413983,0.033744356399206366,1.5652437459019948,0.5416281423403475,0.060000000000002274,0.361780189122262,0.020608532817463752,2.1124507207511294,0,6.631834983825684
40.83969841299768,combined,3,2,follower_1,STRAIGHT_3,NONE,TRACK,1.6033948185193776,-0.28920668524189425,0.1033948185193776,1.565116939579388,1.3777709772654014,0.12000000000000455,0.35673921719728213,0.052545145917026484,2.1717856463755765,0,10.122289657592773
40.83969841299768,combined,3,3,follower_2,STRAIGHT_3,NONE,TRACK,1.280283329881281,3.0513430753384876,-0.21971667011871898,0.7238919583202084,-4.460830050799389,0.17999999999999972,0.0,-0.20106593160052783,1.8373339525399806,0,7.781691074371338
41.03947224099829,combined,3,1,leader,STRAIGHT_3,ACTUATOR_BIAS,TRACK,1.5310539588803955,0.34125617360850824,0.031053958880395527,1.565032556676879,0.526666270416296,0.04999999999999716,0.36170019929596803,0.020041774982044843,2.109864385694114,0,16.18016815185547
41.03947224099829,combined,3,2,follower_1,STRAIGHT_3,ACTUATOR_BIAS,TRACK,1.602159133558527,-1.9427152377388317,0.10215913355852702,1.564670905587652,0.43456066836905216,0.11999999999999744,0.3562859256212276,0.17288333464210467,2.170850964480265,0,13.317584991455078
41.03947224099829,combined,3,3,follower_2,STRAIGHT_3,ACTUATOR_BIAS,TRACK,1.2310158063275978,-7.802060324004632,-0.2689841936724022,4.2972775899916105,30.449197441815908,0.04999999999999716,0.6,0.8,1.7839308270702856,0,11.550512313842773
41.23935759599772,combined,3,1,leader,STRAIGHT_3,ACTUATOR_BIAS,TRACK,1.5287701949561925,0.3202857881904156,0.028770194956192485,1.564424430494657,0.5130147155055992,0.060000000000002274,0.36055362635936145,0.019525417482019792,2.1076717048865903,0,11.250869750976562
41.23935759599772,combined,3,2,follower_1,STRAIGHT_3,ACTUATOR_BIAS,TRACK,1.5994648154946174,-2.6566011123935316,0.09946481549461739,1.5654221290099264,-1.5930769981581858,0.060000000000002274,0.3583657333809572,0.10278230473745789,2.168397226003712,0,13.031058311462402
41.23935759599772,combined,3,3,follower_2,STRAIGHT_3,ACTUATOR_BIAS,TRACK,1.1864834780470148,-15.098543893951286,-0.3135165219529852,5.292534802280662,23.67596682764832,0.05000000000000426,0.6,0.8,1.7321361069547294,0,9.909371376037598
41.43961536899951,combined,3,1,leader,STRAIGHT_3,NONE,TRACK,1.5267799974572507,0.3069559863089865,0.02677999745725068,1.563738269596058,0.46380407807093865,0.05999999999999517,0.359009526308683,0.01752233351454295,2.1057675758034424,0,9.95506477355957
41.43961536899951,combined,3,2,follower_1,STRAIGHT_3,NONE,TRACK,1.5928728792639555,-1.1808205360990989,0.09287287926395549,1.5719019166419113,-2.3656383370649148,0.054999999999999716,0.3750237666731336,-0.07085056120096957,2.1624001575320873,0,9.340131759643555
41.43961536899951,combined,3,3,follower_2,STRAIGHT_3,NONE,TRACK,1.1686146720640993,-7.2856822572990225,-0.3313853279359007,3.3026265275237803,-11.925851252553906,0.04999999999999716,0.6,-0.611634535348585,1.723597060759026,0,9.071283340454102
41.639481144000456,combined,3,1,leader,STRAIGHT_3,NONE,TRACK,1.5250872553977106,0.2880924396345205,0.025087255397710617,1.563126574978965,0.4721134669136256,0.07000000000000028,0.3575290273881736,0.017957456750247673,2.1041523611469,0,10.403982162475586
41.639481144000456,combined,3,2,follower_1,STRAIGHT_3,NONE,TRACK,1.5901518128670835,-0.5263939977410036,0.09015181286708351,1.5678118916388044,-0.667909370071746,0.06499999999999773,0.36639030168833425,-0.00866033245842209,2.1601261246186123,0,8.602705955505371
41.639481144000456,combined,3,3,follower_2,STRAIGHT_3,NONE,TRACK,1.2246707281461944,0.6786864960265526,-0.2753292718538056,1.449372763339738,-12.927002712331033,0.054999999999999716,0.0,-0.577477296943825,1.7833790850159577,0,8.568292617797852
41.8411089029978,combined,3,1,leader,STRAIGHT_3,NONE,TRACK,1.5235592858355396,0.28362371728990304,0.023559285835539567,1.5628203231046236,0.42337060219466305,0.060000000000002274,0.3567186912080387,0.015979956468195437,2.1026992760030008,0,10.610708236694336
41.8411089029978,combined,3,2,follower_1,STRAIGHT_3,NONE,TRACK,1.5912172750154057,-0.26907371824641113,0.09121727501540566,1.558027727516284,0.28707363132192276,0.060000000000002274,0.34262439705370634,0.02353791082381869,2.161645733641655,0,13.171100616455078
41.8411089029978,combined,3,3,follower_2,STRAIGHT_3,NONE,TRACK,1.181254099652523,-8.348709927039769,-0.3187459003474771,3.365755839045588,21.75310838005783,0.060000000000002274,0.6,0.8,1.7383704642897886,0,10.325539588928223
42.04068740299772,combined,3,1,leader,STRAIGHT_3,NONE,TRACK,1.522243920885499,0.2781609151077433,0.02224392088549898,1.5623649811785696,0.40368590351563,0.06499999999999773,0.3554871434959834,0.015258753511738643,2.101451326733139,0,13.56143569946289
42.04068740299772,combined,3,2,follower_1,STRAIGHT_3,NONE,TRACK,1.593750235779691,-0.139685658099467,0.0937502357796911,1.5541269077489646,0.7340228512787486,0.060000000000002274,0.33168059611062384,0.03645784343410401,2.164603295759378,0,11.09559154510498
42.04068740299772,combined,3,3,follower_2,STRAIGHT_3,NONE,TRACK,1.152320711992585,-8.362686969401148,-0.3476792880074151,3.502370416077661,6.34131218470197,0.054999999999999716,0.6,0.1892693311375165,1.7097707831663556,0,8.573782920837402
42.2396232079991,combined,3,1,leader,STRAIGHT_3,NONE,TRACK,1.5208773579353891,0.26584412193305235,0.02087735793538914,1.5625060525037173,0.39971723610310916,0.005000000000002558,0.3557458014332132,0.01517259559209371,2.1001485918681904,0,11.468894004821777
42.2396232079991,combined,3,2,follower_1,STRAIGHT_3,NONE,TRACK,1.5956839924939745,0.0013508563537825214,0.09568399249397452,1.5550483448869439,0.7800565165584606,0.07000000000000028,0.3326295803702284,0.034850308852892115,2.1669531007578433,0,11.612775802612305
42.2396232079991,combined,3,3,follower_2,STRAIGHT_3,NONE,TRACK,1.2127755254665171,-1.4423372467298914,-0.2872244745334829,2.028764484447434,-9.846638431802218,0.13000000000000256,0.0,-0.452288232934352,1.7733291234407733,0,8.114603996276855
42.4426210849997,combined,3,1,leader,STRAIGHT_3,NONE,TRACK,1.519668973983208,0.24981328513858309,0.019668973983208105,1.562290758803593,0.3910639628427346,0.0049999999999954525,0.3550840199455644,0.014864117539300878,2.0989989691529205,0,8.399423599243164
42.4426210849997,combined,3,2,follower_1,STRAIGHT_3,NONE,TRACK,1.596085196384664,0.1224907808639766,0.09608519638466406,1.558772626004487,0.8131845328905328,0.06499999999999773,0.3412196330750903,0.03412944119610514,2.1677544775081157,0,11.444692611694336
42.4426210849997,combined,3,3,follower_2,STRAIGHT_3,NONE,TRACK,1.1760239514167201,-7.27312330849728,-0.3239760485832799,2.387061629036625,10.222754712458014,0.06499999999999773,0.6,0.42665704246859587,1.7353109559282092,0,6.145534992218018
42.64256220599782,combined,3,1,leader,STRAIGHT_3,NONE,TRACK,1.5187012515404084,0.23791468296738566,0.01870125154040836,1.5618407340625422,0.3733448059162406,0.054999999999999716,0.35381136577850836,0.014185899881690944,2.09808768724467,0,8.170999526977539
42.64256220599782,combined,3,2,follower_1,STRAIGHT_3,NONE,TRACK,1.607479319463757,0.25095975645489477,0.1074793194637571,1.5605576683619482,0.875578482546064,0.17999999999999972,0.34531355082746074,0.03527358779831835,2.17954953054265,0,15.337849617004395
42.64256220599782,combined,3,3,follower_2,STRAIGHT_3,NONE,TRACK,1.1359568521784034,-11.822047333062322,-0.36404314782159664,3.0387097567669192,0.9598755753901076,0.03999999999999915,0.6,-0.0021338534357041375,1.6923530873610766,0,11.20527458190918
42.840493193998554,combined,3,1,leader,STRAIGHT_3,NONE,TRACK,1.517966971769779,0.2333921546028473,0.017966971769779017,1.5616296696839234,0.3447047239025699,0.07500000000000284,0.35312555346877006,0.013033196944439069,2.0973992650149245,0,7.988780975341797
42.840493193998554,combined,3,2,follower_1,STRAIGHT_3,NONE,TRACK,1.6079375824393698,0.3873349888897307,0.1079375824393698,1.5747718822389416,0.8688490954083713,0.005000000000002558,0.3588734779287824,0.03459571012110058,2.180365638065514,0,7.602677822113037
42.840493193998554,combined,3,3,follower_2,STRAIGHT_3,NONE,TRACK,1.1924627319746193,-4.852241472297623,-0.30753726802538073,2.274217921205034,-8.77842117803939,0.125,0.0,-0.3797100864491072,1.7535615915961444,0,13.99123477935791
43.04228412199882,combined,3,1,leader,STRAIGHT_3,NONE,TRACK,1.5181961792966816,0.24970507364243347,0.018196179296681603,1.5613046187592752,0.3243834185108788,0.0049999999999954525,0.35208260096697697,0.012243475971128404,2.097678729106224,0,11.679776191711426
43.04228412199882,combined,3,2,follower_1,STRAIGHT_3,NONE,TRACK,1.6017728833659268,0.43427302529188894,0.10177288336592683,1.5765372844643166,0.9744273538676633,0.14000000000000057,0.3632814040717943,0.03832111743126547,2.1746734481052634,0,16.431447982788086
43.04228412199882,combined,3,3,follower_2,STRAIGHT_3,NONE,TRACK,1.2319341641500694,-1.5330333368072189,-0.2680658358499306,1.1484720729294353,-8.885118487525945,0.06499999999999773,0.0,-0.3642522415985584,1.7943502001072644,0,9.434487342834473
43.24030085399863,combined,3,1,leader,STRAIGHT_3,NONE,PREDICT,1.5237676875650978,0.2859467623724632,0.02376768756509784,1.5614494753656354,0.3160299327648625,0.2049999999999983,0.19371315099531072,0.011981043476612885,2.1032916064434923,0,13.040644645690918
43.24030085399863,combined,3,2,follower_1,STRAIGHT_3,NONE,TRACK,1.592799391646767,0.42845415114198393,0.0927993916467671,1.5755528788342277,0.9525325117268761,0.13500000000000512,0.36452187086069693,0.0370415625700606,2.166020116982827,0,13.186029434204102
43.24030085399863,combined,3,3,follower_2,STRAIGHT_3,NONE,TRACK,1.185379632807308,-11.819460256679776,-0.31462036719269193,3.236432490706464,19.46983251386528,0.035000000000003695,0.6,0.8,1.7434133024535148,0,22.071186065673828
43.44063215499773,combined,3,1,leader,STRAIGHT_3,NONE,TRACK,1.5224036382552903,0.24399519059829752,0.022403638255290348,1.5700897470734418,0.3711651384678178,0.0049999999999954525,0.357175082107433,0.014299612155623361,2.101965110932351,0,14.081131935119629
43.44063215499773,combined,3,2,follower_1,STRAIGHT_3,NONE,TRACK,1.5925548445370157,0.517506247908619,0.09255484453701568,1.5688555381520002,0.8502026085489952,0.07000000000000028,0.35200296251830193,0.032702778413940696,2.166070162939906,0,11.645602226257324
43.44063215499773,combined,3,3,follower_2,STRAIGHT_3,NONE,TRACK,1.147174153980465,-12.475311379418978,-0.35282584601953504,4.777098009490535,20.19944276593064,0.0449999999999946,0.6,0.8,1.7043903275892471,0,9.60307788848877
43.63967959399815,combined,3,1,leader,STRAIGHT_3,NONE,TRACK,1.5214251848686866,0.21826548901825915,0.02142518486868661,1.5683976078130728,0.34661982582379036,0.015000000000000568,0.35525753092928314,0.01320320826039159,2.101016626311461,0,6.937936782836914
43.63967959399815,combined,3,2,follower_1,STRAIGHT_3,NONE,TRACK,1.5922463859760048,0.584127656801073,0.09224638597600476,1.5669791380270537,0.8373431442495298,0.00999999999999801,0.3495402421975933,0.032157642667981295,2.166021513045099,0,7.084447860717773
43.63967959399815,combined,3,3,follower_2,STRAIGHT_3,NONE,TRACK,1.1818702462476298,-4.798083240596549,-0.3181297537523702,2.424937663772431,-13.207257729956318,0.07000000000000028,0.17646305005803697,-0.5739938933660768,1.744111547452841,0,8.808993339538574
43.83954758699838,combined,3,1,leader,STRAIGHT_3,NONE,TRACK,1.5202563844793273,0.20001550624254857,0.020256384479327316,1.5676207678141725,0.309635330343389,0.015000000000000568,0.355198460005613,0.011677781558704857,2.09988174265025,0,12.833882331848145
43.83954758699838,combined,3,2,follower_1,STRAIGHT_3,NONE,TRACK,1.5910056482345383,0.6478178366586043,0.09100564823453827,1.5674084798699608,0.8539700244780539,0.015000000000000568,0.35229309268849035,0.032809614292205865,2.165105500383772,0,6.915866851806641
43.83954758699838,combined,3,3,follower_2,STRAIGHT_3,NONE,TRACK,1.2512156704288624,0.4156862582588486,-0.2487843295711376,1.3429010196422728,-7.111255354209918,0.010000000000005116,0.0,-0.2883647952529473,1.8149081650333072,0,8.222366333007812
44.03979198799789,combined,3,1,leader,STRAIGHT_3,NONE,TRACK,1.5191832670273469,0.19709347064566674,0.01918326702734685,1.5669921061680256,0.2710850356749828,0.07000000000000028,0.35514508183540056,0.01019521047691586,2.098836716355091,0,20.710113525390625
44.03979198799789,combined,3,2,follower_1,STRAIGHT_3,NONE,TRACK,1.5891939510038793,0.6761138652963188,0.08919395100387928,1.5683927623366931,0.890445546431965,0.07499999999999574,0.35625945469734394,0.034257702510801215,2.1635903941761288,0,9.331542015075684
44.03979198799789,combined,3,3,follower_2,STRAIGHT_3,NONE,TRACK,1.3156375365138648,1.1875208699588125,-0.18436246348613516,0.9743757323718469,-0.4964881335781574,0.015000000000000568,0.0,-0.0059093665025929335,1.8797856819535195,0,7.563178062438965
44.239691683000274,combined,3,1,leader,STRAIGHT_3,NONE,TRACK,1.5180274012041681,0.19362251189290935,0.018027401204168125,1.5664499769874753,0.2642565296214552,0.09000000000000341,0.35512547812448386,0.009991146668053855,2.0977088514152507,0,10.942703247070312
44.239691683000274,combined,3,2,follower_1,STRAIGHT_3,NONE,TRACK,1.5864359022998913,0.6715679542353731,0.08643590229989129,1.5699681714908176,0.9333724201191556,0.020000000000003126,0.3618731631922154,0.035954367346323235,2.161140523945674,0,9.925246238708496
44.239691683000274,combined,3,3,follower_2,STRAIGHT_3,NONE,TRACK,1.3860860703390674,0.7593319130354781,-0.11391392966093261,0.9158649973289673,2.041205200657792,0.015000000000000568,0.0,0.09211413603227615,1.9507064828914855,0,10.828022956848145
44.44077250400005,combined,3,1,leader,STRAIGHT_3,NONE,TRACK,1.5169674547813339,0.18776755389061733,0.01696745478133388,1.5660128329489726,0.24631391477534764,0.08500000000000085,0.35519297143286066,0.00931799246991608,2.0966735175582403,0,8.588959693908691
44.44077250400005,combined,3,2,follower_1,STRAIGHT_3,NONE,TRACK,1.5838784981422636,0.6515864357141409,0.08387849814226356,1.5692584079671568,0.9435718078587423,0.015000000000000568,0.3619006132224793,0.03624490952651022,2.1588608286509197,0,12.937111854553223
44.44077250400005,combined,3,3,follower_2,STRAIGHT_3,NONE,TRACK,1.4324534134833877,-0.4189118974889552,-0.06754658651661227,1.0682723452246619,1.8702062779311281,0.015000000000000568,0.0,0.07898453523054245,1.997297734340219,0,8.523892402648926
44.639562344000296,combined,3,1,leader,STRAIGHT_3,NONE,TRACK,1.5160585190468747,0.1780768611104005,0.01605851904687472,1.5653633534273061,0.254192521134745,0.1600000000000037,0.3546169779723418,0.009688105132940241,2.0957895601277374,0,12.287123680114746
44.639562344000296,combined,3,2,follower_1,STRAIGHT_3,NONE,TRACK,1.5810959942124778,0.636945249973986,0.08109599421247782,1.568172537070468,0.9118795020177527,0.020000000000003126,0.36089768044998977,0.03487239114586229,2.156365605811005,0,9.461725234985352
44.639562344000296,combined,3,3,follower_2,STRAIGHT_3,NONE,TRACK,1.3784060397553635,-3.395450420137179,-0.12159396024463653,2.1701767156071132,5.2729474139261665,0.020000000000003126,0.6,0.19874620847246866,1.943211868465386,0,9.949172019958496
44.84026146799806,combined,3,1,leader,STRAIGHT_3,NONE,TRACK,1.5155784219306296,0.1717382600027042,0.015578421930629638,1.564078563100464,0.23532312856897708,0.030000000000001137,0.35231774789976966,0.008929268162921795,2.0953292259443663,0,10.339795112609863
44.84026146799806,combined,3,2,follower_1,STRAIGHT_3,NONE,TRACK,1.5784954667368802,0.6189958626212122,0.07849546673688024,1.5674487774139365,0.8992482516867049,0.08500000000000085,0.3604986513100504,0.03437569422703564,2.154001293401926,0,15.036072731018066
44.84026146799806,combined,3,3,follower_2,STRAIGHT_3,NONE,TRACK,1.377066900116553,-1.9448049273236574,-0.12293309988344703,1.8482480938833865,-1.2528042045319727,0.015000000000000568,0.6,-0.06305321200451733,1.942554992076862,0,9.652460098266602
45.040803546999086,combined,3,1,leader,STRAIGHT_3,NONE,PREDICT,1.5227593104257997,0.22000142578160115,0.022759310425799706,1.5637097445346642,0.23174962394532045,0.22999999999999687,0.19360233866536197,0.008817003204189306,2.102530027455692,0,13.532305717468262
45.040803546999086,combined,3,2,follower_1,STRAIGHT_3,NONE,TRACK,1.5680294232844765,0.5650569417896114,0.06802942328447648,1.5672520567448818,0.8603991846142253,0.02499999999999858,0.36120289984438525,0.032769450420450395,2.1438023068191043,0,8.79042911529541
45.040803546999086,combined,3,3,follower_2,STRAIGHT_3,NONE,TRACK,1.449131220021537,0.11393557415381358,-0.05086877997846306,1.4393084976231867,-2.148261458207768,0.00999999999999801,0.0,-0.09025785647102857,2.0151617179689842,0,9.102897644042969
45.239653730997816,combined,3,1,leader,STRAIGHT_3,NONE,TRACK,1.5206914150498556,0.17700138711154675,0.02069141504985561,1.5703715566061012,0.2858681364686243,0.030000000000001137,0.35948905425290084,0.011052184190513226,2.1004814234755584,0,8.765993118286133
45.239653730997816,combined,3,2,follower_1,STRAIGHT_3,NONE,TRACK,1.572678244856656,0.6035941246615785,0.07267824485665608,1.5647985266660658,0.8123933387635733,0.0799999999999983,0.3560045196988446,0.03083101466051843,2.1486558347579514,0,17.056629180908203
45.239653730997816,combined,3,3,follower_2,STRAIGHT_3,NONE,TRACK,1.514111767886275,0.5516144557442783,0.014111767886274995,1.361700423560442,0.053895839650715094,0.020000000000003126,0.0,0.004253220751282495,2.0804940820796594,0,6.422642230987549
45.43981965199782,combined,3,1,leader,STRAIGHT_3,NONE,TRACK,1.5204625900174522,0.1581185649388382,0.02046259001745221,1.569719539509957,0.2650736084213248,0.0899999999999963,0.35999895613435234,0.010133350062480166,2.100265638946321,0,16.129165649414062
45.43981965199782,combined,3,2,follower_1,STRAIGHT_3,NONE,TRACK,1.5736803464575422,0.6494685338330972,0.07368034645754218,1.5647672342644607,0.8165136444799203,0.02499999999999858,0.35397927870357215,0.031104852075375722,2.149868409944093,0,9.625041961669922
45.43981965199782,combined,3,3,follower_2,STRAIGHT_3,NONE,TRACK,1.5727637683230338,0.5423379031813713,0.07276376832303377,1.3853678966462282,1.2088239779341587,0.02499999999999858,0.0,0.05179917634808895,2.1394256765513613,0,10.567151069641113
45.639535353999236,combined,3,1,leader,STRAIGHT_3,NONE,TRACK,1.5245428273866424,0.20242953544708361,0.024542827386642374,1.5706119005229824,0.1840593247718663,0.030000000000001137,0.3609792433019688,0.006891067937066589,2.104362522026599,0,15.114001274108887
45.639535353999236,combined,3,2,follower_1,STRAIGHT_3,NONE,TRACK,1.566507096508551,0.5665452355703625,0.06650709650855102,1.5706986375881,0.8916119875873975,0.03499999999999659,0.36453836568033166,0.03425019115083347,2.1429050720711555,0,11.986130714416504
45.639535353999236,combined,3,3,follower_2,STRAIGHT_3,NONE,TRACK,1.6361158899759545,0.5697669157886405,0.13611588997595447,1.4247818001652157,1.1534730155919921,0.09499999999999886,0.0,0.0475712178664536,2.2030190584164484,0,8.370806694030762
45.83940591699866,combined,3,1,leader,STRAIGHT_3,NONE,TRACK,1.5217076680089687,0.1756188327405684,0.021707668008968728,1.5737264588461555,0.21250163273532802,0.04000000000000625,0.3634570006257437,0.008189859928256386,2.101543199900303,0,14.948695182800293
45.83940591699866,combined,3,2,follower_1,STRAIGHT_3,NONE,TRACK,1.5666951245091,0.5470590976764934,0.06669512450910009,1.5670157898616985,0.809655867123666,0.035000000000003695,0.3572584013110367,0.030767649326428434,2.1433009395456355,0,12.453750610351562
45.83940591699866,combined,3,3,follower_2,STRAIGHT_3,NONE,TRACK,1.6652809565592042,0.6478822651767503,0.16528095655920416,1.5318302103324395,1.1145935685088832,0.025000000000005684,0.18092637262373926,0.044758321588057134,2.232500433129575,0,14.066997528076172
46.03942465900036,combined,3,1,leader,STRAIGHT_3,NONE,TRACK,1.5196403272007566,0.15787432500257045,0.01964032720075659,1.5717344602379657,0.22124781852267433,0.03499999999999659,0.361495040098275,0.008455444465121717,2.0994879032194356,0,10.743704795837402
46.03942465900036,combined,3,2,follower_1,STRAIGHT_3,NONE,TRACK,1.5662100069653282,0.5273349432639834,0.0662100069653282,1.5665486302674112,0.7940177312595272,0.17499999999999716,0.3574196890446749,0.030226165152216218,2.142984159879034,0,12.71829891204834
46.03942465900036,combined,3,3,follower_2,STRAIGHT_3,NONE,TRACK,1.6675313721884102,0.7504208109027813,0.1675313721884102,1.5835812929265938,1.0428731236046223,0.030000000000001137,0.3131324684654677,0.04108227707128598,2.235044230499247,0,9.975690841674805
46.239454648999526,combined,3,1,leader,STRAIGHT_3,NONE,TRACK,1.5176307717783373,0.1503949854071393,0.017630771778337273,1.5702377867536554,0.19576741500767308,0.17500000000000426,0.36029508546495836,0.007430537415567662,2.097490840233517,0,12.335697174072266
46.239454648999526,combined,3,2,follower_1,STRAIGHT_3,NONE,TRACK,1.5642722290286193,0.5242623813651398,0.06427222902861929,1.5689978604419825,0.7501941226431125,0.03999999999999915,0.36457669842087287,0.028496576736297102,2.141235877951367,0,11.092445373535156
46.239454648999526,combined,3,3,follower_2,STRAIGHT_3,NONE,TRACK,1.6625180641831359,0.8233260096348634,0.16251806418313586,1.6035813596830362,1.1557927526114546,0.03999999999999915,0.3741407195549486,0.045413846494291275,2.2304193280551727,0,10.102338790893555
46.439453048998985,combined,3,1,leader,STRAIGHT_3,NONE,TRACK,1.5161217076396594,0.14148158041882652,0.016121707639659366,1.5685818594299057,0.1638940816948046,0.10499999999999687,0.3582282307725176,0.006166738951882862,2.095993007897061,0,15.422633171081543
46.439453048998985,combined,3,2,follower_1,STRAIGHT_3,NONE,TRACK,1.5616657098331668,0.5092659791563658,0.06166570983316677,1.5691912829715629,0.7410980195311201,0.03999999999999915,0.3663513279721461,0.028276112997509865,2.1388027027589613,0,12.211999893188477
46.439453048998985,combined,3,3,follower_2,STRAIGHT_3,NONE,TRACK,1.653622495814404,0.8565265974353109,0.1536224958144039,1.607057696518443,1.2252348333328413,0.03999999999999915,0.39608928453179093,0.04777081295456384,2.2219019481670266,0,9.297797203063965
46.639392477998626,combined,3,1,leader,STRAIGHT_3,NONE,TRACK,1.5149416668140572,0.12213048955642526,0.014941666814057175,1.5669716025008515,0.18959467184058645,0.10999999999999943,0.3558848668004146,0.007254611071144206,2.0948240812835746,0,14.780977249145508
46.639392477998626,combined,3,2,follower_1,STRAIGHT_3,NONE,TRACK,1.558485113822424,0.4885652489520003,0.05848511382242405,1.5686910517133856,0.7316371552414899,0.10999999999999943,0.36658584523314797,0.0278959377523214,2.1357915030640062,0,7.565399169921875
46.639392477998626,combined,3,3,follower_2,STRAIGHT_3,NONE,TRACK,1.643108833918065,0.834132924948786,0.14310883391806506,1.6030145585721045,1.2695994838641342,0.17499999999999716,0.3975454372594143,0.04918223912334156,2.211797375231705,0,5.361506938934326
46.83953672300049,combined,3,1,leader,STRAIGHT_3,NONE,TRACK,1.514255555635796,0.12466366616140344,0.014255555635795947,1.565740348106849,0.17609016781776832,0.10999999999999943,0.35414172312931474,0.0067106337269142655,2.0941463528293043,0,15.376879692077637
46.83953672300049,combined,3,2,follower_1,STRAIGHT_3,NONE,TRACK,1.5554373918817757,0.4857732434956205,0.055437391881775655,1.5684514488174013,0.6783221611035315,0.045000000000001705,0.36724674444130795,0.025769658394847475,2.1328889711184296,0,12.525891304016113
46.83953672300049,combined,3,3,follower_2,STRAIGHT_3,NONE,TRACK,1.6343544199386102,0.7967447518757359,0.1343544199386102,1.60164282460038,1.3779883182109074,0.045000000000001705,0.40450998463748417,0.05321425265626767,2.2033998063170515,0,8.078879356384277
47.03967982500035,combined,3,1,leader,STRAIGHT_3,NONE,TRACK,1.5137011357071584,0.13310671129405438,0.013701135707158363,1.56474746951555,0.1153335521265189,0.04999999999999716,0.35271460620836126,0.004293575548507564,2.0936007606055456,0,13.97842788696289
47.03967982500035,combined,3,2,follower_1,STRAIGHT_3,NONE,TRACK,1.5521897891867111,0.47497884653985656,0.05218978918671113,1.5674133519258413,0.6678080225394392,0.04999999999999716,0.36574217497248845,0.02541810265267633,2.1298006606779207,0,12.534041404724121
47.03967982500035,combined,3,3,follower_2,STRAIGHT_3,NONE,TRACK,1.6254964461554953,0.7756052065627862,0.12549644615549527,1.5952595987716671,1.308009391686795,0.03999999999999915,0.39804110865374553,0.05004630473132132,2.1949268532750628,0,10.419916152954102
47.239446064999356,combined,3,1,leader,STRAIGHT_3,NONE,TRACK,1.5133032857221291,0.12680473629873537,0.013303285722129132,1.5641439371330441,0.14585950052646346,0.060000000000002274,0.35199368417999155,0.005608011452688636,2.09321097250702,0,7.317383766174316
47.239446064999356,combined,3,2,follower_1,STRAIGHT_3,NONE,TRACK,1.5497489640256377,0.4611657617390209,0.049748964025637665,1.5653080281512055,0.6532622584796159,0.045000000000001705,0.36131423328354195,0.024865894945072818,2.1274977726222204,0,14.765998840332031
47.239446064999356,combined,3,3,follower_2,STRAIGHT_3,NONE,TRACK,1.6179015087767254,0.7609572234278897,0.11790150877672545,1.5891211173159654,1.2837266694221292,0.10999999999999943,0.39038909451598147,0.04900903102710328,2.187692024947947,0,5.974882125854492
47.44051674900038,combined,3,1,leader,STRAIGHT_3,NONE,TRACK,1.5129677420907803,0.1189167994769328,0.012967742090780332,1.563718776642298,0.1469515237851142,0.054999999999999716,0.3515640302820121,0.005641573409493503,2.0928830268881753,0,13.112157821655273
47.44051674900038,combined,3,2,follower_1,STRAIGHT_3,NONE,TRACK,1.5479208951259171,0.4473287760112549,0.04792089512591713,1.5642257476990773,0.6374952052453962,0.11499999999999488,0.35921944005740375,0.024283502966247855,2.12580239232852,0,11.040961265563965
47.44051674900038,combined,3,3,follower_2,STRAIGHT_3,NONE,TRACK,1.611076659159516,0.7441182793300879,0.11107665915951603,1.5826558691627668,1.2189611182044129,0.04999999999999716,0.3804230173365894,0.04637176169693619,2.181223895909618,0,11.593114852905273
47.63961913499952,combined,3,1,leader,STRAIGHT_3,NONE,TRACK,1.4819592964393211,0.17983447275584413,-0.018040703560678883,1.5634275693802129,0.1351442201178958,0.054999999999999716,0.3513713212994327,0.0051409440519479925,2.06189685681562,0,6.757934093475342
47.63961913499952,combined,3,2,follower_1,STRAIGHT_3,NONE,TRACK,1.5463377478389144,0.4329704182827777,0.04633774783891442,1.5627069925921517,0.6226912257734973,0.054999999999999716,0.3557341050542812,0.02374082126413535,2.1243392155734973,0,7.222394943237305
47.63961913499952,combined,3,3,follower_2,STRAIGHT_3,NONE,TRACK,1.6052301949493828,0.7071764906617914,0.1052301949493828,1.5792168027379252,1.239233069697372,0.18500000000000227,0.37676370999676206,0.04728863159370726,2.175707942662558,0,7.18159818649292
47.839556799001,combined,3,1,leader,COMPLETE,NONE,TRACK,1.4160111695401767,0.08764100295175527,-0.0839888304598233,1.558894088968872,0.16553414985920198,0.054999999999999716,0.33969109513959606,0.006462869279229636,1.9959503343823242,0,10.695944786071777
47.839556799001,combined,3,2,follower_1,COMPLETE,NONE,TRACK,1.5350913030032967,0.3811903192260495,0.03509130300329666,1.5634880541089404,0.5886817318784451,0.060000000000002274,0.35766376924034404,0.02238511858095444,2.1131919965594483,0,7.464774131774902
47.839556799001,combined,3,3,follower_2,COMPLETE,NONE,TRACK,1.6033816023249141,0.6229269502942987,0.10338160232491411,1.575379299713473,1.232223339105637,0.054999999999999716,0.3711234202052494,0.04697876802740419,2.1742246588963674,0,8.360426902770996
48.039954616000614,combined,3,1,leader,COMPLETE,NONE,TRACK,1.3764164600402689,0.04898343849434715,-0.12358353995973115,1.522167309127871,0.1261588777024513,0.05999999999999517,0.24158693604453413,0.004736472658153174,1.9563558416383335,0,6.683794021606445
48.039954616000614,combined,3,2,follower_1,COMPLETE,NONE,TRACK,1.5100037951803715,0.27875507947958994,0.010003795180371533,1.5623022556735955,0.5774251177700478,0.05999999999999517,0.35464744493199246,0.02197697478713357,2.0881798363694046,0,7.238954067230225
48.039954616000614,combined,3,3,follower_2,COMPLETE,NONE,PREDICT,1.6103767532925377,0.5169007924735004,0.11037675329253771,1.579320998267841,1.2214311181636721,0.25499999999999545,0.20596062518705416,0.04663972040713224,2.181503952906516,0,5.914055824279785
48.23930093599847,combined,3,1,leader,COMPLETE,NONE,TRACK,1.3577008884789383,0.00874654477738315,-0.14229911152106167,1.4852893151805997,0.09634696972442945,0.060000000000002274,0.1385716779962472,0.0035660893224362927,1.9376403228234134,0,14.683321952819824
48.23930093599847,combined,3,2,follower_1,COMPLETE,NONE,TRACK,1.4691683103346824,0.12438919631103751,-0.030831689665317574,1.549489636547401,0.4948291416796967,0.054999999999999716,0.321709295769955,0.018621051857960657,2.04737468329452,0,12.758496284484863
48.23930093599847,combined,3,3,follower_2,COMPLETE,NONE,TRACK,1.597109152776603,0.4291439308604165,0.09710915277660304,1.5821722441057555,1.171265625873614,0.054999999999999716,0.3671361090304077,0.044579438555337914,2.1685325285732193,0,10.300552368164062
48.44075654799963,combined,3,1,leader,COMPLETE,NONE,TRACK,1.3570818172803722,0.014291757586614585,-0.14291818271962775,1.4336123480866643,-0.000804092473658939,0.0049999999999954525,0.0,-0.00041519702172478843,1.9370212509395957,0,6.124530792236328
48.44075654799963,combined,3,2,follower_1,COMPLETE,NONE,TRACK,1.415669885296962,-0.024056001363675052,-0.08433011470303797,1.5278471559656075,0.31947156591436454,0.05999999999999517,0.2629274673621429,0.011468713383350204,1.9938882643317135,0,13.916001319885254
48.44075654799963,combined,3,3,follower_2,COMPLETE,NONE,TRACK,1.5775867636079923,0.33129603391814055,0.07758676360799233,1.5743565632223795,1.0433482231456486,0.05999999999999517,0.35276818620940753,0.03935321459454648,2.149355331644788,0,7.752234935760498
48.64084594399901,combined,3,1,leader,COMPLETE,NONE,TRACK,1.3570816465947295,0.008752315654267677,-0.14291835340527048,1.4252591360001954,0.014195426118753986,0.00999999999999801,0.0,0.00039508519757260697,1.9370210847533926,0,5.862886905670166
48.64084594399901,combined,3,2,follower_1,COMPLETE,NONE,TRACK,1.385713598997885,-0.10989327641865736,-0.11428640100211496,1.4986927101764946,0.16477102332221896,0.060000000000002274,0.1829696995568375,0.005476459344231939,1.963930930628754,0,12.030096054077148
48.64084594399901,combined,3,3,follower_2,COMPLETE,NONE,TRACK,1.5456938998610954,0.13715074633322955,0.0456938998610954,1.5608452391728067,0.9137004521232713,0.054999999999999716,0.321364918513086,0.03422110812607283,2.117671994187683,0,8.323676109313965
48.84021208699778,combined,3,1,leader,COMPLETE,NONE,TRACK,1.357081593571791,0.0039045192958708963,-0.14291840642820897,1.415890267819927,0.016819497752956162,0.010000000000005116,0.0,0.0005745585558014847,1.937021033894202,0,6.546135902404785
48.84021208699778,combined,3,2,follower_1,COMPLETE,NONE,TRACK,1.3773722020550032,-0.17817037934984428,-0.12262779794499679,1.4516588502756673,0.14823201401062047,0.07000000000000028,0.057785547917939835,0.005170083147423368,1.9555867414022468,0,7.4865899085998535
48.84021208699778,combined,3,3,follower_2,COMPLETE,NONE,TRACK,1.5028688777161987,-0.12798008356656615,0.0028688777161987034,1.5466765363324586,0.7068719796984986,0.06500000000000483,0.2847318672080522,0.025973014829784605,2.0748783502275847,0,10.324807167053223
49.040205733999755,combined,3,1,leader,COMPLETE,NONE,TRACK,1.357081722068388,0.011774570475355515,-0.14291827793161205,1.4111900100114987,-0.009859807716468105,0.0049999999999954525,0.0,-0.0005092596703493434,1.9370211580519727,0,13.953186988830566
49.040205733999755,combined,3,2,follower_1,COMPLETE,NONE,TRACK,1.3773683978503293,-0.20186750742019446,-0.12263160214967073,1.4252652636331136,0.06549779091252929,0.06499999999999773,0.0,0.0020384048998371785,1.9555866550121659,0,12.531840324401855
49.040205733999755,combined,3,3,follower_2,COMPLETE,NONE,TRACK,1.4685739824737352,-0.2978014520271894,-0.03142601752626484,1.502852555054763,0.3420163696309981,0.0049999999999954525,0.17220250669701706,0.011350442235870322,2.040572217632382,0,9.311140060424805
49.2397280619989,combined,3,1,leader,COMPLETE,NONE,TRACK,1.357081675859322,0.008019641700379204,-0.14291832414067795,1.4092694442760731,0.011207141144379405,0.00999999999999801,0.0,0.00043056064461398776,1.9370211144501113,0,8.031006813049316
49.2397280619989,combined,3,2,follower_1,COMPLETE,NONE,TRACK,1.3773705656465982,-0.2129960418919118,-0.12262943435340179,1.4145902075693155,0.03015803152037776,0.14000000000000057,0.0,0.0008059489979369782,1.9555867322647391,0,10.157024383544922
49.2397280619989,combined,3,3,follower_2,COMPLETE,NONE,TRACK,1.4437202546591374,-0.3762123542728132,-0.05627974534086255,1.4946760424683867,0.1732020952849952,0.14000000000000057,0.1430733993194725,0.0051800760353946295,2.015717531557149,0,7.645522117614746
49.439676253998186,combined,3,1,leader,COMPLETE,NONE,TRACK,1.3570817233695658,0.0005936978198771834,-0.14291827663043422,1.4088537845024431,0.01819106820111333,0.015000000000000568,0.0,0.0007021055592722241,1.9370211641012134,0,10.039339065551758
49.439676253998186,combined,3,2,follower_1,COMPLETE,NONE,TRACK,1.37737451762903,-0.2230301679720302,-0.12262548237097004,1.4016553255809967,0.019497489340240298,0.015000000000000568,0.0,0.0005326288512443138,1.955586716833156,0,7.91591215133667
49.439676253998186,combined,3,3,follower_2,COMPLETE,NONE,TRACK,1.4353720020843828,-0.41396566256342987,-0.06462799791561724,1.4630081849506509,0.09909640997813636,0.07000000000000028,0.05479504344739308,0.002780789930410395,2.007362714338186,0,10.57576847076416
49.63975430299979,combined,3,1,leader,COMPLETE,NONE,TRACK,1.3570817350268702,0.005845390918923946,-0.14291826497312976,1.4087746390288065,-0.007857223702963913,0.00999999999999801,0.0,-0.0003859237595813406,1.937021174688205,0,10.638724327087402
49.63975430299979,combined,3,2,follower_1,COMPLETE,NONE,TRACK,1.377371962002189,-0.23045117039532273,-0.12262803799781108,1.3974047983915772,0.020287143014927473,0.00999999999999801,0.0,0.000670751308504536,1.9555867363428627,0,8.14031982421875
49.63975430299979,combined,3,3,follower_2,COMPLETE,NONE,TRACK,1.4353807892772505,-0.4069887207844496,-0.06461921072274945,1.4337791374860747,0.00442807816602685,0.07000000000000028,0.0,-0.0006325204439585322,2.007362678643543,0,10.86458969116211
49.83991206299834,combined,3,1,leader,COMPLETE,NONE,TRACK,1.3570816311095977,0.009541333540906603,-0.14291836889040233,1.4092749151292148,-0.011117449362926617,0.020000000000003126,0.0,-0.000484152695046532,1.9370210688520668,0,10.78885555267334
49.83991206299834,combined,3,2,follower_1,COMPLETE,NONE,TRACK,1.3773701975157302,-0.23332331874943119,-0.1226298024842698,1.3957380271490691,0.007628426694803436,0.020000000000003126,0.0,0.0001952235906518856,1.9555868211481449,0,7.831684112548828
49.83991206299834,combined,3,3,follower_2,COMPLETE,NONE,TRACK,1.4353846156840555,-0.4060510756581719,-0.06461538431594449,1.423042106499701,-0.0002724295499211054,0.07500000000000284,0.0,-0.0004944091418108953,2.007362710537062,0,5.806527137756348
