elapsed_s,scenario,follower_count,follower_index,predecessor,route_state,event,control_state,true_range_m,true_bearing_deg,spacing_error_m,estimated_range_m,estimated_bearing_deg,measurement_age_s,linear_cmd_mps,angular_cmd_rps,center_distance_m,collision_sample,inference_ms
3.6372304029973748,combined,3,1,leader,UNSEEN,NONE,SAFE_STOP,1.42,3.2256490062403666e-18,-0.08000000000000007,nan,nan,-1.0,0.0,0.0,2.0,0,
3.6372304029973748,combined,3,2,follower_1,UNSEEN,NONE,SAFE_STOP,1.42,3.2256490062403666e-18,-0.08000000000000007,nan,nan,-1.0,0.0,0.0,2.0,0,
3.6372304029973748,combined,3,3,follower_2,UNSEEN,NONE,SAFE_STOP,1.42,4.044560527688829e-18,-0.08000000000000007,nan,nan,-1.0,0.0,0.0,2.0,0,
3.8083335499977693,combined,3,1,leader,UNSEEN,NONE,SAFE_STOP,1.42,3.2256490062403666e-18,-0.08000000000000007,nan,nan,-1.0,0.0,0.0,2.0,0,
3.8083335499977693,combined,3,2,follower_1,UNSEEN,NONE,SAFE_STOP,1.42,3.2256490062403666e-18,-0.08000000000000007,nan,nan,-1.0,0.0,0.0,2.0,0,
3.8083335499977693,combined,3,3,follower_2,UNSEEN,NONE,SAFE_STOP,1.42,4.044560527688829e-18,-0.08000000000000007,nan,nan,-1.0,0.0,0.0,2.0,0,
3.964621080998768,combined,3,1,leader,SETTLE,NONE,SAFE_STOP,1.42,3.2256490062403666e-18,-0.08000000000000007,nan,nan,-1.0,0.0,0.0,2.0,0,
3.964621080998768,combined,3,2,follower_1,SETTLE,NONE,SAFE_STOP,1.42,3.2256490062403666e-18,-0.08000000000000007,nan,nan,-1.0,0.0,0.0,2.0,0,
3.964621080998768,combined,3,3,follower_2,SETTLE,NONE,SAFE_STOP,1.42,4.044560527688829e-18,-0.08000000000000007,nan,nan,-1.0,0.0,0.0,2.0,0,
4.104428443999495,combined,3,1,leader,SETTLE,NONE,SAFE_STOP,1.42,3.2256490062403666e-18,-0.08000000000000007,nan,nan,-1.0,0.0,0.0,2.0,0,
4.104428443999495,combined,3,2,follower_1,SETTLE,NONE,SAFE_STOP,1.42,3.2256490062403666e-18,-0.08000000000000007,nan,nan,-1.0,0.0,0.0,2.0,0,
4.104428443999495,combined,3,3,follower_2,SETTLE,NONE,SAFE_STOP,1.42,4.044560527688829e-18,-0.08000000000000007,nan,nan,-1.0,0.0,0.0,2.0,0,
4.298484716997336,combined,3,1,leader,SETTLE,NONE,SAFE_STOP,1.42,3.2256490062403666e-18,-0.08000000000000007,nan,nan,-1.0,0.0,0.0,2.0,0,
4.298484716997336,combined,3,2,follower_1,SETTLE,NONE,SAFE_STOP,1.42,3.2256490062403666e-18,-0.08000000000000007,nan,nan,-1.0,0.0,0.0,2.0,0,
4.298484716997336,combined,3,3,follower_2,SETTLE,NONE,SAFE_STOP,1.42,4.044560527688829e-18,-0.08000000000000007,nan,nan,-1.0,0.0,0.0,2.0,0,
4.484993609999947,combined,3,1,leader,SETTLE,NONE,SAFE_STOP,1.420000002919372,0.009052470083037523,-0.079999997080628,nan,nan,-1.0,0.0,0.0,2.0000000000002225,0,8.031915664672852
4.484993609999947,combined,3,2,follower_1,SETTLE,NONE,SAFE_STOP,1.4200000031642341,0.0015974947138239532,-0.07999999683576586,nan,nan,-1.0,0.0,0.0,1.9999999999997775,0,
4.484993609999947,combined,3,3,follower_2,SETTLE,NONE,SAFE_STOP,1.4200000009798808,0.005244461680675516,-0.07999999902011923,nan,nan,-1.0,0.0,0.0,2.000000000000111,0,
4.684223443997325,combined,3,1,leader,SETTLE,NONE,TRACK,1.4200000051997375,0.012081412420041083,-0.07999999480026254,1.4759919384910192,-0.025893052330956432,0.11500000000000021,0.0,-0.0008242135949908283,2.000000000000285,0,9.731756210327148
4.684223443997325,combined,3,2,follower_1,SETTLE,NONE,SAFE_STOP,1.4200000056360962,0.0021320139405182257,-0.07999999436390381,nan,nan,-1.0,0.0,0.0,1.999999999999715,0,
4.684223443997325,combined,3,3,follower_2,SETTLE,NONE,TRACK,1.4200000001483872,0.0020415711128675316,-0.07999999985161277,1.4761431353005,-0.0070022219680383815,0.010000000000000231,0.0,0.0004081264572623563,1.999999999999913,0,5.683807849884033
4.884307562999311,combined,3,1,leader,SETTLE,NONE,TRACK,1.4200000023549553,0.008130846887393394,-0.07999999764504473,1.4762001414063137,0.0039635071033088,0.020000000000000018,0.0,0.000360809244338015,1.9999999999999398,0,7.229441165924072
4.884307562999311,combined,3,2,follower_1,SETTLE,NONE,SAFE_STOP,1.420000002552976,0.0014348553282062671,-0.07999999744702402,nan,nan,-1.0,0.0,0.0,2.00000000000006,0,
4.884307562999311,combined,3,3,follower_2,SETTLE,NONE,TRACK,1.420000002416744,0.00823652012756466,-0.07999999758325593,1.4761068692079897,-0.027442607128358713,0.009999999999999787,0.0,-0.0008728985024919687,2.0000000000001164,0,6.381743907928467
5.0841030629999295,combined,3,1,leader,SETTLE,NONE,TRACK,1.4200000009234204,0.005092063669353219,-0.07999999907657962,1.4762240280557226,0.0024684498538507416,0.015000000000000124,0.0,0.0002103774135532489,1.9999999999997653,0,7.306196212768555
5.0841030629999295,combined,3,2,follower_1,SETTLE,NONE,SAFE_STOP,1.420000001001508,0.0008985994698698381,-0.07999999899849208,nan,nan,-1.0,0.0,0.0,2.0000000000002345,0,
5.0841030629999295,combined,3,3,follower_2,SETTLE,NONE,TRACK,1.4200000002678288,0.002743295971695321,-0.0799999997321712,1.476271059598727,0.004389626130738383,0.015000000000000124,0.0,0.0003561493855604169,1.9999999999997464,0,6.640192985534668
5.284402032997605,combined,3,1,leader,SETTLE,NONE,TRACK,1.4200000004265891,0.0034615463350275034,-0.07999999957341086,1.4762225348231268,0.0015494379835674958,0.01499999999999968,0.0,0.00011881316711306121,1.9999999999997518,0,7.908255100250244
5.284402032997605,combined,3,2,follower_1,SETTLE,NONE,SAFE_STOP,1.4200000004629543,0.0006108611175733458,-0.07999999953704573,nan,nan,-1.0,0.0,0.0,2.0000000000002482,0,
5.284402032997605,combined,3,3,follower_2,SETTLE,NONE,TRACK,1.4200000003601165,0.0031805603446150837,-0.07999999963988347,1.476316335218274,0.006207893973912265,0.06499999999999995,0.0,0.0003518330647910417,1.9999999999997624,0,13.974931716918945
5.484293651999906,combined,3,1,leader,SETTLE,NONE,TRACK,1.4200000068490235,0.01386600341026491,-0.0799999931509765,1.4761541632378496,-0.021905590608648377,0.02499999999999991,0.0,-0.0009090584989645634,2.000000000000061,0,8.030269622802734
5.484293651999906,combined,3,2,follower_1,SETTLE,NONE,SAFE_STOP,1.420000010280577,0.00928229894920475,-0.07999998971942301,nan,nan,-1.0,0.0,0.0,2.0000000000001035,0,15.548458099365234
5.484293651999906,combined,3,3,follower_2,SETTLE,NONE,TRACK,1.4200000102768378,0.01546946128477866,-0.07999998972316225,1.4761888910785714,-0.028104567300737324,0.08499999999999996,0.0,-0.0010911093449352323,1.9999999999998854,0,6.500918865203857
5.6840419769978325,combined,3,1,leader,SETTLE,NONE,TRACK,1.420000008806181,0.01572266092049971,-0.07999999119381895,1.4761603400894028,-0.003194871834091156,0.0900000000000003,0.0,-0.00012058926304458662,2.00000000000027,0,13.31190013885498
5.6840419769978325,combined,3,2,follower_1,SETTLE,NONE,TRACK,1.42000000992486,-0.00428358926960848,-0.07999999007514003,1.476200724298005,0.009101021485417157,0.025000000000000355,0.0,0.000992119463106242,1.9999999999995501,0,6.387461185455322
5.6840419769978325,combined,3,3,follower_2,SETTLE,NONE,TRACK,1.4200000064201377,0.011303905516923403,-0.07999999357986232,1.476250718198384,0.0020755784056607106,0.025000000000000355,0.0,0.00013805850992905025,1.9999999999998883,0,7.587563991546631
5.885197190997133,combined,3,1,leader,SETTLE,NONE,TRACK,1.4200000086472124,0.015580097956599993,-0.07999999135278757,1.4761756655735303,0.00021385903627089715,0.09499999999999975,0.0,1.3132118431868483e-05,2.00000000000027,0,9.799236297607422
5.885197190997133,combined,3,2,follower_1,SETTLE,NONE,TRACK,1.4200000095176823,-0.003408160402445696,-0.07999999048231765,1.476350428018297,0.02377983290651548,0.16500000000000004,0.0,0.001300848056388801,1.999999999999615,0,9.18603515625
5.885197190997133,combined,3,3,follower_2,SETTLE,NONE,TRACK,1.4200000042549659,0.008918659803374179,-0.07999999574503414,1.4762755275414423,0.0032127863831920346,0.02499999999999991,0.0,0.00016076523781602742,1.9999999999993865,0,6.967397212982178
6.08398126999964,combined,3,1,leader,SETTLE,NONE,TRACK,1.4200000084895283,0.015437386265865593,-0.07999999151047166,1.4761885068034286,0.0003314743854668475,0.03000000000000025,0.0,1.6079635248992586e-05,2.00000000000027,0,12.12258529663086
6.08398126999964,combined,3,2,follower_1,SETTLE,NONE,TRACK,1.420000013966813,0.011881253490987216,-0.07999998603318703,1.4760977037010783,-0.036915686510603736,0.03000000000000025,0.0,-0.0013215412907966915,1.9999999999999474,0,5.477727890014648
6.08398126999964,combined,3,3,follower_2,SETTLE,NONE,TRACK,1.4200000064065466,0.00957040752018195,-0.07999999359345344,1.4762875259545967,0.003469107821518032,0.08499999999999996,0.0,0.00015801052305153257,1.999999999998856,0,12.026203155517578
6.284201787999336,combined,3,1,leader,SETTLE,NONE,TRACK,1.4200000081884494,0.015161164844261993,-0.0799999918115506,1.4761934594828547,0.00040894442172946207,0.0950000000000002,0.0,1.8036756630910095e-05,2.00000000000027,0,10.549055099487305
6.284201787999336,combined,3,2,follower_1,SETTLE,NONE,TRACK,1.4200000152642047,0.013656044375314164,-0.07999998473579528,1.4761415442652248,-0.0043990620549269445,0.03000000000000025,0.0,-4.218639751461014e-06,1.9999999999998195,0,17.76175308227539
6.284201787999336,combined,3,3,follower_2,SETTLE,NONE,TRACK,1.4200000067701561,0.007945672704904263,-0.07999999322984386,1.476277499435848,0.0028612011575036797,0.03000000000000025,0.0,0.0001251965520992332,1.9999999999989457,0,7.466031074523926
6.484007458999258,combined,3,1,leader,SETTLE,NONE,TRACK,1.4470734769878786,0.014647786550857174,-0.05292652301212142,1.47619463429489,0.0003861152130484713,0.10499999999999998,0.0,1.628943341323308e-05,2.0270734693212127,0,15.300999641418457
6.484007458999258,combined,3,2,follower_1,SETTLE,NONE,TRACK,1.42000001157717,0.009884796290334626,-0.07999998842282996,1.476242863707606,0.0044537547514523134,0.029999999999999805,0.0,0.0002769447815769314,1.9999999999994211,0,13.444397926330566
6.484007458999258,combined,3,3,follower_2,SETTLE,NONE,TRACK,1.4200000031668372,0.005738881957167925,-0.07999999683316283,1.4762776690461294,0.0028073314720452386,0.029999999999999805,0.0,0.00011774826320193316,1.999999999999337,0,10.503206253051758
6.684532475999731,combined,3,1,leader,STRAIGHT_1,NONE,TRACK,1.513917640801791,0.011441977461778363,0.01391764080179092,1.4849321347957642,0.011483865144140182,0.03000000000000025,0.0019218775373627366,0.00049291592184444,2.093917636090003,0,16.941688537597656
6.684532475999731,combined,3,2,follower_1,STRAIGHT_1,NONE,TRACK,1.4231558332425462,0.006261056254407168,-0.07684416675745376,1.4762750673292502,0.003796004256240898,0.03000000000000025,0.0,0.00020370172895515826,2.003155826867824,0,5.526402950286865
6.684532475999731,combined,3,3,follower_2,STRAIGHT_1,NONE,TRACK,1.420000001161906,0.0036875476865780624,-0.07999999883809394,1.4762774436838633,0.0026791120169555485,0.03000000000000025,0.0,0.00010960108979399292,1.999999999999462,0,9.121479034423828
6.884836226996413,combined,3,1,leader,STRAIGHT_1,NONE,TRACK,1.560646495809248,0.015106889933199735,0.06064649580924808,1.5447048381185304,-0.005167179300715287,0.020000000000000462,0.10520708101468439,-0.0002456960441544711,2.140646487556061,0,12.42558479309082
6.884836226996413,combined,3,2,follower_1,STRAIGHT_1,NONE,TRACK,1.446426978502351,0.005478235907982193,-0.05357302149764909,1.4780373625535377,0.003034245296856925,0.020000000000000462,0.0,-0.00014446456427397338,2.026426969051905,0,11.439762115478516
6.884836226996413,combined,3,3,follower_2,STRAIGHT_1,NONE,TRACK,1.4200000022399395,0.007277102855899264,-0.0799999977600605,1.476207358719491,-0.021181755742958185,0.020000000000000462,0.0,0.00010740956594055576,1.9999999999996871,0,9.284178733825684
7.0846268579989555,combined,3,1,leader,STRAIGHT_1,NONE,TRACK,1.5851199753288667,0.02042295504656895,0.08511997532886673,1.5678040662936974,-0.011296819517860433,0.040000000000000036,0.21122655542938473,-0.00047016427605910854,2.165119960199494,0,5.907821178436279
7.0846268579989555,combined,3,2,follower_1,STRAIGHT_1,NONE,TRACK,1.4932737582072968,0.013155721038568526,-0.0067262417927032025,1.478599845536959,0.0045095327586004135,0.17000000000000082,0.0,0.00020608549461326466,2.0732737377788832,0,11.439762115478516
7.0846268579989555,combined,3,3,follower_2,STRAIGHT_1,NONE,TRACK,1.422179759285957,0.009221299111963193,-0.07782024071404292,1.4762430223491532,-0.001263141125976123,0.03500000000000014,0.0,-3.316405496019386e-05,2.0021797520869278,0,5.678867816925049
7.284176294997451,combined,3,1,leader,STRAIGHT_1,NONE,TRACK,1.5888577885262662,0.028682888168067674,0.08885778852626625,1.6080168347632897,-0.013375262256438735,0.040000000000000036,0.32268872638459595,-0.0005501001448080364,2.1688577586373228,0,8.267395973205566
7.284176294997451,combined,3,2,follower_1,STRAIGHT_1,NONE,TRACK,1.5446300841553877,0.03428486393951654,0.04463008415538772,1.499606118286071,-0.05738546616355621,0.10499999999999954,0.03479226696057186,-0.0023019745820722216,2.124630015489975,0,10.050522804260254
7.284176294997451,combined,3,3,follower_2,STRAIGHT_1,NONE,TRACK,1.435335710400203,0.009715203377116942,-0.06466428959979709,1.4766468937823798,0.0028614309473378612,0.03500000000000014,0.0,0.00012696522896755682,2.0153356702535765,0,8.334976196289062
7.4839029389986536,combined,3,1,leader,STRAIGHT_1,NONE,TRACK,1.5850089075900993,0.03573085441102219,0.08500890759009927,1.6087710698370552,-0.015108493488115144,0.17999999999999972,0.3411990195879675,-0.000604360383613705,2.165008861113676,0,18.030445098876953
7.4839029389986536,combined,3,2,follower_1,STRAIGHT_1,NONE,TRACK,1.5817342859209702,0.024981875181443694,0.0817342859209702,1.5535006506934659,0.021530224771852943,0.040000000000000036,0.16070318406596582,0.0009487471269613533,2.1617342255710574,0,15.606520652770996
7.4839029389986536,combined,3,3,follower_2,STRAIGHT_1,NONE,TRACK,1.470478216409777,-0.0006980019218307007,-0.02952178359022306,1.4815978772686351,0.019449672155560153,0.040000000000000036,0.0,0.0008294690227671789,2.050478199494494,0,11.542332649230957
7.683977432996471,combined,3,1,leader,STRAIGHT_1,NONE,TRACK,1.5730311630199911,0.030460613212344768,0.07303116301999113,1.628901799439262,-0.0023248587316257734,0.04499999999999993,0.40868074025397344,-7.53907771863946e-05,2.1530311289409942,0,12.594047546386719
7.683977432996471,combined,3,2,follower_1,STRAIGHT_1,NONE,TRACK,1.6042070302086557,0.017993871183866375,0.10420703020865574,1.597859090007573,0.02235245522494058,0.04499999999999993,0.27570826176597113,0.0008921392130300667,2.1842069966648356,0,8.53934383392334
7.683977432996471,combined,3,3,follower_2,STRAIGHT_1,NONE,TRACK,1.5207554348122656,0.0057478991769307946,0.020755434812265605,1.4950218080968516,0.0021577308674765945,0.10500000000000043,0.024613374579009042,5.55872763014964e-05,2.1007554243888595,0,11.057673454284668
7.884110855997278,combined,3,1,leader,STRAIGHT_1,NONE,TRACK,1.5610204047382408,0.02529303144290213,0.061020404738240774,1.6218317724363565,0.007695762162368604,0.04999999999999982,0.40863732976728767,0.0003059156681966513,2.1410203808385444,0,7.141732215881348
7.884110855997278,combined,3,2,follower_1,STRAIGHT_1,NONE,TRACK,1.6101813549607216,0.030733488143563484,0.11018135496072157,1.629234996428456,-0.023111747024852143,0.04499999999999993,0.37299504917726206,-0.0010161133869834628,2.190181308805552,0,8.58266544342041
7.884110855997278,combined,3,3,follower_2,STRAIGHT_1,NONE,TRACK,1.5677832666389846,0.019363646492540163,0.0677832666389846,1.5358436203550947,-0.028160279063496073,0.03500000000000014,0.12783600580134497,-0.0011659805316386928,2.147783221543605,0,10.73470401763916
8.083809338997526,combined,3,1,leader,STRAIGHT_1,NONE,TRACK,1.5605019877090525,0.024076625988609702,0.06050198770905246,1.6127689427213536,0.005526102299964492,0.1850000000000005,0.40167241034569745,0.00022353535415531238,2.140501965766333,0,7.141732215881348
8.083809338997526,combined,3,2,follower_1,STRAIGHT_1,NONE,TRACK,1.5946985500935333,0.04846580131570574,0.09469855009353334,1.642930300596444,-0.0321495327792152,0.04499999999999993,0.43036426141343814,-0.0013320827815027623,2.1746984543563377,0,9.235095024108887
8.083809338997526,combined,3,3,follower_2,STRAIGHT_1,NONE,TRACK,1.6030296823725148,0.024897460531004216,0.10302968237251475,1.5602375292757913,-0.011244132643106594,0.11000000000000032,0.19628232203313273,-0.0004159512587248674,2.183029583797181,0,6.3333740234375
8.284495380998123,combined,3,1,leader,STRAIGHT_1,NONE,TRACK,1.5510600056535289,0.020358229467457724,0.05106000565352886,1.6133009527848392,0.011305086828399046,0.04999999999999982,0.39788409087585597,0.0004566994356599174,2.1310599894347706,0,11.663060188293457
8.284495380998123,combined,3,2,follower_1,STRAIGHT_1,NONE,TRACK,1.5819084314448,0.0445882199865099,0.08190843144479998,1.6452446489581607,0.001135969949598563,0.04999999999999982,0.4563040270939962,9.577095274800838e-05,2.161908352322898,0,10.714179992675781
8.284495380998123,combined,3,3,follower_2,STRAIGHT_1,NONE,TRACK,1.619860381812353,0.03736719745654708,0.11986038181235292,1.6167007009113288,-0.00014371468529856567,0.04499999999999993,0.3513408740376118,3.641393948378103e-05,2.1998602744824853,0,8.484095573425293
8.484140041997307,combined,3,1,leader,STRAIGHT_1,NONE,TRACK,1.5441531743673786,0.02061743546782502,0.044153174367378645,1.603777152080371,0.004035551549809607,0.125,0.3877948170296409,0.0001452098081021323,2.1241531575617207,0,6.433107852935791
8.484140041997307,combined,3,2,follower_1,STRAIGHT_1,NONE,TRACK,1.57029533133246,0.027901122592359676,0.07029533133245991,1.6359357524378155,0.028905173573600576,0.04499999999999993,0.4534452469056208,0.0011994542706645316,2.15029529540939,0,9.69450855255127
8.484140041997307,combined,3,3,follower_2,STRAIGHT_1,NONE,TRACK,1.618137297135749,0.06583779122852998,0.11813729713574905,1.6453242225968765,-0.05385170454548902,0.04499999999999993,0.4420059869491227,-0.0022137417366010215,2.198137122060759,0,6.814788818359375
8.684107493998454,combined,3,1,leader,STRAIGHT_1,NONE,TRACK,1.538657577805697,0.020800367864024286,0.03865757780569701,1.5968693178986177,-0.005449881059186234,0.11500000000000021,0.38170673795921506,-0.00023256675248551576,2.1186575604852775,0,14.48061752319336
8.684107493998454,combined,3,2,follower_1,STRAIGHT_1,NONE,TRACK,1.5595834327153923,0.024551748230610324,0.05958343271539235,1.6222589064487027,0.008125517207009034,0.04999999999999982,0.4366324138153931,0.0002604302847425636,2.139583403260685,0,9.64306640625
8.684107493998454,combined,3,3,follower_2,STRAIGHT_1,NONE,TRACK,1.6066590635785274,0.07954845027409578,0.10665906357852739,1.6551999918441058,-0.03975684658859474,0.04999999999999982,0.49032113137233,-0.0015375774511805732,2.1866588182979396,0,6.995516777038574
8.88399203699737,combined,3,1,leader,STRAIGHT_1,NONE,TRACK,1.5349134476552537,0.006701306421062737,0.034913447655253727,1.5884757623453434,0.01752204624495658,0.1299999999999999,0.3703318897360217,0.0006958306883884596,2.1149134441907194,0,11.27606201171875
8.88399203699737,combined,3,2,follower_1,STRAIGHT_1,NONE,TRACK,1.548473173358437,0.02624906905359262,0.04847317335843693,1.6120678565388837,0.000761755793001843,0.054999999999999716,0.42524025593716136,-6.938915183900831e-06,2.128473148466723,0,9.480382919311523
8.88399203699737,combined,3,3,follower_2,STRAIGHT_1,NONE,TRACK,1.5880703704954555,0.06849829445467234,0.08807037049545552,1.6546732386975265,0.007936581557559486,0.04499999999999993,0.5120994043661203,0.00042274436485180547,2.1680701745216133,0,8.789575576782227
9.083987316997082,combined,3,1,leader,STRAIGHT_1,NONE,TRACK,1.53168644872017,-0.00034506293199454907,0.03168644872017001,1.583217677475164,0.02116087007562284,0.0600000000000005,0.3646159777872473,0.0008124963352287743,2.111686447003799,0,12.82907772064209
9.083987316997082,combined,3,2,follower_1,STRAIGHT_1,NONE,TRACK,1.5417807695777066,0.029108629948412124,0.0417807695777066,1.6026501484219038,-0.004664132019221306,0.0600000000000005,0.4131294539556625,-0.00020409154222765963,2.121780738049222,0,9.114705085754395
9.083987316997082,combined,3,3,follower_2,STRAIGHT_1,NONE,TRACK,1.5632290832328601,0.040981045857266855,0.06322908323286014,1.6465028164845992,0.040624134069841854,0.1200000000000001,0.5121135304829707,0.0016984827695246645,2.1432289880253412,0,11.477459907531738
9.28406058499968,combined,3,1,leader,STRAIGHT_1,NONE,TRACK,1.5285927550960494,0.007594340431281295,0.028592755096049416,1.5804863052527052,-0.010746270351750877,0.054999999999999716,0.3636926935914021,-0.000489171781051524,2.1085927513790916,0,12.737173080444336
9.28406058499968,combined,3,2,follower_1,STRAIGHT_1,NONE,TRACK,1.5394395910549676,0.02428870169320723,0.03943959105496764,1.594887866594854,0.018659688167852424,0.04999999999999982,0.3993514790474995,0.0007384176844467679,2.1194395690775587,0,11.3652982711792
9.28406058499968,combined,3,3,follower_2,STRAIGHT_1,NONE,TRACK,1.5425769234591817,0.025511124715340283,0.04257692345918174,1.626861130233319,0.022742401299211127,0.04999999999999982,0.4807200136740582,0.0008953248396504731,2.12257688002252,0,11.386038780212402
9.484903619999386,combined,3,1,leader,STRAIGHT_1,NONE,TRACK,1.5264570066910985,0.013588725568587659,0.026457006691098517,1.578126475803985,-0.008956761117237224,0.054999999999999716,0.3629984439170585,-0.0003700801727347322,2.1064569983579404,0,15.109956741333008
9.484903619999386,combined,3,2,follower_1,STRAIGHT_1,NONE,TRACK,1.5434564302328833,0.020049507240283152,0.04345643023288326,1.590715864290721,0.015208289356516311,0.125,0.3920883026782791,0.0005729074504732928,2.123456411516184,0,14.994152069091797
9.484903619999386,combined,3,3,follower_2,STRAIGHT_1,NONE,TRACK,1.5367951252732264,0.01693533260765711,0.03679512527322637,1.6102505764192807,0.018302384124980066,0.125,0.45217172029840513,0.000703366584860864,2.1167951035863397,0,10.692802429199219
9.684804169999552,combined,3,1,leader,STRAIGHT_1,NONE,TRACK,1.524505827861938,0.019203500416334496,0.02450582786193789,1.575494197130308,-0.011642076242199345,0.0649999999999995,0.36089200410803235,-0.0004610569898006445,2.104505812754973,0,11.84975528717041
9.684804169999552,combined,3,2,follower_1,STRAIGHT_1,NONE,TRACK,1.5387294200337733,0.012429424993483248,0.03872942003377333,1.589550923036218,0.016513562820449912,0.05999999999999961,0.3876382285018581,0.0006285669425114702,2.1187294048840664,0,9.915395736694336
9.684804169999552,combined,3,3,follower_2,STRAIGHT_1,NONE,PREDICT,1.5526255609064123,0.008980564261285332,0.05262556090641235,1.6174842967906617,0.018454153057571022,0.3250000000000002,0.2520762104377435,0.0007081345464975731,2.1326255552474587,0,10.692802429199219
9.884370975996717,combined,3,1,leader,STRAIGHT_1,NONE,TRACK,1.5221171895959673,0.021432535437062854,0.022117189595967313,1.5740851788095662,-0.006997450526087576,0.0600000000000005,0.3611246633618027,-0.000265636603787553,2.102117170983039,0,12.531930923461914
9.884370975996717,combined,3,2,follower_1,STRAIGHT_1,NONE,TRACK,1.5335176849543326,0.008415916896460589,0.033517684954332605,1.5868032752313974,0.012145695974708114,0.06500000000000039,0.3871497029064947,0.0004442379143070952,2.113517671105222,0,9.919368743896484
9.884370975996717,combined,3,3,follower_2,STRAIGHT_1,NONE,TRACK,1.546188698632747,0.018816064914077033,0.046188698632747105,1.6135684985975156,-0.0017703572136445282,0.125,0.42545063810737066,-6.34717241711549e-05,2.1261886849758262,0,13.790268898010254
10.084229454998422,combined,3,1,leader,STRAIGHT_1,NONE,TRACK,1.519725830933563,0.02203927202734398,0.01972583093356306,1.5732772334679437,-0.0047132347882002535,0.004999999999999893,0.3624764979237074,-0.00018662702641082278,2.0997258111036934,0,11.31645393371582
10.084229454998422,combined,3,2,follower_1,STRAIGHT_1,NONE,TRACK,1.5293955537191908,0.010237006830794955,0.02939555371919078,1.583241391845119,-0.0026493459823577403,0.0600000000000005,0.384122171031841,-0.00015324942574381094,2.1093955390578443,0,16.243608474731445
10.084229454998422,combined,3,3,follower_2,STRAIGHT_1,NONE,TRACK,1.5425496894277915,0.022018008901178016,0.04254968942779147,1.5989241736044162,-0.009755949954253466,0.004999999999999893,0.4028563064080134,-0.000292648911426937,2.12254966974918,0,8.086806297302246
10.284388117997878,combined,3,1,leader,STRAIGHT_1,NONE,TRACK,1.517162398853068,0.020811523787666632,0.017162398853068028,1.5721178644009732,0.012285726287372676,0.06500000000000039,0.36261529758022404,0.0005185489675845307,2.0971623806917394,0,14.958260536193848
10.284388117997878,combined,3,2,follower_1,STRAIGHT_1,NONE,TRACK,1.5259529312196567,0.015354355203938217,0.025952931219656694,1.5793880316093343,-0.005116260567298855,0.07000000000000028,0.3793563295708122,-0.00023300254508206017,2.1059529140591677,0,10.37951374053955
10.284388117997878,combined,3,3,follower_2,STRAIGHT_1,NONE,TRACK,1.5391601587172932,0.014454352036010464,0.03916015871729317,1.592743585442434,0.011475511368059776,0.005000000000000782,0.39603477791518965,0.000569064972167362,2.119160144304969,0,5.690690994262695
10.486405152998486,combined,3,1,leader,STRAIGHT_1,NONE,TRACK,1.5155587216823705,0.03004151745634658,0.015558721682370491,1.569467694557791,-0.014751165197660785,0.004999999999999893,0.35837632499994726,-0.0005829861333720107,2.0955586862805693,0,14.813641548156738
10.486405152998486,combined,3,2,follower_1,STRAIGHT_1,NONE,TRACK,1.5227029517259971,0.02164282845998753,0.022702951725997123,1.5759144774474279,-0.008843443537540368,0.004999999999999893,0.37460144493952846,-0.00034548334670056946,2.102702913715561,0,11.769661903381348
10.486405152998486,combined,3,3,follower_2,STRAIGHT_1,NONE,TRACK,1.5362564852733578,0.009815486948711614,0.036256485273357786,1.586224490132839,0.011554338199764733,0.054999999999999716,0.3892419363641456,0.00047448087479964337,2.116256469214279,0,8.971442222595215
10.684203441996942,combined,3,1,leader,STRAIGHT_1,NONE,TRACK,1.5144469666844094,0.03649988202647314,0.014446966684409368,1.5677607185791322,-0.010649061711331233,0.009999999999999787,0.35610581588521867,-0.0003933755140397515,2.0944469152746565,0,10.000152587890625
10.684203441996942,combined,3,2,follower_1,STRAIGHT_1,NONE,TRACK,1.5190657511515135,0.02226452322684858,0.019065751151513544,1.5744713615418167,-0.005655953106841403,0.009999999999999787,0.3741840144504768,-0.00021084330375374205,2.0990657015830725,0,7.243655204772949
10.684203441996942,combined,3,3,follower_2,STRAIGHT_1,NONE,TRACK,1.5334085282860204,0.004844432372642478,0.03340852828602037,1.5842715549009552,0.013108889030068209,0.004999999999999005,0.3880134290259152,0.0005615865960262767,2.113408515651528,0,6.215421199798584
10.88400669299881,combined,3,1,leader,STRAIGHT_1,NONE,TRACK,1.5137089971582995,0.040944715628934966,0.01370899715829954,1.5663196427291035,-0.007193805984406984,0.009999999999999787,0.35402885750259583,-0.0002584651158680808,2.093708932702067,0,11.026144027709961
10.88400669299881,combined,3,2,follower_1,STRAIGHT_1,NONE,TRACK,1.5157041880026383,0.025188176956423756,0.015704188002638286,1.5728211629871347,-0.004615173049022617,0.009999999999999787,0.37266403691040606,-0.00022168887131205484,2.095704126398539,0,8.545202255249023
10.88400669299881,combined,3,3,follower_2,STRAIGHT_1,NONE,TRACK,1.5302729297625208,0.007806457273986825,0.030272929762520828,1.5824441670422942,-0.0046429305722700785,0.004999999999999005,0.38859269734732094,-0.00019376425536614812,2.110272912518023,0,6.933471202850342
11.085150583996437,combined,3,1,leader,STRAIGHT_1,NONE,TRACK,1.5128346258680465,0.03545071831254717,0.012834625868046512,1.5658892575059833,0.011250466427306476,0.015000000000000568,0.3542034568383335,0.0005008809579661081,2.0928345757538627,0,10.99228286743164
11.085150583996437,combined,3,2,follower_1,STRAIGHT_1,NONE,TRACK,1.513447691957095,0.03190368531998946,0.013447691957094943,1.5693446498982278,-0.015358726339852764,0.015000000000000568,0.36609126365127675,-0.0006434950809682052,2.0934476312200063,0,7.979771137237549
11.085150583996437,combined,3,3,follower_2,STRAIGHT_1,NONE,TRACK,1.526039848991138,0.014936753475800268,0.02603984899113798,1.579980073759578,-0.01221842633718886,0.07000000000000028,0.3868364180809762,-0.0005032233618471064,2.106039812522007,0,12.910808563232422
11.284240060998854,combined,3,1,leader,STRAIGHT_1,NONE,TRACK,1.5119362917662476,0.026597005318844305,0.011936291766247553,1.5658193123878228,0.016719080280993715,0.07499999999999929,0.35501454819092226,0.0006838732703816065,2.091936260898778,0,12.168414115905762
11.284240060998854,combined,3,2,follower_1,STRAIGHT_1,NONE,TRACK,1.5121247117339998,0.033959676339868065,0.01212471173399976,1.5669318002908985,-0.0073597278681722614,0.014999999999998792,0.36150280183784084,-0.000286242922562564,2.092124660533729,0,6.410175800323486
11.284240060998854,combined,3,3,follower_2,STRAIGHT_1,NONE,TRACK,1.522073840320764,0.019140965732863818,0.022073840320764093,1.5762383934528827,-0.007467676253260256,0.004999999999999005,0.3812019606091287,-0.0002973189149775403,2.1020737928085262,0,8.205292701721191
11.484375411997462,combined,3,1,leader,STRAIGHT_1,NONE,TRACK,1.511716979064414,0.02167047473197398,0.011716979064414046,1.5638695107329952,0.009156973875101332,0.08000000000000007,0.3512836684872848,0.0003624632168253961,2.091716956435481,0,10.967723846435547
11.484375411997462,combined,3,2,follower_1,STRAIGHT_1,NONE,TRACK,1.5111383713788435,0.025325124981441856,0.011138371378843548,1.5643756240043074,0.01330924101472883,0.009999999999999787,0.35582955865011695,0.0005898980600112297,2.0911383435807447,0,9.913958549499512
11.484375411997462,combined,3,3,follower_2,STRAIGHT_1,NONE,TRACK,1.5174025486719962,0.019400317977838286,0.0174025486719962,1.5741925518815687,-0.006382432946613028,0.009999999999999787,0.3789425904219197,-0.00024460724794701224,2.097402517723499,0,8.55465316772461
11.684072881998873,combined,3,1,leader,STRAIGHT_1,NONE,TRACK,1.5118333422042753,0.025512150236646637,0.011833342204275343,1.5628487498040762,-0.005928610912373445,0.009999999999999787,0.3494341297057698,-0.0002766976802957041,2.091833312787419,0,15.955002784729004
11.684072881998873,combined,3,2,follower_1,STRAIGHT_1,NONE,TRACK,1.5103902215061364,0.020415386194649277,0.010390221506136443,1.5632103729689755,0.009714149930139884,0.009999999999999787,0.35335570945811257,0.00040398001923462997,2.09039019802412,0,6.6343607902526855
11.684072881998873,combined,3,3,follower_2,STRAIGHT_1,NONE,TRACK,1.513182880442329,0.024665338438168052,0.01318288044232907,1.5717128898084227,-0.01029509655099972,0.009999999999999787,0.3747998293651748,-0.0004312367038289372,2.0931828492794677,0,8.236717224121094
11.884400934999576,combined,3,1,leader,STRAIGHT_1,NONE,TRACK,1.5119825323056977,0.023881476379680848,0.01198253230569768,1.5626254150761305,0.004621265884501272,0.02000000000000135,0.34926571074232826,0.00019092822209510336,2.0919825054605057,0,10.777950286865234
11.884400934999576,combined,3,2,follower_1,STRAIGHT_1,NONE,TRACK,1.5101257736993712,0.01824361140562281,0.010125773699371177,1.562159019041529,0.009138660090538061,0.02000000000000135,0.35093163697716506,0.000366069521028988,2.090125755322492,0,6.862489223480225
11.884400934999576,combined,3,3,follower_2,STRAIGHT_1,NONE,TRACK,1.510187918072804,0.030539948413803832,0.010187918072803948,1.5680431158739139,-0.008349942138244172,0.010000000000001563,0.3673647285694592,-0.000333430341520523,2.0901878769645026,0,11.978402137756348
12.084153057996446,combined,3,1,leader,STRAIGHT_1,SHORT_OCCLUSION,TRACK,1.5121073766273387,0.026448257979884496,0.01210737662733874,1.562492007704473,0.007835012774240892,0.08999999999999986,0.3492325627773099,0.0003088931851795417,2.0921073448459198,0,8.134820938110352
12.084153057996446,combined,3,2,follower_1,STRAIGHT_1,SHORT_OCCLUSION,TRACK,1.5101420543061306,0.02168527560547463,0.010142054306130577,1.561447919445461,-0.004365342392418909,0.015000000000000568,0.3492624435254734,-0.00019566565881228622,2.0901420284113716,0,13.599822044372559
12.084153057996446,combined,3,3,follower_2,STRAIGHT_1,SHORT_OCCLUSION,TRACK,1.525821582559407,0.03879640498323885,0.02582158255940703,1.5657038351631074,-0.013723730599147907,0.15000000000000036,0.3625521021048851,-0.0005475787578589274,2.1058215170169468,0,8.29955768585205
12.284258290997968,combined,3,1,leader,STRAIGHT_1,SHORT_OCCLUSION,TRACK,1.5121857703993782,0.03645233499812673,0.012185770399378182,1.5625649217356916,-0.014778013163208105,0.02499999999999858,0.34967025264017615,-0.0006119343591942904,2.092185715432076,0,11.780548095703125
12.284258290997968,combined,3,2,follower_1,STRAIGHT_1,SHORT_OCCLUSION,PREDICT,1.5363107310589974,0.025604559165319406,0.0363107310589974,1.5614794500755236,-0.005595707015053239,0.21499999999999986,0.19210908450856468,-0.0002343187034093341,2.1163106846467112,0,10.545080184936523
12.284258290997968,combined,3,3,follower_2,STRAIGHT_1,SHORT_OCCLUSION,TRACK,1.5020916361833043,0.03371280517399556,0.002091636183304324,1.5804041864335188,0.022776119776211932,0.019999999999999574,0.3686273674115002,0.0009017404134637518,2.0820915788476086,0,9.105201721191406
12.483999538999342,combined,3,1,leader,STRAIGHT_1,SHORT_OCCLUSION,PREDICT,1.519477205970075,0.03650069594358919,0.019477205970074962,1.5624051085149113,-0.01678278831525801,0.22499999999999964,0.19224392627138212,-0.0006749162280920839,2.0994771501845477,0,8.589079856872559
12.483999538999342,combined,3,2,follower_1,STRAIGHT_1,SHORT_OCCLUSION,PREDICT,1.5546588175985483,0.02887878009769259,0.05465881759854829,1.5861988980900712,-0.006361771257729573,0.4150000000000009,0.2036654264553657,-0.0002583853213790321,2.1346587663753858,0,8.093503952026367
12.483999538999342,combined,3,3,follower_2,STRAIGHT_1,SHORT_OCCLUSION,TRACK,1.480927071100091,0.030489623383991332,-0.01907292889990897,1.5707583625708734,0.005961814937275301,0.019999999999999574,0.3409747677509706,0.00016011542116835885,2.060927013988793,0,8.423574447631836
12.684086712997669,combined,3,1,leader,STRAIGHT_1,NONE,TRACK,1.5173151112208456,0.025868333698586786,0.017315111220845614,1.570587935082857,0.022233730261231356,0.025000000000000355,0.3619572813356874,0.0008926223456247003,2.097315078823559,0,14.529279708862305
12.684086712997669,combined,3,2,follower_1,STRAIGHT_1,NONE,TRACK,1.552244432788094,0.026171409306652054,0.052244432788093986,1.6054630738992641,0.018280877518539483,0.025000000000000355,0.3781266781826554,0.0006416178431543889,2.1322444020282094,0,11.863954544067383
12.684086712997669,combined,3,3,follower_2,STRAIGHT_1,NONE,TRACK,1.495780158629571,0.029466798921900315,-0.004219841370429078,1.5532551299833204,0.001528193111485425,0.0649999999999995,0.30170480650961395,1.182659002897749e-05,2.0757801059117322,0,10.499444007873535
12.884188495998387,combined,3,1,leader,STRAIGHT_1,NONE,TRACK,1.5151691568016925,0.032250720764757886,0.015169156801692507,1.5691475827673267,-0.007918102046148874,0.030000000000001137,0.3604062303610082,-0.0003908861345841415,2.095169110602809,0,17.58646011352539
12.884188495998387,combined,3,2,follower_1,STRAIGHT_1,NONE,TRACK,1.5488531688450111,0.02256009000566219,0.04885316884501112,1.5994199110781464,0.006168152970138482,0.09000000000000163,0.37474674025802024,0.00018104538613146574,2.128853137050082,0,12.386480331420898
12.884188495998387,combined,3,3,follower_2,STRAIGHT_1,NONE,TRACK,1.5152394338663298,0.027392607701058922,0.015239433866329755,1.5450882286269418,0.004914057172445488,0.02000000000000135,0.2809276128844708,0.00018285705018964712,2.0952393935588844,0,11.361278533935547
13.084225230999436,combined,3,1,leader,STRAIGHT_1,NONE,TRACK,1.5135837733007877,0.040003651838856485,0.01358377330078775,1.5675565793733184,-0.011614975008090408,0.03500000000000014,0.35815780754299203,-0.0004893082481479544,2.0935837061543445,0,9.225090980529785
13.084225230999436,combined,3,2,follower_1,STRAIGHT_1,NONE,TRACK,1.543837407302151,0.022138290804162845,0.04383740730215102,1.5976431765731312,0.010683938767128412,0.025000000000000355,0.3810013702841167,0.0004088880015502276,2.123837364646906,0,9.396194458007812
13.084225230999436,combined,3,3,follower_2,STRAIGHT_1,NONE,TRACK,1.529187328684977,0.030523675393225397,0.029187328684977087,1.5560072265908695,-0.004049387502096047,0.019999999999999574,0.3079708726121639,-0.00020162423392834297,2.1091872836194603,0,15.284257888793945
13.284214983999846,combined,3,1,leader,STRAIGHT_1,NONE,TRACK,1.5124619473247967,0.0381540235872228,0.012461947324796663,1.5662478402488635,-0.008412734164974208,0.09999999999999964,0.35618600958540425,-0.0003407256505238885,2.092461884486802,0,6.625927925109863
13.284214983999846,combined,3,2,follower_1,STRAIGHT_1,NONE,TRACK,1.5390991324404897,0.023103441828108185,0.03909913244048968,1.5938547525422286,-0.0036421760743356505,0.08999999999999986,0.3813456091858777,-0.0001941103148823159,2.119099093503542,0,16.49004364013672
13.284214983999846,combined,3,3,follower_2,STRAIGHT_1,NONE,TRACK,1.5365328868449888,0.028660714880773454,0.03653288684498879,1.5651011055634587,0.0007715424722974532,0.09499999999999886,0.33263921099105304,2.428696874380524e-05,2.116532843241643,0,7.961198806762695
13.484116104998975,combined,3,1,leader,STRAIGHT_1,NONE,TRACK,1.5121604480661743,0.02870598125291551,0.012160448066174334,1.5643211180400818,0.0164322550731191,0.03500000000000014,0.3523156609692151,0.0006758478142376323,2.092160407342181,0,12.56286334991455
13.484116104998975,combined,3,2,follower_1,STRAIGHT_1,NONE,TRACK,1.5347092548751096,0.01006455621760092,0.03470925487510956,1.587307870498891,0.013392970617354946,0.030000000000001137,0.3735153266040424,0.00048822526123616823,2.1147092451274965,0,12.053993225097656
13.484116104998975,combined,3,3,follower_2,STRAIGHT_1,NONE,TRACK,1.5379784639181229,0.01125551656196867,0.03797846391812287,1.5741420039901755,0.019281403178465245,0.08999999999999986,0.3578618366532611,0.0007818321046826013,2.117978456904209,0,9.451760292053223
13.684254631996737,combined,3,1,leader,STRAIGHT_1,NONE,TRACK,1.5122370312788445,0.0228317252336267,0.012237031278844457,1.5630805537653443,0.017366518513301742,0.10500000000000043,0.34987218482447635,0.0006933152631357127,2.092237001243087,0,9.0198335647583
13.684254631996737,combined,3,2,follower_1,STRAIGHT_1,NONE,TRACK,1.530389981340219,0.005224662633012844,0.030389981340219085,1.5835925309163847,0.01900133353313393,0.02999999999999936,0.37113644974822096,0.0007184474080724413,2.1103899787540628,0,14.183259010314941
13.684254631996737,combined,3,3,follower_2,STRAIGHT_1,NONE,TRACK,1.5357149332915643,0.003759931117832718,0.03571493329156428,1.581877158228523,0.023028579128640102,0.02999999999999936,0.3809159040068633,0.0008930748721159082,2.1157149320696513,0,8.156806945800781
13.884056901999429,combined,3,1,leader,STRAIGHT_1,NONE,TRACK,1.5123723828425442,0.03098725185395895,0.01237238284254416,1.5627092154991427,-0.012736108530707151,0.03500000000000014,0.3493506438031333,-0.0005543810931060649,2.092372336744947,0,11.443391799926758
13.884056901999429,combined,3,2,follower_1,STRAIGHT_1,NONE,TRACK,1.526642139204534,0.012987153122983871,0.026642139204533954,1.5807132921421019,-0.009233981312891191,0.03500000000000014,0.36974678639094616,-0.00046079470671712215,2.1066421253422645,0,12.475894927978516
13.884056901999429,combined,3,3,follower_2,STRAIGHT_1,NONE,TRACK,1.532050214481354,0.005212941735556503,0.03205021448135392,1.5818068154514984,0.010099795595687064,0.09500000000000064,0.3854173453880185,0.0003594494126146893,2.11205020912929,0,9.407842636108398
14.084167065997462,combined,3,1,leader,STRAIGHT_1,NONE,TRACK,1.5124792991863778,0.027434122021384545,0.012479299186377801,1.5625844708597032,0.004584932087129775,0.05000000000000071,0.34936769290104314,0.00017970429094801052,2.0924792601158675,0,6.620588779449463
14.084167065997462,combined,3,2,follower_1,STRAIGHT_1,NONE,TRACK,1.5235200166572276,0.02110226924996278,0.023520016657227583,1.5772877749602778,-0.016524668729809188,0.10999999999999943,0.3660221185579375,-0.0007180415731241231,2.1035199964663396,0,6.522586822509766
14.084167065997462,combined,3,3,follower_2,STRAIGHT_1,NONE,TRACK,1.5274265439907484,0.012448301419692978,0.027426543990748398,1.5817112671442586,-0.006181522697254718,0.03999999999999915,0.38982941945645133,-0.00029226426250499374,2.1074265245284147,0,5.390800952911377
14.283987269998761,combined,3,1,leader,STRAIGHT_1,NONE,TRACK,1.5125326860784063,0.030827889912895746,0.012532686078406297,1.562594355274264,-0.0031289624761018367,0.049999999999998934,0.34968107878677973,-0.0001803188477007281,2.092532639601545,0,9.012706756591797
14.283987269998761,combined,3,2,follower_1,STRAIGHT_1,NONE,TRACK,1.5280519240565182,0.026856943721636328,0.02805192405651824,1.5747315842113478,-0.009649534868293973,0.10999999999999943,0.3636281545129832,-0.0004051462955281646,2.108051890742089,0,8.055931091308594
14.283987269998761,combined,3,3,follower_2,STRAIGHT_1,NONE,TRACK,1.5162923838677465,0.020287651408436552,0.01629238386774645,1.5786552607528723,-0.017949949432956167,0.04499999999999993,0.3862254316748517,-0.0007579305941481342,2.096292347383714,0,5.236878871917725
14.48423227299645,combined,3,1,leader,STRAIGHT_1,NONE,TRACK,1.512540101988006,0.03407924313417359,0.012540101988006036,1.5625877461753028,-0.015226769345620794,0.04499999999999993,0.3499491520803865,-0.0006455757747407281,2.0925400473314553,0,9.348139762878418
14.48423227299645,combined,3,2,follower_1,STRAIGHT_1,NONE,TRACK,1.5335305067740106,0.02527928641863317,0.03353050677401059,1.5820764318600984,0.007136717875488931,0.04499999999999993,0.36942280345405465,0.0002670734189610785,2.1135304729121205,0,8.835716247558594
14.48423227299645,combined,3,3,follower_2,STRAIGHT_1,NONE,TRACK,1.5058939073714261,0.019203139898809375,0.005893907371426144,1.5747709227494775,0.0055618186803006705,0.040000000000000924,0.3797151346642846,0.00025962924342650686,2.0858938767289463,0,7.969653129577637
14.68405022099978,combined,3,1,leader,STRAIGHT_1,NONE,TRACK,1.5124720091348856,0.026154098410697633,0.012472009134885553,1.5625760086807021,0.013210186609880891,0.054999999999999716,0.3501893426155785,0.000552393135208007,2.0924719712287083,0,9.740775108337402
14.68405022099978,combined,3,2,follower_1,STRAIGHT_1,NONE,TRACK,1.5295491161088512,0.016085158569456266,0.029549116108851248,1.5836145915453594,0.02343084071049661,0.04499999999999993,0.3698386310694915,0.0009175400187831423,2.109549103838886,0,6.433225154876709
14.68405022099978,combined,3,3,follower_2,STRAIGHT_1,NONE,TRACK,1.5102904873151268,0.021121761033749478,0.010290487315126828,1.5616956031678193,-0.0058685389393134295,0.04499999999999993,0.34881314308133926,-0.000240369978767615,2.0902904645424982,0,5.248155117034912
14.884195002996421,combined,3,1,leader,STRAIGHT_1,NONE,TRACK,1.512347950331731,0.028453831006215277,0.012347950331730972,1.5625515992432497,0.011302470069781528,0.11000000000000121,0.3503797188745123,0.00044838659721822024,2.0923479077296427,0,7.76277494430542
14.884195002996421,combined,3,2,follower_1,STRAIGHT_1,NONE,TRACK,1.5266863742030656,0.019278838437601475,0.026686374203065633,1.5792498102796624,-0.002993017313059466,0.05000000000000071,0.36482048353135843,-0.0001750912311385837,2.1066863560153752,0,6.766784191131592
14.884195002996421,combined,3,3,follower_2,STRAIGHT_1,NONE,TRACK,1.514375566248715,0.025255965947531555,0.014375566248715055,1.5593698733739219,-0.0028304098345915338,0.04499999999999993,0.3435621985189618,-0.00011191719648857912,2.094375533582789,0,6.337559223175049
15.084282734998851,combined,3,1,leader,STRAIGHT_1,LONG_OCCLUSION,TRACK,1.5121737736555587,0.03099061889147587,0.012173773655558717,1.56263340232079,-0.015361983645186244,0.054999999999999716,0.35082891920966497,-0.0006382165475967938,2.0921737252025667,0,6.930606842041016
15.084282734998851,combined,3,2,follower_1,STRAIGHT_1,LONG_OCCLUSION,TRACK,1.5270557367113624,0.023871093115666958,0.02705573671136241,1.5758191989256471,-0.007264982007982898,0.054999999999999716,0.36094414333876124,-0.0003239783218274779,2.107055709154116,0,7.253003120422363
15.084282734998851,combined,3,3,follower_2,STRAIGHT_1,LONG_OCCLUSION,TRACK,1.5133249767398187,0.030967918127828037,0.013324976739818695,1.5628704467330785,-0.008779151667045968,0.04499999999999993,0.35220654119134953,-0.0003558596320121223,2.0933249266124476,0,6.658042907714844
15.284096093997505,combined,3,1,leader,STRAIGHT_1,LONG_OCCLUSION,TRACK,1.5119766604606037,0.026814751381290563,0.01197666046060375,1.562595173344748,0.007021429432285825,0.054999999999999716,0.35097642854547095,0.00030670600642100345,2.091976620377677,0,6.671675205230713
15.284096093997505,combined,3,2,follower_1,STRAIGHT_1,LONG_OCCLUSION,PREDICT,1.5558206663451668,0.028631138147387134,0.0558206663451668,1.5791512130966325,-0.009198741583736129,0.254999999999999,0.20007699546125435,-0.0003847291705974306,2.135820633473426,0,9.967906951904297
15.284096093997505,combined,3,3,follower_2,STRAIGHT_1,LONG_OCCLUSION,TRACK,1.48442633490952,0.033016008329537556,-0.015573665090480082,1.564766721481359,-0.007886055129583906,0.11499999999999844,0.3571031844988475,-0.00031314276593827654,2.064426269480797,0,6.547308921813965
15.484078475998103,combined,3,1,leader,STRAIGHT_1,LONG_OCCLUSION,TRACK,1.511752043197891,0.022724766874566246,0.011752043197891027,1.5625334411321987,0.00847411606693467,0.120000000000001,0.35103897933906464,0.00035061917089472696,2.0917520103097536,0,7.81675910949707
15.484078475998103,combined,3,2,follower_1,STRAIGHT_1,LONG_OCCLUSION,PREDICT,1.5814808155816407,0.034097443859958554,0.08148081558164066,1.6081910059459064,-0.01041055466829664,0.45500000000000007,0.21365309861828985,-0.0004227994014372235,2.161480772336537,0,9.893009185791016
15.484078475998103,combined,3,3,follower_2,STRAIGHT_1,LONG_OCCLUSION,TRACK,1.4647386390908472,0.03281930547013343,-0.03526136090915277,1.5535210023566852,-0.00042354990922108244,0.05000000000000071,0.3289534334441177,-1.6703213289361578e-05,2.044738560529892,0,6.662713050842285
15.683931010997185,combined,3,1,leader,STRAIGHT_1,LONG_OCCLUSION,TRACK,1.5114657993436227,0.024662638168606366,0.011465799343622685,1.5626100700500751,-0.006120621867420937,0.0649999999999995,0.35141425541953913,-0.00027380042047716035,2.091465763065186,0,7.647833824157715
15.683931010997185,combined,3,2,follower_1,STRAIGHT_1,LONG_OCCLUSION,PREDICT,1.618016424215403,0.03909314975039486,0.11801642421540293,1.634596340484876,-0.011258256408925938,0.6549999999999994,0.22599759251525817,-0.0004494307370451863,2.198016366473667,0,6.037341117858887
15.683931010997185,combined,3,3,follower_2,STRAIGHT_1,LONG_OCCLUSION,TRACK,1.4436189503532333,0.040005636997582694,-0.05638104964676671,1.536248132764942,-0.012163940474602536,0.054999999999999716,0.2835870323452936,-0.0005133106132269372,2.023618840228316,0,6.038664817810059
15.88434872599828,combined,3,1,leader,STRAIGHT_1,LONG_OCCLUSION,TRACK,1.5188923880118632,0.022286287191438374,0.018892388011863215,1.5624977534616173,0.005256686693963194,0.13000000000000078,0.35132203436626636,0.00020307218290600783,2.0988923558122985,0,7.063748836517334
15.88434872599828,combined,3,2,follower_1,STRAIGHT_1,LONG_OCCLUSION,SAFE_STOP,1.6805898215836266,0.03829451591614728,0.18058982158362658,1.680574072132216,-0.014199376160296198,0.8550000000000004,0.0,0.0,2.260589766984026,0,5.705924034118652
15.88434872599828,combined,3,3,follower_2,STRAIGHT_1,LONG_OCCLUSION,TRACK,1.3981045522787117,0.033920553732043536,-0.10189544772128833,1.5286253612461376,-0.0035978282739425912,0.120000000000001,0.2604701727392111,-0.00014918207826363733,1.9781044560949317,0,9.766315460205078
16.083977590998984,combined,3,1,leader,STRAIGHT_1,LONG_OCCLUSION,TRACK,1.5179130771415483,0.03113697769441024,0.017913077141548328,1.566116248398054,-0.013238621110477414,0.07000000000000028,0.35299106451976137,-0.0005325100123625453,2.097913027731688,0,13.244022369384766
16.083977590998984,combined,3,2,follower_1,STRAIGHT_1,LONG_OCCLUSION,SAFE_STOP,1.7515691520698622,0.038997538202925806,0.2515691520698622,1.7503382660738536,-0.01968499904041395,1.0549999999999997,0.0,0.0,2.3315690892736884,0,16.59400177001953
16.083977590998984,combined,3,3,follower_2,STRAIGHT_1,LONG_OCCLUSION,TRACK,1.3714992857997517,0.017769950131816488,-0.12850071420024833,1.4923073212704783,0.024990555420146596,0.054999999999999716,0.16469263631641184,0.0009847524632144965,1.9514992183673079,0,8.184359550476074
16.285057532997598,combined,3,1,leader,STRAIGHT_1,LONG_OCCLUSION,TRACK,1.515925927482484,0.037769939613362925,0.015925927482483893,1.568723003568554,-0.012135040155514252,0.05999999999999872,0.3598348555641854,-0.0004666011194556206,2.0959258610000977,0,13.712520599365234
16.285057532997598,combined,3,2,follower_1,STRAIGHT_1,LONG_OCCLUSION,SAFE_STOP,1.8230435321277887,0.0400942453624632,0.3230435321277887,1.8201024600154911,-0.025170621920531707,1.254999999999999,0.0,0.0,2.403043458806734,0,9.53955078125
16.285057532997598,combined,3,3,follower_2,STRAIGHT_1,LONG_OCCLUSION,TRACK,1.357983488966655,0.00628758576251072,-0.1420165110333449,1.4608703719100873,0.02296708367021629,0.05999999999999872,0.0721107087308102,0.0008735890126827537,1.9379834287182243,0,6.972387790679932
16.484490286999062,combined,3,1,leader,STRAIGHT_1,NONE,TRACK,1.5138707485419922,-0.25884638657968007,0.013870748541992217,1.5680390272862184,-0.0009946358822789693,0.005000000000000782,0.359796133032286,1.180664547873928e-05,2.093737593204713,0,8.884031295776367
16.484490286999062,combined,3,2,follower_1,STRAIGHT_1,NONE,TRACK,1.7989833324365498,0.04707252485261173,0.29898333243654984,1.8634379069715237,-0.0113644799683454,0.0600000000000005,0.597793419161606,-0.0003969002713562988,2.378983234893771,0,13.988760948181152
16.484490286999062,combined,3,3,follower_2,STRAIGHT_1,NONE,TRACK,1.451960440556809,0.024446664311854664,-0.04803955944319105,1.446250413613478,-0.019459061361700555,0.0600000000000005,0.01848646901853134,-0.0008560592671779858,2.0319603509558433,0,11.477999687194824
16.684215781999228,combined,3,1,leader,TURN_HARD,NONE,TRACK,1.513063928174793,-0.6198108953916273,0.013063928174793071,1.5662123000365435,-0.15284534405397704,0.004999999999999005,0.3565040664972979,-0.006565380694236008,2.091924191910982,0,14.057811737060547
16.684215781999228,combined,3,2,follower_1,TURN_HARD,NONE,TRACK,1.748220105943946,0.07649315756748239,0.24822010594394595,1.839127940174923,-0.019369725940586273,0.004999999999999005,0.6,-0.0007246217604310119,2.328219259515087,0,12.471633911132812
16.684215781999228,combined,3,3,follower_2,TURN_HARD,NONE,TRACK,1.557059636965229,0.026051297879728905,0.05705963696522898,1.4758041181420565,-0.008889958729261998,0.004999999999999005,0.07768067331787422,-0.0003023563356787207,2.1370595091141684,0,9.237977027893066
16.884162370999547,combined,3,1,leader,TURN_HARD,NONE,TRACK,1.5154983898800887,-0.6700919509855433,0.01549838988008867,1.5613418108416313,-0.43636185290434804,0.07000000000000028,0.3456394353546149,-0.017727816925099033,2.092656440189479,0,12.002644538879395
16.884162370999547,combined,3,2,follower_1,TURN_HARD,NONE,TRACK,1.7061952763514616,0.1147884910172463,0.20619527635146162,1.7984359605524052,-0.01833131073237057,0.07000000000000028,0.5778992981276596,-0.0006900337164928249,2.2861895939068195,0,8.643880844116211
16.884162370999547,combined,3,3,follower_2,TURN_HARD,NONE,TRACK,1.6123245313002057,0.0197448563632275,0.1123245313002057,1.5527432532565442,0.004433402419728841,0.009999999999999787,0.2599719749470135,0.0002144546987052543,2.1923244008662106,0,5.364253997802734
17.0843736229981,combined,3,1,leader,TURN_HARD,NONE,TRACK,1.5301507429142578,-0.5389371156040267,0.03015074291425779,1.5362448259464145,-0.5257221505864634,0.009999999999999787,0.2858930046476431,-0.020867799946023242,2.1047149269068517,0,6.830235958099365
17.0843736229981,combined,3,2,follower_1,TURN_HARD,NONE,TRACK,1.6580374707789733,0.14340500447701074,0.15803747077897334,1.75773013404364,0.009997846817811568,0.07000000000000028,0.5382268885608018,0.00045662390479548937,2.238020434043113,0,13.878904342651367
17.0843736229981,combined,3,3,follower_2,TURN_HARD,NONE,TRACK,1.6318288638664444,0.03391880748810973,0.13182886386644443,1.6016407406471969,-0.00806734445467229,0.07000000000000028,0.3859669952842251,-0.0003441441214638753,2.2118287383286876,0,7.184464931488037
17.284317442998145,combined,3,1,leader,TURN_HARD,NONE,TRACK,1.550003805338299,-0.3542496211075834,0.05000380533829896,1.5290615841713433,-0.40526994702200875,0.07500000000000107,0.2647617971660442,-0.01559815121034053,2.121289530639322,0,12.62760066986084
17.284317442998145,combined,3,2,follower_1,TURN_HARD,NONE,TRACK,1.6174298842210133,0.1502068410366318,0.1174298842210133,1.7092919670757978,0.011188959102920152,0.010000000000001563,0.46786659144033527,0.0004526584968939863,2.1974028645418744,0,10.998745918273926
17.284317442998145,combined,3,3,follower_2,TURN_HARD,NONE,TRACK,1.6148458584659955,0.07238782321358901,0.11484585846599549,1.659442017394651,-0.07334451638484514,0.005000000000000782,0.5501999192080966,-0.002998423365746153,2.194845606001887,0,8.25298023223877
17.484489459999168,combined,3,1,leader,TURN_HARD,NONE,TRACK,1.5728355423257403,-0.18108833430168766,0.0728355423257403,1.5231297029296544,-0.09622759760857742,0.07000000000000028,0.2443687405878846,-0.002895675293549544,2.1402425244837335,0,16.521421432495117
17.484489459999168,combined,3,2,follower_1,TURN_HARD,NONE,TRACK,1.582630254079643,0.10879227449628633,0.08263025407964308,1.6754691180752004,0.04162834190336611,0.009999999999999787,0.42300505046554915,0.001762480951438881,2.162602667944895,0,10.317208290100098
17.484489459999168,combined,3,3,follower_2,TURN_HARD,NONE,TRACK,1.5837161767758083,0.07152946328447136,0.08371617677580834,1.6620387718552512,-0.007649946984880815,0.009999999999999787,0.5766288558237633,-0.0001265730440211816,2.163715982614364,0,8.369016647338867
17.684659200996975,combined,3,1,leader,TURN_HARD,NONE,TRACK,1.5963674857216394,-0.06833061022065091,0.09636748572163945,1.526320157737897,0.27283731785217225,0.02499999999999858,0.24618499241541633,0.011758557240840656,2.1590253183432715,0,6.557298183441162
17.684659200996975,combined,3,2,follower_1,TURN_HARD,NONE,TRACK,1.5539144425634188,0.009213480743285521,0.05391444256341882,1.6484074200446632,0.07775216398635802,0.07499999999999929,0.3874597707636609,0.003170511992004029,2.1338990923476033,0,9.578128814697266
17.684659200996975,combined,3,3,follower_2,TURN_HARD,NONE,TRACK,1.5481074705766429,0.0383369974275254,0.048107470576642886,1.6459578114410907,0.04796425087776381,0.009999999999999787,0.5540505771353099,0.002126882554101872,2.1281073873540635,0,5.369760990142822
17.884353259996715,combined,3,1,leader,TURN_HARD,NONE,TRACK,1.6123182065652646,0.030652590154560597,0.11231820656526459,1.5355439783163907,0.46899980780089867,0.02000000000000135,0.2639664033038654,0.019425721375567844,2.1706044414020167,0,7.032059192657471
17.884353259996715,combined,3,2,follower_1,TURN_HARD,NONE,TRACK,1.5410980861342345,-0.049526151803279066,0.04109808613423449,1.62154659905775,0.02147905209753108,0.07000000000000028,0.34573521919051503,0.0008238299601853723,2.1210932315565416,0,10.564108848571777
17.884353259996715,combined,3,3,follower_2,TURN_HARD,NONE,TRACK,1.520900598063056,0.021656792662299428,0.02090059806305611,1.6171500490929704,0.03406334160068971,0.009999999999999787,0.4945392634516359,0.0014011309630732932,2.1009005582363756,0,6.42073917388916
18.0842276939984,combined,3,1,leader,TURN_HARD,NONE,TRACK,1.627157387012163,0.14439355478765759,0.12715738701216295,1.5438509654670642,0.7179269232745151,0.019999999999999574,0.28110543932325405,0.029225659583338177,2.179955256138905,0,6.169908046722412
18.0842276939984,combined,3,2,follower_1,TURN_HARD,NONE,TRACK,1.5369915356198813,-0.08570832720987964,0.03699153561988133,1.5969418098779913,-0.06582699217767651,0.08000000000000007,0.30492741573508664,-0.002648923112803094,2.1169909677793286,0,11.060848236083984
18.0842276939984,combined,3,3,follower_2,TURN_HARD,NONE,TRACK,1.4935119049030705,0.021148613005541418,-0.0064880950969294915,1.5882787433191508,0.01650811010791011,0.015000000000000568,0.43046241788920364,0.0006084238485425155,2.073511873334172,0,6.097990036010742
18.285600160998,combined,3,1,leader,TURN_HARD,NONE,TRACK,1.6376679130557315,0.264755395810659,0.13766791305573145,1.5483820764481693,0.8587590254975921,0.07500000000000107,0.2903905631981232,0.03431807780994374,2.1850526680748446,0,15.411645889282227
18.285600160998,combined,3,2,follower_1,TURN_HARD,NONE,TRACK,1.5383784893348063,-0.10416809235099768,0.038378489334806254,1.584072246224957,-0.09341471380787476,0.08000000000000007,0.2870773404974296,-0.0037233258780859785,2.1183650704180663,0,12.505215644836426
18.285600160998,combined,3,3,follower_2,TURN_HARD,NONE,TRACK,1.4776522727098356,0.03042123171428876,-0.022347727290164432,1.5627623729669313,0.0024335087006658452,0.02000000000000135,0.3702075968747546,6.465995540549268e-05,2.0576520234612916,0,5.709311008453369
18.484328946997266,combined,3,1,leader,TURN_HARD,NONE,TRACK,1.6451402637824364,0.3775793621643685,0.14514026378243639,1.555398498937688,1.117012136430553,0.025000000000000355,0.307719449471679,0.04447703294476248,2.186711862711258,0,6.459320068359375
18.484328946997266,combined,3,2,follower_1,TURN_HARD,NONE,TRACK,1.5411843977414381,-0.11426071322887034,0.04118439774143812,1.580675744932022,-0.11249091955046024,0.08000000000000007,0.2889526879791952,-0.004442625294791553,2.121129662873489,0,7.074863910675049
18.484328946997266,combined,3,3,follower_2,TURN_HARD,NONE,TRACK,1.4697514338770856,0.045189123442661364,-0.030248566122914378,1.555597067561518,-0.0009663471941863734,0.15000000000000036,0.35176057662693727,-6.612304029945142e-05,2.049750647533632,0,9.51913833618164
18.683898661998683,combined,3,1,leader,TURN_HARD,NONE,TRACK,1.6495042542386886,0.4816540545183752,0.14950425423868863,1.5573521717558427,1.2908957947474602,0.08500000000000085,0.3128767661197368,0.05096858189397347,2.1853525518918775,0,11.672279357910156
18.683898661998683,combined,3,2,follower_1,TURN_HARD,NONE,TRACK,1.5430897257789533,-0.11342264339558468,0.043089725778953314,1.5839253592869196,-0.11491922327300821,0.02500000000000213,0.3068501691708319,-0.004530263198165807,2.1229588179752557,0,9.030624389648438
18.683898661998683,combined,3,3,follower_2,TURN_HARD,NONE,TRACK,1.473595665919971,0.058085631978215764,-0.026404334080029068,1.530019832793494,-0.012221763235547023,0.019999999999999574,0.28554451699569855,-0.0004745414521187012,2.0535940918372146,0,11.959464073181152
18.883947857997555,combined,3,1,leader,TURN_HARD,NONE,TRACK,1.6520701580477566,0.6018660472749116,0.1520701580477566,1.561284784085248,1.4636880008027602,0.02500000000000213,0.32366493966879045,0.05749611388558312,2.181410494079222,0,6.6185150146484375
18.883947857997555,combined,3,2,follower_1,TURN_HARD,NONE,TRACK,1.54401129750514,-0.09546147630220585,0.0440112975051401,1.5856593794876863,-0.11768189320607006,0.019999999999999574,0.32065976648727695,-0.004571967005198472,2.1237436515896335,0,11.32862377166748
18.883947857997555,combined,3,3,follower_2,TURN_HARD,NONE,TRACK,1.482902526207202,0.06287127019787497,-0.017097473792798024,1.5270349470702727,-0.0036070887615338113,0.019999999999999574,0.27243507309642384,-0.00014752662076868216,2.0628998375557237,0,6.711808204650879
19.084339522996743,combined,3,1,leader,TURN_HARD,NONE,TRACK,1.6635701736122501,0.6909061813936106,0.16357017361225012,1.543514320609171,1.631670590629145,0.019999999999999574,0.279775894895204,0.06389271314447553,2.1858780358912813,0,13.069755554199219
19.084339522996743,combined,3,2,follower_1,TURN_HARD,NONE,TRACK,1.5318864475641216,-0.13255503962831633,0.03188644756412162,1.5876189711768522,-0.03494388820472968,0.019999999999999574,0.3340017433634447,-0.0011975770508251865,2.1113892141215063,0,13.201531410217285
19.084339522996743,combined,3,3,follower_2,TURN_HARD,NONE,PREDICT,1.5000693796233389,0.04788055019472424,6.937962333886105e-05,1.5310205622771325,-0.00441122859807929,0.21999999999999886,0.15170256531224008,-0.0001727894187981839,2.080066483225102,0,9.644392967224121
19.28437264099921,combined,3,1,leader,TURN_HARD,NONE,TRACK,1.6767636057947508,0.7544695959753079,0.1767636057947508,1.539263741445548,1.774970349872058,0.09499999999999886,0.2666440865226078,0.06938136114388094,2.1930128744648596,0,13.42420768737793
19.28437264099921,combined,3,2,follower_1,TURN_HARD,NONE,TRACK,1.5186007476052428,-0.15118176200864547,0.018600747605242773,1.5820340328366893,-0.056677293666350624,0.08999999999999986,0.32894046172676195,-0.0021439757799298284,2.0978319648135844,0,9.691001892089844
19.28437264099921,combined,3,3,follower_2,TURN_HARD,NONE,TRACK,1.5049080756221234,0.03512610410975182,0.004908075622123365,1.5455661135043233,0.026740829415185803,0.0799999999999983,0.29413732216809113,0.001060162267738785,2.084904781040383,0,7.558022975921631
19.4844753949983,combined,3,1,leader,TURN_HARD,NONE,TRACK,1.6972810995513157,0.8437063542697033,0.19728109955131568,1.5223480802434235,1.9241016093121575,0.03499999999999659,0.21969423687488251,0.07509116163965718,2.2064924787267954,0,14.773531913757324
19.4844753949983,combined,3,2,follower_1,TURN_HARD,NONE,TRACK,1.5015614459100863,-0.17676312226827273,0.0015614459100863343,1.5747034992579054,-0.054157904736281154,0.16499999999999915,0.31801137702193333,-0.002052847651675051,2.080393796928918,0,11.131020545959473
19.4844753949983,combined,3,3,follower_2,TURN_HARD,NONE,TRACK,1.5040005199280537,0.029601959734595125,0.004000519928053725,1.549607863919881,0.003644044212337686,0.0849999999999973,0.3021657229653345,9.990966138702976e-05,2.083996837754146,0,9.671518325805664
19.68435509399933,combined,3,1,leader,TURN_HARD,NONE,TRACK,1.7157416911755377,0.9431819622163853,0.21574169117553765,1.5219401148445064,1.9856180138105584,0.030000000000001137,0.21305098402571643,0.07737448710282598,2.218475962251766,0,8.915143966674805
19.68435509399933,combined,3,2,follower_1,TURN_HARD,NONE,TRACK,1.4941917405719938,-0.187627107373136,-0.005808259428006224,1.5473495430747919,-0.04779573432753928,0.030000000000001137,0.2577856063602745,-0.0018189317388618053,2.0725792554411697,0,11.707489013671875
19.68435509399933,combined,3,3,follower_2,TURN_HARD,NONE,TRACK,1.4933068040984974,0.029313709838025035,-0.0066931959015026354,1.5532304437877387,-0.006750658583029203,0.02500000000000213,0.310111484368449,-0.0003084897734717154,2.0733028106645333,0,12.658077239990234
19.884024918999785,combined,3,1,leader,TURN_HARD,NONE,TRACK,1.733018180773858,1.0867506364203217,0.23301818077385805,1.5251821972227433,2.078337691236475,0.03999999999999915,0.21618624555414925,0.08100797245224951,2.2286812427751572,0,6.594529151916504
19.884024918999785,combined,3,2,follower_1,TURN_HARD,NONE,TRACK,1.4930993135445967,-0.18073071116352507,-0.006900686455403315,1.5353810619746093,-0.023979449604667177,0.030000000000001137,0.22843080728082207,-0.0008315225176859253,2.070926916957492,0,10.111079216003418
19.884024918999785,combined,3,3,follower_2,TURN_HARD,NONE,TRACK,1.4779964871864615,0.0272003717581073,-0.022003512813538517,1.5527944369975846,-0.011111355916069019,0.16000000000000014,0.30841066700607395,-0.0004686381195358704,2.057992443083097,0,6.100423812866211
20.084863362997567,combined,3,1,leader,TURN_HARD,NONE,TRACK,1.7462289699610034,1.222652472652338,0.2462289699610034,1.531171746568753,2.196931824143897,0.030000000000001137,0.2276775182033323,0.08572093505279671,2.2347721538439496,0,6.870502948760986
20.084863362997567,combined,3,2,follower_1,TURN_HARD,NONE,TRACK,1.500890927258213,-0.15974914838363546,0.0008909272582129368,1.5243659591154541,0.00766077623073957,0.03500000000000014,0.1995395363130314,0.00043853113691368355,2.07805039855682,0,11.237635612487793
20.084863362997567,combined,3,3,follower_2,TURN_HARD,NONE,TRACK,1.4621645606969405,0.032593371066993886,-0.03783543930305955,1.5385337301649429,-0.02271793514585201,0.030000000000001137,0.27239136260549546,-0.0009422179022322221,2.0421609037742696,0,7.553968906402588
20.284219056997244,combined,3,1,leader,TURN_HARD,NONE,TRACK,1.748966113316548,1.343694876219894,0.24896611331654794,1.5480895564465482,2.3347031355236165,0.029999999999997584,0.26884870898956065,0.09107714926574428,2.230593535590911,0,20.260005950927734
20.284219056997244,combined,3,2,follower_1,TURN_HARD,NONE,TRACK,1.5202108961950398,-0.0832105820307415,0.020210896195039796,1.517545328040905,0.03692946301865396,0.029999999999997584,0.17896285947131993,0.001601163939043504,2.096623326238848,0,13.546855926513672
20.284219056997244,combined,3,3,follower_2,TURN_HARD,NONE,TRACK,1.451083915897058,0.04083726273271508,-0.048916084102941904,1.5260213218626104,-0.03557041249164513,0.02499999999999858,0.23918973173517366,-0.0014323171656169921,2.031080943524786,0,5.8828959465026855
20.484245119998377,combined,3,1,leader,TURN_HARD,NONE,TRACK,1.7359492197387532,1.438119447832768,0.23594921973875316,1.5753645910009766,2.54670703111094,0.045000000000001705,0.33643395143048027,0.09931962030605104,2.2109667361376197,0,8.8258638381958
20.484245119998377,combined,3,2,follower_1,TURN_HARD,NONE,TRACK,1.5532228365573917,0.05760645843083983,0.053222836557391684,1.5184977916089213,0.1130283437947373,0.03500000000000014,0.17729753357229872,0.004675057529215206,2.128824984029368,0,12.12026309967041
20.484245119998377,combined,3,3,follower_2,TURN_HARD,NONE,TRACK,1.4448039945715456,0.018210304302336874,-0.055196005428454376,1.5193360124189788,-0.0006754817728383282,0.03500000000000014,0.21798037830219288,5.936386972970131e-05,2.0248024722222073,0,12.86548900604248
20.684094232998177,combined,3,1,leader,TURN_HARD,NONE,TRACK,1.7119276611951206,1.5748636342475202,0.21192766119512063,1.584637976340508,2.6361769712441587,0.17999999999999972,0.3634322560747661,0.10224369436355163,2.180658895952932,0,11.622101783752441
20.684094232998177,combined,3,2,follower_1,TURN_HARD,NONE,TRACK,1.5878703454148306,0.2001325262301161,0.08787034541483063,1.5315254666154603,0.2893966144851092,0.0400000000000027,0.20541716553221367,0.011792032018715525,2.1626558676477083,0,9.93392276763916
20.684094232998177,combined,3,3,follower_2,TURN_HARD,NONE,TRACK,1.4487154170161658,-0.0306056355957259,-0.051284582983834204,1.5128593919906888,0.024674653972098823,0.0400000000000027,0.19524458554069293,0.0010600706331879073,2.0287153614850584,0,9.539360046386719
20.88522124299925,combined,3,1,leader,TURN_HARD,NONE,TRACK,1.659990173263995,1.781943199237027,0.159990173263995,1.6143125524275352,2.703785132890663,0.10999999999999943,0.4441906170754841,0.1043668513907397,2.122164052337455,0,15.693342208862305
20.88522124299925,combined,3,2,follower_1,TURN_HARD,NONE,TRACK,1.6388330143887906,0.5002942392303069,0.1388330143887906,1.5450177541739423,0.3663923663090988,0.10999999999999943,0.23830141025675913,0.014690579506923767,2.2127523900167394,0,12.586648941040039
20.88522124299925,combined,3,3,follower_2,TURN_HARD,NONE,TRACK,1.4653735438162436,-0.0598977187559221,-0.03462645618375637,1.512255105479309,-0.03424046253887711,0.02500000000000213,0.1895117563922113,-0.0006377751841693323,2.045371249160518,0,8.333632469177246
21.0840151529992,combined,3,1,leader,TURN_HARD,NONE,TRACK,1.606146859389046,1.9822518143561356,0.106146859389046,1.6787214283931275,2.9337802217877176,0.11499999999999844,0.6,0.1129793907236834,2.062886710877888,0,13.871088981628418
21.0840151529992,combined,3,2,follower_1,TURN_HARD,NONE,TRACK,1.672023995567258,0.6656651941926731,0.172023995567258,1.5847796143448096,0.6204204512996095,0.03500000000000014,0.3415917766509725,0.024960200944395414,2.244998252210266,0,10.057448387145996
21.0840151529992,combined,3,3,follower_2,TURN_HARD,NONE,TRACK,1.4991118409579338,-0.06665610975115771,-0.0008881590420661833,1.5144438654913575,-0.05721690548501836,0.03500000000000014,0.1868650364542612,-0.0023132633546503268,2.0790981057871707,0,7.217926025390625
21.28505804699671,combined,3,1,leader,TURN_HARD,NONE,PREDICT,1.5894806190792692,2.2136052818117675,0.08948061907926919,1.7011747613880537,2.992280140124807,0.36499999999999844,0.33,0.11487352160208554,2.039492745422471,0,11.09827995300293
21.28505804699671,combined,3,2,follower_1,TURN_HARD,NONE,TRACK,1.650509533734025,0.4507304756013852,0.15050953373402498,1.6189008286447688,0.9074623295733858,0.030000000000001137,0.4079240109946149,0.03525842112993177,2.222096047570374,0,8.819435119628906
21.28505804699671,combined,3,3,follower_2,TURN_HARD,NONE,TRACK,1.5443997114870833,-0.0646209186432488,0.044399711487083326,1.535974383999771,-0.06582368482926668,0.030000000000001137,0.1920164161403697,-0.0034222784490162304,2.1243508156378677,0,6.161747932434082
21.484277576997556,combined,3,1,leader,TURN_HARD,NONE,PREDICT,1.5742344432634214,2.4790085572214666,0.07423444326342143,1.7332527227185774,2.986602787309281,0.5150000000000006,0.33,0.1146388605615465,2.0187232104706023,0,6.910473823547363
21.484277576997556,combined,3,2,follower_1,TURN_HARD,NONE,TRACK,1.6501432258718762,0.29191067997862,0.15014322587187623,1.6137045866879012,0.9609152326323555,0.18000000000000327,0.43689506268454276,0.03783429762349949,2.2204940425032453,0,8.819435119628906
21.484277576997556,combined,3,3,follower_2,TURN_HARD,NONE,TRACK,1.5476748227743689,-0.07347810989164819,0.04767482277436885,1.5639898908496752,-0.054184140256890674,0.045000000000001705,0.29864926669873,-0.00210211302536566,2.1275784982610553,0,5.530402183532715
21.684478731996933,combined,3,1,leader,TURN_HARD,NONE,PREDICT,1.5869760598069178,3.5039419664190037,0.0869760598069178,1.7760229302870345,2.9786597588869963,0.7149999999999999,0.33,0.11438932296415946,2.0251065104508292,0,7.1306867599487305
21.684478731996933,combined,3,2,follower_1,TURN_HARD,NONE,PREDICT,1.617816406908938,-0.06470194963146479,0.11781640690893802,1.6326789134609991,0.9980170456016837,0.38000000000000256,0.24916278224292182,0.038999885454092525,2.187196059994725,0,9.861949920654297
21.684478731996933,combined,3,3,follower_2,TURN_HARD,NONE,TRACK,1.544672329517138,-0.0491724673650328,0.044672329517138065,1.5851836940596113,-0.055177873447549174,0.05000000000000071,0.3542559562877075,-0.0021497346685099795,2.1245166680988286,0,8.410225868225098
21.88413435199982,combined,3,1,leader,TURN_HARD,NONE,SAFE_STOP,1.633212508277775,5.379508091518488,0.1332125082777751,1.855043774077478,3.6307888649120654,0.9149999999999991,0.0,0.0,2.064137459582595,0,8.84921932220459
21.88413435199982,combined,3,2,follower_1,TURN_HARD,NONE,TRACK,1.547745882951976,-0.44603457157968046,0.047745882951975904,1.6091481543075867,0.7355550355182324,0.05000000000000071,0.3912002214780621,0.02861860732361015,2.1171630195963225,0,12.768699645996094
21.88413435199982,combined,3,3,follower_2,TURN_HARD,NONE,TRACK,1.5426618799979532,-0.010315189616367433,0.042661879997953234,1.5867909189011142,-0.026575281990234727,0.045000000000001705,0.36409134789544173,-0.0009468332174445956,2.122458507496908,0,7.561267852783203
22.084147965997545,combined,3,1,leader,TURN_HARD,NONE,SAFE_STOP,1.6817650756276605,7.378334778681822,0.18176507562766053,1.9637245161164933,4.823226726304662,1.1149999999999984,0.0,0.0,2.1045258466648984,0,10.02324390411377
22.084147965997545,combined,3,2,follower_1,TURN_HARD,NONE,TRACK,1.4972356243230243,-0.7237262584810671,-0.002764375676975739,1.5570211724092,0.5498058186635375,0.05000000000000071,0.2729079022898353,0.020687627631626307,2.06666544844433,0,9.767314910888672
22.084147965997545,combined,3,3,follower_2,TURN_HARD,NONE,TRACK,1.5142781788728281,-0.003957243520080664,0.014278178872828118,1.5903082710565288,0.033880737222420174,0.04499999999999815,0.3811099770684403,0.0015461171258733652,2.094040227915004,0,8.859010696411133
22.284289373998035,combined,3,1,leader,TURN_HARD,NONE,SAFE_STOP,1.7256596057596378,9.216896725875877,0.22565960575963784,2.0724052581553933,6.015664587663518,1.3149999999999977,0.0,0.0,2.1404737360964305,0,15.017428398132324
22.284289373998035,combined,3,2,follower_1,TURN_HARD,NONE,TRACK,1.4706435312351918,-0.7768481949319478,-0.02935646876480824,1.5149286097708758,0.19262511255602507,0.054999999999999716,0.16370122471530688,0.006006711661250484,2.0400815662658958,0,12.8240327835083
22.284289373998035,combined,3,3,follower_2,TURN_HARD,NONE,TRACK,1.471892204890425,0.002523243346729417,-0.02810779510957495,1.5803202773369476,0.05078133713114365,0.054999999999999716,0.36189185437825444,0.0020886065213073838,2.0516545573707603,0,7.473434925079346
22.484235762000026,combined,3,1,leader,TURN_HARD,NONE,SAFE_STOP,1.7635173204887582,11.362634546150854,0.2635173204887582,2.1810860001941266,7.208102448984488,1.5150000000000006,0.0,0.0,2.179039982070419,0,10.752902030944824
22.484235762000026,combined,3,2,follower_1,TURN_HARD,NONE,TRACK,1.4655109714940378,-0.6359858679697418,-0.03448902850596225,1.4721375902224763,-0.15447759275665163,0.05500000000000327,0.0508366892134693,-0.0076692071228978516,2.0349582631644885,0,13.56242561340332
22.484235762000026,combined,3,3,follower_2,TURN_HARD,NONE,PREDICT,1.4243339339496242,0.01175159310961959,-0.07566606605037585,1.5787804685050302,0.05689002433036718,0.25500000000000256,0.19832065927911857,0.0022805165895889703,2.0041249079449606,0,9.120830535888672
22.68426469899714,combined,3,1,leader,STRAIGHT_2,NONE,SAFE_STOP,1.7917947973835713,13.177289924325649,0.2917947973835713,2.2897667422326573,8.400540310249557,1.7149999999999999,0.0,0.0,2.2125374704417484,0,14.941400527954102
22.68426469899714,combined,3,2,follower_1,STRAIGHT_2,NONE,TRACK,1.4655068111691383,-0.5369220608253686,-0.03449318883086172,1.4487716386604177,-0.2081150831392048,0.054999999999999716,0.0,-0.009078769790948774,2.0349582629885603,0,13.155677795410156
22.68426469899714,combined,3,3,follower_2,STRAIGHT_2,NONE,TRACK,1.389659408086846,-0.0007437526436862213,-0.11034059191315393,1.528622432412719,0.05497564885747941,0.060000000000002274,0.22610976998689805,0.0022379413938716083,1.9694682811257929,0,9.745546340942383
22.884503199999017,combined,3,1,leader,STRAIGHT_2,NONE,SAFE_STOP,1.8269790573849543,15.220940326425483,0.32697905738495425,2.3984474842710792,9.592978171483532,1.9149999999999991,0.0,0.0,2.2532153520819196,0,8.119531631469727
22.884503199999017,combined,3,2,follower_1,STRAIGHT_2,NONE,TRACK,1.4655047567703727,-0.4805295818967232,-0.03449524322962727,1.4377847699080415,-0.11894833337338152,0.054999999999999716,0.0,-0.004957163731110859,2.0349582628847265,0,12.780277252197266
22.884503199999017,combined,3,3,follower_2,STRAIGHT_2,NONE,TRACK,1.3698028228629366,-0.043463706062723824,-0.13019717713706336,1.4869402064428405,0.08305388463017237,0.054999999999999716,0.12171960115396546,0.003364972554299471,1.9496214283926967,0,9.879229545593262
23.08436788799736,combined,3,1,leader,STRAIGHT_2,NONE,SAFE_STOP,1.8598307550080078,16.955335789055653,0.35983075500800776,2.5071282263094563,10.785416032702726,2.1149999999999984,0.0,0.0,2.290406644345248,0,7.055229187011719
23.08436788799736,combined,3,2,follower_1,STRAIGHT_2,NONE,TRACK,1.465504457837573,-0.47176686783882205,-0.034495542162426895,1.431694019267123,-0.04948700423271166,0.05999999999999872,0.0,-0.0019456151631885156,2.0349582627020597,0,10.190829277038574
23.08436788799736,combined,3,3,follower_2,STRAIGHT_2,NONE,TRACK,1.3660563777362684,-0.060010669146932184,-0.13394362226373158,1.458709427982882,0.07013373102905651,0.05999999999999872,0.03955500275167968,0.0027522909859105243,1.9458764222847729,0,9.094144821166992
23.284152433996496,combined,3,1,leader,STRAIGHT_2,NONE,SAFE_STOP,1.9019928203265641,18.981654834356803,0.40199282032656414,2.615808968347811,11.977853893916397,2.3149999999999977,0.0,0.0,2.337259783428394,0,7.949670791625977
23.284152433996496,combined,3,2,follower_1,STRAIGHT_2,NONE,TRACK,1.4655051214354402,-0.49101287610601596,-0.034494878564559794,1.4292636535900418,0.03785779363332364,0.004999999999999005,0.0,0.0016895516245057376,2.034958262827024,0,9.403635025024414
23.284152433996496,combined,3,3,follower_2,STRAIGHT_2,NONE,TRACK,1.3660595678715897,-0.05798766573016239,-0.13394043212841034,1.4400013349496301,-0.011442195588873189,0.05999999999999872,0.0,-0.0006080189026786216,1.9458764221428404,0,9.729872703552246
23.484798255998612,combined,3,1,leader,STRAIGHT_2,NONE,SAFE_STOP,1.9363656949764096,20.49524877823172,0.43636569497640965,2.7244897103861567,13.170291755127344,2.5150000000000006,0.0,0.0,2.3748677047183233,0,6.406312942504883
23.484798255998612,combined,3,2,follower_1,STRAIGHT_2,NONE,TRACK,1.4655047299743567,-0.47974641492774966,-0.03449527002564334,1.4282946725045595,-0.009987907478888468,0.06500000000000128,0.0,-0.00042590406063692127,2.0349582629613696,0,11.38180160522461
23.484798255998612,combined,3,3,follower_2,STRAIGHT_2,NONE,TRACK,1.366057841497931,-0.08713388307810077,-0.13394215850206903,1.4272719104194809,0.02404241171054103,0.05500000000000327,0.0,0.0009556684843788146,1.9458764219995472,0,7.145801067352295
23.68528714399872,combined,3,1,leader,STRAIGHT_2,NONE,SAFE_STOP,1.9502952511593972,18.676580231490913,0.45029525115939717,2.833170452424491,14.362729616335951,2.715,0.0,0.0,2.398139865646331,0,16.54144859313965
23.68528714399872,combined,3,2,follower_1,STRAIGHT_2,NONE,TRACK,1.4922679643909982,-0.8047885406009704,-0.007732035609001819,1.42840312090696,-0.030854525374445246,0.06500000000000128,0.0,-0.0012722231828592172,2.0566725001740283,0,13.093253135681152
23.68528714399872,combined,3,3,follower_2,STRAIGHT_2,NONE,TRACK,1.366057185491906,-0.21607567109038137,-0.1339428145080941,1.4194259882966498,0.18319175814040833,0.06500000000000128,0.0,0.007607616592764447,1.9458764219987401,0,10.931511878967285
23.884573424998962,combined,3,1,leader,STRAIGHT_2,NONE,TRACK,1.9465204784438042,12.432787953502832,0.44652047844380416,1.7526948151495039,18.369001318593945,0.1999999999999993,0.24845465668606126,0.6107111594586989,2.4084045942944705,0,5.773067951202393
23.884573424998962,combined,3,2,follower_1,STRAIGHT_2,NONE,TRACK,1.5426117358624085,-1.4945872397611841,0.04261173586240852,1.4305868213588102,-0.007016339586125414,0.07000000000000028,0.0,-0.00026891143538037356,2.0924278270234375,0,9.382193565368652
23.884573424998962,combined,3,3,follower_2,STRAIGHT_2,NONE,TRACK,1.3660501466141461,-0.31750960420238983,-0.13394985338585386,1.4140939473037202,0.2082333394598607,0.010000000000001563,0.0,0.008336074593170019,1.945876421712521,0,5.5725507736206055
24.08429009899919,combined,3,1,leader,STRAIGHT_2,NONE,PREDICT,1.9599065570025689,7.724240244359901,0.4599065570025689,1.726095046628485,14.052404083847748,0.3999999999999986,0.12421466939375739,0.4751012578468523,2.4310631682876314,0,6.946394920349121
24.08429009899919,combined,3,2,follower_1,STRAIGHT_2,NONE,TRACK,1.577431867480319,-1.6656207907249525,0.07743186748031894,1.457306282124469,-0.5356140296577082,0.015000000000000568,0.003316247737108334,-0.022129717660709067,2.1129707342559856,0,5.287865161895752
24.08429009899919,combined,3,3,follower_2,STRAIGHT_2,NONE,TRACK,1.3668816160157509,-0.1961856124692286,-0.13311838398424913,1.4125716371737151,-0.06902674502471781,0.07000000000000028,0.0,-0.0034258505014348765,1.9467554221883794,0,8.672391891479492
24.284115042999474,combined,3,1,leader,STRAIGHT_2,NONE,PREDICT,1.9698712087564552,4.300755083173337,0.46987120875645516,1.7101747074139924,11.015290127382414,0.5999999999999979,0.11677191081098208,0.3796875089093871,2.448506439022975,0,6.101990222930908
24.284115042999474,combined,3,2,follower_1,STRAIGHT_2,NONE,TRACK,1.611245038833103,-1.2363324195623022,0.111245038833103,1.477628907551323,-0.6066886136368528,0.00999999999999801,0.04093767016689666,-0.024545417708661636,2.1343609814809676,0,11.43433666229248
24.284115042999474,combined,3,3,follower_2,STRAIGHT_2,NONE,TRACK,1.3750531036100835,-0.009916721664169825,-0.12494689638991652,1.4146794468325068,-0.17534188081857857,0.00999999999999801,0.0,-0.00739636884509207,1.9549753408452053,0,8.065832138061523
24.48429906399906,combined,3,1,leader,STRAIGHT_2,NONE,TRACK,1.9233432071719458,2.774442420053663,0.42334320717194585,1.7719429204568065,5.330340869466676,0.010000000000001563,0.3599940117697348,0.18194778211278365,2.4056493127064895,0,18.43949317932129
24.48429906399906,combined,3,2,follower_1,STRAIGHT_2,NONE,TRACK,1.662749705618096,0.11477359253149252,0.16274970561809599,1.4856273588304958,-0.296156041492064,0.010000000000001563,0.0518016095078675,-0.010958521788806914,2.1824472587117847,0,12.264456748962402
24.48429906399906,combined,3,3,follower_2,STRAIGHT_2,NONE,TRACK,1.385793247888815,0.015394775575205317,-0.11420675211118492,1.4212258748468776,-0.012286801586423493,0.010000000000001563,0.0,-0.00022157712496309235,1.965726732281469,0,8.798465728759766
24.684078835998662,combined,3,1,leader,STOPPED,NONE,TRACK,1.8605107188457044,1.2025044602703647,0.3605107188457044,1.7436676882184103,4.317055919170451,0.14499999999999957,0.34888364668715816,0.14987001359478247,2.343527746844637,0,5.82542085647583
24.684078835998662,combined,3,2,follower_1,STOPPED,NONE,TRACK,1.7000666482207119,0.8385558220124307,0.20006664822071185,1.5034118269125962,0.8658089154053267,0.015000000000000568,0.08923656562129674,0.0379456417666029,2.218344742390803,0,10.059578895568848
24.684078835998662,combined,3,3,follower_2,STOPPED,NONE,TRACK,1.4014528815448482,-0.08978866245355473,-0.09854711845515185,1.4316172160396599,0.07404083136268534,0.015000000000000568,0.0,0.0032638338448344522,1.9813338197443602,0,8.041831970214844
24.884067272996617,combined,3,1,leader,STOPPED,NONE,TRACK,1.8073932646992885,0.23077424046908498,0.3073932646992885,1.6863631747111174,2.241952126360177,0.02499999999999858,0.2656980331541109,0.07143720056837344,2.290782339680717,0,7.129901885986328
24.884067272996617,combined,3,2,follower_1,STOPPED,NONE,TRACK,1.7151657149743929,0.8126640550626405,0.21516571497439285,1.5248977992115873,1.880376301401876,0.015000000000000568,0.13853382245614843,0.07807050327211434,2.2334858454834023,0,9.386675834655762
24.884067272996617,combined,3,3,follower_2,STOPPED,NONE,TRACK,1.4288012306313056,-0.20984366708621338,-0.0711987693686944,1.448514748305445,-0.03171887292177877,0.015000000000000568,0.0,-0.001431786970530539,2.008497461370038,0,7.252917766571045
25.084210237997468,combined,3,1,leader,STOPPED,NONE,PREDICT,1.774593580313104,-0.49130712290473727,0.2745935803131041,1.6591077668575092,1.588315498657344,0.22499999999999787,0.13339201506319914,0.05090260029128917,2.258142199829356,0,6.56870698928833
25.084210237997468,combined,3,2,follower_1,STOPPED,NONE,TRACK,1.7073041451466286,0.21403361881712918,0.20730414514662865,1.539095798961252,2.08441399509067,0.0799999999999983,0.17426927968717487,0.08420015572586645,2.22543352561156,0,7.844449043273926
25.084210237997468,combined,3,3,follower_2,STOPPED,NONE,TRACK,1.4552673658709587,-0.2773933222734864,-0.04473263412904127,1.4713862602690873,-0.11153962025459613,0.019999999999999574,0.040741011264924853,-0.004686448202945998,2.0346527928922877,0,5.436122894287109
25.284711970998615,combined,3,1,leader,STOPPED,NONE,TRACK,1.751259346784377,-0.7411438233584027,0.2512593467843769,1.611029585429075,0.5627624110316013,0.02499999999999858,0.14126230537923745,0.014498355598732564,2.234896822878076,0,6.85152006149292
25.284711970998615,combined,3,2,follower_1,STOPPED,NONE,TRACK,1.6921005434382022,-0.15215441251541617,0.19210054343820215,1.5387697787027157,1.4359940804564806,0.02499999999999858,0.1747434638689624,0.05667507130462759,2.2108874929332707,0,7.297496795654297
25.284711970998615,combined,3,3,follower_2,STOPPED,NONE,TRACK,1.4742779479694348,-0.23424746400918506,-0.025722052030565212,1.4889661491276354,-0.14842532905433212,0.08999999999999986,0.07314282558669297,-0.006077255267942119,2.0534049707933053,0,6.022946834564209
25.484402524998586,combined,3,1,leader,STOPPED,NONE,TRACK,1.734868879664427,-0.8700527227076669,0.23486887966442693,1.5738565810590028,0.3463422608321929,0.02500000000000213,0.07926871253943597,0.009013417162623716,2.218566450014107,0,15.871576309204102
25.484402524998586,combined,3,2,follower_1,STOPPED,NONE,TRACK,1.6649750846400861,-0.38113722450410426,0.16497508464008614,1.5503550617981499,1.115799130446263,0.08500000000000085,0.2031666225368077,0.0434711884637596,2.1844127040902963,0,11.837791442871094
25.484402524998586,combined,3,3,follower_2,STOPPED,NONE,TRACK,1.4915305845763962,-0.12507789390776666,-0.008469415423603799,1.5076005945907434,-0.14526419634438498,0.020000000000003126,0.1117213217891569,-0.005829245337640391,2.070481063815136,0,9.456177711486816
25.684161559998756,combined,3,1,leader,STOPPED,NONE,TRACK,1.71772994708295,-0.987847558038944,0.2177299470829499,1.5657019366201188,0.26358032154658967,0.030000000000001137,0.07872384304333743,0.007582680670529923,2.2014882671391245,0,8.626566886901855
25.684161559998756,combined,3,2,follower_1,STOPPED,NONE,TRACK,1.6413782423442065,-0.46246803035640616,0.14137824234420648,1.5384344699290529,0.7432362715154307,0.019999999999999574,0.1778957712456162,0.02786637728245691,2.161533133141009,0,9.86386489868164
25.684161559998756,combined,3,3,follower_2,STOPPED,NONE,TRACK,1.4972093513971825,-0.06513266973808744,-0.002790648602817525,1.5200641748553834,-0.033452361233644416,0.019999999999999574,0.13877450717066436,-0.0010237997432134742,2.0760232746715372,0,7.513941764831543
25.884106636996876,combined,3,1,leader,STOPPED,NONE,TRACK,1.7013931082929648,-1.0785784489961274,0.20139310829296475,1.5609083882629853,0.2196993685605312,0.03500000000000014,0.08297181308601743,0.006864903990316706,2.1852086416832286,0,7.783689022064209
25.884106636996876,combined,3,2,follower_1,STOPPED,NONE,TRACK,1.62868940358466,-0.42409251572344575,0.12868940358465997,1.5240510034236645,0.6309304218106573,0.08999999999999986,0.1444734388212158,0.023716639590148726,2.1495653923842606,0,12.718222618103027
25.884106636996876,combined,3,3,follower_2,STOPPED,NONE,TRACK,1.4945508868258848,-0.05176381902178493,-0.005449113174115228,1.5265919865759006,0.03760056095435151,0.08999999999999986,0.15422710391364178,0.0018146870108047865,2.0732646653878333,0,5.460872173309326
26.084029779998673,combined,3,1,leader,STOPPED,NONE,TRACK,1.65685527022492,-1.1611201056859146,0.15685527022491996,1.6067454384015283,0.1022726524143532,0.029999999999997584,0.21665008022585952,0.002685599641181264,2.140837268444793,0,13.856581687927246
26.084029779998673,combined,3,2,follower_1,STOPPED,NONE,TRACK,1.6433003319704962,0.11456724818844088,0.1433003319704962,1.5078793214080124,0.6692894141626674,0.02499999999999858,0.10372805062489372,0.025572400719826964,2.1664097111999583,0,12.903231620788574
26.084029779998673,combined,3,3,follower_2,STOPPED,NONE,TRACK,1.4799438006670143,-0.09317017376850929,-0.020056199332985747,1.528462991557802,0.0634946310022737,0.02499999999999858,0.1588842612874866,0.002726699781802429,2.0584905534390714,0,10.267098426818848
26.284171409999544,combined,3,1,leader,STOPPED,NONE,TRACK,1.5955592639245872,-1.23086313264283,0.09555926392458725,1.662146069913554,0.07720702141298971,0.03999999999999915,0.37662785446226577,0.0022222387914870505,2.0797831176349355,0,8.33387565612793
26.284171409999544,combined,3,2,follower_1,STOPPED,NONE,TRACK,1.6751712666503185,0.8554886892815672,0.17517126665031846,1.5051221782788082,1.0054678729779147,0.029999999999997584,0.0923205383461296,0.039838468616550854,2.201258984462761,0,7.539711952209473
26.284171409999544,combined,3,3,follower_2,STOPPED,NONE,TRACK,1.473915612417676,-0.14789857477993476,-0.02608438758232401,1.5206488734833439,0.06317043432599966,0.029999999999997584,0.1388255164625949,0.002582703177007807,2.0522145853423743,0,11.275676727294922
26.484141785997053,combined,3,1,leader,STOPPED,NONE,PREDICT,1.5452388406431352,-1.335428046845828,0.045238840643135214,1.6483522112763893,0.04619964002645893,0.240000000000002,0.20069669104137172,0.0012481131757772304,2.0296602516775164,0,11.31981086730957
26.484141785997053,combined,3,2,follower_1,STOPPED,NONE,TRACK,1.6846062226498149,0.7972057315008912,0.18460622264981486,1.5271842115560157,1.770064983166107,0.03500000000000014,0.14354538011048895,0.0713751429977156,2.2130021909417685,0,11.212733268737793
26.484141785997053,combined,3,3,follower_2,STOPPED,NONE,TRACK,1.4821996341748302,-0.18385179889875763,-0.01780036582516975,1.511783860997763,-0.0059750710690999785,0.03500000000000014,0.11452869348085568,-0.0003848760450295747,2.0599578264285907,0,15.82160758972168
26.68396035799742,combined,3,1,leader,STOPPED,NONE,PREDICT,1.5006836588457944,-1.3818300255627147,0.0006836588457943549,1.659269610260659,0.023431762488702063,0.4400000000000013,0.20580057506651778,0.0005328392076727399,1.9852944172531253,0,9.014533996582031
26.68396035799742,combined,3,2,follower_1,STOPPED,NONE,TRACK,1.6805363430653233,0.5308240402709827,0.1805363430653233,1.542737822876698,1.9344503144202672,0.03500000000000014,0.18459058537755238,0.07694268126378287,2.2110700073562235,0,6.2681708335876465
26.68396035799742,combined,3,3,follower_2,STOPPED,NONE,TRACK,1.500678686910056,-0.15958972050756898,0.0006786869100559034,1.5078000518894474,-0.013231709521295107,0.030000000000001137,0.10129365310520998,-0.0005851411019549115,2.077807394781082,0,10.550525665283203
26.884076507998543,combined,3,1,leader,STOPPED,NONE,PREDICT,1.4615654286769961,-1.4180222589908267,-0.038434571323003874,1.6739493391250724,0.007620278599545615,0.6400000000000006,0.21266334831063108,3.610679138746719e-05,1.9463508829421292,0,9.68571662902832
26.884076507998543,combined,3,2,follower_1,STOPPED,NONE,TRACK,1.674866206762704,0.46021968206635266,0.17486620676270404,1.548099357767225,1.7026631889639459,0.03999999999999915,0.20075179027657802,0.06660487275578159,2.2072228934341744,0,7.07611083984375
26.884076507998543,combined,3,3,follower_2,STOPPED,NONE,TRACK,1.5191310437769787,-0.09493586296088893,0.019131043776978718,1.5101212158835364,0.022987625085762912,0.03500000000000014,0.10402418863432583,0.0009392258817087289,2.0957917037290725,0,7.141384124755859
27.085500966997643,combined,3,1,leader,STOPPED,NONE,SAFE_STOP,1.4594216456731715,-1.4211965632410113,-0.04057835432682855,1.7078498498611203,-0.006595135355904905,0.8900000000000006,0.0,0.0,1.944219800055199,0,9.201807975769043
27.085500966997643,combined,3,2,follower_1,STOPPED,NONE,TRACK,1.6359155998646782,-0.29027125750433325,0.13591559986467816,1.5480275863118638,1.4255461556066877,0.02499999999999858,0.20537809393268464,0.0547000817731674,2.16849137279112,0,10.432475090026855
27.085500966997643,combined,3,3,follower_2,STOPPED,NONE,PREDICT,1.5380519607700747,-0.02910072442065222,0.038051960770074666,1.5117096432231203,0.025142314990329567,0.23499999999999943,0.05795589353013467,0.001006917461458236,2.1142778498982553,0,13.296333312988281
27.284135964997404,combined,3,1,leader,STOPPED,NONE,SAFE_STOP,1.4594216457523594,-1.4211965972903067,-0.04057835424764056,1.7499916783968752,-0.015330936387771547,1.0399999999999991,0.0,0.0,1.944219800138373,0,12.305541038513184
27.284135964997404,combined,3,2,follower_1,STOPPED,NONE,TRACK,1.599907649733843,-0.7799127223913543,0.09990764973384292,1.535133781699448,0.9950407978622374,0.03999999999999915,0.17449469094957037,0.03657085503039808,2.1325560791485736,0,10.312714576721191
27.284135964997404,combined,3,3,follower_2,STOPPED,NONE,TRACK,1.5428185454484578,-0.006175687319496488,0.04281854544845776,1.5314891871917686,0.21303677234697516,0.03999999999999915,0.14961569057405907,0.00857753595333886,2.118827584299476,0,14.622824668884277
27.4839945729982,combined,3,1,leader,STOPPED,NONE,SAFE_STOP,1.4594216457894313,-1.4211966131520155,-0.04057835421056866,1.8061807831111918,-0.026978671103025254,1.240000000000002,0.0,0.0,1.9442198001773205,0,6.36960506439209
27.4839945729982,combined,3,2,follower_1,STOPPED,NONE,TRACK,1.5709937725461804,-0.9715020985257266,0.07099377254618044,1.5229848730433988,0.4089792652892603,0.0400000000000027,0.14569088746359357,0.013264169691036816,2.1036949342039835,0,12.682186126708984
27.4839945729982,combined,3,3,follower_2,STOPPED,NONE,TRACK,1.5369508029339098,-0.005127989022445492,0.03695080293390984,1.536444802589126,0.26163342299764414,0.0400000000000027,0.16314515598940468,0.010462285707728487,2.11295097934474,0,5.248870849609375
27.6841017739971,combined,3,1,leader,STOPPED,NONE,SAFE_STOP,1.4594216458082803,-1.4211966211553004,-0.040578354191719734,1.8623698878254988,-0.03862640582039085,1.4400000000000013,0.0,0.0,1.9442198001971298,0,12.412494659423828
27.6841017739971,combined,3,2,follower_1,STOPPED,NONE,TRACK,1.554659067474371,-1.0321474021436299,0.05465906747437099,1.5125938159782852,0.17892600039364231,0.10999999999999943,0.11658662190874806,0.004803528948271048,2.0873916309564056,0,9.003323554992676
27.6841017739971,combined,3,3,follower_2,STOPPED,NONE,TRACK,1.5254026757851034,-0.055850841391250954,0.025402675785103357,1.5364441991680649,0.2733427282926391,0.10999999999999943,0.1656391580101637,0.010805566967227282,2.1014382003572947,0,8.296862602233887
27.884018146000017,combined,3,1,leader,STOPPED,NONE,SAFE_STOP,1.4594216458148563,-1.4211966239175078,-0.04057835418514366,1.9185589925397926,-0.05027414054108966,1.6400000000000006,0.0,0.0,1.9442198002040432,0,7.707330226898193
27.884018146000017,combined,3,2,follower_1,STOPPED,NONE,TRACK,1.5491295282896664,-1.0667375476834295,0.049129528289666435,1.48104714542052,0.09481130037653046,0.03999999999999915,0.033597566706695794,0.0022872518397761003,2.081871338642192,0,7.85181188583374
27.884018146000017,combined,3,3,follower_2,STOPPED,NONE,TRACK,1.5027092778885323,-0.13349121431768657,0.0027092778885322577,1.5328816568150319,0.2114018643812846,0.03999999999999915,0.1551249943864469,0.008203384428892803,2.078750753449227,0,5.313423156738281
28.084145310996973,combined,3,1,leader,STOPPED,NONE,SAFE_STOP,1.459421645819371,-1.4211966257857969,-0.04057835418062905,1.9747480972540854,-0.06192187526201748,1.8399999999999999,0.0,0.0,1.944219800208794,0,5.993419170379639
28.084145310996973,combined,3,2,follower_1,STOPPED,NONE,TRACK,1.5480415522022417,-1.0892140388054665,0.04804155220224171,1.4712384163039418,0.06235254600046226,0.04499999999999815,0.001370971172138788,0.0015372981142073886,2.080783925979241,0,11.664287567138672
28.084145310996973,combined,3,3,follower_2,STOPPED,NONE,TRACK,1.4815665467659498,-0.19550998452476737,-0.018433453234050212,1.5176683801172584,0.13032976248520822,0.04499999999999815,0.11771871593230589,0.004819193455690252,2.0576007166794614,0,5.916903972625732
28.28432235499713,combined,3,1,leader,STOPPED,NONE,SAFE_STOP,1.4594216458208569,-1.4211966263849471,-0.04057835417914313,2.0309372019683782,-0.07356960998294529,2.039999999999999,0.0,0.0,1.9442198002103586,0,16.041423797607422
28.28432235499713,combined,3,2,follower_1,STOPPED,NONE,TRACK,1.5480430657798434,-1.108361817824456,0.04804306577984341,1.464291947935557,0.04244221174754955,0.04999999999999716,0.0,0.0010922006220578386,2.080783917015402,0,10.81822681427002
28.28432235499713,combined,3,3,follower_2,STOPPED,NONE,TRACK,1.4680463222731877,-0.22006301911071288,-0.031953677726812346,1.5009236581873724,0.03785240156337673,0.04499999999999815,0.07312573120113376,0.0010487931338311674,2.0440686358099014,0,7.7622880935668945
28.485236760996486,combined,3,1,leader,STRAIGHT_3,NONE,SAFE_STOP,1.4792006834146267,-0.46159953957710226,-0.020799316585373262,2.087126306682672,-0.08521734470387311,2.240000000000002,0.0,0.0,1.9667223979188764,0,8.201009750366211
28.485236760996486,combined,3,2,follower_1,STRAIGHT_3,NONE,TRACK,1.5480443610947416,-1.124491772637848,0.04804436109474164,1.4594676289108417,0.043625849916529534,0.05000000000000071,0.0,0.0013957998946870366,2.080783909078302,0,7.9895148277282715
28.485236760996486,combined,3,3,follower_2,STRAIGHT_3,NONE,TRACK,1.4637605085056824,-0.23525379935621774,-0.0362394914943176,1.4871312881056429,0.026461272817547715,0.05000000000000071,0.032808083588634,0.0007790211506088324,2.039771082357536,0,7.734177112579346
28.684019540996815,combined,3,1,leader,STRAIGHT_3,NONE,SAFE_STOP,1.524202236144729,1.4964690868342923,0.02420223614472894,2.1433154113969652,-0.09686507942480092,2.4400000000000013,0.0,0.0,2.017186508616283,0,6.0441789627075195
28.684019540996815,combined,3,2,follower_1,STRAIGHT_3,NONE,TRACK,1.537901286476514,-1.8106775125888541,0.03790128647651403,1.4582064964894244,0.026221480278073958,0.19000000000000128,0.0,0.0008014978953625295,2.0703682394098064,0,7.9895148277282715
28.684019540996815,combined,3,3,follower_2,STRAIGHT_3,NONE,TRACK,1.4730780157323788,-0.17166256651645165,-0.026921984267621157,1.4805109577984832,0.02224136136104059,0.120000000000001,0.009595746564993592,0.0007038875550439224,2.0487417226225895,0,7.336180210113525
28.884921002998453,combined,3,1,leader,STRAIGHT_3,NONE,SAFE_STOP,1.5733170103485936,3.4318037550149336,0.07331701034859361,2.1995045161112583,-0.10851281414572875,2.6400000000000006,0.0,0.0,2.0713379248155754,0,11.991312026977539
28.884921002998453,combined,3,2,follower_1,STRAIGHT_3,NONE,TRACK,1.4244469919047633,-7.838200207687039,-0.07555300809523668,2.73925221713028,20.070786546510565,0.054999999999999716,0.6,0.7996812808994183,1.9544203945768122,0,11.702007293701172
28.884921002998453,combined,3,3,follower_2,STRAIGHT_3,NONE,TRACK,1.5899402970687506,-0.05368460622771659,0.08994029706875062,1.4729730506490044,0.018893344336135154,0.04499999999999815,0.0,0.0006343992267600292,2.16095051808619,0,7.894983768463135
29.084115922996716,combined,3,1,leader,STRAIGHT_3,NONE,SAFE_STOP,1.6228592932497043,5.205097538355006,0.12285929324970435,2.2556936208255514,-0.12016054886665656,2.84,0.0,0.0,2.1251735693852263,0,5.9114990234375
29.084115922996716,combined,3,2,follower_1,STRAIGHT_3,NONE,TRACK,1.317920122949533,-5.510544760256165,-0.18207987705046702,1.9996790130817892,-3.7121506991081072,0.054999999999999716,0.6,-0.189118484264799,1.8487940800557319,0,12.077776908874512
29.084115922996716,combined,3,3,follower_2,STRAIGHT_3,NONE,TRACK,1.6812485461407003,1.0848666716514006,0.1812485461407003,1.4998271245576258,0.04546800392184315,0.054999999999999716,0.04831308738199132,0.001764887398124605,2.255623390370821,0,7.240423202514648
29.284121597997,combined,3,1,leader,STRAIGHT_3,NONE,SAFE_STOP,1.673090921595879,5.104915094364465,0.1730909215958789,2.3118827255398444,-0.13180828358758437,3.039999999999999,0.0,0.0,2.179927647131055,0,17.933969497680664
29.284121597997,combined,3,2,follower_1,STRAIGHT_3,NONE,TRACK,1.282803767571269,-5.173254129930913,-0.2171962324287311,1.499366754823615,-5.984354900073845,0.05999999999999872,0.0,-0.2609667627647107,1.8087695741613283,0,14.81523323059082
29.284121597997,combined,3,3,follower_2,STRAIGHT_3,NONE,PREDICT,1.691441338340133,1.2382599636384848,0.191441338340133,1.5023036748444634,0.04502255259690621,0.254999999999999,0.027729985319191797,0.0017508931320250676,2.266799547249976,0,9.469685554504395
29.48452676999659,combined,3,1,leader,STRAIGHT_3,NONE,TRACK,1.725171946181931,3.631824993198932,0.22517194618193104,1.5063654002598013,6.327132727161944,0.06500000000000128,0.0,0.21879132561383816,2.236733269667874,0,15.280802726745605
29.48452676999659,combined,3,2,follower_1,STRAIGHT_3,NONE,TRACK,1.18304778661447,-19.22519466075869,-0.31695221338553003,2.618189731511311,22.80658119148695,0.060000000000002274,0.6,0.8,1.686872667811464,0,11.863207817077637
29.48452676999659,combined,3,3,follower_2,STRAIGHT_3,NONE,TRACK,1.7556717385981724,-0.07058421116941008,0.2556717385981724,1.585931895960772,1.3928668210637016,0.18500000000000227,0.2542047467402872,0.055131800250872935,2.3176041976749757,0,9.632342338562012
29.6842193199991,combined,3,1,leader,STRAIGHT_3,NONE,TRACK,1.7621693766678996,2.9060213187436204,0.26216937666789963,1.520576011807006,4.856473899687727,0.06500000000000128,0.0127469371231307,0.16999739917683626,2.2777709156496706,0,16.55423927307129
29.6842193199991,combined,3,2,follower_1,STRAIGHT_3,NONE,TRACK,1.125167748421161,-32.50834388549906,-0.3748322515788389,3.02315649339215,22.668198901794643,0.129999999999999,0.6,0.8,1.5967800103189582,0,14.272286415100098
29.6842193199991,combined,3,3,follower_2,STRAIGHT_3,NONE,TRACK,1.7870134119972507,-0.5088961496045074,0.2870134119972507,1.6479575639034976,1.123011146197228,0.129999999999999,0.4085568391581882,0.04345195250041672,2.3300286207371523,0,9.052436828613281
29.884225059999153,combined,3,1,leader,STRAIGHT_3,NONE,TRACK,1.7703395398364998,2.485162176580036,0.27033953983649983,1.588004686355559,3.919642717758543,0.00999999999999801,0.2159017163502237,0.13966761517863777,2.2900482401137965,0,9.002822875976562
29.884225059999153,combined,3,2,follower_1,STRAIGHT_3,NONE,TRACK,1.101151708903659,-22.02975902541678,-0.3988482910963409,2.1137996840468416,-21.464806179628987,0.05999999999999872,0.4376957298639991,-0.8,1.5877386595322898,0,16.605573654174805
29.884225059999153,combined,3,3,follower_2,STRAIGHT_3,NONE,TRACK,1.711390294039653,1.1859409655881128,0.21139029403965304,1.666982443530432,0.3943345642215341,0.06500000000000128,0.476827005074189,0.013895600448194755,2.2743132320380193,0,9.490031242370605
30.084315430998686,combined,3,1,leader,STRAIGHT_3,NONE,TRACK,1.7616802074556046,2.1543518072180543,0.2616802074556046,1.6210805076267087,3.5852890043634447,0.00999999999999801,0.3221847621839299,0.13085067291980998,2.2851527129025753,0,5.666868209838867
30.084315430998686,combined,3,2,follower_1,STRAIGHT_3,NONE,TRACK,1.1359191218959925,-8.414441595008402,-0.36408087810400747,1.161513169124995,-26.211198998196963,0.05999999999999872,0.0,-0.8,1.6362777308895737,0,14.411356925964355
30.084315430998686,combined,3,3,follower_2,STRAIGHT_3,NONE,TRACK,1.6049682524534767,2.079160415510095,0.10496825245347674,1.6639663359353905,1.189511357148457,0.05999999999999872,0.49505786852141415,0.04801127275244865,2.1808029906947786,0,9.46714973449707
30.285159468996426,combined,3,1,leader,STRAIGHT_3,NONE,TRACK,1.746891101178024,1.9234765257217838,0.24689110117802393,1.6230778305647895,3.2590909487469584,0.004999999999999005,0.34788838797977917,0.12031176569791024,2.274110985607082,0,13.872756004333496
30.285159468996426,combined,3,2,follower_1,STRAIGHT_3,NONE,TRACK,1.1189163898468923,-13.493197301369644,-0.38108361015310765,1.7848607361362747,16.72806096362455,0.06999999999999673,0.3989130877066223,0.744237245480021,1.6154241855982485,0,12.111157417297363
30.285159468996426,combined,3,3,follower_2,STRAIGHT_3,NONE,TRACK,1.6050411156397446,0.4655086945553741,0.10504111563974461,1.6276226443697748,2.162306455184347,0.06499999999999773,0.4287349995486352,0.08627298222726099,2.175192707460183,0,9.117941856384277
30.48522322399731,combined,3,1,leader,STRAIGHT_3,NONE,TRACK,1.7298754562589336,1.7390811457274735,0.22987545625893357,1.6221862308739636,3.00156643410251,0.005000000000002558,0.36507620787207007,0.11152305740817334,2.260801803199088,0,14.443228721618652
30.48522322399731,combined,3,2,follower_1,STRAIGHT_3,NONE,TRACK,1.0692322056012604,-25.21021937302747,-0.4307677943987396,2.6564483225371838,24.53212224786869,0.005000000000002558,0.6,0.8,1.5489077730823226,0,12.200295448303223
30.48522322399731,combined,3,3,follower_2,STRAIGHT_3,NONE,TRACK,1.674639982164531,-0.30854286641990974,0.17463998216453103,1.580653339207978,1.315159579403211,0.005000000000002558,0.32466661698844296,0.04745854735486071,2.2281972000770955,0,7.979413986206055
30.684205481997196,combined,3,1,leader,STRAIGHT_3,NONE,TRACK,1.7153516528847605,1.6091709746181162,0.21535165288476055,1.6109621760079247,2.8123569101282215,0.010000000000001563,0.3553347602456145,0.10517114135973551,2.2497476207427836,0,10.349369049072266
30.684205481997196,combined,3,2,follower_1,STRAIGHT_3,NONE,TRACK,1.042491325655637,-33.60473671824585,-0.45750867434436304,2.917629551486128,23.176532926877258,0.129999999999999,0.6,0.8,1.5033834522843759,0,18.600839614868164
30.684205481997196,combined,3,3,follower_2,STRAIGHT_3,NONE,TRACK,1.7136184819063003,0.08557255644760094,0.21361848190630028,1.5799135080024602,0.44169575690703733,0.010000000000001563,0.3328821188900437,0.012705692119046902,2.2523642722343107,0,6.5204691886901855
30.884136327997112,combined,3,1,leader,STRAIGHT_3,NONE,TRACK,1.704263598231853,1.5393860475608634,0.20426359823185303,1.605798976583328,2.6706352359288172,0.015000000000000568,0.35803173401399385,0.10038732389276257,2.2412508751636664,0,9.919148445129395
30.884136327997112,combined,3,2,follower_1,STRAIGHT_3,NONE,TRACK,1.0208519272425909,-22.6913097967323,-0.4791480727574091,2.0267389501779367,-25.58280357385392,0.07499999999999929,0.31972508019059015,-0.8,1.5017785928340404,0,12.421544075012207
30.884136327997112,combined,3,3,follower_2,STRAIGHT_3,NONE,TRACK,1.6719841352341425,1.7505639484957498,0.17198413523414247,1.5986626246169215,0.6629890869652418,0.00999999999999801,0.38816449227386024,0.02396269070753827,2.2312783116630275,0,5.529407024383545
31.084078970998235,combined,3,1,leader,STRAIGHT_3,ACTUATOR_BIAS,TRACK,1.6912134100772633,1.43649476349911,0.19121341007726333,1.6023795532801652,2.623971246501478,0.00999999999999801,0.3631607937110919,0.0993194979874098,2.2310247024021006,0,7.095386028289795
31.084078970998235,combined,3,2,follower_1,STRAIGHT_3,ACTUATOR_BIAS,TRACK,1.0528970776718536,-10.264443186664362,-0.4471029223281464,1.4031031016643525,-22.663562586996076,0.00999999999999801,0.0,-0.65,1.549668849311629,0,12.84709358215332
31.084078970998235,combined,3,3,follower_2,STRAIGHT_3,ACTUATOR_BIAS,TRACK,1.586174195076454,2.0393725078943667,0.08617419507645407,1.6067312108363223,2.0851890234601598,0.004999999999999005,0.4193803438399737,0.0847093068812316,2.1584286028453605,0,9.605191230773926
31.284190337999462,combined,3,1,leader,STRAIGHT_3,ACTUATOR_BIAS,TRACK,1.6779032472385997,1.343618017099317,0.17790324723859974,1.5957023541513295,2.542821882615913,0.015000000000000568,0.3584783862402218,0.09639351956693323,2.220637465861231,0,7.229365825653076
31.284190337999462,combined,3,2,follower_1,STRAIGHT_3,ACTUATOR_BIAS,TRACK,1.090175912271987,-15.30655568754886,-0.40982408772801304,1.6833579423572345,9.338954750320116,0.010000000000001563,0.04050092442925253,0.6539984226442261,1.583895118601202,0,8.536702156066895
31.284190337999462,combined,3,3,follower_2,STRAIGHT_3,ACTUATOR_BIAS,TRACK,1.5468556072721908,-0.04622756349932578,0.04685560727219085,1.5719567269499182,2.5377615851999975,0.005000000000002558,0.3375759486937554,0.10081163309868103,2.110875433681325,0,7.975093841552734
31.48416549799731,combined,3,1,leader,STRAIGHT_3,ACTUATOR_BIAS,TRACK,1.6667024514800612,1.2723691713603091,0.16670245148006124,1.5936140051528342,2.422353734644666,0.015000000000000568,0.3638980319903453,0.0918359105792688,2.2118034552434005,0,15.333928108215332
31.48416549799731,combined,3,2,follower_1,STRAIGHT_3,ACTUATOR_BIAS,TRACK,1.0477553446459336,-25.21247875179737,-0.45224465535406644,2.3518361419545744,23.286155288656214,0.019999999999999574,0.6,0.8,1.5274696401539294,0,7.070011138916016
31.48416549799731,combined,3,3,follower_2,STRAIGHT_3,ACTUATOR_BIAS,TRACK,1.6142091747044405,-0.6602747714354431,0.11420917470444047,1.5480609932801432,1.5580524674379914,0.07000000000000028,0.28021214307332415,0.05847846286512636,2.162391665743501,0,6.850347995758057
31.684184468998865,combined,3,1,leader,STRAIGHT_3,NONE,TRACK,1.6550687937101503,1.2021083245273916,0.15506879371015025,1.588361083610283,2.350092126289332,0.015000000000000568,0.3599210544956275,0.08921999416863169,2.202750578638551,0,9.80588436126709
31.684184468998865,combined,3,2,follower_1,STRAIGHT_3,NONE,TRACK,1.027105662879695,-21.06298658817466,-0.47289433712030493,2.1823966733141598,-4.775521797051896,0.015000000000000568,0.6,-0.281361388205308,1.5135890166629675,0,7.657458782196045
31.684184468998865,combined,3,3,follower_2,STRAIGHT_3,NONE,TRACK,1.6225111989789098,0.7619051440608504,0.12251119897890983,1.533675355294236,0.21917220764975878,0.010000000000001563,0.24571326835763516,0.0053902864579984545,2.177832870512505,0,9.616943359375
31.884233123997546,combined,3,1,leader,STRAIGHT_3,NONE,TRACK,1.6446341930743595,1.1604616276161177,0.14463419307435954,1.5845930268129529,2.2322817233562486,0.02499999999999858,0.3582152140569046,0.08465170555376578,2.1947234274811267,0,13.396002769470215
31.884233123997546,combined,3,2,follower_1,STRAIGHT_3,NONE,TRACK,1.0696617418565297,-5.551927016100636,-0.43033825814347026,1.3569783151419865,-22.992499327661893,0.02499999999999858,0.0,-0.8,1.5728794253076412,0,8.495965957641602
31.884233123997546,combined,3,3,follower_2,STRAIGHT_3,NONE,TRACK,1.5459128961301207,1.835707588010908,0.04591289613012073,1.549635179776159,0.8750136085961329,0.08500000000000085,0.28083191013757436,0.03357055882503816,2.1185468305815833,0,7.020224094390869
32.084101239997835,combined,3,1,leader,STRAIGHT_3,NONE,TRACK,1.6373278642245532,1.1470048528416945,0.13732786422455323,1.5798876154420411,2.126306723624859,0.02499999999999858,0.3531277262089759,0.08063550644207287,2.189304786918408,0,10.55986213684082
32.084101239997835,combined,3,2,follower_1,STRAIGHT_3,NONE,TRACK,1.1168177577222145,-8.325986108466914,-0.3831822422777855,1.585212468271041,9.087657014545865,0.015000000000000568,0.0,0.43685650623985434,1.6208489175816903,0,15.6348876953125
32.084101239997835,combined,3,3,follower_2,STRAIGHT_3,NONE,TRACK,1.5087366281351582,0.05165232897435621,0.008736628135158186,1.53632055970356,2.081433769199074,0.015000000000000568,0.24701333012170898,0.08265721184140949,2.075934912830823,0,6.863370895385742
32.284446371999366,combined,3,1,leader,STRAIGHT_3,NONE,TRACK,1.6307601668153247,1.1229834440759532,0.13076016681532465,1.5745000556921258,2.0625249088524105,0.02500000000000213,0.3453045878060824,0.0783632476146573,2.184941078020125,0,8.342293739318848
32.284446371999366,combined,3,2,follower_1,STRAIGHT_3,NONE,TRACK,1.076607489583575,-19.58409866159317,-0.4233925104164249,2.081228263259707,25.917053924807842,0.08000000000000185,0.6,0.8,1.5704860297097507,0,17.351707458496094
32.284446371999366,combined,3,3,follower_2,STRAIGHT_3,NONE,TRACK,1.5961705045843535,-0.5358770863456093,0.0961705045843535,1.5081123330766073,1.0673062675812548,0.020000000000003126,0.17554818441449946,0.03929594790814236,2.1452661006114884,0,6.607276916503906
32.48400260999915,combined,3,1,leader,STRAIGHT_3,NONE,TRACK,1.627213541267444,1.0835902466739604,0.127213541267444,1.5698276900729131,2.0405750510411185,0.030000000000001137,0.3378275387491382,0.07773835166290911,2.1830394978598986,0,13.681234359741211
32.48400260999915,combined,3,2,follower_1,STRAIGHT_3,NONE,TRACK,1.0377588568292464,-28.274589505761362,-0.4622411431707536,2.4866849099299673,19.500901493626166,0.015000000000000568,0.6,0.757441465356687,1.5164980884931663,0,10.47752857208252
32.48400260999915,combined,3,3,follower_2,STRAIGHT_3,NONE,TRACK,1.6754845370316345,0.05496103573086709,0.17548453703163447,1.4922522739381368,0.4219468529397398,0.08500000000000085,0.1303056327369094,0.014076789387403723,2.209127507944939,0,9.834783554077148
32.68424622499879,combined,3,1,leader,STRAIGHT_3,NONE,TRACK,1.6242250072810016,1.0444866676434998,0.12422500728100161,1.567114165374517,1.9792933110454314,0.03500000000000014,0.33417302961882167,0.07536157069679968,2.1817612867063674,0,8.351213455200195
32.68424622499879,combined,3,2,follower_1,STRAIGHT_3,NONE,TRACK,0.9781184866424848,-26.855524740713463,-0.5218815133575152,2.769754870719202,10.665335125714375,0.02499999999999858,0.6,0.38974179259579705,1.4570992325042698,0,10.615734100341797
32.68424622499879,combined,3,3,follower_2,STRAIGHT_3,NONE,TRACK,1.6907972705733945,-1.9411041912517164,0.19079727057339446,1.5249830807629112,0.6876129097256137,0.08500000000000085,0.20340475111177095,0.026104182558646015,2.233178756356451,0,9.534534454345703
32.88420331999805,combined,3,1,leader,STRAIGHT_3,NONE,TRACK,1.621867364530564,1.0181266559653688,0.1218673645305639,1.5654805050057852,1.889323332439951,0.03500000000000014,0.33260903727844493,0.0718592085889169,2.1809595633496484,0,9.232049942016602
32.88420331999805,combined,3,2,follower_1,STRAIGHT_3,NONE,TRACK,1.0001142933469902,-13.589279100801157,-0.4998857066530098,1.5971077070378352,-24.62327893470457,0.03500000000000014,0.0,-0.8,1.499303267946668,0,13.656578063964844
32.88420331999805,combined,3,3,follower_2,STRAIGHT_3,NONE,TRACK,1.5632584644496668,-4.070930461804002,0.06325846444966676,3.0168634141892268,13.064279506719052,0.030000000000001137,0.6,0.4943930669837135,2.1249010249919573,0,11.030973434448242
33.08439376899696,combined,3,1,leader,STRAIGHT_3,NONE,TRACK,1.6195055862579277,0.9920584722596714,0.11950558625792773,1.565364329310783,1.844033439079396,0.03500000000000014,0.3344815251867949,0.07025604344884695,2.1800878224328843,0,10.516104698181152
33.08439376899696,combined,3,2,follower_1,STRAIGHT_3,NONE,TRACK,1.0034502526999907,-14.876642912962664,-0.49654974730000934,1.5552726568118493,1.590459328861503,0.02499999999999858,0.0,0.1403889552240065,1.5033122346166456,0,7.671127796173096
33.08439376899696,combined,3,3,follower_2,STRAIGHT_3,NONE,TRACK,1.4955225268420784,-1.070785168750907,-0.004477473157921574,2.1144278546503577,-3.87877069560686,0.02499999999999858,0.6,-0.20236755964556344,2.0537924241109287,0,8.574938774108887
33.284174340999016,combined,3,1,leader,STRAIGHT_3,NONE,TRACK,1.6174556532334508,0.9742539573874359,0.11745565323345075,1.5647411211472753,1.7606856772994284,0.0400000000000027,0.33493824686868273,0.06695664818467949,2.1794264496615483,0,11.908000946044922
33.284174340999016,combined,3,2,follower_1,STRAIGHT_3,NONE,TRACK,0.9528964158167397,-25.92885529597408,-0.5471035841832603,2.273771486326646,23.01136687274624,0.030000000000001137,0.6,0.8,1.4382688780692343,0,10.122861862182617
33.284174340999016,combined,3,3,follower_2,STRAIGHT_3,NONE,TRACK,1.607050211493538,0.3984393321208134,0.1070502114935381,1.6504705562540203,-1.9511863630462851,0.030000000000001137,0.0,-0.09962872862023014,2.14660286276399,0,8.68864631652832
33.48415601799934,combined,3,1,leader,STRAIGHT_3,NONE,TRACK,1.6154995071965021,0.9580575590900392,0.11549950719650215,1.564285048692015,1.6920228579049599,0.03999999999999915,0.3356226641902542,0.0643387892622094,2.1787645785130856,0,18.039743423461914
33.48415601799934,combined,3,2,follower_1,STRAIGHT_3,NONE,TRACK,0.9285617552998189,-21.056359606469456,-0.5714382447001811,2.1217373345332806,-5.06041719180018,0.030000000000001137,0.6,-0.28155056987453275,1.4220984135183194,0,12.708596229553223
33.48415601799934,combined,3,3,follower_2,STRAIGHT_3,NONE,TRACK,1.6601505422946112,1.6920590139980385,0.16015054229461123,1.4549144101359472,0.7028875725306793,0.030000000000001137,0.0,0.021422725683573954,2.2098389644597876,0,10.009037017822266
33.68402416999743,combined,3,1,leader,STRAIGHT_3,NONE,TRACK,1.6135062982780686,0.9347097005479653,0.11350629827806857,1.564713437636135,1.6533625047620535,0.03500000000000014,0.33849247776422203,0.06295762422500459,2.177919822618367,0,8.99028491973877
33.68402416999743,combined,3,2,follower_1,STRAIGHT_3,NONE,TRACK,0.927306445390579,-9.464862759483866,-0.572693554609421,1.7502516022960641,-20.66863787960913,0.1700000000000017,0.04369646820546169,-0.8,1.4350061407978443,0,14.582659721374512
33.68402416999743,combined,3,3,follower_2,STRAIGHT_3,NONE,TRACK,1.680936184281639,2.183315810033228,0.18093618428163905,1.4350943359113173,2.2402825836239812,0.03500000000000014,0.0,0.08870293818133408,2.246536537879983,0,8.404314041137695
33.88508966099835,combined,3,1,leader,STRAIGHT_3,NONE,TRACK,1.6107232104041722,0.9152699210343539,0.11072321040417221,1.5651774649410628,1.6026061238077232,0.04499999999999815,0.3412508871963899,0.06103320269048411,2.176373361742769,0,7.622463226318359
33.88508966099835,combined,3,2,follower_1,STRAIGHT_3,NONE,TRACK,0.9169819104610499,0.8895225145904578,-0.5830180895389501,1.6671968815599996,-3.3764807219275363,0.10500000000000043,0.0,-0.1765565136866609,1.4308885302696326,0,9.446822166442871
33.88508966099835,combined,3,3,follower_2,STRAIGHT_3,NONE,TRACK,1.732378305878852,2.269106101190682,0.232378305878852,1.5076032003515232,2.6940769705488266,0.03500000000000014,0.0,0.10658105040370397,2.30702135184419,0,10.962496757507324
34.08423201599726,combined,3,1,leader,STRAIGHT_3,NONE,TRACK,1.6076907564530478,0.8973035594054135,0.10769075645304782,1.5657788479489896,1.5436463967764054,0.10999999999999943,0.34435218224133685,0.05877413965385044,2.174410016993199,0,11.235175132751465
34.08423201599726,combined,3,2,follower_1,STRAIGHT_3,NONE,TRACK,0.9267685187162803,10.791212778289173,-0.5732314812837197,1.0293403075983312,0.11949693874209806,0.03500000000000014,0.0,-0.009321827222945578,1.4404584567101941,0,6.4159111976623535
34.08423201599726,combined,3,3,follower_2,STRAIGHT_3,NONE,TRACK,1.744487997942233,2.210479383591001,0.24448799794223297,1.6108316916075134,2.5732491034268445,0.02499999999999858,0.16432009680707516,0.10101537533366409,2.3234970850146834,0,15.958736419677734
34.284279501996934,combined,3,1,leader,STRAIGHT_3,NONE,TRACK,1.6046142747090688,0.8768770132584118,0.10461427470906881,1.566292620908175,1.5009402703136479,0.10500000000000043,0.34733541200149703,0.05717092344663384,2.1723039614657793,0,14.196131706237793
34.284279501996934,combined,3,2,follower_1,STRAIGHT_3,NONE,TRACK,0.9545502784512724,20.395586306110197,-0.5454497215487276,0.8462879532254984,10.733674980652351,0.03500000000000014,0.0,0.4440373108304626,1.4620841334789663,0,11.847743034362793
34.284279501996934,combined,3,3,follower_2,STRAIGHT_3,NONE,TRACK,1.7016610930396083,2.237439825545876,0.20166109303960833,1.6618577005452382,2.3784012775037446,0.03500000000000014,0.3126809184188084,0.09265419472530521,2.281307610708135,0,16.393386840820312
34.48477778799861,combined,3,1,leader,STRAIGHT_3,NONE,TRACK,1.6017922825668525,0.8634047877634053,0.10179228256685247,1.566091817755381,1.4325525690226333,0.045000000000001705,0.3484122797942011,0.05448816301743629,2.170362602147059,0,12.30008316040039
34.48477778799861,combined,3,2,follower_1,STRAIGHT_3,NONE,TRACK,0.9948680398913015,28.5266343806938,-0.5051319601086985,0.8352893586004734,19.608880164481317,0.045000000000001705,0.0,0.8,1.4925587350029956,0,8.197306632995605
34.48477778799861,combined,3,3,follower_2,STRAIGHT_3,NONE,TRACK,1.6361447601877654,2.2438100356824333,0.13614476018776545,1.7112785619299546,2.2344542878476714,0.10500000000000043,0.46775983606068217,0.08619917787534942,2.2136234461772393,0,13.855401039123535
34.684109007997904,combined,3,1,leader,STRAIGHT_3,NONE,TRACK,1.5993943595945943,0.8565344084474317,0.0993943595945943,1.5655001232528971,1.3800073452927897,0.0449999999999946,0.34839627969530423,0.05245827948458415,2.1687237375564603,0,10.618032455444336
34.684109007997904,combined,3,2,follower_1,STRAIGHT_3,NONE,TRACK,1.0402164137692254,34.536703304507434,-0.45978358623077464,0.9021265588859686,24.29058430245295,0.04999999999999716,0.0,0.8,1.5278930922171585,0,8.952895164489746
34.684109007997904,combined,3,3,follower_2,STRAIGHT_3,NONE,TRACK,1.577659581272248,2.1209513768957553,0.07765958127224803,1.6935730758176994,2.178589426072993,0.03999999999999915,0.46502866474788407,0.08336499639994946,2.151967356083214,0,9.620133399963379
34.884091903997614,combined,3,1,leader,STRAIGHT_3,NONE,TRACK,1.5968497211256216,0.8408140657857043,0.09684972112562162,1.5650214565170708,1.3348853196303736,0.054999999999999716,0.34848634641237014,0.050772735442511215,2.166966687493839,0,17.701072692871094
34.884091903997614,combined,3,2,follower_1,STRAIGHT_3,NONE,TRACK,1.0978478514419414,39.612229861287005,-0.4021521485580586,0.9462071851396687,27.991013082811413,0.11500000000000199,0.0,0.8,1.575210177912392,0,12.717864036560059
34.884091903997614,combined,3,3,follower_2,STRAIGHT_3,NONE,TRACK,1.532153607551129,1.857710763961094,0.03215360755112906,1.6459433814255922,2.0279994999509348,0.11500000000000199,0.3808621051989965,0.07706884489024218,2.1028238799048116,0,7.707543849945068
35.08400236399757,combined,3,1,leader,STRAIGHT_3,NONE,TRACK,1.5941874292742877,0.8204980354146358,0.09418742927428769,1.5650313995490117,1.3078561150593804,0.060000000000002274,0.34971022060840057,0.04980215799591425,2.1650541594425405,0,17.45882225036621
35.08400236399757,combined,3,2,follower_1,STRAIGHT_3,NONE,TRACK,1.1625072705291424,43.1914621159683,-0.3374927294708576,1.0470177280946957,30.61072792994473,0.054999999999999716,0.0,0.8,1.6316713458239378,0,14.167415618896484
35.08400236399757,combined,3,3,follower_2,STRAIGHT_3,NONE,TRACK,1.5078881266980189,1.6006088088754873,0.00788812669801886,1.5619799535191468,1.639738613953291,0.11500000000000199,0.19433808727289614,0.061689941148933655,2.075710251812808,0,8.414456367492676
35.283900756996445,combined,3,1,leader,STRAIGHT_3,NONE,TRACK,1.591849429847325,0.807378330736453,0.09184942984732491,1.5649821690293517,1.2472277720489635,0.054999999999999716,0.35064586425163635,0.04742872285569127,2.163361868570967,0,14.176652908325195
35.283900756996445,combined,3,2,follower_1,STRAIGHT_3,NONE,TRACK,1.2230826615994739,45.221896474071734,-0.2769173384005261,1.0991107646840002,32.83654878143367,0.125,0.0,0.8,1.687750196858475,0,8.640585899353027
35.283900756996445,combined,3,3,follower_2,STRAIGHT_3,NONE,TRACK,1.5015653428305658,1.2729806340597545,0.0015653428305657524,1.4984208208944898,1.0693982566941675,0.0449999999999946,0.04706774648583176,0.039242482692380815,2.068335602220741,0,5.429160118103027
35.484121689998574,combined,3,1,leader,STRAIGHT_3,NONE,TRACK,1.5897998797423316,0.786987783594611,0.08979987974233161,1.564349087991398,1.2212327057661134,0.18999999999999773,0.35001685691666945,0.04650534053061502,2.161959697810752,0,11.533790588378906
35.484121689998574,combined,3,2,follower_1,STRAIGHT_3,NONE,TRACK,1.2558246288772874,39.56621621102629,-0.2441753711227126,1.1590668134532487,33.84272027545135,0.060000000000002274,0.0,0.8,1.7389244581889045,0,11.682231903076172
35.484121689998574,combined,3,3,follower_2,STRAIGHT_3,NONE,TRACK,1.507322674975281,-0.41099372248492133,0.007322674975281052,1.4655547843481431,0.7256635007775778,0.054999999999999716,0.0,0.02620442385745898,2.0827302142561273,0,7.712784767150879
35.684152803998586,combined,3,1,leader,STRAIGHT_3,NONE,TRACK,1.5881630371405935,0.7714415363510714,0.08816303714059348,1.5628975597394856,1.1632142546137483,0.05999999999999517,0.3472338092218781,0.04423805381781745,2.1609498440701254,0,12.145777702331543
35.684152803998586,combined,3,2,follower_1,STRAIGHT_3,NONE,TRACK,1.2645700771398558,29.82946874784147,-0.2354299228601442,1.3268857132172658,34.908344027807495,0.125,0.20376271261487125,0.8,1.7741395542008391,0,7.719791889190674
35.684152803998586,combined,3,3,follower_2,STRAIGHT_3,NONE,TRACK,1.536375377675537,-2.2590697396761694,0.03637537767553689,1.458588209104595,0.05317203898904072,0.04999999999999716,0.0,-0.0011159576149249754,2.116127155590274,0,12.948055267333984
35.88390450999941,combined,3,1,leader,STRAIGHT_3,NONE,TRACK,1.5864403352134644,0.762592709938781,0.08644033521346439,1.563061033809316,1.1234323414765535,0.07000000000000028,0.3481507771772943,0.04272100839847564,2.1597666573988246,0,13.52981185913086
35.88390450999941,combined,3,2,follower_1,STRAIGHT_3,NONE,PREDICT,1.298026959052442,20.006598289637697,-0.20197304094755797,1.3814236479690614,37.02692297540631,0.32500000000000284,0.13756597643464363,0.8,1.8263611052566269,0,7.902857780456543
35.88390450999941,combined,3,3,follower_2,STRAIGHT_3,NONE,TRACK,1.5287524167987296,-2.9218216886496777,0.02875241679872964,1.5142150879070788,-1.6950205226301438,0.060000000000002274,0.09872573797536022,-0.07331494764473148,2.1024502101831275,0,8.029876708984375
36.08423874299842,combined,3,1,leader,STRAIGHT_3,NONE,TRACK,1.5846134310464146,0.7683756458417685,0.08461343104641461,1.5640421439567485,1.046186399531858,0.005000000000002558,0.3512852830332467,0.03961980861094579,2.1584038510526793,0,6.221252918243408
36.08423874299842,combined,3,2,follower_1,STRAIGHT_3,NONE,TRACK,1.3240444773541924,10.077514141123379,-0.1759555226458076,1.307331136679782,24.42506773725613,0.19500000000000028,0.023568826078621735,0.8,1.8644137004936945,0,7.902857780456543
36.08423874299842,combined,3,3,follower_2,STRAIGHT_3,NONE,TRACK,1.530435465829885,-2.8344809826024835,0.0304354658298851,1.5509106128313377,-2.800116722135607,0.05000000000000426,0.1949040178721449,-0.11607192886964023,2.0895276288875317,0,12.9213285446167
36.284504718998505,combined,3,1,leader,STRAIGHT_3,NONE,TRACK,1.5823264049359622,0.7545546477736454,0.08232640493596222,1.5641395314390953,1.040192846657048,0.07000000000000028,0.35217748376870317,0.03956706760402817,2.156607501277971,0,10.482076644897461
36.284504718998505,combined,3,2,follower_1,STRAIGHT_3,NONE,TRACK,1.261533307274033,0.3763607403677281,-0.2384666927259671,2.9634490316314186,32.71829912979904,0.05999999999999517,0.6,0.8,1.8083462512175803,0,13.760688781738281
36.284504718998505,combined,3,3,follower_2,STRAIGHT_3,NONE,TRACK,1.6414211664734877,-1.0068892802848686,0.14142116647348768,1.5307913785964826,-3.0394823821397283,0.12999999999999545,0.14731259400615077,-0.12259577415668009,2.1805177890677414,0,7.323003768920898
36.48443823799971,combined,3,1,leader,STRAIGHT_3,NONE,TRACK,1.552790736598862,0.4898307972407831,0.05279073659886202,1.5643487713462718,1.0375457144405926,0.07000000000000028,0.35335911825575095,0.03956673408982433,2.1272887711223367,0,17.957904815673828
36.48443823799971,combined,3,2,follower_1,STRAIGHT_3,NONE,TRACK,1.2119946334814404,-8.318647283719995,-0.28800536651855957,3.2986113209616463,25.120482123908545,0.060000000000002274,0.6,0.8,1.7577602829382457,0,14.674137115478516
36.48443823799971,combined,3,3,follower_2,STRAIGHT_3,NONE,TRACK,1.7341304989814443,0.12781384539094448,0.23413049898144433,1.5086762835812493,-0.9930129754148923,0.060000000000002274,0.09176736051792132,-0.03620789161923747,2.253209435283463,0,12.528189659118652
36.68422258499777,combined,3,1,leader,COMPLETE,NONE,TRACK,1.4881897933855894,0.061247873090733415,-0.011810206614410568,1.5519938672569351,0.8243941862711394,0.00999999999999801,0.322463487538409,0.030608661211554245,2.0627316134785945,0,9.386475563049316
36.68422258499777,combined,3,2,follower_1,COMPLETE,NONE,TRACK,1.1537123274090832,-15.02489740320073,-0.34628767259091675,3.317775082283632,13.818028565739835,0.0049999999999954525,0.6,0.4425419694498373,1.6943932658589242,0,12.343232154846191
36.68422258499777,combined,3,3,follower_2,COMPLETE,NONE,TRACK,1.735970881446197,-4.6133204813830275,0.23597088144619693,2.0074544144956827,11.455123984357657,0.06999999999999318,0.6,0.48976856031802596,2.241163512639249,0,7.018452167510986
36.884225041998434,combined,3,1,leader,COMPLETE,NONE,TRACK,1.4423449357160862,-0.16099219697717676,-0.05765506428391376,1.5257049988519389,0.5076863116523797,0.07000000000000028,0.25528170841705256,0.017962089686770565,2.0169045382100093,0,16.190383911132812
36.884225041998434,combined,3,2,follower_1,COMPLETE,NONE,TRACK,1.1386458880750783,-11.605977237092944,-0.36135411192492173,2.3251191346761355,-9.931015576514325,0.005000000000002558,0.2006820433939932,-0.4990614482940081,1.6827959157304346,0,10.38372802734375
36.884225041998434,combined,3,3,follower_2,COMPLETE,NONE,TRACK,1.6543977639656366,-13.4013173469298,0.15439776396563665,3.3355033605855255,23.69793580745699,0.005000000000002558,0.6,0.8,2.165025171420242,0,10.977716445922852
37.08428416099923,combined,3,1,leader,COMPLETE,NONE,TRACK,1.4175694111228316,-0.2417822540823374,-0.08243058887716836,1.468274476250429,0.17845452897253497,0.015000000000000568,0.10343815104260641,0.005160458477307118,1.9921370805252796,0,7.445414066314697
37.08428416099923,combined,3,2,follower_1,COMPLETE,NONE,TRACK,1.1555674536894738,0.19102201886586045,-0.3444325463105262,1.366346086334004,-16.403165453440632,0.07000000000000028,0.0,-0.7036126367529978,1.7050934599447745,0,12.135727882385254
37.08428416099923,combined,3,3,follower_2,COMPLETE,NONE,TRACK,1.498208606603182,-13.159862138535058,-0.0017913933968181084,3.333209826339407,3.2025435766862502,0.010000000000005116,0.6,0.042744489526348614,2.0347402636841694,0,5.3726701736450195
37.285253135996754,combined,3,1,leader,COMPLETE,NONE,TRACK,1.4111943240099776,-0.26950129345737117,-0.08880567599002243,1.4483388732706153,0.0848424891626751,0.015000000000000568,0.03822768456240409,0.0020316250544877247,1.98576256451007,0,6.460848808288574
37.285253135996754,combined,3,2,follower_1,COMPLETE,NONE,TRACK,1.1612620892774466,1.9455382597031896,-0.33873791072255344,0.9881255021261643,-4.237132234970117,0.06499999999999773,0.0,-0.18482908668243933,1.7108462153522344,0,15.642010688781738
37.285253135996754,combined,3,3,follower_2,COMPLETE,NONE,TRACK,1.4529384880512421,-5.0735963181484065,-0.04706151194875785,2.1710635354610965,-14.594910946573819,0.00999999999999801,0.05376211983623802,-0.64104278916201,1.998022710429172,0,6.028244972229004
37.48464266799783,combined,3,1,leader,COMPLETE,NONE,TRACK,1.4111946778428013,-0.28747758629185327,-0.08880532215719872,1.4213499776179028,0.053740029508729976,0.020000000000003126,0.0,0.0013072258343237418,1.9857625625799797,0,7.055033206939697
37.48464266799783,combined,3,2,follower_1,COMPLETE,NONE,TRACK,1.1480620305604368,1.5058866754280098,-0.35193796943956324,0.7409195348431145,1.0795934057378676,0.14000000000000057,0.0,0.038417510280834864,1.6978029654611213,0,7.015885829925537
37.48464266799783,combined,3,3,follower_2,COMPLETE,NONE,TRACK,1.4644479156429797,-0.3517819571522129,-0.035552084357020286,1.7553555972013966,-7.161747874687421,0.00999999999999801,0.0,-0.29915783044324595,2.009808821600634,0,6.103047847747803
37.68450471399774,combined,3,1,leader,COMPLETE,NONE,TRACK,1.4111949961906725,-0.30275388296915956,-0.08880500380932754,1.4196202451218451,0.03747295680117739,0.14000000000000057,0.0,0.0009656598490335693,1.9857625606188767,0,16.072553634643555
37.68450471399774,combined,3,2,follower_1,COMPLETE,NONE,TRACK,1.037790387422875,-10.089715439500527,-0.4622096125771249,2.2605899463475354,22.567456723522106,0.015000000000000568,0.6,0.8,1.5841171795661075,0,7.903116226196289
37.68450471399774,combined,3,3,follower_2,COMPLETE,NONE,TRACK,1.5859873986900919,-3.6592389793801074,0.08598739869009187,1.7828586838060005,9.121808387040673,0.010000000000005116,0.0,0.40255178148337917,2.109478663120166,0,7.184989929199219
37.8840607059974,combined,3,1,leader,COMPLETE,NONE,TRACK,1.4111954096717811,-0.32147988683573964,-0.08880459032821886,1.4079916170583362,0.042406528748076204,0.015000000000000568,0.0,0.0013661757690071083,1.9857625586757202,0,9.60509204864502
37.8840607059974,combined,3,2,follower_1,COMPLETE,NONE,TRACK,0.9736317333969849,-9.297960216775866,-0.5263682666030151,1.750575443160464,-3.443148606268346,0.00999999999999801,0.19748525591351299,-0.22465764606991817,1.5196546548607897,0,13.256901741027832
37.8840607059974,combined,3,3,follower_2,COMPLETE,NONE,TRACK,1.5672439686010826,-11.742474960250934,0.06724396860108262,2.8520177012330397,25.92562449661709,0.00999999999999801,0.6,0.8,2.0925919776684414,0,6.956081867218018
