scene,condition_id,requested_range_m,requested_bearing_deg,actual_range_m,actual_bearing_deg,measured_range_m,measured_bearing_deg,valid,full_visibility,range_error_m,bearing_error_deg,stamp_sec,stamp_nanosec
camera_calibration,0,1.0,-30.0,1.0000000001866818,-29.99999999382462,0.9723435027324006,-23.42483757700469,True,False,-0.027656497454281226,6.5751624168199285,0,665000000
camera_calibration,0,1.0,-30.0,1.0000000001866818,-29.99999999382462,0.9723435027324006,-23.42483757700469,True,False,-0.027656497454281226,6.5751624168199285,0,730000000
camera_calibration,0,1.0,-30.0,1.0000000001866818,-29.99999999382462,0.9723435027324006,-23.42483757700469,True,False,-0.027656497454281226,6.5751624168199285,0,795000000
camera_calibration,0,1.0,-30.0,1.0000000001866818,-29.99999999382462,0.9723435027324006,-23.42483757700469,True,False,-0.027656497454281226,6.5751624168199285,0,860000000
camera_calibration,0,1.0,-30.0,1.0000000001866818,-29.99999999382462,0.9723435027324006,-23.42483757700469,True,False,-0.027656497454281226,6.5751624168199285,0,925000000
camera_calibration,0,1.0,-30.0,1.0000000001866818,-29.99999999382462,0.9723435027324006,-23.42483757700469,True,False,-0.027656497454281226,6.5751624168199285,0,995000000
camera_calibration,0,1.0,-30.0,1.0000000001866818,-29.99999999382462,0.9723435027324006,-23.42483757700469,True,False,-0.027656497454281226,6.5751624168199285,1,125000000
camera_calibration,0,1.0,-30.0,1.0000000001866818,-29.99999999382462,0.9723435027324006,-23.42483757700469,True,False,-0.027656497454281226,6.5751624168199285,1,190000000
camera_calibration,0,1.0,-30.0,1.0000000001866818,-29.99999999382462,0.9723435027324006,-23.42483757700469,True,False,-0.027656497454281226,6.5751624168199285,1,255000000
camera_calibration,0,1.0,-30.0,1.0000000001866818,-29.99999999382462,0.9723435027324006,-23.42483757700469,True,False,-0.027656497454281226,6.5751624168199285,1,325000000
camera_calibration,0,1.0,-30.0,1.0000000001866818,-29.99999999382462,0.9723435027324006,-23.42483757700469,True,False,-0.027656497454281226,6.5751624168199285,1,390000000
camera_calibration,0,1.0,-30.0,1.0000000001866818,-29.99999999382462,0.9723435027324006,-23.42483757700469,True,False,-0.027656497454281226,6.5751624168199285,1,455000000
camera_calibration,0,1.0,-30.0,1.0000000001866818,-29.99999999382462,0.9723435027324006,-23.42483757700469,True,False,-0.027656497454281226,6.5751624168199285,1,520000000
camera_calibration,0,1.0,-30.0,1.0000000001866818,-29.99999999382462,0.9723435027324006,-23.42483757700469,True,False,-0.027656497454281226,6.5751624168199285,1,585000000
camera_calibration,0,1.0,-30.0,1.0000000001866818,-29.99999999382462,0.9723435027324006,-23.42483757700469,True,False,-0.027656497454281226,6.5751624168199285,1,655000000
camera_calibration,0,1.0,-30.0,1.0000000001866818,-29.99999999382462,0.9723435027324006,-23.42483757700469,True,False,-0.027656497454281226,6.5751624168199285,1,720000000
camera_calibration,0,1.0,-30.0,1.0000000001866818,-29.99999999382462,0.9723435027324006,-23.42483757700469,True,False,-0.027656497454281226,6.5751624168199285,1,785000000
camera_calibration,0,1.0,-30.0,1.0000000001866818,-29.99999999382462,0.9723435027324006,-23.42483757700469,True,False,-0.027656497454281226,6.5751624168199285,1,850000000
camera_calibration,0,1.0,-30.0,1.0000000001866818,-29.99999999382462,0.9723435027324006,-23.42483757700469,True,False,-0.027656497454281226,6.5751624168199285,1,915000000
camera_calibration,0,1.0,-30.0,1.0000000001866818,-29.99999999382462,0.9723435027324006,-23.42483757700469,True,False,-0.027656497454281226,6.5751624168199285,1,985000000
camera_calibration,0,1.0,-30.0,1.0000000001866818,-29.99999999382462,0.9723435027324006,-23.42483757700469,True,False,-0.027656497454281226,6.5751624168199285,2,50000000
camera_calibration,0,1.0,-30.0,1.0000000001866818,-29.99999999382462,0.9723435027324006,-23.42483757700469,True,False,-0.027656497454281226,6.5751624168199285,2,115000000
camera_calibration,0,1.0,-30.0,1.0000000001866818,-29.99999999382462,0.9723435027324006,-23.42483757700469,True,False,-0.027656497454281226,6.5751624168199285,2,180000000
camera_calibration,0,1.0,-30.0,1.0000000001866818,-29.99999999382462,0.9723435027324006,-23.42483757700469,True,False,-0.027656497454281226,6.5751624168199285,2,245000000
camera_calibration,0,1.0,-30.0,1.0000000001866818,-29.99999999382462,0.9723435027324006,-23.42483757700469,True,False,-0.027656497454281226,6.5751624168199285,2,315000000
camera_calibration,0,1.0,-30.0,1.0000000001866818,-29.99999999382462,0.9723435027324006,-23.42483757700469,True,False,-0.027656497454281226,6.5751624168199285,2,380000000
camera_calibration,0,1.0,-30.0,1.0000000001866818,-29.99999999382462,0.9723435027324006,-23.42483757700469,True,False,-0.027656497454281226,6.5751624168199285,2,445000000
camera_calibration,0,1.0,-30.0,1.0000000001866818,-29.99999999382462,0.9723435027324006,-23.42483757700469,True,False,-0.027656497454281226,6.5751624168199285,2,510000000
camera_calibration,0,1.0,-30.0,1.0000000001866818,-29.99999999382462,0.9723435027324006,-23.42483757700469,True,False,-0.027656497454281226,6.5751624168199285,2,575000000
camera_calibration,0,1.0,-30.0,1.0000000001866818,-29.99999999382462,0.9723435027324006,-23.42483757700469,True,False,-0.027656497454281226,6.5751624168199285,2,645000000
camera_calibration,1,1.0,-20.0,1.000000000192401,-19.999999994422584,0.9823796549998316,-19.071673668320564,True,False,-0.017620345192569387,0.9283263261020203,3,105000000
camera_calibration,1,1.0,-20.0,1.000000000192401,-19.999999994422584,0.9823796549998316,-19.071673668320564,True,False,-0.017620345192569387,0.9283263261020203,3,170000000
camera_calibration,1,1.0,-20.0,1.000000000192401,-19.999999994422584,0.9823796549998316,-19.071673668320564,True,False,-0.017620345192569387,0.9283263261020203,3,235000000
camera_calibration,1,1.0,-20.0,1.000000000192401,-19.999999994422584,0.9823796549998316,-19.071673668320564,True,False,-0.017620345192569387,0.9283263261020203,3,305000000
camera_calibration,1,1.0,-20.0,1.000000000192401,-19.999999994422584,0.9823796549998316,-19.071673668320564,True,False,-0.017620345192569387,0.9283263261020203,3,370000000
camera_calibration,1,1.0,-20.0,1.000000000192401,-19.999999994422584,0.9823796549998316,-19.071673668320564,True,False,-0.017620345192569387,0.9283263261020203,3,435000000
camera_calibration,1,1.0,-20.0,1.000000000192401,-19.999999994422584,0.9823796549998316,-19.071673668320564,True,False,-0.017620345192569387,0.9283263261020203,3,500000000
camera_calibration,1,1.0,-20.0,1.000000000192401,-19.999999994422584,0.9823796549998316,-19.071673668320564,True,False,-0.017620345192569387,0.9283263261020203,3,565000000
camera_calibration,1,1.0,-20.0,1.000000000192401,-19.999999994422584,0.9823796549998316,-19.071673668320564,True,False,-0.017620345192569387,0.9283263261020203,3,635000000
camera_calibration,1,1.0,-20.0,1.000000000192401,-19.999999994422584,0.9823796549998316,-19.071673668320564,True,False,-0.017620345192569387,0.9283263261020203,3,700000000
camera_calibration,1,1.0,-20.0,1.000000000192401,-19.999999994422584,0.9823796549998316,-19.071673668320564,True,False,-0.017620345192569387,0.9283263261020203,3,765000000
camera_calibration,1,1.0,-20.0,1.000000000192401,-19.999999994422584,0.9823796549998316,-19.071673668320564,True,False,-0.017620345192569387,0.9283263261020203,3,830000000
camera_calibration,1,1.0,-20.0,1.000000000192401,-19.999999994422584,0.9823796549998316,-19.071673668320564,True,False,-0.017620345192569387,0.9283263261020203,3,895000000
camera_calibration,1,1.0,-20.0,1.000000000192401,-19.999999994422584,0.9823796549998316,-19.071673668320564,True,False,-0.017620345192569387,0.9283263261020203,3,965000000
camera_calibration,1,1.0,-20.0,1.000000000192401,-19.999999994422584,0.9823796549998316,-19.071673668320564,True,False,-0.017620345192569387,0.9283263261020203,4,30000000
camera_calibration,1,1.0,-20.0,1.000000000192401,-19.999999994422584,0.9823796549998316,-19.071673668320564,True,False,-0.017620345192569387,0.9283263261020203,4,95000000
camera_calibration,1,1.0,-20.0,1.000000000192401,-19.999999994422584,0.9823796549998316,-19.071673668320564,True,False,-0.017620345192569387,0.9283263261020203,4,160000000
camera_calibration,1,1.0,-20.0,1.000000000192401,-19.999999994422584,0.9823796549998316,-19.071673668320564,True,False,-0.017620345192569387,0.9283263261020203,4,225000000
camera_calibration,1,1.0,-20.0,1.000000000192401,-19.999999994422584,0.9823796549998316,-19.071673668320564,True,False,-0.017620345192569387,0.9283263261020203,4,295000000
camera_calibration,1,1.0,-20.0,1.000000000192401,-19.999999994422584,0.9823796549998316,-19.071673668320564,True,False,-0.017620345192569387,0.9283263261020203,4,360000000
camera_calibration,1,1.0,-20.0,1.000000000192401,-19.999999994422584,0.9823796549998316,-19.071673668320564,True,False,-0.017620345192569387,0.9283263261020203,4,425000000
camera_calibration,1,1.0,-20.0,1.000000000192401,-19.999999994422584,0.9823796549998316,-19.071673668320564,True,False,-0.017620345192569387,0.9283263261020203,4,490000000
camera_calibration,1,1.0,-20.0,1.000000000192401,-19.999999994422584,0.9823796549998316,-19.071673668320564,True,False,-0.017620345192569387,0.9283263261020203,4,555000000
camera_calibration,1,1.0,-20.0,1.000000000192401,-19.999999994422584,0.9823796549998316,-19.071673668320564,True,False,-0.017620345192569387,0.9283263261020203,4,625000000
camera_calibration,1,1.0,-20.0,1.000000000192401,-19.999999994422584,0.9823796549998316,-19.071673668320564,True,False,-0.017620345192569387,0.9283263261020203,4,690000000
camera_calibration,1,1.0,-20.0,1.000000000192401,-19.999999994422584,0.9823796549998316,-19.071673668320564,True,False,-0.017620345192569387,0.9283263261020203,4,755000000
camera_calibration,1,1.0,-20.0,1.000000000192401,-19.999999994422584,0.9823796549998316,-19.071673668320564,True,False,-0.017620345192569387,0.9283263261020203,4,820000000
camera_calibration,1,1.0,-20.0,1.000000000192401,-19.999999994422584,0.9823796549998316,-19.071673668320564,True,False,-0.017620345192569387,0.9283263261020203,4,885000000
camera_calibration,1,1.0,-20.0,1.000000000192401,-19.999999994422584,0.9823796549998316,-19.071673668320564,True,False,-0.017620345192569387,0.9283263261020203,5,20000000
camera_calibration,1,1.0,-20.0,1.000000000192401,-19.999999994422584,0.9823796549998316,-19.071673668320564,True,False,-0.017620345192569387,0.9283263261020203,5,85000000
camera_calibration,2,1.0,-10.0,0.99999999999372,-10.000000001987427,0.9658122972074658,-10.414972461319099,True,False,-0.03418770278625427,-0.41497245933167193,5,545000000
camera_calibration,2,1.0,-10.0,0.99999999999372,-10.000000001987427,0.9658122972074658,-10.414972461319099,True,False,-0.03418770278625427,-0.41497245933167193,5,615000000
camera_calibration,2,1.0,-10.0,0.99999999999372,-10.000000001987427,0.9658122972074658,-10.414972461319099,True,False,-0.03418770278625427,-0.41497245933167193,5,680000000
camera_calibration,2,1.0,-10.0,0.99999999999372,-10.000000001987427,0.9658122972074658,-10.414972461319099,True,False,-0.03418770278625427,-0.41497245933167193,5,745000000
camera_calibration,2,1.0,-10.0,0.99999999999372,-10.000000001987427,0.9658122972074658,-10.414972461319099,True,False,-0.03418770278625427,-0.41497245933167193,5,810000000
camera_calibration,2,1.0,-10.0,0.99999999999372,-10.000000001987427,0.9658122972074658,-10.414972461319099,True,False,-0.03418770278625427,-0.41497245933167193,5,875000000
camera_calibration,2,1.0,-10.0,0.99999999999372,-10.000000001987427,0.9658122972074658,-10.414972461319099,True,False,-0.03418770278625427,-0.41497245933167193,5,945000000
camera_calibration,2,1.0,-10.0,0.99999999999372,-10.000000001987427,0.9658122972074658,-10.414972461319099,True,False,-0.03418770278625427,-0.41497245933167193,6,10000000
camera_calibration,2,1.0,-10.0,0.99999999999372,-10.000000001987427,0.9658122972074658,-10.414972461319099,True,False,-0.03418770278625427,-0.41497245933167193,6,75000000
camera_calibration,2,1.0,-10.0,0.99999999999372,-10.000000001987427,0.9658122972074658,-10.414972461319099,True,False,-0.03418770278625427,-0.41497245933167193,6,140000000
camera_calibration,2,1.0,-10.0,0.99999999999372,-10.000000001987427,0.9658122972074658,-10.414972461319099,True,False,-0.03418770278625427,-0.41497245933167193,6,205000000
camera_calibration,2,1.0,-10.0,0.99999999999372,-10.000000001987427,0.9658122972074658,-10.414972461319099,True,False,-0.03418770278625427,-0.41497245933167193,6,275000000
camera_calibration,2,1.0,-10.0,0.99999999999372,-10.000000001987427,0.9658122972074658,-10.414972461319099,True,False,-0.03418770278625427,-0.41497245933167193,6,340000000
camera_calibration,2,1.0,-10.0,0.99999999999372,-10.000000001987427,0.9658122972074658,-10.414972461319099,True,False,-0.03418770278625427,-0.41497245933167193,6,405000000
camera_calibration,2,1.0,-10.0,0.99999999999372,-10.000000001987427,0.9658122972074658,-10.414972461319099,True,False,-0.03418770278625427,-0.41497245933167193,6,470000000
camera_calibration,2,1.0,-10.0,0.99999999999372,-10.000000001987427,0.9658122972074658,-10.414972461319099,True,False,-0.03418770278625427,-0.41497245933167193,6,535000000
camera_calibration,2,1.0,-10.0,0.99999999999372,-10.000000001987427,0.9658122972074658,-10.414972461319099,True,False,-0.03418770278625427,-0.41497245933167193,6,605000000
camera_calibration,2,1.0,-10.0,0.99999999999372,-10.000000001987427,0.9658122972074658,-10.414972461319099,True,False,-0.03418770278625427,-0.41497245933167193,6,670000000
camera_calibration,2,1.0,-10.0,0.99999999999372,-10.000000001987427,0.9658122972074658,-10.414972461319099,True,False,-0.03418770278625427,-0.41497245933167193,6,735000000
camera_calibration,2,1.0,-10.0,0.99999999999372,-10.000000001987427,0.9658122972074658,-10.414972461319099,True,False,-0.03418770278625427,-0.41497245933167193,6,800000000
camera_calibration,2,1.0,-10.0,0.99999999999372,-10.000000001987427,0.9658122972074658,-10.414972461319099,True,False,-0.03418770278625427,-0.41497245933167193,6,865000000
camera_calibration,2,1.0,-10.0,0.99999999999372,-10.000000001987427,0.9658122972074658,-10.414972461319099,True,False,-0.03418770278625427,-0.41497245933167193,6,935000000
camera_calibration,2,1.0,-10.0,0.99999999999372,-10.000000001987427,0.9658122972074658,-10.414972461319099,True,False,-0.03418770278625427,-0.41497245933167193,7,0
camera_calibration,2,1.0,-10.0,0.99999999999372,-10.000000001987427,0.9658122972074658,-10.414972461319099,True,False,-0.03418770278625427,-0.41497245933167193,7,65000000
camera_calibration,2,1.0,-10.0,0.99999999999372,-10.000000001987427,0.9658122972074658,-10.414972461319099,True,False,-0.03418770278625427,-0.41497245933167193,7,130000000
camera_calibration,2,1.0,-10.0,0.99999999999372,-10.000000001987427,0.9658122972074658,-10.414972461319099,True,False,-0.03418770278625427,-0.41497245933167193,7,195000000
camera_calibration,2,1.0,-10.0,0.99999999999372,-10.000000001987427,0.9658122972074658,-10.414972461319099,True,False,-0.03418770278625427,-0.41497245933167193,7,265000000
camera_calibration,2,1.0,-10.0,0.99999999999372,-10.000000001987427,0.9658122972074658,-10.414972461319099,True,False,-0.03418770278625427,-0.41497245933167193,7,330000000
camera_calibration,2,1.0,-10.0,0.99999999999372,-10.000000001987427,0.9658122972074658,-10.414972461319099,True,False,-0.03418770278625427,-0.41497245933167193,7,395000000
camera_calibration,2,1.0,-10.0,0.99999999999372,-10.000000001987427,0.9658122972074658,-10.414972461319099,True,False,-0.03418770278625427,-0.41497245933167193,7,460000000
camera_calibration,3,1.0,0.0,1.0,0.0,0.9609967895794195,0.0,True,True,-0.039003210420580525,0.0,8,55000000
camera_calibration,3,1.0,0.0,1.0,0.0,0.9609967895794195,0.0,True,True,-0.039003210420580525,0.0,8,120000000
camera_calibration,3,1.0,0.0,1.0,0.0,0.9609967895794195,0.0,True,True,-0.039003210420580525,0.0,8,185000000
camera_calibration,3,1.0,0.0,1.0,0.0,0.9609967895794195,0.0,True,True,-0.039003210420580525,0.0,8,255000000
camera_calibration,3,1.0,0.0,1.0,0.0,0.9609967895794195,0.0,True,True,-0.039003210420580525,0.0,8,320000000
camera_calibration,3,1.0,0.0,1.0,0.0,0.9609967895794195,0.0,True,True,-0.039003210420580525,0.0,8,385000000
camera_calibration,3,1.0,0.0,1.0,0.0,0.9609967895794195,0.0,True,True,-0.039003210420580525,0.0,8,450000000
camera_calibration,3,1.0,0.0,1.0,0.0,0.9609967895794195,0.0,True,True,-0.039003210420580525,0.0,8,515000000
camera_calibration,3,1.0,0.0,1.0,0.0,0.9609967895794195,0.0,True,True,-0.039003210420580525,0.0,8,585000000
camera_calibration,3,1.0,0.0,1.0,0.0,0.9609967895794195,0.0,True,True,-0.039003210420580525,0.0,8,715000000
camera_calibration,3,1.0,0.0,1.0,0.0,0.9609967895794195,0.0,True,True,-0.039003210420580525,0.0,8,780000000
camera_calibration,3,1.0,0.0,1.0,0.0,0.9609967895794195,0.0,True,True,-0.039003210420580525,0.0,8,845000000
camera_calibration,3,1.0,0.0,1.0,0.0,0.9609967895794195,0.0,True,True,-0.039003210420580525,0.0,8,915000000
camera_calibration,3,1.0,0.0,1.0,0.0,0.9609967895794195,0.0,True,True,-0.039003210420580525,0.0,8,980000000
camera_calibration,3,1.0,0.0,1.0,0.0,0.9609967895794195,0.0,True,True,-0.039003210420580525,0.0,9,45000000
camera_calibration,3,1.0,0.0,1.0,0.0,0.9609967895794195,0.0,True,True,-0.039003210420580525,0.0,9,110000000
camera_calibration,3,1.0,0.0,1.0,0.0,0.9609967895794195,0.0,True,True,-0.039003210420580525,0.0,9,175000000
camera_calibration,3,1.0,0.0,1.0,0.0,0.9609967895794195,0.0,True,True,-0.039003210420580525,0.0,9,245000000
camera_calibration,3,1.0,0.0,1.0,0.0,0.9609967895794195,0.0,True,True,-0.039003210420580525,0.0,9,310000000
camera_calibration,3,1.0,0.0,1.0,0.0,0.9609967895794195,0.0,True,True,-0.039003210420580525,0.0,9,375000000
camera_calibration,3,1.0,0.0,1.0,0.0,0.9609967895794195,0.0,True,True,-0.039003210420580525,0.0,9,440000000
camera_calibration,3,1.0,0.0,1.0,0.0,0.9609967895794195,0.0,True,True,-0.039003210420580525,0.0,9,505000000
camera_calibration,3,1.0,0.0,1.0,0.0,0.9609967895794195,0.0,True,True,-0.039003210420580525,0.0,9,575000000
camera_calibration,3,1.0,0.0,1.0,0.0,0.9609967895794195,0.0,True,True,-0.039003210420580525,0.0,9,640000000
camera_calibration,3,1.0,0.0,1.0,0.0,0.9609967895794195,0.0,True,True,-0.039003210420580525,0.0,9,705000000
camera_calibration,3,1.0,0.0,1.0,0.0,0.9609967895794195,0.0,True,True,-0.039003210420580525,0.0,9,770000000
camera_calibration,3,1.0,0.0,1.0,0.0,0.9609967895794195,0.0,True,True,-0.039003210420580525,0.0,9,835000000
camera_calibration,3,1.0,0.0,1.0,0.0,0.9609967895794195,0.0,True,True,-0.039003210420580525,0.0,9,905000000
camera_calibration,3,1.0,0.0,1.0,0.0,0.9609967895794195,0.0,True,True,-0.039003210420580525,0.0,9,970000000
camera_calibration,3,1.0,0.0,1.0,0.0,0.9609967895794195,0.0,True,True,-0.039003210420580525,0.0,10,35000000
camera_calibration,4,1.0,10.0,0.99999999999372,10.000000001987427,0.9658122972074658,10.414972461319099,True,False,-0.03418770278625427,0.41497245933167193,10,430000000
camera_calibration,4,1.0,10.0,0.99999999999372,10.000000001987427,0.9658122972074658,10.414972461319099,True,False,-0.03418770278625427,0.41497245933167193,10,495000000
camera_calibration,4,1.0,10.0,0.99999999999372,10.000000001987427,0.9658122972074658,10.414972461319099,True,False,-0.03418770278625427,0.41497245933167193,10,565000000
camera_calibration,4,1.0,10.0,0.99999999999372,10.000000001987427,0.9658122972074658,10.414972461319099,True,False,-0.03418770278625427,0.41497245933167193,10,630000000
camera_calibration,4,1.0,10.0,0.99999999999372,10.000000001987427,0.9658122972074658,10.414972461319099,True,False,-0.03418770278625427,0.41497245933167193,10,695000000
camera_calibration,4,1.0,10.0,0.99999999999372,10.000000001987427,0.9658122972074658,10.414972461319099,True,False,-0.03418770278625427,0.41497245933167193,10,760000000
camera_calibration,4,1.0,10.0,0.99999999999372,10.000000001987427,0.9658122972074658,10.414972461319099,True,False,-0.03418770278625427,0.41497245933167193,10,825000000
camera_calibration,4,1.0,10.0,0.99999999999372,10.000000001987427,0.9658122972074658,10.414972461319099,True,False,-0.03418770278625427,0.41497245933167193,10,895000000
camera_calibration,4,1.0,10.0,0.99999999999372,10.000000001987427,0.9658122972074658,10.414972461319099,True,False,-0.03418770278625427,0.41497245933167193,10,960000000
camera_calibration,4,1.0,10.0,0.99999999999372,10.000000001987427,0.9658122972074658,10.414972461319099,True,False,-0.03418770278625427,0.41497245933167193,11,25000000
camera_calibration,4,1.0,10.0,0.99999999999372,10.000000001987427,0.9658122972074658,10.414972461319099,True,False,-0.03418770278625427,0.41497245933167193,11,90000000
camera_calibration,4,1.0,10.0,0.99999999999372,10.000000001987427,0.9658122972074658,10.414972461319099,True,False,-0.03418770278625427,0.41497245933167193,11,155000000
camera_calibration,4,1.0,10.0,0.99999999999372,10.000000001987427,0.9658122972074658,10.414972461319099,True,False,-0.03418770278625427,0.41497245933167193,11,225000000
camera_calibration,4,1.0,10.0,0.99999999999372,10.000000001987427,0.9658122972074658,10.414972461319099,True,False,-0.03418770278625427,0.41497245933167193,11,290000000
camera_calibration,4,1.0,10.0,0.99999999999372,10.000000001987427,0.9658122972074658,10.414972461319099,True,False,-0.03418770278625427,0.41497245933167193,11,355000000
camera_calibration,4,1.0,10.0,0.99999999999372,10.000000001987427,0.9658122972074658,10.414972461319099,True,False,-0.03418770278625427,0.41497245933167193,11,420000000
camera_calibration,4,1.0,10.0,0.99999999999372,10.000000001987427,0.9658122972074658,10.414972461319099,True,False,-0.03418770278625427,0.41497245933167193,11,485000000
camera_calibration,4,1.0,10.0,0.99999999999372,10.000000001987427,0.9658122972074658,10.414972461319099,True,False,-0.03418770278625427,0.41497245933167193,11,555000000
camera_calibration,4,1.0,10.0,0.99999999999372,10.000000001987427,0.9658122972074658,10.414972461319099,True,False,-0.03418770278625427,0.41497245933167193,11,620000000
camera_calibration,4,1.0,10.0,0.99999999999372,10.000000001987427,0.9658122972074658,10.414972461319099,True,False,-0.03418770278625427,0.41497245933167193,11,685000000
camera_calibration,4,1.0,10.0,0.99999999999372,10.000000001987427,0.9658122972074658,10.414972461319099,True,False,-0.03418770278625427,0.41497245933167193,11,750000000
camera_calibration,4,1.0,10.0,0.99999999999372,10.000000001987427,0.9658122972074658,10.414972461319099,True,False,-0.03418770278625427,0.41497245933167193,11,815000000
camera_calibration,4,1.0,10.0,0.99999999999372,10.000000001987427,0.9658122972074658,10.414972461319099,True,False,-0.03418770278625427,0.41497245933167193,11,885000000
camera_calibration,4,1.0,10.0,0.99999999999372,10.000000001987427,0.9658122972074658,10.414972461319099,True,False,-0.03418770278625427,0.41497245933167193,11,950000000
camera_calibration,4,1.0,10.0,0.99999999999372,10.000000001987427,0.9658122972074658,10.414972461319099,True,False,-0.03418770278625427,0.41497245933167193,12,15000000
camera_calibration,4,1.0,10.0,0.99999999999372,10.000000001987427,0.9658122972074658,10.414972461319099,True,False,-0.03418770278625427,0.41497245933167193,12,80000000
camera_calibration,4,1.0,10.0,0.99999999999372,10.000000001987427,0.9658122972074658,10.414972461319099,True,False,-0.03418770278625427,0.41497245933167193,12,145000000
camera_calibration,4,1.0,10.0,0.99999999999372,10.000000001987427,0.9658122972074658,10.414972461319099,True,False,-0.03418770278625427,0.41497245933167193,12,215000000
camera_calibration,4,1.0,10.0,0.99999999999372,10.000000001987427,0.9658122972074658,10.414972461319099,True,False,-0.03418770278625427,0.41497245933167193,12,280000000
camera_calibration,4,1.0,10.0,0.99999999999372,10.000000001987427,0.9658122972074658,10.414972461319099,True,False,-0.03418770278625427,0.41497245933167193,12,345000000
camera_calibration,5,1.0,20.0,1.000000000192401,19.999999994422584,0.9823796549998316,19.071673668320564,True,False,-0.017620345192569387,-0.9283263261020203,12,740000000
camera_calibration,5,1.0,20.0,1.000000000192401,19.999999994422584,0.9823796549998316,19.071673668320564,True,False,-0.017620345192569387,-0.9283263261020203,12,805000000
camera_calibration,5,1.0,20.0,1.000000000192401,19.999999994422584,0.9823796549998316,19.071673668320564,True,False,-0.017620345192569387,-0.9283263261020203,12,940000000
camera_calibration,5,1.0,20.0,1.000000000192401,19.999999994422584,0.9823796549998316,19.071673668320564,True,False,-0.017620345192569387,-0.9283263261020203,13,5000000
camera_calibration,5,1.0,20.0,1.000000000192401,19.999999994422584,0.9823796549998316,19.071673668320564,True,False,-0.017620345192569387,-0.9283263261020203,13,70000000
camera_calibration,5,1.0,20.0,1.000000000192401,19.999999994422584,0.9823796549998316,19.071673668320564,True,False,-0.017620345192569387,-0.9283263261020203,13,135000000
camera_calibration,5,1.0,20.0,1.000000000192401,19.999999994422584,0.9823796549998316,19.071673668320564,True,False,-0.017620345192569387,-0.9283263261020203,13,270000000
camera_calibration,5,1.0,20.0,1.000000000192401,19.999999994422584,0.9823796549998316,19.071673668320564,True,False,-0.017620345192569387,-0.9283263261020203,13,335000000
camera_calibration,5,1.0,20.0,1.000000000192401,19.999999994422584,0.9823796549998316,19.071673668320564,True,False,-0.017620345192569387,-0.9283263261020203,13,400000000
camera_calibration,5,1.0,20.0,1.000000000192401,19.999999994422584,0.9823796549998316,19.071673668320564,True,False,-0.017620345192569387,-0.9283263261020203,13,465000000
camera_calibration,5,1.0,20.0,1.000000000192401,19.999999994422584,0.9823796549998316,19.071673668320564,True,False,-0.017620345192569387,-0.9283263261020203,13,535000000
camera_calibration,5,1.0,20.0,1.000000000192401,19.999999994422584,0.9823796549998316,19.071673668320564,True,False,-0.017620345192569387,-0.9283263261020203,13,600000000
camera_calibration,5,1.0,20.0,1.000000000192401,19.999999994422584,0.9823796549998316,19.071673668320564,True,False,-0.017620345192569387,-0.9283263261020203,13,665000000
camera_calibration,5,1.0,20.0,1.000000000192401,19.999999994422584,0.9823796549998316,19.071673668320564,True,False,-0.017620345192569387,-0.9283263261020203,13,730000000
camera_calibration,5,1.0,20.0,1.000000000192401,19.999999994422584,0.9823796549998316,19.071673668320564,True,False,-0.017620345192569387,-0.9283263261020203,13,795000000
camera_calibration,5,1.0,20.0,1.000000000192401,19.999999994422584,0.9823796549998316,19.071673668320564,True,False,-0.017620345192569387,-0.9283263261020203,13,865000000
camera_calibration,5,1.0,20.0,1.000000000192401,19.999999994422584,0.9823796549998316,19.071673668320564,True,False,-0.017620345192569387,-0.9283263261020203,13,930000000
camera_calibration,5,1.0,20.0,1.000000000192401,19.999999994422584,0.9823796549998316,19.071673668320564,True,False,-0.017620345192569387,-0.9283263261020203,13,995000000
camera_calibration,5,1.0,20.0,1.000000000192401,19.999999994422584,0.9823796549998316,19.071673668320564,True,False,-0.017620345192569387,-0.9283263261020203,14,125000000
camera_calibration,5,1.0,20.0,1.000000000192401,19.999999994422584,0.9823796549998316,19.071673668320564,True,False,-0.017620345192569387,-0.9283263261020203,14,195000000
camera_calibration,5,1.0,20.0,1.000000000192401,19.999999994422584,0.9823796549998316,19.071673668320564,True,False,-0.017620345192569387,-0.9283263261020203,14,260000000
camera_calibration,5,1.0,20.0,1.000000000192401,19.999999994422584,0.9823796549998316,19.071673668320564,True,False,-0.017620345192569387,-0.9283263261020203,14,325000000
camera_calibration,5,1.0,20.0,1.000000000192401,19.999999994422584,0.9823796549998316,19.071673668320564,True,False,-0.017620345192569387,-0.9283263261020203,14,390000000
camera_calibration,5,1.0,20.0,1.000000000192401,19.999999994422584,0.9823796549998316,19.071673668320564,True,False,-0.017620345192569387,-0.9283263261020203,14,455000000
camera_calibration,5,1.0,20.0,1.000000000192401,19.999999994422584,0.9823796549998316,19.071673668320564,True,False,-0.017620345192569387,-0.9283263261020203,14,525000000
camera_calibration,5,1.0,20.0,1.000000000192401,19.999999994422584,0.9823796549998316,19.071673668320564,True,False,-0.017620345192569387,-0.9283263261020203,14,590000000
camera_calibration,5,1.0,20.0,1.000000000192401,19.999999994422584,0.9823796549998316,19.071673668320564,True,False,-0.017620345192569387,-0.9283263261020203,14,655000000
camera_calibration,5,1.0,20.0,1.000000000192401,19.999999994422584,0.9823796549998316,19.071673668320564,True,False,-0.017620345192569387,-0.9283263261020203,14,720000000
camera_calibration,5,1.0,20.0,1.000000000192401,19.999999994422584,0.9823796549998316,19.071673668320564,True,False,-0.017620345192569387,-0.9283263261020203,14,785000000
camera_calibration,5,1.0,20.0,1.000000000192401,19.999999994422584,0.9823796549998316,19.071673668320564,True,False,-0.017620345192569387,-0.9283263261020203,14,855000000
camera_calibration,6,1.0,30.0,1.0000000001866818,29.99999999382462,0.9723435027324006,23.42483757700469,True,False,-0.027656497454281226,-6.5751624168199285,15,315000000
camera_calibration,6,1.0,30.0,1.0000000001866818,29.99999999382462,0.9723435027324006,23.42483757700469,True,False,-0.027656497454281226,-6.5751624168199285,15,380000000
camera_calibration,6,1.0,30.0,1.0000000001866818,29.99999999382462,0.9723435027324006,23.42483757700469,True,False,-0.027656497454281226,-6.5751624168199285,15,445000000
camera_calibration,6,1.0,30.0,1.0000000001866818,29.99999999382462,0.9723435027324006,23.42483757700469,True,False,-0.027656497454281226,-6.5751624168199285,15,515000000
camera_calibration,6,1.0,30.0,1.0000000001866818,29.99999999382462,0.9723435027324006,23.42483757700469,True,False,-0.027656497454281226,-6.5751624168199285,15,580000000
camera_calibration,6,1.0,30.0,1.0000000001866818,29.99999999382462,0.9723435027324006,23.42483757700469,True,False,-0.027656497454281226,-6.5751624168199285,15,645000000
camera_calibration,6,1.0,30.0,1.0000000001866818,29.99999999382462,0.9723435027324006,23.42483757700469,True,False,-0.027656497454281226,-6.5751624168199285,15,845000000
camera_calibration,6,1.0,30.0,1.0000000001866818,29.99999999382462,0.9723435027324006,23.42483757700469,True,False,-0.027656497454281226,-6.5751624168199285,15,910000000
camera_calibration,6,1.0,30.0,1.0000000001866818,29.99999999382462,0.9723435027324006,23.42483757700469,True,False,-0.027656497454281226,-6.5751624168199285,15,975000000
camera_calibration,6,1.0,30.0,1.0000000001866818,29.99999999382462,0.9723435027324006,23.42483757700469,True,False,-0.027656497454281226,-6.5751624168199285,16,40000000
camera_calibration,6,1.0,30.0,1.0000000001866818,29.99999999382462,0.9723435027324006,23.42483757700469,True,False,-0.027656497454281226,-6.5751624168199285,16,105000000
camera_calibration,6,1.0,30.0,1.0000000001866818,29.99999999382462,0.9723435027324006,23.42483757700469,True,False,-0.027656497454281226,-6.5751624168199285,16,175000000
camera_calibration,6,1.0,30.0,1.0000000001866818,29.99999999382462,0.9723435027324006,23.42483757700469,True,False,-0.027656497454281226,-6.5751624168199285,16,240000000
camera_calibration,6,1.0,30.0,1.0000000001866818,29.99999999382462,0.9723435027324006,23.42483757700469,True,False,-0.027656497454281226,-6.5751624168199285,16,305000000
camera_calibration,6,1.0,30.0,1.0000000001866818,29.99999999382462,0.9723435027324006,23.42483757700469,True,False,-0.027656497454281226,-6.5751624168199285,16,370000000
camera_calibration,6,1.0,30.0,1.0000000001866818,29.99999999382462,0.9723435027324006,23.42483757700469,True,False,-0.027656497454281226,-6.5751624168199285,16,435000000
camera_calibration,6,1.0,30.0,1.0000000001866818,29.99999999382462,0.9723435027324006,23.42483757700469,True,False,-0.027656497454281226,-6.5751624168199285,16,505000000
camera_calibration,6,1.0,30.0,1.0000000001866818,29.99999999382462,0.9723435027324006,23.42483757700469,True,False,-0.027656497454281226,-6.5751624168199285,16,570000000
camera_calibration,6,1.0,30.0,1.0000000001866818,29.99999999382462,0.9723435027324006,23.42483757700469,True,False,-0.027656497454281226,-6.5751624168199285,16,635000000
camera_calibration,6,1.0,30.0,1.0000000001866818,29.99999999382462,0.9723435027324006,23.42483757700469,True,False,-0.027656497454281226,-6.5751624168199285,16,700000000
camera_calibration,6,1.0,30.0,1.0000000001866818,29.99999999382462,0.9723435027324006,23.42483757700469,True,False,-0.027656497454281226,-6.5751624168199285,16,765000000
camera_calibration,6,1.0,30.0,1.0000000001866818,29.99999999382462,0.9723435027324006,23.42483757700469,True,False,-0.027656497454281226,-6.5751624168199285,16,835000000
camera_calibration,6,1.0,30.0,1.0000000001866818,29.99999999382462,0.9723435027324006,23.42483757700469,True,False,-0.027656497454281226,-6.5751624168199285,16,900000000
camera_calibration,6,1.0,30.0,1.0000000001866818,29.99999999382462,0.9723435027324006,23.42483757700469,True,False,-0.027656497454281226,-6.5751624168199285,16,965000000
camera_calibration,6,1.0,30.0,1.0000000001866818,29.99999999382462,0.9723435027324006,23.42483757700469,True,False,-0.027656497454281226,-6.5751624168199285,17,30000000
camera_calibration,6,1.0,30.0,1.0000000001866818,29.99999999382462,0.9723435027324006,23.42483757700469,True,False,-0.027656497454281226,-6.5751624168199285,17,95000000
camera_calibration,6,1.0,30.0,1.0000000001866818,29.99999999382462,0.9723435027324006,23.42483757700469,True,False,-0.027656497454281226,-6.5751624168199285,17,165000000
camera_calibration,6,1.0,30.0,1.0000000001866818,29.99999999382462,0.9723435027324006,23.42483757700469,True,False,-0.027656497454281226,-6.5751624168199285,17,230000000
camera_calibration,6,1.0,30.0,1.0000000001866818,29.99999999382462,0.9723435027324006,23.42483757700469,True,False,-0.027656497454281226,-6.5751624168199285,17,295000000
camera_calibration,6,1.0,30.0,1.0000000001866818,29.99999999382462,0.9723435027324006,23.42483757700469,True,False,-0.027656497454281226,-6.5751624168199285,17,360000000
camera_calibration,7,1.5,-30.0,1.5000000002800227,-29.99999999382462,1.4105929632002248,-26.56468197357283,True,False,-0.08940703707979791,3.4353180202517883,17,755000000
camera_calibration,7,1.5,-30.0,1.5000000002800227,-29.99999999382462,1.4105929632002248,-26.56468197357283,True,False,-0.08940703707979791,3.4353180202517883,17,825000000
camera_calibration,7,1.5,-30.0,1.5000000002800227,-29.99999999382462,1.4105929632002248,-26.56468197357283,True,False,-0.08940703707979791,3.4353180202517883,17,890000000
camera_calibration,7,1.5,-30.0,1.5000000002800227,-29.99999999382462,1.4105929632002248,-26.56468197357283,True,False,-0.08940703707979791,3.4353180202517883,17,955000000
camera_calibration,7,1.5,-30.0,1.5000000002800227,-29.99999999382462,1.4105929632002248,-26.56468197357283,True,False,-0.08940703707979791,3.4353180202517883,18,20000000
camera_calibration,7,1.5,-30.0,1.5000000002800227,-29.99999999382462,1.4105929632002248,-26.56468197357283,True,False,-0.08940703707979791,3.4353180202517883,18,85000000
camera_calibration,7,1.5,-30.0,1.5000000002800227,-29.99999999382462,1.4105929632002248,-26.56468197357283,True,False,-0.08940703707979791,3.4353180202517883,18,155000000
camera_calibration,7,1.5,-30.0,1.5000000002800227,-29.99999999382462,1.4105929632002248,-26.56468197357283,True,False,-0.08940703707979791,3.4353180202517883,18,220000000
camera_calibration,7,1.5,-30.0,1.5000000002800227,-29.99999999382462,1.4105929632002248,-26.56468197357283,True,False,-0.08940703707979791,3.4353180202517883,18,350000000
camera_calibration,7,1.5,-30.0,1.5000000002800227,-29.99999999382462,1.4105929632002248,-26.56468197357283,True,False,-0.08940703707979791,3.4353180202517883,18,415000000
camera_calibration,7,1.5,-30.0,1.5000000002800227,-29.99999999382462,1.4105929632002248,-26.56468197357283,True,False,-0.08940703707979791,3.4353180202517883,18,485000000
camera_calibration,7,1.5,-30.0,1.5000000002800227,-29.99999999382462,1.4105929632002248,-26.56468197357283,True,False,-0.08940703707979791,3.4353180202517883,18,550000000
camera_calibration,7,1.5,-30.0,1.5000000002800227,-29.99999999382462,1.4105929632002248,-26.56468197357283,True,False,-0.08940703707979791,3.4353180202517883,18,615000000
camera_calibration,7,1.5,-30.0,1.5000000002800227,-29.99999999382462,1.4105929632002248,-26.56468197357283,True,False,-0.08940703707979791,3.4353180202517883,18,680000000
camera_calibration,7,1.5,-30.0,1.5000000002800227,-29.99999999382462,1.4105929632002248,-26.56468197357283,True,False,-0.08940703707979791,3.4353180202517883,18,745000000
camera_calibration,7,1.5,-30.0,1.5000000002800227,-29.99999999382462,1.4105929632002248,-26.56468197357283,True,False,-0.08940703707979791,3.4353180202517883,18,815000000
camera_calibration,7,1.5,-30.0,1.5000000002800227,-29.99999999382462,1.4105929632002248,-26.56468197357283,True,False,-0.08940703707979791,3.4353180202517883,18,880000000
camera_calibration,7,1.5,-30.0,1.5000000002800227,-29.99999999382462,1.4105929632002248,-26.56468197357283,True,False,-0.08940703707979791,3.4353180202517883,18,945000000
camera_calibration,7,1.5,-30.0,1.5000000002800227,-29.99999999382462,1.4105929632002248,-26.56468197357283,True,False,-0.08940703707979791,3.4353180202517883,19,210000000
camera_calibration,7,1.5,-30.0,1.5000000002800227,-29.99999999382462,1.4105929632002248,-26.56468197357283,True,False,-0.08940703707979791,3.4353180202517883,19,275000000
camera_calibration,7,1.5,-30.0,1.5000000002800227,-29.99999999382462,1.4105929632002248,-26.56468197357283,True,False,-0.08940703707979791,3.4353180202517883,19,340000000
camera_calibration,7,1.5,-30.0,1.5000000002800227,-29.99999999382462,1.4105929632002248,-26.56468197357283,True,False,-0.08940703707979791,3.4353180202517883,19,405000000
camera_calibration,7,1.5,-30.0,1.5000000002800227,-29.99999999382462,1.4105929632002248,-26.56468197357283,True,False,-0.08940703707979791,3.4353180202517883,19,475000000
camera_calibration,7,1.5,-30.0,1.5000000002800227,-29.99999999382462,1.4105929632002248,-26.56468197357283,True,False,-0.08940703707979791,3.4353180202517883,19,540000000
camera_calibration,7,1.5,-30.0,1.5000000002800227,-29.99999999382462,1.4105929632002248,-26.56468197357283,True,False,-0.08940703707979791,3.4353180202517883,19,735000000
camera_calibration,7,1.5,-30.0,1.5000000002800227,-29.99999999382462,1.4105929632002248,-26.56468197357283,True,False,-0.08940703707979791,3.4353180202517883,19,870000000
camera_calibration,7,1.5,-30.0,1.5000000002800227,-29.99999999382462,1.4105929632002248,-26.56468197357283,True,False,-0.08940703707979791,3.4353180202517883,19,935000000
camera_calibration,7,1.5,-30.0,1.5000000002800227,-29.99999999382462,1.4105929632002248,-26.56468197357283,True,False,-0.08940703707979791,3.4353180202517883,20,0
camera_calibration,7,1.5,-30.0,1.5000000002800227,-29.99999999382462,1.4105929632002248,-26.56468197357283,True,False,-0.08940703707979791,3.4353180202517883,20,65000000
camera_calibration,7,1.5,-30.0,1.5000000002800227,-29.99999999382462,1.4105929632002248,-26.56468197357283,True,False,-0.08940703707979791,3.4353180202517883,20,135000000
camera_calibration,8,1.5,-20.0,1.4999999998358564,-20.000000002749363,1.4676983853556984,-20.404458893495242,True,True,-0.032301614480158,-0.4044588907458788,20,530000000
camera_calibration,8,1.5,-20.0,1.4999999998358564,-20.000000002749363,1.4676983853556984,-20.404458893495242,True,True,-0.032301614480158,-0.4044588907458788,20,595000000
camera_calibration,8,1.5,-20.0,1.4999999998358564,-20.000000002749363,1.4676983853556984,-20.404458893495242,True,True,-0.032301614480158,-0.4044588907458788,20,660000000
camera_calibration,8,1.5,-20.0,1.4999999998358564,-20.000000002749363,1.4676983853556984,-20.404458893495242,True,True,-0.032301614480158,-0.4044588907458788,20,725000000
camera_calibration,8,1.5,-20.0,1.4999999998358564,-20.000000002749363,1.4676983853556984,-20.404458893495242,True,True,-0.032301614480158,-0.4044588907458788,20,795000000
camera_calibration,8,1.5,-20.0,1.4999999998358564,-20.000000002749363,1.4676983853556984,-20.404458893495242,True,True,-0.032301614480158,-0.4044588907458788,20,860000000
camera_calibration,8,1.5,-20.0,1.4999999998358564,-20.000000002749363,1.4676983853556984,-20.404458893495242,True,True,-0.032301614480158,-0.4044588907458788,20,925000000
camera_calibration,8,1.5,-20.0,1.4999999998358564,-20.000000002749363,1.4676983853556984,-20.404458893495242,True,True,-0.032301614480158,-0.4044588907458788,20,990000000
camera_calibration,8,1.5,-20.0,1.4999999998358564,-20.000000002749363,1.4676983853556984,-20.404458893495242,True,True,-0.032301614480158,-0.4044588907458788,21,55000000
camera_calibration,8,1.5,-20.0,1.4999999998358564,-20.000000002749363,1.4676983853556984,-20.404458893495242,True,True,-0.032301614480158,-0.4044588907458788,21,125000000
camera_calibration,8,1.5,-20.0,1.4999999998358564,-20.000000002749363,1.4676983853556984,-20.404458893495242,True,True,-0.032301614480158,-0.4044588907458788,21,190000000
camera_calibration,8,1.5,-20.0,1.4999999998358564,-20.000000002749363,1.4676983853556984,-20.404458893495242,True,True,-0.032301614480158,-0.4044588907458788,21,255000000
camera_calibration,8,1.5,-20.0,1.4999999998358564,-20.000000002749363,1.4676983853556984,-20.404458893495242,True,True,-0.032301614480158,-0.4044588907458788,21,320000000
camera_calibration,8,1.5,-20.0,1.4999999998358564,-20.000000002749363,1.4676983853556984,-20.404458893495242,True,True,-0.032301614480158,-0.4044588907458788,21,385000000
camera_calibration,8,1.5,-20.0,1.4999999998358564,-20.000000002749363,1.4676983853556984,-20.404458893495242,True,True,-0.032301614480158,-0.4044588907458788,21,455000000
camera_calibration,8,1.5,-20.0,1.4999999998358564,-20.000000002749363,1.4676983853556984,-20.404458893495242,True,True,-0.032301614480158,-0.4044588907458788,21,520000000
camera_calibration,8,1.5,-20.0,1.4999999998358564,-20.000000002749363,1.4676983853556984,-20.404458893495242,True,True,-0.032301614480158,-0.4044588907458788,21,585000000
camera_calibration,8,1.5,-20.0,1.4999999998358564,-20.000000002749363,1.4676983853556984,-20.404458893495242,True,True,-0.032301614480158,-0.4044588907458788,21,650000000
camera_calibration,8,1.5,-20.0,1.4999999998358564,-20.000000002749363,1.4676983853556984,-20.404458893495242,True,True,-0.032301614480158,-0.4044588907458788,21,715000000
camera_calibration,8,1.5,-20.0,1.4999999998358564,-20.000000002749363,1.4676983853556984,-20.404458893495242,True,True,-0.032301614480158,-0.4044588907458788,21,785000000
camera_calibration,8,1.5,-20.0,1.4999999998358564,-20.000000002749363,1.4676983853556984,-20.404458893495242,True,True,-0.032301614480158,-0.4044588907458788,21,850000000
camera_calibration,8,1.5,-20.0,1.4999999998358564,-20.000000002749363,1.4676983853556984,-20.404458893495242,True,True,-0.032301614480158,-0.4044588907458788,21,915000000
camera_calibration,8,1.5,-20.0,1.4999999998358564,-20.000000002749363,1.4676983853556984,-20.404458893495242,True,True,-0.032301614480158,-0.4044588907458788,21,980000000
camera_calibration,8,1.5,-20.0,1.4999999998358564,-20.000000002749363,1.4676983853556984,-20.404458893495242,True,True,-0.032301614480158,-0.4044588907458788,22,45000000
camera_calibration,8,1.5,-20.0,1.4999999998358564,-20.000000002749363,1.4676983853556984,-20.404458893495242,True,True,-0.032301614480158,-0.4044588907458788,22,115000000
camera_calibration,8,1.5,-20.0,1.4999999998358564,-20.000000002749363,1.4676983853556984,-20.404458893495242,True,True,-0.032301614480158,-0.4044588907458788,22,180000000
camera_calibration,8,1.5,-20.0,1.4999999998358564,-20.000000002749363,1.4676983853556984,-20.404458893495242,True,True,-0.032301614480158,-0.4044588907458788,22,245000000
camera_calibration,8,1.5,-20.0,1.4999999998358564,-20.000000002749363,1.4676983853556984,-20.404458893495242,True,True,-0.032301614480158,-0.4044588907458788,22,310000000
camera_calibration,8,1.5,-20.0,1.4999999998358564,-20.000000002749363,1.4676983853556984,-20.404458893495242,True,True,-0.032301614480158,-0.4044588907458788,22,375000000
camera_calibration,8,1.5,-20.0,1.4999999998358564,-20.000000002749363,1.4676983853556984,-20.404458893495242,True,True,-0.032301614480158,-0.4044588907458788,22,445000000
camera_calibration,9,1.5,-10.0,1.5000000004743015,-9.999999996790146,1.4616607108429571,-10.293650914558938,True,True,-0.038339289631344364,-0.29365091776879204,22,840000000
camera_calibration,9,1.5,-10.0,1.5000000004743015,-9.999999996790146,1.4616607108429571,-10.293650914558938,True,True,-0.038339289631344364,-0.29365091776879204,22,905000000
camera_calibration,9,1.5,-10.0,1.5000000004743015,-9.999999996790146,1.4616607108429571,-10.293650914558938,True,True,-0.038339289631344364,-0.29365091776879204,22,970000000
camera_calibration,9,1.5,-10.0,1.5000000004743015,-9.999999996790146,1.4616607108429571,-10.293650914558938,True,True,-0.038339289631344364,-0.29365091776879204,23,35000000
camera_calibration,9,1.5,-10.0,1.5000000004743015,-9.999999996790146,1.4616607108429571,-10.293650914558938,True,True,-0.038339289631344364,-0.29365091776879204,23,105000000
camera_calibration,9,1.5,-10.0,1.5000000004743015,-9.999999996790146,1.4616607108429571,-10.293650914558938,True,True,-0.038339289631344364,-0.29365091776879204,23,170000000
camera_calibration,9,1.5,-10.0,1.5000000004743015,-9.999999996790146,1.4616607108429571,-10.293650914558938,True,True,-0.038339289631344364,-0.29365091776879204,23,235000000
camera_calibration,9,1.5,-10.0,1.5000000004743015,-9.999999996790146,1.4616607108429571,-10.293650914558938,True,True,-0.038339289631344364,-0.29365091776879204,23,300000000
camera_calibration,9,1.5,-10.0,1.5000000004743015,-9.999999996790146,1.4616607108429571,-10.293650914558938,True,True,-0.038339289631344364,-0.29365091776879204,23,365000000
camera_calibration,9,1.5,-10.0,1.5000000004743015,-9.999999996790146,1.4616607108429571,-10.293650914558938,True,True,-0.038339289631344364,-0.29365091776879204,23,435000000
camera_calibration,9,1.5,-10.0,1.5000000004743015,-9.999999996790146,1.4616607108429571,-10.293650914558938,True,True,-0.038339289631344364,-0.29365091776879204,23,500000000
camera_calibration,9,1.5,-10.0,1.5000000004743015,-9.999999996790146,1.4616607108429571,-10.293650914558938,True,True,-0.038339289631344364,-0.29365091776879204,23,565000000
camera_calibration,9,1.5,-10.0,1.5000000004743015,-9.999999996790146,1.4616607108429571,-10.293650914558938,True,True,-0.038339289631344364,-0.29365091776879204,23,630000000
camera_calibration,9,1.5,-10.0,1.5000000004743015,-9.999999996790146,1.4616607108429571,-10.293650914558938,True,True,-0.038339289631344364,-0.29365091776879204,23,695000000
camera_calibration,9,1.5,-10.0,1.5000000004743015,-9.999999996790146,1.4616607108429571,-10.293650914558938,True,True,-0.038339289631344364,-0.29365091776879204,23,765000000
camera_calibration,9,1.5,-10.0,1.5000000004743015,-9.999999996790146,1.4616607108429571,-10.293650914558938,True,True,-0.038339289631344364,-0.29365091776879204,23,830000000
camera_calibration,9,1.5,-10.0,1.5000000004743015,-9.999999996790146,1.4616607108429571,-10.293650914558938,True,True,-0.038339289631344364,-0.29365091776879204,23,895000000
camera_calibration,9,1.5,-10.0,1.5000000004743015,-9.999999996790146,1.4616607108429571,-10.293650914558938,True,True,-0.038339289631344364,-0.29365091776879204,23,960000000
camera_calibration,9,1.5,-10.0,1.5000000004743015,-9.999999996790146,1.4616607108429571,-10.293650914558938,True,True,-0.038339289631344364,-0.29365091776879204,24,25000000
camera_calibration,9,1.5,-10.0,1.5000000004743015,-9.999999996790146,1.4616607108429571,-10.293650914558938,True,True,-0.038339289631344364,-0.29365091776879204,24,95000000
camera_calibration,9,1.5,-10.0,1.5000000004743015,-9.999999996790146,1.4616607108429571,-10.293650914558938,True,True,-0.038339289631344364,-0.29365091776879204,24,160000000
camera_calibration,9,1.5,-10.0,1.5000000004743015,-9.999999996790146,1.4616607108429571,-10.293650914558938,True,True,-0.038339289631344364,-0.29365091776879204,24,225000000
camera_calibration,9,1.5,-10.0,1.5000000004743015,-9.999999996790146,1.4616607108429571,-10.293650914558938,True,True,-0.038339289631344364,-0.29365091776879204,24,290000000
camera_calibration,9,1.5,-10.0,1.5000000004743015,-9.999999996790146,1.4616607108429571,-10.293650914558938,True,True,-0.038339289631344364,-0.29365091776879204,24,355000000
camera_calibration,9,1.5,-10.0,1.5000000004743015,-9.999999996790146,1.4616607108429571,-10.293650914558938,True,True,-0.038339289631344364,-0.29365091776879204,24,620000000
camera_calibration,9,1.5,-10.0,1.5000000004743015,-9.999999996790146,1.4616607108429571,-10.293650914558938,True,True,-0.038339289631344364,-0.29365091776879204,24,685000000
camera_calibration,9,1.5,-10.0,1.5000000004743015,-9.999999996790146,1.4616607108429571,-10.293650914558938,True,True,-0.038339289631344364,-0.29365091776879204,24,755000000
camera_calibration,9,1.5,-10.0,1.5000000004743015,-9.999999996790146,1.4616607108429571,-10.293650914558938,True,True,-0.038339289631344364,-0.29365091776879204,24,820000000
camera_calibration,9,1.5,-10.0,1.5000000004743015,-9.999999996790146,1.4616607108429571,-10.293650914558938,True,True,-0.038339289631344364,-0.29365091776879204,24,885000000
camera_calibration,9,1.5,-10.0,1.5000000004743015,-9.999999996790146,1.4616607108429571,-10.293650914558938,True,True,-0.038339289631344364,-0.29365091776879204,24,950000000
camera_calibration,10,1.5,0.0,1.5,0.0,1.4637246474732795,0.0,True,True,-0.03627535252672054,0.0,25,345000000
camera_calibration,10,1.5,0.0,1.5,0.0,1.4637246474732795,0.0,True,True,-0.03627535252672054,0.0,25,415000000
camera_calibration,10,1.5,0.0,1.5,0.0,1.4637246474732795,0.0,True,True,-0.03627535252672054,0.0,25,480000000
camera_calibration,10,1.5,0.0,1.5,0.0,1.4637246474732795,0.0,True,True,-0.03627535252672054,0.0,25,610000000
camera_calibration,10,1.5,0.0,1.5,0.0,1.4637246474732795,0.0,True,True,-0.03627535252672054,0.0,25,675000000
camera_calibration,10,1.5,0.0,1.5,0.0,1.4637246474732795,0.0,True,True,-0.03627535252672054,0.0,25,745000000
camera_calibration,10,1.5,0.0,1.5,0.0,1.4637246474732795,0.0,True,True,-0.03627535252672054,0.0,25,810000000
camera_calibration,10,1.5,0.0,1.5,0.0,1.4637246474732795,0.0,True,True,-0.03627535252672054,0.0,25,875000000
camera_calibration,10,1.5,0.0,1.5,0.0,1.4637246474732795,0.0,True,True,-0.03627535252672054,0.0,25,940000000
camera_calibration,10,1.5,0.0,1.5,0.0,1.4637246474732795,0.0,True,True,-0.03627535252672054,0.0,26,5000000
camera_calibration,10,1.5,0.0,1.5,0.0,1.4637246474732795,0.0,True,True,-0.03627535252672054,0.0,26,75000000
camera_calibration,10,1.5,0.0,1.5,0.0,1.4637246474732795,0.0,True,True,-0.03627535252672054,0.0,26,140000000
camera_calibration,10,1.5,0.0,1.5,0.0,1.4637246474732795,0.0,True,True,-0.03627535252672054,0.0,26,205000000
camera_calibration,10,1.5,0.0,1.5,0.0,1.4637246474732795,0.0,True,True,-0.03627535252672054,0.0,26,270000000
camera_calibration,10,1.5,0.0,1.5,0.0,1.4637246474732795,0.0,True,True,-0.03627535252672054,0.0,26,335000000
camera_calibration,10,1.5,0.0,1.5,0.0,1.4637246474732795,0.0,True,True,-0.03627535252672054,0.0,26,405000000
camera_calibration,10,1.5,0.0,1.5,0.0,1.4637246474732795,0.0,True,True,-0.03627535252672054,0.0,26,470000000
camera_calibration,10,1.5,0.0,1.5,0.0,1.4637246474732795,0.0,True,True,-0.03627535252672054,0.0,26,535000000
camera_calibration,10,1.5,0.0,1.5,0.0,1.4637246474732795,0.0,True,True,-0.03627535252672054,0.0,26,600000000
camera_calibration,10,1.5,0.0,1.5,0.0,1.4637246474732795,0.0,True,True,-0.03627535252672054,0.0,26,665000000
camera_calibration,10,1.5,0.0,1.5,0.0,1.4637246474732795,0.0,True,True,-0.03627535252672054,0.0,26,735000000
camera_calibration,10,1.5,0.0,1.5,0.0,1.4637246474732795,0.0,True,True,-0.03627535252672054,0.0,26,800000000
camera_calibration,10,1.5,0.0,1.5,0.0,1.4637246474732795,0.0,True,True,-0.03627535252672054,0.0,26,865000000
camera_calibration,10,1.5,0.0,1.5,0.0,1.4637246474732795,0.0,True,True,-0.03627535252672054,0.0,26,930000000
camera_calibration,10,1.5,0.0,1.5,0.0,1.4637246474732795,0.0,True,True,-0.03627535252672054,0.0,26,995000000
camera_calibration,10,1.5,0.0,1.5,0.0,1.4637246474732795,0.0,True,True,-0.03627535252672054,0.0,27,65000000
camera_calibration,10,1.5,0.0,1.5,0.0,1.4637246474732795,0.0,True,True,-0.03627535252672054,0.0,27,130000000
camera_calibration,10,1.5,0.0,1.5,0.0,1.4637246474732795,0.0,True,True,-0.03627535252672054,0.0,27,195000000
camera_calibration,10,1.5,0.0,1.5,0.0,1.4637246474732795,0.0,True,True,-0.03627535252672054,0.0,27,260000000
camera_calibration,10,1.5,0.0,1.5,0.0,1.4637246474732795,0.0,True,True,-0.03627535252672054,0.0,27,325000000
camera_calibration,11,1.5,10.0,1.5000000004743015,9.999999996790146,1.4616607108429571,10.293650914558938,True,True,-0.038339289631344364,0.29365091776879204,27,725000000
camera_calibration,11,1.5,10.0,1.5000000004743015,9.999999996790146,1.4616607108429571,10.293650914558938,True,True,-0.038339289631344364,0.29365091776879204,27,790000000
camera_calibration,11,1.5,10.0,1.5000000004743015,9.999999996790146,1.4616607108429571,10.293650914558938,True,True,-0.038339289631344364,0.29365091776879204,27,855000000
camera_calibration,11,1.5,10.0,1.5000000004743015,9.999999996790146,1.4616607108429571,10.293650914558938,True,True,-0.038339289631344364,0.29365091776879204,27,920000000
camera_calibration,11,1.5,10.0,1.5000000004743015,9.999999996790146,1.4616607108429571,10.293650914558938,True,True,-0.038339289631344364,0.29365091776879204,27,985000000
camera_calibration,11,1.5,10.0,1.5000000004743015,9.999999996790146,1.4616607108429571,10.293650914558938,True,True,-0.038339289631344364,0.29365091776879204,28,55000000
camera_calibration,11,1.5,10.0,1.5000000004743015,9.999999996790146,1.4616607108429571,10.293650914558938,True,True,-0.038339289631344364,0.29365091776879204,28,120000000
camera_calibration,11,1.5,10.0,1.5000000004743015,9.999999996790146,1.4616607108429571,10.293650914558938,True,True,-0.038339289631344364,0.29365091776879204,28,185000000
camera_calibration,11,1.5,10.0,1.5000000004743015,9.999999996790146,1.4616607108429571,10.293650914558938,True,True,-0.038339289631344364,0.29365091776879204,28,250000000
camera_calibration,11,1.5,10.0,1.5000000004743015,9.999999996790146,1.4616607108429571,10.293650914558938,True,True,-0.038339289631344364,0.29365091776879204,28,315000000
camera_calibration,11,1.5,10.0,1.5000000004743015,9.999999996790146,1.4616607108429571,10.293650914558938,True,True,-0.038339289631344364,0.29365091776879204,28,385000000
camera_calibration,11,1.5,10.0,1.5000000004743015,9.999999996790146,1.4616607108429571,10.293650914558938,True,True,-0.038339289631344364,0.29365091776879204,28,450000000
camera_calibration,11,1.5,10.0,1.5000000004743015,9.999999996790146,1.4616607108429571,10.293650914558938,True,True,-0.038339289631344364,0.29365091776879204,28,515000000
camera_calibration,11,1.5,10.0,1.5000000004743015,9.999999996790146,1.4616607108429571,10.293650914558938,True,True,-0.038339289631344364,0.29365091776879204,28,580000000
camera_calibration,11,1.5,10.0,1.5000000004743015,9.999999996790146,1.4616607108429571,10.293650914558938,True,True,-0.038339289631344364,0.29365091776879204,28,645000000
camera_calibration,11,1.5,10.0,1.5000000004743015,9.999999996790146,1.4616607108429571,10.293650914558938,True,True,-0.038339289631344364,0.29365091776879204,28,715000000
camera_calibration,11,1.5,10.0,1.5000000004743015,9.999999996790146,1.4616607108429571,10.293650914558938,True,True,-0.038339289631344364,0.29365091776879204,28,780000000
camera_calibration,11,1.5,10.0,1.5000000004743015,9.999999996790146,1.4616607108429571,10.293650914558938,True,True,-0.038339289631344364,0.29365091776879204,28,845000000
camera_calibration,11,1.5,10.0,1.5000000004743015,9.999999996790146,1.4616607108429571,10.293650914558938,True,True,-0.038339289631344364,0.29365091776879204,28,910000000
camera_calibration,11,1.5,10.0,1.5000000004743015,9.999999996790146,1.4616607108429571,10.293650914558938,True,True,-0.038339289631344364,0.29365091776879204,28,975000000
camera_calibration,11,1.5,10.0,1.5000000004743015,9.999999996790146,1.4616607108429571,10.293650914558938,True,True,-0.038339289631344364,0.29365091776879204,29,45000000
camera_calibration,11,1.5,10.0,1.5000000004743015,9.999999996790146,1.4616607108429571,10.293650914558938,True,True,-0.038339289631344364,0.29365091776879204,29,110000000
camera_calibration,11,1.5,10.0,1.5000000004743015,9.999999996790146,1.4616607108429571,10.293650914558938,True,True,-0.038339289631344364,0.29365091776879204,29,240000000
camera_calibration,11,1.5,10.0,1.5000000004743015,9.999999996790146,1.4616607108429571,10.293650914558938,True,True,-0.038339289631344364,0.29365091776879204,29,305000000
camera_calibration,11,1.5,10.0,1.5000000004743015,9.999999996790146,1.4616607108429571,10.293650914558938,True,True,-0.038339289631344364,0.29365091776879204,29,375000000
camera_calibration,11,1.5,10.0,1.5000000004743015,9.999999996790146,1.4616607108429571,10.293650914558938,True,True,-0.038339289631344364,0.29365091776879204,29,440000000
camera_calibration,11,1.5,10.0,1.5000000004743015,9.999999996790146,1.4616607108429571,10.293650914558938,True,True,-0.038339289631344364,0.29365091776879204,29,505000000
camera_calibration,11,1.5,10.0,1.5000000004743015,9.999999996790146,1.4616607108429571,10.293650914558938,True,True,-0.038339289631344364,0.29365091776879204,29,570000000
camera_calibration,11,1.5,10.0,1.5000000004743015,9.999999996790146,1.4616607108429571,10.293650914558938,True,True,-0.038339289631344364,0.29365091776879204,29,635000000
camera_calibration,11,1.5,10.0,1.5000000004743015,9.999999996790146,1.4616607108429571,10.293650914558938,True,True,-0.038339289631344364,0.29365091776879204,29,705000000
camera_calibration,12,1.5,20.0,1.4999999998358564,20.000000002749363,1.4676983853556984,20.404458893495242,True,True,-0.032301614480158,0.4044588907458788,30,295000000
camera_calibration,12,1.5,20.0,1.4999999998358564,20.000000002749363,1.4676983853556984,20.404458893495242,True,True,-0.032301614480158,0.4044588907458788,30,365000000
camera_calibration,12,1.5,20.0,1.4999999998358564,20.000000002749363,1.4676983853556984,20.404458893495242,True,True,-0.032301614480158,0.4044588907458788,30,430000000
camera_calibration,12,1.5,20.0,1.4999999998358564,20.000000002749363,1.4676983853556984,20.404458893495242,True,True,-0.032301614480158,0.4044588907458788,30,560000000
camera_calibration,12,1.5,20.0,1.4999999998358564,20.000000002749363,1.4676983853556984,20.404458893495242,True,True,-0.032301614480158,0.4044588907458788,30,760000000
camera_calibration,12,1.5,20.0,1.4999999998358564,20.000000002749363,1.4676983853556984,20.404458893495242,True,True,-0.032301614480158,0.4044588907458788,30,825000000
camera_calibration,12,1.5,20.0,1.4999999998358564,20.000000002749363,1.4676983853556984,20.404458893495242,True,True,-0.032301614480158,0.4044588907458788,30,955000000
camera_calibration,12,1.5,20.0,1.4999999998358564,20.000000002749363,1.4676983853556984,20.404458893495242,True,True,-0.032301614480158,0.4044588907458788,31,25000000
camera_calibration,12,1.5,20.0,1.4999999998358564,20.000000002749363,1.4676983853556984,20.404458893495242,True,True,-0.032301614480158,0.4044588907458788,31,90000000
camera_calibration,12,1.5,20.0,1.4999999998358564,20.000000002749363,1.4676983853556984,20.404458893495242,True,True,-0.032301614480158,0.4044588907458788,31,155000000
camera_calibration,12,1.5,20.0,1.4999999998358564,20.000000002749363,1.4676983853556984,20.404458893495242,True,True,-0.032301614480158,0.4044588907458788,31,220000000
camera_calibration,12,1.5,20.0,1.4999999998358564,20.000000002749363,1.4676983853556984,20.404458893495242,True,True,-0.032301614480158,0.4044588907458788,31,285000000
camera_calibration,12,1.5,20.0,1.4999999998358564,20.000000002749363,1.4676983853556984,20.404458893495242,True,True,-0.032301614480158,0.4044588907458788,31,355000000
camera_calibration,12,1.5,20.0,1.4999999998358564,20.000000002749363,1.4676983853556984,20.404458893495242,True,True,-0.032301614480158,0.4044588907458788,31,485000000
camera_calibration,12,1.5,20.0,1.4999999998358564,20.000000002749363,1.4676983853556984,20.404458893495242,True,True,-0.032301614480158,0.4044588907458788,31,550000000
camera_calibration,12,1.5,20.0,1.4999999998358564,20.000000002749363,1.4676983853556984,20.404458893495242,True,True,-0.032301614480158,0.4044588907458788,31,615000000
camera_calibration,12,1.5,20.0,1.4999999998358564,20.000000002749363,1.4676983853556984,20.404458893495242,True,True,-0.032301614480158,0.4044588907458788,31,685000000
camera_calibration,12,1.5,20.0,1.4999999998358564,20.000000002749363,1.4676983853556984,20.404458893495242,True,True,-0.032301614480158,0.4044588907458788,31,750000000
camera_calibration,12,1.5,20.0,1.4999999998358564,20.000000002749363,1.4676983853556984,20.404458893495242,True,True,-0.032301614480158,0.4044588907458788,31,815000000
camera_calibration,12,1.5,20.0,1.4999999998358564,20.000000002749363,1.4676983853556984,20.404458893495242,True,True,-0.032301614480158,0.4044588907458788,31,880000000
camera_calibration,12,1.5,20.0,1.4999999998358564,20.000000002749363,1.4676983853556984,20.404458893495242,True,True,-0.032301614480158,0.4044588907458788,31,945000000
camera_calibration,12,1.5,20.0,1.4999999998358564,20.000000002749363,1.4676983853556984,20.404458893495242,True,True,-0.032301614480158,0.4044588907458788,32,15000000
camera_calibration,12,1.5,20.0,1.4999999998358564,20.000000002749363,1.4676983853556984,20.404458893495242,True,True,-0.032301614480158,0.4044588907458788,32,80000000
camera_calibration,12,1.5,20.0,1.4999999998358564,20.000000002749363,1.4676983853556984,20.404458893495242,True,True,-0.032301614480158,0.4044588907458788,32,145000000
camera_calibration,12,1.5,20.0,1.4999999998358564,20.000000002749363,1.4676983853556984,20.404458893495242,True,True,-0.032301614480158,0.4044588907458788,32,210000000
camera_calibration,12,1.5,20.0,1.4999999998358564,20.000000002749363,1.4676983853556984,20.404458893495242,True,True,-0.032301614480158,0.4044588907458788,32,275000000
camera_calibration,12,1.5,20.0,1.4999999998358564,20.000000002749363,1.4676983853556984,20.404458893495242,True,True,-0.032301614480158,0.4044588907458788,32,345000000
camera_calibration,12,1.5,20.0,1.4999999998358564,20.000000002749363,1.4676983853556984,20.404458893495242,True,True,-0.032301614480158,0.4044588907458788,32,410000000
camera_calibration,12,1.5,20.0,1.4999999998358564,20.000000002749363,1.4676983853556984,20.404458893495242,True,True,-0.032301614480158,0.4044588907458788,32,475000000
camera_calibration,12,1.5,20.0,1.4999999998358564,20.000000002749363,1.4676983853556984,20.404458893495242,True,True,-0.032301614480158,0.4044588907458788,32,540000000
camera_calibration,13,1.5,30.0,1.5000000002800227,29.99999999382462,1.4105929632002248,26.56468197357283,True,False,-0.08940703707979791,-3.4353180202517883,33,70000000
camera_calibration,13,1.5,30.0,1.5000000002800227,29.99999999382462,1.4105929632002248,26.56468197357283,True,False,-0.08940703707979791,-3.4353180202517883,33,135000000
camera_calibration,13,1.5,30.0,1.5000000002800227,29.99999999382462,1.4105929632002248,26.56468197357283,True,False,-0.08940703707979791,-3.4353180202517883,33,200000000
camera_calibration,13,1.5,30.0,1.5000000002800227,29.99999999382462,1.4105929632002248,26.56468197357283,True,False,-0.08940703707979791,-3.4353180202517883,33,265000000
camera_calibration,13,1.5,30.0,1.5000000002800227,29.99999999382462,1.4105929632002248,26.56468197357283,True,False,-0.08940703707979791,-3.4353180202517883,33,335000000
camera_calibration,13,1.5,30.0,1.5000000002800227,29.99999999382462,1.4105929632002248,26.56468197357283,True,False,-0.08940703707979791,-3.4353180202517883,33,400000000
camera_calibration,13,1.5,30.0,1.5000000002800227,29.99999999382462,1.4105929632002248,26.56468197357283,True,False,-0.08940703707979791,-3.4353180202517883,33,465000000
camera_calibration,13,1.5,30.0,1.5000000002800227,29.99999999382462,1.4105929632002248,26.56468197357283,True,False,-0.08940703707979791,-3.4353180202517883,33,530000000
camera_calibration,13,1.5,30.0,1.5000000002800227,29.99999999382462,1.4105929632002248,26.56468197357283,True,False,-0.08940703707979791,-3.4353180202517883,33,595000000
camera_calibration,13,1.5,30.0,1.5000000002800227,29.99999999382462,1.4105929632002248,26.56468197357283,True,False,-0.08940703707979791,-3.4353180202517883,33,665000000
camera_calibration,13,1.5,30.0,1.5000000002800227,29.99999999382462,1.4105929632002248,26.56468197357283,True,False,-0.08940703707979791,-3.4353180202517883,33,730000000
camera_calibration,13,1.5,30.0,1.5000000002800227,29.99999999382462,1.4105929632002248,26.56468197357283,True,False,-0.08940703707979791,-3.4353180202517883,33,795000000
camera_calibration,13,1.5,30.0,1.5000000002800227,29.99999999382462,1.4105929632002248,26.56468197357283,True,False,-0.08940703707979791,-3.4353180202517883,33,860000000
camera_calibration,13,1.5,30.0,1.5000000002800227,29.99999999382462,1.4105929632002248,26.56468197357283,True,False,-0.08940703707979791,-3.4353180202517883,33,925000000
camera_calibration,13,1.5,30.0,1.5000000002800227,29.99999999382462,1.4105929632002248,26.56468197357283,True,False,-0.08940703707979791,-3.4353180202517883,33,995000000
camera_calibration,13,1.5,30.0,1.5000000002800227,29.99999999382462,1.4105929632002248,26.56468197357283,True,False,-0.08940703707979791,-3.4353180202517883,34,125000000
camera_calibration,13,1.5,30.0,1.5000000002800227,29.99999999382462,1.4105929632002248,26.56468197357283,True,False,-0.08940703707979791,-3.4353180202517883,34,190000000
camera_calibration,13,1.5,30.0,1.5000000002800227,29.99999999382462,1.4105929632002248,26.56468197357283,True,False,-0.08940703707979791,-3.4353180202517883,34,325000000
camera_calibration,13,1.5,30.0,1.5000000002800227,29.99999999382462,1.4105929632002248,26.56468197357283,True,False,-0.08940703707979791,-3.4353180202517883,34,390000000
camera_calibration,13,1.5,30.0,1.5000000002800227,29.99999999382462,1.4105929632002248,26.56468197357283,True,False,-0.08940703707979791,-3.4353180202517883,34,455000000
camera_calibration,13,1.5,30.0,1.5000000002800227,29.99999999382462,1.4105929632002248,26.56468197357283,True,False,-0.08940703707979791,-3.4353180202517883,34,520000000
camera_calibration,13,1.5,30.0,1.5000000002800227,29.99999999382462,1.4105929632002248,26.56468197357283,True,False,-0.08940703707979791,-3.4353180202517883,34,585000000
camera_calibration,13,1.5,30.0,1.5000000002800227,29.99999999382462,1.4105929632002248,26.56468197357283,True,False,-0.08940703707979791,-3.4353180202517883,34,655000000
camera_calibration,13,1.5,30.0,1.5000000002800227,29.99999999382462,1.4105929632002248,26.56468197357283,True,False,-0.08940703707979791,-3.4353180202517883,34,785000000
camera_calibration,13,1.5,30.0,1.5000000002800227,29.99999999382462,1.4105929632002248,26.56468197357283,True,False,-0.08940703707979791,-3.4353180202517883,34,850000000
camera_calibration,13,1.5,30.0,1.5000000002800227,29.99999999382462,1.4105929632002248,26.56468197357283,True,False,-0.08940703707979791,-3.4353180202517883,34,985000000
camera_calibration,13,1.5,30.0,1.5000000002800227,29.99999999382462,1.4105929632002248,26.56468197357283,True,False,-0.08940703707979791,-3.4353180202517883,35,50000000
camera_calibration,13,1.5,30.0,1.5000000002800227,29.99999999382462,1.4105929632002248,26.56468197357283,True,False,-0.08940703707979791,-3.4353180202517883,35,180000000
camera_calibration,13,1.5,30.0,1.5000000002800227,29.99999999382462,1.4105929632002248,26.56468197357283,True,False,-0.08940703707979791,-3.4353180202517883,35,245000000
camera_calibration,13,1.5,30.0,1.5000000002800227,29.99999999382462,1.4105929632002248,26.56468197357283,True,False,-0.08940703707979791,-3.4353180202517883,35,315000000
camera_calibration,14,2.0,-30.0,2.0000000003733636,-29.99999999382462,1.918760634888274,-28.098126280469717,True,False,-0.08123936548508959,1.9018737133549024,35,775000000
camera_calibration,14,2.0,-30.0,2.0000000003733636,-29.99999999382462,1.918760634888274,-28.098126280469717,True,False,-0.08123936548508959,1.9018737133549024,35,840000000
camera_calibration,14,2.0,-30.0,2.0000000003733636,-29.99999999382462,1.918760634888274,-28.098126280469717,True,False,-0.08123936548508959,1.9018737133549024,35,905000000
camera_calibration,14,2.0,-30.0,2.0000000003733636,-29.99999999382462,1.918760634888274,-28.098126280469717,True,False,-0.08123936548508959,1.9018737133549024,35,975000000
camera_calibration,14,2.0,-30.0,2.0000000003733636,-29.99999999382462,1.918760634888274,-28.098126280469717,True,False,-0.08123936548508959,1.9018737133549024,36,40000000
camera_calibration,14,2.0,-30.0,2.0000000003733636,-29.99999999382462,1.918760634888274,-28.098126280469717,True,False,-0.08123936548508959,1.9018737133549024,36,105000000
camera_calibration,14,2.0,-30.0,2.0000000003733636,-29.99999999382462,1.918760634888274,-28.098126280469717,True,False,-0.08123936548508959,1.9018737133549024,36,170000000
camera_calibration,14,2.0,-30.0,2.0000000003733636,-29.99999999382462,1.918760634888274,-28.098126280469717,True,False,-0.08123936548508959,1.9018737133549024,36,235000000
camera_calibration,14,2.0,-30.0,2.0000000003733636,-29.99999999382462,1.918760634888274,-28.098126280469717,True,False,-0.08123936548508959,1.9018737133549024,36,305000000
camera_calibration,14,2.0,-30.0,2.0000000003733636,-29.99999999382462,1.918760634888274,-28.098126280469717,True,False,-0.08123936548508959,1.9018737133549024,36,370000000
camera_calibration,14,2.0,-30.0,2.0000000003733636,-29.99999999382462,1.918760634888274,-28.098126280469717,True,False,-0.08123936548508959,1.9018737133549024,36,435000000
camera_calibration,14,2.0,-30.0,2.0000000003733636,-29.99999999382462,1.918760634888274,-28.098126280469717,True,False,-0.08123936548508959,1.9018737133549024,36,500000000
camera_calibration,14,2.0,-30.0,2.0000000003733636,-29.99999999382462,1.918760634888274,-28.098126280469717,True,False,-0.08123936548508959,1.9018737133549024,36,565000000
camera_calibration,14,2.0,-30.0,2.0000000003733636,-29.99999999382462,1.918760634888274,-28.098126280469717,True,False,-0.08123936548508959,1.9018737133549024,36,635000000
camera_calibration,14,2.0,-30.0,2.0000000003733636,-29.99999999382462,1.918760634888274,-28.098126280469717,True,False,-0.08123936548508959,1.9018737133549024,36,700000000
camera_calibration,14,2.0,-30.0,2.0000000003733636,-29.99999999382462,1.918760634888274,-28.098126280469717,True,False,-0.08123936548508959,1.9018737133549024,36,765000000
camera_calibration,14,2.0,-30.0,2.0000000003733636,-29.99999999382462,1.918760634888274,-28.098126280469717,True,False,-0.08123936548508959,1.9018737133549024,36,830000000
camera_calibration,14,2.0,-30.0,2.0000000003733636,-29.99999999382462,1.918760634888274,-28.098126280469717,True,False,-0.08123936548508959,1.9018737133549024,36,965000000
camera_calibration,14,2.0,-30.0,2.0000000003733636,-29.99999999382462,1.918760634888274,-28.098126280469717,True,False,-0.08123936548508959,1.9018737133549024,37,30000000
camera_calibration,14,2.0,-30.0,2.0000000003733636,-29.99999999382462,1.918760634888274,-28.098126280469717,True,False,-0.08123936548508959,1.9018737133549024,37,160000000
camera_calibration,14,2.0,-30.0,2.0000000003733636,-29.99999999382462,1.918760634888274,-28.098126280469717,True,False,-0.08123936548508959,1.9018737133549024,37,225000000
camera_calibration,14,2.0,-30.0,2.0000000003733636,-29.99999999382462,1.918760634888274,-28.098126280469717,True,False,-0.08123936548508959,1.9018737133549024,37,295000000
camera_calibration,14,2.0,-30.0,2.0000000003733636,-29.99999999382462,1.918760634888274,-28.098126280469717,True,False,-0.08123936548508959,1.9018737133549024,37,425000000
camera_calibration,14,2.0,-30.0,2.0000000003733636,-29.99999999382462,1.918760634888274,-28.098126280469717,True,False,-0.08123936548508959,1.9018737133549024,37,555000000
camera_calibration,14,2.0,-30.0,2.0000000003733636,-29.99999999382462,1.918760634888274,-28.098126280469717,True,False,-0.08123936548508959,1.9018737133549024,37,625000000
camera_calibration,14,2.0,-30.0,2.0000000003733636,-29.99999999382462,1.918760634888274,-28.098126280469717,True,False,-0.08123936548508959,1.9018737133549024,37,755000000
camera_calibration,14,2.0,-30.0,2.0000000003733636,-29.99999999382462,1.918760634888274,-28.098126280469717,True,False,-0.08123936548508959,1.9018737133549024,37,820000000
camera_calibration,14,2.0,-30.0,2.0000000003733636,-29.99999999382462,1.918760634888274,-28.098126280469717,True,False,-0.08123936548508959,1.9018737133549024,37,885000000
camera_calibration,14,2.0,-30.0,2.0000000003733636,-29.99999999382462,1.918760634888274,-28.098126280469717,True,False,-0.08123936548508959,1.9018737133549024,37,955000000
camera_calibration,14,2.0,-30.0,2.0000000003733636,-29.99999999382462,1.918760634888274,-28.098126280469717,True,False,-0.08123936548508959,1.9018737133549024,38,20000000
camera_calibration,15,2.0,-20.0,2.000000000419004,-19.999999997114607,1.9657980830806265,-20.23908348319752,True,True,-0.03420191733837741,-0.23908348608291163,38,480000000
camera_calibration,15,2.0,-20.0,2.000000000419004,-19.999999997114607,1.9657980830806265,-20.23908348319752,True,True,-0.03420191733837741,-0.23908348608291163,38,545000000
camera_calibration,15,2.0,-20.0,2.000000000419004,-19.999999997114607,1.9657980830806265,-20.23908348319752,True,True,-0.03420191733837741,-0.23908348608291163,38,615000000
camera_calibration,15,2.0,-20.0,2.000000000419004,-19.999999997114607,1.9657980830806265,-20.23908348319752,True,True,-0.03420191733837741,-0.23908348608291163,38,680000000
camera_calibration,15,2.0,-20.0,2.000000000419004,-19.999999997114607,1.9657980830806265,-20.23908348319752,True,True,-0.03420191733837741,-0.23908348608291163,38,745000000
camera_calibration,15,2.0,-20.0,2.000000000419004,-19.999999997114607,1.9657980830806265,-20.23908348319752,True,True,-0.03420191733837741,-0.23908348608291163,38,810000000
camera_calibration,15,2.0,-20.0,2.000000000419004,-19.999999997114607,1.9657980830806265,-20.23908348319752,True,True,-0.03420191733837741,-0.23908348608291163,38,875000000
camera_calibration,15,2.0,-20.0,2.000000000419004,-19.999999997114607,1.9657980830806265,-20.23908348319752,True,True,-0.03420191733837741,-0.23908348608291163,38,945000000
camera_calibration,15,2.0,-20.0,2.000000000419004,-19.999999997114607,1.9657980830806265,-20.23908348319752,True,True,-0.03420191733837741,-0.23908348608291163,39,75000000
camera_calibration,15,2.0,-20.0,2.000000000419004,-19.999999997114607,1.9657980830806265,-20.23908348319752,True,True,-0.03420191733837741,-0.23908348608291163,39,140000000
camera_calibration,15,2.0,-20.0,2.000000000419004,-19.999999997114607,1.9657980830806265,-20.23908348319752,True,True,-0.03420191733837741,-0.23908348608291163,39,205000000
camera_calibration,15,2.0,-20.0,2.000000000419004,-19.999999997114607,1.9657980830806265,-20.23908348319752,True,True,-0.03420191733837741,-0.23908348608291163,39,275000000
camera_calibration,15,2.0,-20.0,2.000000000419004,-19.999999997114607,1.9657980830806265,-20.23908348319752,True,True,-0.03420191733837741,-0.23908348608291163,39,340000000
camera_calibration,15,2.0,-20.0,2.000000000419004,-19.999999997114607,1.9657980830806265,-20.23908348319752,True,True,-0.03420191733837741,-0.23908348608291163,39,405000000
camera_calibration,15,2.0,-20.0,2.000000000419004,-19.999999997114607,1.9657980830806265,-20.23908348319752,True,True,-0.03420191733837741,-0.23908348608291163,39,470000000
camera_calibration,15,2.0,-20.0,2.000000000419004,-19.999999997114607,1.9657980830806265,-20.23908348319752,True,True,-0.03420191733837741,-0.23908348608291163,39,535000000
camera_calibration,15,2.0,-20.0,2.000000000419004,-19.999999997114607,1.9657980830806265,-20.23908348319752,True,True,-0.03420191733837741,-0.23908348608291163,39,605000000
camera_calibration,15,2.0,-20.0,2.000000000419004,-19.999999997114607,1.9657980830806265,-20.23908348319752,True,True,-0.03420191733837741,-0.23908348608291163,39,670000000
camera_calibration,15,2.0,-20.0,2.000000000419004,-19.999999997114607,1.9657980830806265,-20.23908348319752,True,True,-0.03420191733837741,-0.23908348608291163,39,800000000
camera_calibration,15,2.0,-20.0,2.000000000419004,-19.999999997114607,1.9657980830806265,-20.23908348319752,True,True,-0.03420191733837741,-0.23908348608291163,39,865000000
camera_calibration,15,2.0,-20.0,2.000000000419004,-19.999999997114607,1.9657980830806265,-20.23908348319752,True,True,-0.03420191733837741,-0.23908348608291163,39,935000000
camera_calibration,15,2.0,-20.0,2.000000000419004,-19.999999997114607,1.9657980830806265,-20.23908348319752,True,True,-0.03420191733837741,-0.23908348608291163,40,0
camera_calibration,15,2.0,-20.0,2.000000000419004,-19.999999997114607,1.9657980830806265,-20.23908348319752,True,True,-0.03420191733837741,-0.23908348608291163,40,65000000
camera_calibration,15,2.0,-20.0,2.000000000419004,-19.999999997114607,1.9657980830806265,-20.23908348319752,True,True,-0.03420191733837741,-0.23908348608291163,40,265000000
camera_calibration,15,2.0,-20.0,2.000000000419004,-19.999999997114607,1.9657980830806265,-20.23908348319752,True,True,-0.03420191733837741,-0.23908348608291163,40,460000000
camera_calibration,15,2.0,-20.0,2.000000000419004,-19.999999997114607,1.9657980830806265,-20.23908348319752,True,True,-0.03420191733837741,-0.23908348608291163,40,525000000
camera_calibration,15,2.0,-20.0,2.000000000419004,-19.999999997114607,1.9657980830806265,-20.23908348319752,True,True,-0.03420191733837741,-0.23908348608291163,40,595000000
camera_calibration,15,2.0,-20.0,2.000000000419004,-19.999999997114607,1.9657980830806265,-20.23908348319752,True,True,-0.03420191733837741,-0.23908348608291163,40,660000000
camera_calibration,15,2.0,-20.0,2.000000000419004,-19.999999997114607,1.9657980830806265,-20.23908348319752,True,True,-0.03420191733837741,-0.23908348608291163,40,725000000
camera_calibration,15,2.0,-20.0,2.000000000419004,-19.999999997114607,1.9657980830806265,-20.23908348319752,True,True,-0.03420191733837741,-0.23908348608291163,40,790000000
camera_calibration,16,2.0,-10.0,1.9999999999700753,-9.999999999166162,1.9618548247666787,-10.17223598397689,True,True,-0.03814517520339655,-0.17223598481072777,41,320000000
camera_calibration,16,2.0,-10.0,1.9999999999700753,-9.999999999166162,1.9618548247666787,-10.17223598397689,True,True,-0.03814517520339655,-0.17223598481072777,41,450000000
camera_calibration,16,2.0,-10.0,1.9999999999700753,-9.999999999166162,1.9618548247666787,-10.17223598397689,True,True,-0.03814517520339655,-0.17223598481072777,41,515000000
camera_calibration,16,2.0,-10.0,1.9999999999700753,-9.999999999166162,1.9618548247666787,-10.17223598397689,True,True,-0.03814517520339655,-0.17223598481072777,41,585000000
camera_calibration,16,2.0,-10.0,1.9999999999700753,-9.999999999166162,1.9618548247666787,-10.17223598397689,True,True,-0.03814517520339655,-0.17223598481072777,41,650000000
camera_calibration,16,2.0,-10.0,1.9999999999700753,-9.999999999166162,1.9618548247666787,-10.17223598397689,True,True,-0.03814517520339655,-0.17223598481072777,41,715000000
camera_calibration,16,2.0,-10.0,1.9999999999700753,-9.999999999166162,1.9618548247666787,-10.17223598397689,True,True,-0.03814517520339655,-0.17223598481072777,41,780000000
camera_calibration,16,2.0,-10.0,1.9999999999700753,-9.999999999166162,1.9618548247666787,-10.17223598397689,True,True,-0.03814517520339655,-0.17223598481072777,41,845000000
camera_calibration,16,2.0,-10.0,1.9999999999700753,-9.999999999166162,1.9618548247666787,-10.17223598397689,True,True,-0.03814517520339655,-0.17223598481072777,41,915000000
camera_calibration,16,2.0,-10.0,1.9999999999700753,-9.999999999166162,1.9618548247666787,-10.17223598397689,True,True,-0.03814517520339655,-0.17223598481072777,41,980000000
camera_calibration,16,2.0,-10.0,1.9999999999700753,-9.999999999166162,1.9618548247666787,-10.17223598397689,True,True,-0.03814517520339655,-0.17223598481072777,42,45000000
camera_calibration,16,2.0,-10.0,1.9999999999700753,-9.999999999166162,1.9618548247666787,-10.17223598397689,True,True,-0.03814517520339655,-0.17223598481072777,42,110000000
camera_calibration,16,2.0,-10.0,1.9999999999700753,-9.999999999166162,1.9618548247666787,-10.17223598397689,True,True,-0.03814517520339655,-0.17223598481072777,42,175000000
camera_calibration,16,2.0,-10.0,1.9999999999700753,-9.999999999166162,1.9618548247666787,-10.17223598397689,True,True,-0.03814517520339655,-0.17223598481072777,42,245000000
camera_calibration,16,2.0,-10.0,1.9999999999700753,-9.999999999166162,1.9618548247666787,-10.17223598397689,True,True,-0.03814517520339655,-0.17223598481072777,42,310000000
camera_calibration,16,2.0,-10.0,1.9999999999700753,-9.999999999166162,1.9618548247666787,-10.17223598397689,True,True,-0.03814517520339655,-0.17223598481072777,42,375000000
camera_calibration,16,2.0,-10.0,1.9999999999700753,-9.999999999166162,1.9618548247666787,-10.17223598397689,True,True,-0.03814517520339655,-0.17223598481072777,42,440000000
camera_calibration,16,2.0,-10.0,1.9999999999700753,-9.999999999166162,1.9618548247666787,-10.17223598397689,True,True,-0.03814517520339655,-0.17223598481072777,42,575000000
camera_calibration,16,2.0,-10.0,1.9999999999700753,-9.999999999166162,1.9618548247666787,-10.17223598397689,True,True,-0.03814517520339655,-0.17223598481072777,42,640000000
camera_calibration,16,2.0,-10.0,1.9999999999700753,-9.999999999166162,1.9618548247666787,-10.17223598397689,True,True,-0.03814517520339655,-0.17223598481072777,42,705000000
camera_calibration,16,2.0,-10.0,1.9999999999700753,-9.999999999166162,1.9618548247666787,-10.17223598397689,True,True,-0.03814517520339655,-0.17223598481072777,42,835000000
camera_calibration,16,2.0,-10.0,1.9999999999700753,-9.999999999166162,1.9618548247666787,-10.17223598397689,True,True,-0.03814517520339655,-0.17223598481072777,42,905000000
camera_calibration,16,2.0,-10.0,1.9999999999700753,-9.999999999166162,1.9618548247666787,-10.17223598397689,True,True,-0.03814517520339655,-0.17223598481072777,42,970000000
camera_calibration,16,2.0,-10.0,1.9999999999700753,-9.999999999166162,1.9618548247666787,-10.17223598397689,True,True,-0.03814517520339655,-0.17223598481072777,43,35000000
camera_calibration,16,2.0,-10.0,1.9999999999700753,-9.999999999166162,1.9618548247666787,-10.17223598397689,True,True,-0.03814517520339655,-0.17223598481072777,43,100000000
camera_calibration,16,2.0,-10.0,1.9999999999700753,-9.999999999166162,1.9618548247666787,-10.17223598397689,True,True,-0.03814517520339655,-0.17223598481072777,43,165000000
camera_calibration,16,2.0,-10.0,1.9999999999700753,-9.999999999166162,1.9618548247666787,-10.17223598397689,True,True,-0.03814517520339655,-0.17223598481072777,43,235000000
camera_calibration,16,2.0,-10.0,1.9999999999700753,-9.999999999166162,1.9618548247666787,-10.17223598397689,True,True,-0.03814517520339655,-0.17223598481072777,43,300000000
camera_calibration,16,2.0,-10.0,1.9999999999700753,-9.999999999166162,1.9618548247666787,-10.17223598397689,True,True,-0.03814517520339655,-0.17223598481072777,43,365000000
camera_calibration,16,2.0,-10.0,1.9999999999700753,-9.999999999166162,1.9618548247666787,-10.17223598397689,True,True,-0.03814517520339655,-0.17223598481072777,43,430000000
camera_calibration,17,2.0,0.0,2.0,0.0,1.9679742867942178,0.0,True,True,-0.03202571320578218,0.0,43,825000000
camera_calibration,17,2.0,0.0,2.0,0.0,1.9679742867942178,0.0,True,True,-0.03202571320578218,0.0,43,895000000
camera_calibration,17,2.0,0.0,2.0,0.0,1.9679742867942178,0.0,True,True,-0.03202571320578218,0.0,43,960000000
camera_calibration,17,2.0,0.0,2.0,0.0,1.9679742867942178,0.0,True,True,-0.03202571320578218,0.0,44,25000000
camera_calibration,17,2.0,0.0,2.0,0.0,1.9679742867942178,0.0,True,True,-0.03202571320578218,0.0,44,90000000
camera_calibration,17,2.0,0.0,2.0,0.0,1.9679742867942178,0.0,True,True,-0.03202571320578218,0.0,44,155000000
camera_calibration,17,2.0,0.0,2.0,0.0,1.9679742867942178,0.0,True,True,-0.03202571320578218,0.0,44,225000000
camera_calibration,17,2.0,0.0,2.0,0.0,1.9679742867942178,0.0,True,True,-0.03202571320578218,0.0,44,355000000
camera_calibration,17,2.0,0.0,2.0,0.0,1.9679742867942178,0.0,True,True,-0.03202571320578218,0.0,44,420000000
camera_calibration,17,2.0,0.0,2.0,0.0,1.9679742867942178,0.0,True,True,-0.03202571320578218,0.0,44,485000000
camera_calibration,17,2.0,0.0,2.0,0.0,1.9679742867942178,0.0,True,True,-0.03202571320578218,0.0,44,555000000
camera_calibration,17,2.0,0.0,2.0,0.0,1.9679742867942178,0.0,True,True,-0.03202571320578218,0.0,44,620000000
camera_calibration,17,2.0,0.0,2.0,0.0,1.9679742867942178,0.0,True,True,-0.03202571320578218,0.0,44,685000000
camera_calibration,17,2.0,0.0,2.0,0.0,1.9679742867942178,0.0,True,True,-0.03202571320578218,0.0,44,815000000
camera_calibration,17,2.0,0.0,2.0,0.0,1.9679742867942178,0.0,True,True,-0.03202571320578218,0.0,44,885000000
camera_calibration,17,2.0,0.0,2.0,0.0,1.9679742867942178,0.0,True,True,-0.03202571320578218,0.0,44,950000000
camera_calibration,17,2.0,0.0,2.0,0.0,1.9679742867942178,0.0,True,True,-0.03202571320578218,0.0,45,15000000
camera_calibration,17,2.0,0.0,2.0,0.0,1.9679742867942178,0.0,True,True,-0.03202571320578218,0.0,45,80000000
camera_calibration,17,2.0,0.0,2.0,0.0,1.9679742867942178,0.0,True,True,-0.03202571320578218,0.0,45,145000000
camera_calibration,17,2.0,0.0,2.0,0.0,1.9679742867942178,0.0,True,True,-0.03202571320578218,0.0,45,215000000
camera_calibration,17,2.0,0.0,2.0,0.0,1.9679742867942178,0.0,True,True,-0.03202571320578218,0.0,45,280000000
camera_calibration,17,2.0,0.0,2.0,0.0,1.9679742867942178,0.0,True,True,-0.03202571320578218,0.0,45,345000000
camera_calibration,17,2.0,0.0,2.0,0.0,1.9679742867942178,0.0,True,True,-0.03202571320578218,0.0,45,410000000
camera_calibration,17,2.0,0.0,2.0,0.0,1.9679742867942178,0.0,True,True,-0.03202571320578218,0.0,45,475000000
camera_calibration,17,2.0,0.0,2.0,0.0,1.9679742867942178,0.0,True,True,-0.03202571320578218,0.0,45,545000000
camera_calibration,17,2.0,0.0,2.0,0.0,1.9679742867942178,0.0,True,True,-0.03202571320578218,0.0,45,610000000
camera_calibration,17,2.0,0.0,2.0,0.0,1.9679742867942178,0.0,True,True,-0.03202571320578218,0.0,45,675000000
camera_calibration,17,2.0,0.0,2.0,0.0,1.9679742867942178,0.0,True,True,-0.03202571320578218,0.0,45,740000000
camera_calibration,17,2.0,0.0,2.0,0.0,1.9679742867942178,0.0,True,True,-0.03202571320578218,0.0,45,805000000
camera_calibration,17,2.0,0.0,2.0,0.0,1.9679742867942178,0.0,True,True,-0.03202571320578218,0.0,45,875000000
camera_calibration,18,2.0,10.0,1.9999999999700753,9.999999999166162,1.9618548247666787,10.17223598397689,True,True,-0.03814517520339655,0.17223598481072777,46,335000000
camera_calibration,18,2.0,10.0,1.9999999999700753,9.999999999166162,1.9618548247666787,10.17223598397689,True,True,-0.03814517520339655,0.17223598481072777,46,400000000
camera_calibration,18,2.0,10.0,1.9999999999700753,9.999999999166162,1.9618548247666787,10.17223598397689,True,True,-0.03814517520339655,0.17223598481072777,46,465000000
camera_calibration,18,2.0,10.0,1.9999999999700753,9.999999999166162,1.9618548247666787,10.17223598397689,True,True,-0.03814517520339655,0.17223598481072777,46,535000000
camera_calibration,18,2.0,10.0,1.9999999999700753,9.999999999166162,1.9618548247666787,10.17223598397689,True,True,-0.03814517520339655,0.17223598481072777,46,600000000
camera_calibration,18,2.0,10.0,1.9999999999700753,9.999999999166162,1.9618548247666787,10.17223598397689,True,True,-0.03814517520339655,0.17223598481072777,46,665000000
camera_calibration,18,2.0,10.0,1.9999999999700753,9.999999999166162,1.9618548247666787,10.17223598397689,True,True,-0.03814517520339655,0.17223598481072777,46,730000000
camera_calibration,18,2.0,10.0,1.9999999999700753,9.999999999166162,1.9618548247666787,10.17223598397689,True,True,-0.03814517520339655,0.17223598481072777,46,795000000
camera_calibration,18,2.0,10.0,1.9999999999700753,9.999999999166162,1.9618548247666787,10.17223598397689,True,True,-0.03814517520339655,0.17223598481072777,46,865000000
camera_calibration,18,2.0,10.0,1.9999999999700753,9.999999999166162,1.9618548247666787,10.17223598397689,True,True,-0.03814517520339655,0.17223598481072777,46,930000000
camera_calibration,18,2.0,10.0,1.9999999999700753,9.999999999166162,1.9618548247666787,10.17223598397689,True,True,-0.03814517520339655,0.17223598481072777,46,995000000
camera_calibration,18,2.0,10.0,1.9999999999700753,9.999999999166162,1.9618548247666787,10.17223598397689,True,True,-0.03814517520339655,0.17223598481072777,47,60000000
camera_calibration,18,2.0,10.0,1.9999999999700753,9.999999999166162,1.9618548247666787,10.17223598397689,True,True,-0.03814517520339655,0.17223598481072777,47,125000000
camera_calibration,18,2.0,10.0,1.9999999999700753,9.999999999166162,1.9618548247666787,10.17223598397689,True,True,-0.03814517520339655,0.17223598481072777,47,195000000
camera_calibration,18,2.0,10.0,1.9999999999700753,9.999999999166162,1.9618548247666787,10.17223598397689,True,True,-0.03814517520339655,0.17223598481072777,47,260000000
camera_calibration,18,2.0,10.0,1.9999999999700753,9.999999999166162,1.9618548247666787,10.17223598397689,True,True,-0.03814517520339655,0.17223598481072777,47,325000000
camera_calibration,18,2.0,10.0,1.9999999999700753,9.999999999166162,1.9618548247666787,10.17223598397689,True,True,-0.03814517520339655,0.17223598481072777,47,390000000
camera_calibration,18,2.0,10.0,1.9999999999700753,9.999999999166162,1.9618548247666787,10.17223598397689,True,True,-0.03814517520339655,0.17223598481072777,47,455000000
camera_calibration,18,2.0,10.0,1.9999999999700753,9.999999999166162,1.9618548247666787,10.17223598397689,True,True,-0.03814517520339655,0.17223598481072777,47,525000000
camera_calibration,18,2.0,10.0,1.9999999999700753,9.999999999166162,1.9618548247666787,10.17223598397689,True,True,-0.03814517520339655,0.17223598481072777,47,590000000
camera_calibration,18,2.0,10.0,1.9999999999700753,9.999999999166162,1.9618548247666787,10.17223598397689,True,True,-0.03814517520339655,0.17223598481072777,47,655000000
camera_calibration,18,2.0,10.0,1.9999999999700753,9.999999999166162,1.9618548247666787,10.17223598397689,True,True,-0.03814517520339655,0.17223598481072777,47,720000000
camera_calibration,18,2.0,10.0,1.9999999999700753,9.999999999166162,1.9618548247666787,10.17223598397689,True,True,-0.03814517520339655,0.17223598481072777,47,785000000
camera_calibration,18,2.0,10.0,1.9999999999700753,9.999999999166162,1.9618548247666787,10.17223598397689,True,True,-0.03814517520339655,0.17223598481072777,47,855000000
camera_calibration,18,2.0,10.0,1.9999999999700753,9.999999999166162,1.9618548247666787,10.17223598397689,True,True,-0.03814517520339655,0.17223598481072777,47,920000000
camera_calibration,18,2.0,10.0,1.9999999999700753,9.999999999166162,1.9618548247666787,10.17223598397689,True,True,-0.03814517520339655,0.17223598481072777,47,985000000
camera_calibration,18,2.0,10.0,1.9999999999700753,9.999999999166162,1.9618548247666787,10.17223598397689,True,True,-0.03814517520339655,0.17223598481072777,48,50000000
camera_calibration,18,2.0,10.0,1.9999999999700753,9.999999999166162,1.9618548247666787,10.17223598397689,True,True,-0.03814517520339655,0.17223598481072777,48,115000000
camera_calibration,18,2.0,10.0,1.9999999999700753,9.999999999166162,1.9618548247666787,10.17223598397689,True,True,-0.03814517520339655,0.17223598481072777,48,185000000
camera_calibration,18,2.0,10.0,1.9999999999700753,9.999999999166162,1.9618548247666787,10.17223598397689,True,True,-0.03814517520339655,0.17223598481072777,48,250000000
camera_calibration,19,2.0,20.0,2.000000000419004,19.999999997114607,1.9657980830806265,20.23908348319752,True,True,-0.03420191733837741,0.23908348608291163,48,645000000
camera_calibration,19,2.0,20.0,2.000000000419004,19.999999997114607,1.9657980830806265,20.23908348319752,True,True,-0.03420191733837741,0.23908348608291163,48,710000000
camera_calibration,19,2.0,20.0,2.000000000419004,19.999999997114607,1.9657980830806265,20.23908348319752,True,True,-0.03420191733837741,0.23908348608291163,48,775000000
camera_calibration,19,2.0,20.0,2.000000000419004,19.999999997114607,1.9657980830806265,20.23908348319752,True,True,-0.03420191733837741,0.23908348608291163,48,910000000
camera_calibration,19,2.0,20.0,2.000000000419004,19.999999997114607,1.9657980830806265,20.23908348319752,True,True,-0.03420191733837741,0.23908348608291163,48,975000000
camera_calibration,19,2.0,20.0,2.000000000419004,19.999999997114607,1.9657980830806265,20.23908348319752,True,True,-0.03420191733837741,0.23908348608291163,49,40000000
camera_calibration,19,2.0,20.0,2.000000000419004,19.999999997114607,1.9657980830806265,20.23908348319752,True,True,-0.03420191733837741,0.23908348608291163,49,105000000
camera_calibration,19,2.0,20.0,2.000000000419004,19.999999997114607,1.9657980830806265,20.23908348319752,True,True,-0.03420191733837741,0.23908348608291163,49,175000000
camera_calibration,19,2.0,20.0,2.000000000419004,19.999999997114607,1.9657980830806265,20.23908348319752,True,True,-0.03420191733837741,0.23908348608291163,49,240000000
camera_calibration,19,2.0,20.0,2.000000000419004,19.999999997114607,1.9657980830806265,20.23908348319752,True,True,-0.03420191733837741,0.23908348608291163,49,305000000
camera_calibration,19,2.0,20.0,2.000000000419004,19.999999997114607,1.9657980830806265,20.23908348319752,True,True,-0.03420191733837741,0.23908348608291163,49,370000000
camera_calibration,19,2.0,20.0,2.000000000419004,19.999999997114607,1.9657980830806265,20.23908348319752,True,True,-0.03420191733837741,0.23908348608291163,49,505000000
camera_calibration,19,2.0,20.0,2.000000000419004,19.999999997114607,1.9657980830806265,20.23908348319752,True,True,-0.03420191733837741,0.23908348608291163,49,570000000
camera_calibration,19,2.0,20.0,2.000000000419004,19.999999997114607,1.9657980830806265,20.23908348319752,True,True,-0.03420191733837741,0.23908348608291163,49,635000000
camera_calibration,19,2.0,20.0,2.000000000419004,19.999999997114607,1.9657980830806265,20.23908348319752,True,True,-0.03420191733837741,0.23908348608291163,49,700000000
camera_calibration,19,2.0,20.0,2.000000000419004,19.999999997114607,1.9657980830806265,20.23908348319752,True,True,-0.03420191733837741,0.23908348608291163,49,765000000
camera_calibration,19,2.0,20.0,2.000000000419004,19.999999997114607,1.9657980830806265,20.23908348319752,True,True,-0.03420191733837741,0.23908348608291163,49,835000000
camera_calibration,19,2.0,20.0,2.000000000419004,19.999999997114607,1.9657980830806265,20.23908348319752,True,True,-0.03420191733837741,0.23908348608291163,49,900000000
camera_calibration,19,2.0,20.0,2.000000000419004,19.999999997114607,1.9657980830806265,20.23908348319752,True,True,-0.03420191733837741,0.23908348608291163,49,965000000
camera_calibration,19,2.0,20.0,2.000000000419004,19.999999997114607,1.9657980830806265,20.23908348319752,True,True,-0.03420191733837741,0.23908348608291163,50,95000000
camera_calibration,19,2.0,20.0,2.000000000419004,19.999999997114607,1.9657980830806265,20.23908348319752,True,True,-0.03420191733837741,0.23908348608291163,50,165000000
camera_calibration,19,2.0,20.0,2.000000000419004,19.999999997114607,1.9657980830806265,20.23908348319752,True,True,-0.03420191733837741,0.23908348608291163,50,230000000
camera_calibration,19,2.0,20.0,2.000000000419004,19.999999997114607,1.9657980830806265,20.23908348319752,True,True,-0.03420191733837741,0.23908348608291163,50,295000000
camera_calibration,19,2.0,20.0,2.000000000419004,19.999999997114607,1.9657980830806265,20.23908348319752,True,True,-0.03420191733837741,0.23908348608291163,50,360000000
camera_calibration,19,2.0,20.0,2.000000000419004,19.999999997114607,1.9657980830806265,20.23908348319752,True,True,-0.03420191733837741,0.23908348608291163,50,425000000
camera_calibration,19,2.0,20.0,2.000000000419004,19.999999997114607,1.9657980830806265,20.23908348319752,True,True,-0.03420191733837741,0.23908348608291163,50,495000000
camera_calibration,19,2.0,20.0,2.000000000419004,19.999999997114607,1.9657980830806265,20.23908348319752,True,True,-0.03420191733837741,0.23908348608291163,50,560000000
camera_calibration,19,2.0,20.0,2.000000000419004,19.999999997114607,1.9657980830806265,20.23908348319752,True,True,-0.03420191733837741,0.23908348608291163,50,625000000
camera_calibration,19,2.0,20.0,2.000000000419004,19.999999997114607,1.9657980830806265,20.23908348319752,True,True,-0.03420191733837741,0.23908348608291163,50,690000000
camera_calibration,19,2.0,20.0,2.000000000419004,19.999999997114607,1.9657980830806265,20.23908348319752,True,True,-0.03420191733837741,0.23908348608291163,50,755000000
camera_calibration,20,2.0,30.0,2.0000000003733636,29.99999999382462,1.918760634888274,28.098126280469717,True,False,-0.08123936548508959,-1.9018737133549024,51,155000000
camera_calibration,20,2.0,30.0,2.0000000003733636,29.99999999382462,1.918760634888274,28.098126280469717,True,False,-0.08123936548508959,-1.9018737133549024,51,220000000
camera_calibration,20,2.0,30.0,2.0000000003733636,29.99999999382462,1.918760634888274,28.098126280469717,True,False,-0.08123936548508959,-1.9018737133549024,51,285000000
camera_calibration,20,2.0,30.0,2.0000000003733636,29.99999999382462,1.918760634888274,28.098126280469717,True,False,-0.08123936548508959,-1.9018737133549024,51,350000000
camera_calibration,20,2.0,30.0,2.0000000003733636,29.99999999382462,1.918760634888274,28.098126280469717,True,False,-0.08123936548508959,-1.9018737133549024,51,415000000
camera_calibration,20,2.0,30.0,2.0000000003733636,29.99999999382462,1.918760634888274,28.098126280469717,True,False,-0.08123936548508959,-1.9018737133549024,51,485000000
camera_calibration,20,2.0,30.0,2.0000000003733636,29.99999999382462,1.918760634888274,28.098126280469717,True,False,-0.08123936548508959,-1.9018737133549024,51,550000000
camera_calibration,20,2.0,30.0,2.0000000003733636,29.99999999382462,1.918760634888274,28.098126280469717,True,False,-0.08123936548508959,-1.9018737133549024,51,615000000
camera_calibration,20,2.0,30.0,2.0000000003733636,29.99999999382462,1.918760634888274,28.098126280469717,True,False,-0.08123936548508959,-1.9018737133549024,51,680000000
camera_calibration,20,2.0,30.0,2.0000000003733636,29.99999999382462,1.918760634888274,28.098126280469717,True,False,-0.08123936548508959,-1.9018737133549024,51,745000000
camera_calibration,20,2.0,30.0,2.0000000003733636,29.99999999382462,1.918760634888274,28.098126280469717,True,False,-0.08123936548508959,-1.9018737133549024,51,815000000
camera_calibration,20,2.0,30.0,2.0000000003733636,29.99999999382462,1.918760634888274,28.098126280469717,True,False,-0.08123936548508959,-1.9018737133549024,51,880000000
camera_calibration,20,2.0,30.0,2.0000000003733636,29.99999999382462,1.918760634888274,28.098126280469717,True,False,-0.08123936548508959,-1.9018737133549024,51,945000000
camera_calibration,20,2.0,30.0,2.0000000003733636,29.99999999382462,1.918760634888274,28.098126280469717,True,False,-0.08123936548508959,-1.9018737133549024,52,10000000
camera_calibration,20,2.0,30.0,2.0000000003733636,29.99999999382462,1.918760634888274,28.098126280469717,True,False,-0.08123936548508959,-1.9018737133549024,52,145000000
camera_calibration,20,2.0,30.0,2.0000000003733636,29.99999999382462,1.918760634888274,28.098126280469717,True,False,-0.08123936548508959,-1.9018737133549024,52,210000000
camera_calibration,20,2.0,30.0,2.0000000003733636,29.99999999382462,1.918760634888274,28.098126280469717,True,False,-0.08123936548508959,-1.9018737133549024,52,275000000
camera_calibration,20,2.0,30.0,2.0000000003733636,29.99999999382462,1.918760634888274,28.098126280469717,True,False,-0.08123936548508959,-1.9018737133549024,52,340000000
camera_calibration,20,2.0,30.0,2.0000000003733636,29.99999999382462,1.918760634888274,28.098126280469717,True,False,-0.08123936548508959,-1.9018737133549024,52,405000000
camera_calibration,20,2.0,30.0,2.0000000003733636,29.99999999382462,1.918760634888274,28.098126280469717,True,False,-0.08123936548508959,-1.9018737133549024,52,475000000
camera_calibration,20,2.0,30.0,2.0000000003733636,29.99999999382462,1.918760634888274,28.098126280469717,True,False,-0.08123936548508959,-1.9018737133549024,52,605000000
camera_calibration,20,2.0,30.0,2.0000000003733636,29.99999999382462,1.918760634888274,28.098126280469717,True,False,-0.08123936548508959,-1.9018737133549024,52,670000000
camera_calibration,20,2.0,30.0,2.0000000003733636,29.99999999382462,1.918760634888274,28.098126280469717,True,False,-0.08123936548508959,-1.9018737133549024,52,735000000
camera_calibration,20,2.0,30.0,2.0000000003733636,29.99999999382462,1.918760634888274,28.098126280469717,True,False,-0.08123936548508959,-1.9018737133549024,52,805000000
camera_calibration,20,2.0,30.0,2.0000000003733636,29.99999999382462,1.918760634888274,28.098126280469717,True,False,-0.08123936548508959,-1.9018737133549024,52,870000000
camera_calibration,20,2.0,30.0,2.0000000003733636,29.99999999382462,1.918760634888274,28.098126280469717,True,False,-0.08123936548508959,-1.9018737133549024,52,935000000
camera_calibration,20,2.0,30.0,2.0000000003733636,29.99999999382462,1.918760634888274,28.098126280469717,True,False,-0.08123936548508959,-1.9018737133549024,53,0
camera_calibration,20,2.0,30.0,2.0000000003733636,29.99999999382462,1.918760634888274,28.098126280469717,True,False,-0.08123936548508959,-1.9018737133549024,53,65000000
camera_calibration,20,2.0,30.0,2.0000000003733636,29.99999999382462,1.918760634888274,28.098126280469717,True,False,-0.08123936548508959,-1.9018737133549024,53,135000000
camera_calibration,20,2.0,30.0,2.0000000003733636,29.99999999382462,1.918760634888274,28.098126280469717,True,False,-0.08123936548508959,-1.9018737133549024,53,200000000
camera_calibration,21,3.0,-30.0,2.9999999996940194,-30.000000003373916,2.956182233909743,-29.588974032118863,True,False,-0.04381776578427621,0.4110259712550537,53,660000000
camera_calibration,21,3.0,-30.0,2.9999999996940194,-30.000000003373916,2.956182233909743,-29.588974032118863,True,False,-0.04381776578427621,0.4110259712550537,53,725000000
camera_calibration,21,3.0,-30.0,2.9999999996940194,-30.000000003373916,2.956182233909743,-29.588974032118863,True,False,-0.04381776578427621,0.4110259712550537,53,795000000
camera_calibration,21,3.0,-30.0,2.9999999996940194,-30.000000003373916,2.956182233909743,-29.588974032118863,True,False,-0.04381776578427621,0.4110259712550537,53,860000000
camera_calibration,21,3.0,-30.0,2.9999999996940194,-30.000000003373916,2.956182233909743,-29.588974032118863,True,False,-0.04381776578427621,0.4110259712550537,53,925000000
camera_calibration,21,3.0,-30.0,2.9999999996940194,-30.000000003373916,2.956182233909743,-29.588974032118863,True,False,-0.04381776578427621,0.4110259712550537,53,990000000
camera_calibration,21,3.0,-30.0,2.9999999996940194,-30.000000003373916,2.956182233909743,-29.588974032118863,True,False,-0.04381776578427621,0.4110259712550537,54,55000000
camera_calibration,21,3.0,-30.0,2.9999999996940194,-30.000000003373916,2.956182233909743,-29.588974032118863,True,False,-0.04381776578427621,0.4110259712550537,54,190000000
camera_calibration,21,3.0,-30.0,2.9999999996940194,-30.000000003373916,2.956182233909743,-29.588974032118863,True,False,-0.04381776578427621,0.4110259712550537,54,255000000
camera_calibration,21,3.0,-30.0,2.9999999996940194,-30.000000003373916,2.956182233909743,-29.588974032118863,True,False,-0.04381776578427621,0.4110259712550537,54,320000000
camera_calibration,21,3.0,-30.0,2.9999999996940194,-30.000000003373916,2.956182233909743,-29.588974032118863,True,False,-0.04381776578427621,0.4110259712550537,54,385000000
camera_calibration,21,3.0,-30.0,2.9999999996940194,-30.000000003373916,2.956182233909743,-29.588974032118863,True,False,-0.04381776578427621,0.4110259712550537,54,455000000
camera_calibration,21,3.0,-30.0,2.9999999996940194,-30.000000003373916,2.956182233909743,-29.588974032118863,True,False,-0.04381776578427621,0.4110259712550537,54,520000000
camera_calibration,21,3.0,-30.0,2.9999999996940194,-30.000000003373916,2.956182233909743,-29.588974032118863,True,False,-0.04381776578427621,0.4110259712550537,54,585000000
camera_calibration,21,3.0,-30.0,2.9999999996940194,-30.000000003373916,2.956182233909743,-29.588974032118863,True,False,-0.04381776578427621,0.4110259712550537,54,650000000
camera_calibration,21,3.0,-30.0,2.9999999996940194,-30.000000003373916,2.956182233909743,-29.588974032118863,True,False,-0.04381776578427621,0.4110259712550537,54,715000000
camera_calibration,21,3.0,-30.0,2.9999999996940194,-30.000000003373916,2.956182233909743,-29.588974032118863,True,False,-0.04381776578427621,0.4110259712550537,54,785000000
camera_calibration,21,3.0,-30.0,2.9999999996940194,-30.000000003373916,2.956182233909743,-29.588974032118863,True,False,-0.04381776578427621,0.4110259712550537,54,850000000
camera_calibration,21,3.0,-30.0,2.9999999996940194,-30.000000003373916,2.956182233909743,-29.588974032118863,True,False,-0.04381776578427621,0.4110259712550537,54,915000000
camera_calibration,21,3.0,-30.0,2.9999999996940194,-30.000000003373916,2.956182233909743,-29.588974032118863,True,False,-0.04381776578427621,0.4110259712550537,54,980000000
camera_calibration,21,3.0,-30.0,2.9999999996940194,-30.000000003373916,2.956182233909743,-29.588974032118863,True,False,-0.04381776578427621,0.4110259712550537,55,45000000
camera_calibration,21,3.0,-30.0,2.9999999996940194,-30.000000003373916,2.956182233909743,-29.588974032118863,True,False,-0.04381776578427621,0.4110259712550537,55,115000000
camera_calibration,21,3.0,-30.0,2.9999999996940194,-30.000000003373916,2.956182233909743,-29.588974032118863,True,False,-0.04381776578427621,0.4110259712550537,55,180000000
camera_calibration,21,3.0,-30.0,2.9999999996940194,-30.000000003373916,2.956182233909743,-29.588974032118863,True,False,-0.04381776578427621,0.4110259712550537,55,245000000
camera_calibration,21,3.0,-30.0,2.9999999996940194,-30.000000003373916,2.956182233909743,-29.588974032118863,True,False,-0.04381776578427621,0.4110259712550537,55,310000000
camera_calibration,21,3.0,-30.0,2.9999999996940194,-30.000000003373916,2.956182233909743,-29.588974032118863,True,False,-0.04381776578427621,0.4110259712550537,55,375000000
camera_calibration,21,3.0,-30.0,2.9999999996940194,-30.000000003373916,2.956182233909743,-29.588974032118863,True,False,-0.04381776578427621,0.4110259712550537,55,445000000
camera_calibration,21,3.0,-30.0,2.9999999996940194,-30.000000003373916,2.956182233909743,-29.588974032118863,True,False,-0.04381776578427621,0.4110259712550537,55,510000000
camera_calibration,21,3.0,-30.0,2.9999999996940194,-30.000000003373916,2.956182233909743,-29.588974032118863,True,False,-0.04381776578427621,0.4110259712550537,55,575000000
camera_calibration,21,3.0,-30.0,2.9999999996940194,-30.000000003373916,2.956182233909743,-29.588974032118863,True,False,-0.04381776578427621,0.4110259712550537,55,640000000
camera_calibration,22,3.0,-20.0,2.9999999996717124,-20.000000002749367,2.9588364034850887,-20.07335533666771,True,True,-0.041163596186623685,-0.07335533391834304,56,35000000
camera_calibration,22,3.0,-20.0,2.9999999996717124,-20.000000002749367,2.9588364034850887,-20.07335533666771,True,True,-0.041163596186623685,-0.07335533391834304,56,105000000
camera_calibration,22,3.0,-20.0,2.9999999996717124,-20.000000002749367,2.9588364034850887,-20.07335533666771,True,True,-0.041163596186623685,-0.07335533391834304,56,170000000
camera_calibration,22,3.0,-20.0,2.9999999996717124,-20.000000002749367,2.9588364034850887,-20.07335533666771,True,True,-0.041163596186623685,-0.07335533391834304,56,235000000
camera_calibration,22,3.0,-20.0,2.9999999996717124,-20.000000002749367,2.9588364034850887,-20.07335533666771,True,True,-0.041163596186623685,-0.07335533391834304,56,300000000
camera_calibration,22,3.0,-20.0,2.9999999996717124,-20.000000002749367,2.9588364034850887,-20.07335533666771,True,True,-0.041163596186623685,-0.07335533391834304,56,365000000
camera_calibration,22,3.0,-20.0,2.9999999996717124,-20.000000002749367,2.9588364034850887,-20.07335533666771,True,True,-0.041163596186623685,-0.07335533391834304,56,435000000
camera_calibration,22,3.0,-20.0,2.9999999996717124,-20.000000002749367,2.9588364034850887,-20.07335533666771,True,True,-0.041163596186623685,-0.07335533391834304,56,500000000
camera_calibration,22,3.0,-20.0,2.9999999996717124,-20.000000002749367,2.9588364034850887,-20.07335533666771,True,True,-0.041163596186623685,-0.07335533391834304,56,565000000
camera_calibration,22,3.0,-20.0,2.9999999996717124,-20.000000002749367,2.9588364034850887,-20.07335533666771,True,True,-0.041163596186623685,-0.07335533391834304,56,630000000
camera_calibration,22,3.0,-20.0,2.9999999996717124,-20.000000002749367,2.9588364034850887,-20.07335533666771,True,True,-0.041163596186623685,-0.07335533391834304,56,695000000
camera_calibration,22,3.0,-20.0,2.9999999996717124,-20.000000002749367,2.9588364034850887,-20.07335533666771,True,True,-0.041163596186623685,-0.07335533391834304,56,765000000
camera_calibration,22,3.0,-20.0,2.9999999996717124,-20.000000002749367,2.9588364034850887,-20.07335533666771,True,True,-0.041163596186623685,-0.07335533391834304,56,830000000
camera_calibration,22,3.0,-20.0,2.9999999996717124,-20.000000002749367,2.9588364034850887,-20.07335533666771,True,True,-0.041163596186623685,-0.07335533391834304,56,895000000
camera_calibration,22,3.0,-20.0,2.9999999996717124,-20.000000002749367,2.9588364034850887,-20.07335533666771,True,True,-0.041163596186623685,-0.07335533391834304,56,960000000
camera_calibration,22,3.0,-20.0,2.9999999996717124,-20.000000002749367,2.9588364034850887,-20.07335533666771,True,True,-0.041163596186623685,-0.07335533391834304,57,25000000
camera_calibration,22,3.0,-20.0,2.9999999996717124,-20.000000002749367,2.9588364034850887,-20.07335533666771,True,True,-0.041163596186623685,-0.07335533391834304,57,95000000
camera_calibration,22,3.0,-20.0,2.9999999996717124,-20.000000002749367,2.9588364034850887,-20.07335533666771,True,True,-0.041163596186623685,-0.07335533391834304,57,160000000
camera_calibration,22,3.0,-20.0,2.9999999996717124,-20.000000002749367,2.9588364034850887,-20.07335533666771,True,True,-0.041163596186623685,-0.07335533391834304,57,225000000
camera_calibration,22,3.0,-20.0,2.9999999996717124,-20.000000002749367,2.9588364034850887,-20.07335533666771,True,True,-0.041163596186623685,-0.07335533391834304,57,290000000
camera_calibration,22,3.0,-20.0,2.9999999996717124,-20.000000002749367,2.9588364034850887,-20.07335533666771,True,True,-0.041163596186623685,-0.07335533391834304,57,355000000
camera_calibration,22,3.0,-20.0,2.9999999996717124,-20.000000002749367,2.9588364034850887,-20.07335533666771,True,True,-0.041163596186623685,-0.07335533391834304,57,425000000
camera_calibration,22,3.0,-20.0,2.9999999996717124,-20.000000002749367,2.9588364034850887,-20.07335533666771,True,True,-0.041163596186623685,-0.07335533391834304,57,490000000
camera_calibration,22,3.0,-20.0,2.9999999996717124,-20.000000002749367,2.9588364034850887,-20.07335533666771,True,True,-0.041163596186623685,-0.07335533391834304,57,555000000
camera_calibration,22,3.0,-20.0,2.9999999996717124,-20.000000002749367,2.9588364034850887,-20.07335533666771,True,True,-0.041163596186623685,-0.07335533391834304,57,620000000
camera_calibration,22,3.0,-20.0,2.9999999996717124,-20.000000002749367,2.9588364034850887,-20.07335533666771,True,True,-0.041163596186623685,-0.07335533391834304,57,685000000
camera_calibration,22,3.0,-20.0,2.9999999996717124,-20.000000002749367,2.9588364034850887,-20.07335533666771,True,True,-0.041163596186623685,-0.07335533391834304,57,755000000
camera_calibration,22,3.0,-20.0,2.9999999996717124,-20.000000002749367,2.9588364034850887,-20.07335533666771,True,True,-0.041163596186623685,-0.07335533391834304,57,820000000
camera_calibration,22,3.0,-20.0,2.9999999996717124,-20.000000002749367,2.9588364034850887,-20.07335533666771,True,True,-0.041163596186623685,-0.07335533391834304,57,885000000
camera_calibration,22,3.0,-20.0,2.9999999996717124,-20.000000002749367,2.9588364034850887,-20.07335533666771,True,True,-0.041163596186623685,-0.07335533391834304,58,15000000
camera_calibration,23,3.0,-10.0,2.9999999999637947,-10.000000000106583,2.9625324111162303,-10.050728653400546,True,True,-0.037467588847564404,-0.05072865329396237,58,415000000
camera_calibration,23,3.0,-10.0,2.9999999999637947,-10.000000000106583,2.9625324111162303,-10.050728653400546,True,True,-0.037467588847564404,-0.05072865329396237,58,480000000
camera_calibration,23,3.0,-10.0,2.9999999999637947,-10.000000000106583,2.9625324111162303,-10.050728653400546,True,True,-0.037467588847564404,-0.05072865329396237,58,545000000
camera_calibration,23,3.0,-10.0,2.9999999999637947,-10.000000000106583,2.9625324111162303,-10.050728653400546,True,True,-0.037467588847564404,-0.05072865329396237,58,610000000
camera_calibration,23,3.0,-10.0,2.9999999999637947,-10.000000000106583,2.9625324111162303,-10.050728653400546,True,True,-0.037467588847564404,-0.05072865329396237,58,675000000
camera_calibration,23,3.0,-10.0,2.9999999999637947,-10.000000000106583,2.9625324111162303,-10.050728653400546,True,True,-0.037467588847564404,-0.05072865329396237,58,810000000
camera_calibration,23,3.0,-10.0,2.9999999999637947,-10.000000000106583,2.9625324111162303,-10.050728653400546,True,True,-0.037467588847564404,-0.05072865329396237,58,875000000
camera_calibration,23,3.0,-10.0,2.9999999999637947,-10.000000000106583,2.9625324111162303,-10.050728653400546,True,True,-0.037467588847564404,-0.05072865329396237,58,940000000
camera_calibration,23,3.0,-10.0,2.9999999999637947,-10.000000000106583,2.9625324111162303,-10.050728653400546,True,True,-0.037467588847564404,-0.05072865329396237,59,5000000
camera_calibration,23,3.0,-10.0,2.9999999999637947,-10.000000000106583,2.9625324111162303,-10.050728653400546,True,True,-0.037467588847564404,-0.05072865329396237,59,75000000
camera_calibration,23,3.0,-10.0,2.9999999999637947,-10.000000000106583,2.9625324111162303,-10.050728653400546,True,True,-0.037467588847564404,-0.05072865329396237,59,205000000
camera_calibration,23,3.0,-10.0,2.9999999999637947,-10.000000000106583,2.9625324111162303,-10.050728653400546,True,True,-0.037467588847564404,-0.05072865329396237,59,270000000
camera_calibration,23,3.0,-10.0,2.9999999999637947,-10.000000000106583,2.9625324111162303,-10.050728653400546,True,True,-0.037467588847564404,-0.05072865329396237,59,335000000
camera_calibration,23,3.0,-10.0,2.9999999999637947,-10.000000000106583,2.9625324111162303,-10.050728653400546,True,True,-0.037467588847564404,-0.05072865329396237,59,405000000
camera_calibration,23,3.0,-10.0,2.9999999999637947,-10.000000000106583,2.9625324111162303,-10.050728653400546,True,True,-0.037467588847564404,-0.05072865329396237,59,470000000
camera_calibration,23,3.0,-10.0,2.9999999999637947,-10.000000000106583,2.9625324111162303,-10.050728653400546,True,True,-0.037467588847564404,-0.05072865329396237,59,535000000
camera_calibration,23,3.0,-10.0,2.9999999999637947,-10.000000000106583,2.9625324111162303,-10.050728653400546,True,True,-0.037467588847564404,-0.05072865329396237,59,600000000
camera_calibration,23,3.0,-10.0,2.9999999999637947,-10.000000000106583,2.9625324111162303,-10.050728653400546,True,True,-0.037467588847564404,-0.05072865329396237,59,665000000
camera_calibration,23,3.0,-10.0,2.9999999999637947,-10.000000000106583,2.9625324111162303,-10.050728653400546,True,True,-0.037467588847564404,-0.05072865329396237,59,735000000
camera_calibration,23,3.0,-10.0,2.9999999999637947,-10.000000000106583,2.9625324111162303,-10.050728653400546,True,True,-0.037467588847564404,-0.05072865329396237,59,800000000
camera_calibration,23,3.0,-10.0,2.9999999999637947,-10.000000000106583,2.9625324111162303,-10.050728653400546,True,True,-0.037467588847564404,-0.05072865329396237,59,865000000
camera_calibration,23,3.0,-10.0,2.9999999999637947,-10.000000000106583,2.9625324111162303,-10.050728653400546,True,True,-0.037467588847564404,-0.05072865329396237,59,930000000
camera_calibration,23,3.0,-10.0,2.9999999999637947,-10.000000000106583,2.9625324111162303,-10.050728653400546,True,True,-0.037467588847564404,-0.05072865329396237,59,995000000
camera_calibration,23,3.0,-10.0,2.9999999999637947,-10.000000000106583,2.9625324111162303,-10.050728653400546,True,True,-0.037467588847564404,-0.05072865329396237,60,65000000
camera_calibration,23,3.0,-10.0,2.9999999999637947,-10.000000000106583,2.9625324111162303,-10.050728653400546,True,True,-0.037467588847564404,-0.05072865329396237,60,130000000
camera_calibration,23,3.0,-10.0,2.9999999999637947,-10.000000000106583,2.9625324111162303,-10.050728653400546,True,True,-0.037467588847564404,-0.05072865329396237,60,195000000
camera_calibration,23,3.0,-10.0,2.9999999999637947,-10.000000000106583,2.9625324111162303,-10.050728653400546,True,True,-0.037467588847564404,-0.05072865329396237,60,260000000
camera_calibration,23,3.0,-10.0,2.9999999999637947,-10.000000000106583,2.9625324111162303,-10.050728653400546,True,True,-0.037467588847564404,-0.05072865329396237,60,325000000
camera_calibration,23,3.0,-10.0,2.9999999999637947,-10.000000000106583,2.9625324111162303,-10.050728653400546,True,True,-0.037467588847564404,-0.05072865329396237,60,395000000
camera_calibration,23,3.0,-10.0,2.9999999999637947,-10.000000000106583,2.9625324111162303,-10.050728653400546,True,True,-0.037467588847564404,-0.05072865329396237,60,460000000
camera_calibration,24,3.0,0.0,3.0,0.0,2.9590404743884284,0.0,True,True,-0.04095952561157157,0.0,60,855000000
camera_calibration,24,3.0,0.0,3.0,0.0,2.9590404743884284,0.0,True,True,-0.04095952561157157,0.0,60,920000000
camera_calibration,24,3.0,0.0,3.0,0.0,2.9590404743884284,0.0,True,True,-0.04095952561157157,0.0,60,985000000
camera_calibration,24,3.0,0.0,3.0,0.0,2.9590404743884284,0.0,True,True,-0.04095952561157157,0.0,61,55000000
camera_calibration,24,3.0,0.0,3.0,0.0,2.9590404743884284,0.0,True,True,-0.04095952561157157,0.0,61,120000000
camera_calibration,24,3.0,0.0,3.0,0.0,2.9590404743884284,0.0,True,True,-0.04095952561157157,0.0,61,185000000
camera_calibration,24,3.0,0.0,3.0,0.0,2.9590404743884284,0.0,True,True,-0.04095952561157157,0.0,61,250000000
camera_calibration,24,3.0,0.0,3.0,0.0,2.9590404743884284,0.0,True,True,-0.04095952561157157,0.0,61,315000000
camera_calibration,24,3.0,0.0,3.0,0.0,2.9590404743884284,0.0,True,True,-0.04095952561157157,0.0,61,385000000
camera_calibration,24,3.0,0.0,3.0,0.0,2.9590404743884284,0.0,True,True,-0.04095952561157157,0.0,61,450000000
camera_calibration,24,3.0,0.0,3.0,0.0,2.9590404743884284,0.0,True,True,-0.04095952561157157,0.0,61,515000000
camera_calibration,24,3.0,0.0,3.0,0.0,2.9590404743884284,0.0,True,True,-0.04095952561157157,0.0,61,580000000
camera_calibration,24,3.0,0.0,3.0,0.0,2.9590404743884284,0.0,True,True,-0.04095952561157157,0.0,61,645000000
camera_calibration,24,3.0,0.0,3.0,0.0,2.9590404743884284,0.0,True,True,-0.04095952561157157,0.0,61,715000000
camera_calibration,24,3.0,0.0,3.0,0.0,2.9590404743884284,0.0,True,True,-0.04095952561157157,0.0,61,780000000
camera_calibration,24,3.0,0.0,3.0,0.0,2.9590404743884284,0.0,True,True,-0.04095952561157157,0.0,61,845000000
camera_calibration,24,3.0,0.0,3.0,0.0,2.9590404743884284,0.0,True,True,-0.04095952561157157,0.0,61,910000000
camera_calibration,24,3.0,0.0,3.0,0.0,2.9590404743884284,0.0,True,True,-0.04095952561157157,0.0,61,975000000
camera_calibration,24,3.0,0.0,3.0,0.0,2.9590404743884284,0.0,True,True,-0.04095952561157157,0.0,62,45000000
camera_calibration,24,3.0,0.0,3.0,0.0,2.9590404743884284,0.0,True,True,-0.04095952561157157,0.0,62,110000000
camera_calibration,24,3.0,0.0,3.0,0.0,2.9590404743884284,0.0,True,True,-0.04095952561157157,0.0,62,175000000
camera_calibration,24,3.0,0.0,3.0,0.0,2.9590404743884284,0.0,True,True,-0.04095952561157157,0.0,62,240000000
camera_calibration,24,3.0,0.0,3.0,0.0,2.9590404743884284,0.0,True,True,-0.04095952561157157,0.0,62,305000000
camera_calibration,24,3.0,0.0,3.0,0.0,2.9590404743884284,0.0,True,True,-0.04095952561157157,0.0,62,375000000
camera_calibration,24,3.0,0.0,3.0,0.0,2.9590404743884284,0.0,True,True,-0.04095952561157157,0.0,62,440000000
camera_calibration,24,3.0,0.0,3.0,0.0,2.9590404743884284,0.0,True,True,-0.04095952561157157,0.0,62,505000000
camera_calibration,24,3.0,0.0,3.0,0.0,2.9590404743884284,0.0,True,True,-0.04095952561157157,0.0,62,570000000
camera_calibration,24,3.0,0.0,3.0,0.0,2.9590404743884284,0.0,True,True,-0.04095952561157157,0.0,62,635000000
camera_calibration,24,3.0,0.0,3.0,0.0,2.9590404743884284,0.0,True,True,-0.04095952561157157,0.0,62,705000000
camera_calibration,24,3.0,0.0,3.0,0.0,2.9590404743884284,0.0,True,True,-0.04095952561157157,0.0,62,770000000
camera_calibration,25,3.0,10.0,2.9999999999637947,10.000000000106583,2.9625324111162303,10.050728653400546,True,True,-0.037467588847564404,0.05072865329396237,63,295000000
camera_calibration,25,3.0,10.0,2.9999999999637947,10.000000000106583,2.9625324111162303,10.050728653400546,True,True,-0.037467588847564404,0.05072865329396237,63,365000000
camera_calibration,25,3.0,10.0,2.9999999999637947,10.000000000106583,2.9625324111162303,10.050728653400546,True,True,-0.037467588847564404,0.05072865329396237,63,430000000
camera_calibration,25,3.0,10.0,2.9999999999637947,10.000000000106583,2.9625324111162303,10.050728653400546,True,True,-0.037467588847564404,0.05072865329396237,63,495000000
camera_calibration,25,3.0,10.0,2.9999999999637947,10.000000000106583,2.9625324111162303,10.050728653400546,True,True,-0.037467588847564404,0.05072865329396237,63,560000000
camera_calibration,25,3.0,10.0,2.9999999999637947,10.000000000106583,2.9625324111162303,10.050728653400546,True,True,-0.037467588847564404,0.05072865329396237,63,625000000
camera_calibration,25,3.0,10.0,2.9999999999637947,10.000000000106583,2.9625324111162303,10.050728653400546,True,True,-0.037467588847564404,0.05072865329396237,63,695000000
camera_calibration,25,3.0,10.0,2.9999999999637947,10.000000000106583,2.9625324111162303,10.050728653400546,True,True,-0.037467588847564404,0.05072865329396237,63,760000000
camera_calibration,25,3.0,10.0,2.9999999999637947,10.000000000106583,2.9625324111162303,10.050728653400546,True,True,-0.037467588847564404,0.05072865329396237,63,890000000
camera_calibration,25,3.0,10.0,2.9999999999637947,10.000000000106583,2.9625324111162303,10.050728653400546,True,True,-0.037467588847564404,0.05072865329396237,63,955000000
camera_calibration,25,3.0,10.0,2.9999999999637947,10.000000000106583,2.9625324111162303,10.050728653400546,True,True,-0.037467588847564404,0.05072865329396237,64,90000000
camera_calibration,25,3.0,10.0,2.9999999999637947,10.000000000106583,2.9625324111162303,10.050728653400546,True,True,-0.037467588847564404,0.05072865329396237,64,155000000
camera_calibration,25,3.0,10.0,2.9999999999637947,10.000000000106583,2.9625324111162303,10.050728653400546,True,True,-0.037467588847564404,0.05072865329396237,64,220000000
camera_calibration,25,3.0,10.0,2.9999999999637947,10.000000000106583,2.9625324111162303,10.050728653400546,True,True,-0.037467588847564404,0.05072865329396237,64,285000000
camera_calibration,25,3.0,10.0,2.9999999999637947,10.000000000106583,2.9625324111162303,10.050728653400546,True,True,-0.037467588847564404,0.05072865329396237,64,355000000
camera_calibration,25,3.0,10.0,2.9999999999637947,10.000000000106583,2.9625324111162303,10.050728653400546,True,True,-0.037467588847564404,0.05072865329396237,64,420000000
camera_calibration,25,3.0,10.0,2.9999999999637947,10.000000000106583,2.9625324111162303,10.050728653400546,True,True,-0.037467588847564404,0.05072865329396237,64,485000000
camera_calibration,25,3.0,10.0,2.9999999999637947,10.000000000106583,2.9625324111162303,10.050728653400546,True,True,-0.037467588847564404,0.05072865329396237,64,550000000
camera_calibration,25,3.0,10.0,2.9999999999637947,10.000000000106583,2.9625324111162303,10.050728653400546,True,True,-0.037467588847564404,0.05072865329396237,64,685000000
camera_calibration,25,3.0,10.0,2.9999999999637947,10.000000000106583,2.9625324111162303,10.050728653400546,True,True,-0.037467588847564404,0.05072865329396237,64,750000000
camera_calibration,25,3.0,10.0,2.9999999999637947,10.000000000106583,2.9625324111162303,10.050728653400546,True,True,-0.037467588847564404,0.05072865329396237,64,880000000
camera_calibration,25,3.0,10.0,2.9999999999637947,10.000000000106583,2.9625324111162303,10.050728653400546,True,True,-0.037467588847564404,0.05072865329396237,64,945000000
camera_calibration,25,3.0,10.0,2.9999999999637947,10.000000000106583,2.9625324111162303,10.050728653400546,True,True,-0.037467588847564404,0.05072865329396237,65,15000000
camera_calibration,25,3.0,10.0,2.9999999999637947,10.000000000106583,2.9625324111162303,10.050728653400546,True,True,-0.037467588847564404,0.05072865329396237,65,80000000
camera_calibration,25,3.0,10.0,2.9999999999637947,10.000000000106583,2.9625324111162303,10.050728653400546,True,True,-0.037467588847564404,0.05072865329396237,65,145000000
camera_calibration,25,3.0,10.0,2.9999999999637947,10.000000000106583,2.9625324111162303,10.050728653400546,True,True,-0.037467588847564404,0.05072865329396237,65,210000000
camera_calibration,25,3.0,10.0,2.9999999999637947,10.000000000106583,2.9625324111162303,10.050728653400546,True,True,-0.037467588847564404,0.05072865329396237,65,275000000
camera_calibration,25,3.0,10.0,2.9999999999637947,10.000000000106583,2.9625324111162303,10.050728653400546,True,True,-0.037467588847564404,0.05072865329396237,65,345000000
camera_calibration,25,3.0,10.0,2.9999999999637947,10.000000000106583,2.9625324111162303,10.050728653400546,True,True,-0.037467588847564404,0.05072865329396237,65,410000000
camera_calibration,25,3.0,10.0,2.9999999999637947,10.000000000106583,2.9625324111162303,10.050728653400546,True,True,-0.037467588847564404,0.05072865329396237,65,475000000
camera_calibration,26,3.0,20.0,2.9999999996717124,20.000000002749367,2.9588364034850887,20.07335533666771,True,True,-0.041163596186623685,0.07335533391834304,65,935000000
camera_calibration,26,3.0,20.0,2.9999999996717124,20.000000002749367,2.9588364034850887,20.07335533666771,True,True,-0.041163596186623685,0.07335533391834304,66,5000000
camera_calibration,26,3.0,20.0,2.9999999996717124,20.000000002749367,2.9588364034850887,20.07335533666771,True,True,-0.041163596186623685,0.07335533391834304,66,70000000
camera_calibration,26,3.0,20.0,2.9999999996717124,20.000000002749367,2.9588364034850887,20.07335533666771,True,True,-0.041163596186623685,0.07335533391834304,66,135000000
camera_calibration,26,3.0,20.0,2.9999999996717124,20.000000002749367,2.9588364034850887,20.07335533666771,True,True,-0.041163596186623685,0.07335533391834304,66,200000000
camera_calibration,26,3.0,20.0,2.9999999996717124,20.000000002749367,2.9588364034850887,20.07335533666771,True,True,-0.041163596186623685,0.07335533391834304,66,265000000
camera_calibration,26,3.0,20.0,2.9999999996717124,20.000000002749367,2.9588364034850887,20.07335533666771,True,True,-0.041163596186623685,0.07335533391834304,66,335000000
camera_calibration,26,3.0,20.0,2.9999999996717124,20.000000002749367,2.9588364034850887,20.07335533666771,True,True,-0.041163596186623685,0.07335533391834304,66,400000000
camera_calibration,26,3.0,20.0,2.9999999996717124,20.000000002749367,2.9588364034850887,20.07335533666771,True,True,-0.041163596186623685,0.07335533391834304,66,465000000
camera_calibration,26,3.0,20.0,2.9999999996717124,20.000000002749367,2.9588364034850887,20.07335533666771,True,True,-0.041163596186623685,0.07335533391834304,66,530000000
camera_calibration,26,3.0,20.0,2.9999999996717124,20.000000002749367,2.9588364034850887,20.07335533666771,True,True,-0.041163596186623685,0.07335533391834304,66,595000000
camera_calibration,26,3.0,20.0,2.9999999996717124,20.000000002749367,2.9588364034850887,20.07335533666771,True,True,-0.041163596186623685,0.07335533391834304,66,665000000
camera_calibration,26,3.0,20.0,2.9999999996717124,20.000000002749367,2.9588364034850887,20.07335533666771,True,True,-0.041163596186623685,0.07335533391834304,66,730000000
camera_calibration,26,3.0,20.0,2.9999999996717124,20.000000002749367,2.9588364034850887,20.07335533666771,True,True,-0.041163596186623685,0.07335533391834304,66,860000000
camera_calibration,26,3.0,20.0,2.9999999996717124,20.000000002749367,2.9588364034850887,20.07335533666771,True,True,-0.041163596186623685,0.07335533391834304,66,925000000
camera_calibration,26,3.0,20.0,2.9999999996717124,20.000000002749367,2.9588364034850887,20.07335533666771,True,True,-0.041163596186623685,0.07335533391834304,66,995000000
camera_calibration,26,3.0,20.0,2.9999999996717124,20.000000002749367,2.9588364034850887,20.07335533666771,True,True,-0.041163596186623685,0.07335533391834304,67,60000000
camera_calibration,26,3.0,20.0,2.9999999996717124,20.000000002749367,2.9588364034850887,20.07335533666771,True,True,-0.041163596186623685,0.07335533391834304,67,125000000
camera_calibration,26,3.0,20.0,2.9999999996717124,20.000000002749367,2.9588364034850887,20.07335533666771,True,True,-0.041163596186623685,0.07335533391834304,67,190000000
camera_calibration,26,3.0,20.0,2.9999999996717124,20.000000002749367,2.9588364034850887,20.07335533666771,True,True,-0.041163596186623685,0.07335533391834304,67,255000000
camera_calibration,26,3.0,20.0,2.9999999996717124,20.000000002749367,2.9588364034850887,20.07335533666771,True,True,-0.041163596186623685,0.07335533391834304,67,325000000
camera_calibration,26,3.0,20.0,2.9999999996717124,20.000000002749367,2.9588364034850887,20.07335533666771,True,True,-0.041163596186623685,0.07335533391834304,67,390000000
camera_calibration,26,3.0,20.0,2.9999999996717124,20.000000002749367,2.9588364034850887,20.07335533666771,True,True,-0.041163596186623685,0.07335533391834304,67,455000000
camera_calibration,26,3.0,20.0,2.9999999996717124,20.000000002749367,2.9588364034850887,20.07335533666771,True,True,-0.041163596186623685,0.07335533391834304,67,520000000
camera_calibration,26,3.0,20.0,2.9999999996717124,20.000000002749367,2.9588364034850887,20.07335533666771,True,True,-0.041163596186623685,0.07335533391834304,67,585000000
camera_calibration,26,3.0,20.0,2.9999999996717124,20.000000002749367,2.9588364034850887,20.07335533666771,True,True,-0.041163596186623685,0.07335533391834304,67,655000000
camera_calibration,26,3.0,20.0,2.9999999996717124,20.000000002749367,2.9588364034850887,20.07335533666771,True,True,-0.041163596186623685,0.07335533391834304,67,720000000
camera_calibration,26,3.0,20.0,2.9999999996717124,20.000000002749367,2.9588364034850887,20.07335533666771,True,True,-0.041163596186623685,0.07335533391834304,67,785000000
camera_calibration,26,3.0,20.0,2.9999999996717124,20.000000002749367,2.9588364034850887,20.07335533666771,True,True,-0.041163596186623685,0.07335533391834304,67,850000000
camera_calibration,26,3.0,20.0,2.9999999996717124,20.000000002749367,2.9588364034850887,20.07335533666771,True,True,-0.041163596186623685,0.07335533391834304,67,915000000
camera_calibration,27,3.0,30.0,2.9999999996940194,30.000000003373916,2.956182233909743,29.588974032118863,True,False,-0.04381776578427621,-0.4110259712550537,68,380000000
camera_calibration,27,3.0,30.0,2.9999999996940194,30.000000003373916,2.956182233909743,29.588974032118863,True,False,-0.04381776578427621,-0.4110259712550537,68,445000000
camera_calibration,27,3.0,30.0,2.9999999996940194,30.000000003373916,2.956182233909743,29.588974032118863,True,False,-0.04381776578427621,-0.4110259712550537,68,510000000
camera_calibration,27,3.0,30.0,2.9999999996940194,30.000000003373916,2.956182233909743,29.588974032118863,True,False,-0.04381776578427621,-0.4110259712550537,68,575000000
camera_calibration,27,3.0,30.0,2.9999999996940194,30.000000003373916,2.956182233909743,29.588974032118863,True,False,-0.04381776578427621,-0.4110259712550537,68,645000000
camera_calibration,27,3.0,30.0,2.9999999996940194,30.000000003373916,2.956182233909743,29.588974032118863,True,False,-0.04381776578427621,-0.4110259712550537,68,710000000
camera_calibration,27,3.0,30.0,2.9999999996940194,30.000000003373916,2.956182233909743,29.588974032118863,True,False,-0.04381776578427621,-0.4110259712550537,68,775000000
camera_calibration,27,3.0,30.0,2.9999999996940194,30.000000003373916,2.956182233909743,29.588974032118863,True,False,-0.04381776578427621,-0.4110259712550537,68,840000000
camera_calibration,27,3.0,30.0,2.9999999996940194,30.000000003373916,2.956182233909743,29.588974032118863,True,False,-0.04381776578427621,-0.4110259712550537,68,975000000
camera_calibration,27,3.0,30.0,2.9999999996940194,30.000000003373916,2.956182233909743,29.588974032118863,True,False,-0.04381776578427621,-0.4110259712550537,69,40000000
camera_calibration,27,3.0,30.0,2.9999999996940194,30.000000003373916,2.956182233909743,29.588974032118863,True,False,-0.04381776578427621,-0.4110259712550537,69,105000000
camera_calibration,27,3.0,30.0,2.9999999996940194,30.000000003373916,2.956182233909743,29.588974032118863,True,False,-0.04381776578427621,-0.4110259712550537,69,170000000
camera_calibration,27,3.0,30.0,2.9999999996940194,30.000000003373916,2.956182233909743,29.588974032118863,True,False,-0.04381776578427621,-0.4110259712550537,69,235000000
camera_calibration,27,3.0,30.0,2.9999999996940194,30.000000003373916,2.956182233909743,29.588974032118863,True,False,-0.04381776578427621,-0.4110259712550537,69,305000000
camera_calibration,27,3.0,30.0,2.9999999996940194,30.000000003373916,2.956182233909743,29.588974032118863,True,False,-0.04381776578427621,-0.4110259712550537,69,370000000
camera_calibration,27,3.0,30.0,2.9999999996940194,30.000000003373916,2.956182233909743,29.588974032118863,True,False,-0.04381776578427621,-0.4110259712550537,69,435000000
camera_calibration,27,3.0,30.0,2.9999999996940194,30.000000003373916,2.956182233909743,29.588974032118863,True,False,-0.04381776578427621,-0.4110259712550537,69,500000000
camera_calibration,27,3.0,30.0,2.9999999996940194,30.000000003373916,2.956182233909743,29.588974032118863,True,False,-0.04381776578427621,-0.4110259712550537,69,565000000
camera_calibration,27,3.0,30.0,2.9999999996940194,30.000000003373916,2.956182233909743,29.588974032118863,True,False,-0.04381776578427621,-0.4110259712550537,69,635000000
camera_calibration,27,3.0,30.0,2.9999999996940194,30.000000003373916,2.956182233909743,29.588974032118863,True,False,-0.04381776578427621,-0.4110259712550537,69,700000000
camera_calibration,27,3.0,30.0,2.9999999996940194,30.000000003373916,2.956182233909743,29.588974032118863,True,False,-0.04381776578427621,-0.4110259712550537,69,765000000
camera_calibration,27,3.0,30.0,2.9999999996940194,30.000000003373916,2.956182233909743,29.588974032118863,True,False,-0.04381776578427621,-0.4110259712550537,69,830000000
camera_calibration,27,3.0,30.0,2.9999999996940194,30.000000003373916,2.956182233909743,29.588974032118863,True,False,-0.04381776578427621,-0.4110259712550537,69,895000000
camera_calibration,27,3.0,30.0,2.9999999996940194,30.000000003373916,2.956182233909743,29.588974032118863,True,False,-0.04381776578427621,-0.4110259712550537,69,965000000
camera_calibration,27,3.0,30.0,2.9999999996940194,30.000000003373916,2.956182233909743,29.588974032118863,True,False,-0.04381776578427621,-0.4110259712550537,70,30000000
camera_calibration,27,3.0,30.0,2.9999999996940194,30.000000003373916,2.956182233909743,29.588974032118863,True,False,-0.04381776578427621,-0.4110259712550537,70,95000000
camera_calibration,27,3.0,30.0,2.9999999996940194,30.000000003373916,2.956182233909743,29.588974032118863,True,False,-0.04381776578427621,-0.4110259712550537,70,160000000
camera_calibration,27,3.0,30.0,2.9999999996940194,30.000000003373916,2.956182233909743,29.588974032118863,True,False,-0.04381776578427621,-0.4110259712550537,70,225000000
camera_calibration,27,3.0,30.0,2.9999999996940194,30.000000003373916,2.956182233909743,29.588974032118863,True,False,-0.04381776578427621,-0.4110259712550537,70,295000000
camera_calibration,27,3.0,30.0,2.9999999996940194,30.000000003373916,2.956182233909743,29.588974032118863,True,False,-0.04381776578427621,-0.4110259712550537,70,360000000
camera_calibration,28,4.0,-30.0,3.999999999880701,-30.000000000986592,3.9935063369987867,-30.060768924899524,True,True,-0.0064936628819145525,-0.06076892391293143,70,755000000
camera_calibration,28,4.0,-30.0,3.999999999880701,-30.000000000986592,3.9935063369987867,-30.060768924899524,True,True,-0.0064936628819145525,-0.06076892391293143,70,820000000
camera_calibration,28,4.0,-30.0,3.999999999880701,-30.000000000986592,3.9935063369987867,-30.060768924899524,True,True,-0.0064936628819145525,-0.06076892391293143,70,885000000
camera_calibration,28,4.0,-30.0,3.999999999880701,-30.000000000986592,3.9935063369987867,-30.060768924899524,True,True,-0.0064936628819145525,-0.06076892391293143,70,955000000
camera_calibration,28,4.0,-30.0,3.999999999880701,-30.000000000986592,3.9935063369987867,-30.060768924899524,True,True,-0.0064936628819145525,-0.06076892391293143,71,20000000
camera_calibration,28,4.0,-30.0,3.999999999880701,-30.000000000986592,3.9935063369987867,-30.060768924899524,True,True,-0.0064936628819145525,-0.06076892391293143,71,85000000
camera_calibration,28,4.0,-30.0,3.999999999880701,-30.000000000986592,3.9935063369987867,-30.060768924899524,True,True,-0.0064936628819145525,-0.06076892391293143,71,215000000
camera_calibration,28,4.0,-30.0,3.999999999880701,-30.000000000986592,3.9935063369987867,-30.060768924899524,True,True,-0.0064936628819145525,-0.06076892391293143,71,285000000
camera_calibration,28,4.0,-30.0,3.999999999880701,-30.000000000986592,3.9935063369987867,-30.060768924899524,True,True,-0.0064936628819145525,-0.06076892391293143,71,350000000
camera_calibration,28,4.0,-30.0,3.999999999880701,-30.000000000986592,3.9935063369987867,-30.060768924899524,True,True,-0.0064936628819145525,-0.06076892391293143,71,415000000
camera_calibration,28,4.0,-30.0,3.999999999880701,-30.000000000986592,3.9935063369987867,-30.060768924899524,True,True,-0.0064936628819145525,-0.06076892391293143,71,480000000
camera_calibration,28,4.0,-30.0,3.999999999880701,-30.000000000986592,3.9935063369987867,-30.060768924899524,True,True,-0.0064936628819145525,-0.06076892391293143,71,545000000
camera_calibration,28,4.0,-30.0,3.999999999880701,-30.000000000986592,3.9935063369987867,-30.060768924899524,True,True,-0.0064936628819145525,-0.06076892391293143,71,615000000
camera_calibration,28,4.0,-30.0,3.999999999880701,-30.000000000986592,3.9935063369987867,-30.060768924899524,True,True,-0.0064936628819145525,-0.06076892391293143,71,680000000
camera_calibration,28,4.0,-30.0,3.999999999880701,-30.000000000986592,3.9935063369987867,-30.060768924899524,True,True,-0.0064936628819145525,-0.06076892391293143,71,745000000
camera_calibration,28,4.0,-30.0,3.999999999880701,-30.000000000986592,3.9935063369987867,-30.060768924899524,True,True,-0.0064936628819145525,-0.06076892391293143,71,810000000
camera_calibration,28,4.0,-30.0,3.999999999880701,-30.000000000986592,3.9935063369987867,-30.060768924899524,True,True,-0.0064936628819145525,-0.06076892391293143,71,875000000
camera_calibration,28,4.0,-30.0,3.999999999880701,-30.000000000986592,3.9935063369987867,-30.060768924899524,True,True,-0.0064936628819145525,-0.06076892391293143,71,945000000
camera_calibration,28,4.0,-30.0,3.999999999880701,-30.000000000986592,3.9935063369987867,-30.060768924899524,True,True,-0.0064936628819145525,-0.06076892391293143,72,10000000
camera_calibration,28,4.0,-30.0,3.999999999880701,-30.000000000986592,3.9935063369987867,-30.060768924899524,True,True,-0.0064936628819145525,-0.06076892391293143,72,75000000
camera_calibration,28,4.0,-30.0,3.999999999880701,-30.000000000986592,3.9935063369987867,-30.060768924899524,True,True,-0.0064936628819145525,-0.06076892391293143,72,140000000
camera_calibration,28,4.0,-30.0,3.999999999880701,-30.000000000986592,3.9935063369987867,-30.060768924899524,True,True,-0.0064936628819145525,-0.06076892391293143,72,205000000
camera_calibration,28,4.0,-30.0,3.999999999880701,-30.000000000986592,3.9935063369987867,-30.060768924899524,True,True,-0.0064936628819145525,-0.06076892391293143,72,275000000
camera_calibration,28,4.0,-30.0,3.999999999880701,-30.000000000986592,3.9935063369987867,-30.060768924899524,True,True,-0.0064936628819145525,-0.06076892391293143,72,340000000
camera_calibration,28,4.0,-30.0,3.999999999880701,-30.000000000986592,3.9935063369987867,-30.060768924899524,True,True,-0.0064936628819145525,-0.06076892391293143,72,405000000
camera_calibration,28,4.0,-30.0,3.999999999880701,-30.000000000986592,3.9935063369987867,-30.060768924899524,True,True,-0.0064936628819145525,-0.06076892391293143,72,470000000
camera_calibration,28,4.0,-30.0,3.999999999880701,-30.000000000986592,3.9935063369987867,-30.060768924899524,True,True,-0.0064936628819145525,-0.06076892391293143,72,535000000
camera_calibration,28,4.0,-30.0,3.999999999880701,-30.000000000986592,3.9935063369987867,-30.060768924899524,True,True,-0.0064936628819145525,-0.06076892391293143,72,605000000
camera_calibration,28,4.0,-30.0,3.999999999880701,-30.000000000986592,3.9935063369987867,-30.060768924899524,True,True,-0.0064936628819145525,-0.06076892391293143,72,670000000
camera_calibration,28,4.0,-30.0,3.999999999880701,-30.000000000986592,3.9935063369987867,-30.060768924899524,True,True,-0.0064936628819145525,-0.06076892391293143,72,735000000
camera_calibration,29,4.0,-20.0,3.9999999997615077,-19.999999996629636,3.9809798883253915,-20.07335533666771,True,True,-0.01902011143611615,-0.07335534003807354,73,195000000
camera_calibration,29,4.0,-20.0,3.9999999997615077,-19.999999996629636,3.9809798883253915,-20.07335533666771,True,True,-0.01902011143611615,-0.07335534003807354,73,265000000
camera_calibration,29,4.0,-20.0,3.9999999997615077,-19.999999996629636,3.9809798883253915,-20.07335533666771,True,True,-0.01902011143611615,-0.07335534003807354,73,330000000
camera_calibration,29,4.0,-20.0,3.9999999997615077,-19.999999996629636,3.9809798883253915,-20.07335533666771,True,True,-0.01902011143611615,-0.07335534003807354,73,395000000
camera_calibration,29,4.0,-20.0,3.9999999997615077,-19.999999996629636,3.9809798883253915,-20.07335533666771,True,True,-0.01902011143611615,-0.07335534003807354,73,460000000
camera_calibration,29,4.0,-20.0,3.9999999997615077,-19.999999996629636,3.9809798883253915,-20.07335533666771,True,True,-0.01902011143611615,-0.07335534003807354,73,525000000
camera_calibration,29,4.0,-20.0,3.9999999997615077,-19.999999996629636,3.9809798883253915,-20.07335533666771,True,True,-0.01902011143611615,-0.07335534003807354,73,595000000
camera_calibration,29,4.0,-20.0,3.9999999997615077,-19.999999996629636,3.9809798883253915,-20.07335533666771,True,True,-0.01902011143611615,-0.07335534003807354,73,660000000
camera_calibration,29,4.0,-20.0,3.9999999997615077,-19.999999996629636,3.9809798883253915,-20.07335533666771,True,True,-0.01902011143611615,-0.07335534003807354,73,725000000
camera_calibration,29,4.0,-20.0,3.9999999997615077,-19.999999996629636,3.9809798883253915,-20.07335533666771,True,True,-0.01902011143611615,-0.07335534003807354,73,790000000
camera_calibration,29,4.0,-20.0,3.9999999997615077,-19.999999996629636,3.9809798883253915,-20.07335533666771,True,True,-0.01902011143611615,-0.07335534003807354,73,855000000
camera_calibration,29,4.0,-20.0,3.9999999997615077,-19.999999996629636,3.9809798883253915,-20.07335533666771,True,True,-0.01902011143611615,-0.07335534003807354,73,925000000
camera_calibration,29,4.0,-20.0,3.9999999997615077,-19.999999996629636,3.9809798883253915,-20.07335533666771,True,True,-0.01902011143611615,-0.07335534003807354,73,990000000
camera_calibration,29,4.0,-20.0,3.9999999997615077,-19.999999996629636,3.9809798883253915,-20.07335533666771,True,True,-0.01902011143611615,-0.07335534003807354,74,55000000
camera_calibration,29,4.0,-20.0,3.9999999997615077,-19.999999996629636,3.9809798883253915,-20.07335533666771,True,True,-0.01902011143611615,-0.07335534003807354,74,120000000
camera_calibration,29,4.0,-20.0,3.9999999997615077,-19.999999996629636,3.9809798883253915,-20.07335533666771,True,True,-0.01902011143611615,-0.07335534003807354,74,185000000
camera_calibration,29,4.0,-20.0,3.9999999997615077,-19.999999996629636,3.9809798883253915,-20.07335533666771,True,True,-0.01902011143611615,-0.07335534003807354,74,255000000
camera_calibration,29,4.0,-20.0,3.9999999997615077,-19.999999996629636,3.9809798883253915,-20.07335533666771,True,True,-0.01902011143611615,-0.07335534003807354,74,320000000
camera_calibration,29,4.0,-20.0,3.9999999997615077,-19.999999996629636,3.9809798883253915,-20.07335533666771,True,True,-0.01902011143611615,-0.07335534003807354,74,385000000
camera_calibration,29,4.0,-20.0,3.9999999997615077,-19.999999996629636,3.9809798883253915,-20.07335533666771,True,True,-0.01902011143611615,-0.07335534003807354,74,450000000
camera_calibration,29,4.0,-20.0,3.9999999997615077,-19.999999996629636,3.9809798883253915,-20.07335533666771,True,True,-0.01902011143611615,-0.07335534003807354,74,515000000
camera_calibration,29,4.0,-20.0,3.9999999997615077,-19.999999996629636,3.9809798883253915,-20.07335533666771,True,True,-0.01902011143611615,-0.07335534003807354,74,585000000
camera_calibration,29,4.0,-20.0,3.9999999997615077,-19.999999996629636,3.9809798883253915,-20.07335533666771,True,True,-0.01902011143611615,-0.07335534003807354,74,650000000
camera_calibration,29,4.0,-20.0,3.9999999997615077,-19.999999996629636,3.9809798883253915,-20.07335533666771,True,True,-0.01902011143611615,-0.07335534003807354,74,715000000
camera_calibration,29,4.0,-20.0,3.9999999997615077,-19.999999996629636,3.9809798883253915,-20.07335533666771,True,True,-0.01902011143611615,-0.07335534003807354,74,780000000
camera_calibration,29,4.0,-20.0,3.9999999997615077,-19.999999996629636,3.9809798883253915,-20.07335533666771,True,True,-0.01902011143611615,-0.07335534003807354,74,845000000
camera_calibration,29,4.0,-20.0,3.9999999997615077,-19.999999996629636,3.9809798883253915,-20.07335533666771,True,True,-0.01902011143611615,-0.07335534003807354,74,915000000
camera_calibration,29,4.0,-20.0,3.9999999997615077,-19.999999996629636,3.9809798883253915,-20.07335533666771,True,True,-0.01902011143611615,-0.07335534003807354,74,980000000
camera_calibration,29,4.0,-20.0,3.9999999997615077,-19.999999996629636,3.9809798883253915,-20.07335533666771,True,True,-0.01902011143611615,-0.07335534003807354,75,45000000
camera_calibration,29,4.0,-20.0,3.9999999997615077,-19.999999996629636,3.9809798883253915,-20.07335533666771,True,True,-0.01902011143611615,-0.07335534003807354,75,175000000
camera_calibration,30,4.0,-10.0,3.999999999957515,-10.000000000576794,3.9782578092132233,-10.050728653400546,True,True,-0.021742190744291623,-0.05072865282375183,75,575000000
camera_calibration,30,4.0,-10.0,3.999999999957515,-10.000000000576794,3.9782578092132233,-10.050728653400546,True,True,-0.021742190744291623,-0.05072865282375183,75,640000000
camera_calibration,30,4.0,-10.0,3.999999999957515,-10.000000000576794,3.9782578092132233,-10.050728653400546,True,True,-0.021742190744291623,-0.05072865282375183,75,705000000
camera_calibration,30,4.0,-10.0,3.999999999957515,-10.000000000576794,3.9782578092132233,-10.050728653400546,True,True,-0.021742190744291623,-0.05072865282375183,75,770000000
camera_calibration,30,4.0,-10.0,3.999999999957515,-10.000000000576794,3.9782578092132233,-10.050728653400546,True,True,-0.021742190744291623,-0.05072865282375183,75,835000000
camera_calibration,30,4.0,-10.0,3.999999999957515,-10.000000000576794,3.9782578092132233,-10.050728653400546,True,True,-0.021742190744291623,-0.05072865282375183,75,905000000
camera_calibration,30,4.0,-10.0,3.999999999957515,-10.000000000576794,3.9782578092132233,-10.050728653400546,True,True,-0.021742190744291623,-0.05072865282375183,75,970000000
camera_calibration,30,4.0,-10.0,3.999999999957515,-10.000000000576794,3.9782578092132233,-10.050728653400546,True,True,-0.021742190744291623,-0.05072865282375183,76,35000000
camera_calibration,30,4.0,-10.0,3.999999999957515,-10.000000000576794,3.9782578092132233,-10.050728653400546,True,True,-0.021742190744291623,-0.05072865282375183,76,100000000
camera_calibration,30,4.0,-10.0,3.999999999957515,-10.000000000576794,3.9782578092132233,-10.050728653400546,True,True,-0.021742190744291623,-0.05072865282375183,76,165000000
camera_calibration,30,4.0,-10.0,3.999999999957515,-10.000000000576794,3.9782578092132233,-10.050728653400546,True,True,-0.021742190744291623,-0.05072865282375183,76,235000000
camera_calibration,30,4.0,-10.0,3.999999999957515,-10.000000000576794,3.9782578092132233,-10.050728653400546,True,True,-0.021742190744291623,-0.05072865282375183,76,300000000
camera_calibration,30,4.0,-10.0,3.999999999957515,-10.000000000576794,3.9782578092132233,-10.050728653400546,True,True,-0.021742190744291623,-0.05072865282375183,76,365000000
camera_calibration,30,4.0,-10.0,3.999999999957515,-10.000000000576794,3.9782578092132233,-10.050728653400546,True,True,-0.021742190744291623,-0.05072865282375183,76,430000000
camera_calibration,30,4.0,-10.0,3.999999999957515,-10.000000000576794,3.9782578092132233,-10.050728653400546,True,True,-0.021742190744291623,-0.05072865282375183,76,495000000
camera_calibration,30,4.0,-10.0,3.999999999957515,-10.000000000576794,3.9782578092132233,-10.050728653400546,True,True,-0.021742190744291623,-0.05072865282375183,76,565000000
camera_calibration,30,4.0,-10.0,3.999999999957515,-10.000000000576794,3.9782578092132233,-10.050728653400546,True,True,-0.021742190744291623,-0.05072865282375183,76,630000000
camera_calibration,30,4.0,-10.0,3.999999999957515,-10.000000000576794,3.9782578092132233,-10.050728653400546,True,True,-0.021742190744291623,-0.05072865282375183,76,695000000
camera_calibration,30,4.0,-10.0,3.999999999957515,-10.000000000576794,3.9782578092132233,-10.050728653400546,True,True,-0.021742190744291623,-0.05072865282375183,76,760000000
camera_calibration,30,4.0,-10.0,3.999999999957515,-10.000000000576794,3.9782578092132233,-10.050728653400546,True,True,-0.021742190744291623,-0.05072865282375183,76,825000000
camera_calibration,30,4.0,-10.0,3.999999999957515,-10.000000000576794,3.9782578092132233,-10.050728653400546,True,True,-0.021742190744291623,-0.05072865282375183,76,895000000
camera_calibration,30,4.0,-10.0,3.999999999957515,-10.000000000576794,3.9782578092132233,-10.050728653400546,True,True,-0.021742190744291623,-0.05072865282375183,76,960000000
camera_calibration,30,4.0,-10.0,3.999999999957515,-10.000000000576794,3.9782578092132233,-10.050728653400546,True,True,-0.021742190744291623,-0.05072865282375183,77,25000000
camera_calibration,30,4.0,-10.0,3.999999999957515,-10.000000000576794,3.9782578092132233,-10.050728653400546,True,True,-0.021742190744291623,-0.05072865282375183,77,90000000
camera_calibration,30,4.0,-10.0,3.999999999957515,-10.000000000576794,3.9782578092132233,-10.050728653400546,True,True,-0.021742190744291623,-0.05072865282375183,77,155000000
camera_calibration,30,4.0,-10.0,3.999999999957515,-10.000000000576794,3.9782578092132233,-10.050728653400546,True,True,-0.021742190744291623,-0.05072865282375183,77,225000000
camera_calibration,30,4.0,-10.0,3.999999999957515,-10.000000000576794,3.9782578092132233,-10.050728653400546,True,True,-0.021742190744291623,-0.05072865282375183,77,290000000
camera_calibration,30,4.0,-10.0,3.999999999957515,-10.000000000576794,3.9782578092132233,-10.050728653400546,True,True,-0.021742190744291623,-0.05072865282375183,77,355000000
camera_calibration,30,4.0,-10.0,3.999999999957515,-10.000000000576794,3.9782578092132233,-10.050728653400546,True,True,-0.021742190744291623,-0.05072865282375183,77,420000000
camera_calibration,30,4.0,-10.0,3.999999999957515,-10.000000000576794,3.9782578092132233,-10.050728653400546,True,True,-0.021742190744291623,-0.05072865282375183,77,485000000
camera_calibration,31,4.0,0.0,4.0,0.0,3.9932682130096264,0.0,True,True,-0.006731786990373578,0.0,77,950000000
camera_calibration,31,4.0,0.0,4.0,0.0,3.9932682130096264,0.0,True,True,-0.006731786990373578,0.0,78,15000000
camera_calibration,31,4.0,0.0,4.0,0.0,3.9932682130096264,0.0,True,True,-0.006731786990373578,0.0,78,80000000
camera_calibration,31,4.0,0.0,4.0,0.0,3.9932682130096264,0.0,True,True,-0.006731786990373578,0.0,78,145000000
camera_calibration,31,4.0,0.0,4.0,0.0,3.9932682130096264,0.0,True,True,-0.006731786990373578,0.0,78,215000000
camera_calibration,31,4.0,0.0,4.0,0.0,3.9932682130096264,0.0,True,True,-0.006731786990373578,0.0,78,280000000
camera_calibration,31,4.0,0.0,4.0,0.0,3.9932682130096264,0.0,True,True,-0.006731786990373578,0.0,78,345000000
camera_calibration,31,4.0,0.0,4.0,0.0,3.9932682130096264,0.0,True,True,-0.006731786990373578,0.0,78,410000000
camera_calibration,31,4.0,0.0,4.0,0.0,3.9932682130096264,0.0,True,True,-0.006731786990373578,0.0,78,475000000
camera_calibration,31,4.0,0.0,4.0,0.0,3.9932682130096264,0.0,True,True,-0.006731786990373578,0.0,78,545000000
camera_calibration,31,4.0,0.0,4.0,0.0,3.9932682130096264,0.0,True,True,-0.006731786990373578,0.0,78,610000000
camera_calibration,31,4.0,0.0,4.0,0.0,3.9932682130096264,0.0,True,True,-0.006731786990373578,0.0,78,675000000
camera_calibration,31,4.0,0.0,4.0,0.0,3.9932682130096264,0.0,True,True,-0.006731786990373578,0.0,78,740000000
camera_calibration,31,4.0,0.0,4.0,0.0,3.9932682130096264,0.0,True,True,-0.006731786990373578,0.0,78,805000000
camera_calibration,31,4.0,0.0,4.0,0.0,3.9932682130096264,0.0,True,True,-0.006731786990373578,0.0,78,875000000
camera_calibration,31,4.0,0.0,4.0,0.0,3.9932682130096264,0.0,True,True,-0.006731786990373578,0.0,78,940000000
camera_calibration,31,4.0,0.0,4.0,0.0,3.9932682130096264,0.0,True,True,-0.006731786990373578,0.0,79,5000000
camera_calibration,31,4.0,0.0,4.0,0.0,3.9932682130096264,0.0,True,True,-0.006731786990373578,0.0,79,70000000
camera_calibration,31,4.0,0.0,4.0,0.0,3.9932682130096264,0.0,True,True,-0.006731786990373578,0.0,79,135000000
camera_calibration,31,4.0,0.0,4.0,0.0,3.9932682130096264,0.0,True,True,-0.006731786990373578,0.0,79,205000000
camera_calibration,31,4.0,0.0,4.0,0.0,3.9932682130096264,0.0,True,True,-0.006731786990373578,0.0,79,270000000
camera_calibration,31,4.0,0.0,4.0,0.0,3.9932682130096264,0.0,True,True,-0.006731786990373578,0.0,79,335000000
camera_calibration,31,4.0,0.0,4.0,0.0,3.9932682130096264,0.0,True,True,-0.006731786990373578,0.0,79,400000000
camera_calibration,31,4.0,0.0,4.0,0.0,3.9932682130096264,0.0,True,True,-0.006731786990373578,0.0,79,535000000
camera_calibration,31,4.0,0.0,4.0,0.0,3.9932682130096264,0.0,True,True,-0.006731786990373578,0.0,79,665000000
camera_calibration,31,4.0,0.0,4.0,0.0,3.9932682130096264,0.0,True,True,-0.006731786990373578,0.0,79,730000000
camera_calibration,31,4.0,0.0,4.0,0.0,3.9932682130096264,0.0,True,True,-0.006731786990373578,0.0,79,795000000
camera_calibration,31,4.0,0.0,4.0,0.0,3.9932682130096264,0.0,True,True,-0.006731786990373578,0.0,79,865000000
camera_calibration,31,4.0,0.0,4.0,0.0,3.9932682130096264,0.0,True,True,-0.006731786990373578,0.0,79,930000000
camera_calibration,31,4.0,0.0,4.0,0.0,3.9932682130096264,0.0,True,True,-0.006731786990373578,0.0,79,995000000
camera_calibration,32,4.0,10.0,3.999999999957515,10.000000000576794,3.9782578092132233,10.050728653400546,True,True,-0.021742190744291623,0.05072865282375183,80,390000000
camera_calibration,32,4.0,10.0,3.999999999957515,10.000000000576794,3.9782578092132233,10.050728653400546,True,True,-0.021742190744291623,0.05072865282375183,80,455000000
camera_calibration,32,4.0,10.0,3.999999999957515,10.000000000576794,3.9782578092132233,10.050728653400546,True,True,-0.021742190744291623,0.05072865282375183,80,525000000
camera_calibration,32,4.0,10.0,3.999999999957515,10.000000000576794,3.9782578092132233,10.050728653400546,True,True,-0.021742190744291623,0.05072865282375183,80,590000000
camera_calibration,32,4.0,10.0,3.999999999957515,10.000000000576794,3.9782578092132233,10.050728653400546,True,True,-0.021742190744291623,0.05072865282375183,80,655000000
camera_calibration,32,4.0,10.0,3.999999999957515,10.000000000576794,3.9782578092132233,10.050728653400546,True,True,-0.021742190744291623,0.05072865282375183,80,720000000
camera_calibration,32,4.0,10.0,3.999999999957515,10.000000000576794,3.9782578092132233,10.050728653400546,True,True,-0.021742190744291623,0.05072865282375183,80,785000000
camera_calibration,32,4.0,10.0,3.999999999957515,10.000000000576794,3.9782578092132233,10.050728653400546,True,True,-0.021742190744291623,0.05072865282375183,80,855000000
camera_calibration,32,4.0,10.0,3.999999999957515,10.000000000576794,3.9782578092132233,10.050728653400546,True,True,-0.021742190744291623,0.05072865282375183,80,920000000
camera_calibration,32,4.0,10.0,3.999999999957515,10.000000000576794,3.9782578092132233,10.050728653400546,True,True,-0.021742190744291623,0.05072865282375183,80,985000000
camera_calibration,32,4.0,10.0,3.999999999957515,10.000000000576794,3.9782578092132233,10.050728653400546,True,True,-0.021742190744291623,0.05072865282375183,81,50000000
camera_calibration,32,4.0,10.0,3.999999999957515,10.000000000576794,3.9782578092132233,10.050728653400546,True,True,-0.021742190744291623,0.05072865282375183,81,115000000
camera_calibration,32,4.0,10.0,3.999999999957515,10.000000000576794,3.9782578092132233,10.050728653400546,True,True,-0.021742190744291623,0.05072865282375183,81,185000000
camera_calibration,32,4.0,10.0,3.999999999957515,10.000000000576794,3.9782578092132233,10.050728653400546,True,True,-0.021742190744291623,0.05072865282375183,81,250000000
camera_calibration,32,4.0,10.0,3.999999999957515,10.000000000576794,3.9782578092132233,10.050728653400546,True,True,-0.021742190744291623,0.05072865282375183,81,315000000
camera_calibration,32,4.0,10.0,3.999999999957515,10.000000000576794,3.9782578092132233,10.050728653400546,True,True,-0.021742190744291623,0.05072865282375183,81,380000000
camera_calibration,32,4.0,10.0,3.999999999957515,10.000000000576794,3.9782578092132233,10.050728653400546,True,True,-0.021742190744291623,0.05072865282375183,81,445000000
camera_calibration,32,4.0,10.0,3.999999999957515,10.000000000576794,3.9782578092132233,10.050728653400546,True,True,-0.021742190744291623,0.05072865282375183,81,515000000
camera_calibration,32,4.0,10.0,3.999999999957515,10.000000000576794,3.9782578092132233,10.050728653400546,True,True,-0.021742190744291623,0.05072865282375183,81,580000000
camera_calibration,32,4.0,10.0,3.999999999957515,10.000000000576794,3.9782578092132233,10.050728653400546,True,True,-0.021742190744291623,0.05072865282375183,81,645000000
camera_calibration,32,4.0,10.0,3.999999999957515,10.000000000576794,3.9782578092132233,10.050728653400546,True,True,-0.021742190744291623,0.05072865282375183,81,775000000
camera_calibration,32,4.0,10.0,3.999999999957515,10.000000000576794,3.9782578092132233,10.050728653400546,True,True,-0.021742190744291623,0.05072865282375183,81,845000000
camera_calibration,32,4.0,10.0,3.999999999957515,10.000000000576794,3.9782578092132233,10.050728653400546,True,True,-0.021742190744291623,0.05072865282375183,81,910000000
camera_calibration,32,4.0,10.0,3.999999999957515,10.000000000576794,3.9782578092132233,10.050728653400546,True,True,-0.021742190744291623,0.05072865282375183,81,975000000
camera_calibration,32,4.0,10.0,3.999999999957515,10.000000000576794,3.9782578092132233,10.050728653400546,True,True,-0.021742190744291623,0.05072865282375183,82,40000000
camera_calibration,32,4.0,10.0,3.999999999957515,10.000000000576794,3.9782578092132233,10.050728653400546,True,True,-0.021742190744291623,0.05072865282375183,82,105000000
camera_calibration,32,4.0,10.0,3.999999999957515,10.000000000576794,3.9782578092132233,10.050728653400546,True,True,-0.021742190744291623,0.05072865282375183,82,175000000
camera_calibration,32,4.0,10.0,3.999999999957515,10.000000000576794,3.9782578092132233,10.050728653400546,True,True,-0.021742190744291623,0.05072865282375183,82,240000000
camera_calibration,32,4.0,10.0,3.999999999957515,10.000000000576794,3.9782578092132233,10.050728653400546,True,True,-0.021742190744291623,0.05072865282375183,82,305000000
camera_calibration,32,4.0,10.0,3.999999999957515,10.000000000576794,3.9782578092132233,10.050728653400546,True,True,-0.021742190744291623,0.05072865282375183,82,370000000
camera_calibration,33,4.0,20.0,3.9999999997615077,19.999999996629636,3.9809798883253915,20.07335533666771,True,True,-0.01902011143611615,0.07335534003807354,82,900000000
camera_calibration,33,4.0,20.0,3.9999999997615077,19.999999996629636,3.9809798883253915,20.07335533666771,True,True,-0.01902011143611615,0.07335534003807354,82,965000000
camera_calibration,33,4.0,20.0,3.9999999997615077,19.999999996629636,3.9809798883253915,20.07335533666771,True,True,-0.01902011143611615,0.07335534003807354,83,30000000
camera_calibration,33,4.0,20.0,3.9999999997615077,19.999999996629636,3.9809798883253915,20.07335533666771,True,True,-0.01902011143611615,0.07335534003807354,83,95000000
camera_calibration,33,4.0,20.0,3.9999999997615077,19.999999996629636,3.9809798883253915,20.07335533666771,True,True,-0.01902011143611615,0.07335534003807354,83,165000000
camera_calibration,33,4.0,20.0,3.9999999997615077,19.999999996629636,3.9809798883253915,20.07335533666771,True,True,-0.01902011143611615,0.07335534003807354,83,230000000
camera_calibration,33,4.0,20.0,3.9999999997615077,19.999999996629636,3.9809798883253915,20.07335533666771,True,True,-0.01902011143611615,0.07335534003807354,83,295000000
camera_calibration,33,4.0,20.0,3.9999999997615077,19.999999996629636,3.9809798883253915,20.07335533666771,True,True,-0.01902011143611615,0.07335534003807354,83,360000000
camera_calibration,33,4.0,20.0,3.9999999997615077,19.999999996629636,3.9809798883253915,20.07335533666771,True,True,-0.01902011143611615,0.07335534003807354,83,425000000
camera_calibration,33,4.0,20.0,3.9999999997615077,19.999999996629636,3.9809798883253915,20.07335533666771,True,True,-0.01902011143611615,0.07335534003807354,83,690000000
camera_calibration,33,4.0,20.0,3.9999999997615077,19.999999996629636,3.9809798883253915,20.07335533666771,True,True,-0.01902011143611615,0.07335534003807354,83,755000000
camera_calibration,33,4.0,20.0,3.9999999997615077,19.999999996629636,3.9809798883253915,20.07335533666771,True,True,-0.01902011143611615,0.07335534003807354,83,825000000
camera_calibration,33,4.0,20.0,3.9999999997615077,19.999999996629636,3.9809798883253915,20.07335533666771,True,True,-0.01902011143611615,0.07335534003807354,83,890000000
camera_calibration,33,4.0,20.0,3.9999999997615077,19.999999996629636,3.9809798883253915,20.07335533666771,True,True,-0.01902011143611615,0.07335534003807354,83,955000000
camera_calibration,33,4.0,20.0,3.9999999997615077,19.999999996629636,3.9809798883253915,20.07335533666771,True,True,-0.01902011143611615,0.07335534003807354,84,20000000
camera_calibration,33,4.0,20.0,3.9999999997615077,19.999999996629636,3.9809798883253915,20.07335533666771,True,True,-0.01902011143611615,0.07335534003807354,84,85000000
camera_calibration,33,4.0,20.0,3.9999999997615077,19.999999996629636,3.9809798883253915,20.07335533666771,True,True,-0.01902011143611615,0.07335534003807354,84,155000000
camera_calibration,33,4.0,20.0,3.9999999997615077,19.999999996629636,3.9809798883253915,20.07335533666771,True,True,-0.01902011143611615,0.07335534003807354,84,220000000
camera_calibration,33,4.0,20.0,3.9999999997615077,19.999999996629636,3.9809798883253915,20.07335533666771,True,True,-0.01902011143611615,0.07335534003807354,84,285000000
camera_calibration,33,4.0,20.0,3.9999999997615077,19.999999996629636,3.9809798883253915,20.07335533666771,True,True,-0.01902011143611615,0.07335534003807354,84,350000000
camera_calibration,33,4.0,20.0,3.9999999997615077,19.999999996629636,3.9809798883253915,20.07335533666771,True,True,-0.01902011143611615,0.07335534003807354,84,485000000
camera_calibration,33,4.0,20.0,3.9999999997615077,19.999999996629636,3.9809798883253915,20.07335533666771,True,True,-0.01902011143611615,0.07335534003807354,84,550000000
camera_calibration,33,4.0,20.0,3.9999999997615077,19.999999996629636,3.9809798883253915,20.07335533666771,True,True,-0.01902011143611615,0.07335534003807354,84,615000000
camera_calibration,33,4.0,20.0,3.9999999997615077,19.999999996629636,3.9809798883253915,20.07335533666771,True,True,-0.01902011143611615,0.07335534003807354,84,680000000
camera_calibration,33,4.0,20.0,3.9999999997615077,19.999999996629636,3.9809798883253915,20.07335533666771,True,True,-0.01902011143611615,0.07335534003807354,84,745000000
camera_calibration,33,4.0,20.0,3.9999999997615077,19.999999996629636,3.9809798883253915,20.07335533666771,True,True,-0.01902011143611615,0.07335534003807354,84,815000000
camera_calibration,33,4.0,20.0,3.9999999997615077,19.999999996629636,3.9809798883253915,20.07335533666771,True,True,-0.01902011143611615,0.07335534003807354,84,880000000
camera_calibration,33,4.0,20.0,3.9999999997615077,19.999999996629636,3.9809798883253915,20.07335533666771,True,True,-0.01902011143611615,0.07335534003807354,84,945000000
camera_calibration,33,4.0,20.0,3.9999999997615077,19.999999996629636,3.9809798883253915,20.07335533666771,True,True,-0.01902011143611615,0.07335534003807354,85,10000000
camera_calibration,33,4.0,20.0,3.9999999997615077,19.999999996629636,3.9809798883253915,20.07335533666771,True,True,-0.01902011143611615,0.07335534003807354,85,75000000
camera_calibration,34,4.0,30.0,3.999999999880701,30.000000000986592,3.9809798883253915,20.07335533666771,True,True,-0.019020111555309693,-9.926644664318882,85,540000000
camera_calibration,34,4.0,30.0,3.999999999880701,30.000000000986592,3.9935063369987867,30.060768924899524,True,True,-0.0064936628819145525,0.06076892391293143,85,605000000
camera_calibration,34,4.0,30.0,3.999999999880701,30.000000000986592,3.9935063369987867,30.060768924899524,True,True,-0.0064936628819145525,0.06076892391293143,85,670000000
camera_calibration,34,4.0,30.0,3.999999999880701,30.000000000986592,3.9935063369987867,30.060768924899524,True,True,-0.0064936628819145525,0.06076892391293143,85,735000000
camera_calibration,34,4.0,30.0,3.999999999880701,30.000000000986592,3.9935063369987867,30.060768924899524,True,True,-0.0064936628819145525,0.06076892391293143,85,805000000
camera_calibration,34,4.0,30.0,3.999999999880701,30.000000000986592,3.9935063369987867,30.060768924899524,True,True,-0.0064936628819145525,0.06076892391293143,85,870000000
camera_calibration,34,4.0,30.0,3.999999999880701,30.000000000986592,3.9935063369987867,30.060768924899524,True,True,-0.0064936628819145525,0.06076892391293143,85,935000000
camera_calibration,34,4.0,30.0,3.999999999880701,30.000000000986592,3.9935063369987867,30.060768924899524,True,True,-0.0064936628819145525,0.06076892391293143,86,0
camera_calibration,34,4.0,30.0,3.999999999880701,30.000000000986592,3.9935063369987867,30.060768924899524,True,True,-0.0064936628819145525,0.06076892391293143,86,65000000
camera_calibration,34,4.0,30.0,3.999999999880701,30.000000000986592,3.9935063369987867,30.060768924899524,True,True,-0.0064936628819145525,0.06076892391293143,86,135000000
camera_calibration,34,4.0,30.0,3.999999999880701,30.000000000986592,3.9935063369987867,30.060768924899524,True,True,-0.0064936628819145525,0.06076892391293143,86,200000000
camera_calibration,34,4.0,30.0,3.999999999880701,30.000000000986592,3.9935063369987867,30.060768924899524,True,True,-0.0064936628819145525,0.06076892391293143,86,265000000
camera_calibration,34,4.0,30.0,3.999999999880701,30.000000000986592,3.9935063369987867,30.060768924899524,True,True,-0.0064936628819145525,0.06076892391293143,86,330000000
camera_calibration,34,4.0,30.0,3.999999999880701,30.000000000986592,3.9935063369987867,30.060768924899524,True,True,-0.0064936628819145525,0.06076892391293143,86,395000000
camera_calibration,34,4.0,30.0,3.999999999880701,30.000000000986592,3.9935063369987867,30.060768924899524,True,True,-0.0064936628819145525,0.06076892391293143,86,465000000
camera_calibration,34,4.0,30.0,3.999999999880701,30.000000000986592,3.9935063369987867,30.060768924899524,True,True,-0.0064936628819145525,0.06076892391293143,86,530000000
camera_calibration,34,4.0,30.0,3.999999999880701,30.000000000986592,3.9935063369987867,30.060768924899524,True,True,-0.0064936628819145525,0.06076892391293143,86,595000000
camera_calibration,34,4.0,30.0,3.999999999880701,30.000000000986592,3.9935063369987867,30.060768924899524,True,True,-0.0064936628819145525,0.06076892391293143,86,660000000
camera_calibration,34,4.0,30.0,3.999999999880701,30.000000000986592,3.9935063369987867,30.060768924899524,True,True,-0.0064936628819145525,0.06076892391293143,86,725000000
camera_calibration,34,4.0,30.0,3.999999999880701,30.000000000986592,3.9935063369987867,30.060768924899524,True,True,-0.0064936628819145525,0.06076892391293143,86,795000000
camera_calibration,34,4.0,30.0,3.999999999880701,30.000000000986592,3.9935063369987867,30.060768924899524,True,True,-0.0064936628819145525,0.06076892391293143,86,860000000
camera_calibration,34,4.0,30.0,3.999999999880701,30.000000000986592,3.9935063369987867,30.060768924899524,True,True,-0.0064936628819145525,0.06076892391293143,86,925000000
camera_calibration,34,4.0,30.0,3.999999999880701,30.000000000986592,3.9935063369987867,30.060768924899524,True,True,-0.0064936628819145525,0.06076892391293143,86,990000000
camera_calibration,34,4.0,30.0,3.999999999880701,30.000000000986592,3.9935063369987867,30.060768924899524,True,True,-0.0064936628819145525,0.06076892391293143,87,55000000
camera_calibration,34,4.0,30.0,3.999999999880701,30.000000000986592,3.9935063369987867,30.060768924899524,True,True,-0.0064936628819145525,0.06076892391293143,87,125000000
camera_calibration,34,4.0,30.0,3.999999999880701,30.000000000986592,3.9935063369987867,30.060768924899524,True,True,-0.0064936628819145525,0.06076892391293143,87,190000000
camera_calibration,34,4.0,30.0,3.999999999880701,30.000000000986592,3.9935063369987867,30.060768924899524,True,True,-0.0064936628819145525,0.06076892391293143,87,255000000
camera_calibration,34,4.0,30.0,3.999999999880701,30.000000000986592,3.9935063369987867,30.060768924899524,True,True,-0.0064936628819145525,0.06076892391293143,87,320000000
camera_calibration,34,4.0,30.0,3.999999999880701,30.000000000986592,3.9935063369987867,30.060768924899524,True,True,-0.0064936628819145525,0.06076892391293143,87,385000000
camera_calibration,34,4.0,30.0,3.999999999880701,30.000000000986592,3.9935063369987867,30.060768924899524,True,True,-0.0064936628819145525,0.06076892391293143,87,455000000
camera_calibration,35,5.0,-30.0,5.0000000000673825,-29.999999999554205,5.000021058594324,-30.01378988655045,True,True,2.1058526941786226e-05,-0.013789886996246281,87,850000000
camera_calibration,35,5.0,-30.0,5.0000000000673825,-29.999999999554205,5.000021058594324,-30.01378988655045,True,True,2.1058526941786226e-05,-0.013789886996246281,87,915000000
camera_calibration,35,5.0,-30.0,5.0000000000673825,-29.999999999554205,5.000021058594324,-30.01378988655045,True,True,2.1058526941786226e-05,-0.013789886996246281,87,980000000
camera_calibration,35,5.0,-30.0,5.0000000000673825,-29.999999999554205,5.000021058594324,-30.01378988655045,True,True,2.1058526941786226e-05,-0.013789886996246281,88,45000000
camera_calibration,35,5.0,-30.0,5.0000000000673825,-29.999999999554205,5.000021058594324,-30.01378988655045,True,True,2.1058526941786226e-05,-0.013789886996246281,88,115000000
camera_calibration,35,5.0,-30.0,5.0000000000673825,-29.999999999554205,5.000021058594324,-30.01378988655045,True,True,2.1058526941786226e-05,-0.013789886996246281,88,180000000
camera_calibration,35,5.0,-30.0,5.0000000000673825,-29.999999999554205,5.000021058594324,-30.01378988655045,True,True,2.1058526941786226e-05,-0.013789886996246281,88,245000000
camera_calibration,35,5.0,-30.0,5.0000000000673825,-29.999999999554205,5.000021058594324,-30.01378988655045,True,True,2.1058526941786226e-05,-0.013789886996246281,88,310000000
camera_calibration,35,5.0,-30.0,5.0000000000673825,-29.999999999554205,5.000021058594324,-30.01378988655045,True,True,2.1058526941786226e-05,-0.013789886996246281,88,375000000
camera_calibration,35,5.0,-30.0,5.0000000000673825,-29.999999999554205,5.000021058594324,-30.01378988655045,True,True,2.1058526941786226e-05,-0.013789886996246281,88,445000000
camera_calibration,35,5.0,-30.0,5.0000000000673825,-29.999999999554205,5.000021058594324,-30.01378988655045,True,True,2.1058526941786226e-05,-0.013789886996246281,88,510000000
camera_calibration,35,5.0,-30.0,5.0000000000673825,-29.999999999554205,5.000021058594324,-30.01378988655045,True,True,2.1058526941786226e-05,-0.013789886996246281,88,575000000
camera_calibration,35,5.0,-30.0,5.0000000000673825,-29.999999999554205,5.000021058594324,-30.01378988655045,True,True,2.1058526941786226e-05,-0.013789886996246281,88,640000000
camera_calibration,35,5.0,-30.0,5.0000000000673825,-29.999999999554205,5.000021058594324,-30.01378988655045,True,True,2.1058526941786226e-05,-0.013789886996246281,88,705000000
camera_calibration,35,5.0,-30.0,5.0000000000673825,-29.999999999554205,5.000021058594324,-30.01378988655045,True,True,2.1058526941786226e-05,-0.013789886996246281,88,775000000
camera_calibration,35,5.0,-30.0,5.0000000000673825,-29.999999999554205,5.000021058594324,-30.01378988655045,True,True,2.1058526941786226e-05,-0.013789886996246281,88,840000000
camera_calibration,35,5.0,-30.0,5.0000000000673825,-29.999999999554205,5.000021058594324,-30.01378988655045,True,True,2.1058526941786226e-05,-0.013789886996246281,88,905000000
camera_calibration,35,5.0,-30.0,5.0000000000673825,-29.999999999554205,5.000021058594324,-30.01378988655045,True,True,2.1058526941786226e-05,-0.013789886996246281,88,970000000
camera_calibration,35,5.0,-30.0,5.0000000000673825,-29.999999999554205,5.000021058594324,-30.01378988655045,True,True,2.1058526941786226e-05,-0.013789886996246281,89,35000000
camera_calibration,35,5.0,-30.0,5.0000000000673825,-29.999999999554205,5.000021058594324,-30.01378988655045,True,True,2.1058526941786226e-05,-0.013789886996246281,89,105000000
camera_calibration,35,5.0,-30.0,5.0000000000673825,-29.999999999554205,5.000021058594324,-30.01378988655045,True,True,2.1058526941786226e-05,-0.013789886996246281,89,170000000
camera_calibration,35,5.0,-30.0,5.0000000000673825,-29.999999999554205,5.000021058594324,-30.01378988655045,True,True,2.1058526941786226e-05,-0.013789886996246281,89,235000000
camera_calibration,35,5.0,-30.0,5.0000000000673825,-29.999999999554205,5.000021058594324,-30.01378988655045,True,True,2.1058526941786226e-05,-0.013789886996246281,89,300000000
camera_calibration,35,5.0,-30.0,5.0000000000673825,-29.999999999554205,5.000021058594324,-30.01378988655045,True,True,2.1058526941786226e-05,-0.013789886996246281,89,365000000
camera_calibration,35,5.0,-30.0,5.0000000000673825,-29.999999999554205,5.000021058594324,-30.01378988655045,True,True,2.1058526941786226e-05,-0.013789886996246281,89,435000000
camera_calibration,35,5.0,-30.0,5.0000000000673825,-29.999999999554205,5.000021058594324,-30.01378988655045,True,True,2.1058526941786226e-05,-0.013789886996246281,89,500000000
camera_calibration,35,5.0,-30.0,5.0000000000673825,-29.999999999554205,5.000021058594324,-30.01378988655045,True,True,2.1058526941786226e-05,-0.013789886996246281,89,630000000
camera_calibration,35,5.0,-30.0,5.0000000000673825,-29.999999999554205,5.000021058594324,-30.01378988655045,True,True,2.1058526941786226e-05,-0.013789886996246281,89,695000000
camera_calibration,35,5.0,-30.0,5.0000000000673825,-29.999999999554205,5.000021058594324,-30.01378988655045,True,True,2.1058526941786226e-05,-0.013789886996246281,89,765000000
camera_calibration,35,5.0,-30.0,5.0000000000673825,-29.999999999554205,5.000021058594324,-30.01378988655045,True,True,2.1058526941786226e-05,-0.013789886996246281,89,830000000
camera_calibration,36,5.0,-20.0,5.000000000193323,-20.000000003725884,4.974472061803623,-20.01803452002067,True,True,-0.025527938389699578,-0.018034516294786584,90,225000000
camera_calibration,36,5.0,-20.0,5.000000000193323,-20.000000003725884,4.974472061803623,-20.01803452002067,True,True,-0.025527938389699578,-0.018034516294786584,90,290000000
camera_calibration,36,5.0,-20.0,5.000000000193323,-20.000000003725884,4.974472061803623,-20.01803452002067,True,True,-0.025527938389699578,-0.018034516294786584,90,355000000
camera_calibration,36,5.0,-20.0,5.000000000193323,-20.000000003725884,4.974472061803623,-20.01803452002067,True,True,-0.025527938389699578,-0.018034516294786584,90,425000000
camera_calibration,36,5.0,-20.0,5.000000000193323,-20.000000003725884,4.974472061803623,-20.01803452002067,True,True,-0.025527938389699578,-0.018034516294786584,90,490000000
camera_calibration,36,5.0,-20.0,5.000000000193323,-20.000000003725884,4.974472061803623,-20.01803452002067,True,True,-0.025527938389699578,-0.018034516294786584,90,620000000
camera_calibration,36,5.0,-20.0,5.000000000193323,-20.000000003725884,4.974472061803623,-20.01803452002067,True,True,-0.025527938389699578,-0.018034516294786584,90,685000000
camera_calibration,36,5.0,-20.0,5.000000000193323,-20.000000003725884,4.974472061803623,-20.01803452002067,True,True,-0.025527938389699578,-0.018034516294786584,90,755000000
camera_calibration,36,5.0,-20.0,5.000000000193323,-20.000000003725884,4.974472061803623,-20.01803452002067,True,True,-0.025527938389699578,-0.018034516294786584,90,820000000
camera_calibration,36,5.0,-20.0,5.000000000193323,-20.000000003725884,4.974472061803623,-20.01803452002067,True,True,-0.025527938389699578,-0.018034516294786584,90,950000000
camera_calibration,36,5.0,-20.0,5.000000000193323,-20.000000003725884,4.974472061803623,-20.01803452002067,True,True,-0.025527938389699578,-0.018034516294786584,91,15000000
camera_calibration,36,5.0,-20.0,5.000000000193323,-20.000000003725884,4.974472061803623,-20.01803452002067,True,True,-0.025527938389699578,-0.018034516294786584,91,85000000
camera_calibration,36,5.0,-20.0,5.000000000193323,-20.000000003725884,4.974472061803623,-20.01803452002067,True,True,-0.025527938389699578,-0.018034516294786584,91,150000000
camera_calibration,36,5.0,-20.0,5.000000000193323,-20.000000003725884,4.974472061803623,-20.01803452002067,True,True,-0.025527938389699578,-0.018034516294786584,91,215000000
camera_calibration,36,5.0,-20.0,5.000000000193323,-20.000000003725884,4.974472061803623,-20.01803452002067,True,True,-0.025527938389699578,-0.018034516294786584,91,280000000
camera_calibration,36,5.0,-20.0,5.000000000193323,-20.000000003725884,4.974472061803623,-20.01803452002067,True,True,-0.025527938389699578,-0.018034516294786584,91,345000000
camera_calibration,36,5.0,-20.0,5.000000000193323,-20.000000003725884,4.974472061803623,-20.01803452002067,True,True,-0.025527938389699578,-0.018034516294786584,91,415000000
camera_calibration,36,5.0,-20.0,5.000000000193323,-20.000000003725884,4.974472061803623,-20.01803452002067,True,True,-0.025527938389699578,-0.018034516294786584,91,480000000
camera_calibration,36,5.0,-20.0,5.000000000193323,-20.000000003725884,4.974472061803623,-20.01803452002067,True,True,-0.025527938389699578,-0.018034516294786584,91,545000000
camera_calibration,36,5.0,-20.0,5.000000000193323,-20.000000003725884,4.974472061803623,-20.01803452002067,True,True,-0.025527938389699578,-0.018034516294786584,91,610000000
camera_calibration,36,5.0,-20.0,5.000000000193323,-20.000000003725884,4.974472061803623,-20.01803452002067,True,True,-0.025527938389699578,-0.018034516294786584,91,675000000
camera_calibration,36,5.0,-20.0,5.000000000193323,-20.000000003725884,4.974472061803623,-20.01803452002067,True,True,-0.025527938389699578,-0.018034516294786584,91,745000000
camera_calibration,36,5.0,-20.0,5.000000000193323,-20.000000003725884,4.974472061803623,-20.01803452002067,True,True,-0.025527938389699578,-0.018034516294786584,91,810000000
camera_calibration,36,5.0,-20.0,5.000000000193323,-20.000000003725884,4.974472061803623,-20.01803452002067,True,True,-0.025527938389699578,-0.018034516294786584,91,875000000
camera_calibration,36,5.0,-20.0,5.000000000193323,-20.000000003725884,4.974472061803623,-20.01803452002067,True,True,-0.025527938389699578,-0.018034516294786584,91,940000000
camera_calibration,36,5.0,-20.0,5.000000000193323,-20.000000003725884,4.974472061803623,-20.01803452002067,True,True,-0.025527938389699578,-0.018034516294786584,92,5000000
camera_calibration,36,5.0,-20.0,5.000000000193323,-20.000000003725884,4.974472061803623,-20.01803452002067,True,True,-0.025527938389699578,-0.018034516294786584,92,75000000
camera_calibration,36,5.0,-20.0,5.000000000193323,-20.000000003725884,4.974472061803623,-20.01803452002067,True,True,-0.025527938389699578,-0.018034516294786584,92,140000000
camera_calibration,36,5.0,-20.0,5.000000000193323,-20.000000003725884,4.974472061803623,-20.01803452002067,True,True,-0.025527938389699578,-0.018034516294786584,92,205000000
camera_calibration,36,5.0,-20.0,5.000000000193323,-20.000000003725884,4.974472061803623,-20.01803452002067,True,True,-0.025527938389699578,-0.018034516294786584,92,270000000
camera_calibration,37,5.0,-10.0,4.99999999993387,-9.999999999730417,4.972822261516529,-10.050728653400546,True,True,-0.027177738417340613,-0.05072865367012902,92,665000000
camera_calibration,37,5.0,-10.0,4.99999999993387,-9.999999999730417,4.972822261516529,-10.050728653400546,True,True,-0.027177738417340613,-0.05072865367012902,92,735000000
camera_calibration,37,5.0,-10.0,4.99999999993387,-9.999999999730417,4.972822261516529,-10.050728653400546,True,True,-0.027177738417340613,-0.05072865367012902,92,800000000
camera_calibration,37,5.0,-10.0,4.99999999993387,-9.999999999730417,4.972822261516529,-10.050728653400546,True,True,-0.027177738417340613,-0.05072865367012902,92,865000000
camera_calibration,37,5.0,-10.0,4.99999999993387,-9.999999999730417,4.972822261516529,-10.050728653400546,True,True,-0.027177738417340613,-0.05072865367012902,92,930000000
camera_calibration,37,5.0,-10.0,4.99999999993387,-9.999999999730417,4.972822261516529,-10.050728653400546,True,True,-0.027177738417340613,-0.05072865367012902,92,995000000
camera_calibration,37,5.0,-10.0,4.99999999993387,-9.999999999730417,4.972822261516529,-10.050728653400546,True,True,-0.027177738417340613,-0.05072865367012902,93,65000000
camera_calibration,37,5.0,-10.0,4.99999999993387,-9.999999999730417,4.972822261516529,-10.050728653400546,True,True,-0.027177738417340613,-0.05072865367012902,93,130000000
camera_calibration,37,5.0,-10.0,4.99999999993387,-9.999999999730417,4.972822261516529,-10.050728653400546,True,True,-0.027177738417340613,-0.05072865367012902,93,195000000
camera_calibration,37,5.0,-10.0,4.99999999993387,-9.999999999730417,4.972822261516529,-10.050728653400546,True,True,-0.027177738417340613,-0.05072865367012902,93,260000000
camera_calibration,37,5.0,-10.0,4.99999999993387,-9.999999999730417,4.972822261516529,-10.050728653400546,True,True,-0.027177738417340613,-0.05072865367012902,93,325000000
camera_calibration,37,5.0,-10.0,4.99999999993387,-9.999999999730417,4.972822261516529,-10.050728653400546,True,True,-0.027177738417340613,-0.05072865367012902,93,395000000
camera_calibration,37,5.0,-10.0,4.99999999993387,-9.999999999730417,4.972822261516529,-10.050728653400546,True,True,-0.027177738417340613,-0.05072865367012902,93,460000000
camera_calibration,37,5.0,-10.0,4.99999999993387,-9.999999999730417,4.972822261516529,-10.050728653400546,True,True,-0.027177738417340613,-0.05072865367012902,93,525000000
camera_calibration,37,5.0,-10.0,4.99999999993387,-9.999999999730417,4.972822261516529,-10.050728653400546,True,True,-0.027177738417340613,-0.05072865367012902,93,590000000
camera_calibration,37,5.0,-10.0,4.99999999993387,-9.999999999730417,4.972822261516529,-10.050728653400546,True,True,-0.027177738417340613,-0.05072865367012902,93,655000000
camera_calibration,37,5.0,-10.0,4.99999999993387,-9.999999999730417,4.972822261516529,-10.050728653400546,True,True,-0.027177738417340613,-0.05072865367012902,93,725000000
camera_calibration,37,5.0,-10.0,4.99999999993387,-9.999999999730417,4.972822261516529,-10.050728653400546,True,True,-0.027177738417340613,-0.05072865367012902,93,790000000
camera_calibration,37,5.0,-10.0,4.99999999993387,-9.999999999730417,4.972822261516529,-10.050728653400546,True,True,-0.027177738417340613,-0.05072865367012902,93,855000000
camera_calibration,37,5.0,-10.0,4.99999999993387,-9.999999999730417,4.972822261516529,-10.050728653400546,True,True,-0.027177738417340613,-0.05072865367012902,93,920000000
camera_calibration,37,5.0,-10.0,4.99999999993387,-9.999999999730417,4.972822261516529,-10.050728653400546,True,True,-0.027177738417340613,-0.05072865367012902,93,985000000
camera_calibration,37,5.0,-10.0,4.99999999993387,-9.999999999730417,4.972822261516529,-10.050728653400546,True,True,-0.027177738417340613,-0.05072865367012902,94,55000000
camera_calibration,37,5.0,-10.0,4.99999999993387,-9.999999999730417,4.972822261516529,-10.050728653400546,True,True,-0.027177738417340613,-0.05072865367012902,94,120000000
camera_calibration,37,5.0,-10.0,4.99999999993387,-9.999999999730417,4.972822261516529,-10.050728653400546,True,True,-0.027177738417340613,-0.05072865367012902,94,185000000
camera_calibration,37,5.0,-10.0,4.99999999993387,-9.999999999730417,4.972822261516529,-10.050728653400546,True,True,-0.027177738417340613,-0.05072865367012902,94,250000000
camera_calibration,37,5.0,-10.0,4.99999999993387,-9.999999999730417,4.972822261516529,-10.050728653400546,True,True,-0.027177738417340613,-0.05072865367012902,94,315000000
camera_calibration,37,5.0,-10.0,4.99999999993387,-9.999999999730417,4.972822261516529,-10.050728653400546,True,True,-0.027177738417340613,-0.05072865367012902,94,385000000
camera_calibration,37,5.0,-10.0,4.99999999993387,-9.999999999730417,4.972822261516529,-10.050728653400546,True,True,-0.027177738417340613,-0.05072865367012902,94,450000000
camera_calibration,37,5.0,-10.0,4.99999999993387,-9.999999999730417,4.972822261516529,-10.050728653400546,True,True,-0.027177738417340613,-0.05072865367012902,94,515000000
camera_calibration,37,5.0,-10.0,4.99999999993387,-9.999999999730417,4.972822261516529,-10.050728653400546,True,True,-0.027177738417340613,-0.05072865367012902,94,580000000
camera_calibration,38,5.0,0.0,5.0,0.0,4.955501517349296,0.0,True,True,-0.04449848265070422,0.0,94,975000000
camera_calibration,38,5.0,0.0,5.0,0.0,4.955501517349296,0.0,True,True,-0.04449848265070422,0.0,95,45000000
camera_calibration,38,5.0,0.0,5.0,0.0,4.955501517349296,0.0,True,True,-0.04449848265070422,0.0,95,110000000
camera_calibration,38,5.0,0.0,5.0,0.0,4.955501517349296,0.0,True,True,-0.04449848265070422,0.0,95,175000000
camera_calibration,38,5.0,0.0,5.0,0.0,4.955501517349296,0.0,True,True,-0.04449848265070422,0.0,95,240000000
camera_calibration,38,5.0,0.0,5.0,0.0,4.955501517349296,0.0,True,True,-0.04449848265070422,0.0,95,305000000
camera_calibration,38,5.0,0.0,5.0,0.0,4.955501517349296,0.0,True,True,-0.04449848265070422,0.0,95,375000000
camera_calibration,38,5.0,0.0,5.0,0.0,4.955501517349296,0.0,True,True,-0.04449848265070422,0.0,95,440000000
camera_calibration,38,5.0,0.0,5.0,0.0,4.955501517349296,0.0,True,True,-0.04449848265070422,0.0,95,505000000
camera_calibration,38,5.0,0.0,5.0,0.0,4.955501517349296,0.0,True,True,-0.04449848265070422,0.0,95,570000000
camera_calibration,38,5.0,0.0,5.0,0.0,4.955501517349296,0.0,True,True,-0.04449848265070422,0.0,95,635000000
camera_calibration,38,5.0,0.0,5.0,0.0,4.955501517349296,0.0,True,True,-0.04449848265070422,0.0,95,705000000
camera_calibration,38,5.0,0.0,5.0,0.0,4.955501517349296,0.0,True,True,-0.04449848265070422,0.0,95,770000000
camera_calibration,38,5.0,0.0,5.0,0.0,4.955501517349296,0.0,True,True,-0.04449848265070422,0.0,95,835000000
camera_calibration,38,5.0,0.0,5.0,0.0,4.955501517349296,0.0,True,True,-0.04449848265070422,0.0,95,900000000
camera_calibration,38,5.0,0.0,5.0,0.0,4.955501517349296,0.0,True,True,-0.04449848265070422,0.0,95,965000000
camera_calibration,38,5.0,0.0,5.0,0.0,4.955501517349296,0.0,True,True,-0.04449848265070422,0.0,96,35000000
camera_calibration,38,5.0,0.0,5.0,0.0,4.955501517349296,0.0,True,True,-0.04449848265070422,0.0,96,100000000
camera_calibration,38,5.0,0.0,5.0,0.0,4.955501517349296,0.0,True,True,-0.04449848265070422,0.0,96,165000000
camera_calibration,38,5.0,0.0,5.0,0.0,4.955501517349296,0.0,True,True,-0.04449848265070422,0.0,96,230000000
camera_calibration,38,5.0,0.0,5.0,0.0,4.955501517349296,0.0,True,True,-0.04449848265070422,0.0,96,295000000
camera_calibration,38,5.0,0.0,5.0,0.0,4.955501517349296,0.0,True,True,-0.04449848265070422,0.0,96,365000000
camera_calibration,38,5.0,0.0,5.0,0.0,4.955501517349296,0.0,True,True,-0.04449848265070422,0.0,96,430000000
camera_calibration,38,5.0,0.0,5.0,0.0,4.955501517349296,0.0,True,True,-0.04449848265070422,0.0,96,495000000
camera_calibration,38,5.0,0.0,5.0,0.0,4.955501517349296,0.0,True,True,-0.04449848265070422,0.0,96,560000000
camera_calibration,38,5.0,0.0,5.0,0.0,4.955501517349296,0.0,True,True,-0.04449848265070422,0.0,96,625000000
camera_calibration,38,5.0,0.0,5.0,0.0,4.955501517349296,0.0,True,True,-0.04449848265070422,0.0,96,695000000
camera_calibration,38,5.0,0.0,5.0,0.0,4.955501517349296,0.0,True,True,-0.04449848265070422,0.0,96,760000000
camera_calibration,38,5.0,0.0,5.0,0.0,4.955501517349296,0.0,True,True,-0.04449848265070422,0.0,96,825000000
camera_calibration,38,5.0,0.0,5.0,0.0,4.955501517349296,0.0,True,True,-0.04449848265070422,0.0,96,890000000
camera_calibration,39,5.0,10.0,4.99999999993387,9.999999999730417,5.03273578273962,10.050728653400546,True,True,0.032735782805750624,0.05072865367012902,97,420000000
camera_calibration,39,5.0,10.0,4.99999999993387,9.999999999730417,5.03273578273962,10.050728653400546,True,True,0.032735782805750624,0.05072865367012902,97,485000000
camera_calibration,39,5.0,10.0,4.99999999993387,9.999999999730417,5.03273578273962,10.050728653400546,True,True,0.032735782805750624,0.05072865367012902,97,550000000
camera_calibration,39,5.0,10.0,4.99999999993387,9.999999999730417,5.03273578273962,10.050728653400546,True,True,0.032735782805750624,0.05072865367012902,97,615000000
camera_calibration,39,5.0,10.0,4.99999999993387,9.999999999730417,5.03273578273962,10.050728653400546,True,True,0.032735782805750624,0.05072865367012902,97,685000000
camera_calibration,39,5.0,10.0,4.99999999993387,9.999999999730417,5.03273578273962,10.050728653400546,True,True,0.032735782805750624,0.05072865367012902,97,750000000
camera_calibration,39,5.0,10.0,4.99999999993387,9.999999999730417,5.03273578273962,10.050728653400546,True,True,0.032735782805750624,0.05072865367012902,97,815000000
camera_calibration,39,5.0,10.0,4.99999999993387,9.999999999730417,5.03273578273962,10.050728653400546,True,True,0.032735782805750624,0.05072865367012902,97,880000000
camera_calibration,39,5.0,10.0,4.99999999993387,9.999999999730417,5.03273578273962,10.050728653400546,True,True,0.032735782805750624,0.05072865367012902,97,945000000
camera_calibration,39,5.0,10.0,4.99999999993387,9.999999999730417,5.03273578273962,10.050728653400546,True,True,0.032735782805750624,0.05072865367012902,98,15000000
camera_calibration,39,5.0,10.0,4.99999999993387,9.999999999730417,5.03273578273962,10.050728653400546,True,True,0.032735782805750624,0.05072865367012902,98,80000000
camera_calibration,39,5.0,10.0,4.99999999993387,9.999999999730417,5.03273578273962,10.050728653400546,True,True,0.032735782805750624,0.05072865367012902,98,210000000
camera_calibration,39,5.0,10.0,4.99999999993387,9.999999999730417,5.03273578273962,10.050728653400546,True,True,0.032735782805750624,0.05072865367012902,98,275000000
camera_calibration,39,5.0,10.0,4.99999999993387,9.999999999730417,5.03273578273962,10.050728653400546,True,True,0.032735782805750624,0.05072865367012902,98,345000000
camera_calibration,39,5.0,10.0,4.99999999993387,9.999999999730417,5.03273578273962,10.050728653400546,True,True,0.032735782805750624,0.05072865367012902,98,410000000
camera_calibration,39,5.0,10.0,4.99999999993387,9.999999999730417,5.03273578273962,10.050728653400546,True,True,0.032735782805750624,0.05072865367012902,98,475000000
camera_calibration,39,5.0,10.0,4.99999999993387,9.999999999730417,5.03273578273962,10.050728653400546,True,True,0.032735782805750624,0.05072865367012902,98,540000000
camera_calibration,39,5.0,10.0,4.99999999993387,9.999999999730417,5.03273578273962,10.050728653400546,True,True,0.032735782805750624,0.05072865367012902,98,605000000
camera_calibration,39,5.0,10.0,4.99999999993387,9.999999999730417,5.03273578273962,10.050728653400546,True,True,0.032735782805750624,0.05072865367012902,98,675000000
camera_calibration,39,5.0,10.0,4.99999999993387,9.999999999730417,5.03273578273962,10.050728653400546,True,True,0.032735782805750624,0.05072865367012902,98,740000000
camera_calibration,39,5.0,10.0,4.99999999993387,9.999999999730417,5.03273578273962,10.050728653400546,True,True,0.032735782805750624,0.05072865367012902,98,805000000
camera_calibration,39,5.0,10.0,4.99999999993387,9.999999999730417,5.03273578273962,10.050728653400546,True,True,0.032735782805750624,0.05072865367012902,98,870000000
camera_calibration,39,5.0,10.0,4.99999999993387,9.999999999730417,5.03273578273962,10.050728653400546,True,True,0.032735782805750624,0.05072865367012902,98,935000000
camera_calibration,39,5.0,10.0,4.99999999993387,9.999999999730417,5.03273578273962,10.050728653400546,True,True,0.032735782805750624,0.05072865367012902,99,5000000
camera_calibration,39,5.0,10.0,4.99999999993387,9.999999999730417,5.03273578273962,10.050728653400546,True,True,0.032735782805750624,0.05072865367012902,99,70000000
camera_calibration,39,5.0,10.0,4.99999999993387,9.999999999730417,5.03273578273962,10.050728653400546,True,True,0.032735782805750624,0.05072865367012902,99,135000000
camera_calibration,39,5.0,10.0,4.99999999993387,9.999999999730417,5.03273578273962,10.050728653400546,True,True,0.032735782805750624,0.05072865367012902,99,200000000
camera_calibration,39,5.0,10.0,4.99999999993387,9.999999999730417,5.03273578273962,10.050728653400546,True,True,0.032735782805750624,0.05072865367012902,99,265000000
camera_calibration,39,5.0,10.0,4.99999999993387,9.999999999730417,5.03273578273962,10.050728653400546,True,True,0.032735782805750624,0.05072865367012902,99,335000000
camera_calibration,39,5.0,10.0,4.99999999993387,9.999999999730417,5.03273578273962,10.050728653400546,True,True,0.032735782805750624,0.05072865367012902,99,400000000
camera_calibration,40,5.0,20.0,5.000000000193323,20.000000003725884,4.974472061803623,20.01803452002067,True,True,-0.025527938389699578,0.018034516294786584,99,860000000
camera_calibration,40,5.0,20.0,5.000000000193323,20.000000003725884,4.974472061803623,20.01803452002067,True,True,-0.025527938389699578,0.018034516294786584,99,925000000
camera_calibration,40,5.0,20.0,5.000000000193323,20.000000003725884,4.974472061803623,20.01803452002067,True,True,-0.025527938389699578,0.018034516294786584,99,995000000
camera_calibration,40,5.0,20.0,5.000000000193323,20.000000003725884,4.974472061803623,20.01803452002067,True,True,-0.025527938389699578,0.018034516294786584,100,60000000
camera_calibration,40,5.0,20.0,5.000000000193323,20.000000003725884,4.974472061803623,20.01803452002067,True,True,-0.025527938389699578,0.018034516294786584,100,125000000
camera_calibration,40,5.0,20.0,5.000000000193323,20.000000003725884,4.974472061803623,20.01803452002067,True,True,-0.025527938389699578,0.018034516294786584,100,325000000
camera_calibration,40,5.0,20.0,5.000000000193323,20.000000003725884,4.974472061803623,20.01803452002067,True,True,-0.025527938389699578,0.018034516294786584,100,455000000
camera_calibration,40,5.0,20.0,5.000000000193323,20.000000003725884,4.974472061803623,20.01803452002067,True,True,-0.025527938389699578,0.018034516294786584,100,520000000
camera_calibration,40,5.0,20.0,5.000000000193323,20.000000003725884,4.974472061803623,20.01803452002067,True,True,-0.025527938389699578,0.018034516294786584,100,585000000
camera_calibration,40,5.0,20.0,5.000000000193323,20.000000003725884,4.974472061803623,20.01803452002067,True,True,-0.025527938389699578,0.018034516294786584,100,655000000
camera_calibration,40,5.0,20.0,5.000000000193323,20.000000003725884,4.974472061803623,20.01803452002067,True,True,-0.025527938389699578,0.018034516294786584,100,720000000
camera_calibration,40,5.0,20.0,5.000000000193323,20.000000003725884,4.974472061803623,20.01803452002067,True,True,-0.025527938389699578,0.018034516294786584,100,785000000
camera_calibration,40,5.0,20.0,5.000000000193323,20.000000003725884,4.974472061803623,20.01803452002067,True,True,-0.025527938389699578,0.018034516294786584,100,850000000
camera_calibration,40,5.0,20.0,5.000000000193323,20.000000003725884,4.974472061803623,20.01803452002067,True,True,-0.025527938389699578,0.018034516294786584,100,915000000
camera_calibration,40,5.0,20.0,5.000000000193323,20.000000003725884,4.974472061803623,20.01803452002067,True,True,-0.025527938389699578,0.018034516294786584,100,985000000
camera_calibration,40,5.0,20.0,5.000000000193323,20.000000003725884,4.974472061803623,20.01803452002067,True,True,-0.025527938389699578,0.018034516294786584,101,50000000
camera_calibration,40,5.0,20.0,5.000000000193323,20.000000003725884,4.974472061803623,20.01803452002067,True,True,-0.025527938389699578,0.018034516294786584,101,115000000
camera_calibration,40,5.0,20.0,5.000000000193323,20.000000003725884,4.974472061803623,20.01803452002067,True,True,-0.025527938389699578,0.018034516294786584,101,180000000
camera_calibration,40,5.0,20.0,5.000000000193323,20.000000003725884,4.974472061803623,20.01803452002067,True,True,-0.025527938389699578,0.018034516294786584,101,245000000
camera_calibration,40,5.0,20.0,5.000000000193323,20.000000003725884,4.974472061803623,20.01803452002067,True,True,-0.025527938389699578,0.018034516294786584,101,315000000
camera_calibration,40,5.0,20.0,5.000000000193323,20.000000003725884,4.974472061803623,20.01803452002067,True,True,-0.025527938389699578,0.018034516294786584,101,380000000
camera_calibration,40,5.0,20.0,5.000000000193323,20.000000003725884,4.974472061803623,20.01803452002067,True,True,-0.025527938389699578,0.018034516294786584,101,445000000
camera_calibration,40,5.0,20.0,5.000000000193323,20.000000003725884,4.974472061803623,20.01803452002067,True,True,-0.025527938389699578,0.018034516294786584,101,510000000
camera_calibration,40,5.0,20.0,5.000000000193323,20.000000003725884,4.974472061803623,20.01803452002067,True,True,-0.025527938389699578,0.018034516294786584,101,575000000
camera_calibration,40,5.0,20.0,5.000000000193323,20.000000003725884,4.974472061803623,20.01803452002067,True,True,-0.025527938389699578,0.018034516294786584,101,645000000
camera_calibration,40,5.0,20.0,5.000000000193323,20.000000003725884,4.974472061803623,20.01803452002067,True,True,-0.025527938389699578,0.018034516294786584,101,710000000
camera_calibration,40,5.0,20.0,5.000000000193323,20.000000003725884,4.974472061803623,20.01803452002067,True,True,-0.025527938389699578,0.018034516294786584,101,775000000
camera_calibration,40,5.0,20.0,5.000000000193323,20.000000003725884,4.974472061803623,20.01803452002067,True,True,-0.025527938389699578,0.018034516294786584,101,840000000
camera_calibration,40,5.0,20.0,5.000000000193323,20.000000003725884,4.974472061803623,20.01803452002067,True,True,-0.025527938389699578,0.018034516294786584,101,905000000
camera_calibration,40,5.0,20.0,5.000000000193323,20.000000003725884,4.974472061803623,20.01803452002067,True,True,-0.025527938389699578,0.018034516294786584,101,975000000
camera_calibration,41,5.0,30.0,5.0000000000673825,29.999999999554205,5.000021058594324,30.01378988655045,True,True,2.1058526941786226e-05,0.013789886996246281,102,370000000
camera_calibration,41,5.0,30.0,5.0000000000673825,29.999999999554205,5.000021058594324,30.01378988655045,True,True,2.1058526941786226e-05,0.013789886996246281,102,435000000
camera_calibration,41,5.0,30.0,5.0000000000673825,29.999999999554205,5.000021058594324,30.01378988655045,True,True,2.1058526941786226e-05,0.013789886996246281,102,500000000
camera_calibration,41,5.0,30.0,5.0000000000673825,29.999999999554205,5.000021058594324,30.01378988655045,True,True,2.1058526941786226e-05,0.013789886996246281,102,565000000
camera_calibration,41,5.0,30.0,5.0000000000673825,29.999999999554205,5.000021058594324,30.01378988655045,True,True,2.1058526941786226e-05,0.013789886996246281,102,635000000
camera_calibration,41,5.0,30.0,5.0000000000673825,29.999999999554205,5.000021058594324,30.01378988655045,True,True,2.1058526941786226e-05,0.013789886996246281,102,700000000
camera_calibration,41,5.0,30.0,5.0000000000673825,29.999999999554205,5.000021058594324,30.01378988655045,True,True,2.1058526941786226e-05,0.013789886996246281,102,765000000
camera_calibration,41,5.0,30.0,5.0000000000673825,29.999999999554205,5.000021058594324,30.01378988655045,True,True,2.1058526941786226e-05,0.013789886996246281,102,830000000
camera_calibration,41,5.0,30.0,5.0000000000673825,29.999999999554205,5.000021058594324,30.01378988655045,True,True,2.1058526941786226e-05,0.013789886996246281,102,895000000
camera_calibration,41,5.0,30.0,5.0000000000673825,29.999999999554205,5.000021058594324,30.01378988655045,True,True,2.1058526941786226e-05,0.013789886996246281,102,965000000
camera_calibration,41,5.0,30.0,5.0000000000673825,29.999999999554205,5.000021058594324,30.01378988655045,True,True,2.1058526941786226e-05,0.013789886996246281,103,30000000
camera_calibration,41,5.0,30.0,5.0000000000673825,29.999999999554205,5.000021058594324,30.01378988655045,True,True,2.1058526941786226e-05,0.013789886996246281,103,95000000
camera_calibration,41,5.0,30.0,5.0000000000673825,29.999999999554205,5.000021058594324,30.01378988655045,True,True,2.1058526941786226e-05,0.013789886996246281,103,160000000
camera_calibration,41,5.0,30.0,5.0000000000673825,29.999999999554205,5.000021058594324,30.01378988655045,True,True,2.1058526941786226e-05,0.013789886996246281,103,225000000
camera_calibration,41,5.0,30.0,5.0000000000673825,29.999999999554205,5.000021058594324,30.01378988655045,True,True,2.1058526941786226e-05,0.013789886996246281,103,295000000
camera_calibration,41,5.0,30.0,5.0000000000673825,29.999999999554205,5.000021058594324,30.01378988655045,True,True,2.1058526941786226e-05,0.013789886996246281,103,360000000
camera_calibration,41,5.0,30.0,5.0000000000673825,29.999999999554205,5.000021058594324,30.01378988655045,True,True,2.1058526941786226e-05,0.013789886996246281,103,425000000
camera_calibration,41,5.0,30.0,5.0000000000673825,29.999999999554205,5.000021058594324,30.01378988655045,True,True,2.1058526941786226e-05,0.013789886996246281,103,490000000
camera_calibration,41,5.0,30.0,5.0000000000673825,29.999999999554205,5.000021058594324,30.01378988655045,True,True,2.1058526941786226e-05,0.013789886996246281,103,555000000
camera_calibration,41,5.0,30.0,5.0000000000673825,29.999999999554205,5.000021058594324,30.01378988655045,True,True,2.1058526941786226e-05,0.013789886996246281,103,625000000
camera_calibration,41,5.0,30.0,5.0000000000673825,29.999999999554205,5.000021058594324,30.01378988655045,True,True,2.1058526941786226e-05,0.013789886996246281,103,690000000
camera_calibration,41,5.0,30.0,5.0000000000673825,29.999999999554205,5.000021058594324,30.01378988655045,True,True,2.1058526941786226e-05,0.013789886996246281,103,755000000
camera_calibration,41,5.0,30.0,5.0000000000673825,29.999999999554205,5.000021058594324,30.01378988655045,True,True,2.1058526941786226e-05,0.013789886996246281,103,820000000
camera_calibration,41,5.0,30.0,5.0000000000673825,29.999999999554205,5.000021058594324,30.01378988655045,True,True,2.1058526941786226e-05,0.013789886996246281,103,885000000
camera_calibration,41,5.0,30.0,5.0000000000673825,29.999999999554205,5.000021058594324,30.01378988655045,True,True,2.1058526941786226e-05,0.013789886996246281,103,955000000
camera_calibration,41,5.0,30.0,5.0000000000673825,29.999999999554205,5.000021058594324,30.01378988655045,True,True,2.1058526941786226e-05,0.013789886996246281,104,20000000
camera_calibration,41,5.0,30.0,5.0000000000673825,29.999999999554205,5.000021058594324,30.01378988655045,True,True,2.1058526941786226e-05,0.013789886996246281,104,85000000
camera_calibration,41,5.0,30.0,5.0000000000673825,29.999999999554205,5.000021058594324,30.01378988655045,True,True,2.1058526941786226e-05,0.013789886996246281,104,150000000
camera_calibration,41,5.0,30.0,5.0000000000673825,29.999999999554205,5.000021058594324,30.01378988655045,True,True,2.1058526941786226e-05,0.013789886996246281,104,215000000
camera_calibration,41,5.0,30.0,5.0000000000673825,29.999999999554205,5.000021058594324,30.01378988655045,True,True,2.1058526941786226e-05,0.013789886996246281,104,285000000
