scene,condition_id,requested_range_m,requested_bearing_deg,actual_range_m,actual_bearing_deg,measured_range_m,measured_bearing_deg,valid,full_visibility,range_error_m,bearing_error_deg,stamp_sec,stamp_nanosec
straight_aisle,0,1.0,-30.0,1.0000000001866818,-29.99999999382462,0.9723435027324006,-23.42483757700469,True,False,-0.027656497454281226,6.5751624168199285,0,530000000
straight_aisle,0,1.0,-30.0,1.0000000001866818,-29.99999999382462,0.9723435027324006,-23.42483757700469,True,False,-0.027656497454281226,6.5751624168199285,0,595000000
straight_aisle,0,1.0,-30.0,1.0000000001866818,-29.99999999382462,0.9723435027324006,-23.42483757700469,True,False,-0.027656497454281226,6.5751624168199285,0,665000000
straight_aisle,0,1.0,-30.0,1.0000000001866818,-29.99999999382462,0.9723435027324006,-23.42483757700469,True,False,-0.027656497454281226,6.5751624168199285,0,730000000
straight_aisle,0,1.0,-30.0,1.0000000001866818,-29.99999999382462,0.9723435027324006,-23.42483757700469,True,False,-0.027656497454281226,6.5751624168199285,0,795000000
straight_aisle,0,1.0,-30.0,1.0000000001866818,-29.99999999382462,0.9723435027324006,-23.42483757700469,True,False,-0.027656497454281226,6.5751624168199285,0,860000000
straight_aisle,0,1.0,-30.0,1.0000000001866818,-29.99999999382462,0.9723435027324006,-23.42483757700469,True,False,-0.027656497454281226,6.5751624168199285,0,925000000
straight_aisle,0,1.0,-30.0,1.0000000001866818,-29.99999999382462,0.9723435027324006,-23.42483757700469,True,False,-0.027656497454281226,6.5751624168199285,0,995000000
straight_aisle,0,1.0,-30.0,1.0000000001866818,-29.99999999382462,0.9723435027324006,-23.42483757700469,True,False,-0.027656497454281226,6.5751624168199285,1,60000000
straight_aisle,0,1.0,-30.0,1.0000000001866818,-29.99999999382462,0.9723435027324006,-23.42483757700469,True,False,-0.027656497454281226,6.5751624168199285,1,125000000
straight_aisle,0,1.0,-30.0,1.0000000001866818,-29.99999999382462,0.9723435027324006,-23.42483757700469,True,False,-0.027656497454281226,6.5751624168199285,1,190000000
straight_aisle,0,1.0,-30.0,1.0000000001866818,-29.99999999382462,0.9723435027324006,-23.42483757700469,True,False,-0.027656497454281226,6.5751624168199285,1,255000000
straight_aisle,0,1.0,-30.0,1.0000000001866818,-29.99999999382462,0.9723435027324006,-23.42483757700469,True,False,-0.027656497454281226,6.5751624168199285,1,325000000
straight_aisle,0,1.0,-30.0,1.0000000001866818,-29.99999999382462,0.9723435027324006,-23.42483757700469,True,False,-0.027656497454281226,6.5751624168199285,1,390000000
straight_aisle,0,1.0,-30.0,1.0000000001866818,-29.99999999382462,0.9723435027324006,-23.42483757700469,True,False,-0.027656497454281226,6.5751624168199285,1,455000000
straight_aisle,0,1.0,-30.0,1.0000000001866818,-29.99999999382462,0.9723435027324006,-23.42483757700469,True,False,-0.027656497454281226,6.5751624168199285,1,520000000
straight_aisle,0,1.0,-30.0,1.0000000001866818,-29.99999999382462,0.9723435027324006,-23.42483757700469,True,False,-0.027656497454281226,6.5751624168199285,1,585000000
straight_aisle,0,1.0,-30.0,1.0000000001866818,-29.99999999382462,0.9723435027324006,-23.42483757700469,True,False,-0.027656497454281226,6.5751624168199285,1,655000000
straight_aisle,0,1.0,-30.0,1.0000000001866818,-29.99999999382462,0.9723435027324006,-23.42483757700469,True,False,-0.027656497454281226,6.5751624168199285,1,720000000
straight_aisle,0,1.0,-30.0,1.0000000001866818,-29.99999999382462,0.9723435027324006,-23.42483757700469,True,False,-0.027656497454281226,6.5751624168199285,1,785000000
straight_aisle,0,1.0,-30.0,1.0000000001866818,-29.99999999382462,0.9723435027324006,-23.42483757700469,True,False,-0.027656497454281226,6.5751624168199285,1,850000000
straight_aisle,0,1.0,-30.0,1.0000000001866818,-29.99999999382462,0.9723435027324006,-23.42483757700469,True,False,-0.027656497454281226,6.5751624168199285,1,915000000
straight_aisle,0,1.0,-30.0,1.0000000001866818,-29.99999999382462,0.9723435027324006,-23.42483757700469,True,False,-0.027656497454281226,6.5751624168199285,1,985000000
straight_aisle,0,1.0,-30.0,1.0000000001866818,-29.99999999382462,0.9723435027324006,-23.42483757700469,True,False,-0.027656497454281226,6.5751624168199285,2,50000000
straight_aisle,0,1.0,-30.0,1.0000000001866818,-29.99999999382462,0.9723435027324006,-23.42483757700469,True,False,-0.027656497454281226,6.5751624168199285,2,115000000
straight_aisle,0,1.0,-30.0,1.0000000001866818,-29.99999999382462,0.9723435027324006,-23.42483757700469,True,False,-0.027656497454281226,6.5751624168199285,2,180000000
straight_aisle,0,1.0,-30.0,1.0000000001866818,-29.99999999382462,0.9723435027324006,-23.42483757700469,True,False,-0.027656497454281226,6.5751624168199285,2,245000000
straight_aisle,0,1.0,-30.0,1.0000000001866818,-29.99999999382462,0.9723435027324006,-23.42483757700469,True,False,-0.027656497454281226,6.5751624168199285,2,315000000
straight_aisle,0,1.0,-30.0,1.0000000001866818,-29.99999999382462,0.9723435027324006,-23.42483757700469,True,False,-0.027656497454281226,6.5751624168199285,2,380000000
straight_aisle,0,1.0,-30.0,1.0000000001866818,-29.99999999382462,0.9723435027324006,-23.42483757700469,True,False,-0.027656497454281226,6.5751624168199285,2,445000000
straight_aisle,1,1.0,-20.0,1.0000000001924019,-19.999999994422566,0.9823796549998316,-19.071673668320564,True,False,-0.017620345192570275,0.9283263261020025,2,905000000
straight_aisle,1,1.0,-20.0,1.0000000001924019,-19.999999994422566,0.9823796549998316,-19.071673668320564,True,False,-0.017620345192570275,0.9283263261020025,2,975000000
straight_aisle,1,1.0,-20.0,1.0000000001924019,-19.999999994422566,0.9823796549998316,-19.071673668320564,True,False,-0.017620345192570275,0.9283263261020025,3,40000000
straight_aisle,1,1.0,-20.0,1.0000000001924019,-19.999999994422566,0.9823796549998316,-19.071673668320564,True,False,-0.017620345192570275,0.9283263261020025,3,105000000
straight_aisle,1,1.0,-20.0,1.0000000001924019,-19.999999994422566,0.9823796549998316,-19.071673668320564,True,False,-0.017620345192570275,0.9283263261020025,3,170000000
straight_aisle,1,1.0,-20.0,1.0000000001924019,-19.999999994422566,0.9823796549998316,-19.071673668320564,True,False,-0.017620345192570275,0.9283263261020025,3,235000000
straight_aisle,1,1.0,-20.0,1.0000000001924019,-19.999999994422566,0.9823796549998316,-19.071673668320564,True,False,-0.017620345192570275,0.9283263261020025,3,370000000
straight_aisle,1,1.0,-20.0,1.0000000001924019,-19.999999994422566,0.9823796549998316,-19.071673668320564,True,False,-0.017620345192570275,0.9283263261020025,3,435000000
straight_aisle,1,1.0,-20.0,1.0000000001924019,-19.999999994422566,0.9823796549998316,-19.071673668320564,True,False,-0.017620345192570275,0.9283263261020025,3,500000000
straight_aisle,1,1.0,-20.0,1.0000000001924019,-19.999999994422566,0.9823796549998316,-19.071673668320564,True,False,-0.017620345192570275,0.9283263261020025,3,565000000
straight_aisle,1,1.0,-20.0,1.0000000001924019,-19.999999994422566,0.9823796549998316,-19.071673668320564,True,False,-0.017620345192570275,0.9283263261020025,3,635000000
straight_aisle,1,1.0,-20.0,1.0000000001924019,-19.999999994422566,0.9823796549998316,-19.071673668320564,True,False,-0.017620345192570275,0.9283263261020025,3,700000000
straight_aisle,1,1.0,-20.0,1.0000000001924019,-19.999999994422566,0.9823796549998316,-19.071673668320564,True,False,-0.017620345192570275,0.9283263261020025,3,765000000
straight_aisle,1,1.0,-20.0,1.0000000001924019,-19.999999994422566,0.9823796549998316,-19.071673668320564,True,False,-0.017620345192570275,0.9283263261020025,3,830000000
straight_aisle,1,1.0,-20.0,1.0000000001924019,-19.999999994422566,0.9823796549998316,-19.071673668320564,True,False,-0.017620345192570275,0.9283263261020025,3,895000000
straight_aisle,1,1.0,-20.0,1.0000000001924019,-19.999999994422566,0.9823796549998316,-19.071673668320564,True,False,-0.017620345192570275,0.9283263261020025,3,965000000
straight_aisle,1,1.0,-20.0,1.0000000001924019,-19.999999994422566,0.9823796549998316,-19.071673668320564,True,False,-0.017620345192570275,0.9283263261020025,4,30000000
straight_aisle,1,1.0,-20.0,1.0000000001924019,-19.999999994422566,0.9823796549998316,-19.071673668320564,True,False,-0.017620345192570275,0.9283263261020025,4,95000000
straight_aisle,1,1.0,-20.0,1.0000000001924019,-19.999999994422566,0.9823796549998316,-19.071673668320564,True,False,-0.017620345192570275,0.9283263261020025,4,225000000
straight_aisle,1,1.0,-20.0,1.0000000001924019,-19.999999994422566,0.9823796549998316,-19.071673668320564,True,False,-0.017620345192570275,0.9283263261020025,4,360000000
straight_aisle,1,1.0,-20.0,1.0000000001924019,-19.999999994422566,0.9823796549998316,-19.071673668320564,True,False,-0.017620345192570275,0.9283263261020025,4,425000000
straight_aisle,1,1.0,-20.0,1.0000000001924019,-19.999999994422566,0.9823796549998316,-19.071673668320564,True,False,-0.017620345192570275,0.9283263261020025,4,490000000
straight_aisle,1,1.0,-20.0,1.0000000001924019,-19.999999994422566,0.9823796549998316,-19.071673668320564,True,False,-0.017620345192570275,0.9283263261020025,4,555000000
straight_aisle,1,1.0,-20.0,1.0000000001924019,-19.999999994422566,0.9823796549998316,-19.071673668320564,True,False,-0.017620345192570275,0.9283263261020025,4,625000000
straight_aisle,1,1.0,-20.0,1.0000000001924019,-19.999999994422566,0.9823796549998316,-19.071673668320564,True,False,-0.017620345192570275,0.9283263261020025,4,690000000
straight_aisle,1,1.0,-20.0,1.0000000001924019,-19.999999994422566,0.9823796549998316,-19.071673668320564,True,False,-0.017620345192570275,0.9283263261020025,4,755000000
straight_aisle,1,1.0,-20.0,1.0000000001924019,-19.999999994422566,0.9823796549998316,-19.071673668320564,True,False,-0.017620345192570275,0.9283263261020025,4,820000000
straight_aisle,1,1.0,-20.0,1.0000000001924019,-19.999999994422566,0.9823796549998316,-19.071673668320564,True,False,-0.017620345192570275,0.9283263261020025,4,885000000
straight_aisle,1,1.0,-20.0,1.0000000001924019,-19.999999994422566,0.9823796549998316,-19.071673668320564,True,False,-0.017620345192570275,0.9283263261020025,4,955000000
straight_aisle,1,1.0,-20.0,1.0000000001924019,-19.999999994422566,0.9823796549998316,-19.071673668320564,True,False,-0.017620345192570275,0.9283263261020025,5,20000000
straight_aisle,2,1.0,-10.0,0.99999999999372,-10.000000001987427,0.9658122972074658,-10.414972461319099,True,False,-0.03418770278625427,-0.41497245933167193,5,480000000
straight_aisle,2,1.0,-10.0,0.99999999999372,-10.000000001987427,0.9658122972074658,-10.414972461319099,True,False,-0.03418770278625427,-0.41497245933167193,5,545000000
straight_aisle,2,1.0,-10.0,0.99999999999372,-10.000000001987427,0.9658122972074658,-10.414972461319099,True,False,-0.03418770278625427,-0.41497245933167193,5,615000000
straight_aisle,2,1.0,-10.0,0.99999999999372,-10.000000001987427,0.9658122972074658,-10.414972461319099,True,False,-0.03418770278625427,-0.41497245933167193,5,745000000
straight_aisle,2,1.0,-10.0,0.99999999999372,-10.000000001987427,0.9658122972074658,-10.414972461319099,True,False,-0.03418770278625427,-0.41497245933167193,5,810000000
straight_aisle,2,1.0,-10.0,0.99999999999372,-10.000000001987427,0.9658122972074658,-10.414972461319099,True,False,-0.03418770278625427,-0.41497245933167193,5,875000000
straight_aisle,2,1.0,-10.0,0.99999999999372,-10.000000001987427,0.9658122972074658,-10.414972461319099,True,False,-0.03418770278625427,-0.41497245933167193,5,945000000
straight_aisle,2,1.0,-10.0,0.99999999999372,-10.000000001987427,0.9658122972074658,-10.414972461319099,True,False,-0.03418770278625427,-0.41497245933167193,6,10000000
straight_aisle,2,1.0,-10.0,0.99999999999372,-10.000000001987427,0.9658122972074658,-10.414972461319099,True,False,-0.03418770278625427,-0.41497245933167193,6,75000000
straight_aisle,2,1.0,-10.0,0.99999999999372,-10.000000001987427,0.9658122972074658,-10.414972461319099,True,False,-0.03418770278625427,-0.41497245933167193,6,140000000
straight_aisle,2,1.0,-10.0,0.99999999999372,-10.000000001987427,0.9658122972074658,-10.414972461319099,True,False,-0.03418770278625427,-0.41497245933167193,6,275000000
straight_aisle,2,1.0,-10.0,0.99999999999372,-10.000000001987427,0.9658122972074658,-10.414972461319099,True,False,-0.03418770278625427,-0.41497245933167193,6,340000000
straight_aisle,2,1.0,-10.0,0.99999999999372,-10.000000001987427,0.9658122972074658,-10.414972461319099,True,False,-0.03418770278625427,-0.41497245933167193,6,405000000
straight_aisle,2,1.0,-10.0,0.99999999999372,-10.000000001987427,0.9658122972074658,-10.414972461319099,True,False,-0.03418770278625427,-0.41497245933167193,6,470000000
straight_aisle,2,1.0,-10.0,0.99999999999372,-10.000000001987427,0.9658122972074658,-10.414972461319099,True,False,-0.03418770278625427,-0.41497245933167193,6,535000000
straight_aisle,2,1.0,-10.0,0.99999999999372,-10.000000001987427,0.9658122972074658,-10.414972461319099,True,False,-0.03418770278625427,-0.41497245933167193,6,605000000
straight_aisle,2,1.0,-10.0,0.99999999999372,-10.000000001987427,0.9658122972074658,-10.414972461319099,True,False,-0.03418770278625427,-0.41497245933167193,6,670000000
straight_aisle,2,1.0,-10.0,0.99999999999372,-10.000000001987427,0.9658122972074658,-10.414972461319099,True,False,-0.03418770278625427,-0.41497245933167193,6,735000000
straight_aisle,2,1.0,-10.0,0.99999999999372,-10.000000001987427,0.9658122972074658,-10.414972461319099,True,False,-0.03418770278625427,-0.41497245933167193,6,800000000
straight_aisle,2,1.0,-10.0,0.99999999999372,-10.000000001987427,0.9658122972074658,-10.414972461319099,True,False,-0.03418770278625427,-0.41497245933167193,6,865000000
straight_aisle,2,1.0,-10.0,0.99999999999372,-10.000000001987427,0.9658122972074658,-10.414972461319099,True,False,-0.03418770278625427,-0.41497245933167193,6,935000000
straight_aisle,2,1.0,-10.0,0.99999999999372,-10.000000001987427,0.9658122972074658,-10.414972461319099,True,False,-0.03418770278625427,-0.41497245933167193,7,0
straight_aisle,2,1.0,-10.0,0.99999999999372,-10.000000001987427,0.9658122972074658,-10.414972461319099,True,False,-0.03418770278625427,-0.41497245933167193,7,130000000
straight_aisle,2,1.0,-10.0,0.99999999999372,-10.000000001987427,0.9658122972074658,-10.414972461319099,True,False,-0.03418770278625427,-0.41497245933167193,7,195000000
straight_aisle,2,1.0,-10.0,0.99999999999372,-10.000000001987427,0.9658122972074658,-10.414972461319099,True,False,-0.03418770278625427,-0.41497245933167193,7,265000000
straight_aisle,2,1.0,-10.0,0.99999999999372,-10.000000001987427,0.9658122972074658,-10.414972461319099,True,False,-0.03418770278625427,-0.41497245933167193,7,330000000
straight_aisle,2,1.0,-10.0,0.99999999999372,-10.000000001987427,0.9658122972074658,-10.414972461319099,True,False,-0.03418770278625427,-0.41497245933167193,7,395000000
straight_aisle,2,1.0,-10.0,0.99999999999372,-10.000000001987427,0.9658122972074658,-10.414972461319099,True,False,-0.03418770278625427,-0.41497245933167193,7,460000000
straight_aisle,2,1.0,-10.0,0.99999999999372,-10.000000001987427,0.9658122972074658,-10.414972461319099,True,False,-0.03418770278625427,-0.41497245933167193,7,525000000
straight_aisle,2,1.0,-10.0,0.99999999999372,-10.000000001987427,0.9658122972074658,-10.414972461319099,True,False,-0.03418770278625427,-0.41497245933167193,7,595000000
straight_aisle,3,1.0,0.0,1.0,0.0,0.9609967895794195,0.0,True,True,-0.039003210420580525,0.0,8,55000000
straight_aisle,3,1.0,0.0,1.0,0.0,0.9609967895794195,0.0,True,True,-0.039003210420580525,0.0,8,120000000
straight_aisle,3,1.0,0.0,1.0,0.0,0.9609967895794195,0.0,True,True,-0.039003210420580525,0.0,8,185000000
straight_aisle,3,1.0,0.0,1.0,0.0,0.9609967895794195,0.0,True,True,-0.039003210420580525,0.0,8,255000000
straight_aisle,3,1.0,0.0,1.0,0.0,0.9609967895794195,0.0,True,True,-0.039003210420580525,0.0,8,320000000
straight_aisle,3,1.0,0.0,1.0,0.0,0.9609967895794195,0.0,True,True,-0.039003210420580525,0.0,8,385000000
straight_aisle,3,1.0,0.0,1.0,0.0,0.9609967895794195,0.0,True,True,-0.039003210420580525,0.0,8,450000000
straight_aisle,3,1.0,0.0,1.0,0.0,0.9609967895794195,0.0,True,True,-0.039003210420580525,0.0,8,515000000
straight_aisle,3,1.0,0.0,1.0,0.0,0.9609967895794195,0.0,True,True,-0.039003210420580525,0.0,8,585000000
straight_aisle,3,1.0,0.0,1.0,0.0,0.9609967895794195,0.0,True,True,-0.039003210420580525,0.0,8,650000000
straight_aisle,3,1.0,0.0,1.0,0.0,0.9609967895794195,0.0,True,True,-0.039003210420580525,0.0,8,715000000
straight_aisle,3,1.0,0.0,1.0,0.0,0.9609967895794195,0.0,True,True,-0.039003210420580525,0.0,8,845000000
straight_aisle,3,1.0,0.0,1.0,0.0,0.9609967895794195,0.0,True,True,-0.039003210420580525,0.0,8,915000000
straight_aisle,3,1.0,0.0,1.0,0.0,0.9609967895794195,0.0,True,True,-0.039003210420580525,0.0,8,980000000
straight_aisle,3,1.0,0.0,1.0,0.0,0.9609967895794195,0.0,True,True,-0.039003210420580525,0.0,9,45000000
straight_aisle,3,1.0,0.0,1.0,0.0,0.9609967895794195,0.0,True,True,-0.039003210420580525,0.0,9,175000000
straight_aisle,3,1.0,0.0,1.0,0.0,0.9609967895794195,0.0,True,True,-0.039003210420580525,0.0,9,245000000
straight_aisle,3,1.0,0.0,1.0,0.0,0.9609967895794195,0.0,True,True,-0.039003210420580525,0.0,9,310000000
straight_aisle,3,1.0,0.0,1.0,0.0,0.9609967895794195,0.0,True,True,-0.039003210420580525,0.0,9,375000000
straight_aisle,3,1.0,0.0,1.0,0.0,0.9609967895794195,0.0,True,True,-0.039003210420580525,0.0,9,440000000
straight_aisle,3,1.0,0.0,1.0,0.0,0.9609967895794195,0.0,True,True,-0.039003210420580525,0.0,9,505000000
straight_aisle,3,1.0,0.0,1.0,0.0,0.9609967895794195,0.0,True,True,-0.039003210420580525,0.0,9,575000000
straight_aisle,3,1.0,0.0,1.0,0.0,0.9609967895794195,0.0,True,True,-0.039003210420580525,0.0,9,640000000
straight_aisle,3,1.0,0.0,1.0,0.0,0.9609967895794195,0.0,True,True,-0.039003210420580525,0.0,9,705000000
straight_aisle,3,1.0,0.0,1.0,0.0,0.9609967895794195,0.0,True,True,-0.039003210420580525,0.0,9,770000000
straight_aisle,3,1.0,0.0,1.0,0.0,0.9609967895794195,0.0,True,True,-0.039003210420580525,0.0,9,835000000
straight_aisle,3,1.0,0.0,1.0,0.0,0.9609967895794195,0.0,True,True,-0.039003210420580525,0.0,9,905000000
straight_aisle,3,1.0,0.0,1.0,0.0,0.9609967895794195,0.0,True,True,-0.039003210420580525,0.0,9,970000000
straight_aisle,3,1.0,0.0,1.0,0.0,0.9609967895794195,0.0,True,True,-0.039003210420580525,0.0,10,35000000
straight_aisle,3,1.0,0.0,1.0,0.0,0.9609967895794195,0.0,True,True,-0.039003210420580525,0.0,10,100000000
straight_aisle,4,1.0,10.0,0.99999999999372,10.000000001987427,0.9658122972074658,10.414972461319099,True,False,-0.03418770278625427,0.41497245933167193,10,495000000
straight_aisle,4,1.0,10.0,0.99999999999372,10.000000001987427,0.9658122972074658,10.414972461319099,True,False,-0.03418770278625427,0.41497245933167193,10,565000000
straight_aisle,4,1.0,10.0,0.99999999999372,10.000000001987427,0.9658122972074658,10.414972461319099,True,False,-0.03418770278625427,0.41497245933167193,10,630000000
straight_aisle,4,1.0,10.0,0.99999999999372,10.000000001987427,0.9658122972074658,10.414972461319099,True,False,-0.03418770278625427,0.41497245933167193,10,695000000
straight_aisle,4,1.0,10.0,0.99999999999372,10.000000001987427,0.9658122972074658,10.414972461319099,True,False,-0.03418770278625427,0.41497245933167193,10,760000000
straight_aisle,4,1.0,10.0,0.99999999999372,10.000000001987427,0.9658122972074658,10.414972461319099,True,False,-0.03418770278625427,0.41497245933167193,10,825000000
straight_aisle,4,1.0,10.0,0.99999999999372,10.000000001987427,0.9658122972074658,10.414972461319099,True,False,-0.03418770278625427,0.41497245933167193,10,895000000
straight_aisle,4,1.0,10.0,0.99999999999372,10.000000001987427,0.9658122972074658,10.414972461319099,True,False,-0.03418770278625427,0.41497245933167193,10,960000000
straight_aisle,4,1.0,10.0,0.99999999999372,10.000000001987427,0.9658122972074658,10.414972461319099,True,False,-0.03418770278625427,0.41497245933167193,11,25000000
straight_aisle,4,1.0,10.0,0.99999999999372,10.000000001987427,0.9658122972074658,10.414972461319099,True,False,-0.03418770278625427,0.41497245933167193,11,90000000
straight_aisle,4,1.0,10.0,0.99999999999372,10.000000001987427,0.9658122972074658,10.414972461319099,True,False,-0.03418770278625427,0.41497245933167193,11,155000000
straight_aisle,4,1.0,10.0,0.99999999999372,10.000000001987427,0.9658122972074658,10.414972461319099,True,False,-0.03418770278625427,0.41497245933167193,11,290000000
straight_aisle,4,1.0,10.0,0.99999999999372,10.000000001987427,0.9658122972074658,10.414972461319099,True,False,-0.03418770278625427,0.41497245933167193,11,355000000
straight_aisle,4,1.0,10.0,0.99999999999372,10.000000001987427,0.9658122972074658,10.414972461319099,True,False,-0.03418770278625427,0.41497245933167193,11,420000000
straight_aisle,4,1.0,10.0,0.99999999999372,10.000000001987427,0.9658122972074658,10.414972461319099,True,False,-0.03418770278625427,0.41497245933167193,11,485000000
straight_aisle,4,1.0,10.0,0.99999999999372,10.000000001987427,0.9658122972074658,10.414972461319099,True,False,-0.03418770278625427,0.41497245933167193,11,555000000
straight_aisle,4,1.0,10.0,0.99999999999372,10.000000001987427,0.9658122972074658,10.414972461319099,True,False,-0.03418770278625427,0.41497245933167193,11,620000000
straight_aisle,4,1.0,10.0,0.99999999999372,10.000000001987427,0.9658122972074658,10.414972461319099,True,False,-0.03418770278625427,0.41497245933167193,11,685000000
straight_aisle,4,1.0,10.0,0.99999999999372,10.000000001987427,0.9658122972074658,10.414972461319099,True,False,-0.03418770278625427,0.41497245933167193,11,750000000
straight_aisle,4,1.0,10.0,0.99999999999372,10.000000001987427,0.9658122972074658,10.414972461319099,True,False,-0.03418770278625427,0.41497245933167193,11,815000000
straight_aisle,4,1.0,10.0,0.99999999999372,10.000000001987427,0.9658122972074658,10.414972461319099,True,False,-0.03418770278625427,0.41497245933167193,11,885000000
straight_aisle,4,1.0,10.0,0.99999999999372,10.000000001987427,0.9658122972074658,10.414972461319099,True,False,-0.03418770278625427,0.41497245933167193,11,950000000
straight_aisle,4,1.0,10.0,0.99999999999372,10.000000001987427,0.9658122972074658,10.414972461319099,True,False,-0.03418770278625427,0.41497245933167193,12,15000000
straight_aisle,4,1.0,10.0,0.99999999999372,10.000000001987427,0.9658122972074658,10.414972461319099,True,False,-0.03418770278625427,0.41497245933167193,12,80000000
straight_aisle,4,1.0,10.0,0.99999999999372,10.000000001987427,0.9658122972074658,10.414972461319099,True,False,-0.03418770278625427,0.41497245933167193,12,145000000
straight_aisle,4,1.0,10.0,0.99999999999372,10.000000001987427,0.9658122972074658,10.414972461319099,True,False,-0.03418770278625427,0.41497245933167193,12,215000000
straight_aisle,4,1.0,10.0,0.99999999999372,10.000000001987427,0.9658122972074658,10.414972461319099,True,False,-0.03418770278625427,0.41497245933167193,12,280000000
straight_aisle,4,1.0,10.0,0.99999999999372,10.000000001987427,0.9658122972074658,10.414972461319099,True,False,-0.03418770278625427,0.41497245933167193,12,345000000
straight_aisle,4,1.0,10.0,0.99999999999372,10.000000001987427,0.9658122972074658,10.414972461319099,True,False,-0.03418770278625427,0.41497245933167193,12,475000000
straight_aisle,4,1.0,10.0,0.99999999999372,10.000000001987427,0.9658122972074658,10.414972461319099,True,False,-0.03418770278625427,0.41497245933167193,12,545000000
straight_aisle,5,1.0,20.0,1.0000000001924019,19.999999994422566,0.9823796549998316,19.071673668320564,True,False,-0.017620345192570275,-0.9283263261020025,13,5000000
straight_aisle,5,1.0,20.0,1.0000000001924019,19.999999994422566,0.9823796549998316,19.071673668320564,True,False,-0.017620345192570275,-0.9283263261020025,13,70000000
straight_aisle,5,1.0,20.0,1.0000000001924019,19.999999994422566,0.9823796549998316,19.071673668320564,True,False,-0.017620345192570275,-0.9283263261020025,13,205000000
straight_aisle,5,1.0,20.0,1.0000000001924019,19.999999994422566,0.9823796549998316,19.071673668320564,True,False,-0.017620345192570275,-0.9283263261020025,13,270000000
straight_aisle,5,1.0,20.0,1.0000000001924019,19.999999994422566,0.9823796549998316,19.071673668320564,True,False,-0.017620345192570275,-0.9283263261020025,13,335000000
straight_aisle,5,1.0,20.0,1.0000000001924019,19.999999994422566,0.9823796549998316,19.071673668320564,True,False,-0.017620345192570275,-0.9283263261020025,13,400000000
straight_aisle,5,1.0,20.0,1.0000000001924019,19.999999994422566,0.9823796549998316,19.071673668320564,True,False,-0.017620345192570275,-0.9283263261020025,13,465000000
straight_aisle,5,1.0,20.0,1.0000000001924019,19.999999994422566,0.9823796549998316,19.071673668320564,True,False,-0.017620345192570275,-0.9283263261020025,13,535000000
straight_aisle,5,1.0,20.0,1.0000000001924019,19.999999994422566,0.9823796549998316,19.071673668320564,True,False,-0.017620345192570275,-0.9283263261020025,13,600000000
straight_aisle,5,1.0,20.0,1.0000000001924019,19.999999994422566,0.9823796549998316,19.071673668320564,True,False,-0.017620345192570275,-0.9283263261020025,13,665000000
straight_aisle,5,1.0,20.0,1.0000000001924019,19.999999994422566,0.9823796549998316,19.071673668320564,True,False,-0.017620345192570275,-0.9283263261020025,13,730000000
straight_aisle,5,1.0,20.0,1.0000000001924019,19.999999994422566,0.9823796549998316,19.071673668320564,True,False,-0.017620345192570275,-0.9283263261020025,13,795000000
straight_aisle,5,1.0,20.0,1.0000000001924019,19.999999994422566,0.9823796549998316,19.071673668320564,True,False,-0.017620345192570275,-0.9283263261020025,13,865000000
straight_aisle,5,1.0,20.0,1.0000000001924019,19.999999994422566,0.9823796549998316,19.071673668320564,True,False,-0.017620345192570275,-0.9283263261020025,13,930000000
straight_aisle,5,1.0,20.0,1.0000000001924019,19.999999994422566,0.9823796549998316,19.071673668320564,True,False,-0.017620345192570275,-0.9283263261020025,13,995000000
straight_aisle,5,1.0,20.0,1.0000000001924019,19.999999994422566,0.9823796549998316,19.071673668320564,True,False,-0.017620345192570275,-0.9283263261020025,14,60000000
straight_aisle,5,1.0,20.0,1.0000000001924019,19.999999994422566,0.9823796549998316,19.071673668320564,True,False,-0.017620345192570275,-0.9283263261020025,14,125000000
straight_aisle,5,1.0,20.0,1.0000000001924019,19.999999994422566,0.9823796549998316,19.071673668320564,True,False,-0.017620345192570275,-0.9283263261020025,14,195000000
straight_aisle,5,1.0,20.0,1.0000000001924019,19.999999994422566,0.9823796549998316,19.071673668320564,True,False,-0.017620345192570275,-0.9283263261020025,14,260000000
straight_aisle,5,1.0,20.0,1.0000000001924019,19.999999994422566,0.9823796549998316,19.071673668320564,True,False,-0.017620345192570275,-0.9283263261020025,14,390000000
straight_aisle,5,1.0,20.0,1.0000000001924019,19.999999994422566,0.9823796549998316,19.071673668320564,True,False,-0.017620345192570275,-0.9283263261020025,14,455000000
straight_aisle,5,1.0,20.0,1.0000000001924019,19.999999994422566,0.9823796549998316,19.071673668320564,True,False,-0.017620345192570275,-0.9283263261020025,14,525000000
straight_aisle,5,1.0,20.0,1.0000000001924019,19.999999994422566,0.9823796549998316,19.071673668320564,True,False,-0.017620345192570275,-0.9283263261020025,14,590000000
straight_aisle,5,1.0,20.0,1.0000000001924019,19.999999994422566,0.9823796549998316,19.071673668320564,True,False,-0.017620345192570275,-0.9283263261020025,14,655000000
straight_aisle,5,1.0,20.0,1.0000000001924019,19.999999994422566,0.9823796549998316,19.071673668320564,True,False,-0.017620345192570275,-0.9283263261020025,14,720000000
straight_aisle,5,1.0,20.0,1.0000000001924019,19.999999994422566,0.9823796549998316,19.071673668320564,True,False,-0.017620345192570275,-0.9283263261020025,14,785000000
straight_aisle,5,1.0,20.0,1.0000000001924019,19.999999994422566,0.9823796549998316,19.071673668320564,True,False,-0.017620345192570275,-0.9283263261020025,14,920000000
straight_aisle,5,1.0,20.0,1.0000000001924019,19.999999994422566,0.9823796549998316,19.071673668320564,True,False,-0.017620345192570275,-0.9283263261020025,14,985000000
straight_aisle,5,1.0,20.0,1.0000000001924019,19.999999994422566,0.9823796549998316,19.071673668320564,True,False,-0.017620345192570275,-0.9283263261020025,15,50000000
straight_aisle,5,1.0,20.0,1.0000000001924019,19.999999994422566,0.9823796549998316,19.071673668320564,True,False,-0.017620345192570275,-0.9283263261020025,15,115000000
straight_aisle,6,1.0,30.0,1.0000000001866818,29.99999999382462,0.9723435027324006,23.42483757700469,True,False,-0.027656497454281226,-6.5751624168199285,15,580000000
straight_aisle,6,1.0,30.0,1.0000000001866818,29.99999999382462,0.9723435027324006,23.42483757700469,True,False,-0.027656497454281226,-6.5751624168199285,15,645000000
straight_aisle,6,1.0,30.0,1.0000000001866818,29.99999999382462,0.9723435027324006,23.42483757700469,True,False,-0.027656497454281226,-6.5751624168199285,15,710000000
straight_aisle,6,1.0,30.0,1.0000000001866818,29.99999999382462,0.9723435027324006,23.42483757700469,True,False,-0.027656497454281226,-6.5751624168199285,15,775000000
straight_aisle,6,1.0,30.0,1.0000000001866818,29.99999999382462,0.9723435027324006,23.42483757700469,True,False,-0.027656497454281226,-6.5751624168199285,15,845000000
straight_aisle,6,1.0,30.0,1.0000000001866818,29.99999999382462,0.9723435027324006,23.42483757700469,True,False,-0.027656497454281226,-6.5751624168199285,15,910000000
straight_aisle,6,1.0,30.0,1.0000000001866818,29.99999999382462,0.9723435027324006,23.42483757700469,True,False,-0.027656497454281226,-6.5751624168199285,15,975000000
straight_aisle,6,1.0,30.0,1.0000000001866818,29.99999999382462,0.9723435027324006,23.42483757700469,True,False,-0.027656497454281226,-6.5751624168199285,16,40000000
straight_aisle,6,1.0,30.0,1.0000000001866818,29.99999999382462,0.9723435027324006,23.42483757700469,True,False,-0.027656497454281226,-6.5751624168199285,16,105000000
straight_aisle,6,1.0,30.0,1.0000000001866818,29.99999999382462,0.9723435027324006,23.42483757700469,True,False,-0.027656497454281226,-6.5751624168199285,16,175000000
straight_aisle,6,1.0,30.0,1.0000000001866818,29.99999999382462,0.9723435027324006,23.42483757700469,True,False,-0.027656497454281226,-6.5751624168199285,16,370000000
straight_aisle,6,1.0,30.0,1.0000000001866818,29.99999999382462,0.9723435027324006,23.42483757700469,True,False,-0.027656497454281226,-6.5751624168199285,16,435000000
straight_aisle,6,1.0,30.0,1.0000000001866818,29.99999999382462,0.9723435027324006,23.42483757700469,True,False,-0.027656497454281226,-6.5751624168199285,16,505000000
straight_aisle,6,1.0,30.0,1.0000000001866818,29.99999999382462,0.9723435027324006,23.42483757700469,True,False,-0.027656497454281226,-6.5751624168199285,16,570000000
straight_aisle,6,1.0,30.0,1.0000000001866818,29.99999999382462,0.9723435027324006,23.42483757700469,True,False,-0.027656497454281226,-6.5751624168199285,16,635000000
straight_aisle,6,1.0,30.0,1.0000000001866818,29.99999999382462,0.9723435027324006,23.42483757700469,True,False,-0.027656497454281226,-6.5751624168199285,16,700000000
straight_aisle,6,1.0,30.0,1.0000000001866818,29.99999999382462,0.9723435027324006,23.42483757700469,True,False,-0.027656497454281226,-6.5751624168199285,16,835000000
straight_aisle,6,1.0,30.0,1.0000000001866818,29.99999999382462,0.9723435027324006,23.42483757700469,True,False,-0.027656497454281226,-6.5751624168199285,16,900000000
straight_aisle,6,1.0,30.0,1.0000000001866818,29.99999999382462,0.9723435027324006,23.42483757700469,True,False,-0.027656497454281226,-6.5751624168199285,16,965000000
straight_aisle,6,1.0,30.0,1.0000000001866818,29.99999999382462,0.9723435027324006,23.42483757700469,True,False,-0.027656497454281226,-6.5751624168199285,17,95000000
straight_aisle,6,1.0,30.0,1.0000000001866818,29.99999999382462,0.9723435027324006,23.42483757700469,True,False,-0.027656497454281226,-6.5751624168199285,17,165000000
straight_aisle,6,1.0,30.0,1.0000000001866818,29.99999999382462,0.9723435027324006,23.42483757700469,True,False,-0.027656497454281226,-6.5751624168199285,17,230000000
straight_aisle,6,1.0,30.0,1.0000000001866818,29.99999999382462,0.9723435027324006,23.42483757700469,True,False,-0.027656497454281226,-6.5751624168199285,17,295000000
straight_aisle,6,1.0,30.0,1.0000000001866818,29.99999999382462,0.9723435027324006,23.42483757700469,True,False,-0.027656497454281226,-6.5751624168199285,17,360000000
straight_aisle,6,1.0,30.0,1.0000000001866818,29.99999999382462,0.9723435027324006,23.42483757700469,True,False,-0.027656497454281226,-6.5751624168199285,17,425000000
straight_aisle,6,1.0,30.0,1.0000000001866818,29.99999999382462,0.9723435027324006,23.42483757700469,True,False,-0.027656497454281226,-6.5751624168199285,17,495000000
straight_aisle,6,1.0,30.0,1.0000000001866818,29.99999999382462,0.9723435027324006,23.42483757700469,True,False,-0.027656497454281226,-6.5751624168199285,17,560000000
straight_aisle,6,1.0,30.0,1.0000000001866818,29.99999999382462,0.9723435027324006,23.42483757700469,True,False,-0.027656497454281226,-6.5751624168199285,17,625000000
straight_aisle,6,1.0,30.0,1.0000000001866818,29.99999999382462,0.9723435027324006,23.42483757700469,True,False,-0.027656497454281226,-6.5751624168199285,17,690000000
straight_aisle,6,1.0,30.0,1.0000000001866818,29.99999999382462,0.9723435027324006,23.42483757700469,True,False,-0.027656497454281226,-6.5751624168199285,17,755000000
straight_aisle,7,1.5,-30.0,1.5000000002800227,-29.99999999382462,1.4099761923320169,-26.514511036258824,True,False,-0.0900238079480058,3.4854889575657957,18,350000000
straight_aisle,7,1.5,-30.0,1.5000000002800227,-29.99999999382462,1.4099761923320169,-26.514511036258824,True,False,-0.0900238079480058,3.4854889575657957,18,415000000
straight_aisle,7,1.5,-30.0,1.5000000002800227,-29.99999999382462,1.4099761923320169,-26.514511036258824,True,False,-0.0900238079480058,3.4854889575657957,18,615000000
straight_aisle,7,1.5,-30.0,1.5000000002800227,-29.99999999382462,1.4099761923320169,-26.514511036258824,True,False,-0.0900238079480058,3.4854889575657957,18,680000000
straight_aisle,7,1.5,-30.0,1.5000000002800227,-29.99999999382462,1.4099761923320169,-26.514511036258824,True,False,-0.0900238079480058,3.4854889575657957,18,745000000
straight_aisle,7,1.5,-30.0,1.5000000002800227,-29.99999999382462,1.4099761923320169,-26.514511036258824,True,False,-0.0900238079480058,3.4854889575657957,18,815000000
straight_aisle,7,1.5,-30.0,1.5000000002800227,-29.99999999382462,1.4099761923320169,-26.514511036258824,True,False,-0.0900238079480058,3.4854889575657957,18,880000000
straight_aisle,7,1.5,-30.0,1.5000000002800227,-29.99999999382462,1.4099761923320169,-26.514511036258824,True,False,-0.0900238079480058,3.4854889575657957,18,945000000
straight_aisle,7,1.5,-30.0,1.5000000002800227,-29.99999999382462,1.4099761923320169,-26.514511036258824,True,False,-0.0900238079480058,3.4854889575657957,19,10000000
straight_aisle,7,1.5,-30.0,1.5000000002800227,-29.99999999382462,1.4099761923320169,-26.514511036258824,True,False,-0.0900238079480058,3.4854889575657957,19,75000000
straight_aisle,7,1.5,-30.0,1.5000000002800227,-29.99999999382462,1.4099761923320169,-26.514511036258824,True,False,-0.0900238079480058,3.4854889575657957,19,145000000
straight_aisle,7,1.5,-30.0,1.5000000002800227,-29.99999999382462,1.4099761923320169,-26.514511036258824,True,False,-0.0900238079480058,3.4854889575657957,19,210000000
straight_aisle,7,1.5,-30.0,1.5000000002800227,-29.99999999382462,1.4099761923320169,-26.514511036258824,True,False,-0.0900238079480058,3.4854889575657957,19,275000000
straight_aisle,7,1.5,-30.0,1.5000000002800227,-29.99999999382462,1.4099761923320169,-26.514511036258824,True,False,-0.0900238079480058,3.4854889575657957,19,340000000
straight_aisle,7,1.5,-30.0,1.5000000002800227,-29.99999999382462,1.4099761923320169,-26.514511036258824,True,False,-0.0900238079480058,3.4854889575657957,19,405000000
straight_aisle,7,1.5,-30.0,1.5000000002800227,-29.99999999382462,1.4099761923320169,-26.514511036258824,True,False,-0.0900238079480058,3.4854889575657957,19,475000000
straight_aisle,7,1.5,-30.0,1.5000000002800227,-29.99999999382462,1.4099761923320169,-26.514511036258824,True,False,-0.0900238079480058,3.4854889575657957,19,540000000
straight_aisle,7,1.5,-30.0,1.5000000002800227,-29.99999999382462,1.4099761923320169,-26.514511036258824,True,False,-0.0900238079480058,3.4854889575657957,19,605000000
straight_aisle,7,1.5,-30.0,1.5000000002800227,-29.99999999382462,1.4099761923320169,-26.514511036258824,True,False,-0.0900238079480058,3.4854889575657957,19,670000000
straight_aisle,7,1.5,-30.0,1.5000000002800227,-29.99999999382462,1.4099761923320169,-26.514511036258824,True,False,-0.0900238079480058,3.4854889575657957,19,735000000
straight_aisle,7,1.5,-30.0,1.5000000002800227,-29.99999999382462,1.4099761923320169,-26.514511036258824,True,False,-0.0900238079480058,3.4854889575657957,19,805000000
straight_aisle,7,1.5,-30.0,1.5000000002800227,-29.99999999382462,1.4099761923320169,-26.514511036258824,True,False,-0.0900238079480058,3.4854889575657957,19,870000000
straight_aisle,7,1.5,-30.0,1.5000000002800227,-29.99999999382462,1.4099761923320169,-26.514511036258824,True,False,-0.0900238079480058,3.4854889575657957,20,0
straight_aisle,7,1.5,-30.0,1.5000000002800227,-29.99999999382462,1.4099761923320169,-26.514511036258824,True,False,-0.0900238079480058,3.4854889575657957,20,65000000
straight_aisle,7,1.5,-30.0,1.5000000002800227,-29.99999999382462,1.4099761923320169,-26.514511036258824,True,False,-0.0900238079480058,3.4854889575657957,20,135000000
straight_aisle,7,1.5,-30.0,1.5000000002800227,-29.99999999382462,1.4099761923320169,-26.514511036258824,True,False,-0.0900238079480058,3.4854889575657957,20,200000000
straight_aisle,7,1.5,-30.0,1.5000000002800227,-29.99999999382462,1.4099761923320169,-26.514511036258824,True,False,-0.0900238079480058,3.4854889575657957,20,265000000
straight_aisle,7,1.5,-30.0,1.5000000002800227,-29.99999999382462,1.4099761923320169,-26.514511036258824,True,False,-0.0900238079480058,3.4854889575657957,20,330000000
straight_aisle,7,1.5,-30.0,1.5000000002800227,-29.99999999382462,1.4099761923320169,-26.514511036258824,True,False,-0.0900238079480058,3.4854889575657957,20,395000000
straight_aisle,7,1.5,-30.0,1.5000000002800227,-29.99999999382462,1.4099761923320169,-26.514511036258824,True,False,-0.0900238079480058,3.4854889575657957,20,465000000
straight_aisle,8,1.5,-20.0,1.4999999998358564,-20.000000002749363,1.4628060574045127,-20.404458893495242,True,True,-0.03719394243134366,-0.4044588907458788,20,925000000
straight_aisle,8,1.5,-20.0,1.4999999998358564,-20.000000002749363,1.4628060574045127,-20.404458893495242,True,True,-0.03719394243134366,-0.4044588907458788,20,990000000
straight_aisle,8,1.5,-20.0,1.4999999998358564,-20.000000002749363,1.4628060574045127,-20.404458893495242,True,True,-0.03719394243134366,-0.4044588907458788,21,55000000
straight_aisle,8,1.5,-20.0,1.4999999998358564,-20.000000002749363,1.4628060574045127,-20.404458893495242,True,True,-0.03719394243134366,-0.4044588907458788,21,125000000
straight_aisle,8,1.5,-20.0,1.4999999998358564,-20.000000002749363,1.4628060574045127,-20.404458893495242,True,True,-0.03719394243134366,-0.4044588907458788,21,190000000
straight_aisle,8,1.5,-20.0,1.4999999998358564,-20.000000002749363,1.4628060574045127,-20.404458893495242,True,True,-0.03719394243134366,-0.4044588907458788,21,255000000
straight_aisle,8,1.5,-20.0,1.4999999998358564,-20.000000002749363,1.4628060574045127,-20.404458893495242,True,True,-0.03719394243134366,-0.4044588907458788,21,320000000
straight_aisle,8,1.5,-20.0,1.4999999998358564,-20.000000002749363,1.4628060574045127,-20.404458893495242,True,True,-0.03719394243134366,-0.4044588907458788,21,385000000
straight_aisle,8,1.5,-20.0,1.4999999998358564,-20.000000002749363,1.4628060574045127,-20.404458893495242,True,True,-0.03719394243134366,-0.4044588907458788,21,585000000
straight_aisle,8,1.5,-20.0,1.4999999998358564,-20.000000002749363,1.4628060574045127,-20.404458893495242,True,True,-0.03719394243134366,-0.4044588907458788,21,650000000
straight_aisle,8,1.5,-20.0,1.4999999998358564,-20.000000002749363,1.4628060574045127,-20.404458893495242,True,True,-0.03719394243134366,-0.4044588907458788,21,715000000
straight_aisle,8,1.5,-20.0,1.4999999998358564,-20.000000002749363,1.4628060574045127,-20.404458893495242,True,True,-0.03719394243134366,-0.4044588907458788,21,785000000
straight_aisle,8,1.5,-20.0,1.4999999998358564,-20.000000002749363,1.4628060574045127,-20.404458893495242,True,True,-0.03719394243134366,-0.4044588907458788,21,850000000
straight_aisle,8,1.5,-20.0,1.4999999998358564,-20.000000002749363,1.4628060574045127,-20.404458893495242,True,True,-0.03719394243134366,-0.4044588907458788,21,915000000
straight_aisle,8,1.5,-20.0,1.4999999998358564,-20.000000002749363,1.4628060574045127,-20.404458893495242,True,True,-0.03719394243134366,-0.4044588907458788,21,980000000
straight_aisle,8,1.5,-20.0,1.4999999998358564,-20.000000002749363,1.4628060574045127,-20.404458893495242,True,True,-0.03719394243134366,-0.4044588907458788,22,45000000
straight_aisle,8,1.5,-20.0,1.4999999998358564,-20.000000002749363,1.4628060574045127,-20.404458893495242,True,True,-0.03719394243134366,-0.4044588907458788,22,115000000
straight_aisle,8,1.5,-20.0,1.4999999998358564,-20.000000002749363,1.4628060574045127,-20.404458893495242,True,True,-0.03719394243134366,-0.4044588907458788,22,180000000
straight_aisle,8,1.5,-20.0,1.4999999998358564,-20.000000002749363,1.4628060574045127,-20.404458893495242,True,True,-0.03719394243134366,-0.4044588907458788,22,245000000
straight_aisle,8,1.5,-20.0,1.4999999998358564,-20.000000002749363,1.4628060574045127,-20.404458893495242,True,True,-0.03719394243134366,-0.4044588907458788,22,310000000
straight_aisle,8,1.5,-20.0,1.4999999998358564,-20.000000002749363,1.4628060574045127,-20.404458893495242,True,True,-0.03719394243134366,-0.4044588907458788,22,375000000
straight_aisle,8,1.5,-20.0,1.4999999998358564,-20.000000002749363,1.4628060574045127,-20.404458893495242,True,True,-0.03719394243134366,-0.4044588907458788,22,445000000
straight_aisle,8,1.5,-20.0,1.4999999998358564,-20.000000002749363,1.4628060574045127,-20.404458893495242,True,True,-0.03719394243134366,-0.4044588907458788,22,510000000
straight_aisle,8,1.5,-20.0,1.4999999998358564,-20.000000002749363,1.4628060574045127,-20.404458893495242,True,True,-0.03719394243134366,-0.4044588907458788,22,575000000
straight_aisle,8,1.5,-20.0,1.4999999998358564,-20.000000002749363,1.4628060574045127,-20.404458893495242,True,True,-0.03719394243134366,-0.4044588907458788,22,640000000
straight_aisle,8,1.5,-20.0,1.4999999998358564,-20.000000002749363,1.4628060574045127,-20.404458893495242,True,True,-0.03719394243134366,-0.4044588907458788,22,705000000
straight_aisle,8,1.5,-20.0,1.4999999998358564,-20.000000002749363,1.4628060574045127,-20.404458893495242,True,True,-0.03719394243134366,-0.4044588907458788,22,775000000
straight_aisle,8,1.5,-20.0,1.4999999998358564,-20.000000002749363,1.4628060574045127,-20.404458893495242,True,True,-0.03719394243134366,-0.4044588907458788,22,840000000
straight_aisle,8,1.5,-20.0,1.4999999998358564,-20.000000002749363,1.4628060574045127,-20.404458893495242,True,True,-0.03719394243134366,-0.4044588907458788,22,905000000
straight_aisle,8,1.5,-20.0,1.4999999998358564,-20.000000002749363,1.4628060574045127,-20.404458893495242,True,True,-0.03719394243134366,-0.4044588907458788,22,970000000
straight_aisle,9,1.5,-10.0,1.5000000004743015,-9.999999996790146,1.4616607108429571,-10.293650914558938,True,True,-0.038339289631344364,-0.29365091776879204,23,435000000
straight_aisle,9,1.5,-10.0,1.5000000004743015,-9.999999996790146,1.4616607108429571,-10.293650914558938,True,True,-0.038339289631344364,-0.29365091776879204,23,500000000
straight_aisle,9,1.5,-10.0,1.5000000004743015,-9.999999996790146,1.4616607108429571,-10.293650914558938,True,True,-0.038339289631344364,-0.29365091776879204,23,565000000
straight_aisle,9,1.5,-10.0,1.5000000004743015,-9.999999996790146,1.4616607108429571,-10.293650914558938,True,True,-0.038339289631344364,-0.29365091776879204,23,630000000
straight_aisle,9,1.5,-10.0,1.5000000004743015,-9.999999996790146,1.4616607108429571,-10.293650914558938,True,True,-0.038339289631344364,-0.29365091776879204,23,695000000
straight_aisle,9,1.5,-10.0,1.5000000004743015,-9.999999996790146,1.4616607108429571,-10.293650914558938,True,True,-0.038339289631344364,-0.29365091776879204,23,765000000
straight_aisle,9,1.5,-10.0,1.5000000004743015,-9.999999996790146,1.4616607108429571,-10.293650914558938,True,True,-0.038339289631344364,-0.29365091776879204,23,830000000
straight_aisle,9,1.5,-10.0,1.5000000004743015,-9.999999996790146,1.4616607108429571,-10.293650914558938,True,True,-0.038339289631344364,-0.29365091776879204,23,895000000
straight_aisle,9,1.5,-10.0,1.5000000004743015,-9.999999996790146,1.4616607108429571,-10.293650914558938,True,True,-0.038339289631344364,-0.29365091776879204,23,960000000
straight_aisle,9,1.5,-10.0,1.5000000004743015,-9.999999996790146,1.4616607108429571,-10.293650914558938,True,True,-0.038339289631344364,-0.29365091776879204,24,25000000
straight_aisle,9,1.5,-10.0,1.5000000004743015,-9.999999996790146,1.4616607108429571,-10.293650914558938,True,True,-0.038339289631344364,-0.29365091776879204,24,95000000
straight_aisle,9,1.5,-10.0,1.5000000004743015,-9.999999996790146,1.4616607108429571,-10.293650914558938,True,True,-0.038339289631344364,-0.29365091776879204,24,290000000
straight_aisle,9,1.5,-10.0,1.5000000004743015,-9.999999996790146,1.4616607108429571,-10.293650914558938,True,True,-0.038339289631344364,-0.29365091776879204,24,355000000
straight_aisle,9,1.5,-10.0,1.5000000004743015,-9.999999996790146,1.4616607108429571,-10.293650914558938,True,True,-0.038339289631344364,-0.29365091776879204,24,425000000
straight_aisle,9,1.5,-10.0,1.5000000004743015,-9.999999996790146,1.4616607108429571,-10.293650914558938,True,True,-0.038339289631344364,-0.29365091776879204,24,490000000
straight_aisle,9,1.5,-10.0,1.5000000004743015,-9.999999996790146,1.4616607108429571,-10.293650914558938,True,True,-0.038339289631344364,-0.29365091776879204,24,555000000
straight_aisle,9,1.5,-10.0,1.5000000004743015,-9.999999996790146,1.4616607108429571,-10.293650914558938,True,True,-0.038339289631344364,-0.29365091776879204,24,620000000
straight_aisle,9,1.5,-10.0,1.5000000004743015,-9.999999996790146,1.4616607108429571,-10.293650914558938,True,True,-0.038339289631344364,-0.29365091776879204,24,685000000
straight_aisle,9,1.5,-10.0,1.5000000004743015,-9.999999996790146,1.4616607108429571,-10.293650914558938,True,True,-0.038339289631344364,-0.29365091776879204,24,755000000
straight_aisle,9,1.5,-10.0,1.5000000004743015,-9.999999996790146,1.4616607108429571,-10.293650914558938,True,True,-0.038339289631344364,-0.29365091776879204,24,885000000
straight_aisle,9,1.5,-10.0,1.5000000004743015,-9.999999996790146,1.4616607108429571,-10.293650914558938,True,True,-0.038339289631344364,-0.29365091776879204,24,950000000
straight_aisle,9,1.5,-10.0,1.5000000004743015,-9.999999996790146,1.4616607108429571,-10.293650914558938,True,True,-0.038339289631344364,-0.29365091776879204,25,15000000
straight_aisle,9,1.5,-10.0,1.5000000004743015,-9.999999996790146,1.4616607108429571,-10.293650914558938,True,True,-0.038339289631344364,-0.29365091776879204,25,85000000
straight_aisle,9,1.5,-10.0,1.5000000004743015,-9.999999996790146,1.4616607108429571,-10.293650914558938,True,True,-0.038339289631344364,-0.29365091776879204,25,150000000
straight_aisle,9,1.5,-10.0,1.5000000004743015,-9.999999996790146,1.4616607108429571,-10.293650914558938,True,True,-0.038339289631344364,-0.29365091776879204,25,215000000
straight_aisle,9,1.5,-10.0,1.5000000004743015,-9.999999996790146,1.4616607108429571,-10.293650914558938,True,True,-0.038339289631344364,-0.29365091776879204,25,280000000
straight_aisle,9,1.5,-10.0,1.5000000004743015,-9.999999996790146,1.4616607108429571,-10.293650914558938,True,True,-0.038339289631344364,-0.29365091776879204,25,345000000
straight_aisle,9,1.5,-10.0,1.5000000004743015,-9.999999996790146,1.4616607108429571,-10.293650914558938,True,True,-0.038339289631344364,-0.29365091776879204,25,415000000
straight_aisle,9,1.5,-10.0,1.5000000004743015,-9.999999996790146,1.4616607108429571,-10.293650914558938,True,True,-0.038339289631344364,-0.29365091776879204,25,480000000
straight_aisle,9,1.5,-10.0,1.5000000004743015,-9.999999996790146,1.4616607108429571,-10.293650914558938,True,True,-0.038339289631344364,-0.29365091776879204,25,545000000
straight_aisle,10,1.5,0.0,1.5,0.0,1.4637255235111406,-0.06268581361782283,True,True,-0.0362744764888594,-0.06268581361782283,26,5000000
straight_aisle,10,1.5,0.0,1.5,0.0,1.4637255235111406,-0.06268581361782283,True,True,-0.0362744764888594,-0.06268581361782283,26,75000000
straight_aisle,10,1.5,0.0,1.5,0.0,1.4637255235111406,-0.06268581361782283,True,True,-0.0362744764888594,-0.06268581361782283,26,140000000
straight_aisle,10,1.5,0.0,1.5,0.0,1.4637255235111406,-0.06268581361782283,True,True,-0.0362744764888594,-0.06268581361782283,26,205000000
straight_aisle,10,1.5,0.0,1.5,0.0,1.4637255235111406,-0.06268581361782283,True,True,-0.0362744764888594,-0.06268581361782283,26,270000000
straight_aisle,10,1.5,0.0,1.5,0.0,1.4637255235111406,-0.06268581361782283,True,True,-0.0362744764888594,-0.06268581361782283,26,335000000
straight_aisle,10,1.5,0.0,1.5,0.0,1.4637255235111406,-0.06268581361782283,True,True,-0.0362744764888594,-0.06268581361782283,26,405000000
straight_aisle,10,1.5,0.0,1.5,0.0,1.4637255235111406,-0.06268581361782283,True,True,-0.0362744764888594,-0.06268581361782283,26,470000000
straight_aisle,10,1.5,0.0,1.5,0.0,1.4637255235111406,-0.06268581361782283,True,True,-0.0362744764888594,-0.06268581361782283,26,535000000
straight_aisle,10,1.5,0.0,1.5,0.0,1.4637255235111406,-0.06268581361782283,True,True,-0.0362744764888594,-0.06268581361782283,26,600000000
straight_aisle,10,1.5,0.0,1.5,0.0,1.4637255235111406,-0.06268581361782283,True,True,-0.0362744764888594,-0.06268581361782283,26,735000000
straight_aisle,10,1.5,0.0,1.5,0.0,1.4637255235111406,-0.06268581361782283,True,True,-0.0362744764888594,-0.06268581361782283,26,800000000
straight_aisle,10,1.5,0.0,1.5,0.0,1.4637255235111406,-0.06268581361782283,True,True,-0.0362744764888594,-0.06268581361782283,26,865000000
straight_aisle,10,1.5,0.0,1.5,0.0,1.4637255235111406,-0.06268581361782283,True,True,-0.0362744764888594,-0.06268581361782283,26,930000000
straight_aisle,10,1.5,0.0,1.5,0.0,1.4637255235111406,-0.06268581361782283,True,True,-0.0362744764888594,-0.06268581361782283,26,995000000
straight_aisle,10,1.5,0.0,1.5,0.0,1.4637255235111406,-0.06268581361782283,True,True,-0.0362744764888594,-0.06268581361782283,27,65000000
straight_aisle,10,1.5,0.0,1.5,0.0,1.4637255235111406,-0.06268581361782283,True,True,-0.0362744764888594,-0.06268581361782283,27,130000000
straight_aisle,10,1.5,0.0,1.5,0.0,1.4637255235111406,-0.06268581361782283,True,True,-0.0362744764888594,-0.06268581361782283,27,195000000
straight_aisle,10,1.5,0.0,1.5,0.0,1.4637255235111406,-0.06268581361782283,True,True,-0.0362744764888594,-0.06268581361782283,27,260000000
straight_aisle,10,1.5,0.0,1.5,0.0,1.4637255235111406,-0.06268581361782283,True,True,-0.0362744764888594,-0.06268581361782283,27,325000000
straight_aisle,10,1.5,0.0,1.5,0.0,1.4637255235111406,-0.06268581361782283,True,True,-0.0362744764888594,-0.06268581361782283,27,395000000
straight_aisle,10,1.5,0.0,1.5,0.0,1.4637255235111406,-0.06268581361782283,True,True,-0.0362744764888594,-0.06268581361782283,27,460000000
straight_aisle,10,1.5,0.0,1.5,0.0,1.4637255235111406,-0.06268581361782283,True,True,-0.0362744764888594,-0.06268581361782283,27,525000000
straight_aisle,10,1.5,0.0,1.5,0.0,1.4637255235111406,-0.06268581361782283,True,True,-0.0362744764888594,-0.06268581361782283,27,590000000
straight_aisle,10,1.5,0.0,1.5,0.0,1.4637255235111406,-0.06268581361782283,True,True,-0.0362744764888594,-0.06268581361782283,27,655000000
straight_aisle,10,1.5,0.0,1.5,0.0,1.4637255235111406,-0.06268581361782283,True,True,-0.0362744764888594,-0.06268581361782283,27,725000000
straight_aisle,10,1.5,0.0,1.5,0.0,1.4637255235111406,-0.06268581361782283,True,True,-0.0362744764888594,-0.06268581361782283,27,790000000
straight_aisle,10,1.5,0.0,1.5,0.0,1.4637255235111406,-0.06268581361782283,True,True,-0.0362744764888594,-0.06268581361782283,27,855000000
straight_aisle,10,1.5,0.0,1.5,0.0,1.4637255235111406,-0.06268581361782283,True,True,-0.0362744764888594,-0.06268581361782283,27,920000000
straight_aisle,10,1.5,0.0,1.5,0.0,1.4637255235111406,-0.06268581361782283,True,True,-0.0362744764888594,-0.06268581361782283,27,985000000
straight_aisle,11,1.5,10.0,1.5000000004743015,9.999999996790146,1.4616607108429571,10.293650914558938,True,True,-0.038339289631344364,0.29365091776879204,28,450000000
straight_aisle,11,1.5,10.0,1.5000000004743015,9.999999996790146,1.4616607108429571,10.293650914558938,True,True,-0.038339289631344364,0.29365091776879204,28,515000000
straight_aisle,11,1.5,10.0,1.5000000004743015,9.999999996790146,1.4616607108429571,10.293650914558938,True,True,-0.038339289631344364,0.29365091776879204,28,580000000
straight_aisle,11,1.5,10.0,1.5000000004743015,9.999999996790146,1.4616607108429571,10.293650914558938,True,True,-0.038339289631344364,0.29365091776879204,28,645000000
straight_aisle,11,1.5,10.0,1.5000000004743015,9.999999996790146,1.4616607108429571,10.293650914558938,True,True,-0.038339289631344364,0.29365091776879204,28,715000000
straight_aisle,11,1.5,10.0,1.5000000004743015,9.999999996790146,1.4616607108429571,10.293650914558938,True,True,-0.038339289631344364,0.29365091776879204,28,780000000
straight_aisle,11,1.5,10.0,1.5000000004743015,9.999999996790146,1.4616607108429571,10.293650914558938,True,True,-0.038339289631344364,0.29365091776879204,28,845000000
straight_aisle,11,1.5,10.0,1.5000000004743015,9.999999996790146,1.4616607108429571,10.293650914558938,True,True,-0.038339289631344364,0.29365091776879204,28,910000000
straight_aisle,11,1.5,10.0,1.5000000004743015,9.999999996790146,1.4616607108429571,10.293650914558938,True,True,-0.038339289631344364,0.29365091776879204,28,975000000
straight_aisle,11,1.5,10.0,1.5000000004743015,9.999999996790146,1.4616607108429571,10.293650914558938,True,True,-0.038339289631344364,0.29365091776879204,29,110000000
straight_aisle,11,1.5,10.0,1.5000000004743015,9.999999996790146,1.4616607108429571,10.293650914558938,True,True,-0.038339289631344364,0.29365091776879204,29,175000000
straight_aisle,11,1.5,10.0,1.5000000004743015,9.999999996790146,1.4616607108429571,10.293650914558938,True,True,-0.038339289631344364,0.29365091776879204,29,240000000
straight_aisle,11,1.5,10.0,1.5000000004743015,9.999999996790146,1.4616607108429571,10.293650914558938,True,True,-0.038339289631344364,0.29365091776879204,29,305000000
straight_aisle,11,1.5,10.0,1.5000000004743015,9.999999996790146,1.4616607108429571,10.293650914558938,True,True,-0.038339289631344364,0.29365091776879204,29,375000000
straight_aisle,11,1.5,10.0,1.5000000004743015,9.999999996790146,1.4616607108429571,10.293650914558938,True,True,-0.038339289631344364,0.29365091776879204,29,440000000
straight_aisle,11,1.5,10.0,1.5000000004743015,9.999999996790146,1.4616607108429571,10.293650914558938,True,True,-0.038339289631344364,0.29365091776879204,29,505000000
straight_aisle,11,1.5,10.0,1.5000000004743015,9.999999996790146,1.4616607108429571,10.293650914558938,True,True,-0.038339289631344364,0.29365091776879204,29,570000000
straight_aisle,11,1.5,10.0,1.5000000004743015,9.999999996790146,1.4616607108429571,10.293650914558938,True,True,-0.038339289631344364,0.29365091776879204,29,635000000
straight_aisle,11,1.5,10.0,1.5000000004743015,9.999999996790146,1.4616607108429571,10.293650914558938,True,True,-0.038339289631344364,0.29365091776879204,29,705000000
straight_aisle,11,1.5,10.0,1.5000000004743015,9.999999996790146,1.4616607108429571,10.293650914558938,True,True,-0.038339289631344364,0.29365091776879204,29,770000000
straight_aisle,11,1.5,10.0,1.5000000004743015,9.999999996790146,1.4616607108429571,10.293650914558938,True,True,-0.038339289631344364,0.29365091776879204,29,835000000
straight_aisle,11,1.5,10.0,1.5000000004743015,9.999999996790146,1.4616607108429571,10.293650914558938,True,True,-0.038339289631344364,0.29365091776879204,29,900000000
straight_aisle,11,1.5,10.0,1.5000000004743015,9.999999996790146,1.4616607108429571,10.293650914558938,True,True,-0.038339289631344364,0.29365091776879204,29,965000000
straight_aisle,11,1.5,10.0,1.5000000004743015,9.999999996790146,1.4616607108429571,10.293650914558938,True,True,-0.038339289631344364,0.29365091776879204,30,35000000
straight_aisle,11,1.5,10.0,1.5000000004743015,9.999999996790146,1.4616607108429571,10.293650914558938,True,True,-0.038339289631344364,0.29365091776879204,30,100000000
straight_aisle,11,1.5,10.0,1.5000000004743015,9.999999996790146,1.4616607108429571,10.293650914558938,True,True,-0.038339289631344364,0.29365091776879204,30,165000000
straight_aisle,11,1.5,10.0,1.5000000004743015,9.999999996790146,1.4616607108429571,10.293650914558938,True,True,-0.038339289631344364,0.29365091776879204,30,230000000
straight_aisle,11,1.5,10.0,1.5000000004743015,9.999999996790146,1.4616607108429571,10.293650914558938,True,True,-0.038339289631344364,0.29365091776879204,30,295000000
straight_aisle,11,1.5,10.0,1.5000000004743015,9.999999996790146,1.4616607108429571,10.293650914558938,True,True,-0.038339289631344364,0.29365091776879204,30,365000000
straight_aisle,11,1.5,10.0,1.5000000004743015,9.999999996790146,1.4616607108429571,10.293650914558938,True,True,-0.038339289631344364,0.29365091776879204,30,430000000
straight_aisle,12,1.5,20.0,1.4999999998358564,20.000000002749363,1.4676983853556984,20.404458893495242,True,True,-0.032301614480158,0.4044588907458788,30,955000000
straight_aisle,12,1.5,20.0,1.4999999998358564,20.000000002749363,1.4676983853556984,20.404458893495242,True,True,-0.032301614480158,0.4044588907458788,31,25000000
straight_aisle,12,1.5,20.0,1.4999999998358564,20.000000002749363,1.4676983853556984,20.404458893495242,True,True,-0.032301614480158,0.4044588907458788,31,90000000
straight_aisle,12,1.5,20.0,1.4999999998358564,20.000000002749363,1.4676983853556984,20.404458893495242,True,True,-0.032301614480158,0.4044588907458788,31,155000000
straight_aisle,12,1.5,20.0,1.4999999998358564,20.000000002749363,1.4676983853556984,20.404458893495242,True,True,-0.032301614480158,0.4044588907458788,31,220000000
straight_aisle,12,1.5,20.0,1.4999999998358564,20.000000002749363,1.4676983853556984,20.404458893495242,True,True,-0.032301614480158,0.4044588907458788,31,285000000
straight_aisle,12,1.5,20.0,1.4999999998358564,20.000000002749363,1.4676983853556984,20.404458893495242,True,True,-0.032301614480158,0.4044588907458788,31,355000000
straight_aisle,12,1.5,20.0,1.4999999998358564,20.000000002749363,1.4676983853556984,20.404458893495242,True,True,-0.032301614480158,0.4044588907458788,31,420000000
straight_aisle,12,1.5,20.0,1.4999999998358564,20.000000002749363,1.4676983853556984,20.404458893495242,True,True,-0.032301614480158,0.4044588907458788,31,485000000
straight_aisle,12,1.5,20.0,1.4999999998358564,20.000000002749363,1.4676983853556984,20.404458893495242,True,True,-0.032301614480158,0.4044588907458788,31,550000000
straight_aisle,12,1.5,20.0,1.4999999998358564,20.000000002749363,1.4676983853556984,20.404458893495242,True,True,-0.032301614480158,0.4044588907458788,31,615000000
straight_aisle,12,1.5,20.0,1.4999999998358564,20.000000002749363,1.4676983853556984,20.404458893495242,True,True,-0.032301614480158,0.4044588907458788,31,685000000
straight_aisle,12,1.5,20.0,1.4999999998358564,20.000000002749363,1.4676983853556984,20.404458893495242,True,True,-0.032301614480158,0.4044588907458788,31,750000000
straight_aisle,12,1.5,20.0,1.4999999998358564,20.000000002749363,1.4676983853556984,20.404458893495242,True,True,-0.032301614480158,0.4044588907458788,31,815000000
straight_aisle,12,1.5,20.0,1.4999999998358564,20.000000002749363,1.4676983853556984,20.404458893495242,True,True,-0.032301614480158,0.4044588907458788,31,880000000
straight_aisle,12,1.5,20.0,1.4999999998358564,20.000000002749363,1.4676983853556984,20.404458893495242,True,True,-0.032301614480158,0.4044588907458788,32,15000000
straight_aisle,12,1.5,20.0,1.4999999998358564,20.000000002749363,1.4676983853556984,20.404458893495242,True,True,-0.032301614480158,0.4044588907458788,32,80000000
straight_aisle,12,1.5,20.0,1.4999999998358564,20.000000002749363,1.4676983853556984,20.404458893495242,True,True,-0.032301614480158,0.4044588907458788,32,145000000
straight_aisle,12,1.5,20.0,1.4999999998358564,20.000000002749363,1.4676983853556984,20.404458893495242,True,True,-0.032301614480158,0.4044588907458788,32,210000000
straight_aisle,12,1.5,20.0,1.4999999998358564,20.000000002749363,1.4676983853556984,20.404458893495242,True,True,-0.032301614480158,0.4044588907458788,32,275000000
straight_aisle,12,1.5,20.0,1.4999999998358564,20.000000002749363,1.4676983853556984,20.404458893495242,True,True,-0.032301614480158,0.4044588907458788,32,345000000
straight_aisle,12,1.5,20.0,1.4999999998358564,20.000000002749363,1.4676983853556984,20.404458893495242,True,True,-0.032301614480158,0.4044588907458788,32,410000000
straight_aisle,12,1.5,20.0,1.4999999998358564,20.000000002749363,1.4676983853556984,20.404458893495242,True,True,-0.032301614480158,0.4044588907458788,32,475000000
straight_aisle,12,1.5,20.0,1.4999999998358564,20.000000002749363,1.4676983853556984,20.404458893495242,True,True,-0.032301614480158,0.4044588907458788,32,540000000
straight_aisle,12,1.5,20.0,1.4999999998358564,20.000000002749363,1.4676983853556984,20.404458893495242,True,True,-0.032301614480158,0.4044588907458788,32,605000000
straight_aisle,12,1.5,20.0,1.4999999998358564,20.000000002749363,1.4676983853556984,20.404458893495242,True,True,-0.032301614480158,0.4044588907458788,32,740000000
straight_aisle,12,1.5,20.0,1.4999999998358564,20.000000002749363,1.4676983853556984,20.404458893495242,True,True,-0.032301614480158,0.4044588907458788,32,870000000
straight_aisle,12,1.5,20.0,1.4999999998358564,20.000000002749363,1.4676983853556984,20.404458893495242,True,True,-0.032301614480158,0.4044588907458788,32,935000000
straight_aisle,12,1.5,20.0,1.4999999998358564,20.000000002749363,1.4676983853556984,20.404458893495242,True,True,-0.032301614480158,0.4044588907458788,33,5000000
straight_aisle,12,1.5,20.0,1.4999999998358564,20.000000002749363,1.4676983853556984,20.404458893495242,True,True,-0.032301614480158,0.4044588907458788,33,70000000
straight_aisle,13,1.5,30.0,1.5000000002800227,29.99999999382462,1.4099761923320169,26.514511036258824,True,False,-0.0900238079480058,-3.4854889575657957,33,465000000
straight_aisle,13,1.5,30.0,1.5000000002800227,29.99999999382462,1.4099761923320169,26.514511036258824,True,False,-0.0900238079480058,-3.4854889575657957,33,530000000
straight_aisle,13,1.5,30.0,1.5000000002800227,29.99999999382462,1.4099761923320169,26.514511036258824,True,False,-0.0900238079480058,-3.4854889575657957,33,595000000
straight_aisle,13,1.5,30.0,1.5000000002800227,29.99999999382462,1.4099761923320169,26.514511036258824,True,False,-0.0900238079480058,-3.4854889575657957,33,665000000
straight_aisle,13,1.5,30.0,1.5000000002800227,29.99999999382462,1.4099761923320169,26.514511036258824,True,False,-0.0900238079480058,-3.4854889575657957,33,730000000
straight_aisle,13,1.5,30.0,1.5000000002800227,29.99999999382462,1.4099761923320169,26.514511036258824,True,False,-0.0900238079480058,-3.4854889575657957,33,795000000
straight_aisle,13,1.5,30.0,1.5000000002800227,29.99999999382462,1.4099761923320169,26.514511036258824,True,False,-0.0900238079480058,-3.4854889575657957,33,860000000
straight_aisle,13,1.5,30.0,1.5000000002800227,29.99999999382462,1.4099761923320169,26.514511036258824,True,False,-0.0900238079480058,-3.4854889575657957,33,925000000
straight_aisle,13,1.5,30.0,1.5000000002800227,29.99999999382462,1.4099761923320169,26.514511036258824,True,False,-0.0900238079480058,-3.4854889575657957,33,995000000
straight_aisle,13,1.5,30.0,1.5000000002800227,29.99999999382462,1.4099761923320169,26.514511036258824,True,False,-0.0900238079480058,-3.4854889575657957,34,60000000
straight_aisle,13,1.5,30.0,1.5000000002800227,29.99999999382462,1.4099761923320169,26.514511036258824,True,False,-0.0900238079480058,-3.4854889575657957,34,125000000
straight_aisle,13,1.5,30.0,1.5000000002800227,29.99999999382462,1.4099761923320169,26.514511036258824,True,False,-0.0900238079480058,-3.4854889575657957,34,190000000
straight_aisle,13,1.5,30.0,1.5000000002800227,29.99999999382462,1.4099761923320169,26.514511036258824,True,False,-0.0900238079480058,-3.4854889575657957,34,255000000
straight_aisle,13,1.5,30.0,1.5000000002800227,29.99999999382462,1.4099761923320169,26.514511036258824,True,False,-0.0900238079480058,-3.4854889575657957,34,325000000
straight_aisle,13,1.5,30.0,1.5000000002800227,29.99999999382462,1.4099761923320169,26.514511036258824,True,False,-0.0900238079480058,-3.4854889575657957,34,390000000
straight_aisle,13,1.5,30.0,1.5000000002800227,29.99999999382462,1.4099761923320169,26.514511036258824,True,False,-0.0900238079480058,-3.4854889575657957,34,520000000
straight_aisle,13,1.5,30.0,1.5000000002800227,29.99999999382462,1.4099761923320169,26.514511036258824,True,False,-0.0900238079480058,-3.4854889575657957,34,585000000
straight_aisle,13,1.5,30.0,1.5000000002800227,29.99999999382462,1.4099761923320169,26.514511036258824,True,False,-0.0900238079480058,-3.4854889575657957,34,655000000
straight_aisle,13,1.5,30.0,1.5000000002800227,29.99999999382462,1.4099761923320169,26.514511036258824,True,False,-0.0900238079480058,-3.4854889575657957,34,720000000
straight_aisle,13,1.5,30.0,1.5000000002800227,29.99999999382462,1.4099761923320169,26.514511036258824,True,False,-0.0900238079480058,-3.4854889575657957,34,785000000
straight_aisle,13,1.5,30.0,1.5000000002800227,29.99999999382462,1.4099761923320169,26.514511036258824,True,False,-0.0900238079480058,-3.4854889575657957,34,850000000
straight_aisle,13,1.5,30.0,1.5000000002800227,29.99999999382462,1.4099761923320169,26.514511036258824,True,False,-0.0900238079480058,-3.4854889575657957,34,915000000
straight_aisle,13,1.5,30.0,1.5000000002800227,29.99999999382462,1.4099761923320169,26.514511036258824,True,False,-0.0900238079480058,-3.4854889575657957,34,985000000
straight_aisle,13,1.5,30.0,1.5000000002800227,29.99999999382462,1.4099761923320169,26.514511036258824,True,False,-0.0900238079480058,-3.4854889575657957,35,50000000
straight_aisle,13,1.5,30.0,1.5000000002800227,29.99999999382462,1.4099761923320169,26.514511036258824,True,False,-0.0900238079480058,-3.4854889575657957,35,115000000
straight_aisle,13,1.5,30.0,1.5000000002800227,29.99999999382462,1.4099761923320169,26.514511036258824,True,False,-0.0900238079480058,-3.4854889575657957,35,180000000
straight_aisle,13,1.5,30.0,1.5000000002800227,29.99999999382462,1.4099761923320169,26.514511036258824,True,False,-0.0900238079480058,-3.4854889575657957,35,245000000
straight_aisle,13,1.5,30.0,1.5000000002800227,29.99999999382462,1.4099761923320169,26.514511036258824,True,False,-0.0900238079480058,-3.4854889575657957,35,315000000
straight_aisle,13,1.5,30.0,1.5000000002800227,29.99999999382462,1.4099761923320169,26.514511036258824,True,False,-0.0900238079480058,-3.4854889575657957,35,380000000
straight_aisle,13,1.5,30.0,1.5000000002800227,29.99999999382462,1.4099761923320169,26.514511036258824,True,False,-0.0900238079480058,-3.4854889575657957,35,445000000
straight_aisle,14,2.0,-30.0,2.0000000003733636,-29.99999999382462,1.918760634888274,-28.098126280469717,True,False,-0.08123936548508959,1.9018737133549024,35,840000000
straight_aisle,14,2.0,-30.0,2.0000000003733636,-29.99999999382462,1.918760634888274,-28.098126280469717,True,False,-0.08123936548508959,1.9018737133549024,35,905000000
straight_aisle,14,2.0,-30.0,2.0000000003733636,-29.99999999382462,1.918760634888274,-28.098126280469717,True,False,-0.08123936548508959,1.9018737133549024,35,975000000
straight_aisle,14,2.0,-30.0,2.0000000003733636,-29.99999999382462,1.918760634888274,-28.098126280469717,True,False,-0.08123936548508959,1.9018737133549024,36,105000000
straight_aisle,14,2.0,-30.0,2.0000000003733636,-29.99999999382462,1.918760634888274,-28.098126280469717,True,False,-0.08123936548508959,1.9018737133549024,36,170000000
straight_aisle,14,2.0,-30.0,2.0000000003733636,-29.99999999382462,1.918760634888274,-28.098126280469717,True,False,-0.08123936548508959,1.9018737133549024,36,235000000
straight_aisle,14,2.0,-30.0,2.0000000003733636,-29.99999999382462,1.918760634888274,-28.098126280469717,True,False,-0.08123936548508959,1.9018737133549024,36,305000000
straight_aisle,14,2.0,-30.0,2.0000000003733636,-29.99999999382462,1.918760634888274,-28.098126280469717,True,False,-0.08123936548508959,1.9018737133549024,36,370000000
straight_aisle,14,2.0,-30.0,2.0000000003733636,-29.99999999382462,1.918760634888274,-28.098126280469717,True,False,-0.08123936548508959,1.9018737133549024,36,500000000
straight_aisle,14,2.0,-30.0,2.0000000003733636,-29.99999999382462,1.918760634888274,-28.098126280469717,True,False,-0.08123936548508959,1.9018737133549024,36,565000000
straight_aisle,14,2.0,-30.0,2.0000000003733636,-29.99999999382462,1.918760634888274,-28.098126280469717,True,False,-0.08123936548508959,1.9018737133549024,36,635000000
straight_aisle,14,2.0,-30.0,2.0000000003733636,-29.99999999382462,1.918760634888274,-28.098126280469717,True,False,-0.08123936548508959,1.9018737133549024,36,765000000
straight_aisle,14,2.0,-30.0,2.0000000003733636,-29.99999999382462,1.918760634888274,-28.098126280469717,True,False,-0.08123936548508959,1.9018737133549024,36,895000000
straight_aisle,14,2.0,-30.0,2.0000000003733636,-29.99999999382462,1.918760634888274,-28.098126280469717,True,False,-0.08123936548508959,1.9018737133549024,36,965000000
straight_aisle,14,2.0,-30.0,2.0000000003733636,-29.99999999382462,1.918760634888274,-28.098126280469717,True,False,-0.08123936548508959,1.9018737133549024,37,30000000
straight_aisle,14,2.0,-30.0,2.0000000003733636,-29.99999999382462,1.918760634888274,-28.098126280469717,True,False,-0.08123936548508959,1.9018737133549024,37,95000000
straight_aisle,14,2.0,-30.0,2.0000000003733636,-29.99999999382462,1.918760634888274,-28.098126280469717,True,False,-0.08123936548508959,1.9018737133549024,37,160000000
straight_aisle,14,2.0,-30.0,2.0000000003733636,-29.99999999382462,1.918760634888274,-28.098126280469717,True,False,-0.08123936548508959,1.9018737133549024,37,295000000
straight_aisle,14,2.0,-30.0,2.0000000003733636,-29.99999999382462,1.918760634888274,-28.098126280469717,True,False,-0.08123936548508959,1.9018737133549024,37,360000000
straight_aisle,14,2.0,-30.0,2.0000000003733636,-29.99999999382462,1.918760634888274,-28.098126280469717,True,False,-0.08123936548508959,1.9018737133549024,37,425000000
straight_aisle,14,2.0,-30.0,2.0000000003733636,-29.99999999382462,1.918760634888274,-28.098126280469717,True,False,-0.08123936548508959,1.9018737133549024,37,490000000
straight_aisle,14,2.0,-30.0,2.0000000003733636,-29.99999999382462,1.918760634888274,-28.098126280469717,True,False,-0.08123936548508959,1.9018737133549024,37,555000000
straight_aisle,14,2.0,-30.0,2.0000000003733636,-29.99999999382462,1.918760634888274,-28.098126280469717,True,False,-0.08123936548508959,1.9018737133549024,37,690000000
straight_aisle,14,2.0,-30.0,2.0000000003733636,-29.99999999382462,1.918760634888274,-28.098126280469717,True,False,-0.08123936548508959,1.9018737133549024,37,755000000
straight_aisle,14,2.0,-30.0,2.0000000003733636,-29.99999999382462,1.918760634888274,-28.098126280469717,True,False,-0.08123936548508959,1.9018737133549024,37,885000000
straight_aisle,14,2.0,-30.0,2.0000000003733636,-29.99999999382462,1.918760634888274,-28.098126280469717,True,False,-0.08123936548508959,1.9018737133549024,37,955000000
straight_aisle,14,2.0,-30.0,2.0000000003733636,-29.99999999382462,1.918760634888274,-28.098126280469717,True,False,-0.08123936548508959,1.9018737133549024,38,85000000
straight_aisle,14,2.0,-30.0,2.0000000003733636,-29.99999999382462,1.918760634888274,-28.098126280469717,True,False,-0.08123936548508959,1.9018737133549024,38,150000000
straight_aisle,14,2.0,-30.0,2.0000000003733636,-29.99999999382462,1.918760634888274,-28.098126280469717,True,False,-0.08123936548508959,1.9018737133549024,38,215000000
straight_aisle,14,2.0,-30.0,2.0000000003733636,-29.99999999382462,1.918760634888274,-28.098126280469717,True,False,-0.08123936548508959,1.9018737133549024,38,285000000
straight_aisle,15,2.0,-20.0,2.000000000419004,-19.999999997114607,1.9570221987811594,-20.23908348319752,True,True,-0.04297780163784459,-0.23908348608291163,38,745000000
straight_aisle,15,2.0,-20.0,2.000000000419004,-19.999999997114607,1.9570221987811594,-20.23908348319752,True,True,-0.04297780163784459,-0.23908348608291163,38,810000000
straight_aisle,15,2.0,-20.0,2.000000000419004,-19.999999997114607,1.9570221987811594,-20.23908348319752,True,True,-0.04297780163784459,-0.23908348608291163,38,875000000
straight_aisle,15,2.0,-20.0,2.000000000419004,-19.999999997114607,1.9570221987811594,-20.23908348319752,True,True,-0.04297780163784459,-0.23908348608291163,38,945000000
straight_aisle,15,2.0,-20.0,2.000000000419004,-19.999999997114607,1.9570221987811594,-20.23908348319752,True,True,-0.04297780163784459,-0.23908348608291163,39,10000000
straight_aisle,15,2.0,-20.0,2.000000000419004,-19.999999997114607,1.9570221987811594,-20.23908348319752,True,True,-0.04297780163784459,-0.23908348608291163,39,140000000
straight_aisle,15,2.0,-20.0,2.000000000419004,-19.999999997114607,1.9570221987811594,-20.23908348319752,True,True,-0.04297780163784459,-0.23908348608291163,39,205000000
straight_aisle,15,2.0,-20.0,2.000000000419004,-19.999999997114607,1.9570221987811594,-20.23908348319752,True,True,-0.04297780163784459,-0.23908348608291163,39,275000000
straight_aisle,15,2.0,-20.0,2.000000000419004,-19.999999997114607,1.9570221987811594,-20.23908348319752,True,True,-0.04297780163784459,-0.23908348608291163,39,340000000
straight_aisle,15,2.0,-20.0,2.000000000419004,-19.999999997114607,1.9570221987811594,-20.23908348319752,True,True,-0.04297780163784459,-0.23908348608291163,39,405000000
straight_aisle,15,2.0,-20.0,2.000000000419004,-19.999999997114607,1.9570221987811594,-20.23908348319752,True,True,-0.04297780163784459,-0.23908348608291163,39,470000000
straight_aisle,15,2.0,-20.0,2.000000000419004,-19.999999997114607,1.9570221987811594,-20.23908348319752,True,True,-0.04297780163784459,-0.23908348608291163,39,535000000
straight_aisle,15,2.0,-20.0,2.000000000419004,-19.999999997114607,1.9570221987811594,-20.23908348319752,True,True,-0.04297780163784459,-0.23908348608291163,39,605000000
straight_aisle,15,2.0,-20.0,2.000000000419004,-19.999999997114607,1.9570221987811594,-20.23908348319752,True,True,-0.04297780163784459,-0.23908348608291163,39,735000000
straight_aisle,15,2.0,-20.0,2.000000000419004,-19.999999997114607,1.9570221987811594,-20.23908348319752,True,True,-0.04297780163784459,-0.23908348608291163,39,800000000
straight_aisle,15,2.0,-20.0,2.000000000419004,-19.999999997114607,1.9570221987811594,-20.23908348319752,True,True,-0.04297780163784459,-0.23908348608291163,39,865000000
straight_aisle,15,2.0,-20.0,2.000000000419004,-19.999999997114607,1.9570221987811594,-20.23908348319752,True,True,-0.04297780163784459,-0.23908348608291163,39,935000000
straight_aisle,15,2.0,-20.0,2.000000000419004,-19.999999997114607,1.9570221987811594,-20.23908348319752,True,True,-0.04297780163784459,-0.23908348608291163,40,0
straight_aisle,15,2.0,-20.0,2.000000000419004,-19.999999997114607,1.9570221987811594,-20.23908348319752,True,True,-0.04297780163784459,-0.23908348608291163,40,65000000
straight_aisle,15,2.0,-20.0,2.000000000419004,-19.999999997114607,1.9570221987811594,-20.23908348319752,True,True,-0.04297780163784459,-0.23908348608291163,40,130000000
straight_aisle,15,2.0,-20.0,2.000000000419004,-19.999999997114607,1.9570221987811594,-20.23908348319752,True,True,-0.04297780163784459,-0.23908348608291163,40,195000000
straight_aisle,15,2.0,-20.0,2.000000000419004,-19.999999997114607,1.9570221987811594,-20.23908348319752,True,True,-0.04297780163784459,-0.23908348608291163,40,265000000
straight_aisle,15,2.0,-20.0,2.000000000419004,-19.999999997114607,1.9570221987811594,-20.23908348319752,True,True,-0.04297780163784459,-0.23908348608291163,40,330000000
straight_aisle,15,2.0,-20.0,2.000000000419004,-19.999999997114607,1.9570221987811594,-20.23908348319752,True,True,-0.04297780163784459,-0.23908348608291163,40,395000000
straight_aisle,15,2.0,-20.0,2.000000000419004,-19.999999997114607,1.9570221987811594,-20.23908348319752,True,True,-0.04297780163784459,-0.23908348608291163,40,460000000
straight_aisle,15,2.0,-20.0,2.000000000419004,-19.999999997114607,1.9570221987811594,-20.23908348319752,True,True,-0.04297780163784459,-0.23908348608291163,40,525000000
straight_aisle,15,2.0,-20.0,2.000000000419004,-19.999999997114607,1.9570221987811594,-20.23908348319752,True,True,-0.04297780163784459,-0.23908348608291163,40,595000000
straight_aisle,15,2.0,-20.0,2.000000000419004,-19.999999997114607,1.9570221987811594,-20.23908348319752,True,True,-0.04297780163784459,-0.23908348608291163,40,660000000
straight_aisle,15,2.0,-20.0,2.000000000419004,-19.999999997114607,1.9570221987811594,-20.23908348319752,True,True,-0.04297780163784459,-0.23908348608291163,40,790000000
straight_aisle,15,2.0,-20.0,2.000000000419004,-19.999999997114607,1.9570221987811594,-20.23908348319752,True,True,-0.04297780163784459,-0.23908348608291163,40,855000000
straight_aisle,16,2.0,-10.0,1.9999999999700753,-9.999999999166162,1.9618548247666787,-10.17223598397689,True,True,-0.03814517520339655,-0.17223598481072777,41,255000000
straight_aisle,16,2.0,-10.0,1.9999999999700753,-9.999999999166162,1.9618548247666787,-10.17223598397689,True,True,-0.03814517520339655,-0.17223598481072777,41,320000000
straight_aisle,16,2.0,-10.0,1.9999999999700753,-9.999999999166162,1.9618548247666787,-10.17223598397689,True,True,-0.03814517520339655,-0.17223598481072777,41,385000000
straight_aisle,16,2.0,-10.0,1.9999999999700753,-9.999999999166162,1.9618548247666787,-10.17223598397689,True,True,-0.03814517520339655,-0.17223598481072777,41,450000000
straight_aisle,16,2.0,-10.0,1.9999999999700753,-9.999999999166162,1.9618548247666787,-10.17223598397689,True,True,-0.03814517520339655,-0.17223598481072777,41,515000000
straight_aisle,16,2.0,-10.0,1.9999999999700753,-9.999999999166162,1.9618548247666787,-10.17223598397689,True,True,-0.03814517520339655,-0.17223598481072777,41,585000000
straight_aisle,16,2.0,-10.0,1.9999999999700753,-9.999999999166162,1.9618548247666787,-10.17223598397689,True,True,-0.03814517520339655,-0.17223598481072777,41,650000000
straight_aisle,16,2.0,-10.0,1.9999999999700753,-9.999999999166162,1.9618548247666787,-10.17223598397689,True,True,-0.03814517520339655,-0.17223598481072777,41,715000000
straight_aisle,16,2.0,-10.0,1.9999999999700753,-9.999999999166162,1.9618548247666787,-10.17223598397689,True,True,-0.03814517520339655,-0.17223598481072777,41,780000000
straight_aisle,16,2.0,-10.0,1.9999999999700753,-9.999999999166162,1.9618548247666787,-10.17223598397689,True,True,-0.03814517520339655,-0.17223598481072777,41,845000000
straight_aisle,16,2.0,-10.0,1.9999999999700753,-9.999999999166162,1.9618548247666787,-10.17223598397689,True,True,-0.03814517520339655,-0.17223598481072777,41,915000000
straight_aisle,16,2.0,-10.0,1.9999999999700753,-9.999999999166162,1.9618548247666787,-10.17223598397689,True,True,-0.03814517520339655,-0.17223598481072777,41,980000000
straight_aisle,16,2.0,-10.0,1.9999999999700753,-9.999999999166162,1.9618548247666787,-10.17223598397689,True,True,-0.03814517520339655,-0.17223598481072777,42,45000000
straight_aisle,16,2.0,-10.0,1.9999999999700753,-9.999999999166162,1.9618548247666787,-10.17223598397689,True,True,-0.03814517520339655,-0.17223598481072777,42,110000000
straight_aisle,16,2.0,-10.0,1.9999999999700753,-9.999999999166162,1.9618548247666787,-10.17223598397689,True,True,-0.03814517520339655,-0.17223598481072777,42,175000000
straight_aisle,16,2.0,-10.0,1.9999999999700753,-9.999999999166162,1.9618548247666787,-10.17223598397689,True,True,-0.03814517520339655,-0.17223598481072777,42,245000000
straight_aisle,16,2.0,-10.0,1.9999999999700753,-9.999999999166162,1.9618548247666787,-10.17223598397689,True,True,-0.03814517520339655,-0.17223598481072777,42,310000000
straight_aisle,16,2.0,-10.0,1.9999999999700753,-9.999999999166162,1.9618548247666787,-10.17223598397689,True,True,-0.03814517520339655,-0.17223598481072777,42,375000000
straight_aisle,16,2.0,-10.0,1.9999999999700753,-9.999999999166162,1.9618548247666787,-10.17223598397689,True,True,-0.03814517520339655,-0.17223598481072777,42,440000000
straight_aisle,16,2.0,-10.0,1.9999999999700753,-9.999999999166162,1.9618548247666787,-10.17223598397689,True,True,-0.03814517520339655,-0.17223598481072777,42,505000000
straight_aisle,16,2.0,-10.0,1.9999999999700753,-9.999999999166162,1.9618548247666787,-10.17223598397689,True,True,-0.03814517520339655,-0.17223598481072777,42,770000000
straight_aisle,16,2.0,-10.0,1.9999999999700753,-9.999999999166162,1.9618548247666787,-10.17223598397689,True,True,-0.03814517520339655,-0.17223598481072777,42,835000000
straight_aisle,16,2.0,-10.0,1.9999999999700753,-9.999999999166162,1.9618548247666787,-10.17223598397689,True,True,-0.03814517520339655,-0.17223598481072777,42,905000000
straight_aisle,16,2.0,-10.0,1.9999999999700753,-9.999999999166162,1.9618548247666787,-10.17223598397689,True,True,-0.03814517520339655,-0.17223598481072777,42,970000000
straight_aisle,16,2.0,-10.0,1.9999999999700753,-9.999999999166162,1.9618548247666787,-10.17223598397689,True,True,-0.03814517520339655,-0.17223598481072777,43,100000000
straight_aisle,16,2.0,-10.0,1.9999999999700753,-9.999999999166162,1.9618548247666787,-10.17223598397689,True,True,-0.03814517520339655,-0.17223598481072777,43,165000000
straight_aisle,16,2.0,-10.0,1.9999999999700753,-9.999999999166162,1.9618548247666787,-10.17223598397689,True,True,-0.03814517520339655,-0.17223598481072777,43,235000000
straight_aisle,16,2.0,-10.0,1.9999999999700753,-9.999999999166162,1.9618548247666787,-10.17223598397689,True,True,-0.03814517520339655,-0.17223598481072777,43,300000000
straight_aisle,16,2.0,-10.0,1.9999999999700753,-9.999999999166162,1.9618548247666787,-10.17223598397689,True,True,-0.03814517520339655,-0.17223598481072777,43,365000000
straight_aisle,16,2.0,-10.0,1.9999999999700753,-9.999999999166162,1.9618548247666787,-10.17223598397689,True,True,-0.03814517520339655,-0.17223598481072777,43,430000000
straight_aisle,17,2.0,0.0,2.0,0.0,1.9679742867942178,0.0,True,True,-0.03202571320578218,0.0,43,895000000
straight_aisle,17,2.0,0.0,2.0,0.0,1.9679742867942178,0.0,True,True,-0.03202571320578218,0.0,43,960000000
straight_aisle,17,2.0,0.0,2.0,0.0,1.9679742867942178,0.0,True,True,-0.03202571320578218,0.0,44,25000000
straight_aisle,17,2.0,0.0,2.0,0.0,1.9679742867942178,0.0,True,True,-0.03202571320578218,0.0,44,90000000
straight_aisle,17,2.0,0.0,2.0,0.0,1.9679742867942178,0.0,True,True,-0.03202571320578218,0.0,44,155000000
straight_aisle,17,2.0,0.0,2.0,0.0,1.9679742867942178,0.0,True,True,-0.03202571320578218,0.0,44,225000000
straight_aisle,17,2.0,0.0,2.0,0.0,1.9679742867942178,0.0,True,True,-0.03202571320578218,0.0,44,290000000
straight_aisle,17,2.0,0.0,2.0,0.0,1.9679742867942178,0.0,True,True,-0.03202571320578218,0.0,44,355000000
straight_aisle,17,2.0,0.0,2.0,0.0,1.9679742867942178,0.0,True,True,-0.03202571320578218,0.0,44,420000000
straight_aisle,17,2.0,0.0,2.0,0.0,1.9679742867942178,0.0,True,True,-0.03202571320578218,0.0,44,485000000
straight_aisle,17,2.0,0.0,2.0,0.0,1.9679742867942178,0.0,True,True,-0.03202571320578218,0.0,44,555000000
straight_aisle,17,2.0,0.0,2.0,0.0,1.9679742867942178,0.0,True,True,-0.03202571320578218,0.0,44,620000000
straight_aisle,17,2.0,0.0,2.0,0.0,1.9679742867942178,0.0,True,True,-0.03202571320578218,0.0,44,685000000
straight_aisle,17,2.0,0.0,2.0,0.0,1.9679742867942178,0.0,True,True,-0.03202571320578218,0.0,44,750000000
straight_aisle,17,2.0,0.0,2.0,0.0,1.9679742867942178,0.0,True,True,-0.03202571320578218,0.0,44,815000000
straight_aisle,17,2.0,0.0,2.0,0.0,1.9679742867942178,0.0,True,True,-0.03202571320578218,0.0,44,885000000
straight_aisle,17,2.0,0.0,2.0,0.0,1.9679742867942178,0.0,True,True,-0.03202571320578218,0.0,44,950000000
straight_aisle,17,2.0,0.0,2.0,0.0,1.9679742867942178,0.0,True,True,-0.03202571320578218,0.0,45,15000000
straight_aisle,17,2.0,0.0,2.0,0.0,1.9679742867942178,0.0,True,True,-0.03202571320578218,0.0,45,80000000
straight_aisle,17,2.0,0.0,2.0,0.0,1.9679742867942178,0.0,True,True,-0.03202571320578218,0.0,45,145000000
straight_aisle,17,2.0,0.0,2.0,0.0,1.9679742867942178,0.0,True,True,-0.03202571320578218,0.0,45,215000000
straight_aisle,17,2.0,0.0,2.0,0.0,1.9679742867942178,0.0,True,True,-0.03202571320578218,0.0,45,280000000
straight_aisle,17,2.0,0.0,2.0,0.0,1.9679742867942178,0.0,True,True,-0.03202571320578218,0.0,45,345000000
straight_aisle,17,2.0,0.0,2.0,0.0,1.9679742867942178,0.0,True,True,-0.03202571320578218,0.0,45,475000000
straight_aisle,17,2.0,0.0,2.0,0.0,1.9679742867942178,0.0,True,True,-0.03202571320578218,0.0,45,545000000
straight_aisle,17,2.0,0.0,2.0,0.0,1.9679742867942178,0.0,True,True,-0.03202571320578218,0.0,45,610000000
straight_aisle,17,2.0,0.0,2.0,0.0,1.9679742867942178,0.0,True,True,-0.03202571320578218,0.0,45,675000000
straight_aisle,17,2.0,0.0,2.0,0.0,1.9679742867942178,0.0,True,True,-0.03202571320578218,0.0,45,740000000
straight_aisle,17,2.0,0.0,2.0,0.0,1.9679742867942178,0.0,True,True,-0.03202571320578218,0.0,45,805000000
straight_aisle,17,2.0,0.0,2.0,0.0,1.9679742867942178,0.0,True,True,-0.03202571320578218,0.0,45,875000000
straight_aisle,18,2.0,10.0,1.9999999999700753,9.999999999166162,1.9618548247666787,10.17223598397689,True,True,-0.03814517520339655,0.17223598481072777,46,270000000
straight_aisle,18,2.0,10.0,1.9999999999700753,9.999999999166162,1.9618548247666787,10.17223598397689,True,True,-0.03814517520339655,0.17223598481072777,46,335000000
straight_aisle,18,2.0,10.0,1.9999999999700753,9.999999999166162,1.9618548247666787,10.17223598397689,True,True,-0.03814517520339655,0.17223598481072777,46,400000000
straight_aisle,18,2.0,10.0,1.9999999999700753,9.999999999166162,1.9618548247666787,10.17223598397689,True,True,-0.03814517520339655,0.17223598481072777,46,465000000
straight_aisle,18,2.0,10.0,1.9999999999700753,9.999999999166162,1.9618548247666787,10.17223598397689,True,True,-0.03814517520339655,0.17223598481072777,46,535000000
straight_aisle,18,2.0,10.0,1.9999999999700753,9.999999999166162,1.9618548247666787,10.17223598397689,True,True,-0.03814517520339655,0.17223598481072777,46,600000000
straight_aisle,18,2.0,10.0,1.9999999999700753,9.999999999166162,1.9618548247666787,10.17223598397689,True,True,-0.03814517520339655,0.17223598481072777,46,665000000
straight_aisle,18,2.0,10.0,1.9999999999700753,9.999999999166162,1.9618548247666787,10.17223598397689,True,True,-0.03814517520339655,0.17223598481072777,46,730000000
straight_aisle,18,2.0,10.0,1.9999999999700753,9.999999999166162,1.9618548247666787,10.17223598397689,True,True,-0.03814517520339655,0.17223598481072777,46,795000000
straight_aisle,18,2.0,10.0,1.9999999999700753,9.999999999166162,1.9618548247666787,10.17223598397689,True,True,-0.03814517520339655,0.17223598481072777,46,865000000
straight_aisle,18,2.0,10.0,1.9999999999700753,9.999999999166162,1.9618548247666787,10.17223598397689,True,True,-0.03814517520339655,0.17223598481072777,46,995000000
straight_aisle,18,2.0,10.0,1.9999999999700753,9.999999999166162,1.9618548247666787,10.17223598397689,True,True,-0.03814517520339655,0.17223598481072777,47,60000000
straight_aisle,18,2.0,10.0,1.9999999999700753,9.999999999166162,1.9618548247666787,10.17223598397689,True,True,-0.03814517520339655,0.17223598481072777,47,125000000
straight_aisle,18,2.0,10.0,1.9999999999700753,9.999999999166162,1.9618548247666787,10.17223598397689,True,True,-0.03814517520339655,0.17223598481072777,47,195000000
straight_aisle,18,2.0,10.0,1.9999999999700753,9.999999999166162,1.9618548247666787,10.17223598397689,True,True,-0.03814517520339655,0.17223598481072777,47,260000000
straight_aisle,18,2.0,10.0,1.9999999999700753,9.999999999166162,1.9618548247666787,10.17223598397689,True,True,-0.03814517520339655,0.17223598481072777,47,325000000
straight_aisle,18,2.0,10.0,1.9999999999700753,9.999999999166162,1.9618548247666787,10.17223598397689,True,True,-0.03814517520339655,0.17223598481072777,47,390000000
straight_aisle,18,2.0,10.0,1.9999999999700753,9.999999999166162,1.9618548247666787,10.17223598397689,True,True,-0.03814517520339655,0.17223598481072777,47,455000000
straight_aisle,18,2.0,10.0,1.9999999999700753,9.999999999166162,1.9618548247666787,10.17223598397689,True,True,-0.03814517520339655,0.17223598481072777,47,525000000
straight_aisle,18,2.0,10.0,1.9999999999700753,9.999999999166162,1.9618548247666787,10.17223598397689,True,True,-0.03814517520339655,0.17223598481072777,47,590000000
straight_aisle,18,2.0,10.0,1.9999999999700753,9.999999999166162,1.9618548247666787,10.17223598397689,True,True,-0.03814517520339655,0.17223598481072777,47,655000000
straight_aisle,18,2.0,10.0,1.9999999999700753,9.999999999166162,1.9618548247666787,10.17223598397689,True,True,-0.03814517520339655,0.17223598481072777,47,720000000
straight_aisle,18,2.0,10.0,1.9999999999700753,9.999999999166162,1.9618548247666787,10.17223598397689,True,True,-0.03814517520339655,0.17223598481072777,47,785000000
straight_aisle,18,2.0,10.0,1.9999999999700753,9.999999999166162,1.9618548247666787,10.17223598397689,True,True,-0.03814517520339655,0.17223598481072777,47,855000000
straight_aisle,18,2.0,10.0,1.9999999999700753,9.999999999166162,1.9618548247666787,10.17223598397689,True,True,-0.03814517520339655,0.17223598481072777,47,920000000
straight_aisle,18,2.0,10.0,1.9999999999700753,9.999999999166162,1.9618548247666787,10.17223598397689,True,True,-0.03814517520339655,0.17223598481072777,47,985000000
straight_aisle,18,2.0,10.0,1.9999999999700753,9.999999999166162,1.9618548247666787,10.17223598397689,True,True,-0.03814517520339655,0.17223598481072777,48,50000000
straight_aisle,18,2.0,10.0,1.9999999999700753,9.999999999166162,1.9618548247666787,10.17223598397689,True,True,-0.03814517520339655,0.17223598481072777,48,115000000
straight_aisle,18,2.0,10.0,1.9999999999700753,9.999999999166162,1.9618548247666787,10.17223598397689,True,True,-0.03814517520339655,0.17223598481072777,48,315000000
straight_aisle,18,2.0,10.0,1.9999999999700753,9.999999999166162,1.9618548247666787,10.17223598397689,True,True,-0.03814517520339655,0.17223598481072777,48,380000000
straight_aisle,19,2.0,20.0,2.000000000419004,19.999999997114607,1.9570221987811594,20.23908348319752,True,True,-0.04297780163784459,0.23908348608291163,48,775000000
straight_aisle,19,2.0,20.0,2.000000000419004,19.999999997114607,1.9570221987811594,20.23908348319752,True,True,-0.04297780163784459,0.23908348608291163,48,845000000
straight_aisle,19,2.0,20.0,2.000000000419004,19.999999997114607,1.9570221987811594,20.23908348319752,True,True,-0.04297780163784459,0.23908348608291163,48,910000000
straight_aisle,19,2.0,20.0,2.000000000419004,19.999999997114607,1.9570221987811594,20.23908348319752,True,True,-0.04297780163784459,0.23908348608291163,48,975000000
straight_aisle,19,2.0,20.0,2.000000000419004,19.999999997114607,1.9570221987811594,20.23908348319752,True,True,-0.04297780163784459,0.23908348608291163,49,40000000
straight_aisle,19,2.0,20.0,2.000000000419004,19.999999997114607,1.9570221987811594,20.23908348319752,True,True,-0.04297780163784459,0.23908348608291163,49,105000000
straight_aisle,19,2.0,20.0,2.000000000419004,19.999999997114607,1.9570221987811594,20.23908348319752,True,True,-0.04297780163784459,0.23908348608291163,49,175000000
straight_aisle,19,2.0,20.0,2.000000000419004,19.999999997114607,1.9570221987811594,20.23908348319752,True,True,-0.04297780163784459,0.23908348608291163,49,240000000
straight_aisle,19,2.0,20.0,2.000000000419004,19.999999997114607,1.9570221987811594,20.23908348319752,True,True,-0.04297780163784459,0.23908348608291163,49,305000000
straight_aisle,19,2.0,20.0,2.000000000419004,19.999999997114607,1.9570221987811594,20.23908348319752,True,True,-0.04297780163784459,0.23908348608291163,49,370000000
straight_aisle,19,2.0,20.0,2.000000000419004,19.999999997114607,1.9570221987811594,20.23908348319752,True,True,-0.04297780163784459,0.23908348608291163,49,435000000
straight_aisle,19,2.0,20.0,2.000000000419004,19.999999997114607,1.9570221987811594,20.23908348319752,True,True,-0.04297780163784459,0.23908348608291163,49,505000000
straight_aisle,19,2.0,20.0,2.000000000419004,19.999999997114607,1.9570221987811594,20.23908348319752,True,True,-0.04297780163784459,0.23908348608291163,49,570000000
straight_aisle,19,2.0,20.0,2.000000000419004,19.999999997114607,1.9570221987811594,20.23908348319752,True,True,-0.04297780163784459,0.23908348608291163,49,635000000
straight_aisle,19,2.0,20.0,2.000000000419004,19.999999997114607,1.9570221987811594,20.23908348319752,True,True,-0.04297780163784459,0.23908348608291163,49,700000000
straight_aisle,19,2.0,20.0,2.000000000419004,19.999999997114607,1.9570221987811594,20.23908348319752,True,True,-0.04297780163784459,0.23908348608291163,49,765000000
straight_aisle,19,2.0,20.0,2.000000000419004,19.999999997114607,1.9570221987811594,20.23908348319752,True,True,-0.04297780163784459,0.23908348608291163,49,835000000
straight_aisle,19,2.0,20.0,2.000000000419004,19.999999997114607,1.9570221987811594,20.23908348319752,True,True,-0.04297780163784459,0.23908348608291163,49,900000000
straight_aisle,19,2.0,20.0,2.000000000419004,19.999999997114607,1.9570221987811594,20.23908348319752,True,True,-0.04297780163784459,0.23908348608291163,50,30000000
straight_aisle,19,2.0,20.0,2.000000000419004,19.999999997114607,1.9570221987811594,20.23908348319752,True,True,-0.04297780163784459,0.23908348608291163,50,95000000
straight_aisle,19,2.0,20.0,2.000000000419004,19.999999997114607,1.9570221987811594,20.23908348319752,True,True,-0.04297780163784459,0.23908348608291163,50,165000000
straight_aisle,19,2.0,20.0,2.000000000419004,19.999999997114607,1.9570221987811594,20.23908348319752,True,True,-0.04297780163784459,0.23908348608291163,50,230000000
straight_aisle,19,2.0,20.0,2.000000000419004,19.999999997114607,1.9570221987811594,20.23908348319752,True,True,-0.04297780163784459,0.23908348608291163,50,295000000
straight_aisle,19,2.0,20.0,2.000000000419004,19.999999997114607,1.9570221987811594,20.23908348319752,True,True,-0.04297780163784459,0.23908348608291163,50,360000000
straight_aisle,19,2.0,20.0,2.000000000419004,19.999999997114607,1.9570221987811594,20.23908348319752,True,True,-0.04297780163784459,0.23908348608291163,50,425000000
straight_aisle,19,2.0,20.0,2.000000000419004,19.999999997114607,1.9570221987811594,20.23908348319752,True,True,-0.04297780163784459,0.23908348608291163,50,495000000
straight_aisle,19,2.0,20.0,2.000000000419004,19.999999997114607,1.9570221987811594,20.23908348319752,True,True,-0.04297780163784459,0.23908348608291163,50,560000000
straight_aisle,19,2.0,20.0,2.000000000419004,19.999999997114607,1.9570221987811594,20.23908348319752,True,True,-0.04297780163784459,0.23908348608291163,50,625000000
straight_aisle,19,2.0,20.0,2.000000000419004,19.999999997114607,1.9570221987811594,20.23908348319752,True,True,-0.04297780163784459,0.23908348608291163,50,690000000
straight_aisle,19,2.0,20.0,2.000000000419004,19.999999997114607,1.9570221987811594,20.23908348319752,True,True,-0.04297780163784459,0.23908348608291163,50,755000000
straight_aisle,20,2.0,30.0,2.0000000003733636,29.99999999382462,1.918760634888274,28.098126280469717,True,False,-0.08123936548508959,-1.9018737133549024,51,220000000
straight_aisle,20,2.0,30.0,2.0000000003733636,29.99999999382462,1.918760634888274,28.098126280469717,True,False,-0.08123936548508959,-1.9018737133549024,51,285000000
straight_aisle,20,2.0,30.0,2.0000000003733636,29.99999999382462,1.918760634888274,28.098126280469717,True,False,-0.08123936548508959,-1.9018737133549024,51,350000000
straight_aisle,20,2.0,30.0,2.0000000003733636,29.99999999382462,1.918760634888274,28.098126280469717,True,False,-0.08123936548508959,-1.9018737133549024,51,415000000
straight_aisle,20,2.0,30.0,2.0000000003733636,29.99999999382462,1.918760634888274,28.098126280469717,True,False,-0.08123936548508959,-1.9018737133549024,51,485000000
straight_aisle,20,2.0,30.0,2.0000000003733636,29.99999999382462,1.918760634888274,28.098126280469717,True,False,-0.08123936548508959,-1.9018737133549024,51,550000000
straight_aisle,20,2.0,30.0,2.0000000003733636,29.99999999382462,1.918760634888274,28.098126280469717,True,False,-0.08123936548508959,-1.9018737133549024,51,615000000
straight_aisle,20,2.0,30.0,2.0000000003733636,29.99999999382462,1.918760634888274,28.098126280469717,True,False,-0.08123936548508959,-1.9018737133549024,51,680000000
straight_aisle,20,2.0,30.0,2.0000000003733636,29.99999999382462,1.918760634888274,28.098126280469717,True,False,-0.08123936548508959,-1.9018737133549024,51,745000000
straight_aisle,20,2.0,30.0,2.0000000003733636,29.99999999382462,1.918760634888274,28.098126280469717,True,False,-0.08123936548508959,-1.9018737133549024,51,815000000
straight_aisle,20,2.0,30.0,2.0000000003733636,29.99999999382462,1.918760634888274,28.098126280469717,True,False,-0.08123936548508959,-1.9018737133549024,51,880000000
straight_aisle,20,2.0,30.0,2.0000000003733636,29.99999999382462,1.918760634888274,28.098126280469717,True,False,-0.08123936548508959,-1.9018737133549024,51,945000000
straight_aisle,20,2.0,30.0,2.0000000003733636,29.99999999382462,1.918760634888274,28.098126280469717,True,False,-0.08123936548508959,-1.9018737133549024,52,10000000
straight_aisle,20,2.0,30.0,2.0000000003733636,29.99999999382462,1.918760634888274,28.098126280469717,True,False,-0.08123936548508959,-1.9018737133549024,52,75000000
straight_aisle,20,2.0,30.0,2.0000000003733636,29.99999999382462,1.918760634888274,28.098126280469717,True,False,-0.08123936548508959,-1.9018737133549024,52,145000000
straight_aisle,20,2.0,30.0,2.0000000003733636,29.99999999382462,1.918760634888274,28.098126280469717,True,False,-0.08123936548508959,-1.9018737133549024,52,210000000
straight_aisle,20,2.0,30.0,2.0000000003733636,29.99999999382462,1.918760634888274,28.098126280469717,True,False,-0.08123936548508959,-1.9018737133549024,52,275000000
straight_aisle,20,2.0,30.0,2.0000000003733636,29.99999999382462,1.918760634888274,28.098126280469717,True,False,-0.08123936548508959,-1.9018737133549024,52,340000000
straight_aisle,20,2.0,30.0,2.0000000003733636,29.99999999382462,1.918760634888274,28.098126280469717,True,False,-0.08123936548508959,-1.9018737133549024,52,405000000
straight_aisle,20,2.0,30.0,2.0000000003733636,29.99999999382462,1.918760634888274,28.098126280469717,True,False,-0.08123936548508959,-1.9018737133549024,52,475000000
straight_aisle,20,2.0,30.0,2.0000000003733636,29.99999999382462,1.918760634888274,28.098126280469717,True,False,-0.08123936548508959,-1.9018737133549024,52,540000000
straight_aisle,20,2.0,30.0,2.0000000003733636,29.99999999382462,1.918760634888274,28.098126280469717,True,False,-0.08123936548508959,-1.9018737133549024,52,605000000
straight_aisle,20,2.0,30.0,2.0000000003733636,29.99999999382462,1.918760634888274,28.098126280469717,True,False,-0.08123936548508959,-1.9018737133549024,52,670000000
straight_aisle,20,2.0,30.0,2.0000000003733636,29.99999999382462,1.918760634888274,28.098126280469717,True,False,-0.08123936548508959,-1.9018737133549024,52,735000000
straight_aisle,20,2.0,30.0,2.0000000003733636,29.99999999382462,1.918760634888274,28.098126280469717,True,False,-0.08123936548508959,-1.9018737133549024,52,805000000
straight_aisle,20,2.0,30.0,2.0000000003733636,29.99999999382462,1.918760634888274,28.098126280469717,True,False,-0.08123936548508959,-1.9018737133549024,52,870000000
straight_aisle,20,2.0,30.0,2.0000000003733636,29.99999999382462,1.918760634888274,28.098126280469717,True,False,-0.08123936548508959,-1.9018737133549024,52,935000000
straight_aisle,20,2.0,30.0,2.0000000003733636,29.99999999382462,1.918760634888274,28.098126280469717,True,False,-0.08123936548508959,-1.9018737133549024,53,0
straight_aisle,20,2.0,30.0,2.0000000003733636,29.99999999382462,1.918760634888274,28.098126280469717,True,False,-0.08123936548508959,-1.9018737133549024,53,65000000
straight_aisle,20,2.0,30.0,2.0000000003733636,29.99999999382462,1.918760634888274,28.098126280469717,True,False,-0.08123936548508959,-1.9018737133549024,53,135000000
straight_aisle,21,3.0,-30.0,2.99999999969402,-30.000000003373916,2.9378208535749,-29.588974032118863,True,False,-0.0621791461191199,0.4110259712550537,53,530000000
straight_aisle,21,3.0,-30.0,2.99999999969402,-30.000000003373916,2.9378208535749,-29.588974032118863,True,False,-0.0621791461191199,0.4110259712550537,53,595000000
straight_aisle,21,3.0,-30.0,2.99999999969402,-30.000000003373916,2.9378208535749,-29.588974032118863,True,False,-0.0621791461191199,0.4110259712550537,53,660000000
straight_aisle,21,3.0,-30.0,2.99999999969402,-30.000000003373916,2.9378208535749,-29.588974032118863,True,False,-0.0621791461191199,0.4110259712550537,53,795000000
straight_aisle,21,3.0,-30.0,2.99999999969402,-30.000000003373916,2.9378208535749,-29.588974032118863,True,False,-0.0621791461191199,0.4110259712550537,53,860000000
straight_aisle,21,3.0,-30.0,2.99999999969402,-30.000000003373916,2.9378208535749,-29.588974032118863,True,False,-0.0621791461191199,0.4110259712550537,53,925000000
straight_aisle,21,3.0,-30.0,2.99999999969402,-30.000000003373916,2.9378208535749,-29.588974032118863,True,False,-0.0621791461191199,0.4110259712550537,53,990000000
straight_aisle,21,3.0,-30.0,2.99999999969402,-30.000000003373916,2.9378208535749,-29.588974032118863,True,False,-0.0621791461191199,0.4110259712550537,54,55000000
straight_aisle,21,3.0,-30.0,2.99999999969402,-30.000000003373916,2.9378208535749,-29.588974032118863,True,False,-0.0621791461191199,0.4110259712550537,54,190000000
straight_aisle,21,3.0,-30.0,2.99999999969402,-30.000000003373916,2.9378208535749,-29.588974032118863,True,False,-0.0621791461191199,0.4110259712550537,54,255000000
straight_aisle,21,3.0,-30.0,2.99999999969402,-30.000000003373916,2.9378208535749,-29.588974032118863,True,False,-0.0621791461191199,0.4110259712550537,54,320000000
straight_aisle,21,3.0,-30.0,2.99999999969402,-30.000000003373916,2.9378208535749,-29.588974032118863,True,False,-0.0621791461191199,0.4110259712550537,54,385000000
straight_aisle,21,3.0,-30.0,2.99999999969402,-30.000000003373916,2.9378208535749,-29.588974032118863,True,False,-0.0621791461191199,0.4110259712550537,54,455000000
straight_aisle,21,3.0,-30.0,2.99999999969402,-30.000000003373916,2.9378208535749,-29.588974032118863,True,False,-0.0621791461191199,0.4110259712550537,54,520000000
straight_aisle,21,3.0,-30.0,2.99999999969402,-30.000000003373916,2.9378208535749,-29.588974032118863,True,False,-0.0621791461191199,0.4110259712550537,54,585000000
straight_aisle,21,3.0,-30.0,2.99999999969402,-30.000000003373916,2.9378208535749,-29.588974032118863,True,False,-0.0621791461191199,0.4110259712550537,54,650000000
straight_aisle,21,3.0,-30.0,2.99999999969402,-30.000000003373916,2.9378208535749,-29.588974032118863,True,False,-0.0621791461191199,0.4110259712550537,54,715000000
straight_aisle,21,3.0,-30.0,2.99999999969402,-30.000000003373916,2.9378208535749,-29.588974032118863,True,False,-0.0621791461191199,0.4110259712550537,54,785000000
straight_aisle,21,3.0,-30.0,2.99999999969402,-30.000000003373916,2.9378208535749,-29.588974032118863,True,False,-0.0621791461191199,0.4110259712550537,54,850000000
straight_aisle,21,3.0,-30.0,2.99999999969402,-30.000000003373916,2.9378208535749,-29.588974032118863,True,False,-0.0621791461191199,0.4110259712550537,54,915000000
straight_aisle,21,3.0,-30.0,2.99999999969402,-30.000000003373916,2.9378208535749,-29.588974032118863,True,False,-0.0621791461191199,0.4110259712550537,54,980000000
straight_aisle,21,3.0,-30.0,2.99999999969402,-30.000000003373916,2.9378208535749,-29.588974032118863,True,False,-0.0621791461191199,0.4110259712550537,55,45000000
straight_aisle,21,3.0,-30.0,2.99999999969402,-30.000000003373916,2.9378208535749,-29.588974032118863,True,False,-0.0621791461191199,0.4110259712550537,55,115000000
straight_aisle,21,3.0,-30.0,2.99999999969402,-30.000000003373916,2.9378208535749,-29.588974032118863,True,False,-0.0621791461191199,0.4110259712550537,55,180000000
straight_aisle,21,3.0,-30.0,2.99999999969402,-30.000000003373916,2.9378208535749,-29.588974032118863,True,False,-0.0621791461191199,0.4110259712550537,55,245000000
straight_aisle,21,3.0,-30.0,2.99999999969402,-30.000000003373916,2.9378208535749,-29.588974032118863,True,False,-0.0621791461191199,0.4110259712550537,55,310000000
straight_aisle,21,3.0,-30.0,2.99999999969402,-30.000000003373916,2.9378208535749,-29.588974032118863,True,False,-0.0621791461191199,0.4110259712550537,55,375000000
straight_aisle,21,3.0,-30.0,2.99999999969402,-30.000000003373916,2.9378208535749,-29.588974032118863,True,False,-0.0621791461191199,0.4110259712550537,55,445000000
straight_aisle,21,3.0,-30.0,2.99999999969402,-30.000000003373916,2.9378208535749,-29.588974032118863,True,False,-0.0621791461191199,0.4110259712550537,55,510000000
straight_aisle,21,3.0,-30.0,2.99999999969402,-30.000000003373916,2.9378208535749,-29.588974032118863,True,False,-0.0621791461191199,0.4110259712550537,55,575000000
straight_aisle,22,3.0,-20.0,2.999999999671713,-20.000000002749363,2.9588364034850887,-20.07335533666771,True,True,-0.04116359618662413,-0.07335533391834659,56,35000000
straight_aisle,22,3.0,-20.0,2.999999999671713,-20.000000002749363,2.9588364034850887,-20.07335533666771,True,True,-0.04116359618662413,-0.07335533391834659,56,105000000
straight_aisle,22,3.0,-20.0,2.999999999671713,-20.000000002749363,2.9588364034850887,-20.07335533666771,True,True,-0.04116359618662413,-0.07335533391834659,56,170000000
straight_aisle,22,3.0,-20.0,2.999999999671713,-20.000000002749363,2.9588364034850887,-20.07335533666771,True,True,-0.04116359618662413,-0.07335533391834659,56,235000000
straight_aisle,22,3.0,-20.0,2.999999999671713,-20.000000002749363,2.9588364034850887,-20.07335533666771,True,True,-0.04116359618662413,-0.07335533391834659,56,300000000
straight_aisle,22,3.0,-20.0,2.999999999671713,-20.000000002749363,2.9588364034850887,-20.07335533666771,True,True,-0.04116359618662413,-0.07335533391834659,56,365000000
straight_aisle,22,3.0,-20.0,2.999999999671713,-20.000000002749363,2.9588364034850887,-20.07335533666771,True,True,-0.04116359618662413,-0.07335533391834659,56,435000000
straight_aisle,22,3.0,-20.0,2.999999999671713,-20.000000002749363,2.9588364034850887,-20.07335533666771,True,True,-0.04116359618662413,-0.07335533391834659,56,500000000
straight_aisle,22,3.0,-20.0,2.999999999671713,-20.000000002749363,2.9588364034850887,-20.07335533666771,True,True,-0.04116359618662413,-0.07335533391834659,56,565000000
straight_aisle,22,3.0,-20.0,2.999999999671713,-20.000000002749363,2.9588364034850887,-20.07335533666771,True,True,-0.04116359618662413,-0.07335533391834659,56,630000000
straight_aisle,22,3.0,-20.0,2.999999999671713,-20.000000002749363,2.9588364034850887,-20.07335533666771,True,True,-0.04116359618662413,-0.07335533391834659,56,695000000
straight_aisle,22,3.0,-20.0,2.999999999671713,-20.000000002749363,2.9588364034850887,-20.07335533666771,True,True,-0.04116359618662413,-0.07335533391834659,56,765000000
straight_aisle,22,3.0,-20.0,2.999999999671713,-20.000000002749363,2.9588364034850887,-20.07335533666771,True,True,-0.04116359618662413,-0.07335533391834659,56,830000000
straight_aisle,22,3.0,-20.0,2.999999999671713,-20.000000002749363,2.9588364034850887,-20.07335533666771,True,True,-0.04116359618662413,-0.07335533391834659,57,25000000
straight_aisle,22,3.0,-20.0,2.999999999671713,-20.000000002749363,2.9588364034850887,-20.07335533666771,True,True,-0.04116359618662413,-0.07335533391834659,57,95000000
straight_aisle,22,3.0,-20.0,2.999999999671713,-20.000000002749363,2.9588364034850887,-20.07335533666771,True,True,-0.04116359618662413,-0.07335533391834659,57,160000000
straight_aisle,22,3.0,-20.0,2.999999999671713,-20.000000002749363,2.9588364034850887,-20.07335533666771,True,True,-0.04116359618662413,-0.07335533391834659,57,225000000
straight_aisle,22,3.0,-20.0,2.999999999671713,-20.000000002749363,2.9588364034850887,-20.07335533666771,True,True,-0.04116359618662413,-0.07335533391834659,57,290000000
straight_aisle,22,3.0,-20.0,2.999999999671713,-20.000000002749363,2.9588364034850887,-20.07335533666771,True,True,-0.04116359618662413,-0.07335533391834659,57,425000000
straight_aisle,22,3.0,-20.0,2.999999999671713,-20.000000002749363,2.9588364034850887,-20.07335533666771,True,True,-0.04116359618662413,-0.07335533391834659,57,490000000
straight_aisle,22,3.0,-20.0,2.999999999671713,-20.000000002749363,2.9588364034850887,-20.07335533666771,True,True,-0.04116359618662413,-0.07335533391834659,57,555000000
straight_aisle,22,3.0,-20.0,2.999999999671713,-20.000000002749363,2.9588364034850887,-20.07335533666771,True,True,-0.04116359618662413,-0.07335533391834659,57,620000000
straight_aisle,22,3.0,-20.0,2.999999999671713,-20.000000002749363,2.9588364034850887,-20.07335533666771,True,True,-0.04116359618662413,-0.07335533391834659,57,685000000
straight_aisle,22,3.0,-20.0,2.999999999671713,-20.000000002749363,2.9588364034850887,-20.07335533666771,True,True,-0.04116359618662413,-0.07335533391834659,57,755000000
straight_aisle,22,3.0,-20.0,2.999999999671713,-20.000000002749363,2.9588364034850887,-20.07335533666771,True,True,-0.04116359618662413,-0.07335533391834659,57,820000000
straight_aisle,22,3.0,-20.0,2.999999999671713,-20.000000002749363,2.9588364034850887,-20.07335533666771,True,True,-0.04116359618662413,-0.07335533391834659,57,885000000
straight_aisle,22,3.0,-20.0,2.999999999671713,-20.000000002749363,2.9588364034850887,-20.07335533666771,True,True,-0.04116359618662413,-0.07335533391834659,57,950000000
straight_aisle,22,3.0,-20.0,2.999999999671713,-20.000000002749363,2.9588364034850887,-20.07335533666771,True,True,-0.04116359618662413,-0.07335533391834659,58,15000000
straight_aisle,22,3.0,-20.0,2.999999999671713,-20.000000002749363,2.9588364034850887,-20.07335533666771,True,True,-0.04116359618662413,-0.07335533391834659,58,85000000
straight_aisle,22,3.0,-20.0,2.999999999671713,-20.000000002749363,2.9588364034850887,-20.07335533666771,True,True,-0.04116359618662413,-0.07335533391834659,58,215000000
straight_aisle,23,3.0,-10.0,2.999999999963795,-10.000000000106581,2.96309105636775,-10.111493807009934,True,True,-0.03690894359604524,-0.11149380690335242,58,675000000
straight_aisle,23,3.0,-10.0,2.999999999963795,-10.000000000106581,2.96309105636775,-10.111493807009934,True,True,-0.03690894359604524,-0.11149380690335242,58,745000000
straight_aisle,23,3.0,-10.0,2.999999999963795,-10.000000000106581,2.96309105636775,-10.111493807009934,True,True,-0.03690894359604524,-0.11149380690335242,58,810000000
straight_aisle,23,3.0,-10.0,2.999999999963795,-10.000000000106581,2.96309105636775,-10.111493807009934,True,True,-0.03690894359604524,-0.11149380690335242,58,875000000
straight_aisle,23,3.0,-10.0,2.999999999963795,-10.000000000106581,2.96309105636775,-10.111493807009934,True,True,-0.03690894359604524,-0.11149380690335242,59,5000000
straight_aisle,23,3.0,-10.0,2.999999999963795,-10.000000000106581,2.96309105636775,-10.111493807009934,True,True,-0.03690894359604524,-0.11149380690335242,59,75000000
straight_aisle,23,3.0,-10.0,2.999999999963795,-10.000000000106581,2.96309105636775,-10.111493807009934,True,True,-0.03690894359604524,-0.11149380690335242,59,140000000
straight_aisle,23,3.0,-10.0,2.999999999963795,-10.000000000106581,2.96309105636775,-10.111493807009934,True,True,-0.03690894359604524,-0.11149380690335242,59,205000000
straight_aisle,23,3.0,-10.0,2.999999999963795,-10.000000000106581,2.96309105636775,-10.111493807009934,True,True,-0.03690894359604524,-0.11149380690335242,59,270000000
straight_aisle,23,3.0,-10.0,2.999999999963795,-10.000000000106581,2.96309105636775,-10.111493807009934,True,True,-0.03690894359604524,-0.11149380690335242,59,335000000
straight_aisle,23,3.0,-10.0,2.999999999963795,-10.000000000106581,2.96309105636775,-10.111493807009934,True,True,-0.03690894359604524,-0.11149380690335242,59,405000000
straight_aisle,23,3.0,-10.0,2.999999999963795,-10.000000000106581,2.96309105636775,-10.111493807009934,True,True,-0.03690894359604524,-0.11149380690335242,59,470000000
straight_aisle,23,3.0,-10.0,2.999999999963795,-10.000000000106581,2.96309105636775,-10.111493807009934,True,True,-0.03690894359604524,-0.11149380690335242,59,535000000
straight_aisle,23,3.0,-10.0,2.999999999963795,-10.000000000106581,2.96309105636775,-10.111493807009934,True,True,-0.03690894359604524,-0.11149380690335242,59,600000000
straight_aisle,23,3.0,-10.0,2.999999999963795,-10.000000000106581,2.96309105636775,-10.111493807009934,True,True,-0.03690894359604524,-0.11149380690335242,59,665000000
straight_aisle,23,3.0,-10.0,2.999999999963795,-10.000000000106581,2.96309105636775,-10.111493807009934,True,True,-0.03690894359604524,-0.11149380690335242,59,735000000
straight_aisle,23,3.0,-10.0,2.999999999963795,-10.000000000106581,2.96309105636775,-10.111493807009934,True,True,-0.03690894359604524,-0.11149380690335242,59,800000000
straight_aisle,23,3.0,-10.0,2.999999999963795,-10.000000000106581,2.96309105636775,-10.111493807009934,True,True,-0.03690894359604524,-0.11149380690335242,59,865000000
straight_aisle,23,3.0,-10.0,2.999999999963795,-10.000000000106581,2.96309105636775,-10.111493807009934,True,True,-0.03690894359604524,-0.11149380690335242,59,995000000
straight_aisle,23,3.0,-10.0,2.999999999963795,-10.000000000106581,2.96309105636775,-10.111493807009934,True,True,-0.03690894359604524,-0.11149380690335242,60,65000000
straight_aisle,23,3.0,-10.0,2.999999999963795,-10.000000000106581,2.96309105636775,-10.111493807009934,True,True,-0.03690894359604524,-0.11149380690335242,60,130000000
straight_aisle,23,3.0,-10.0,2.999999999963795,-10.000000000106581,2.96309105636775,-10.111493807009934,True,True,-0.03690894359604524,-0.11149380690335242,60,195000000
straight_aisle,23,3.0,-10.0,2.999999999963795,-10.000000000106581,2.96309105636775,-10.111493807009934,True,True,-0.03690894359604524,-0.11149380690335242,60,260000000
straight_aisle,23,3.0,-10.0,2.999999999963795,-10.000000000106581,2.96309105636775,-10.111493807009934,True,True,-0.03690894359604524,-0.11149380690335242,60,325000000
straight_aisle,23,3.0,-10.0,2.999999999963795,-10.000000000106581,2.96309105636775,-10.111493807009934,True,True,-0.03690894359604524,-0.11149380690335242,60,395000000
straight_aisle,23,3.0,-10.0,2.999999999963795,-10.000000000106581,2.96309105636775,-10.111493807009934,True,True,-0.03690894359604524,-0.11149380690335242,60,460000000
straight_aisle,23,3.0,-10.0,2.999999999963795,-10.000000000106581,2.96309105636775,-10.111493807009934,True,True,-0.03690894359604524,-0.11149380690335242,60,525000000
straight_aisle,23,3.0,-10.0,2.999999999963795,-10.000000000106581,2.96309105636775,-10.111493807009934,True,True,-0.03690894359604524,-0.11149380690335242,60,590000000
straight_aisle,23,3.0,-10.0,2.999999999963795,-10.000000000106581,2.96309105636775,-10.111493807009934,True,True,-0.03690894359604524,-0.11149380690335242,60,655000000
straight_aisle,23,3.0,-10.0,2.999999999963795,-10.000000000106581,2.96309105636775,-10.111493807009934,True,True,-0.03690894359604524,-0.11149380690335242,60,725000000
straight_aisle,24,3.0,0.0,3.0,0.0,2.9590404743884284,0.0,True,True,-0.04095952561157157,0.0,61,120000000
straight_aisle,24,3.0,0.0,3.0,0.0,2.9590404743884284,0.0,True,True,-0.04095952561157157,0.0,61,250000000
straight_aisle,24,3.0,0.0,3.0,0.0,2.9590404743884284,0.0,True,True,-0.04095952561157157,0.0,61,315000000
straight_aisle,24,3.0,0.0,3.0,0.0,2.9590404743884284,0.0,True,True,-0.04095952561157157,0.0,61,385000000
straight_aisle,24,3.0,0.0,3.0,0.0,2.9590404743884284,0.0,True,True,-0.04095952561157157,0.0,61,450000000
straight_aisle,24,3.0,0.0,3.0,0.0,2.9590404743884284,0.0,True,True,-0.04095952561157157,0.0,61,515000000
straight_aisle,24,3.0,0.0,3.0,0.0,2.9590404743884284,0.0,True,True,-0.04095952561157157,0.0,61,580000000
straight_aisle,24,3.0,0.0,3.0,0.0,2.9590404743884284,0.0,True,True,-0.04095952561157157,0.0,61,645000000
straight_aisle,24,3.0,0.0,3.0,0.0,2.9590404743884284,0.0,True,True,-0.04095952561157157,0.0,61,780000000
straight_aisle,24,3.0,0.0,3.0,0.0,2.9590404743884284,0.0,True,True,-0.04095952561157157,0.0,61,845000000
straight_aisle,24,3.0,0.0,3.0,0.0,2.9590404743884284,0.0,True,True,-0.04095952561157157,0.0,61,975000000
straight_aisle,24,3.0,0.0,3.0,0.0,2.9590404743884284,0.0,True,True,-0.04095952561157157,0.0,62,110000000
straight_aisle,24,3.0,0.0,3.0,0.0,2.9590404743884284,0.0,True,True,-0.04095952561157157,0.0,62,175000000
straight_aisle,24,3.0,0.0,3.0,0.0,2.9590404743884284,0.0,True,True,-0.04095952561157157,0.0,62,240000000
straight_aisle,24,3.0,0.0,3.0,0.0,2.9590404743884284,0.0,True,True,-0.04095952561157157,0.0,62,305000000
straight_aisle,24,3.0,0.0,3.0,0.0,2.9590404743884284,0.0,True,True,-0.04095952561157157,0.0,62,375000000
straight_aisle,24,3.0,0.0,3.0,0.0,2.9590404743884284,0.0,True,True,-0.04095952561157157,0.0,62,440000000
straight_aisle,24,3.0,0.0,3.0,0.0,2.9590404743884284,0.0,True,True,-0.04095952561157157,0.0,62,505000000
straight_aisle,24,3.0,0.0,3.0,0.0,2.9590404743884284,0.0,True,True,-0.04095952561157157,0.0,62,570000000
straight_aisle,24,3.0,0.0,3.0,0.0,2.9590404743884284,0.0,True,True,-0.04095952561157157,0.0,62,635000000
straight_aisle,24,3.0,0.0,3.0,0.0,2.9590404743884284,0.0,True,True,-0.04095952561157157,0.0,62,705000000
straight_aisle,24,3.0,0.0,3.0,0.0,2.9590404743884284,0.0,True,True,-0.04095952561157157,0.0,62,770000000
straight_aisle,24,3.0,0.0,3.0,0.0,2.9590404743884284,0.0,True,True,-0.04095952561157157,0.0,62,900000000
straight_aisle,24,3.0,0.0,3.0,0.0,2.9590404743884284,0.0,True,True,-0.04095952561157157,0.0,62,965000000
straight_aisle,24,3.0,0.0,3.0,0.0,2.9590404743884284,0.0,True,True,-0.04095952561157157,0.0,63,100000000
straight_aisle,24,3.0,0.0,3.0,0.0,2.9590404743884284,0.0,True,True,-0.04095952561157157,0.0,63,165000000
straight_aisle,24,3.0,0.0,3.0,0.0,2.9590404743884284,0.0,True,True,-0.04095952561157157,0.0,63,230000000
straight_aisle,24,3.0,0.0,3.0,0.0,2.9590404743884284,0.0,True,True,-0.04095952561157157,0.0,63,625000000
straight_aisle,24,3.0,0.0,3.0,0.0,2.9590404743884284,0.0,True,True,-0.04095952561157157,0.0,63,695000000
straight_aisle,24,3.0,0.0,3.0,0.0,2.9590404743884284,0.0,True,True,-0.04095952561157157,0.0,63,760000000
straight_aisle,25,3.0,10.0,2.999999999963795,10.000000000106581,2.9625324111162303,10.050728653400546,True,True,-0.03746758884756485,0.05072865329396414,64,155000000
straight_aisle,25,3.0,10.0,2.999999999963795,10.000000000106581,2.9625324111162303,10.050728653400546,True,True,-0.03746758884756485,0.05072865329396414,64,220000000
straight_aisle,25,3.0,10.0,2.999999999963795,10.000000000106581,2.9625324111162303,10.050728653400546,True,True,-0.03746758884756485,0.05072865329396414,64,285000000
straight_aisle,25,3.0,10.0,2.999999999963795,10.000000000106581,2.9625324111162303,10.050728653400546,True,True,-0.03746758884756485,0.05072865329396414,64,355000000
straight_aisle,25,3.0,10.0,2.999999999963795,10.000000000106581,2.9625324111162303,10.050728653400546,True,True,-0.03746758884756485,0.05072865329396414,64,420000000
straight_aisle,25,3.0,10.0,2.999999999963795,10.000000000106581,2.9625324111162303,10.050728653400546,True,True,-0.03746758884756485,0.05072865329396414,64,485000000
straight_aisle,25,3.0,10.0,2.999999999963795,10.000000000106581,2.9625324111162303,10.050728653400546,True,True,-0.03746758884756485,0.05072865329396414,64,550000000
straight_aisle,25,3.0,10.0,2.999999999963795,10.000000000106581,2.9625324111162303,10.050728653400546,True,True,-0.03746758884756485,0.05072865329396414,64,615000000
straight_aisle,25,3.0,10.0,2.999999999963795,10.000000000106581,2.9625324111162303,10.050728653400546,True,True,-0.03746758884756485,0.05072865329396414,64,685000000
straight_aisle,25,3.0,10.0,2.999999999963795,10.000000000106581,2.9625324111162303,10.050728653400546,True,True,-0.03746758884756485,0.05072865329396414,64,750000000
straight_aisle,25,3.0,10.0,2.999999999963795,10.000000000106581,2.9625324111162303,10.050728653400546,True,True,-0.03746758884756485,0.05072865329396414,64,815000000
straight_aisle,25,3.0,10.0,2.999999999963795,10.000000000106581,2.9625324111162303,10.050728653400546,True,True,-0.03746758884756485,0.05072865329396414,64,880000000
straight_aisle,25,3.0,10.0,2.999999999963795,10.000000000106581,2.9625324111162303,10.050728653400546,True,True,-0.03746758884756485,0.05072865329396414,64,945000000
straight_aisle,25,3.0,10.0,2.999999999963795,10.000000000106581,2.9625324111162303,10.050728653400546,True,True,-0.03746758884756485,0.05072865329396414,65,15000000
straight_aisle,25,3.0,10.0,2.999999999963795,10.000000000106581,2.9625324111162303,10.050728653400546,True,True,-0.03746758884756485,0.05072865329396414,65,80000000
straight_aisle,25,3.0,10.0,2.999999999963795,10.000000000106581,2.9625324111162303,10.050728653400546,True,True,-0.03746758884756485,0.05072865329396414,65,145000000
straight_aisle,25,3.0,10.0,2.999999999963795,10.000000000106581,2.9625324111162303,10.050728653400546,True,True,-0.03746758884756485,0.05072865329396414,65,210000000
straight_aisle,25,3.0,10.0,2.999999999963795,10.000000000106581,2.9625324111162303,10.050728653400546,True,True,-0.03746758884756485,0.05072865329396414,65,275000000
straight_aisle,25,3.0,10.0,2.999999999963795,10.000000000106581,2.9625324111162303,10.050728653400546,True,True,-0.03746758884756485,0.05072865329396414,65,345000000
straight_aisle,25,3.0,10.0,2.999999999963795,10.000000000106581,2.9625324111162303,10.050728653400546,True,True,-0.03746758884756485,0.05072865329396414,65,410000000
straight_aisle,25,3.0,10.0,2.999999999963795,10.000000000106581,2.9625324111162303,10.050728653400546,True,True,-0.03746758884756485,0.05072865329396414,65,475000000
straight_aisle,25,3.0,10.0,2.999999999963795,10.000000000106581,2.9625324111162303,10.050728653400546,True,True,-0.03746758884756485,0.05072865329396414,65,540000000
straight_aisle,25,3.0,10.0,2.999999999963795,10.000000000106581,2.9625324111162303,10.050728653400546,True,True,-0.03746758884756485,0.05072865329396414,65,675000000
straight_aisle,25,3.0,10.0,2.999999999963795,10.000000000106581,2.9625324111162303,10.050728653400546,True,True,-0.03746758884756485,0.05072865329396414,65,740000000
straight_aisle,25,3.0,10.0,2.999999999963795,10.000000000106581,2.9625324111162303,10.050728653400546,True,True,-0.03746758884756485,0.05072865329396414,65,805000000
straight_aisle,25,3.0,10.0,2.999999999963795,10.000000000106581,2.9625324111162303,10.050728653400546,True,True,-0.03746758884756485,0.05072865329396414,65,870000000
straight_aisle,25,3.0,10.0,2.999999999963795,10.000000000106581,2.9625324111162303,10.050728653400546,True,True,-0.03746758884756485,0.05072865329396414,65,935000000
straight_aisle,25,3.0,10.0,2.999999999963795,10.000000000106581,2.9625324111162303,10.050728653400546,True,True,-0.03746758884756485,0.05072865329396414,66,5000000
straight_aisle,25,3.0,10.0,2.999999999963795,10.000000000106581,2.9625324111162303,10.050728653400546,True,True,-0.03746758884756485,0.05072865329396414,66,70000000
straight_aisle,25,3.0,10.0,2.999999999963795,10.000000000106581,2.9625324111162303,10.050728653400546,True,True,-0.03746758884756485,0.05072865329396414,66,135000000
straight_aisle,26,3.0,20.0,2.999999999671713,20.000000002749363,2.9588364034850887,20.07335533666771,True,True,-0.04116359618662413,0.07335533391834659,66,530000000
straight_aisle,26,3.0,20.0,2.999999999671713,20.000000002749363,2.9588364034850887,20.07335533666771,True,True,-0.04116359618662413,0.07335533391834659,66,595000000
straight_aisle,26,3.0,20.0,2.999999999671713,20.000000002749363,2.9588364034850887,20.07335533666771,True,True,-0.04116359618662413,0.07335533391834659,66,665000000
straight_aisle,26,3.0,20.0,2.999999999671713,20.000000002749363,2.9588364034850887,20.07335533666771,True,True,-0.04116359618662413,0.07335533391834659,66,795000000
straight_aisle,26,3.0,20.0,2.999999999671713,20.000000002749363,2.9588364034850887,20.07335533666771,True,True,-0.04116359618662413,0.07335533391834659,66,860000000
straight_aisle,26,3.0,20.0,2.999999999671713,20.000000002749363,2.9588364034850887,20.07335533666771,True,True,-0.04116359618662413,0.07335533391834659,66,925000000
straight_aisle,26,3.0,20.0,2.999999999671713,20.000000002749363,2.9588364034850887,20.07335533666771,True,True,-0.04116359618662413,0.07335533391834659,66,995000000
straight_aisle,26,3.0,20.0,2.999999999671713,20.000000002749363,2.9588364034850887,20.07335533666771,True,True,-0.04116359618662413,0.07335533391834659,67,60000000
straight_aisle,26,3.0,20.0,2.999999999671713,20.000000002749363,2.9588364034850887,20.07335533666771,True,True,-0.04116359618662413,0.07335533391834659,67,125000000
straight_aisle,26,3.0,20.0,2.999999999671713,20.000000002749363,2.9588364034850887,20.07335533666771,True,True,-0.04116359618662413,0.07335533391834659,67,190000000
straight_aisle,26,3.0,20.0,2.999999999671713,20.000000002749363,2.9588364034850887,20.07335533666771,True,True,-0.04116359618662413,0.07335533391834659,67,255000000
straight_aisle,26,3.0,20.0,2.999999999671713,20.000000002749363,2.9588364034850887,20.07335533666771,True,True,-0.04116359618662413,0.07335533391834659,67,325000000
straight_aisle,26,3.0,20.0,2.999999999671713,20.000000002749363,2.9588364034850887,20.07335533666771,True,True,-0.04116359618662413,0.07335533391834659,67,390000000
straight_aisle,26,3.0,20.0,2.999999999671713,20.000000002749363,2.9588364034850887,20.07335533666771,True,True,-0.04116359618662413,0.07335533391834659,67,455000000
straight_aisle,26,3.0,20.0,2.999999999671713,20.000000002749363,2.9588364034850887,20.07335533666771,True,True,-0.04116359618662413,0.07335533391834659,67,520000000
straight_aisle,26,3.0,20.0,2.999999999671713,20.000000002749363,2.9588364034850887,20.07335533666771,True,True,-0.04116359618662413,0.07335533391834659,67,585000000
straight_aisle,26,3.0,20.0,2.999999999671713,20.000000002749363,2.9588364034850887,20.07335533666771,True,True,-0.04116359618662413,0.07335533391834659,67,655000000
straight_aisle,26,3.0,20.0,2.999999999671713,20.000000002749363,2.9588364034850887,20.07335533666771,True,True,-0.04116359618662413,0.07335533391834659,67,720000000
straight_aisle,26,3.0,20.0,2.999999999671713,20.000000002749363,2.9588364034850887,20.07335533666771,True,True,-0.04116359618662413,0.07335533391834659,67,785000000
straight_aisle,26,3.0,20.0,2.999999999671713,20.000000002749363,2.9588364034850887,20.07335533666771,True,True,-0.04116359618662413,0.07335533391834659,67,850000000
straight_aisle,26,3.0,20.0,2.999999999671713,20.000000002749363,2.9588364034850887,20.07335533666771,True,True,-0.04116359618662413,0.07335533391834659,67,985000000
straight_aisle,26,3.0,20.0,2.999999999671713,20.000000002749363,2.9588364034850887,20.07335533666771,True,True,-0.04116359618662413,0.07335533391834659,68,50000000
straight_aisle,26,3.0,20.0,2.999999999671713,20.000000002749363,2.9588364034850887,20.07335533666771,True,True,-0.04116359618662413,0.07335533391834659,68,115000000
straight_aisle,26,3.0,20.0,2.999999999671713,20.000000002749363,2.9588364034850887,20.07335533666771,True,True,-0.04116359618662413,0.07335533391834659,68,180000000
straight_aisle,26,3.0,20.0,2.999999999671713,20.000000002749363,2.9588364034850887,20.07335533666771,True,True,-0.04116359618662413,0.07335533391834659,68,245000000
straight_aisle,26,3.0,20.0,2.999999999671713,20.000000002749363,2.9588364034850887,20.07335533666771,True,True,-0.04116359618662413,0.07335533391834659,68,315000000
straight_aisle,26,3.0,20.0,2.999999999671713,20.000000002749363,2.9588364034850887,20.07335533666771,True,True,-0.04116359618662413,0.07335533391834659,68,380000000
straight_aisle,26,3.0,20.0,2.999999999671713,20.000000002749363,2.9588364034850887,20.07335533666771,True,True,-0.04116359618662413,0.07335533391834659,68,445000000
straight_aisle,26,3.0,20.0,2.999999999671713,20.000000002749363,2.9588364034850887,20.07335533666771,True,True,-0.04116359618662413,0.07335533391834659,68,510000000
straight_aisle,26,3.0,20.0,2.999999999671713,20.000000002749363,2.9588364034850887,20.07335533666771,True,True,-0.04116359618662413,0.07335533391834659,68,575000000
straight_aisle,27,3.0,30.0,2.99999999969402,30.000000003373916,2.956182233909743,29.588974032118863,True,False,-0.04381776578427665,-0.4110259712550537,68,975000000
straight_aisle,27,3.0,30.0,2.99999999969402,30.000000003373916,2.956182233909743,29.588974032118863,True,False,-0.04381776578427665,-0.4110259712550537,69,40000000
straight_aisle,27,3.0,30.0,2.99999999969402,30.000000003373916,2.956182233909743,29.588974032118863,True,False,-0.04381776578427665,-0.4110259712550537,69,105000000
straight_aisle,27,3.0,30.0,2.99999999969402,30.000000003373916,2.956182233909743,29.588974032118863,True,False,-0.04381776578427665,-0.4110259712550537,69,170000000
straight_aisle,27,3.0,30.0,2.99999999969402,30.000000003373916,2.956182233909743,29.588974032118863,True,False,-0.04381776578427665,-0.4110259712550537,69,235000000
straight_aisle,27,3.0,30.0,2.99999999969402,30.000000003373916,2.956182233909743,29.588974032118863,True,False,-0.04381776578427665,-0.4110259712550537,69,305000000
straight_aisle,27,3.0,30.0,2.99999999969402,30.000000003373916,2.956182233909743,29.588974032118863,True,False,-0.04381776578427665,-0.4110259712550537,69,370000000
straight_aisle,27,3.0,30.0,2.99999999969402,30.000000003373916,2.956182233909743,29.588974032118863,True,False,-0.04381776578427665,-0.4110259712550537,69,435000000
straight_aisle,27,3.0,30.0,2.99999999969402,30.000000003373916,2.956182233909743,29.588974032118863,True,False,-0.04381776578427665,-0.4110259712550537,69,635000000
straight_aisle,27,3.0,30.0,2.99999999969402,30.000000003373916,2.956182233909743,29.588974032118863,True,False,-0.04381776578427665,-0.4110259712550537,69,700000000
straight_aisle,27,3.0,30.0,2.99999999969402,30.000000003373916,2.956182233909743,29.588974032118863,True,False,-0.04381776578427665,-0.4110259712550537,69,765000000
straight_aisle,27,3.0,30.0,2.99999999969402,30.000000003373916,2.956182233909743,29.588974032118863,True,False,-0.04381776578427665,-0.4110259712550537,69,830000000
straight_aisle,27,3.0,30.0,2.99999999969402,30.000000003373916,2.956182233909743,29.588974032118863,True,False,-0.04381776578427665,-0.4110259712550537,69,895000000
straight_aisle,27,3.0,30.0,2.99999999969402,30.000000003373916,2.956182233909743,29.588974032118863,True,False,-0.04381776578427665,-0.4110259712550537,69,965000000
straight_aisle,27,3.0,30.0,2.99999999969402,30.000000003373916,2.956182233909743,29.588974032118863,True,False,-0.04381776578427665,-0.4110259712550537,70,30000000
straight_aisle,27,3.0,30.0,2.99999999969402,30.000000003373916,2.956182233909743,29.588974032118863,True,False,-0.04381776578427665,-0.4110259712550537,70,160000000
straight_aisle,27,3.0,30.0,2.99999999969402,30.000000003373916,2.956182233909743,29.588974032118863,True,False,-0.04381776578427665,-0.4110259712550537,70,225000000
straight_aisle,27,3.0,30.0,2.99999999969402,30.000000003373916,2.956182233909743,29.588974032118863,True,False,-0.04381776578427665,-0.4110259712550537,70,295000000
straight_aisle,27,3.0,30.0,2.99999999969402,30.000000003373916,2.956182233909743,29.588974032118863,True,False,-0.04381776578427665,-0.4110259712550537,70,360000000
straight_aisle,27,3.0,30.0,2.99999999969402,30.000000003373916,2.956182233909743,29.588974032118863,True,False,-0.04381776578427665,-0.4110259712550537,70,425000000
straight_aisle,27,3.0,30.0,2.99999999969402,30.000000003373916,2.956182233909743,29.588974032118863,True,False,-0.04381776578427665,-0.4110259712550537,70,490000000
straight_aisle,27,3.0,30.0,2.99999999969402,30.000000003373916,2.956182233909743,29.588974032118863,True,False,-0.04381776578427665,-0.4110259712550537,70,555000000
straight_aisle,27,3.0,30.0,2.99999999969402,30.000000003373916,2.956182233909743,29.588974032118863,True,False,-0.04381776578427665,-0.4110259712550537,70,625000000
straight_aisle,27,3.0,30.0,2.99999999969402,30.000000003373916,2.956182233909743,29.588974032118863,True,False,-0.04381776578427665,-0.4110259712550537,70,690000000
straight_aisle,27,3.0,30.0,2.99999999969402,30.000000003373916,2.956182233909743,29.588974032118863,True,False,-0.04381776578427665,-0.4110259712550537,70,755000000
straight_aisle,27,3.0,30.0,2.99999999969402,30.000000003373916,2.956182233909743,29.588974032118863,True,False,-0.04381776578427665,-0.4110259712550537,70,820000000
straight_aisle,27,3.0,30.0,2.99999999969402,30.000000003373916,2.956182233909743,29.588974032118863,True,False,-0.04381776578427665,-0.4110259712550537,70,885000000
straight_aisle,27,3.0,30.0,2.99999999969402,30.000000003373916,2.956182233909743,29.588974032118863,True,False,-0.04381776578427665,-0.4110259712550537,70,955000000
straight_aisle,27,3.0,30.0,2.99999999969402,30.000000003373916,2.956182233909743,29.588974032118863,True,False,-0.04381776578427665,-0.4110259712550537,71,20000000
straight_aisle,27,3.0,30.0,2.99999999969402,30.000000003373916,2.956182233909743,29.588974032118863,True,False,-0.04381776578427665,-0.4110259712550537,71,85000000
straight_aisle,28,4.0,-30.0,3.9999999998807008,-30.0000000009866,3.84291967028333,-27.80464510405107,True,False,-0.15708032959737084,2.1953548969355303,71,480000000
straight_aisle,28,4.0,-30.0,3.9999999998807008,-30.0000000009866,3.84291967028333,-27.80464510405107,True,False,-0.15708032959737084,2.1953548969355303,71,545000000
straight_aisle,28,4.0,-30.0,3.9999999998807008,-30.0000000009866,3.84291967028333,-27.80464510405107,True,False,-0.15708032959737084,2.1953548969355303,71,615000000
straight_aisle,28,4.0,-30.0,3.9999999998807008,-30.0000000009866,3.84291967028333,-27.80464510405107,True,False,-0.15708032959737084,2.1953548969355303,71,680000000
straight_aisle,28,4.0,-30.0,3.9999999998807008,-30.0000000009866,3.84291967028333,-27.80464510405107,True,False,-0.15708032959737084,2.1953548969355303,71,745000000
straight_aisle,28,4.0,-30.0,3.9999999998807008,-30.0000000009866,3.84291967028333,-27.80464510405107,True,False,-0.15708032959737084,2.1953548969355303,71,810000000
straight_aisle,28,4.0,-30.0,3.9999999998807008,-30.0000000009866,3.84291967028333,-27.80464510405107,True,False,-0.15708032959737084,2.1953548969355303,71,875000000
straight_aisle,28,4.0,-30.0,3.9999999998807008,-30.0000000009866,3.84291967028333,-27.80464510405107,True,False,-0.15708032959737084,2.1953548969355303,71,945000000
straight_aisle,28,4.0,-30.0,3.9999999998807008,-30.0000000009866,3.84291967028333,-27.80464510405107,True,False,-0.15708032959737084,2.1953548969355303,72,10000000
straight_aisle,28,4.0,-30.0,3.9999999998807008,-30.0000000009866,3.84291967028333,-27.80464510405107,True,False,-0.15708032959737084,2.1953548969355303,72,75000000
straight_aisle,28,4.0,-30.0,3.9999999998807008,-30.0000000009866,3.84291967028333,-27.80464510405107,True,False,-0.15708032959737084,2.1953548969355303,72,205000000
straight_aisle,28,4.0,-30.0,3.9999999998807008,-30.0000000009866,3.84291967028333,-27.80464510405107,True,False,-0.15708032959737084,2.1953548969355303,72,275000000
straight_aisle,28,4.0,-30.0,3.9999999998807008,-30.0000000009866,3.84291967028333,-27.80464510405107,True,False,-0.15708032959737084,2.1953548969355303,72,340000000
straight_aisle,28,4.0,-30.0,3.9999999998807008,-30.0000000009866,3.84291967028333,-27.80464510405107,True,False,-0.15708032959737084,2.1953548969355303,72,405000000
straight_aisle,28,4.0,-30.0,3.9999999998807008,-30.0000000009866,3.84291967028333,-27.80464510405107,True,False,-0.15708032959737084,2.1953548969355303,72,470000000
straight_aisle,28,4.0,-30.0,3.9999999998807008,-30.0000000009866,3.84291967028333,-27.80464510405107,True,False,-0.15708032959737084,2.1953548969355303,72,535000000
straight_aisle,28,4.0,-30.0,3.9999999998807008,-30.0000000009866,3.84291967028333,-27.80464510405107,True,False,-0.15708032959737084,2.1953548969355303,72,605000000
straight_aisle,28,4.0,-30.0,3.9999999998807008,-30.0000000009866,3.84291967028333,-27.80464510405107,True,False,-0.15708032959737084,2.1953548969355303,72,670000000
straight_aisle,28,4.0,-30.0,3.9999999998807008,-30.0000000009866,3.84291967028333,-27.80464510405107,True,False,-0.15708032959737084,2.1953548969355303,72,735000000
straight_aisle,28,4.0,-30.0,3.9999999998807008,-30.0000000009866,3.84291967028333,-27.80464510405107,True,False,-0.15708032959737084,2.1953548969355303,72,800000000
straight_aisle,28,4.0,-30.0,3.9999999998807008,-30.0000000009866,3.84291967028333,-27.80464510405107,True,False,-0.15708032959737084,2.1953548969355303,72,865000000
straight_aisle,28,4.0,-30.0,3.9999999998807008,-30.0000000009866,3.84291967028333,-27.80464510405107,True,False,-0.15708032959737084,2.1953548969355303,72,935000000
straight_aisle,28,4.0,-30.0,3.9999999998807008,-30.0000000009866,3.84291967028333,-27.80464510405107,True,False,-0.15708032959737084,2.1953548969355303,73,0
straight_aisle,28,4.0,-30.0,3.9999999998807008,-30.0000000009866,3.84291967028333,-27.80464510405107,True,False,-0.15708032959737084,2.1953548969355303,73,65000000
straight_aisle,28,4.0,-30.0,3.9999999998807008,-30.0000000009866,3.84291967028333,-27.80464510405107,True,False,-0.15708032959737084,2.1953548969355303,73,130000000
straight_aisle,28,4.0,-30.0,3.9999999998807008,-30.0000000009866,3.84291967028333,-27.80464510405107,True,False,-0.15708032959737084,2.1953548969355303,73,265000000
straight_aisle,28,4.0,-30.0,3.9999999998807008,-30.0000000009866,3.84291967028333,-27.80464510405107,True,False,-0.15708032959737084,2.1953548969355303,73,330000000
straight_aisle,28,4.0,-30.0,3.9999999998807008,-30.0000000009866,3.84291967028333,-27.80464510405107,True,False,-0.15708032959737084,2.1953548969355303,73,395000000
straight_aisle,28,4.0,-30.0,3.9999999998807008,-30.0000000009866,3.84291967028333,-27.80464510405107,True,False,-0.15708032959737084,2.1953548969355303,73,460000000
straight_aisle,28,4.0,-30.0,3.9999999998807008,-30.0000000009866,3.84291967028333,-27.80464510405107,True,False,-0.15708032959737084,2.1953548969355303,73,525000000
straight_aisle,29,4.0,-20.0,3.9999999997615077,-19.999999996629636,3.84291967028333,-27.80464510405107,True,True,-0.15708032947817774,-7.8046451074214325,73,990000000
straight_aisle,29,4.0,-20.0,3.9999999997615077,-19.999999996629636,3.9437255985470165,-20.01803452002067,True,True,-0.05627440121449112,-0.01803452339103373,74,55000000
straight_aisle,29,4.0,-20.0,3.9999999997615077,-19.999999996629636,3.9437255985470165,-20.01803452002067,True,True,-0.05627440121449112,-0.01803452339103373,74,120000000
straight_aisle,29,4.0,-20.0,3.9999999997615077,-19.999999996629636,3.9437255985470165,-20.01803452002067,True,True,-0.05627440121449112,-0.01803452339103373,74,255000000
straight_aisle,29,4.0,-20.0,3.9999999997615077,-19.999999996629636,3.9437255985470165,-20.01803452002067,True,True,-0.05627440121449112,-0.01803452339103373,74,320000000
straight_aisle,29,4.0,-20.0,3.9999999997615077,-19.999999996629636,3.9437255985470165,-20.01803452002067,True,True,-0.05627440121449112,-0.01803452339103373,74,385000000
straight_aisle,29,4.0,-20.0,3.9999999997615077,-19.999999996629636,3.9437255985470165,-20.01803452002067,True,True,-0.05627440121449112,-0.01803452339103373,74,450000000
straight_aisle,29,4.0,-20.0,3.9999999997615077,-19.999999996629636,3.9437255985470165,-20.01803452002067,True,True,-0.05627440121449112,-0.01803452339103373,74,515000000
straight_aisle,29,4.0,-20.0,3.9999999997615077,-19.999999996629636,3.9437255985470165,-20.01803452002067,True,True,-0.05627440121449112,-0.01803452339103373,74,585000000
straight_aisle,29,4.0,-20.0,3.9999999997615077,-19.999999996629636,3.9437255985470165,-20.01803452002067,True,True,-0.05627440121449112,-0.01803452339103373,74,650000000
straight_aisle,29,4.0,-20.0,3.9999999997615077,-19.999999996629636,3.9437255985470165,-20.01803452002067,True,True,-0.05627440121449112,-0.01803452339103373,74,715000000
straight_aisle,29,4.0,-20.0,3.9999999997615077,-19.999999996629636,3.9437255985470165,-20.01803452002067,True,True,-0.05627440121449112,-0.01803452339103373,74,845000000
straight_aisle,29,4.0,-20.0,3.9999999997615077,-19.999999996629636,3.9437255985470165,-20.01803452002067,True,True,-0.05627440121449112,-0.01803452339103373,74,915000000
straight_aisle,29,4.0,-20.0,3.9999999997615077,-19.999999996629636,3.9437255985470165,-20.01803452002067,True,True,-0.05627440121449112,-0.01803452339103373,75,45000000
straight_aisle,29,4.0,-20.0,3.9999999997615077,-19.999999996629636,3.9437255985470165,-20.01803452002067,True,True,-0.05627440121449112,-0.01803452339103373,75,110000000
straight_aisle,29,4.0,-20.0,3.9999999997615077,-19.999999996629636,3.9437255985470165,-20.01803452002067,True,True,-0.05627440121449112,-0.01803452339103373,75,175000000
straight_aisle,29,4.0,-20.0,3.9999999997615077,-19.999999996629636,3.9437255985470165,-20.01803452002067,True,True,-0.05627440121449112,-0.01803452339103373,75,245000000
straight_aisle,29,4.0,-20.0,3.9999999997615077,-19.999999996629636,3.9437255985470165,-20.01803452002067,True,True,-0.05627440121449112,-0.01803452339103373,75,310000000
straight_aisle,29,4.0,-20.0,3.9999999997615077,-19.999999996629636,3.9437255985470165,-20.01803452002067,True,True,-0.05627440121449112,-0.01803452339103373,75,375000000
straight_aisle,29,4.0,-20.0,3.9999999997615077,-19.999999996629636,3.9437255985470165,-20.01803452002067,True,True,-0.05627440121449112,-0.01803452339103373,75,440000000
straight_aisle,29,4.0,-20.0,3.9999999997615077,-19.999999996629636,3.9437255985470165,-20.01803452002067,True,True,-0.05627440121449112,-0.01803452339103373,75,505000000
straight_aisle,29,4.0,-20.0,3.9999999997615077,-19.999999996629636,3.9437255985470165,-20.01803452002067,True,True,-0.05627440121449112,-0.01803452339103373,75,575000000
straight_aisle,29,4.0,-20.0,3.9999999997615077,-19.999999996629636,3.9437255985470165,-20.01803452002067,True,True,-0.05627440121449112,-0.01803452339103373,75,705000000
straight_aisle,29,4.0,-20.0,3.9999999997615077,-19.999999996629636,3.9437255985470165,-20.01803452002067,True,True,-0.05627440121449112,-0.01803452339103373,75,770000000
straight_aisle,29,4.0,-20.0,3.9999999997615077,-19.999999996629636,3.9437255985470165,-20.01803452002067,True,True,-0.05627440121449112,-0.01803452339103373,75,835000000
straight_aisle,29,4.0,-20.0,3.9999999997615077,-19.999999996629636,3.9437255985470165,-20.01803452002067,True,True,-0.05627440121449112,-0.01803452339103373,75,905000000
straight_aisle,29,4.0,-20.0,3.9999999997615077,-19.999999996629636,3.9437255985470165,-20.01803452002067,True,True,-0.05627440121449112,-0.01803452339103373,75,970000000
straight_aisle,29,4.0,-20.0,3.9999999997615077,-19.999999996629636,3.9437255985470165,-20.01803452002067,True,True,-0.05627440121449112,-0.01803452339103373,76,35000000
straight_aisle,29,4.0,-20.0,3.9999999997615077,-19.999999996629636,3.9437255985470165,-20.01803452002067,True,True,-0.05627440121449112,-0.01803452339103373,76,100000000
straight_aisle,29,4.0,-20.0,3.9999999997615077,-19.999999996629636,3.9437255985470165,-20.01803452002067,True,True,-0.05627440121449112,-0.01803452339103373,76,165000000
straight_aisle,30,4.0,-10.0,3.9999999999575144,-10.000000000576796,3.9790079899795496,-10.111493807009934,True,True,-0.0209920099779648,-0.11149380643313833,76,565000000
straight_aisle,30,4.0,-10.0,3.9999999999575144,-10.000000000576796,3.9790079899795496,-10.111493807009934,True,True,-0.0209920099779648,-0.11149380643313833,76,630000000
straight_aisle,30,4.0,-10.0,3.9999999999575144,-10.000000000576796,3.9790079899795496,-10.111493807009934,True,True,-0.0209920099779648,-0.11149380643313833,76,695000000
straight_aisle,30,4.0,-10.0,3.9999999999575144,-10.000000000576796,3.9790079899795496,-10.111493807009934,True,True,-0.0209920099779648,-0.11149380643313833,76,760000000
straight_aisle,30,4.0,-10.0,3.9999999999575144,-10.000000000576796,3.9790079899795496,-10.111493807009934,True,True,-0.0209920099779648,-0.11149380643313833,76,825000000
straight_aisle,30,4.0,-10.0,3.9999999999575144,-10.000000000576796,3.9790079899795496,-10.111493807009934,True,True,-0.0209920099779648,-0.11149380643313833,76,895000000
straight_aisle,30,4.0,-10.0,3.9999999999575144,-10.000000000576796,3.9790079899795496,-10.111493807009934,True,True,-0.0209920099779648,-0.11149380643313833,76,960000000
straight_aisle,30,4.0,-10.0,3.9999999999575144,-10.000000000576796,3.9790079899795496,-10.111493807009934,True,True,-0.0209920099779648,-0.11149380643313833,77,25000000
straight_aisle,30,4.0,-10.0,3.9999999999575144,-10.000000000576796,3.9790079899795496,-10.111493807009934,True,True,-0.0209920099779648,-0.11149380643313833,77,155000000
straight_aisle,30,4.0,-10.0,3.9999999999575144,-10.000000000576796,3.9790079899795496,-10.111493807009934,True,True,-0.0209920099779648,-0.11149380643313833,77,225000000
straight_aisle,30,4.0,-10.0,3.9999999999575144,-10.000000000576796,3.9790079899795496,-10.111493807009934,True,True,-0.0209920099779648,-0.11149380643313833,77,290000000
straight_aisle,30,4.0,-10.0,3.9999999999575144,-10.000000000576796,3.9790079899795496,-10.111493807009934,True,True,-0.0209920099779648,-0.11149380643313833,77,355000000
straight_aisle,30,4.0,-10.0,3.9999999999575144,-10.000000000576796,3.9790079899795496,-10.111493807009934,True,True,-0.0209920099779648,-0.11149380643313833,77,420000000
straight_aisle,30,4.0,-10.0,3.9999999999575144,-10.000000000576796,3.9790079899795496,-10.111493807009934,True,True,-0.0209920099779648,-0.11149380643313833,77,485000000
straight_aisle,30,4.0,-10.0,3.9999999999575144,-10.000000000576796,3.9790079899795496,-10.111493807009934,True,True,-0.0209920099779648,-0.11149380643313833,77,555000000
straight_aisle,30,4.0,-10.0,3.9999999999575144,-10.000000000576796,3.9790079899795496,-10.111493807009934,True,True,-0.0209920099779648,-0.11149380643313833,77,620000000
straight_aisle,30,4.0,-10.0,3.9999999999575144,-10.000000000576796,3.9790079899795496,-10.111493807009934,True,True,-0.0209920099779648,-0.11149380643313833,77,685000000
straight_aisle,30,4.0,-10.0,3.9999999999575144,-10.000000000576796,3.9790079899795496,-10.111493807009934,True,True,-0.0209920099779648,-0.11149380643313833,77,750000000
straight_aisle,30,4.0,-10.0,3.9999999999575144,-10.000000000576796,3.9790079899795496,-10.111493807009934,True,True,-0.0209920099779648,-0.11149380643313833,77,815000000
straight_aisle,30,4.0,-10.0,3.9999999999575144,-10.000000000576796,3.9790079899795496,-10.111493807009934,True,True,-0.0209920099779648,-0.11149380643313833,77,885000000
straight_aisle,30,4.0,-10.0,3.9999999999575144,-10.000000000576796,3.9790079899795496,-10.111493807009934,True,True,-0.0209920099779648,-0.11149380643313833,77,950000000
straight_aisle,30,4.0,-10.0,3.9999999999575144,-10.000000000576796,3.9790079899795496,-10.111493807009934,True,True,-0.0209920099779648,-0.11149380643313833,78,15000000
straight_aisle,30,4.0,-10.0,3.9999999999575144,-10.000000000576796,3.9790079899795496,-10.111493807009934,True,True,-0.0209920099779648,-0.11149380643313833,78,80000000
straight_aisle,30,4.0,-10.0,3.9999999999575144,-10.000000000576796,3.9790079899795496,-10.111493807009934,True,True,-0.0209920099779648,-0.11149380643313833,78,145000000
straight_aisle,30,4.0,-10.0,3.9999999999575144,-10.000000000576796,3.9790079899795496,-10.111493807009934,True,True,-0.0209920099779648,-0.11149380643313833,78,215000000
straight_aisle,30,4.0,-10.0,3.9999999999575144,-10.000000000576796,3.9790079899795496,-10.111493807009934,True,True,-0.0209920099779648,-0.11149380643313833,78,280000000
straight_aisle,30,4.0,-10.0,3.9999999999575144,-10.000000000576796,3.9790079899795496,-10.111493807009934,True,True,-0.0209920099779648,-0.11149380643313833,78,345000000
straight_aisle,30,4.0,-10.0,3.9999999999575144,-10.000000000576796,3.9790079899795496,-10.111493807009934,True,True,-0.0209920099779648,-0.11149380643313833,78,410000000
straight_aisle,30,4.0,-10.0,3.9999999999575144,-10.000000000576796,3.9790079899795496,-10.111493807009934,True,True,-0.0209920099779648,-0.11149380643313833,78,475000000
straight_aisle,30,4.0,-10.0,3.9999999999575144,-10.000000000576796,3.9790079899795496,-10.111493807009934,True,True,-0.0209920099779648,-0.11149380643313833,78,545000000
straight_aisle,31,4.0,0.0,4.0,0.0,3.9932682130096264,0.0,True,True,-0.006731786990373578,0.0,78,940000000
straight_aisle,31,4.0,0.0,4.0,0.0,3.9932682130096264,0.0,True,True,-0.006731786990373578,0.0,79,70000000
straight_aisle,31,4.0,0.0,4.0,0.0,3.9932682130096264,0.0,True,True,-0.006731786990373578,0.0,79,135000000
straight_aisle,31,4.0,0.0,4.0,0.0,3.9932682130096264,0.0,True,True,-0.006731786990373578,0.0,79,205000000
straight_aisle,31,4.0,0.0,4.0,0.0,3.9932682130096264,0.0,True,True,-0.006731786990373578,0.0,79,270000000
straight_aisle,31,4.0,0.0,4.0,0.0,3.9932682130096264,0.0,True,True,-0.006731786990373578,0.0,79,400000000
straight_aisle,31,4.0,0.0,4.0,0.0,3.9932682130096264,0.0,True,True,-0.006731786990373578,0.0,79,465000000
straight_aisle,31,4.0,0.0,4.0,0.0,3.9932682130096264,0.0,True,True,-0.006731786990373578,0.0,79,535000000
straight_aisle,31,4.0,0.0,4.0,0.0,3.9932682130096264,0.0,True,True,-0.006731786990373578,0.0,79,600000000
straight_aisle,31,4.0,0.0,4.0,0.0,3.9932682130096264,0.0,True,True,-0.006731786990373578,0.0,79,665000000
straight_aisle,31,4.0,0.0,4.0,0.0,3.9932682130096264,0.0,True,True,-0.006731786990373578,0.0,79,730000000
straight_aisle,31,4.0,0.0,4.0,0.0,3.9932682130096264,0.0,True,True,-0.006731786990373578,0.0,79,795000000
straight_aisle,31,4.0,0.0,4.0,0.0,3.9932682130096264,0.0,True,True,-0.006731786990373578,0.0,79,865000000
straight_aisle,31,4.0,0.0,4.0,0.0,3.9932682130096264,0.0,True,True,-0.006731786990373578,0.0,79,930000000
straight_aisle,31,4.0,0.0,4.0,0.0,3.9932682130096264,0.0,True,True,-0.006731786990373578,0.0,79,995000000
straight_aisle,31,4.0,0.0,4.0,0.0,3.9932682130096264,0.0,True,True,-0.006731786990373578,0.0,80,60000000
straight_aisle,31,4.0,0.0,4.0,0.0,3.9932682130096264,0.0,True,True,-0.006731786990373578,0.0,80,125000000
straight_aisle,31,4.0,0.0,4.0,0.0,3.9932682130096264,0.0,True,True,-0.006731786990373578,0.0,80,195000000
straight_aisle,31,4.0,0.0,4.0,0.0,3.9932682130096264,0.0,True,True,-0.006731786990373578,0.0,80,260000000
straight_aisle,31,4.0,0.0,4.0,0.0,3.9932682130096264,0.0,True,True,-0.006731786990373578,0.0,80,325000000
straight_aisle,31,4.0,0.0,4.0,0.0,3.9932682130096264,0.0,True,True,-0.006731786990373578,0.0,80,390000000
straight_aisle,31,4.0,0.0,4.0,0.0,3.9932682130096264,0.0,True,True,-0.006731786990373578,0.0,80,455000000
straight_aisle,31,4.0,0.0,4.0,0.0,3.9932682130096264,0.0,True,True,-0.006731786990373578,0.0,80,525000000
straight_aisle,31,4.0,0.0,4.0,0.0,3.9932682130096264,0.0,True,True,-0.006731786990373578,0.0,80,590000000
straight_aisle,31,4.0,0.0,4.0,0.0,3.9932682130096264,0.0,True,True,-0.006731786990373578,0.0,80,655000000
straight_aisle,31,4.0,0.0,4.0,0.0,3.9932682130096264,0.0,True,True,-0.006731786990373578,0.0,80,720000000
straight_aisle,31,4.0,0.0,4.0,0.0,3.9932682130096264,0.0,True,True,-0.006731786990373578,0.0,80,785000000
straight_aisle,31,4.0,0.0,4.0,0.0,3.9932682130096264,0.0,True,True,-0.006731786990373578,0.0,80,855000000
straight_aisle,31,4.0,0.0,4.0,0.0,3.9932682130096264,0.0,True,True,-0.006731786990373578,0.0,80,920000000
straight_aisle,31,4.0,0.0,4.0,0.0,3.9932682130096264,0.0,True,True,-0.006731786990373578,0.0,80,985000000
straight_aisle,32,4.0,10.0,3.9999999999575144,10.000000000576796,3.9782578092132233,10.050728653400546,True,True,-0.02174219074429118,0.05072865282375005,81,380000000
straight_aisle,32,4.0,10.0,3.9999999999575144,10.000000000576796,3.9782578092132233,10.050728653400546,True,True,-0.02174219074429118,0.05072865282375005,81,445000000
straight_aisle,32,4.0,10.0,3.9999999999575144,10.000000000576796,3.9782578092132233,10.050728653400546,True,True,-0.02174219074429118,0.05072865282375005,81,515000000
straight_aisle,32,4.0,10.0,3.9999999999575144,10.000000000576796,3.9782578092132233,10.050728653400546,True,True,-0.02174219074429118,0.05072865282375005,81,580000000
straight_aisle,32,4.0,10.0,3.9999999999575144,10.000000000576796,3.9782578092132233,10.050728653400546,True,True,-0.02174219074429118,0.05072865282375005,81,645000000
straight_aisle,32,4.0,10.0,3.9999999999575144,10.000000000576796,3.9782578092132233,10.050728653400546,True,True,-0.02174219074429118,0.05072865282375005,81,710000000
straight_aisle,32,4.0,10.0,3.9999999999575144,10.000000000576796,3.9782578092132233,10.050728653400546,True,True,-0.02174219074429118,0.05072865282375005,81,775000000
straight_aisle,32,4.0,10.0,3.9999999999575144,10.000000000576796,3.9782578092132233,10.050728653400546,True,True,-0.02174219074429118,0.05072865282375005,81,845000000
straight_aisle,32,4.0,10.0,3.9999999999575144,10.000000000576796,3.9782578092132233,10.050728653400546,True,True,-0.02174219074429118,0.05072865282375005,81,910000000
straight_aisle,32,4.0,10.0,3.9999999999575144,10.000000000576796,3.9782578092132233,10.050728653400546,True,True,-0.02174219074429118,0.05072865282375005,81,975000000
straight_aisle,32,4.0,10.0,3.9999999999575144,10.000000000576796,3.9782578092132233,10.050728653400546,True,True,-0.02174219074429118,0.05072865282375005,82,40000000
straight_aisle,32,4.0,10.0,3.9999999999575144,10.000000000576796,3.9782578092132233,10.050728653400546,True,True,-0.02174219074429118,0.05072865282375005,82,105000000
straight_aisle,32,4.0,10.0,3.9999999999575144,10.000000000576796,3.9782578092132233,10.050728653400546,True,True,-0.02174219074429118,0.05072865282375005,82,175000000
straight_aisle,32,4.0,10.0,3.9999999999575144,10.000000000576796,3.9782578092132233,10.050728653400546,True,True,-0.02174219074429118,0.05072865282375005,82,305000000
straight_aisle,32,4.0,10.0,3.9999999999575144,10.000000000576796,3.9782578092132233,10.050728653400546,True,True,-0.02174219074429118,0.05072865282375005,82,370000000
straight_aisle,32,4.0,10.0,3.9999999999575144,10.000000000576796,3.9782578092132233,10.050728653400546,True,True,-0.02174219074429118,0.05072865282375005,82,505000000
straight_aisle,32,4.0,10.0,3.9999999999575144,10.000000000576796,3.9782578092132233,10.050728653400546,True,True,-0.02174219074429118,0.05072865282375005,82,570000000
straight_aisle,32,4.0,10.0,3.9999999999575144,10.000000000576796,3.9782578092132233,10.050728653400546,True,True,-0.02174219074429118,0.05072865282375005,82,635000000
straight_aisle,32,4.0,10.0,3.9999999999575144,10.000000000576796,3.9782578092132233,10.050728653400546,True,True,-0.02174219074429118,0.05072865282375005,82,700000000
straight_aisle,32,4.0,10.0,3.9999999999575144,10.000000000576796,3.9782578092132233,10.050728653400546,True,True,-0.02174219074429118,0.05072865282375005,82,765000000
straight_aisle,32,4.0,10.0,3.9999999999575144,10.000000000576796,3.9782578092132233,10.050728653400546,True,True,-0.02174219074429118,0.05072865282375005,82,835000000
straight_aisle,32,4.0,10.0,3.9999999999575144,10.000000000576796,3.9782578092132233,10.050728653400546,True,True,-0.02174219074429118,0.05072865282375005,82,900000000
straight_aisle,32,4.0,10.0,3.9999999999575144,10.000000000576796,3.9782578092132233,10.050728653400546,True,True,-0.02174219074429118,0.05072865282375005,82,965000000
straight_aisle,32,4.0,10.0,3.9999999999575144,10.000000000576796,3.9782578092132233,10.050728653400546,True,True,-0.02174219074429118,0.05072865282375005,83,30000000
straight_aisle,32,4.0,10.0,3.9999999999575144,10.000000000576796,3.9782578092132233,10.050728653400546,True,True,-0.02174219074429118,0.05072865282375005,83,95000000
straight_aisle,32,4.0,10.0,3.9999999999575144,10.000000000576796,3.9782578092132233,10.050728653400546,True,True,-0.02174219074429118,0.05072865282375005,83,230000000
straight_aisle,32,4.0,10.0,3.9999999999575144,10.000000000576796,3.9782578092132233,10.050728653400546,True,True,-0.02174219074429118,0.05072865282375005,83,295000000
straight_aisle,32,4.0,10.0,3.9999999999575144,10.000000000576796,3.9782578092132233,10.050728653400546,True,True,-0.02174219074429118,0.05072865282375005,83,360000000
straight_aisle,32,4.0,10.0,3.9999999999575144,10.000000000576796,3.9782578092132233,10.050728653400546,True,True,-0.02174219074429118,0.05072865282375005,83,425000000
straight_aisle,32,4.0,10.0,3.9999999999575144,10.000000000576796,3.9782578092132233,10.050728653400546,True,True,-0.02174219074429118,0.05072865282375005,83,495000000
straight_aisle,33,4.0,20.0,3.9999999997615077,19.999999996629636,3.979577649442898,20.01803452002067,True,True,-0.020422350318609617,0.01803452339103373,83,955000000
straight_aisle,33,4.0,20.0,3.9999999997615077,19.999999996629636,3.979577649442898,20.01803452002067,True,True,-0.020422350318609617,0.01803452339103373,84,20000000
straight_aisle,33,4.0,20.0,3.9999999997615077,19.999999996629636,3.979577649442898,20.01803452002067,True,True,-0.020422350318609617,0.01803452339103373,84,85000000
straight_aisle,33,4.0,20.0,3.9999999997615077,19.999999996629636,3.979577649442898,20.01803452002067,True,True,-0.020422350318609617,0.01803452339103373,84,155000000
straight_aisle,33,4.0,20.0,3.9999999997615077,19.999999996629636,3.979577649442898,20.01803452002067,True,True,-0.020422350318609617,0.01803452339103373,84,220000000
straight_aisle,33,4.0,20.0,3.9999999997615077,19.999999996629636,3.979577649442898,20.01803452002067,True,True,-0.020422350318609617,0.01803452339103373,84,285000000
straight_aisle,33,4.0,20.0,3.9999999997615077,19.999999996629636,3.979577649442898,20.01803452002067,True,True,-0.020422350318609617,0.01803452339103373,84,415000000
straight_aisle,33,4.0,20.0,3.9999999997615077,19.999999996629636,3.979577649442898,20.01803452002067,True,True,-0.020422350318609617,0.01803452339103373,84,485000000
straight_aisle,33,4.0,20.0,3.9999999997615077,19.999999996629636,3.979577649442898,20.01803452002067,True,True,-0.020422350318609617,0.01803452339103373,84,550000000
straight_aisle,33,4.0,20.0,3.9999999997615077,19.999999996629636,3.979577649442898,20.01803452002067,True,True,-0.020422350318609617,0.01803452339103373,84,615000000
straight_aisle,33,4.0,20.0,3.9999999997615077,19.999999996629636,3.979577649442898,20.01803452002067,True,True,-0.020422350318609617,0.01803452339103373,84,680000000
straight_aisle,33,4.0,20.0,3.9999999997615077,19.999999996629636,3.979577649442898,20.01803452002067,True,True,-0.020422350318609617,0.01803452339103373,84,745000000
straight_aisle,33,4.0,20.0,3.9999999997615077,19.999999996629636,3.979577649442898,20.01803452002067,True,True,-0.020422350318609617,0.01803452339103373,84,815000000
straight_aisle,33,4.0,20.0,3.9999999997615077,19.999999996629636,3.979577649442898,20.01803452002067,True,True,-0.020422350318609617,0.01803452339103373,84,880000000
straight_aisle,33,4.0,20.0,3.9999999997615077,19.999999996629636,3.979577649442898,20.01803452002067,True,True,-0.020422350318609617,0.01803452339103373,84,945000000
straight_aisle,33,4.0,20.0,3.9999999997615077,19.999999996629636,3.979577649442898,20.01803452002067,True,True,-0.020422350318609617,0.01803452339103373,85,10000000
straight_aisle,33,4.0,20.0,3.9999999997615077,19.999999996629636,3.979577649442898,20.01803452002067,True,True,-0.020422350318609617,0.01803452339103373,85,75000000
straight_aisle,33,4.0,20.0,3.9999999997615077,19.999999996629636,3.979577649442898,20.01803452002067,True,True,-0.020422350318609617,0.01803452339103373,85,145000000
straight_aisle,33,4.0,20.0,3.9999999997615077,19.999999996629636,3.979577649442898,20.01803452002067,True,True,-0.020422350318609617,0.01803452339103373,85,275000000
straight_aisle,33,4.0,20.0,3.9999999997615077,19.999999996629636,3.979577649442898,20.01803452002067,True,True,-0.020422350318609617,0.01803452339103373,85,340000000
straight_aisle,33,4.0,20.0,3.9999999997615077,19.999999996629636,3.979577649442898,20.01803452002067,True,True,-0.020422350318609617,0.01803452339103373,85,405000000
straight_aisle,33,4.0,20.0,3.9999999997615077,19.999999996629636,3.979577649442898,20.01803452002067,True,True,-0.020422350318609617,0.01803452339103373,85,475000000
straight_aisle,33,4.0,20.0,3.9999999997615077,19.999999996629636,3.979577649442898,20.01803452002067,True,True,-0.020422350318609617,0.01803452339103373,85,540000000
straight_aisle,33,4.0,20.0,3.9999999997615077,19.999999996629636,3.979577649442898,20.01803452002067,True,True,-0.020422350318609617,0.01803452339103373,85,605000000
straight_aisle,33,4.0,20.0,3.9999999997615077,19.999999996629636,3.979577649442898,20.01803452002067,True,True,-0.020422350318609617,0.01803452339103373,85,670000000
straight_aisle,33,4.0,20.0,3.9999999997615077,19.999999996629636,3.979577649442898,20.01803452002067,True,True,-0.020422350318609617,0.01803452339103373,85,735000000
straight_aisle,33,4.0,20.0,3.9999999997615077,19.999999996629636,3.979577649442898,20.01803452002067,True,True,-0.020422350318609617,0.01803452339103373,85,805000000
straight_aisle,33,4.0,20.0,3.9999999997615077,19.999999996629636,3.979577649442898,20.01803452002067,True,True,-0.020422350318609617,0.01803452339103373,85,870000000
straight_aisle,33,4.0,20.0,3.9999999997615077,19.999999996629636,3.979577649442898,20.01803452002067,True,True,-0.020422350318609617,0.01803452339103373,85,935000000
straight_aisle,33,4.0,20.0,3.9999999997615077,19.999999996629636,3.979577649442898,20.01803452002067,True,True,-0.020422350318609617,0.01803452339103373,86,0
straight_aisle,34,4.0,30.0,3.9999999998807008,30.0000000009866,3.8749440008690246,27.80464510405107,True,False,-0.1250559990116762,-2.1953548969355303,86,395000000
straight_aisle,34,4.0,30.0,3.9999999998807008,30.0000000009866,3.8749440008690246,27.80464510405107,True,False,-0.1250559990116762,-2.1953548969355303,86,465000000
straight_aisle,34,4.0,30.0,3.9999999998807008,30.0000000009866,3.8749440008690246,27.80464510405107,True,False,-0.1250559990116762,-2.1953548969355303,86,530000000
straight_aisle,34,4.0,30.0,3.9999999998807008,30.0000000009866,3.8749440008690246,27.80464510405107,True,False,-0.1250559990116762,-2.1953548969355303,86,595000000
straight_aisle,34,4.0,30.0,3.9999999998807008,30.0000000009866,3.8749440008690246,27.80464510405107,True,False,-0.1250559990116762,-2.1953548969355303,86,660000000
straight_aisle,34,4.0,30.0,3.9999999998807008,30.0000000009866,3.8749440008690246,27.80464510405107,True,False,-0.1250559990116762,-2.1953548969355303,86,725000000
straight_aisle,34,4.0,30.0,3.9999999998807008,30.0000000009866,3.8749440008690246,27.80464510405107,True,False,-0.1250559990116762,-2.1953548969355303,86,795000000
straight_aisle,34,4.0,30.0,3.9999999998807008,30.0000000009866,3.8749440008690246,27.80464510405107,True,False,-0.1250559990116762,-2.1953548969355303,86,860000000
straight_aisle,34,4.0,30.0,3.9999999998807008,30.0000000009866,3.8749440008690246,27.80464510405107,True,False,-0.1250559990116762,-2.1953548969355303,86,925000000
straight_aisle,34,4.0,30.0,3.9999999998807008,30.0000000009866,3.8749440008690246,27.80464510405107,True,False,-0.1250559990116762,-2.1953548969355303,86,990000000
straight_aisle,34,4.0,30.0,3.9999999998807008,30.0000000009866,3.8749440008690246,27.80464510405107,True,False,-0.1250559990116762,-2.1953548969355303,87,55000000
straight_aisle,34,4.0,30.0,3.9999999998807008,30.0000000009866,3.8749440008690246,27.80464510405107,True,False,-0.1250559990116762,-2.1953548969355303,87,125000000
straight_aisle,34,4.0,30.0,3.9999999998807008,30.0000000009866,3.8749440008690246,27.80464510405107,True,False,-0.1250559990116762,-2.1953548969355303,87,190000000
straight_aisle,34,4.0,30.0,3.9999999998807008,30.0000000009866,3.8749440008690246,27.80464510405107,True,False,-0.1250559990116762,-2.1953548969355303,87,255000000
straight_aisle,34,4.0,30.0,3.9999999998807008,30.0000000009866,3.8749440008690246,27.80464510405107,True,False,-0.1250559990116762,-2.1953548969355303,87,320000000
straight_aisle,34,4.0,30.0,3.9999999998807008,30.0000000009866,3.8749440008690246,27.80464510405107,True,False,-0.1250559990116762,-2.1953548969355303,87,385000000
straight_aisle,34,4.0,30.0,3.9999999998807008,30.0000000009866,3.8749440008690246,27.80464510405107,True,False,-0.1250559990116762,-2.1953548969355303,87,520000000
straight_aisle,34,4.0,30.0,3.9999999998807008,30.0000000009866,3.8749440008690246,27.80464510405107,True,False,-0.1250559990116762,-2.1953548969355303,87,585000000
straight_aisle,34,4.0,30.0,3.9999999998807008,30.0000000009866,3.8749440008690246,27.80464510405107,True,False,-0.1250559990116762,-2.1953548969355303,87,650000000
straight_aisle,34,4.0,30.0,3.9999999998807008,30.0000000009866,3.8749440008690246,27.80464510405107,True,False,-0.1250559990116762,-2.1953548969355303,87,715000000
straight_aisle,34,4.0,30.0,3.9999999998807008,30.0000000009866,3.8749440008690246,27.80464510405107,True,False,-0.1250559990116762,-2.1953548969355303,87,785000000
straight_aisle,34,4.0,30.0,3.9999999998807008,30.0000000009866,3.8749440008690246,27.80464510405107,True,False,-0.1250559990116762,-2.1953548969355303,87,850000000
straight_aisle,34,4.0,30.0,3.9999999998807008,30.0000000009866,3.8749440008690246,27.80464510405107,True,False,-0.1250559990116762,-2.1953548969355303,87,980000000
straight_aisle,34,4.0,30.0,3.9999999998807008,30.0000000009866,3.8749440008690246,27.80464510405107,True,False,-0.1250559990116762,-2.1953548969355303,88,45000000
straight_aisle,34,4.0,30.0,3.9999999998807008,30.0000000009866,3.8749440008690246,27.80464510405107,True,False,-0.1250559990116762,-2.1953548969355303,88,115000000
straight_aisle,34,4.0,30.0,3.9999999998807008,30.0000000009866,3.8749440008690246,27.80464510405107,True,False,-0.1250559990116762,-2.1953548969355303,88,180000000
straight_aisle,34,4.0,30.0,3.9999999998807008,30.0000000009866,3.8749440008690246,27.80464510405107,True,False,-0.1250559990116762,-2.1953548969355303,88,245000000
straight_aisle,34,4.0,30.0,3.9999999998807008,30.0000000009866,3.8749440008690246,27.80464510405107,True,False,-0.1250559990116762,-2.1953548969355303,88,310000000
straight_aisle,34,4.0,30.0,3.9999999998807008,30.0000000009866,3.8749440008690246,27.80464510405107,True,False,-0.1250559990116762,-2.1953548969355303,88,375000000
straight_aisle,34,4.0,30.0,3.9999999998807008,30.0000000009866,3.8749440008690246,27.80464510405107,True,False,-0.1250559990116762,-2.1953548969355303,88,445000000
straight_aisle,35,5.0,-30.0,5.0000000000673825,-29.999999999554205,,,False,False,,,88,970000000
straight_aisle,35,5.0,-30.0,5.0000000000673825,-29.999999999554205,,,False,False,,,89,35000000
straight_aisle,35,5.0,-30.0,5.0000000000673825,-29.999999999554205,,,False,False,,,89,105000000
straight_aisle,35,5.0,-30.0,5.0000000000673825,-29.999999999554205,,,False,False,,,89,170000000
straight_aisle,35,5.0,-30.0,5.0000000000673825,-29.999999999554205,,,False,False,,,89,235000000
straight_aisle,35,5.0,-30.0,5.0000000000673825,-29.999999999554205,,,False,False,,,89,300000000
straight_aisle,35,5.0,-30.0,5.0000000000673825,-29.999999999554205,,,False,False,,,89,435000000
straight_aisle,35,5.0,-30.0,5.0000000000673825,-29.999999999554205,,,False,False,,,89,500000000
straight_aisle,35,5.0,-30.0,5.0000000000673825,-29.999999999554205,,,False,False,,,89,565000000
straight_aisle,35,5.0,-30.0,5.0000000000673825,-29.999999999554205,,,False,False,,,89,630000000
straight_aisle,35,5.0,-30.0,5.0000000000673825,-29.999999999554205,,,False,False,,,89,695000000
straight_aisle,35,5.0,-30.0,5.0000000000673825,-29.999999999554205,,,False,False,,,89,765000000
straight_aisle,35,5.0,-30.0,5.0000000000673825,-29.999999999554205,,,False,False,,,89,830000000
straight_aisle,35,5.0,-30.0,5.0000000000673825,-29.999999999554205,,,False,False,,,89,895000000
straight_aisle,35,5.0,-30.0,5.0000000000673825,-29.999999999554205,,,False,False,,,89,960000000
straight_aisle,35,5.0,-30.0,5.0000000000673825,-29.999999999554205,,,False,False,,,90,25000000
straight_aisle,35,5.0,-30.0,5.0000000000673825,-29.999999999554205,,,False,False,,,90,95000000
straight_aisle,35,5.0,-30.0,5.0000000000673825,-29.999999999554205,,,False,False,,,90,160000000
straight_aisle,35,5.0,-30.0,5.0000000000673825,-29.999999999554205,,,False,False,,,90,225000000
straight_aisle,35,5.0,-30.0,5.0000000000673825,-29.999999999554205,,,False,False,,,90,290000000
straight_aisle,35,5.0,-30.0,5.0000000000673825,-29.999999999554205,,,False,False,,,90,355000000
straight_aisle,35,5.0,-30.0,5.0000000000673825,-29.999999999554205,,,False,False,,,90,425000000
straight_aisle,35,5.0,-30.0,5.0000000000673825,-29.999999999554205,,,False,False,,,90,490000000
straight_aisle,35,5.0,-30.0,5.0000000000673825,-29.999999999554205,,,False,False,,,90,555000000
straight_aisle,35,5.0,-30.0,5.0000000000673825,-29.999999999554205,,,False,False,,,90,620000000
straight_aisle,35,5.0,-30.0,5.0000000000673825,-29.999999999554205,,,False,False,,,90,685000000
straight_aisle,35,5.0,-30.0,5.0000000000673825,-29.999999999554205,,,False,False,,,90,755000000
straight_aisle,35,5.0,-30.0,5.0000000000673825,-29.999999999554205,,,False,False,,,90,820000000
straight_aisle,35,5.0,-30.0,5.0000000000673825,-29.999999999554205,,,False,False,,,90,885000000
straight_aisle,35,5.0,-30.0,5.0000000000673825,-29.999999999554205,,,False,False,,,90,950000000
straight_aisle,36,5.0,-20.0,5.000000000193323,-20.000000003725884,4.9640528963037,-19.685293914530284,True,False,-0.03594710388962241,0.3147060891955995,91,415000000
straight_aisle,36,5.0,-20.0,5.000000000193323,-20.000000003725884,4.9640528963037,-19.685293914530284,True,False,-0.03594710388962241,0.3147060891955995,91,480000000
straight_aisle,36,5.0,-20.0,5.000000000193323,-20.000000003725884,4.9640528963037,-19.685293914530284,True,False,-0.03594710388962241,0.3147060891955995,91,545000000
straight_aisle,36,5.0,-20.0,5.000000000193323,-20.000000003725884,4.9640528963037,-19.685293914530284,True,False,-0.03594710388962241,0.3147060891955995,91,610000000
straight_aisle,36,5.0,-20.0,5.000000000193323,-20.000000003725884,4.9640528963037,-19.685293914530284,True,False,-0.03594710388962241,0.3147060891955995,91,675000000
straight_aisle,36,5.0,-20.0,5.000000000193323,-20.000000003725884,4.9640528963037,-19.685293914530284,True,False,-0.03594710388962241,0.3147060891955995,91,745000000
straight_aisle,36,5.0,-20.0,5.000000000193323,-20.000000003725884,4.9640528963037,-19.685293914530284,True,False,-0.03594710388962241,0.3147060891955995,91,875000000
straight_aisle,36,5.0,-20.0,5.000000000193323,-20.000000003725884,4.9640528963037,-19.685293914530284,True,False,-0.03594710388962241,0.3147060891955995,91,940000000
straight_aisle,36,5.0,-20.0,5.000000000193323,-20.000000003725884,4.9640528963037,-19.685293914530284,True,False,-0.03594710388962241,0.3147060891955995,92,5000000
straight_aisle,36,5.0,-20.0,5.000000000193323,-20.000000003725884,4.9640528963037,-19.685293914530284,True,False,-0.03594710388962241,0.3147060891955995,92,75000000
straight_aisle,36,5.0,-20.0,5.000000000193323,-20.000000003725884,4.9640528963037,-19.685293914530284,True,False,-0.03594710388962241,0.3147060891955995,92,140000000
straight_aisle,36,5.0,-20.0,5.000000000193323,-20.000000003725884,4.9640528963037,-19.685293914530284,True,False,-0.03594710388962241,0.3147060891955995,92,205000000
straight_aisle,36,5.0,-20.0,5.000000000193323,-20.000000003725884,4.9640528963037,-19.685293914530284,True,False,-0.03594710388962241,0.3147060891955995,92,270000000
straight_aisle,36,5.0,-20.0,5.000000000193323,-20.000000003725884,4.9640528963037,-19.685293914530284,True,False,-0.03594710388962241,0.3147060891955995,92,335000000
straight_aisle,36,5.0,-20.0,5.000000000193323,-20.000000003725884,4.9640528963037,-19.685293914530284,True,False,-0.03594710388962241,0.3147060891955995,92,405000000
straight_aisle,36,5.0,-20.0,5.000000000193323,-20.000000003725884,4.9640528963037,-19.685293914530284,True,False,-0.03594710388962241,0.3147060891955995,92,470000000
straight_aisle,36,5.0,-20.0,5.000000000193323,-20.000000003725884,4.9640528963037,-19.685293914530284,True,False,-0.03594710388962241,0.3147060891955995,92,535000000
straight_aisle,36,5.0,-20.0,5.000000000193323,-20.000000003725884,4.9640528963037,-19.685293914530284,True,False,-0.03594710388962241,0.3147060891955995,92,600000000
straight_aisle,36,5.0,-20.0,5.000000000193323,-20.000000003725884,4.9640528963037,-19.685293914530284,True,False,-0.03594710388962241,0.3147060891955995,92,665000000
straight_aisle,36,5.0,-20.0,5.000000000193323,-20.000000003725884,4.9640528963037,-19.685293914530284,True,False,-0.03594710388962241,0.3147060891955995,92,800000000
straight_aisle,36,5.0,-20.0,5.000000000193323,-20.000000003725884,4.9640528963037,-19.685293914530284,True,False,-0.03594710388962241,0.3147060891955995,92,995000000
straight_aisle,36,5.0,-20.0,5.000000000193323,-20.000000003725884,4.9640528963037,-19.685293914530284,True,False,-0.03594710388962241,0.3147060891955995,93,65000000
straight_aisle,36,5.0,-20.0,5.000000000193323,-20.000000003725884,4.9640528963037,-19.685293914530284,True,False,-0.03594710388962241,0.3147060891955995,93,195000000
straight_aisle,36,5.0,-20.0,5.000000000193323,-20.000000003725884,4.9640528963037,-19.685293914530284,True,False,-0.03594710388962241,0.3147060891955995,93,260000000
straight_aisle,36,5.0,-20.0,5.000000000193323,-20.000000003725884,4.9640528963037,-19.685293914530284,True,False,-0.03594710388962241,0.3147060891955995,93,325000000
straight_aisle,36,5.0,-20.0,5.000000000193323,-20.000000003725884,4.9640528963037,-19.685293914530284,True,False,-0.03594710388962241,0.3147060891955995,93,395000000
straight_aisle,36,5.0,-20.0,5.000000000193323,-20.000000003725884,4.9640528963037,-19.685293914530284,True,False,-0.03594710388962241,0.3147060891955995,93,460000000
straight_aisle,36,5.0,-20.0,5.000000000193323,-20.000000003725884,4.9640528963037,-19.685293914530284,True,False,-0.03594710388962241,0.3147060891955995,93,525000000
straight_aisle,36,5.0,-20.0,5.000000000193323,-20.000000003725884,4.9640528963037,-19.685293914530284,True,False,-0.03594710388962241,0.3147060891955995,93,590000000
straight_aisle,36,5.0,-20.0,5.000000000193323,-20.000000003725884,4.9640528963037,-19.685293914530284,True,False,-0.03594710388962241,0.3147060891955995,93,655000000
straight_aisle,37,5.0,-10.0,4.99999999993387,-9.999999999730417,4.91431847020457,-10.050728653400546,True,True,-0.08568152972929965,-0.05072865367012902,94,185000000
straight_aisle,37,5.0,-10.0,4.99999999993387,-9.999999999730417,4.91431847020457,-10.050728653400546,True,True,-0.08568152972929965,-0.05072865367012902,94,250000000
straight_aisle,37,5.0,-10.0,4.99999999993387,-9.999999999730417,4.91431847020457,-10.050728653400546,True,True,-0.08568152972929965,-0.05072865367012902,94,315000000
straight_aisle,37,5.0,-10.0,4.99999999993387,-9.999999999730417,4.91431847020457,-10.050728653400546,True,True,-0.08568152972929965,-0.05072865367012902,94,385000000
straight_aisle,37,5.0,-10.0,4.99999999993387,-9.999999999730417,4.91431847020457,-10.050728653400546,True,True,-0.08568152972929965,-0.05072865367012902,94,450000000
straight_aisle,37,5.0,-10.0,4.99999999993387,-9.999999999730417,4.91431847020457,-10.050728653400546,True,True,-0.08568152972929965,-0.05072865367012902,94,515000000
straight_aisle,37,5.0,-10.0,4.99999999993387,-9.999999999730417,4.91431847020457,-10.050728653400546,True,True,-0.08568152972929965,-0.05072865367012902,94,580000000
straight_aisle,37,5.0,-10.0,4.99999999993387,-9.999999999730417,4.91431847020457,-10.050728653400546,True,True,-0.08568152972929965,-0.05072865367012902,94,645000000
straight_aisle,37,5.0,-10.0,4.99999999993387,-9.999999999730417,4.91431847020457,-10.050728653400546,True,True,-0.08568152972929965,-0.05072865367012902,94,715000000
straight_aisle,37,5.0,-10.0,4.99999999993387,-9.999999999730417,4.91431847020457,-10.050728653400546,True,True,-0.08568152972929965,-0.05072865367012902,94,780000000
straight_aisle,37,5.0,-10.0,4.99999999993387,-9.999999999730417,4.91431847020457,-10.050728653400546,True,True,-0.08568152972929965,-0.05072865367012902,94,845000000
straight_aisle,37,5.0,-10.0,4.99999999993387,-9.999999999730417,4.91431847020457,-10.050728653400546,True,True,-0.08568152972929965,-0.05072865367012902,94,910000000
straight_aisle,37,5.0,-10.0,4.99999999993387,-9.999999999730417,4.91431847020457,-10.050728653400546,True,True,-0.08568152972929965,-0.05072865367012902,94,975000000
straight_aisle,37,5.0,-10.0,4.99999999993387,-9.999999999730417,4.91431847020457,-10.050728653400546,True,True,-0.08568152972929965,-0.05072865367012902,95,45000000
straight_aisle,37,5.0,-10.0,4.99999999993387,-9.999999999730417,4.91431847020457,-10.050728653400546,True,True,-0.08568152972929965,-0.05072865367012902,95,110000000
straight_aisle,37,5.0,-10.0,4.99999999993387,-9.999999999730417,4.91431847020457,-10.050728653400546,True,True,-0.08568152972929965,-0.05072865367012902,95,175000000
straight_aisle,37,5.0,-10.0,4.99999999993387,-9.999999999730417,4.91431847020457,-10.050728653400546,True,True,-0.08568152972929965,-0.05072865367012902,95,240000000
straight_aisle,37,5.0,-10.0,4.99999999993387,-9.999999999730417,4.91431847020457,-10.050728653400546,True,True,-0.08568152972929965,-0.05072865367012902,95,305000000
straight_aisle,37,5.0,-10.0,4.99999999993387,-9.999999999730417,4.91431847020457,-10.050728653400546,True,True,-0.08568152972929965,-0.05072865367012902,95,375000000
straight_aisle,37,5.0,-10.0,4.99999999993387,-9.999999999730417,4.91431847020457,-10.050728653400546,True,True,-0.08568152972929965,-0.05072865367012902,95,440000000
straight_aisle,37,5.0,-10.0,4.99999999993387,-9.999999999730417,4.91431847020457,-10.050728653400546,True,True,-0.08568152972929965,-0.05072865367012902,95,505000000
straight_aisle,37,5.0,-10.0,4.99999999993387,-9.999999999730417,4.91431847020457,-10.050728653400546,True,True,-0.08568152972929965,-0.05072865367012902,95,570000000
straight_aisle,37,5.0,-10.0,4.99999999993387,-9.999999999730417,4.91431847020457,-10.050728653400546,True,True,-0.08568152972929965,-0.05072865367012902,95,635000000
straight_aisle,37,5.0,-10.0,4.99999999993387,-9.999999999730417,4.91431847020457,-10.050728653400546,True,True,-0.08568152972929965,-0.05072865367012902,95,705000000
straight_aisle,37,5.0,-10.0,4.99999999993387,-9.999999999730417,4.91431847020457,-10.050728653400546,True,True,-0.08568152972929965,-0.05072865367012902,95,770000000
straight_aisle,37,5.0,-10.0,4.99999999993387,-9.999999999730417,4.91431847020457,-10.050728653400546,True,True,-0.08568152972929965,-0.05072865367012902,95,835000000
straight_aisle,37,5.0,-10.0,4.99999999993387,-9.999999999730417,4.91431847020457,-10.050728653400546,True,True,-0.08568152972929965,-0.05072865367012902,95,900000000
straight_aisle,37,5.0,-10.0,4.99999999993387,-9.999999999730417,4.91431847020457,-10.050728653400546,True,True,-0.08568152972929965,-0.05072865367012902,95,965000000
straight_aisle,37,5.0,-10.0,4.99999999993387,-9.999999999730417,4.91431847020457,-10.050728653400546,True,True,-0.08568152972929965,-0.05072865367012902,96,35000000
straight_aisle,37,5.0,-10.0,4.99999999993387,-9.999999999730417,4.91431847020457,-10.050728653400546,True,True,-0.08568152972929965,-0.05072865367012902,96,100000000
straight_aisle,38,5.0,0.0,5.0,0.0,4.955501517349296,0.0,True,True,-0.04449848265070422,0.0,96,560000000
straight_aisle,38,5.0,0.0,5.0,0.0,4.955501517349296,0.0,True,True,-0.04449848265070422,0.0,96,695000000
straight_aisle,38,5.0,0.0,5.0,0.0,4.955501517349296,0.0,True,True,-0.04449848265070422,0.0,96,760000000
straight_aisle,38,5.0,0.0,5.0,0.0,4.955501517349296,0.0,True,True,-0.04449848265070422,0.0,96,890000000
straight_aisle,38,5.0,0.0,5.0,0.0,4.955501517349296,0.0,True,True,-0.04449848265070422,0.0,96,955000000
straight_aisle,38,5.0,0.0,5.0,0.0,4.955501517349296,0.0,True,True,-0.04449848265070422,0.0,97,25000000
straight_aisle,38,5.0,0.0,5.0,0.0,4.955501517349296,0.0,True,True,-0.04449848265070422,0.0,97,90000000
straight_aisle,38,5.0,0.0,5.0,0.0,4.955501517349296,0.0,True,True,-0.04449848265070422,0.0,97,155000000
straight_aisle,38,5.0,0.0,5.0,0.0,4.955501517349296,0.0,True,True,-0.04449848265070422,0.0,97,220000000
straight_aisle,38,5.0,0.0,5.0,0.0,4.955501517349296,0.0,True,True,-0.04449848265070422,0.0,97,285000000
straight_aisle,38,5.0,0.0,5.0,0.0,4.955501517349296,0.0,True,True,-0.04449848265070422,0.0,97,355000000
straight_aisle,38,5.0,0.0,5.0,0.0,4.955501517349296,0.0,True,True,-0.04449848265070422,0.0,97,420000000
straight_aisle,38,5.0,0.0,5.0,0.0,4.955501517349296,0.0,True,True,-0.04449848265070422,0.0,97,485000000
straight_aisle,38,5.0,0.0,5.0,0.0,4.955501517349296,0.0,True,True,-0.04449848265070422,0.0,97,550000000
straight_aisle,38,5.0,0.0,5.0,0.0,4.955501517349296,0.0,True,True,-0.04449848265070422,0.0,97,615000000
straight_aisle,38,5.0,0.0,5.0,0.0,4.955501517349296,0.0,True,True,-0.04449848265070422,0.0,97,685000000
straight_aisle,38,5.0,0.0,5.0,0.0,4.955501517349296,0.0,True,True,-0.04449848265070422,0.0,97,750000000
straight_aisle,38,5.0,0.0,5.0,0.0,4.955501517349296,0.0,True,True,-0.04449848265070422,0.0,97,815000000
straight_aisle,38,5.0,0.0,5.0,0.0,4.955501517349296,0.0,True,True,-0.04449848265070422,0.0,97,880000000
straight_aisle,38,5.0,0.0,5.0,0.0,4.955501517349296,0.0,True,True,-0.04449848265070422,0.0,97,945000000
straight_aisle,38,5.0,0.0,5.0,0.0,4.955501517349296,0.0,True,True,-0.04449848265070422,0.0,98,15000000
straight_aisle,38,5.0,0.0,5.0,0.0,4.955501517349296,0.0,True,True,-0.04449848265070422,0.0,98,80000000
straight_aisle,38,5.0,0.0,5.0,0.0,4.955501517349296,0.0,True,True,-0.04449848265070422,0.0,98,145000000
straight_aisle,38,5.0,0.0,5.0,0.0,4.955501517349296,0.0,True,True,-0.04449848265070422,0.0,98,210000000
straight_aisle,38,5.0,0.0,5.0,0.0,4.955501517349296,0.0,True,True,-0.04449848265070422,0.0,98,275000000
straight_aisle,38,5.0,0.0,5.0,0.0,4.955501517349296,0.0,True,True,-0.04449848265070422,0.0,98,345000000
straight_aisle,38,5.0,0.0,5.0,0.0,4.955501517349296,0.0,True,True,-0.04449848265070422,0.0,98,475000000
straight_aisle,38,5.0,0.0,5.0,0.0,4.955501517349296,0.0,True,True,-0.04449848265070422,0.0,98,540000000
straight_aisle,38,5.0,0.0,5.0,0.0,4.955501517349296,0.0,True,True,-0.04449848265070422,0.0,98,605000000
straight_aisle,38,5.0,0.0,5.0,0.0,4.955501517349296,0.0,True,True,-0.04449848265070422,0.0,98,675000000
straight_aisle,39,5.0,10.0,4.99999999993387,9.999999999730417,5.03273578273962,10.050728653400546,True,True,0.032735782805750624,0.05072865367012902,99,135000000
straight_aisle,39,5.0,10.0,4.99999999993387,9.999999999730417,5.03273578273962,10.050728653400546,True,True,0.032735782805750624,0.05072865367012902,99,200000000
straight_aisle,39,5.0,10.0,4.99999999993387,9.999999999730417,5.03273578273962,10.050728653400546,True,True,0.032735782805750624,0.05072865367012902,99,265000000
straight_aisle,39,5.0,10.0,4.99999999993387,9.999999999730417,5.03273578273962,10.050728653400546,True,True,0.032735782805750624,0.05072865367012902,99,335000000
straight_aisle,39,5.0,10.0,4.99999999993387,9.999999999730417,5.03273578273962,10.050728653400546,True,True,0.032735782805750624,0.05072865367012902,99,400000000
straight_aisle,39,5.0,10.0,4.99999999993387,9.999999999730417,5.03273578273962,10.050728653400546,True,True,0.032735782805750624,0.05072865367012902,99,465000000
straight_aisle,39,5.0,10.0,4.99999999993387,9.999999999730417,5.03273578273962,10.050728653400546,True,True,0.032735782805750624,0.05072865367012902,99,530000000
straight_aisle,39,5.0,10.0,4.99999999993387,9.999999999730417,5.03273578273962,10.050728653400546,True,True,0.032735782805750624,0.05072865367012902,99,595000000
straight_aisle,39,5.0,10.0,4.99999999993387,9.999999999730417,5.03273578273962,10.050728653400546,True,True,0.032735782805750624,0.05072865367012902,99,665000000
straight_aisle,39,5.0,10.0,4.99999999993387,9.999999999730417,5.03273578273962,10.050728653400546,True,True,0.032735782805750624,0.05072865367012902,99,730000000
straight_aisle,39,5.0,10.0,4.99999999993387,9.999999999730417,5.03273578273962,10.050728653400546,True,True,0.032735782805750624,0.05072865367012902,99,795000000
straight_aisle,39,5.0,10.0,4.99999999993387,9.999999999730417,5.03273578273962,10.050728653400546,True,True,0.032735782805750624,0.05072865367012902,99,860000000
straight_aisle,39,5.0,10.0,4.99999999993387,9.999999999730417,5.03273578273962,10.050728653400546,True,True,0.032735782805750624,0.05072865367012902,99,925000000
straight_aisle,39,5.0,10.0,4.99999999993387,9.999999999730417,5.03273578273962,10.050728653400546,True,True,0.032735782805750624,0.05072865367012902,99,995000000
straight_aisle,39,5.0,10.0,4.99999999993387,9.999999999730417,5.03273578273962,10.050728653400546,True,True,0.032735782805750624,0.05072865367012902,100,60000000
straight_aisle,39,5.0,10.0,4.99999999993387,9.999999999730417,5.03273578273962,10.050728653400546,True,True,0.032735782805750624,0.05072865367012902,100,125000000
straight_aisle,39,5.0,10.0,4.99999999993387,9.999999999730417,5.03273578273962,10.050728653400546,True,True,0.032735782805750624,0.05072865367012902,100,190000000
straight_aisle,39,5.0,10.0,4.99999999993387,9.999999999730417,5.03273578273962,10.050728653400546,True,True,0.032735782805750624,0.05072865367012902,100,255000000
straight_aisle,39,5.0,10.0,4.99999999993387,9.999999999730417,5.03273578273962,10.050728653400546,True,True,0.032735782805750624,0.05072865367012902,100,325000000
straight_aisle,39,5.0,10.0,4.99999999993387,9.999999999730417,5.03273578273962,10.050728653400546,True,True,0.032735782805750624,0.05072865367012902,100,390000000
straight_aisle,39,5.0,10.0,4.99999999993387,9.999999999730417,5.03273578273962,10.050728653400546,True,True,0.032735782805750624,0.05072865367012902,100,455000000
straight_aisle,39,5.0,10.0,4.99999999993387,9.999999999730417,5.03273578273962,10.050728653400546,True,True,0.032735782805750624,0.05072865367012902,100,520000000
straight_aisle,39,5.0,10.0,4.99999999993387,9.999999999730417,5.03273578273962,10.050728653400546,True,True,0.032735782805750624,0.05072865367012902,100,585000000
straight_aisle,39,5.0,10.0,4.99999999993387,9.999999999730417,5.03273578273962,10.050728653400546,True,True,0.032735782805750624,0.05072865367012902,100,655000000
straight_aisle,39,5.0,10.0,4.99999999993387,9.999999999730417,5.03273578273962,10.050728653400546,True,True,0.032735782805750624,0.05072865367012902,100,720000000
straight_aisle,39,5.0,10.0,4.99999999993387,9.999999999730417,5.03273578273962,10.050728653400546,True,True,0.032735782805750624,0.05072865367012902,100,785000000
straight_aisle,39,5.0,10.0,4.99999999993387,9.999999999730417,5.03273578273962,10.050728653400546,True,True,0.032735782805750624,0.05072865367012902,100,850000000
straight_aisle,39,5.0,10.0,4.99999999993387,9.999999999730417,5.03273578273962,10.050728653400546,True,True,0.032735782805750624,0.05072865367012902,100,915000000
straight_aisle,39,5.0,10.0,4.99999999993387,9.999999999730417,5.03273578273962,10.050728653400546,True,True,0.032735782805750624,0.05072865367012902,100,985000000
straight_aisle,39,5.0,10.0,4.99999999993387,9.999999999730417,5.03273578273962,10.050728653400546,True,True,0.032735782805750624,0.05072865367012902,101,50000000
straight_aisle,40,5.0,20.0,5.000000000193323,20.000000003725884,4.9640528963037,19.685293914530284,True,False,-0.03594710388962241,-0.3147060891955995,101,445000000
straight_aisle,40,5.0,20.0,5.000000000193323,20.000000003725884,4.9640528963037,19.685293914530284,True,False,-0.03594710388962241,-0.3147060891955995,101,510000000
straight_aisle,40,5.0,20.0,5.000000000193323,20.000000003725884,4.9640528963037,19.685293914530284,True,False,-0.03594710388962241,-0.3147060891955995,101,575000000
straight_aisle,40,5.0,20.0,5.000000000193323,20.000000003725884,4.9640528963037,19.685293914530284,True,False,-0.03594710388962241,-0.3147060891955995,101,645000000
straight_aisle,40,5.0,20.0,5.000000000193323,20.000000003725884,4.9640528963037,19.685293914530284,True,False,-0.03594710388962241,-0.3147060891955995,101,710000000
straight_aisle,40,5.0,20.0,5.000000000193323,20.000000003725884,4.9640528963037,19.685293914530284,True,False,-0.03594710388962241,-0.3147060891955995,101,775000000
straight_aisle,40,5.0,20.0,5.000000000193323,20.000000003725884,4.9640528963037,19.685293914530284,True,False,-0.03594710388962241,-0.3147060891955995,101,840000000
straight_aisle,40,5.0,20.0,5.000000000193323,20.000000003725884,4.9640528963037,19.685293914530284,True,False,-0.03594710388962241,-0.3147060891955995,101,905000000
straight_aisle,40,5.0,20.0,5.000000000193323,20.000000003725884,4.9640528963037,19.685293914530284,True,False,-0.03594710388962241,-0.3147060891955995,101,975000000
straight_aisle,40,5.0,20.0,5.000000000193323,20.000000003725884,4.9640528963037,19.685293914530284,True,False,-0.03594710388962241,-0.3147060891955995,102,40000000
straight_aisle,40,5.0,20.0,5.000000000193323,20.000000003725884,4.9640528963037,19.685293914530284,True,False,-0.03594710388962241,-0.3147060891955995,102,105000000
straight_aisle,40,5.0,20.0,5.000000000193323,20.000000003725884,4.9640528963037,19.685293914530284,True,False,-0.03594710388962241,-0.3147060891955995,102,170000000
straight_aisle,40,5.0,20.0,5.000000000193323,20.000000003725884,4.9640528963037,19.685293914530284,True,False,-0.03594710388962241,-0.3147060891955995,102,235000000
straight_aisle,40,5.0,20.0,5.000000000193323,20.000000003725884,4.9640528963037,19.685293914530284,True,False,-0.03594710388962241,-0.3147060891955995,102,305000000
straight_aisle,40,5.0,20.0,5.000000000193323,20.000000003725884,4.9640528963037,19.685293914530284,True,False,-0.03594710388962241,-0.3147060891955995,102,370000000
straight_aisle,40,5.0,20.0,5.000000000193323,20.000000003725884,4.9640528963037,19.685293914530284,True,False,-0.03594710388962241,-0.3147060891955995,102,435000000
straight_aisle,40,5.0,20.0,5.000000000193323,20.000000003725884,4.9640528963037,19.685293914530284,True,False,-0.03594710388962241,-0.3147060891955995,102,500000000
straight_aisle,40,5.0,20.0,5.000000000193323,20.000000003725884,4.9640528963037,19.685293914530284,True,False,-0.03594710388962241,-0.3147060891955995,102,565000000
straight_aisle,40,5.0,20.0,5.000000000193323,20.000000003725884,4.9640528963037,19.685293914530284,True,False,-0.03594710388962241,-0.3147060891955995,102,635000000
straight_aisle,40,5.0,20.0,5.000000000193323,20.000000003725884,4.9640528963037,19.685293914530284,True,False,-0.03594710388962241,-0.3147060891955995,102,700000000
straight_aisle,40,5.0,20.0,5.000000000193323,20.000000003725884,4.9640528963037,19.685293914530284,True,False,-0.03594710388962241,-0.3147060891955995,102,765000000
straight_aisle,40,5.0,20.0,5.000000000193323,20.000000003725884,4.9640528963037,19.685293914530284,True,False,-0.03594710388962241,-0.3147060891955995,102,830000000
straight_aisle,40,5.0,20.0,5.000000000193323,20.000000003725884,4.9640528963037,19.685293914530284,True,False,-0.03594710388962241,-0.3147060891955995,102,895000000
straight_aisle,40,5.0,20.0,5.000000000193323,20.000000003725884,4.9640528963037,19.685293914530284,True,False,-0.03594710388962241,-0.3147060891955995,102,965000000
straight_aisle,40,5.0,20.0,5.000000000193323,20.000000003725884,4.9640528963037,19.685293914530284,True,False,-0.03594710388962241,-0.3147060891955995,103,30000000
straight_aisle,40,5.0,20.0,5.000000000193323,20.000000003725884,4.9640528963037,19.685293914530284,True,False,-0.03594710388962241,-0.3147060891955995,103,95000000
straight_aisle,40,5.0,20.0,5.000000000193323,20.000000003725884,4.9640528963037,19.685293914530284,True,False,-0.03594710388962241,-0.3147060891955995,103,160000000
straight_aisle,40,5.0,20.0,5.000000000193323,20.000000003725884,4.9640528963037,19.685293914530284,True,False,-0.03594710388962241,-0.3147060891955995,103,295000000
straight_aisle,40,5.0,20.0,5.000000000193323,20.000000003725884,4.9640528963037,19.685293914530284,True,False,-0.03594710388962241,-0.3147060891955995,103,360000000
straight_aisle,40,5.0,20.0,5.000000000193323,20.000000003725884,4.9640528963037,19.685293914530284,True,False,-0.03594710388962241,-0.3147060891955995,103,425000000
straight_aisle,41,5.0,30.0,5.0000000000673825,29.999999999554205,,,False,False,,,103,885000000
straight_aisle,41,5.0,30.0,5.0000000000673825,29.999999999554205,,,False,False,,,103,955000000
straight_aisle,41,5.0,30.0,5.0000000000673825,29.999999999554205,,,False,False,,,104,20000000
straight_aisle,41,5.0,30.0,5.0000000000673825,29.999999999554205,,,False,False,,,104,85000000
straight_aisle,41,5.0,30.0,5.0000000000673825,29.999999999554205,,,False,False,,,104,150000000
straight_aisle,41,5.0,30.0,5.0000000000673825,29.999999999554205,,,False,False,,,104,215000000
straight_aisle,41,5.0,30.0,5.0000000000673825,29.999999999554205,,,False,False,,,104,285000000
straight_aisle,41,5.0,30.0,5.0000000000673825,29.999999999554205,,,False,False,,,104,350000000
straight_aisle,41,5.0,30.0,5.0000000000673825,29.999999999554205,,,False,False,,,104,415000000
straight_aisle,41,5.0,30.0,5.0000000000673825,29.999999999554205,,,False,False,,,104,480000000
straight_aisle,41,5.0,30.0,5.0000000000673825,29.999999999554205,,,False,False,,,104,545000000
straight_aisle,41,5.0,30.0,5.0000000000673825,29.999999999554205,,,False,False,,,104,615000000
straight_aisle,41,5.0,30.0,5.0000000000673825,29.999999999554205,,,False,False,,,104,680000000
straight_aisle,41,5.0,30.0,5.0000000000673825,29.999999999554205,,,False,False,,,104,745000000
straight_aisle,41,5.0,30.0,5.0000000000673825,29.999999999554205,,,False,False,,,104,810000000
straight_aisle,41,5.0,30.0,5.0000000000673825,29.999999999554205,,,False,False,,,104,875000000
straight_aisle,41,5.0,30.0,5.0000000000673825,29.999999999554205,,,False,False,,,105,10000000
straight_aisle,41,5.0,30.0,5.0000000000673825,29.999999999554205,,,False,False,,,105,140000000
straight_aisle,41,5.0,30.0,5.0000000000673825,29.999999999554205,,,False,False,,,105,205000000
straight_aisle,41,5.0,30.0,5.0000000000673825,29.999999999554205,,,False,False,,,105,275000000
straight_aisle,41,5.0,30.0,5.0000000000673825,29.999999999554205,,,False,False,,,105,340000000
straight_aisle,41,5.0,30.0,5.0000000000673825,29.999999999554205,,,False,False,,,105,405000000
straight_aisle,41,5.0,30.0,5.0000000000673825,29.999999999554205,,,False,False,,,105,470000000
straight_aisle,41,5.0,30.0,5.0000000000673825,29.999999999554205,,,False,False,,,105,535000000
straight_aisle,41,5.0,30.0,5.0000000000673825,29.999999999554205,,,False,False,,,105,605000000
straight_aisle,41,5.0,30.0,5.0000000000673825,29.999999999554205,,,False,False,,,105,670000000
straight_aisle,41,5.0,30.0,5.0000000000673825,29.999999999554205,,,False,False,,,105,735000000
straight_aisle,41,5.0,30.0,5.0000000000673825,29.999999999554205,,,False,False,,,105,800000000
straight_aisle,41,5.0,30.0,5.0000000000673825,29.999999999554205,,,False,False,,,105,865000000
straight_aisle,41,5.0,30.0,5.0000000000673825,29.999999999554205,,,False,False,,,105,935000000
